condition,example_id,depth,first_stop,executed_loops,exact_stop,early_stop,late_stop,missing_stop,prediction,target,stop_probability,executor_nominal_correct,stopped_answer_correct,joint_success
controller,validation-000587-c59e46b5e046eac3-steps-1,1,1,1,True,False,False,False,A,A,0.5070164203643799,True,True,True
controller,validation-000587-c59e46b5e046eac3-steps-2,2,4,4,False,False,True,False,G,O,0.5834442377090454,True,False,False
controller,validation-000587-c59e46b5e046eac3-steps-3,3,4,4,False,False,True,False,G,M,0.5776478052139282,True,False,False
controller,validation-000587-c59e46b5e046eac3-steps-4,4,4,4,True,False,False,False,G,G,0.5744750499725342,True,True,True
controller,validation-000587-c59e46b5e046eac3-steps-5,5,4,4,False,True,False,False,G,H,0.5714390873908997,True,False,False
controller,validation-000587-c59e46b5e046eac3-steps-6,6,4,4,False,True,False,False,G,O,0.5694969296455383,True,False,False
controller,validation-000587-c59e46b5e046eac3-steps-7,7,4,4,False,True,False,False,G,M,0.5696333050727844,True,False,False
controller,validation-000587-c59e46b5e046eac3-steps-8,8,4,4,False,True,False,False,G,G,0.5681019425392151,True,True,False
controller,validation-000587-c59e46b5e046eac3-steps-9,9,4,4,False,True,False,False,G,H,0.5684495568275452,True,False,False
controller,validation-000587-c59e46b5e046eac3-steps-10,10,4,4,False,True,False,False,G,O,0.5732370615005493,True,False,False
controller,validation-000587-c59e46b5e046eac3-steps-11,11,4,4,False,True,False,False,G,M,0.5722928047180176,True,False,False
controller,validation-000587-c59e46b5e046eac3-steps-12,12,4,4,False,True,False,False,G,G,0.5706826448440552,True,True,False
controller,validation-000587-c59e46b5e046eac3-steps-13,13,4,4,False,True,False,False,G,H,0.5702455639839172,True,False,False
controller,validation-000587-c59e46b5e046eac3-steps-14,14,4,4,False,True,False,False,G,O,0.5710366368293762,True,False,False
controller,validation-000587-c59e46b5e046eac3-steps-15,15,4,4,False,True,False,False,G,M,0.5699563026428223,True,False,False
controller,validation-000587-c59e46b5e046eac3-steps-16,16,4,4,False,True,False,False,G,G,0.5695587396621704,True,True,False
controller,validation-000539-f76500341b94bd7d-steps-1,1,3,3,False,False,True,False,W,D,0.5500401854515076,True,False,False
controller,validation-000539-f76500341b94bd7d-steps-2,2,3,3,False,False,True,False,W,E,0.5141506791114807,True,False,False
controller,validation-000539-f76500341b94bd7d-steps-3,3,3,3,True,False,False,False,W,W,0.5051695704460144,True,True,True
controller,validation-000539-f76500341b94bd7d-steps-4,4,3,3,False,True,False,False,W,G,0.5003169178962708,True,False,False
controller,validation-000539-f76500341b94bd7d-steps-5,5,4,4,False,True,False,False,G,L,0.6068307161331177,True,False,False
controller,validation-000539-f76500341b94bd7d-steps-6,6,4,4,False,True,False,False,G,A,0.604770302772522,True,False,False
controller,validation-000539-f76500341b94bd7d-steps-7,7,4,4,False,True,False,False,G,Z,0.6050907969474792,True,False,False
controller,validation-000539-f76500341b94bd7d-steps-8,8,4,4,False,True,False,False,G,D,0.6036167740821838,True,False,False
controller,validation-000539-f76500341b94bd7d-steps-9,9,4,4,False,True,False,False,G,E,0.6039944291114807,True,False,False
controller,validation-000539-f76500341b94bd7d-steps-10,10,4,4,False,True,False,False,G,W,0.6081886887550354,True,False,False
controller,validation-000539-f76500341b94bd7d-steps-11,11,4,4,False,True,False,False,G,G,0.6071434617042542,True,True,False
controller,validation-000539-f76500341b94bd7d-steps-12,12,4,4,False,True,False,False,G,L,0.6059218049049377,True,False,False
controller,validation-000539-f76500341b94bd7d-steps-13,13,4,4,False,True,False,False,G,A,0.6051686406135559,True,False,False
controller,validation-000539-f76500341b94bd7d-steps-14,14,4,4,False,True,False,False,G,Z,0.6058501601219177,True,False,False
controller,validation-000539-f76500341b94bd7d-steps-15,15,4,4,False,True,False,False,G,D,0.6050693988800049,True,False,False
controller,validation-000539-f76500341b94bd7d-steps-16,16,4,4,False,True,False,False,G,E,0.6046310067176819,True,False,False
controller,validation-001175-f8bc6d41031bea05-steps-1,1,1,1,True,False,False,False,Z,Z,0.5080234408378601,True,True,True
controller,validation-001175-f8bc6d41031bea05-steps-2,2,4,4,False,False,True,False,E,V,0.5731191635131836,True,False,False
controller,validation-001175-f8bc6d41031bea05-steps-3,3,4,4,False,False,True,False,E,K,0.5674139857292175,True,False,False
controller,validation-001175-f8bc6d41031bea05-steps-4,4,4,4,True,False,False,False,E,E,0.5642684698104858,True,True,True
controller,validation-001175-f8bc6d41031bea05-steps-5,5,4,4,False,True,False,False,E,Q,0.5613017082214355,True,False,False
controller,validation-001175-f8bc6d41031bea05-steps-6,6,4,4,False,True,False,False,E,L,0.5593047142028809,True,False,False
controller,validation-001175-f8bc6d41031bea05-steps-7,7,4,4,False,True,False,False,E,N,0.5597061514854431,True,False,False
controller,validation-001175-f8bc6d41031bea05-steps-8,8,4,4,False,True,False,False,E,H,0.5582981705665588,True,False,False
controller,validation-001175-f8bc6d41031bea05-steps-9,9,4,4,False,True,False,False,E,A,0.5586214065551758,True,False,False
controller,validation-001175-f8bc6d41031bea05-steps-10,10,4,4,False,True,False,False,E,F,0.5632501840591431,True,False,False
controller,validation-001175-f8bc6d41031bea05-steps-11,11,4,4,False,True,False,False,E,S,0.5621148943901062,True,False,False
controller,validation-001175-f8bc6d41031bea05-steps-12,12,4,4,False,True,False,False,E,W,0.5607457756996155,True,False,False
controller,validation-001175-f8bc6d41031bea05-steps-13,13,4,4,False,True,False,False,E,R,0.560167133808136,True,False,False
controller,validation-001175-f8bc6d41031bea05-steps-14,14,4,4,False,True,False,False,E,X,0.56081622838974,True,False,False
controller,validation-001175-f8bc6d41031bea05-steps-15,15,4,4,False,True,False,False,E,B,0.5598906874656677,True,False,False
controller,validation-001175-f8bc6d41031bea05-steps-16,16,4,4,False,True,False,False,E,O,0.5594786405563354,True,False,False
controller,validation-000575-a49455d6ec936787-steps-1,1,3,3,False,False,True,False,S,S,0.5395297408103943,True,True,False
controller,validation-000575-a49455d6ec936787-steps-2,2,3,3,False,False,True,False,S,R,0.5033692717552185,True,False,False
controller,validation-000575-a49455d6ec936787-steps-3,3,4,4,False,False,True,False,R,S,0.5875835418701172,True,False,False
controller,validation-000575-a49455d6ec936787-steps-4,4,4,4,True,False,False,False,R,R,0.5842790603637695,True,True,True
controller,validation-000575-a49455d6ec936787-steps-5,5,4,4,False,True,False,False,R,S,0.5813350677490234,True,False,False
controller,validation-000575-a49455d6ec936787-steps-6,6,4,4,False,True,False,False,R,R,0.5794693231582642,True,True,False
controller,validation-000575-a49455d6ec936787-steps-7,7,4,4,False,True,False,False,R,S,0.5797274112701416,True,False,False
controller,validation-000575-a49455d6ec936787-steps-8,8,4,4,False,True,False,False,R,R,0.5782032012939453,True,True,False
controller,validation-000575-a49455d6ec936787-steps-9,9,4,4,False,True,False,False,R,S,0.5786023139953613,True,False,False
controller,validation-000575-a49455d6ec936787-steps-10,10,4,4,False,True,False,False,R,R,0.5831074118614197,True,True,False
controller,validation-000575-a49455d6ec936787-steps-11,11,4,4,False,True,False,False,R,S,0.5820757746696472,True,False,False
controller,validation-000575-a49455d6ec936787-steps-12,12,4,4,False,True,False,False,R,R,0.5808959007263184,True,True,False
controller,validation-000575-a49455d6ec936787-steps-13,13,4,4,False,True,False,False,R,S,0.5802438259124756,True,False,False
controller,validation-000575-a49455d6ec936787-steps-14,14,4,4,False,True,False,False,R,R,0.5809318423271179,True,True,False
controller,validation-000575-a49455d6ec936787-steps-15,15,4,4,False,True,False,False,R,S,0.5800372362136841,True,False,False
controller,validation-000575-a49455d6ec936787-steps-16,16,4,4,False,True,False,False,R,R,0.5796281695365906,True,True,False
controller,validation-000527-c77e9440688603e4-steps-1,1,3,3,False,False,True,False,T,T,0.5185620188713074,True,True,False
controller,validation-000527-c77e9440688603e4-steps-2,2,4,4,False,False,True,False,J,J,0.5486463308334351,True,True,False
controller,validation-000527-c77e9440688603e4-steps-3,3,4,4,False,False,True,False,J,T,0.5427771806716919,True,False,False
controller,validation-000527-c77e9440688603e4-steps-4,4,4,4,True,False,False,False,J,J,0.5395450592041016,True,True,True
controller,validation-000527-c77e9440688603e4-steps-5,5,4,4,False,True,False,False,J,T,0.536467969417572,True,False,False
controller,validation-000527-c77e9440688603e4-steps-6,6,4,4,False,True,False,False,J,J,0.5344017148017883,True,True,False
controller,validation-000527-c77e9440688603e4-steps-7,7,4,4,False,True,False,False,J,T,0.5347352623939514,True,False,False
controller,validation-000527-c77e9440688603e4-steps-8,8,4,4,False,True,False,False,J,J,0.5333874821662903,True,True,False
controller,validation-000527-c77e9440688603e4-steps-9,9,4,4,False,True,False,False,J,T,0.5338626503944397,True,False,False
controller,validation-000527-c77e9440688603e4-steps-10,10,4,4,False,True,False,False,J,J,0.5377765893936157,True,True,False
controller,validation-000527-c77e9440688603e4-steps-11,11,4,4,False,True,False,False,J,T,0.5368861556053162,True,False,False
controller,validation-000527-c77e9440688603e4-steps-12,12,4,4,False,True,False,False,J,J,0.5354945063591003,True,True,False
controller,validation-000527-c77e9440688603e4-steps-13,13,4,4,False,True,False,False,J,T,0.5348986983299255,True,False,False
controller,validation-000527-c77e9440688603e4-steps-14,14,4,4,False,True,False,False,J,J,0.5354535579681396,True,True,False
controller,validation-000527-c77e9440688603e4-steps-15,15,4,4,False,True,False,False,J,T,0.5345640182495117,True,False,False
controller,validation-000527-c77e9440688603e4-steps-16,16,4,4,False,True,False,False,J,J,0.5342739820480347,True,True,False
controller,validation-001343-3eae56d6e9ed6519-steps-1,1,3,3,False,False,True,False,T,Q,0.5173413157463074,True,False,False
controller,validation-001343-3eae56d6e9ed6519-steps-2,2,4,4,False,False,True,False,D,D,0.5860989689826965,True,True,False
controller,validation-001343-3eae56d6e9ed6519-steps-3,3,4,4,False,False,True,False,D,T,0.5805096626281738,True,False,False
controller,validation-001343-3eae56d6e9ed6519-steps-4,4,4,4,True,False,False,False,D,D,0.5772637724876404,True,True,True
controller,validation-001343-3eae56d6e9ed6519-steps-5,5,4,4,False,True,False,False,D,T,0.574469268321991,True,False,False
controller,validation-001343-3eae56d6e9ed6519-steps-6,6,4,4,False,True,False,False,D,D,0.5724631547927856,True,True,False
controller,validation-001343-3eae56d6e9ed6519-steps-7,7,4,4,False,True,False,False,D,T,0.572716474533081,True,False,False
controller,validation-001343-3eae56d6e9ed6519-steps-8,8,4,4,False,True,False,False,D,D,0.5711606740951538,True,True,False
controller,validation-001343-3eae56d6e9ed6519-steps-9,9,4,4,False,True,False,False,D,T,0.5715625882148743,True,False,False
controller,validation-001343-3eae56d6e9ed6519-steps-10,10,4,4,False,True,False,False,D,D,0.5753830075263977,True,True,False
controller,validation-001343-3eae56d6e9ed6519-steps-11,11,4,4,False,True,False,False,D,T,0.574287474155426,True,False,False
controller,validation-001343-3eae56d6e9ed6519-steps-12,12,4,4,False,True,False,False,D,D,0.5729816555976868,True,True,False
controller,validation-001343-3eae56d6e9ed6519-steps-13,13,4,4,False,True,False,False,D,T,0.572297990322113,True,False,False
controller,validation-001343-3eae56d6e9ed6519-steps-14,14,4,4,False,True,False,False,D,D,0.5728133320808411,True,True,False
controller,validation-001343-3eae56d6e9ed6519-steps-15,15,4,4,False,True,False,False,D,T,0.5720528960227966,True,False,False
controller,validation-001343-3eae56d6e9ed6519-steps-16,16,4,4,False,True,False,False,D,D,0.5716795921325684,True,True,False
controller,validation-001523-3296e447ce252ee9-steps-1,1,3,3,False,False,True,False,S,Y,0.5420312285423279,True,False,False
controller,validation-001523-3296e447ce252ee9-steps-2,2,3,3,False,False,True,False,S,C,0.506417453289032,True,False,False
controller,validation-001523-3296e447ce252ee9-steps-3,3,4,4,False,False,True,False,P,S,0.5700097680091858,True,False,False
controller,validation-001523-3296e447ce252ee9-steps-4,4,4,4,True,False,False,False,P,P,0.5668569803237915,True,True,True
controller,validation-001523-3296e447ce252ee9-steps-5,5,4,4,False,True,False,False,P,X,0.5637459754943848,True,False,False
controller,validation-001523-3296e447ce252ee9-steps-6,6,4,4,False,True,False,False,P,D,0.561744213104248,True,False,False
controller,validation-001523-3296e447ce252ee9-steps-7,7,4,4,False,True,False,False,P,B,0.561945378780365,True,False,False
controller,validation-001523-3296e447ce252ee9-steps-8,8,4,4,False,True,False,False,P,H,0.5606019496917725,True,False,False
controller,validation-001523-3296e447ce252ee9-steps-9,9,4,4,False,True,False,False,P,I,0.5606061220169067,True,False,False
controller,validation-001523-3296e447ce252ee9-steps-10,10,4,4,False,True,False,False,P,Z,0.5658612251281738,True,False,False
controller,validation-001523-3296e447ce252ee9-steps-11,11,4,4,False,True,False,False,P,O,0.5646483302116394,True,False,False
controller,validation-001523-3296e447ce252ee9-steps-12,12,4,4,False,True,False,False,P,K,0.5633981823921204,True,False,False
controller,validation-001523-3296e447ce252ee9-steps-13,13,4,4,False,True,False,False,P,K,0.5628572106361389,True,False,False
controller,validation-001523-3296e447ce252ee9-steps-14,14,4,4,False,True,False,False,P,K,0.5635830163955688,True,False,False
controller,validation-001523-3296e447ce252ee9-steps-15,15,4,4,False,True,False,False,P,K,0.5625689625740051,True,False,False
controller,validation-001523-3296e447ce252ee9-steps-16,16,4,4,False,True,False,False,P,K,0.5622497797012329,True,False,False
controller,validation-000611-46c166ebb1c244ff-steps-1,1,3,3,False,False,True,False,K,J,0.5178472995758057,True,False,False
controller,validation-000611-46c166ebb1c244ff-steps-2,2,4,4,False,False,True,False,S,Y,0.5679547786712646,True,False,False
controller,validation-000611-46c166ebb1c244ff-steps-3,3,4,4,False,False,True,False,S,K,0.5622392296791077,True,False,False
controller,validation-000611-46c166ebb1c244ff-steps-4,4,4,4,True,False,False,False,S,S,0.5591937899589539,True,True,True
controller,validation-000611-46c166ebb1c244ff-steps-5,5,4,4,False,True,False,False,S,O,0.5560991764068604,True,False,False
controller,validation-000611-46c166ebb1c244ff-steps-6,6,4,4,False,True,False,False,S,E,0.5542364716529846,True,False,False
controller,validation-000611-46c166ebb1c244ff-steps-7,7,4,4,False,True,False,False,S,G,0.5543893575668335,True,False,False
controller,validation-000611-46c166ebb1c244ff-steps-8,8,4,4,False,True,False,False,S,U,0.5531721115112305,True,False,False
controller,validation-000611-46c166ebb1c244ff-steps-9,9,4,4,False,True,False,False,S,N,0.5534324645996094,True,False,False
controller,validation-000611-46c166ebb1c244ff-steps-10,10,4,4,False,True,False,False,S,H,0.558046817779541,True,False,False
controller,validation-000611-46c166ebb1c244ff-steps-11,11,4,4,False,True,False,False,S,T,0.5568614602088928,True,False,False
controller,validation-000611-46c166ebb1c244ff-steps-12,12,4,4,False,True,False,False,S,F,0.5557106137275696,True,False,False
controller,validation-000611-46c166ebb1c244ff-steps-13,13,4,4,False,True,False,False,S,Q,0.5549495816230774,True,False,False
controller,validation-000611-46c166ebb1c244ff-steps-14,14,4,4,False,True,False,False,S,B,0.5557225942611694,True,False,False
controller,validation-000611-46c166ebb1c244ff-steps-15,15,4,4,False,True,False,False,S,P,0.5549364686012268,True,False,False
controller,validation-000611-46c166ebb1c244ff-steps-16,16,4,4,False,True,False,False,S,A,0.5546340346336365,True,False,False
controller,validation-000083-1a1c162c8a716f0f-steps-1,1,3,3,False,False,True,False,D,L,0.5357547998428345,True,False,False
controller,validation-000083-1a1c162c8a716f0f-steps-2,2,3,3,False,False,True,False,D,C,0.5007519125938416,True,False,False
controller,validation-000083-1a1c162c8a716f0f-steps-3,3,4,4,False,False,True,False,Q,D,0.554559588432312,True,False,False
controller,validation-000083-1a1c162c8a716f0f-steps-4,4,4,4,True,False,False,False,Q,Q,0.5515213012695312,True,True,True
controller,validation-000083-1a1c162c8a716f0f-steps-5,5,4,4,False,True,False,False,Q,S,0.5487373471260071,True,False,False
controller,validation-000083-1a1c162c8a716f0f-steps-6,6,4,4,False,True,False,False,Q,N,0.5465563535690308,True,False,False
controller,validation-000083-1a1c162c8a716f0f-steps-7,7,4,4,False,True,False,False,Q,V,0.5468476414680481,True,False,False
controller,validation-000083-1a1c162c8a716f0f-steps-8,8,4,4,False,True,False,False,Q,B,0.545438826084137,True,False,False
controller,validation-000083-1a1c162c8a716f0f-steps-9,9,4,4,False,True,False,False,Q,E,0.5455875992774963,True,False,False
controller,validation-000083-1a1c162c8a716f0f-steps-10,10,4,4,False,True,False,False,Q,Z,0.5497262477874756,True,False,False
controller,validation-000083-1a1c162c8a716f0f-steps-11,11,4,4,False,True,False,False,Q,M,0.548484742641449,True,False,False
controller,validation-000083-1a1c162c8a716f0f-steps-12,12,4,4,False,True,False,False,Q,W,0.5474257469177246,True,False,False
controller,validation-000083-1a1c162c8a716f0f-steps-13,13,4,4,False,True,False,False,Q,R,0.5466986894607544,True,False,False
controller,validation-000083-1a1c162c8a716f0f-steps-14,14,4,4,False,True,False,False,Q,K,0.547423779964447,True,False,False
controller,validation-000083-1a1c162c8a716f0f-steps-15,15,4,4,False,True,False,False,Q,A,0.5465818643569946,True,False,False
controller,validation-000083-1a1c162c8a716f0f-steps-16,16,4,4,False,True,False,False,Q,O,0.546228289604187,True,False,False
controller,validation-000359-b92f23fc5463bcf8-steps-1,1,3,3,False,False,True,False,E,O,0.5386388897895813,True,False,False
controller,validation-000359-b92f23fc5463bcf8-steps-2,2,3,3,False,False,True,False,E,J,0.5004538297653198,True,False,False
controller,validation-000359-b92f23fc5463bcf8-steps-3,3,4,4,False,False,True,False,Y,E,0.5907557010650635,True,False,False
controller,validation-000359-b92f23fc5463bcf8-steps-4,4,4,4,True,False,False,False,Y,Y,0.5874167680740356,True,True,True
controller,validation-000359-b92f23fc5463bcf8-steps-5,5,4,4,False,True,False,False,Y,G,0.5841950178146362,True,False,False
controller,validation-000359-b92f23fc5463bcf8-steps-6,6,4,4,False,True,False,False,Y,X,0.5823040008544922,True,False,False
controller,validation-000359-b92f23fc5463bcf8-steps-7,7,4,4,False,True,False,False,Y,T,0.5824606418609619,True,False,False
controller,validation-000359-b92f23fc5463bcf8-steps-8,8,4,4,False,True,False,False,Y,N,0.580901563167572,True,False,False
controller,validation-000359-b92f23fc5463bcf8-steps-9,9,4,4,False,True,False,False,Y,M,0.5813488960266113,True,False,False
controller,validation-000359-b92f23fc5463bcf8-steps-10,10,4,4,False,True,False,False,Y,C,0.5864165425300598,True,False,False
controller,validation-000359-b92f23fc5463bcf8-steps-11,11,4,4,False,True,False,False,Y,O,0.5853161215782166,True,False,False
controller,validation-000359-b92f23fc5463bcf8-steps-12,12,4,4,False,True,False,False,Y,J,0.5839087963104248,True,False,False
controller,validation-000359-b92f23fc5463bcf8-steps-13,13,4,4,False,True,False,False,Y,E,0.5833186507225037,True,False,False
controller,validation-000359-b92f23fc5463bcf8-steps-14,14,4,4,False,True,False,False,Y,Y,0.5840880870819092,True,True,False
controller,validation-000359-b92f23fc5463bcf8-steps-15,15,4,4,False,True,False,False,Y,G,0.5831407308578491,True,False,False
controller,validation-000359-b92f23fc5463bcf8-steps-16,16,4,4,False,True,False,False,Y,X,0.5827392935752869,True,False,False
controller,validation-000323-bdc0809a8b0d79a5-steps-1,1,3,3,False,False,True,False,Q,S,0.5198944211006165,True,False,False
controller,validation-000323-bdc0809a8b0d79a5-steps-2,2,4,4,False,False,True,False,D,X,0.5840694308280945,True,False,False
controller,validation-000323-bdc0809a8b0d79a5-steps-3,3,4,4,False,False,True,False,D,Q,0.578639566898346,True,False,False
controller,validation-000323-bdc0809a8b0d79a5-steps-4,4,4,4,True,False,False,False,D,D,0.5756205916404724,True,True,True
controller,validation-000323-bdc0809a8b0d79a5-steps-5,5,4,4,False,True,False,False,D,P,0.5728598833084106,True,False,False
controller,validation-000323-bdc0809a8b0d79a5-steps-6,6,4,4,False,True,False,False,D,E,0.570992112159729,True,False,False
controller,validation-000323-bdc0809a8b0d79a5-steps-7,7,4,4,False,True,False,False,D,Z,0.571300745010376,True,False,False
controller,validation-000323-bdc0809a8b0d79a5-steps-8,8,4,4,False,True,False,False,D,M,0.5697869658470154,True,False,False
controller,validation-000323-bdc0809a8b0d79a5-steps-9,9,4,4,False,True,False,False,D,A,0.5701884031295776,True,False,False
controller,validation-000323-bdc0809a8b0d79a5-steps-10,10,4,4,False,True,False,False,D,C,0.5747354626655579,True,False,False
controller,validation-000323-bdc0809a8b0d79a5-steps-11,11,4,4,False,True,False,False,D,N,0.5735936760902405,True,False,False
controller,validation-000323-bdc0809a8b0d79a5-steps-12,12,4,4,False,True,False,False,D,T,0.5725188255310059,True,False,False
controller,validation-000323-bdc0809a8b0d79a5-steps-13,13,4,4,False,True,False,False,D,U,0.5717508792877197,True,False,False
controller,validation-000323-bdc0809a8b0d79a5-steps-14,14,4,4,False,True,False,False,D,O,0.5724865198135376,True,False,False
controller,validation-000323-bdc0809a8b0d79a5-steps-15,15,4,4,False,True,False,False,D,W,0.5716765522956848,True,False,False
controller,validation-000323-bdc0809a8b0d79a5-steps-16,16,4,4,False,True,False,False,D,H,0.5712507963180542,True,False,False
controller,validation-000899-75f60bb8180d1a83-steps-1,1,1,1,True,False,False,False,I,I,0.5065823197364807,True,True,True
controller,validation-000899-75f60bb8180d1a83-steps-2,2,3,3,False,False,True,False,V,A,0.5237187147140503,True,False,False
controller,validation-000899-75f60bb8180d1a83-steps-3,3,3,3,True,False,False,False,V,V,0.5148239135742188,True,True,True
controller,validation-000899-75f60bb8180d1a83-steps-4,4,3,3,False,True,False,False,V,Y,0.5098817348480225,True,False,False
controller,validation-000899-75f60bb8180d1a83-steps-5,5,3,3,False,True,False,False,V,G,0.5052143335342407,True,False,False
controller,validation-000899-75f60bb8180d1a83-steps-6,6,3,3,False,True,False,False,V,P,0.5022401213645935,True,False,False
controller,validation-000899-75f60bb8180d1a83-steps-7,7,3,3,False,True,False,False,V,N,0.5026095509529114,True,False,False
controller,validation-000899-75f60bb8180d1a83-steps-8,8,3,3,False,True,False,False,V,F,0.5002880096435547,True,False,False
controller,validation-000899-75f60bb8180d1a83-steps-9,9,3,3,False,True,False,False,V,T,0.5009441375732422,True,False,False
controller,validation-000899-75f60bb8180d1a83-steps-10,10,3,3,False,True,False,False,V,O,0.5094205141067505,True,False,False
controller,validation-000899-75f60bb8180d1a83-steps-11,11,3,3,False,True,False,False,V,Q,0.5078802108764648,True,False,False
controller,validation-000899-75f60bb8180d1a83-steps-12,12,3,3,False,True,False,False,V,U,0.5056684017181396,True,False,False
controller,validation-000899-75f60bb8180d1a83-steps-13,13,3,3,False,True,False,False,V,S,0.5045725703239441,True,False,False
controller,validation-000899-75f60bb8180d1a83-steps-14,14,3,3,False,True,False,False,V,H,0.5056536197662354,True,False,False
controller,validation-000899-75f60bb8180d1a83-steps-15,15,3,3,False,True,False,False,V,K,0.504206120967865,True,False,False
controller,validation-000899-75f60bb8180d1a83-steps-16,16,3,3,False,True,False,False,V,C,0.5034950375556946,True,False,False
controller,validation-000599-2f78e7c2fe9b1ad3-steps-1,1,1,1,True,False,False,False,V,V,0.5049928426742554,True,True,True
controller,validation-000599-2f78e7c2fe9b1ad3-steps-2,2,3,3,False,False,True,False,V,V,0.5303354263305664,True,True,False
controller,validation-000599-2f78e7c2fe9b1ad3-steps-3,3,3,3,True,False,False,False,V,V,0.5211502313613892,True,True,True
controller,validation-000599-2f78e7c2fe9b1ad3-steps-4,4,3,3,False,True,False,False,V,V,0.5161165595054626,True,True,False
controller,validation-000599-2f78e7c2fe9b1ad3-steps-5,5,3,3,False,True,False,False,V,V,0.5110341310501099,True,True,False
controller,validation-000599-2f78e7c2fe9b1ad3-steps-6,6,3,3,False,True,False,False,V,V,0.5083621740341187,True,True,False
controller,validation-000599-2f78e7c2fe9b1ad3-steps-7,7,3,3,False,True,False,False,V,V,0.5088741779327393,True,True,False
controller,validation-000599-2f78e7c2fe9b1ad3-steps-8,8,3,3,False,True,False,False,V,V,0.506382942199707,True,True,False
controller,validation-000599-2f78e7c2fe9b1ad3-steps-9,9,3,3,False,True,False,False,V,V,0.5076156258583069,True,True,False
controller,validation-000599-2f78e7c2fe9b1ad3-steps-10,10,3,3,False,True,False,False,V,V,0.5152789354324341,True,True,False
controller,validation-000599-2f78e7c2fe9b1ad3-steps-11,11,3,3,False,True,False,False,V,V,0.5141828060150146,True,True,False
controller,validation-000599-2f78e7c2fe9b1ad3-steps-12,12,3,3,False,True,False,False,V,V,0.511450469493866,True,True,False
controller,validation-000599-2f78e7c2fe9b1ad3-steps-13,13,3,3,False,True,False,False,V,V,0.5114288330078125,True,True,False
controller,validation-000599-2f78e7c2fe9b1ad3-steps-14,14,3,3,False,True,False,False,V,V,0.5124230980873108,True,True,False
controller,validation-000599-2f78e7c2fe9b1ad3-steps-15,15,3,3,False,True,False,False,V,V,0.510558009147644,True,True,False
controller,validation-000599-2f78e7c2fe9b1ad3-steps-16,16,3,3,False,True,False,False,V,V,0.5097021460533142,True,True,False
controller,validation-001331-08e35c3a1f358a68-steps-1,1,3,3,False,False,True,False,C,L,0.5291873216629028,True,False,False
controller,validation-001331-08e35c3a1f358a68-steps-2,2,4,4,False,False,True,False,Z,P,0.589658260345459,True,False,False
controller,validation-001331-08e35c3a1f358a68-steps-3,3,4,4,False,False,True,False,Z,C,0.5839337706565857,True,False,False
controller,validation-001331-08e35c3a1f358a68-steps-4,4,4,4,True,False,False,False,Z,Z,0.5809212327003479,True,True,True
controller,validation-001331-08e35c3a1f358a68-steps-5,5,4,4,False,True,False,False,Z,U,0.5779621601104736,True,False,False
controller,validation-001331-08e35c3a1f358a68-steps-6,6,4,4,False,True,False,False,Z,N,0.5760647058486938,True,False,False
controller,validation-001331-08e35c3a1f358a68-steps-7,7,4,4,False,True,False,False,Z,L,0.5761684775352478,True,False,False
controller,validation-001331-08e35c3a1f358a68-steps-8,8,4,4,False,True,False,False,Z,P,0.5747718811035156,True,False,False
controller,validation-001331-08e35c3a1f358a68-steps-9,9,4,4,False,True,False,False,Z,C,0.5750166177749634,True,False,False
controller,validation-001331-08e35c3a1f358a68-steps-10,10,4,4,False,True,False,False,Z,Z,0.5795541405677795,True,True,False
controller,validation-001331-08e35c3a1f358a68-steps-11,11,4,4,False,True,False,False,Z,U,0.5785297751426697,True,False,False
controller,validation-001331-08e35c3a1f358a68-steps-12,12,4,4,False,True,False,False,Z,N,0.5774291753768921,True,False,False
controller,validation-001331-08e35c3a1f358a68-steps-13,13,4,4,False,True,False,False,Z,L,0.576809287071228,True,False,False
controller,validation-001331-08e35c3a1f358a68-steps-14,14,4,4,False,True,False,False,Z,P,0.5775417685508728,True,False,False
controller,validation-001331-08e35c3a1f358a68-steps-15,15,4,4,False,True,False,False,Z,C,0.5764738917350769,True,False,False
controller,validation-001331-08e35c3a1f358a68-steps-16,16,4,4,False,True,False,False,Z,Z,0.5762039422988892,True,True,False
controller,validation-000911-5281ea2ec2b634b7-steps-1,1,1,1,True,False,False,False,I,I,0.5100380182266235,True,True,True
controller,validation-000911-5281ea2ec2b634b7-steps-2,2,3,3,False,False,True,False,D,F,0.5281521081924438,True,False,False
controller,validation-000911-5281ea2ec2b634b7-steps-3,3,3,3,True,False,False,False,D,D,0.5192939043045044,True,True,True
controller,validation-000911-5281ea2ec2b634b7-steps-4,4,3,3,False,True,False,False,D,N,0.5143789052963257,True,False,False
controller,validation-000911-5281ea2ec2b634b7-steps-5,5,3,3,False,True,False,False,D,A,0.5097813606262207,True,False,False
controller,validation-000911-5281ea2ec2b634b7-steps-6,6,3,3,False,True,False,False,D,B,0.5068120956420898,True,False,False
controller,validation-000911-5281ea2ec2b634b7-steps-7,7,3,3,False,True,False,False,D,L,0.5072978138923645,True,False,False
controller,validation-000911-5281ea2ec2b634b7-steps-8,8,3,3,False,True,False,False,D,W,0.5049946904182434,True,False,False
controller,validation-000911-5281ea2ec2b634b7-steps-9,9,3,3,False,True,False,False,D,V,0.505862295627594,True,False,False
controller,validation-000911-5281ea2ec2b634b7-steps-10,10,3,3,False,True,False,False,D,U,0.5132842659950256,True,False,False
controller,validation-000911-5281ea2ec2b634b7-steps-11,11,3,3,False,True,False,False,D,X,0.5118376016616821,True,False,False
controller,validation-000911-5281ea2ec2b634b7-steps-12,12,3,3,False,True,False,False,D,R,0.5096362233161926,True,False,False
controller,validation-000911-5281ea2ec2b634b7-steps-13,13,3,3,False,True,False,False,D,M,0.5092998147010803,True,False,False
controller,validation-000911-5281ea2ec2b634b7-steps-14,14,3,3,False,True,False,False,D,Z,0.5102476477622986,True,False,False
controller,validation-000911-5281ea2ec2b634b7-steps-15,15,3,3,False,True,False,False,D,J,0.5086354613304138,True,False,False
controller,validation-000911-5281ea2ec2b634b7-steps-16,16,3,3,False,True,False,False,D,A,0.5079953670501709,True,False,False
controller,validation-000131-f86ab9cea858725f-steps-1,1,3,3,False,False,True,False,T,F,0.5217117071151733,True,False,False
controller,validation-000131-f86ab9cea858725f-steps-2,2,4,4,False,False,True,False,S,V,0.5749188661575317,True,False,False
controller,validation-000131-f86ab9cea858725f-steps-3,3,4,4,False,False,True,False,S,T,0.5690203905105591,True,False,False
controller,validation-000131-f86ab9cea858725f-steps-4,4,4,4,True,False,False,False,S,S,0.5657095909118652,True,True,True
controller,validation-000131-f86ab9cea858725f-steps-5,5,4,4,False,True,False,False,S,E,0.5626569390296936,True,False,False
controller,validation-000131-f86ab9cea858725f-steps-6,6,4,4,False,True,False,False,S,D,0.5604609847068787,True,False,False
controller,validation-000131-f86ab9cea858725f-steps-7,7,4,4,False,True,False,False,S,B,0.5606990456581116,True,False,False
controller,validation-000131-f86ab9cea858725f-steps-8,8,4,4,False,True,False,False,S,J,0.5591694116592407,True,False,False
controller,validation-000131-f86ab9cea858725f-steps-9,9,4,4,False,True,False,False,S,O,0.5595333576202393,True,False,False
controller,validation-000131-f86ab9cea858725f-steps-10,10,4,4,False,True,False,False,S,I,0.5650513172149658,True,False,False
controller,validation-000131-f86ab9cea858725f-steps-11,11,4,4,False,True,False,False,S,R,0.5638960003852844,True,False,False
controller,validation-000131-f86ab9cea858725f-steps-12,12,4,4,False,True,False,False,S,U,0.5624998211860657,True,False,False
controller,validation-000131-f86ab9cea858725f-steps-13,13,4,4,False,True,False,False,S,W,0.5621190667152405,True,False,False
controller,validation-000131-f86ab9cea858725f-steps-14,14,4,4,False,True,False,False,S,G,0.5628086924552917,True,False,False
controller,validation-000131-f86ab9cea858725f-steps-15,15,4,4,False,True,False,False,S,F,0.5617271661758423,True,False,False
controller,validation-000131-f86ab9cea858725f-steps-16,16,4,4,False,True,False,False,S,V,0.5614954233169556,True,False,False
controller,validation-000107-f9696f08ed7f5e0c-steps-1,1,3,3,False,False,True,False,Z,T,0.5518501996994019,True,False,False
controller,validation-000107-f9696f08ed7f5e0c-steps-2,2,3,3,False,False,True,False,Z,W,0.5159361362457275,True,False,False
controller,validation-000107-f9696f08ed7f5e0c-steps-3,3,3,3,True,False,False,False,Z,Z,0.5070229172706604,True,True,True
controller,validation-000107-f9696f08ed7f5e0c-steps-4,4,3,3,False,True,False,False,Z,H,0.5021724700927734,True,False,False
controller,validation-000107-f9696f08ed7f5e0c-steps-5,5,4,4,False,True,False,False,H,V,0.5970746278762817,True,False,False
controller,validation-000107-f9696f08ed7f5e0c-steps-6,6,4,4,False,True,False,False,H,E,0.5951690077781677,True,False,False
controller,validation-000107-f9696f08ed7f5e0c-steps-7,7,4,4,False,True,False,False,H,B,0.5954809188842773,True,False,False
controller,validation-000107-f9696f08ed7f5e0c-steps-8,8,4,4,False,True,False,False,H,O,0.5941135883331299,True,False,False
controller,validation-000107-f9696f08ed7f5e0c-steps-9,9,4,4,False,True,False,False,H,X,0.5943915247917175,True,False,False
controller,validation-000107-f9696f08ed7f5e0c-steps-10,10,3,3,False,True,False,False,Z,J,0.5015907287597656,True,False,False
controller,validation-000107-f9696f08ed7f5e0c-steps-11,11,3,3,False,True,False,False,Z,I,0.500103235244751,True,False,False
controller,validation-000107-f9696f08ed7f5e0c-steps-12,12,4,4,False,True,False,False,H,K,0.596805989742279,True,False,False
controller,validation-000107-f9696f08ed7f5e0c-steps-13,13,4,4,False,True,False,False,H,Y,0.5962565541267395,True,False,False
controller,validation-000107-f9696f08ed7f5e0c-steps-14,14,4,4,False,True,False,False,H,G,0.5969821214675903,True,False,False
controller,validation-000107-f9696f08ed7f5e0c-steps-15,15,4,4,False,True,False,False,H,D,0.5961011052131653,True,False,False
controller,validation-000107-f9696f08ed7f5e0c-steps-16,16,4,4,False,True,False,False,H,S,0.5957992672920227,True,False,False
controller,validation-000155-c11524fc7103abc4-steps-1,1,3,3,False,False,True,False,G,T,0.5503411293029785,True,False,False
controller,validation-000155-c11524fc7103abc4-steps-2,2,3,3,False,False,True,False,G,J,0.5117515325546265,True,False,False
controller,validation-000155-c11524fc7103abc4-steps-3,3,3,3,True,False,False,False,G,G,0.5023831725120544,True,True,True
controller,validation-000155-c11524fc7103abc4-steps-4,4,4,4,True,False,False,False,O,O,0.580790638923645,True,True,True
controller,validation-000155-c11524fc7103abc4-steps-5,5,4,4,False,True,False,False,O,W,0.5778248310089111,True,False,False
controller,validation-000155-c11524fc7103abc4-steps-6,6,4,4,False,True,False,False,O,S,0.5754092931747437,True,False,False
controller,validation-000155-c11524fc7103abc4-steps-7,7,4,4,False,True,False,False,O,M,0.5755959749221802,True,False,False
controller,validation-000155-c11524fc7103abc4-steps-8,8,4,4,False,True,False,False,O,E,0.5741934180259705,True,False,False
controller,validation-000155-c11524fc7103abc4-steps-9,9,4,4,False,True,False,False,O,H,0.574272096157074,True,False,False
controller,validation-000155-c11524fc7103abc4-steps-10,10,4,4,False,True,False,False,O,F,0.5784551501274109,True,False,False
controller,validation-000155-c11524fc7103abc4-steps-11,11,4,4,False,True,False,False,O,Z,0.5774739980697632,True,False,False
controller,validation-000155-c11524fc7103abc4-steps-12,12,4,4,False,True,False,False,O,D,0.5761377215385437,True,False,False
controller,validation-000155-c11524fc7103abc4-steps-13,13,4,4,False,True,False,False,O,R,0.5754672288894653,True,False,False
controller,validation-000155-c11524fc7103abc4-steps-14,14,4,4,False,True,False,False,O,A,0.5759953856468201,True,False,False
controller,validation-000155-c11524fc7103abc4-steps-15,15,4,4,False,True,False,False,O,N,0.5751340389251709,True,False,False
controller,validation-000155-c11524fc7103abc4-steps-16,16,4,4,False,True,False,False,O,V,0.5748246312141418,True,False,False
controller,validation-000095-504840b469af04bd-steps-1,1,3,3,False,False,True,False,S,J,0.533364474773407,True,False,False
controller,validation-000095-504840b469af04bd-steps-2,2,4,4,False,False,True,False,B,L,0.5496099591255188,True,False,False
controller,validation-000095-504840b469af04bd-steps-3,3,4,4,False,False,True,False,B,S,0.5438157916069031,True,False,False
controller,validation-000095-504840b469af04bd-steps-4,4,4,4,True,False,False,False,B,B,0.540482223033905,True,True,True
controller,validation-000095-504840b469af04bd-steps-5,5,4,4,False,True,False,False,B,I,0.5375221371650696,True,False,False
controller,validation-000095-504840b469af04bd-steps-6,6,4,4,False,True,False,False,B,P,0.535507082939148,True,False,False
controller,validation-000095-504840b469af04bd-steps-7,7,4,4,False,True,False,False,B,M,0.5357720255851746,True,False,False
controller,validation-000095-504840b469af04bd-steps-8,8,4,4,False,True,False,False,B,N,0.5343324542045593,True,False,False
controller,validation-000095-504840b469af04bd-steps-9,9,4,4,False,True,False,False,B,K,0.5346851944923401,True,False,False
controller,validation-000095-504840b469af04bd-steps-10,10,4,4,False,True,False,False,B,X,0.5391227602958679,True,False,False
controller,validation-000095-504840b469af04bd-steps-11,11,4,4,False,True,False,False,B,Q,0.5379835367202759,True,False,False
controller,validation-000095-504840b469af04bd-steps-12,12,4,4,False,True,False,False,B,G,0.5368956923484802,True,False,False
controller,validation-000095-504840b469af04bd-steps-13,13,4,4,False,True,False,False,B,U,0.536178469657898,True,False,False
controller,validation-000095-504840b469af04bd-steps-14,14,4,4,False,True,False,False,B,F,0.536801815032959,True,False,False
controller,validation-000095-504840b469af04bd-steps-15,15,4,4,False,True,False,False,B,W,0.5359131693840027,True,False,False
controller,validation-000095-504840b469af04bd-steps-16,16,4,4,False,True,False,False,B,Z,0.5356086492538452,True,False,False
controller,validation-000263-080cb59a5f62a448-steps-1,1,1,1,True,False,False,False,M,M,0.512908399105072,True,True,True
controller,validation-000263-080cb59a5f62a448-steps-2,2,3,3,False,False,True,False,J,V,0.50457364320755,True,False,False
controller,validation-000263-080cb59a5f62a448-steps-3,3,4,4,False,False,True,False,R,J,0.5881413221359253,True,False,False
controller,validation-000263-080cb59a5f62a448-steps-4,4,4,4,True,False,False,False,R,R,0.5850342512130737,True,True,True
controller,validation-000263-080cb59a5f62a448-steps-5,5,4,4,False,True,False,False,R,I,0.5822336673736572,True,False,False
controller,validation-000263-080cb59a5f62a448-steps-6,6,4,4,False,True,False,False,R,K,0.5803481936454773,True,False,False
controller,validation-000263-080cb59a5f62a448-steps-7,7,4,4,False,True,False,False,R,S,0.580467700958252,True,False,False
controller,validation-000263-080cb59a5f62a448-steps-8,8,4,4,False,True,False,False,R,M,0.5791270732879639,True,False,False
controller,validation-000263-080cb59a5f62a448-steps-9,9,4,4,False,True,False,False,R,V,0.5795142650604248,True,False,False
controller,validation-000263-080cb59a5f62a448-steps-10,10,4,4,False,True,False,False,R,J,0.5842199921607971,True,False,False
controller,validation-000263-080cb59a5f62a448-steps-11,11,4,4,False,True,False,False,R,R,0.583066999912262,True,True,False
controller,validation-000263-080cb59a5f62a448-steps-12,12,4,4,False,True,False,False,R,I,0.5817316174507141,True,False,False
controller,validation-000263-080cb59a5f62a448-steps-13,13,4,4,False,True,False,False,R,K,0.5812294483184814,True,False,False
controller,validation-000263-080cb59a5f62a448-steps-14,14,4,4,False,True,False,False,R,S,0.5819419026374817,True,False,False
controller,validation-000263-080cb59a5f62a448-steps-15,15,4,4,False,True,False,False,R,M,0.5810108184814453,True,False,False
controller,validation-000263-080cb59a5f62a448-steps-16,16,4,4,False,True,False,False,R,V,0.5806594491004944,True,False,False
controller,validation-000035-4556add4dc81041f-steps-1,1,1,1,True,False,False,False,Z,Z,0.512721598148346,True,True,True
controller,validation-000035-4556add4dc81041f-steps-2,2,3,3,False,False,True,False,G,S,0.5281749963760376,True,False,False
controller,validation-000035-4556add4dc81041f-steps-3,3,3,3,True,False,False,False,G,G,0.519334077835083,True,True,True
controller,validation-000035-4556add4dc81041f-steps-4,4,3,3,False,True,False,False,G,M,0.5146682858467102,True,False,False
controller,validation-000035-4556add4dc81041f-steps-5,5,3,3,False,True,False,False,G,L,0.510111391544342,True,False,False
controller,validation-000035-4556add4dc81041f-steps-6,6,3,3,False,True,False,False,G,X,0.5071783065795898,True,False,False
controller,validation-000035-4556add4dc81041f-steps-7,7,3,3,False,True,False,False,G,F,0.5079472661018372,True,False,False
controller,validation-000035-4556add4dc81041f-steps-8,8,3,3,False,True,False,False,G,V,0.5058130621910095,True,False,False
controller,validation-000035-4556add4dc81041f-steps-9,9,3,3,False,True,False,False,G,C,0.5061157941818237,True,False,False
controller,validation-000035-4556add4dc81041f-steps-10,10,3,3,False,True,False,False,G,Y,0.5140332579612732,True,False,False
controller,validation-000035-4556add4dc81041f-steps-11,11,3,3,False,True,False,False,G,K,0.5125281810760498,True,False,False
controller,validation-000035-4556add4dc81041f-steps-12,12,3,3,False,True,False,False,G,W,0.5106698274612427,True,False,False
controller,validation-000035-4556add4dc81041f-steps-13,13,3,3,False,True,False,False,G,A,0.5095553994178772,True,False,False
controller,validation-000035-4556add4dc81041f-steps-14,14,3,3,False,True,False,False,G,H,0.5106719732284546,True,False,False
controller,validation-000035-4556add4dc81041f-steps-15,15,3,3,False,True,False,False,G,O,0.5093963146209717,True,False,False
controller,validation-000035-4556add4dc81041f-steps-16,16,3,3,False,True,False,False,G,N,0.5084443688392639,True,False,False
controller,validation-001031-a5ebe1abb68903fd-steps-1,1,3,3,False,False,True,False,H,H,0.513447105884552,True,True,False
controller,validation-001031-a5ebe1abb68903fd-steps-2,2,4,4,False,False,True,False,H,H,0.542705237865448,True,True,False
controller,validation-001031-a5ebe1abb68903fd-steps-3,3,4,4,False,False,True,False,H,H,0.5369505286216736,True,True,False
controller,validation-001031-a5ebe1abb68903fd-steps-4,4,4,4,True,False,False,False,H,H,0.5336247086524963,True,True,True
controller,validation-001031-a5ebe1abb68903fd-steps-5,5,4,4,False,True,False,False,H,H,0.5306801199913025,True,True,False
controller,validation-001031-a5ebe1abb68903fd-steps-6,6,4,4,False,True,False,False,H,H,0.5284007787704468,True,True,False
controller,validation-001031-a5ebe1abb68903fd-steps-7,7,4,4,False,True,False,False,H,H,0.5287620425224304,True,True,False
controller,validation-001031-a5ebe1abb68903fd-steps-8,8,4,4,False,True,False,False,H,H,0.5269998908042908,True,True,False
controller,validation-001031-a5ebe1abb68903fd-steps-9,9,4,4,False,True,False,False,H,H,0.527423083782196,True,True,False
controller,validation-001031-a5ebe1abb68903fd-steps-10,10,4,4,False,True,False,False,H,H,0.5325738787651062,True,True,False
controller,validation-001031-a5ebe1abb68903fd-steps-11,11,4,4,False,True,False,False,H,H,0.5312619805335999,True,True,False
controller,validation-001031-a5ebe1abb68903fd-steps-12,12,4,4,False,True,False,False,H,H,0.530022919178009,True,True,False
controller,validation-001031-a5ebe1abb68903fd-steps-13,13,4,4,False,True,False,False,H,H,0.5292401909828186,True,True,False
controller,validation-001031-a5ebe1abb68903fd-steps-14,14,4,4,False,True,False,False,H,H,0.5299336910247803,True,True,False
controller,validation-001031-a5ebe1abb68903fd-steps-15,15,4,4,False,True,False,False,H,H,0.529141902923584,True,True,False
controller,validation-001031-a5ebe1abb68903fd-steps-16,16,4,4,False,True,False,False,H,H,0.5287420153617859,True,True,False
controller,validation-001511-fb952adf90f30952-steps-1,1,3,3,False,False,True,False,Z,N,0.5429577827453613,True,False,False
controller,validation-001511-fb952adf90f30952-steps-2,2,3,3,False,False,True,False,Z,O,0.5083896517753601,True,False,False
controller,validation-001511-fb952adf90f30952-steps-3,3,4,4,False,False,True,False,S,Z,0.5950905084609985,True,False,False
controller,validation-001511-fb952adf90f30952-steps-4,4,4,4,True,False,False,False,S,S,0.5919892191886902,True,True,True
controller,validation-001511-fb952adf90f30952-steps-5,5,4,4,False,True,False,False,S,U,0.5889753103256226,True,False,False
controller,validation-001511-fb952adf90f30952-steps-6,6,4,4,False,True,False,False,S,A,0.5870679616928101,True,False,False
controller,validation-001511-fb952adf90f30952-steps-7,7,4,4,False,True,False,False,S,P,0.5872551798820496,True,False,False
controller,validation-001511-fb952adf90f30952-steps-8,8,4,4,False,True,False,False,S,Y,0.5857411026954651,True,False,False
controller,validation-001511-fb952adf90f30952-steps-9,9,4,4,False,True,False,False,S,J,0.586078941822052,True,False,False
controller,validation-001511-fb952adf90f30952-steps-10,10,4,4,False,True,False,False,S,X,0.5906789898872375,True,False,False
controller,validation-001511-fb952adf90f30952-steps-11,11,4,4,False,True,False,False,S,N,0.5895976424217224,True,False,False
controller,validation-001511-fb952adf90f30952-steps-12,12,4,4,False,True,False,False,S,O,0.5884353518486023,True,False,False
controller,validation-001511-fb952adf90f30952-steps-13,13,4,4,False,True,False,False,S,Z,0.5876258611679077,True,False,False
controller,validation-001511-fb952adf90f30952-steps-14,14,4,4,False,True,False,False,S,S,0.5883806347846985,True,True,False
controller,validation-001511-fb952adf90f30952-steps-15,15,4,4,False,True,False,False,S,U,0.5874196887016296,True,False,False
controller,validation-001511-fb952adf90f30952-steps-16,16,4,4,False,True,False,False,S,A,0.5870972275733948,True,False,False
controller,validation-000647-86dde2b258128b01-steps-1,1,3,3,False,False,True,False,V,G,0.5386594533920288,True,False,False
controller,validation-000647-86dde2b258128b01-steps-2,2,3,3,False,False,True,False,V,B,0.5004628896713257,True,False,False
controller,validation-000647-86dde2b258128b01-steps-3,3,4,4,False,False,True,False,L,V,0.5965362191200256,True,False,False
controller,validation-000647-86dde2b258128b01-steps-4,4,4,4,True,False,False,False,L,L,0.5932997465133667,True,True,True
controller,validation-000647-86dde2b258128b01-steps-5,5,4,4,False,True,False,False,L,S,0.5903697609901428,True,False,False
controller,validation-000647-86dde2b258128b01-steps-6,6,4,4,False,True,False,False,L,S,0.5883405804634094,True,False,False
controller,validation-000647-86dde2b258128b01-steps-7,7,4,4,False,True,False,False,L,S,0.5885831117630005,True,False,False
controller,validation-000647-86dde2b258128b01-steps-8,8,4,4,False,True,False,False,L,S,0.587248682975769,True,False,False
controller,validation-000647-86dde2b258128b01-steps-9,9,4,4,False,True,False,False,L,S,0.5875726342201233,True,False,False
controller,validation-000647-86dde2b258128b01-steps-10,10,4,4,False,True,False,False,L,S,0.5922037959098816,True,False,False
controller,validation-000647-86dde2b258128b01-steps-11,11,4,4,False,True,False,False,L,S,0.5913808345794678,True,False,False
controller,validation-000647-86dde2b258128b01-steps-12,12,4,4,False,True,False,False,L,S,0.5899423360824585,True,False,False
controller,validation-000647-86dde2b258128b01-steps-13,13,4,4,False,True,False,False,L,S,0.5893492102622986,True,False,False
controller,validation-000647-86dde2b258128b01-steps-14,14,4,4,False,True,False,False,L,S,0.5899163484573364,True,False,False
controller,validation-000647-86dde2b258128b01-steps-15,15,4,4,False,True,False,False,L,S,0.5891315937042236,True,False,False
controller,validation-000647-86dde2b258128b01-steps-16,16,4,4,False,True,False,False,L,S,0.5888069272041321,True,False,False
controller,validation-000395-d194a8d6d0f1f1d1-steps-1,1,3,3,False,False,True,False,U,S,0.5054370760917664,True,False,False
controller,validation-000395-d194a8d6d0f1f1d1-steps-2,2,4,4,False,False,True,False,K,L,0.5516828894615173,True,False,False
controller,validation-000395-d194a8d6d0f1f1d1-steps-3,3,4,4,False,False,True,False,K,U,0.5458299517631531,True,False,False
controller,validation-000395-d194a8d6d0f1f1d1-steps-4,4,4,4,True,False,False,False,K,K,0.5426573157310486,True,True,True
controller,validation-000395-d194a8d6d0f1f1d1-steps-5,5,4,4,False,True,False,False,K,J,0.5396430492401123,True,False,False
controller,validation-000395-d194a8d6d0f1f1d1-steps-6,6,4,4,False,True,False,False,K,Z,0.5376648306846619,True,False,False
controller,validation-000395-d194a8d6d0f1f1d1-steps-7,7,4,4,False,True,False,False,K,B,0.5378648042678833,True,False,False
controller,validation-000395-d194a8d6d0f1f1d1-steps-8,8,4,4,False,True,False,False,K,C,0.5365475416183472,True,False,False
controller,validation-000395-d194a8d6d0f1f1d1-steps-9,9,4,4,False,True,False,False,K,O,0.5367136001586914,True,False,False
controller,validation-000395-d194a8d6d0f1f1d1-steps-10,10,4,4,False,True,False,False,K,H,0.5419793725013733,True,False,False
controller,validation-000395-d194a8d6d0f1f1d1-steps-11,11,4,4,False,True,False,False,K,T,0.5406513810157776,True,False,False
controller,validation-000395-d194a8d6d0f1f1d1-steps-12,12,4,4,False,True,False,False,K,V,0.5394789576530457,True,False,False
controller,validation-000395-d194a8d6d0f1f1d1-steps-13,13,4,4,False,True,False,False,K,Q,0.5387908220291138,True,False,False
controller,validation-000395-d194a8d6d0f1f1d1-steps-14,14,4,4,False,True,False,False,K,N,0.5396646857261658,True,False,False
controller,validation-000395-d194a8d6d0f1f1d1-steps-15,15,4,4,False,True,False,False,K,R,0.5387490391731262,True,False,False
controller,validation-000395-d194a8d6d0f1f1d1-steps-16,16,4,4,False,True,False,False,K,A,0.5384563207626343,True,False,False
controller,validation-000971-d7bddfb099136465-steps-1,1,3,3,False,False,True,False,P,E,0.5147426724433899,True,False,False
controller,validation-000971-d7bddfb099136465-steps-2,2,4,4,False,False,True,False,H,K,0.5799996256828308,True,False,False
controller,validation-000971-d7bddfb099136465-steps-3,3,4,4,False,False,True,False,H,P,0.5741701126098633,True,False,False
controller,validation-000971-d7bddfb099136465-steps-4,4,4,4,True,False,False,False,H,H,0.5709844827651978,True,True,True
controller,validation-000971-d7bddfb099136465-steps-5,5,4,4,False,True,False,False,H,N,0.5680665373802185,True,False,False
controller,validation-000971-d7bddfb099136465-steps-6,6,4,4,False,True,False,False,H,J,0.566174328327179,True,False,False
controller,validation-000971-d7bddfb099136465-steps-7,7,4,4,False,True,False,False,H,A,0.5664219856262207,True,False,False
controller,validation-000971-d7bddfb099136465-steps-8,8,4,4,False,True,False,False,H,Y,0.5647596120834351,True,False,False
controller,validation-000971-d7bddfb099136465-steps-9,9,4,4,False,True,False,False,H,V,0.5651144981384277,True,False,False
controller,validation-000971-d7bddfb099136465-steps-10,10,4,4,False,True,False,False,H,L,0.5700395107269287,True,False,False
controller,validation-000971-d7bddfb099136465-steps-11,11,4,4,False,True,False,False,H,B,0.5687258839607239,True,False,False
controller,validation-000971-d7bddfb099136465-steps-12,12,4,4,False,True,False,False,H,T,0.5675554275512695,True,False,False
controller,validation-000971-d7bddfb099136465-steps-13,13,4,4,False,True,False,False,H,X,0.5667985677719116,True,False,False
controller,validation-000971-d7bddfb099136465-steps-14,14,4,4,False,True,False,False,H,Q,0.5676093697547913,True,False,False
controller,validation-000971-d7bddfb099136465-steps-15,15,4,4,False,True,False,False,H,M,0.5667630434036255,True,False,False
controller,validation-000971-d7bddfb099136465-steps-16,16,4,4,False,True,False,False,H,O,0.5662574172019958,True,False,False
controller,validation-000863-946ff3c84ee89062-steps-1,1,3,3,False,False,True,False,N,G,0.5293954014778137,True,False,False
controller,validation-000863-946ff3c84ee89062-steps-2,2,4,4,False,False,True,False,R,C,0.5755969882011414,True,False,False
controller,validation-000863-946ff3c84ee89062-steps-3,3,4,4,False,False,True,False,R,N,0.5701417326927185,True,False,False
controller,validation-000863-946ff3c84ee89062-steps-4,4,4,4,True,False,False,False,R,R,0.5670790672302246,True,True,True
controller,validation-000863-946ff3c84ee89062-steps-5,5,4,4,False,True,False,False,R,M,0.5641593337059021,True,False,False
controller,validation-000863-946ff3c84ee89062-steps-6,6,4,4,False,True,False,False,R,D,0.5623481869697571,True,False,False
controller,validation-000863-946ff3c84ee89062-steps-7,7,4,4,False,True,False,False,R,F,0.562675952911377,True,False,False
controller,validation-000863-946ff3c84ee89062-steps-8,8,4,4,False,True,False,False,R,A,0.5610964894294739,True,False,False
controller,validation-000863-946ff3c84ee89062-steps-9,9,4,4,False,True,False,False,R,P,0.5614522695541382,True,False,False
controller,validation-000863-946ff3c84ee89062-steps-10,10,4,4,False,True,False,False,R,O,0.5655801296234131,True,False,False
controller,validation-000863-946ff3c84ee89062-steps-11,11,4,4,False,True,False,False,R,V,0.5645018219947815,True,False,False
controller,validation-000863-946ff3c84ee89062-steps-12,12,4,4,False,True,False,False,R,L,0.5632334351539612,True,False,False
controller,validation-000863-946ff3c84ee89062-steps-13,13,4,4,False,True,False,False,R,J,0.5625940561294556,True,False,False
controller,validation-000863-946ff3c84ee89062-steps-14,14,4,4,False,True,False,False,R,U,0.5632291436195374,True,False,False
controller,validation-000863-946ff3c84ee89062-steps-15,15,4,4,False,True,False,False,R,B,0.5625830888748169,True,False,False
controller,validation-000863-946ff3c84ee89062-steps-16,16,4,4,False,True,False,False,R,T,0.5621161460876465,True,False,False
controller,validation-000479-ea829e2972ceb9f1-steps-1,1,3,3,False,False,True,False,D,E,0.5566193461418152,True,False,False
controller,validation-000479-ea829e2972ceb9f1-steps-2,2,3,3,False,False,True,False,D,V,0.5203466415405273,True,False,False
controller,validation-000479-ea829e2972ceb9f1-steps-3,3,3,3,True,False,False,False,D,D,0.5113791823387146,True,True,True
controller,validation-000479-ea829e2972ceb9f1-steps-4,4,3,3,False,True,False,False,D,G,0.5065332055091858,True,False,False
controller,validation-000479-ea829e2972ceb9f1-steps-5,5,3,3,False,True,False,False,D,D,0.5018472075462341,True,True,False
controller,validation-000479-ea829e2972ceb9f1-steps-6,6,4,4,False,True,False,False,G,G,0.5877009034156799,True,True,False
controller,validation-000479-ea829e2972ceb9f1-steps-7,7,4,4,False,True,False,False,G,D,0.5880538821220398,True,False,False
controller,validation-000479-ea829e2972ceb9f1-steps-8,8,4,4,False,True,False,False,G,G,0.5867365598678589,True,True,False
controller,validation-000479-ea829e2972ceb9f1-steps-9,9,4,4,False,True,False,False,G,D,0.5868769884109497,True,False,False
controller,validation-000479-ea829e2972ceb9f1-steps-10,10,3,3,False,True,False,False,D,G,0.5059769749641418,True,False,False
controller,validation-000479-ea829e2972ceb9f1-steps-11,11,3,3,False,True,False,False,D,D,0.5039231181144714,True,True,False
controller,validation-000479-ea829e2972ceb9f1-steps-12,12,3,3,False,True,False,False,D,G,0.5020946860313416,True,False,False
controller,validation-000479-ea829e2972ceb9f1-steps-13,13,3,3,False,True,False,False,D,D,0.5012612342834473,True,True,False
controller,validation-000479-ea829e2972ceb9f1-steps-14,14,3,3,False,True,False,False,D,G,0.5023807287216187,True,False,False
controller,validation-000479-ea829e2972ceb9f1-steps-15,15,3,3,False,True,False,False,D,D,0.5009448528289795,True,True,False
controller,validation-000479-ea829e2972ceb9f1-steps-16,16,4,4,False,True,False,False,G,G,0.5881078243255615,True,True,False
controller,validation-000983-00aae1d6b2f41986-steps-1,1,3,3,False,False,True,False,Q,L,0.5263136625289917,True,False,False
controller,validation-000983-00aae1d6b2f41986-steps-2,2,4,4,False,False,True,False,A,C,0.5878089666366577,True,False,False
controller,validation-000983-00aae1d6b2f41986-steps-3,3,4,4,False,False,True,False,A,Q,0.5825616121292114,True,False,False
controller,validation-000983-00aae1d6b2f41986-steps-4,4,4,4,True,False,False,False,A,A,0.5795671343803406,True,True,True
controller,validation-000983-00aae1d6b2f41986-steps-5,5,4,4,False,True,False,False,A,K,0.5770106315612793,True,False,False
controller,validation-000983-00aae1d6b2f41986-steps-6,6,4,4,False,True,False,False,A,T,0.5751091241836548,True,False,False
controller,validation-000983-00aae1d6b2f41986-steps-7,7,4,4,False,True,False,False,A,Z,0.5755898952484131,True,False,False
controller,validation-000983-00aae1d6b2f41986-steps-8,8,4,4,False,True,False,False,A,J,0.5738762021064758,True,False,False
controller,validation-000983-00aae1d6b2f41986-steps-9,9,4,4,False,True,False,False,A,G,0.5742890238761902,True,False,False
controller,validation-000983-00aae1d6b2f41986-steps-10,10,4,4,False,True,False,False,A,Y,0.5780923366546631,True,False,False
controller,validation-000983-00aae1d6b2f41986-steps-11,11,4,4,False,True,False,False,A,U,0.5770009160041809,True,False,False
controller,validation-000983-00aae1d6b2f41986-steps-12,12,4,4,False,True,False,False,A,B,0.5757554769515991,True,False,False
controller,validation-000983-00aae1d6b2f41986-steps-13,13,4,4,False,True,False,False,A,N,0.5751323699951172,True,False,False
controller,validation-000983-00aae1d6b2f41986-steps-14,14,4,4,False,True,False,False,A,V,0.5757473707199097,True,False,False
controller,validation-000983-00aae1d6b2f41986-steps-15,15,4,4,False,True,False,False,A,I,0.5750670433044434,True,False,False
controller,validation-000983-00aae1d6b2f41986-steps-16,16,4,4,False,True,False,False,A,S,0.5746201276779175,True,False,False
controller,validation-000551-17c1268a7c68e5ba-steps-1,1,3,3,False,False,True,False,M,Z,0.5333501696586609,True,False,False
controller,validation-000551-17c1268a7c68e5ba-steps-2,2,4,4,False,False,True,False,S,P,0.5808939933776855,True,False,False
controller,validation-000551-17c1268a7c68e5ba-steps-3,3,4,4,False,False,True,False,S,M,0.5751302242279053,True,False,False
controller,validation-000551-17c1268a7c68e5ba-steps-4,4,4,4,True,False,False,False,S,S,0.5718481540679932,True,True,True
controller,validation-000551-17c1268a7c68e5ba-steps-5,5,4,4,False,True,False,False,S,B,0.5688642263412476,True,False,False
controller,validation-000551-17c1268a7c68e5ba-steps-6,6,4,4,False,True,False,False,S,D,0.5668050646781921,True,False,False
controller,validation-000551-17c1268a7c68e5ba-steps-7,7,4,4,False,True,False,False,S,C,0.5670838356018066,True,False,False
controller,validation-000551-17c1268a7c68e5ba-steps-8,8,4,4,False,True,False,False,S,E,0.5653880834579468,True,False,False
controller,validation-000551-17c1268a7c68e5ba-steps-9,9,4,4,False,True,False,False,S,O,0.5657867789268494,True,False,False
controller,validation-000551-17c1268a7c68e5ba-steps-10,10,4,4,False,True,False,False,S,Y,0.5705162286758423,True,False,False
controller,validation-000551-17c1268a7c68e5ba-steps-11,11,4,4,False,True,False,False,S,D,0.5694169402122498,True,False,False
controller,validation-000551-17c1268a7c68e5ba-steps-12,12,4,4,False,True,False,False,S,C,0.5680712461471558,True,False,False
controller,validation-000551-17c1268a7c68e5ba-steps-13,13,4,4,False,True,False,False,S,E,0.5674527287483215,True,False,False
controller,validation-000551-17c1268a7c68e5ba-steps-14,14,4,4,False,True,False,False,S,O,0.5681026577949524,True,False,False
controller,validation-000551-17c1268a7c68e5ba-steps-15,15,4,4,False,True,False,False,S,Y,0.5672981142997742,True,False,False
controller,validation-000551-17c1268a7c68e5ba-steps-16,16,4,4,False,True,False,False,S,D,0.5669417381286621,True,False,False
controller,validation-001463-f304471fa5af482f-steps-1,1,1,1,True,False,False,False,S,S,0.5175012946128845,True,True,True
controller,validation-001463-f304471fa5af482f-steps-2,2,3,3,False,False,True,False,W,P,0.5031130909919739,True,False,False
controller,validation-001463-f304471fa5af482f-steps-3,3,4,4,False,False,True,False,D,W,0.6206347942352295,True,False,False
controller,validation-001463-f304471fa5af482f-steps-4,4,4,4,True,False,False,False,D,D,0.6172056198120117,True,True,True
controller,validation-001463-f304471fa5af482f-steps-5,5,4,4,False,True,False,False,D,H,0.6144483685493469,True,False,False
controller,validation-001463-f304471fa5af482f-steps-6,6,4,4,False,True,False,False,D,T,0.612311065196991,True,False,False
controller,validation-001463-f304471fa5af482f-steps-7,7,4,4,False,True,False,False,D,X,0.612687885761261,True,False,False
controller,validation-001463-f304471fa5af482f-steps-8,8,4,4,False,True,False,False,D,U,0.6111711263656616,True,False,False
controller,validation-001463-f304471fa5af482f-steps-9,9,4,4,False,True,False,False,D,F,0.6113564968109131,True,False,False
controller,validation-001463-f304471fa5af482f-steps-10,10,4,4,False,True,False,False,D,V,0.6162393093109131,True,False,False
controller,validation-001463-f304471fa5af482f-steps-11,11,4,4,False,True,False,False,D,R,0.6154689192771912,True,False,False
controller,validation-001463-f304471fa5af482f-steps-12,12,4,4,False,True,False,False,D,Z,0.6140984296798706,True,False,False
controller,validation-001463-f304471fa5af482f-steps-13,13,4,4,False,True,False,False,D,G,0.6134319305419922,True,False,False
controller,validation-001463-f304471fa5af482f-steps-14,14,4,4,False,True,False,False,D,M,0.6139278411865234,True,False,False
controller,validation-001463-f304471fa5af482f-steps-15,15,4,4,False,True,False,False,D,L,0.613189697265625,True,False,False
controller,validation-001463-f304471fa5af482f-steps-16,16,4,4,False,True,False,False,D,N,0.6128430366516113,True,False,False
controller,validation-000695-45b5e88a90397fc7-steps-1,1,1,1,True,False,False,False,S,S,0.5002358555793762,True,True,True
controller,validation-000695-45b5e88a90397fc7-steps-2,2,3,3,False,False,True,False,L,D,0.5059775710105896,True,False,False
controller,validation-000695-45b5e88a90397fc7-steps-3,3,4,4,False,False,True,False,F,L,0.5765224695205688,True,False,False
controller,validation-000695-45b5e88a90397fc7-steps-4,4,4,4,True,False,False,False,F,F,0.5734043717384338,True,True,True
controller,validation-000695-45b5e88a90397fc7-steps-5,5,4,4,False,True,False,False,F,V,0.5704867839813232,True,False,False
controller,validation-000695-45b5e88a90397fc7-steps-6,6,4,4,False,True,False,False,F,B,0.5685952305793762,True,False,False
controller,validation-000695-45b5e88a90397fc7-steps-7,7,4,4,False,True,False,False,F,C,0.5687242746353149,True,False,False
controller,validation-000695-45b5e88a90397fc7-steps-8,8,4,4,False,True,False,False,F,E,0.5672391057014465,True,False,False
controller,validation-000695-45b5e88a90397fc7-steps-9,9,4,4,False,True,False,False,F,T,0.5678006410598755,True,False,False
controller,validation-000695-45b5e88a90397fc7-steps-10,10,4,4,False,True,False,False,F,Y,0.5718388557434082,True,False,False
controller,validation-000695-45b5e88a90397fc7-steps-11,11,4,4,False,True,False,False,F,O,0.5708845853805542,True,False,False
controller,validation-000695-45b5e88a90397fc7-steps-12,12,4,4,False,True,False,False,F,K,0.569517970085144,True,False,False
controller,validation-000695-45b5e88a90397fc7-steps-13,13,4,4,False,True,False,False,F,Q,0.5689395070075989,True,False,False
controller,validation-000695-45b5e88a90397fc7-steps-14,14,4,4,False,True,False,False,F,I,0.5696151256561279,True,False,False
controller,validation-000695-45b5e88a90397fc7-steps-15,15,4,4,False,True,False,False,F,R,0.568717896938324,True,False,False
controller,validation-000695-45b5e88a90397fc7-steps-16,16,4,4,False,True,False,False,F,A,0.5682445764541626,True,False,False
controller,validation-000947-bb4a6b3344df2538-steps-1,1,3,3,False,False,True,False,T,T,0.531498372554779,True,True,False
controller,validation-000947-bb4a6b3344df2538-steps-2,2,4,4,False,False,True,False,E,E,0.5772567987442017,True,True,False
controller,validation-000947-bb4a6b3344df2538-steps-3,3,4,4,False,False,True,False,E,T,0.5713783502578735,True,False,False
controller,validation-000947-bb4a6b3344df2538-steps-4,4,4,4,True,False,False,False,E,E,0.5682083964347839,True,True,True
controller,validation-000947-bb4a6b3344df2538-steps-5,5,4,4,False,True,False,False,E,T,0.5651990175247192,True,False,False
controller,validation-000947-bb4a6b3344df2538-steps-6,6,4,4,False,True,False,False,E,E,0.5633248090744019,True,True,False
controller,validation-000947-bb4a6b3344df2538-steps-7,7,4,4,False,True,False,False,E,T,0.5635514855384827,True,False,False
controller,validation-000947-bb4a6b3344df2538-steps-8,8,4,4,False,True,False,False,E,E,0.5621432065963745,True,True,False
controller,validation-000947-bb4a6b3344df2538-steps-9,9,4,4,False,True,False,False,E,T,0.5626025795936584,True,False,False
controller,validation-000947-bb4a6b3344df2538-steps-10,10,4,4,False,True,False,False,E,E,0.5676406025886536,True,True,False
controller,validation-000947-bb4a6b3344df2538-steps-11,11,4,4,False,True,False,False,E,T,0.5666515827178955,True,False,False
controller,validation-000947-bb4a6b3344df2538-steps-12,12,4,4,False,True,False,False,E,E,0.5653545260429382,True,True,False
controller,validation-000947-bb4a6b3344df2538-steps-13,13,4,4,False,True,False,False,E,T,0.5647150278091431,True,False,False
controller,validation-000947-bb4a6b3344df2538-steps-14,14,4,4,False,True,False,False,E,E,0.5654506683349609,True,True,False
controller,validation-000947-bb4a6b3344df2538-steps-15,15,4,4,False,True,False,False,E,T,0.5643763542175293,True,False,False
controller,validation-000947-bb4a6b3344df2538-steps-16,16,4,4,False,True,False,False,E,E,0.5640526413917542,True,True,False
controller,validation-000275-092ef6288db8df19-steps-1,1,3,3,False,False,True,False,N,R,0.5266695022583008,True,False,False
controller,validation-000275-092ef6288db8df19-steps-2,2,4,4,False,False,True,False,Z,Y,0.5983237624168396,True,False,False
controller,validation-000275-092ef6288db8df19-steps-3,3,4,4,False,False,True,False,Z,N,0.5929902791976929,True,False,False
controller,validation-000275-092ef6288db8df19-steps-4,4,4,4,True,False,False,False,Z,Z,0.5901003479957581,True,True,True
controller,validation-000275-092ef6288db8df19-steps-5,5,4,4,False,True,False,False,Z,Z,0.5872424840927124,True,True,False
controller,validation-000275-092ef6288db8df19-steps-6,6,4,4,False,True,False,False,Z,Z,0.5852809548377991,True,True,False
controller,validation-000275-092ef6288db8df19-steps-7,7,4,4,False,True,False,False,Z,Z,0.5854456424713135,True,True,False
controller,validation-000275-092ef6288db8df19-steps-8,8,4,4,False,True,False,False,Z,Z,0.584218442440033,True,True,False
controller,validation-000275-092ef6288db8df19-steps-9,9,4,4,False,True,False,False,Z,Z,0.584251880645752,True,True,False
controller,validation-000275-092ef6288db8df19-steps-10,10,4,4,False,True,False,False,Z,Z,0.5887121558189392,True,True,False
controller,validation-000275-092ef6288db8df19-steps-11,11,4,4,False,True,False,False,Z,Z,0.5874224901199341,True,True,False
controller,validation-000275-092ef6288db8df19-steps-12,12,4,4,False,True,False,False,Z,Z,0.5864033102989197,True,True,False
controller,validation-000275-092ef6288db8df19-steps-13,13,4,4,False,True,False,False,Z,Z,0.5857074856758118,True,True,False
controller,validation-000275-092ef6288db8df19-steps-14,14,4,4,False,True,False,False,Z,Z,0.5864133834838867,True,True,False
controller,validation-000275-092ef6288db8df19-steps-15,15,4,4,False,True,False,False,Z,Z,0.5857043266296387,True,True,False
controller,validation-000275-092ef6288db8df19-steps-16,16,4,4,False,True,False,False,Z,Z,0.5852514505386353,True,True,False
controller,validation-001211-c01a574e1cc7b56e-steps-1,1,3,3,False,False,True,False,W,W,0.5445758104324341,True,True,False
controller,validation-001211-c01a574e1cc7b56e-steps-2,2,3,3,False,False,True,False,W,W,0.5080172419548035,True,True,False
controller,validation-001211-c01a574e1cc7b56e-steps-3,3,4,4,False,False,True,False,W,W,0.577172040939331,True,True,False
controller,validation-001211-c01a574e1cc7b56e-steps-4,4,4,4,True,False,False,False,W,W,0.5738297700881958,True,True,True
controller,validation-001211-c01a574e1cc7b56e-steps-5,5,4,4,False,True,False,False,W,W,0.5707799196243286,True,True,False
controller,validation-001211-c01a574e1cc7b56e-steps-6,6,4,4,False,True,False,False,W,W,0.5687363147735596,True,True,False
controller,validation-001211-c01a574e1cc7b56e-steps-7,7,4,4,False,True,False,False,W,W,0.568973958492279,True,True,False
controller,validation-001211-c01a574e1cc7b56e-steps-8,8,4,4,False,True,False,False,W,W,0.5672929286956787,True,True,False
controller,validation-001211-c01a574e1cc7b56e-steps-9,9,4,4,False,True,False,False,W,W,0.5677553415298462,True,True,False
controller,validation-001211-c01a574e1cc7b56e-steps-10,10,4,4,False,True,False,False,W,W,0.5730542540550232,True,True,False
controller,validation-001211-c01a574e1cc7b56e-steps-11,11,4,4,False,True,False,False,W,W,0.571898341178894,True,True,False
controller,validation-001211-c01a574e1cc7b56e-steps-12,12,4,4,False,True,False,False,W,W,0.5704278945922852,True,True,False
controller,validation-001211-c01a574e1cc7b56e-steps-13,13,4,4,False,True,False,False,W,W,0.5698421001434326,True,True,False
controller,validation-001211-c01a574e1cc7b56e-steps-14,14,4,4,False,True,False,False,W,W,0.570411205291748,True,True,False
controller,validation-001211-c01a574e1cc7b56e-steps-15,15,4,4,False,True,False,False,W,W,0.5696364641189575,True,True,False
controller,validation-001211-c01a574e1cc7b56e-steps-16,16,4,4,False,True,False,False,W,W,0.5692135691642761,True,True,False
controller,validation-000443-bc622b263743e776-steps-1,1,3,3,False,False,True,False,C,H,0.5475987195968628,True,False,False
controller,validation-000443-bc622b263743e776-steps-2,2,3,3,False,False,True,False,C,X,0.5135263800621033,True,False,False
controller,validation-000443-bc622b263743e776-steps-3,3,3,3,True,False,False,False,C,C,0.5051010847091675,True,True,True
controller,validation-000443-bc622b263743e776-steps-4,4,3,3,False,True,False,False,C,J,0.5000800490379333,True,False,False
controller,validation-000443-bc622b263743e776-steps-5,5,4,4,False,True,False,False,J,W,0.5413679480552673,True,False,False
controller,validation-000443-bc622b263743e776-steps-6,6,4,4,False,True,False,False,J,U,0.5395987033843994,True,False,False
controller,validation-000443-bc622b263743e776-steps-7,7,4,4,False,True,False,False,J,O,0.5398436188697815,True,False,False
controller,validation-000443-bc622b263743e776-steps-8,8,4,4,False,True,False,False,J,D,0.5382533669471741,True,False,False
controller,validation-000443-bc622b263743e776-steps-9,9,4,4,False,True,False,False,J,S,0.5387042164802551,True,False,False
controller,validation-000443-bc622b263743e776-steps-10,10,4,4,False,True,False,False,J,Y,0.5428704023361206,True,False,False
controller,validation-000443-bc622b263743e776-steps-11,11,4,4,False,True,False,False,J,I,0.5418012738227844,True,False,False
controller,validation-000443-bc622b263743e776-steps-12,12,4,4,False,True,False,False,J,P,0.5406049489974976,True,False,False
controller,validation-000443-bc622b263743e776-steps-13,13,4,4,False,True,False,False,J,F,0.5398841500282288,True,False,False
controller,validation-000443-bc622b263743e776-steps-14,14,4,4,False,True,False,False,J,K,0.5404670238494873,True,False,False
controller,validation-000443-bc622b263743e776-steps-15,15,4,4,False,True,False,False,J,M,0.5397216081619263,True,False,False
controller,validation-000443-bc622b263743e776-steps-16,16,4,4,False,True,False,False,J,E,0.5393266081809998,True,False,False
controller,validation-000779-1c49a8f8856b15f1-steps-1,1,3,3,False,False,True,False,X,G,0.5317191481590271,True,False,False
controller,validation-000779-1c49a8f8856b15f1-steps-2,2,4,4,False,False,True,False,Y,H,0.5644055008888245,True,False,False
controller,validation-000779-1c49a8f8856b15f1-steps-3,3,4,4,False,False,True,False,Y,X,0.5588669776916504,True,False,False
controller,validation-000779-1c49a8f8856b15f1-steps-4,4,4,4,True,False,False,False,Y,Y,0.5557732582092285,True,True,True
controller,validation-000779-1c49a8f8856b15f1-steps-5,5,4,4,False,True,False,False,Y,B,0.5529515743255615,True,False,False
controller,validation-000779-1c49a8f8856b15f1-steps-6,6,4,4,False,True,False,False,Y,C,0.5510532855987549,True,False,False
controller,validation-000779-1c49a8f8856b15f1-steps-7,7,4,4,False,True,False,False,Y,Q,0.5511304140090942,True,False,False
controller,validation-000779-1c49a8f8856b15f1-steps-8,8,4,4,False,True,False,False,Y,R,0.5498722195625305,True,False,False
controller,validation-000779-1c49a8f8856b15f1-steps-9,9,4,4,False,True,False,False,Y,V,0.5500789880752563,True,False,False
controller,validation-000779-1c49a8f8856b15f1-steps-10,10,4,4,False,True,False,False,Y,S,0.5546711087226868,True,False,False
controller,validation-000779-1c49a8f8856b15f1-steps-11,11,4,4,False,True,False,False,Y,M,0.5535445809364319,True,False,False
controller,validation-000779-1c49a8f8856b15f1-steps-12,12,4,4,False,True,False,False,Y,U,0.5524590015411377,True,False,False
controller,validation-000779-1c49a8f8856b15f1-steps-13,13,4,4,False,True,False,False,Y,K,0.5517652630805969,True,False,False
controller,validation-000779-1c49a8f8856b15f1-steps-14,14,4,4,False,True,False,False,Y,T,0.5525192022323608,True,False,False
controller,validation-000779-1c49a8f8856b15f1-steps-15,15,4,4,False,True,False,False,Y,N,0.5515568852424622,True,False,False
controller,validation-000779-1c49a8f8856b15f1-steps-16,16,4,4,False,True,False,False,Y,Z,0.5512527227401733,True,False,False
controller,validation-001259-861c6869f8f63361-steps-1,1,3,3,False,False,True,False,F,N,0.5485907196998596,True,False,False
controller,validation-001259-861c6869f8f63361-steps-2,2,3,3,False,False,True,False,F,V,0.5124529004096985,True,False,False
controller,validation-001259-861c6869f8f63361-steps-3,3,3,3,True,False,False,False,F,F,0.503774881362915,True,True,True
controller,validation-001259-861c6869f8f63361-steps-4,4,4,4,True,False,False,False,G,G,0.5988969802856445,True,True,True
controller,validation-001259-861c6869f8f63361-steps-5,5,4,4,False,True,False,False,G,Q,0.596110463142395,True,False,False
controller,validation-001259-861c6869f8f63361-steps-6,6,4,4,False,True,False,False,G,M,0.5940980315208435,True,False,False
controller,validation-001259-861c6869f8f63361-steps-7,7,4,4,False,True,False,False,G,K,0.5943834781646729,True,False,False
controller,validation-001259-861c6869f8f63361-steps-8,8,4,4,False,True,False,False,G,O,0.593030571937561,True,False,False
controller,validation-001259-861c6869f8f63361-steps-9,9,4,4,False,True,False,False,G,D,0.5932465195655823,True,False,False
controller,validation-001259-861c6869f8f63361-steps-10,10,4,4,False,True,False,False,G,W,0.5982199907302856,True,False,False
controller,validation-001259-861c6869f8f63361-steps-11,11,4,4,False,True,False,False,G,R,0.5970595479011536,True,False,False
controller,validation-001259-861c6869f8f63361-steps-12,12,4,4,False,True,False,False,G,S,0.5958327651023865,True,False,False
controller,validation-001259-861c6869f8f63361-steps-13,13,4,4,False,True,False,False,G,C,0.5953324437141418,True,False,False
controller,validation-001259-861c6869f8f63361-steps-14,14,4,4,False,True,False,False,G,U,0.5960243344306946,True,False,False
controller,validation-001259-861c6869f8f63361-steps-15,15,4,4,False,True,False,False,G,P,0.5951197743415833,True,False,False
controller,validation-001259-861c6869f8f63361-steps-16,16,4,4,False,True,False,False,G,Z,0.5947625041007996,True,False,False
controller,validation-000635-19a1af8b634c577b-steps-1,1,3,3,False,False,True,False,G,A,0.5692119598388672,True,False,False
controller,validation-000635-19a1af8b634c577b-steps-2,2,3,3,False,False,True,False,G,Q,0.5339813828468323,True,False,False
controller,validation-000635-19a1af8b634c577b-steps-3,3,3,3,True,False,False,False,G,G,0.5252364277839661,True,True,True
controller,validation-000635-19a1af8b634c577b-steps-4,4,3,3,False,True,False,False,G,D,0.5203631520271301,True,False,False
controller,validation-000635-19a1af8b634c577b-steps-5,5,3,3,False,True,False,False,G,U,0.5158750414848328,True,False,False
controller,validation-000635-19a1af8b634c577b-steps-6,6,3,3,False,True,False,False,G,K,0.5127655863761902,True,False,False
controller,validation-000635-19a1af8b634c577b-steps-7,7,3,3,False,True,False,False,G,R,0.5133746862411499,True,False,False
controller,validation-000635-19a1af8b634c577b-steps-8,8,3,3,False,True,False,False,G,M,0.511152982711792,True,False,False
controller,validation-000635-19a1af8b634c577b-steps-9,9,3,3,False,True,False,False,G,C,0.5115691423416138,True,False,False
controller,validation-000635-19a1af8b634c577b-steps-10,10,3,3,False,True,False,False,G,S,0.5186761617660522,True,False,False
controller,validation-000635-19a1af8b634c577b-steps-11,11,3,3,False,True,False,False,G,Z,0.5170209407806396,True,False,False
controller,validation-000635-19a1af8b634c577b-steps-12,12,3,3,False,True,False,False,G,W,0.514890193939209,True,False,False
controller,validation-000635-19a1af8b634c577b-steps-13,13,3,3,False,True,False,False,G,E,0.513862669467926,True,False,False
controller,validation-000635-19a1af8b634c577b-steps-14,14,3,3,False,True,False,False,G,X,0.5150226354598999,True,False,False
controller,validation-000635-19a1af8b634c577b-steps-15,15,3,3,False,True,False,False,G,H,0.5137989521026611,True,False,False
controller,validation-000635-19a1af8b634c577b-steps-16,16,3,3,False,True,False,False,G,J,0.5129588842391968,True,False,False
controller,validation-000671-5d18246f193a235b-steps-1,1,3,3,False,False,True,False,K,J,0.5205603241920471,True,False,False
controller,validation-000671-5d18246f193a235b-steps-2,2,4,4,False,False,True,False,K,K,0.5600820779800415,True,True,False
controller,validation-000671-5d18246f193a235b-steps-3,3,4,4,False,False,True,False,K,K,0.5547283887863159,True,True,False
controller,validation-000671-5d18246f193a235b-steps-4,4,4,4,True,False,False,False,K,K,0.5516936779022217,True,True,True
controller,validation-000671-5d18246f193a235b-steps-5,5,4,4,False,True,False,False,K,K,0.5488700270652771,True,True,False
controller,validation-000671-5d18246f193a235b-steps-6,6,4,4,False,True,False,False,K,K,0.5471259355545044,True,True,False
controller,validation-000671-5d18246f193a235b-steps-7,7,4,4,False,True,False,False,K,K,0.5472163558006287,True,True,False
controller,validation-000671-5d18246f193a235b-steps-8,8,4,4,False,True,False,False,K,K,0.5459262728691101,True,True,False
controller,validation-000671-5d18246f193a235b-steps-9,9,4,4,False,True,False,False,K,K,0.5462562441825867,True,True,False
controller,validation-000671-5d18246f193a235b-steps-10,10,4,4,False,True,False,False,K,K,0.5508702993392944,True,True,False
controller,validation-000671-5d18246f193a235b-steps-11,11,4,4,False,True,False,False,K,K,0.5497843027114868,True,True,False
controller,validation-000671-5d18246f193a235b-steps-12,12,4,4,False,True,False,False,K,K,0.5487285852432251,True,True,False
controller,validation-000671-5d18246f193a235b-steps-13,13,4,4,False,True,False,False,K,K,0.5479279160499573,True,True,False
controller,validation-000671-5d18246f193a235b-steps-14,14,4,4,False,True,False,False,K,K,0.548629105091095,True,True,False
controller,validation-000671-5d18246f193a235b-steps-15,15,4,4,False,True,False,False,K,K,0.5477778315544128,True,True,False
controller,validation-000671-5d18246f193a235b-steps-16,16,4,4,False,True,False,False,K,K,0.5474729537963867,True,True,False
controller,validation-001079-f74c1180f41b1fc7-steps-1,1,3,3,False,False,True,False,Q,K,0.5309653282165527,True,False,False
controller,validation-001079-f74c1180f41b1fc7-steps-2,2,4,4,False,False,True,False,F,M,0.5936926603317261,True,False,False
controller,validation-001079-f74c1180f41b1fc7-steps-3,3,4,4,False,False,True,False,F,Q,0.5880975127220154,True,False,False
controller,validation-001079-f74c1180f41b1fc7-steps-4,4,4,4,True,False,False,False,F,F,0.5849851965904236,True,True,True
controller,validation-001079-f74c1180f41b1fc7-steps-5,5,4,4,False,True,False,False,F,H,0.5820401906967163,True,False,False
controller,validation-001079-f74c1180f41b1fc7-steps-6,6,4,4,False,True,False,False,F,C,0.5801717638969421,True,False,False
controller,validation-001079-f74c1180f41b1fc7-steps-7,7,4,4,False,True,False,False,F,A,0.5803092122077942,True,False,False
controller,validation-001079-f74c1180f41b1fc7-steps-8,8,4,4,False,True,False,False,F,L,0.5788263082504272,True,False,False
controller,validation-001079-f74c1180f41b1fc7-steps-9,9,4,4,False,True,False,False,F,X,0.579187273979187,True,False,False
controller,validation-001079-f74c1180f41b1fc7-steps-10,10,4,4,False,True,False,False,F,P,0.5832740068435669,True,False,False
controller,validation-001079-f74c1180f41b1fc7-steps-11,11,4,4,False,True,False,False,F,T,0.5823583602905273,True,False,False
controller,validation-001079-f74c1180f41b1fc7-steps-12,12,4,4,False,True,False,False,F,V,0.5811319947242737,True,False,False
controller,validation-001079-f74c1180f41b1fc7-steps-13,13,4,4,False,True,False,False,F,I,0.5806112289428711,True,False,False
controller,validation-001079-f74c1180f41b1fc7-steps-14,14,4,4,False,True,False,False,F,E,0.5812191963195801,True,False,False
controller,validation-001079-f74c1180f41b1fc7-steps-15,15,4,4,False,True,False,False,F,N,0.5802032947540283,True,False,False
controller,validation-001079-f74c1180f41b1fc7-steps-16,16,4,4,False,True,False,False,F,O,0.5799710154533386,True,False,False
controller,validation-001487-caf8b98aff7f6ebd-steps-1,1,3,3,False,False,True,False,P,H,0.5043261647224426,True,False,False
controller,validation-001487-caf8b98aff7f6ebd-steps-2,2,4,4,False,False,True,False,P,P,0.5192505121231079,True,True,False
controller,validation-001487-caf8b98aff7f6ebd-steps-3,3,4,4,False,False,True,False,P,P,0.5132024884223938,True,True,False
controller,validation-001487-caf8b98aff7f6ebd-steps-4,4,4,4,True,False,False,False,P,P,0.5098621249198914,True,True,True
controller,validation-001487-caf8b98aff7f6ebd-steps-5,5,4,4,False,True,False,False,P,P,0.5067603588104248,True,True,False
controller,validation-001487-caf8b98aff7f6ebd-steps-6,6,4,4,False,True,False,False,P,P,0.5046590566635132,True,True,False
controller,validation-001487-caf8b98aff7f6ebd-steps-7,7,4,4,False,True,False,False,P,P,0.504962682723999,True,True,False
controller,validation-001487-caf8b98aff7f6ebd-steps-8,8,4,4,False,True,False,False,P,P,0.5030241012573242,True,True,False
controller,validation-001487-caf8b98aff7f6ebd-steps-9,9,4,4,False,True,False,False,P,P,0.5035706162452698,True,True,False
controller,validation-001487-caf8b98aff7f6ebd-steps-10,10,4,4,False,True,False,False,P,P,0.508216142654419,True,True,False
controller,validation-001487-caf8b98aff7f6ebd-steps-11,11,4,4,False,True,False,False,P,P,0.5072174072265625,True,True,False
controller,validation-001487-caf8b98aff7f6ebd-steps-12,12,4,4,False,True,False,False,P,P,0.5058372020721436,True,True,False
controller,validation-001487-caf8b98aff7f6ebd-steps-13,13,4,4,False,True,False,False,P,P,0.5052202939987183,True,True,False
controller,validation-001487-caf8b98aff7f6ebd-steps-14,14,4,4,False,True,False,False,P,P,0.5058719515800476,True,True,False
controller,validation-001487-caf8b98aff7f6ebd-steps-15,15,4,4,False,True,False,False,P,P,0.5048620104789734,True,True,False
controller,validation-001487-caf8b98aff7f6ebd-steps-16,16,4,4,False,True,False,False,P,P,0.5045050382614136,True,True,False
controller,validation-000467-d43cd4933b687dc2-steps-1,1,3,3,False,False,True,False,E,P,0.5338831543922424,True,False,False
controller,validation-000467-d43cd4933b687dc2-steps-2,2,4,4,False,False,True,False,H,X,0.5879338383674622,True,False,False
controller,validation-000467-d43cd4933b687dc2-steps-3,3,4,4,False,False,True,False,H,E,0.5821266174316406,True,False,False
controller,validation-000467-d43cd4933b687dc2-steps-4,4,4,4,True,False,False,False,H,H,0.5785927176475525,True,True,True
controller,validation-000467-d43cd4933b687dc2-steps-5,5,4,4,False,True,False,False,H,H,0.5756956934928894,True,True,False
controller,validation-000467-d43cd4933b687dc2-steps-6,6,4,4,False,True,False,False,H,H,0.5733861923217773,True,True,False
controller,validation-000467-d43cd4933b687dc2-steps-7,7,4,4,False,True,False,False,H,H,0.5737811326980591,True,True,False
controller,validation-000467-d43cd4933b687dc2-steps-8,8,4,4,False,True,False,False,H,H,0.5721968412399292,True,True,False
controller,validation-000467-d43cd4933b687dc2-steps-9,9,4,4,False,True,False,False,H,H,0.5723506212234497,True,True,False
controller,validation-000467-d43cd4933b687dc2-steps-10,10,4,4,False,True,False,False,H,H,0.5776391625404358,True,True,False
controller,validation-000467-d43cd4933b687dc2-steps-11,11,4,4,False,True,False,False,H,H,0.576802670955658,True,True,False
controller,validation-000467-d43cd4933b687dc2-steps-12,12,4,4,False,True,False,False,H,H,0.5753830075263977,True,True,False
controller,validation-000467-d43cd4933b687dc2-steps-13,13,4,4,False,True,False,False,H,H,0.5748280882835388,True,True,False
controller,validation-000467-d43cd4933b687dc2-steps-14,14,4,4,False,True,False,False,H,H,0.5754120945930481,True,True,False
controller,validation-000467-d43cd4933b687dc2-steps-15,15,4,4,False,True,False,False,H,H,0.5746097564697266,True,True,False
controller,validation-000467-d43cd4933b687dc2-steps-16,16,4,4,False,True,False,False,H,H,0.5741621851921082,True,True,False
controller,validation-001187-54b952e50cd9fea8-steps-1,1,3,3,False,False,True,False,V,V,0.5533497333526611,True,True,False
controller,validation-001187-54b952e50cd9fea8-steps-2,2,3,3,False,False,True,False,V,V,0.5157386660575867,True,True,False
controller,validation-001187-54b952e50cd9fea8-steps-3,3,3,3,True,False,False,False,V,V,0.5061194896697998,True,True,True
controller,validation-001187-54b952e50cd9fea8-steps-4,4,3,3,False,True,False,False,V,V,0.5007030367851257,True,True,False
controller,validation-001187-54b952e50cd9fea8-steps-5,5,4,4,False,True,False,False,V,V,0.5779708623886108,True,True,False
controller,validation-001187-54b952e50cd9fea8-steps-6,6,4,4,False,True,False,False,V,V,0.5757889151573181,True,True,False
controller,validation-001187-54b952e50cd9fea8-steps-7,7,4,4,False,True,False,False,V,V,0.5762829184532166,True,True,False
controller,validation-001187-54b952e50cd9fea8-steps-8,8,4,4,False,True,False,False,V,V,0.5744531750679016,True,True,False
controller,validation-001187-54b952e50cd9fea8-steps-9,9,4,4,False,True,False,False,V,V,0.5748125314712524,True,True,False
controller,validation-001187-54b952e50cd9fea8-steps-10,10,4,4,False,True,False,False,V,V,0.5801787376403809,True,True,False
controller,validation-001187-54b952e50cd9fea8-steps-11,11,4,4,False,True,False,False,V,V,0.5788837671279907,True,True,False
controller,validation-001187-54b952e50cd9fea8-steps-12,12,4,4,False,True,False,False,V,V,0.5774368047714233,True,True,False
controller,validation-001187-54b952e50cd9fea8-steps-13,13,4,4,False,True,False,False,V,V,0.5767727494239807,True,True,False
controller,validation-001187-54b952e50cd9fea8-steps-14,14,4,4,False,True,False,False,V,V,0.5775187611579895,True,True,False
controller,validation-001187-54b952e50cd9fea8-steps-15,15,4,4,False,True,False,False,V,V,0.5765233039855957,True,True,False
controller,validation-001187-54b952e50cd9fea8-steps-16,16,4,4,False,True,False,False,V,V,0.5759919881820679,True,True,False
controller,validation-000995-bbc5be80ecf21887-steps-1,1,3,3,False,False,True,False,J,F,0.5287958383560181,True,False,False
controller,validation-000995-bbc5be80ecf21887-steps-2,2,4,4,False,False,True,False,Y,K,0.5808943510055542,True,False,False
controller,validation-000995-bbc5be80ecf21887-steps-3,3,4,4,False,False,True,False,Y,J,0.5753771662712097,True,False,False
controller,validation-000995-bbc5be80ecf21887-steps-4,4,4,4,True,False,False,False,Y,Y,0.5720872282981873,True,True,True
controller,validation-000995-bbc5be80ecf21887-steps-5,5,4,4,False,True,False,False,Y,R,0.5691772699356079,True,False,False
controller,validation-000995-bbc5be80ecf21887-steps-6,6,4,4,False,True,False,False,Y,F,0.5672420859336853,True,False,False
controller,validation-000995-bbc5be80ecf21887-steps-7,7,4,4,False,True,False,False,Y,K,0.5674580335617065,True,False,False
controller,validation-000995-bbc5be80ecf21887-steps-8,8,4,4,False,True,False,False,Y,J,0.5659352540969849,True,False,False
controller,validation-000995-bbc5be80ecf21887-steps-9,9,4,4,False,True,False,False,Y,Y,0.5662080645561218,True,True,False
controller,validation-000995-bbc5be80ecf21887-steps-10,10,4,4,False,True,False,False,Y,R,0.5707330703735352,True,False,False
controller,validation-000995-bbc5be80ecf21887-steps-11,11,4,4,False,True,False,False,Y,F,0.5696607828140259,True,False,False
controller,validation-000995-bbc5be80ecf21887-steps-12,12,4,4,False,True,False,False,Y,K,0.568364143371582,True,False,False
controller,validation-000995-bbc5be80ecf21887-steps-13,13,4,4,False,True,False,False,Y,J,0.5677059888839722,True,False,False
controller,validation-000995-bbc5be80ecf21887-steps-14,14,4,4,False,True,False,False,Y,Y,0.5683772563934326,True,True,False
controller,validation-000995-bbc5be80ecf21887-steps-15,15,4,4,False,True,False,False,Y,R,0.5674713850021362,True,False,False
controller,validation-000995-bbc5be80ecf21887-steps-16,16,4,4,False,True,False,False,Y,F,0.5671740174293518,True,False,False
controller,validation-001475-86ff66f777d064fd-steps-1,1,3,3,False,False,True,False,X,K,0.505312442779541,True,False,False
controller,validation-001475-86ff66f777d064fd-steps-2,2,4,4,False,False,True,False,I,C,0.5807216167449951,True,False,False
controller,validation-001475-86ff66f777d064fd-steps-3,3,4,4,False,False,True,False,I,X,0.5754851698875427,True,False,False
controller,validation-001475-86ff66f777d064fd-steps-4,4,4,4,True,False,False,False,I,I,0.5724949240684509,True,True,True
controller,validation-001475-86ff66f777d064fd-steps-5,5,4,4,False,True,False,False,I,L,0.5697021484375,True,False,False
controller,validation-001475-86ff66f777d064fd-steps-6,6,4,4,False,True,False,False,I,R,0.5680892467498779,True,False,False
controller,validation-001475-86ff66f777d064fd-steps-7,7,4,4,False,True,False,False,I,W,0.5682340264320374,True,False,False
controller,validation-001475-86ff66f777d064fd-steps-8,8,4,4,False,True,False,False,I,F,0.5668006539344788,True,False,False
controller,validation-001475-86ff66f777d064fd-steps-9,9,4,4,False,True,False,False,I,B,0.5673524141311646,True,False,False
controller,validation-001475-86ff66f777d064fd-steps-10,10,4,4,False,True,False,False,I,G,0.5715157985687256,True,False,False
controller,validation-001475-86ff66f777d064fd-steps-11,11,4,4,False,True,False,False,I,O,0.5705390572547913,True,False,False
controller,validation-001475-86ff66f777d064fd-steps-12,12,4,4,False,True,False,False,I,H,0.5693477392196655,True,False,False
controller,validation-001475-86ff66f777d064fd-steps-13,13,4,4,False,True,False,False,I,Q,0.568722665309906,True,False,False
controller,validation-001475-86ff66f777d064fd-steps-14,14,4,4,False,True,False,False,I,A,0.5693379044532776,True,False,False
controller,validation-001475-86ff66f777d064fd-steps-15,15,4,4,False,True,False,False,I,P,0.568465530872345,True,False,False
controller,validation-001475-86ff66f777d064fd-steps-16,16,4,4,False,True,False,False,I,V,0.5681247711181641,True,False,False
controller,validation-001499-0106e87b0480663d-steps-1,1,1,1,True,False,False,False,N,N,0.5016409754753113,True,True,True
controller,validation-001499-0106e87b0480663d-steps-2,2,3,3,False,False,True,False,J,Z,0.5121691226959229,True,False,False
controller,validation-001499-0106e87b0480663d-steps-3,3,3,3,True,False,False,False,J,J,0.503536581993103,True,True,True
controller,validation-001499-0106e87b0480663d-steps-4,4,4,4,True,False,False,False,M,M,0.5840358138084412,True,True,True
controller,validation-001499-0106e87b0480663d-steps-5,5,4,4,False,True,False,False,M,L,0.5811460018157959,True,False,False
controller,validation-001499-0106e87b0480663d-steps-6,6,4,4,False,True,False,False,M,S,0.5794042944908142,True,False,False
controller,validation-001499-0106e87b0480663d-steps-7,7,4,4,False,True,False,False,M,H,0.579543948173523,True,False,False
controller,validation-001499-0106e87b0480663d-steps-8,8,4,4,False,True,False,False,M,W,0.5783281326293945,True,False,False
controller,validation-001499-0106e87b0480663d-steps-9,9,4,4,False,True,False,False,M,K,0.5786594748497009,True,False,False
controller,validation-001499-0106e87b0480663d-steps-10,10,4,4,False,True,False,False,M,Z,0.5826400518417358,True,False,False
controller,validation-001499-0106e87b0480663d-steps-11,11,4,4,False,True,False,False,M,J,0.5816351771354675,True,False,False
controller,validation-001499-0106e87b0480663d-steps-12,12,4,4,False,True,False,False,M,M,0.5804960131645203,True,True,False
controller,validation-001499-0106e87b0480663d-steps-13,13,4,4,False,True,False,False,M,L,0.5799680352210999,True,False,False
controller,validation-001499-0106e87b0480663d-steps-14,14,4,4,False,True,False,False,M,S,0.5806680917739868,True,False,False
controller,validation-001499-0106e87b0480663d-steps-15,15,4,4,False,True,False,False,M,H,0.5796318650245667,True,False,False
controller,validation-001499-0106e87b0480663d-steps-16,16,4,4,False,True,False,False,M,W,0.5794398188591003,True,False,False
controller,validation-001007-8e55fe30f00318e8-steps-1,1,1,1,True,False,False,False,W,W,0.5001798272132874,True,True,True
controller,validation-001007-8e55fe30f00318e8-steps-2,2,3,3,False,False,True,False,Z,C,0.504315972328186,True,False,False
controller,validation-001007-8e55fe30f00318e8-steps-3,3,4,4,False,False,True,False,Q,Z,0.5639315247535706,True,False,False
controller,validation-001007-8e55fe30f00318e8-steps-4,4,4,4,True,False,False,False,Q,Q,0.5603029131889343,True,True,True
controller,validation-001007-8e55fe30f00318e8-steps-5,5,4,4,False,True,False,False,Q,E,0.5573455691337585,True,False,False
controller,validation-001007-8e55fe30f00318e8-steps-6,6,4,4,False,True,False,False,Q,R,0.5548544526100159,True,False,False
controller,validation-001007-8e55fe30f00318e8-steps-7,7,4,4,False,True,False,False,Q,N,0.555220365524292,True,False,False
controller,validation-001007-8e55fe30f00318e8-steps-8,8,4,4,False,True,False,False,Q,A,0.5538702607154846,True,False,False
controller,validation-001007-8e55fe30f00318e8-steps-9,9,4,4,False,True,False,False,Q,U,0.5537762641906738,True,False,False
controller,validation-001007-8e55fe30f00318e8-steps-10,10,4,4,False,True,False,False,Q,L,0.559115469455719,True,False,False
controller,validation-001007-8e55fe30f00318e8-steps-11,11,4,4,False,True,False,False,Q,K,0.557996928691864,True,False,False
controller,validation-001007-8e55fe30f00318e8-steps-12,12,4,4,False,True,False,False,Q,M,0.5567737817764282,True,False,False
controller,validation-001007-8e55fe30f00318e8-steps-13,13,4,4,False,True,False,False,Q,Y,0.5559445023536682,True,False,False
controller,validation-001007-8e55fe30f00318e8-steps-14,14,4,4,False,True,False,False,Q,X,0.5565483570098877,True,False,False
controller,validation-001007-8e55fe30f00318e8-steps-15,15,4,4,False,True,False,False,Q,D,0.5557788014411926,True,False,False
controller,validation-001007-8e55fe30f00318e8-steps-16,16,4,4,False,True,False,False,Q,V,0.5553621053695679,True,False,False
controller,validation-001439-47776492d9fe48c3-steps-1,1,3,3,False,False,True,False,S,H,0.5431292653083801,True,False,False
controller,validation-001439-47776492d9fe48c3-steps-2,2,3,3,False,False,True,False,S,O,0.5066100358963013,True,False,False
controller,validation-001439-47776492d9fe48c3-steps-3,3,4,4,False,False,True,False,Q,S,0.5868089199066162,True,False,False
controller,validation-001439-47776492d9fe48c3-steps-4,4,4,4,True,False,False,False,Q,Q,0.5835321545600891,True,True,True
controller,validation-001439-47776492d9fe48c3-steps-5,5,4,4,False,True,False,False,Q,U,0.5804908871650696,True,False,False
controller,validation-001439-47776492d9fe48c3-steps-6,6,4,4,False,True,False,False,Q,R,0.578494668006897,True,False,False
controller,validation-001439-47776492d9fe48c3-steps-7,7,4,4,False,True,False,False,Q,N,0.5785423517227173,True,False,False
controller,validation-001439-47776492d9fe48c3-steps-8,8,4,4,False,True,False,False,Q,X,0.5770714282989502,True,False,False
controller,validation-001439-47776492d9fe48c3-steps-9,9,4,4,False,True,False,False,Q,F,0.5772660374641418,True,False,False
controller,validation-001439-47776492d9fe48c3-steps-10,10,4,4,False,True,False,False,Q,W,0.58253014087677,True,False,False
controller,validation-001439-47776492d9fe48c3-steps-11,11,4,4,False,True,False,False,Q,Y,0.5810829997062683,True,False,False
controller,validation-001439-47776492d9fe48c3-steps-12,12,4,4,False,True,False,False,Q,E,0.5799272656440735,True,False,False
controller,validation-001439-47776492d9fe48c3-steps-13,13,4,4,False,True,False,False,Q,T,0.5791757702827454,True,False,False
controller,validation-001439-47776492d9fe48c3-steps-14,14,4,4,False,True,False,False,Q,B,0.5799636244773865,True,False,False
controller,validation-001439-47776492d9fe48c3-steps-15,15,4,4,False,True,False,False,Q,D,0.5790460705757141,True,False,False
controller,validation-001439-47776492d9fe48c3-steps-16,16,4,4,False,True,False,False,Q,K,0.5787017941474915,True,False,False
controller,validation-000503-f6821c31afbef11e-steps-1,1,3,3,False,False,True,False,U,R,0.5434408187866211,True,False,False
controller,validation-000503-f6821c31afbef11e-steps-2,2,3,3,False,False,True,False,U,C,0.508068859577179,True,False,False
controller,validation-000503-f6821c31afbef11e-steps-3,3,4,4,False,False,True,False,M,U,0.578038215637207,True,False,False
controller,validation-000503-f6821c31afbef11e-steps-4,4,4,4,True,False,False,False,M,M,0.5750232934951782,True,True,True
controller,validation-000503-f6821c31afbef11e-steps-5,5,4,4,False,True,False,False,M,W,0.572067141532898,True,False,False
controller,validation-000503-f6821c31afbef11e-steps-6,6,4,4,False,True,False,False,M,H,0.570214569568634,True,False,False
controller,validation-000503-f6821c31afbef11e-steps-7,7,4,4,False,True,False,False,M,A,0.5705363750457764,True,False,False
controller,validation-000503-f6821c31afbef11e-steps-8,8,4,4,False,True,False,False,M,T,0.5691395401954651,True,False,False
controller,validation-000503-f6821c31afbef11e-steps-9,9,4,4,False,True,False,False,M,Y,0.5693691372871399,True,False,False
controller,validation-000503-f6821c31afbef11e-steps-10,10,4,4,False,True,False,False,M,G,0.5736144185066223,True,False,False
controller,validation-000503-f6821c31afbef11e-steps-11,11,4,4,False,True,False,False,M,N,0.57253098487854,True,False,False
controller,validation-000503-f6821c31afbef11e-steps-12,12,4,4,False,True,False,False,M,N,0.5714271068572998,True,False,False
controller,validation-000503-f6821c31afbef11e-steps-13,13,4,4,False,True,False,False,M,N,0.5707058310508728,True,False,False
controller,validation-000503-f6821c31afbef11e-steps-14,14,4,4,False,True,False,False,M,N,0.5714285969734192,True,False,False
controller,validation-000503-f6821c31afbef11e-steps-15,15,4,4,False,True,False,False,M,N,0.5705171227455139,True,False,False
controller,validation-000503-f6821c31afbef11e-steps-16,16,4,4,False,True,False,False,M,N,0.570260226726532,True,False,False
controller,validation-000431-12c2148d7ec54c23-steps-1,1,3,3,False,False,True,False,R,W,0.5450667142868042,True,False,False
controller,validation-000431-12c2148d7ec54c23-steps-2,2,3,3,False,False,True,False,R,D,0.509555995464325,True,False,False
controller,validation-000431-12c2148d7ec54c23-steps-3,3,3,3,True,False,False,False,R,R,0.5008878707885742,True,True,True
controller,validation-000431-12c2148d7ec54c23-steps-4,4,4,4,True,False,False,False,B,B,0.5764970183372498,True,True,True
controller,validation-000431-12c2148d7ec54c23-steps-5,5,4,4,False,True,False,False,B,S,0.5734986066818237,True,False,False
controller,validation-000431-12c2148d7ec54c23-steps-6,6,4,4,False,True,False,False,B,R,0.5715728402137756,True,False,False
controller,validation-000431-12c2148d7ec54c23-steps-7,7,4,4,False,True,False,False,B,B,0.5716627836227417,True,True,False
controller,validation-000431-12c2148d7ec54c23-steps-8,8,4,4,False,True,False,False,B,S,0.570365309715271,True,False,False
controller,validation-000431-12c2148d7ec54c23-steps-9,9,4,4,False,True,False,False,B,R,0.5706812143325806,True,False,False
controller,validation-000431-12c2148d7ec54c23-steps-10,10,4,4,False,True,False,False,B,B,0.5752665400505066,True,True,False
controller,validation-000431-12c2148d7ec54c23-steps-11,11,4,4,False,True,False,False,B,S,0.57419753074646,True,False,False
controller,validation-000431-12c2148d7ec54c23-steps-12,12,4,4,False,True,False,False,B,R,0.5729106068611145,True,False,False
controller,validation-000431-12c2148d7ec54c23-steps-13,13,4,4,False,True,False,False,B,B,0.5723571181297302,True,True,False
controller,validation-000431-12c2148d7ec54c23-steps-14,14,4,4,False,True,False,False,B,S,0.5729776620864868,True,False,False
controller,validation-000431-12c2148d7ec54c23-steps-15,15,4,4,False,True,False,False,B,R,0.5721509456634521,True,False,False
controller,validation-000431-12c2148d7ec54c23-steps-16,16,4,4,False,True,False,False,B,B,0.5717831254005432,True,True,False
controller,validation-001055-9fbdbb4ee26e7f99-steps-1,1,3,3,False,False,True,False,G,Z,0.5429627299308777,True,False,False
controller,validation-001055-9fbdbb4ee26e7f99-steps-2,2,3,3,False,False,True,False,G,B,0.505766749382019,True,False,False
controller,validation-001055-9fbdbb4ee26e7f99-steps-3,3,4,4,False,False,True,False,N,G,0.5934599041938782,True,False,False
controller,validation-001055-9fbdbb4ee26e7f99-steps-4,4,4,4,True,False,False,False,N,N,0.5903961062431335,True,True,True
controller,validation-001055-9fbdbb4ee26e7f99-steps-5,5,4,4,False,True,False,False,N,D,0.5874441862106323,True,False,False
controller,validation-001055-9fbdbb4ee26e7f99-steps-6,6,4,4,False,True,False,False,N,H,0.5854590535163879,True,False,False
controller,validation-001055-9fbdbb4ee26e7f99-steps-7,7,4,4,False,True,False,False,N,M,0.5856758952140808,True,False,False
controller,validation-001055-9fbdbb4ee26e7f99-steps-8,8,4,4,False,True,False,False,N,P,0.5844361782073975,True,False,False
controller,validation-001055-9fbdbb4ee26e7f99-steps-9,9,4,4,False,True,False,False,N,E,0.5847276449203491,True,False,False
controller,validation-001055-9fbdbb4ee26e7f99-steps-10,10,4,4,False,True,False,False,N,V,0.5890666842460632,True,False,False
controller,validation-001055-9fbdbb4ee26e7f99-steps-11,11,4,4,False,True,False,False,N,R,0.5881931185722351,True,False,False
controller,validation-001055-9fbdbb4ee26e7f99-steps-12,12,4,4,False,True,False,False,N,L,0.5868779420852661,True,False,False
controller,validation-001055-9fbdbb4ee26e7f99-steps-13,13,4,4,False,True,False,False,N,C,0.5862870216369629,True,False,False
controller,validation-001055-9fbdbb4ee26e7f99-steps-14,14,4,4,False,True,False,False,N,W,0.5868697762489319,True,False,False
controller,validation-001055-9fbdbb4ee26e7f99-steps-15,15,4,4,False,True,False,False,N,Q,0.586016833782196,True,False,False
controller,validation-001055-9fbdbb4ee26e7f99-steps-16,16,4,4,False,True,False,False,N,F,0.5857968926429749,True,False,False
controller,validation-000335-d90b114ba957e83a-steps-1,1,3,3,False,False,True,False,G,E,0.56473308801651,True,False,False
controller,validation-000335-d90b114ba957e83a-steps-2,2,3,3,False,False,True,False,G,O,0.5270969867706299,True,False,False
controller,validation-000335-d90b114ba957e83a-steps-3,3,3,3,True,False,False,False,G,G,0.5175527930259705,True,True,True
controller,validation-000335-d90b114ba957e83a-steps-4,4,3,3,False,True,False,False,G,L,0.5120230913162231,True,False,False
controller,validation-000335-d90b114ba957e83a-steps-5,5,3,3,False,True,False,False,G,Q,0.5074009299278259,True,False,False
controller,validation-000335-d90b114ba957e83a-steps-6,6,3,3,False,True,False,False,G,T,0.5041898488998413,True,False,False
controller,validation-000335-d90b114ba957e83a-steps-7,7,3,3,False,True,False,False,G,M,0.5048454999923706,True,False,False
controller,validation-000335-d90b114ba957e83a-steps-8,8,3,3,False,True,False,False,G,Y,0.5021935701370239,True,False,False
controller,validation-000335-d90b114ba957e83a-steps-9,9,3,3,False,True,False,False,G,R,0.5029791593551636,True,False,False
controller,validation-000335-d90b114ba957e83a-steps-10,10,3,3,False,True,False,False,G,E,0.5116056203842163,True,False,False
controller,validation-000335-d90b114ba957e83a-steps-11,11,3,3,False,True,False,False,G,O,0.510170578956604,True,False,False
controller,validation-000335-d90b114ba957e83a-steps-12,12,3,3,False,True,False,False,G,G,0.5077154636383057,True,True,False
controller,validation-000335-d90b114ba957e83a-steps-13,13,3,3,False,True,False,False,G,L,0.5071572065353394,True,False,False
controller,validation-000335-d90b114ba957e83a-steps-14,14,3,3,False,True,False,False,G,Q,0.5081881880760193,True,False,False
controller,validation-000335-d90b114ba957e83a-steps-15,15,3,3,False,True,False,False,G,T,0.5067432522773743,True,False,False
controller,validation-000335-d90b114ba957e83a-steps-16,16,3,3,False,True,False,False,G,M,0.5057643055915833,True,False,False
controller,validation-000383-f0afb736156f28b0-steps-1,1,1,1,True,False,False,False,C,C,0.5063540935516357,True,True,True
controller,validation-000383-f0afb736156f28b0-steps-2,2,4,4,False,False,True,False,M,H,0.5732437968254089,True,False,False
controller,validation-000383-f0afb736156f28b0-steps-3,3,4,4,False,False,True,False,M,A,0.5678781867027283,True,False,False
controller,validation-000383-f0afb736156f28b0-steps-4,4,4,4,True,False,False,False,M,M,0.5647720694541931,True,True,True
controller,validation-000383-f0afb736156f28b0-steps-5,5,4,4,False,True,False,False,M,F,0.5619845986366272,True,False,False
controller,validation-000383-f0afb736156f28b0-steps-6,6,4,4,False,True,False,False,M,V,0.5600935816764832,True,False,False
controller,validation-000383-f0afb736156f28b0-steps-7,7,4,4,False,True,False,False,M,C,0.5602899789810181,True,False,False
controller,validation-000383-f0afb736156f28b0-steps-8,8,4,4,False,True,False,False,M,H,0.5588138699531555,True,False,False
controller,validation-000383-f0afb736156f28b0-steps-9,9,4,4,False,True,False,False,M,A,0.5590589046478271,True,False,False
controller,validation-000383-f0afb736156f28b0-steps-10,10,4,4,False,True,False,False,M,M,0.5637240409851074,True,True,False
controller,validation-000383-f0afb736156f28b0-steps-11,11,4,4,False,True,False,False,M,F,0.5625970363616943,True,False,False
controller,validation-000383-f0afb736156f28b0-steps-12,12,4,4,False,True,False,False,M,V,0.561390221118927,True,False,False
controller,validation-000383-f0afb736156f28b0-steps-13,13,4,4,False,True,False,False,M,C,0.560638427734375,True,False,False
controller,validation-000383-f0afb736156f28b0-steps-14,14,4,4,False,True,False,False,M,H,0.5612324476242065,True,False,False
controller,validation-000383-f0afb736156f28b0-steps-15,15,4,4,False,True,False,False,M,A,0.5605068206787109,True,False,False
controller,validation-000383-f0afb736156f28b0-steps-16,16,4,4,False,True,False,False,M,M,0.5601319074630737,True,True,False
controller,validation-001223-f78dabefc858d2cf-steps-1,1,1,1,True,False,False,False,R,R,0.5029793381690979,True,True,True
controller,validation-001223-f78dabefc858d2cf-steps-2,2,4,4,False,False,True,False,Y,W,0.5951510667800903,True,False,False
controller,validation-001223-f78dabefc858d2cf-steps-3,3,4,4,False,False,True,False,Y,B,0.5892186164855957,True,False,False
controller,validation-001223-f78dabefc858d2cf-steps-4,4,4,4,True,False,False,False,Y,Y,0.5856598615646362,True,True,True
controller,validation-001223-f78dabefc858d2cf-steps-5,5,4,4,False,True,False,False,Y,X,0.5827813148498535,True,False,False
controller,validation-001223-f78dabefc858d2cf-steps-6,6,4,4,False,True,False,False,Y,Z,0.5804494023323059,True,False,False
controller,validation-001223-f78dabefc858d2cf-steps-7,7,4,4,False,True,False,False,Y,G,0.5806258916854858,True,False,False
controller,validation-001223-f78dabefc858d2cf-steps-8,8,4,4,False,True,False,False,Y,O,0.5792216658592224,True,False,False
controller,validation-001223-f78dabefc858d2cf-steps-9,9,4,4,False,True,False,False,Y,E,0.5792985558509827,True,False,False
controller,validation-001223-f78dabefc858d2cf-steps-10,10,4,4,False,True,False,False,Y,D,0.5844386219978333,True,False,False
controller,validation-001223-f78dabefc858d2cf-steps-11,11,4,4,False,True,False,False,Y,Q,0.5834329128265381,True,False,False
controller,validation-001223-f78dabefc858d2cf-steps-12,12,4,4,False,True,False,False,Y,L,0.5822374820709229,True,False,False
controller,validation-001223-f78dabefc858d2cf-steps-13,13,4,4,False,True,False,False,Y,A,0.5814271569252014,True,False,False
controller,validation-001223-f78dabefc858d2cf-steps-14,14,4,4,False,True,False,False,Y,C,0.5819830894470215,True,False,False
controller,validation-001223-f78dabefc858d2cf-steps-15,15,4,4,False,True,False,False,Y,P,0.5812262892723083,True,False,False
controller,validation-001223-f78dabefc858d2cf-steps-16,16,4,4,False,True,False,False,Y,F,0.5809053182601929,True,False,False
controller,validation-001535-41ba19cdf8bf8986-steps-1,1,3,3,False,False,True,False,Y,X,0.5264971852302551,True,False,False
controller,validation-001535-41ba19cdf8bf8986-steps-2,2,4,4,False,False,True,False,K,I,0.5654035210609436,True,False,False
controller,validation-001535-41ba19cdf8bf8986-steps-3,3,4,4,False,False,True,False,K,Y,0.5597216486930847,True,False,False
controller,validation-001535-41ba19cdf8bf8986-steps-4,4,4,4,True,False,False,False,K,K,0.556645393371582,True,True,True
controller,validation-001535-41ba19cdf8bf8986-steps-5,5,4,4,False,True,False,False,K,U,0.5536821484565735,True,False,False
controller,validation-001535-41ba19cdf8bf8986-steps-6,6,4,4,False,True,False,False,K,B,0.5518956184387207,True,False,False
controller,validation-001535-41ba19cdf8bf8986-steps-7,7,4,4,False,True,False,False,K,M,0.5521103739738464,True,False,False
controller,validation-001535-41ba19cdf8bf8986-steps-8,8,4,4,False,True,False,False,K,E,0.5506186485290527,True,False,False
controller,validation-001535-41ba19cdf8bf8986-steps-9,9,4,4,False,True,False,False,K,A,0.5510063767433167,True,False,False
controller,validation-001535-41ba19cdf8bf8986-steps-10,10,4,4,False,True,False,False,K,S,0.5556014180183411,True,False,False
controller,validation-001535-41ba19cdf8bf8986-steps-11,11,4,4,False,True,False,False,K,T,0.5545874238014221,True,False,False
controller,validation-001535-41ba19cdf8bf8986-steps-12,12,4,4,False,True,False,False,K,R,0.5533350706100464,True,False,False
controller,validation-001535-41ba19cdf8bf8986-steps-13,13,4,4,False,True,False,False,K,J,0.5526697039604187,True,False,False
controller,validation-001535-41ba19cdf8bf8986-steps-14,14,4,4,False,True,False,False,K,N,0.5533125400543213,True,False,False
controller,validation-001535-41ba19cdf8bf8986-steps-15,15,4,4,False,True,False,False,K,H,0.5523969531059265,True,False,False
controller,validation-001535-41ba19cdf8bf8986-steps-16,16,4,4,False,True,False,False,K,Z,0.5521708130836487,True,False,False
controller,validation-001091-91feaffb856cca6c-steps-1,1,3,3,False,False,True,False,W,P,0.5327368974685669,True,False,False
controller,validation-001091-91feaffb856cca6c-steps-2,2,4,4,False,False,True,False,H,Q,0.5904788374900818,True,False,False
controller,validation-001091-91feaffb856cca6c-steps-3,3,4,4,False,False,True,False,H,W,0.584600031375885,True,False,False
controller,validation-001091-91feaffb856cca6c-steps-4,4,4,4,True,False,False,False,H,H,0.581334114074707,True,True,True
controller,validation-001091-91feaffb856cca6c-steps-5,5,4,4,False,True,False,False,H,X,0.5782344341278076,True,False,False
controller,validation-001091-91feaffb856cca6c-steps-6,6,4,4,False,True,False,False,H,N,0.5764919519424438,True,False,False
controller,validation-001091-91feaffb856cca6c-steps-7,7,4,4,False,True,False,False,H,E,0.5766581296920776,True,False,False
controller,validation-001091-91feaffb856cca6c-steps-8,8,4,4,False,True,False,False,H,D,0.5753048658370972,True,False,False
controller,validation-001091-91feaffb856cca6c-steps-9,9,4,4,False,True,False,False,H,F,0.5758177638053894,True,False,False
controller,validation-001091-91feaffb856cca6c-steps-10,10,4,4,False,True,False,False,H,Z,0.5799745321273804,True,False,False
controller,validation-001091-91feaffb856cca6c-steps-11,11,4,4,False,True,False,False,H,J,0.5792483687400818,True,False,False
controller,validation-001091-91feaffb856cca6c-steps-12,12,4,4,False,True,False,False,H,A,0.5778053998947144,True,False,False
controller,validation-001091-91feaffb856cca6c-steps-13,13,4,4,False,True,False,False,H,C,0.5774391293525696,True,False,False
controller,validation-001091-91feaffb856cca6c-steps-14,14,4,4,False,True,False,False,H,I,0.5781044960021973,True,False,False
controller,validation-001091-91feaffb856cca6c-steps-15,15,4,4,False,True,False,False,H,T,0.5769951939582825,True,False,False
controller,validation-001091-91feaffb856cca6c-steps-16,16,4,4,False,True,False,False,H,S,0.5767046213150024,True,False,False
controller,validation-000923-3da6e61b2a558eff-steps-1,1,1,1,True,False,False,False,I,I,0.5310466885566711,True,True,True
controller,validation-000923-3da6e61b2a558eff-steps-2,2,4,4,False,False,True,False,I,I,0.5536220669746399,True,True,False
controller,validation-000923-3da6e61b2a558eff-steps-3,3,4,4,False,False,True,False,I,I,0.5476114749908447,True,True,False
controller,validation-000923-3da6e61b2a558eff-steps-4,4,4,4,True,False,False,False,I,I,0.5440815687179565,True,True,True
controller,validation-000923-3da6e61b2a558eff-steps-5,5,4,4,False,True,False,False,I,I,0.5410952568054199,True,True,False
controller,validation-000923-3da6e61b2a558eff-steps-6,6,4,4,False,True,False,False,I,I,0.5387477278709412,True,True,False
controller,validation-000923-3da6e61b2a558eff-steps-7,7,4,4,False,True,False,False,I,I,0.5390400290489197,True,True,False
controller,validation-000923-3da6e61b2a558eff-steps-8,8,4,4,False,True,False,False,I,I,0.5376051068305969,True,True,False
controller,validation-000923-3da6e61b2a558eff-steps-9,9,4,4,False,True,False,False,I,I,0.5377472043037415,True,True,False
controller,validation-000923-3da6e61b2a558eff-steps-10,10,4,4,False,True,False,False,I,I,0.5425236225128174,True,True,False
controller,validation-000923-3da6e61b2a558eff-steps-11,11,4,4,False,True,False,False,I,I,0.5415506958961487,True,True,False
controller,validation-000923-3da6e61b2a558eff-steps-12,12,4,4,False,True,False,False,I,I,0.5401572585105896,True,True,False
controller,validation-000923-3da6e61b2a558eff-steps-13,13,4,4,False,True,False,False,I,I,0.5395013093948364,True,True,False
controller,validation-000923-3da6e61b2a558eff-steps-14,14,4,4,False,True,False,False,I,I,0.5401872396469116,True,True,False
controller,validation-000923-3da6e61b2a558eff-steps-15,15,4,4,False,True,False,False,I,I,0.5392099022865295,True,True,False
controller,validation-000923-3da6e61b2a558eff-steps-16,16,4,4,False,True,False,False,I,I,0.5389496088027954,True,True,False
controller,validation-000287-f15bc8539395ddeb-steps-1,1,4,4,False,False,True,False,Q,T,0.5712882876396179,True,False,False
controller,validation-000287-f15bc8539395ddeb-steps-2,2,4,4,False,False,True,False,Q,H,0.5496617555618286,True,False,False
controller,validation-000287-f15bc8539395ddeb-steps-3,3,4,4,False,False,True,False,Q,J,0.5439064502716064,True,False,False
controller,validation-000287-f15bc8539395ddeb-steps-4,4,4,4,True,False,False,False,Q,Q,0.540744423866272,True,True,True
controller,validation-000287-f15bc8539395ddeb-steps-5,5,4,4,False,True,False,False,Q,W,0.5377655029296875,True,False,False
controller,validation-000287-f15bc8539395ddeb-steps-6,6,4,4,False,True,False,False,Q,B,0.5358465313911438,True,False,False
controller,validation-000287-f15bc8539395ddeb-steps-7,7,4,4,False,True,False,False,Q,E,0.5361345410346985,True,False,False
controller,validation-000287-f15bc8539395ddeb-steps-8,8,4,4,False,True,False,False,Q,S,0.5345091819763184,True,False,False
controller,validation-000287-f15bc8539395ddeb-steps-9,9,4,4,False,True,False,False,Q,C,0.534801721572876,True,False,False
controller,validation-000287-f15bc8539395ddeb-steps-10,10,4,4,False,True,False,False,Q,P,0.5396977066993713,True,False,False
controller,validation-000287-f15bc8539395ddeb-steps-11,11,4,4,False,True,False,False,Q,O,0.538562536239624,True,False,False
controller,validation-000287-f15bc8539395ddeb-steps-12,12,4,4,False,True,False,False,Q,Y,0.5373167395591736,True,False,False
controller,validation-000287-f15bc8539395ddeb-steps-13,13,4,4,False,True,False,False,Q,I,0.5365622639656067,True,False,False
controller,validation-000287-f15bc8539395ddeb-steps-14,14,4,4,False,True,False,False,Q,V,0.5372655391693115,True,False,False
controller,validation-000287-f15bc8539395ddeb-steps-15,15,4,4,False,True,False,False,Q,T,0.5363113880157471,True,False,False
controller,validation-000287-f15bc8539395ddeb-steps-16,16,4,4,False,True,False,False,Q,H,0.5360717177391052,True,False,False
controller,validation-000683-c9c2938aa3bd1cdc-steps-1,1,3,3,False,False,True,False,G,L,0.5507498979568481,True,False,False
controller,validation-000683-c9c2938aa3bd1cdc-steps-2,2,3,3,False,False,True,False,G,E,0.5141542553901672,True,False,False
controller,validation-000683-c9c2938aa3bd1cdc-steps-3,3,3,3,True,False,False,False,G,G,0.505092978477478,True,True,True
controller,validation-000683-c9c2938aa3bd1cdc-steps-4,4,4,4,True,False,False,False,N,N,0.5747707486152649,True,True,True
controller,validation-000683-c9c2938aa3bd1cdc-steps-5,5,4,4,False,True,False,False,N,Y,0.5719683766365051,True,False,False
controller,validation-000683-c9c2938aa3bd1cdc-steps-6,6,4,4,False,True,False,False,N,P,0.5697459578514099,True,False,False
controller,validation-000683-c9c2938aa3bd1cdc-steps-7,7,4,4,False,True,False,False,N,I,0.5699980854988098,True,False,False
controller,validation-000683-c9c2938aa3bd1cdc-steps-8,8,4,4,False,True,False,False,N,X,0.5684268474578857,True,False,False
controller,validation-000683-c9c2938aa3bd1cdc-steps-9,9,4,4,False,True,False,False,N,S,0.5687757134437561,True,False,False
controller,validation-000683-c9c2938aa3bd1cdc-steps-10,10,4,4,False,True,False,False,N,Z,0.5738018751144409,True,False,False
controller,validation-000683-c9c2938aa3bd1cdc-steps-11,11,4,4,False,True,False,False,N,R,0.5725701451301575,True,False,False
controller,validation-000683-c9c2938aa3bd1cdc-steps-12,12,4,4,False,True,False,False,N,O,0.5712529420852661,True,False,False
controller,validation-000683-c9c2938aa3bd1cdc-steps-13,13,4,4,False,True,False,False,N,U,0.5707310438156128,True,False,False
controller,validation-000683-c9c2938aa3bd1cdc-steps-14,14,4,4,False,True,False,False,N,T,0.5714378952980042,True,False,False
controller,validation-000683-c9c2938aa3bd1cdc-steps-15,15,4,4,False,True,False,False,N,F,0.5706814527511597,True,False,False
controller,validation-000683-c9c2938aa3bd1cdc-steps-16,16,4,4,False,True,False,False,N,W,0.5700265169143677,True,False,False
controller,validation-001067-527abe078c805ef7-steps-1,1,4,4,False,False,True,False,B,B,0.5478389859199524,True,True,False
controller,validation-001067-527abe078c805ef7-steps-2,2,4,4,False,False,True,False,B,B,0.5261428952217102,True,True,False
controller,validation-001067-527abe078c805ef7-steps-3,3,4,4,False,False,True,False,B,B,0.5204442143440247,True,True,False
controller,validation-001067-527abe078c805ef7-steps-4,4,4,4,True,False,False,False,B,B,0.517341673374176,True,True,True
controller,validation-001067-527abe078c805ef7-steps-5,5,4,4,False,True,False,False,B,B,0.5141516327857971,True,True,False
controller,validation-001067-527abe078c805ef7-steps-6,6,4,4,False,True,False,False,B,B,0.5121811628341675,True,True,False
controller,validation-001067-527abe078c805ef7-steps-7,7,4,4,False,True,False,False,B,B,0.5122621059417725,True,True,False
controller,validation-001067-527abe078c805ef7-steps-8,8,4,4,False,True,False,False,B,B,0.5108863711357117,True,True,False
controller,validation-001067-527abe078c805ef7-steps-9,9,4,4,False,True,False,False,B,B,0.5111973285675049,True,True,False
controller,validation-001067-527abe078c805ef7-steps-10,10,4,4,False,True,False,False,B,B,0.5159298777580261,True,True,False
controller,validation-001067-527abe078c805ef7-steps-11,11,4,4,False,True,False,False,B,B,0.5144650340080261,True,True,False
controller,validation-001067-527abe078c805ef7-steps-12,12,4,4,False,True,False,False,B,B,0.5135287642478943,True,True,False
controller,validation-001067-527abe078c805ef7-steps-13,13,4,4,False,True,False,False,B,B,0.5125611424446106,True,True,False
controller,validation-001067-527abe078c805ef7-steps-14,14,4,4,False,True,False,False,B,B,0.5132763981819153,True,True,False
controller,validation-001067-527abe078c805ef7-steps-15,15,4,4,False,True,False,False,B,B,0.5126895904541016,True,True,False
controller,validation-001067-527abe078c805ef7-steps-16,16,4,4,False,True,False,False,B,B,0.5122358798980713,True,True,False
controller,validation-000143-55a022f5099feb4c-steps-1,1,3,3,False,False,True,False,A,P,0.5257941484451294,True,False,False
controller,validation-000143-55a022f5099feb4c-steps-2,2,4,4,False,False,True,False,U,F,0.5597726106643677,True,False,False
controller,validation-000143-55a022f5099feb4c-steps-3,3,4,4,False,False,True,False,U,A,0.5540005564689636,True,False,False
controller,validation-000143-55a022f5099feb4c-steps-4,4,4,4,True,False,False,False,U,U,0.550683856010437,True,True,True
controller,validation-000143-55a022f5099feb4c-steps-5,5,4,4,False,True,False,False,U,C,0.5477608442306519,True,False,False
controller,validation-000143-55a022f5099feb4c-steps-6,6,4,4,False,True,False,False,U,S,0.5459221601486206,True,False,False
controller,validation-000143-55a022f5099feb4c-steps-7,7,4,4,False,True,False,False,U,H,0.5462196469306946,True,False,False
controller,validation-000143-55a022f5099feb4c-steps-8,8,4,4,False,True,False,False,U,R,0.5446471571922302,True,False,False
controller,validation-000143-55a022f5099feb4c-steps-9,9,4,4,False,True,False,False,U,P,0.5451276302337646,True,False,False
controller,validation-000143-55a022f5099feb4c-steps-10,10,4,4,False,True,False,False,U,F,0.5493646860122681,True,False,False
controller,validation-000143-55a022f5099feb4c-steps-11,11,4,4,False,True,False,False,U,A,0.5483723282814026,True,False,False
controller,validation-000143-55a022f5099feb4c-steps-12,12,4,4,False,True,False,False,U,U,0.5471117496490479,True,True,False
controller,validation-000143-55a022f5099feb4c-steps-13,13,4,4,False,True,False,False,U,C,0.5466187596321106,True,False,False
controller,validation-000143-55a022f5099feb4c-steps-14,14,4,4,False,True,False,False,U,S,0.5472304224967957,True,False,False
controller,validation-000143-55a022f5099feb4c-steps-15,15,4,4,False,True,False,False,U,H,0.5463264584541321,True,False,False
controller,validation-000143-55a022f5099feb4c-steps-16,16,4,4,False,True,False,False,U,R,0.5459524989128113,True,False,False
controller,validation-001427-4ecc46346a69d9fe-steps-1,1,3,3,False,False,True,False,Z,B,0.5267356634140015,True,False,False
controller,validation-001427-4ecc46346a69d9fe-steps-2,2,4,4,False,False,True,False,B,N,0.5587790608406067,True,False,False
controller,validation-001427-4ecc46346a69d9fe-steps-3,3,4,4,False,False,True,False,B,Z,0.5530409216880798,True,False,False
controller,validation-001427-4ecc46346a69d9fe-steps-4,4,4,4,True,False,False,False,B,B,0.5499318242073059,True,True,True
controller,validation-001427-4ecc46346a69d9fe-steps-5,5,4,4,False,True,False,False,B,N,0.5469013452529907,True,False,False
controller,validation-001427-4ecc46346a69d9fe-steps-6,6,4,4,False,True,False,False,B,Z,0.5449824929237366,True,False,False
controller,validation-001427-4ecc46346a69d9fe-steps-7,7,4,4,False,True,False,False,B,B,0.5450997948646545,True,True,False
controller,validation-001427-4ecc46346a69d9fe-steps-8,8,4,4,False,True,False,False,B,N,0.5436224341392517,True,False,False
controller,validation-001427-4ecc46346a69d9fe-steps-9,9,4,4,False,True,False,False,B,Z,0.5441129803657532,True,False,False
controller,validation-001427-4ecc46346a69d9fe-steps-10,10,4,4,False,True,False,False,B,B,0.5492373704910278,True,True,False
controller,validation-001427-4ecc46346a69d9fe-steps-11,11,4,4,False,True,False,False,B,N,0.5481120347976685,True,False,False
controller,validation-001427-4ecc46346a69d9fe-steps-12,12,4,4,False,True,False,False,B,Z,0.5467773079872131,True,False,False
controller,validation-001427-4ecc46346a69d9fe-steps-13,13,4,4,False,True,False,False,B,B,0.5461639165878296,True,True,False
controller,validation-001427-4ecc46346a69d9fe-steps-14,14,4,4,False,True,False,False,B,N,0.5469018220901489,True,False,False
controller,validation-001427-4ecc46346a69d9fe-steps-15,15,4,4,False,True,False,False,B,Z,0.5460068583488464,True,False,False
controller,validation-001427-4ecc46346a69d9fe-steps-16,16,4,4,False,True,False,False,B,B,0.5456359386444092,True,True,False
controller,validation-000251-4d2868d58614a55e-steps-1,1,3,3,False,False,True,False,Z,W,0.5306633710861206,True,False,False
controller,validation-000251-4d2868d58614a55e-steps-2,2,4,4,False,False,True,False,V,B,0.6123880743980408,True,False,False
controller,validation-000251-4d2868d58614a55e-steps-3,3,4,4,False,False,True,False,V,Z,0.6065132021903992,True,False,False
controller,validation-000251-4d2868d58614a55e-steps-4,4,4,4,True,False,False,False,V,V,0.6032490730285645,True,True,True
controller,validation-000251-4d2868d58614a55e-steps-5,5,4,4,False,True,False,False,V,W,0.6001425981521606,True,False,False
controller,validation-000251-4d2868d58614a55e-steps-6,6,4,4,False,True,False,False,V,B,0.598146378993988,True,False,False
controller,validation-000251-4d2868d58614a55e-steps-7,7,4,4,False,True,False,False,V,Z,0.5982455015182495,True,False,False
controller,validation-000251-4d2868d58614a55e-steps-8,8,4,4,False,True,False,False,V,V,0.59671550989151,True,True,False
controller,validation-000251-4d2868d58614a55e-steps-9,9,4,4,False,True,False,False,V,W,0.5970678329467773,True,False,False
controller,validation-000251-4d2868d58614a55e-steps-10,10,4,4,False,True,False,False,V,B,0.6014400124549866,True,False,False
controller,validation-000251-4d2868d58614a55e-steps-11,11,4,4,False,True,False,False,V,Z,0.6004107594490051,True,False,False
controller,validation-000251-4d2868d58614a55e-steps-12,12,4,4,False,True,False,False,V,V,0.598958432674408,True,True,False
controller,validation-000251-4d2868d58614a55e-steps-13,13,4,4,False,True,False,False,V,W,0.5984055995941162,True,False,False
controller,validation-000251-4d2868d58614a55e-steps-14,14,4,4,False,True,False,False,V,B,0.5990421772003174,True,False,False
controller,validation-000251-4d2868d58614a55e-steps-15,15,4,4,False,True,False,False,V,Z,0.5980947613716125,True,False,False
controller,validation-000251-4d2868d58614a55e-steps-16,16,4,4,False,True,False,False,V,V,0.5978235006332397,True,True,False
controller,validation-000299-a6cb6a71e814471a-steps-1,1,3,3,False,False,True,False,T,Y,0.5201810598373413,True,False,False
controller,validation-000299-a6cb6a71e814471a-steps-2,2,4,4,False,False,True,False,D,L,0.5877044200897217,True,False,False
controller,validation-000299-a6cb6a71e814471a-steps-3,3,4,4,False,False,True,False,D,T,0.5820489525794983,True,False,False
controller,validation-000299-a6cb6a71e814471a-steps-4,4,4,4,True,False,False,False,D,D,0.5790831446647644,True,True,True
controller,validation-000299-a6cb6a71e814471a-steps-5,5,4,4,False,True,False,False,D,E,0.576063334941864,True,False,False
controller,validation-000299-a6cb6a71e814471a-steps-6,6,4,4,False,True,False,False,D,U,0.5741740465164185,True,False,False
controller,validation-000299-a6cb6a71e814471a-steps-7,7,4,4,False,True,False,False,D,S,0.5742688179016113,True,False,False
controller,validation-000299-a6cb6a71e814471a-steps-8,8,4,4,False,True,False,False,D,K,0.5727807283401489,True,False,False
controller,validation-000299-a6cb6a71e814471a-steps-9,9,4,4,False,True,False,False,D,N,0.5732489824295044,True,False,False
controller,validation-000299-a6cb6a71e814471a-steps-10,10,4,4,False,True,False,False,D,J,0.5774123668670654,True,False,False
controller,validation-000299-a6cb6a71e814471a-steps-11,11,4,4,False,True,False,False,D,O,0.5764782428741455,True,False,False
controller,validation-000299-a6cb6a71e814471a-steps-12,12,4,4,False,True,False,False,D,Z,0.5752974152565002,True,False,False
controller,validation-000299-a6cb6a71e814471a-steps-13,13,4,4,False,True,False,False,D,X,0.5745024085044861,True,False,False
controller,validation-000299-a6cb6a71e814471a-steps-14,14,4,4,False,True,False,False,D,Y,0.5752479434013367,True,False,False
controller,validation-000299-a6cb6a71e814471a-steps-15,15,4,4,False,True,False,False,D,L,0.5742941498756409,True,False,False
controller,validation-000299-a6cb6a71e814471a-steps-16,16,4,4,False,True,False,False,D,T,0.5738800764083862,True,False,False
controller,validation-000959-a8d52e3ae31b6109-steps-1,1,3,3,False,False,True,False,F,S,0.5412031412124634,True,False,False
controller,validation-000959-a8d52e3ae31b6109-steps-2,2,3,3,False,False,True,False,F,V,0.5056594014167786,True,False,False
controller,validation-000959-a8d52e3ae31b6109-steps-3,3,4,4,False,False,True,False,N,F,0.5624350905418396,True,False,False
controller,validation-000959-a8d52e3ae31b6109-steps-4,4,4,4,True,False,False,False,N,N,0.559293270111084,True,True,True
controller,validation-000959-a8d52e3ae31b6109-steps-5,5,4,4,False,True,False,False,N,Q,0.5563608407974243,True,False,False
controller,validation-000959-a8d52e3ae31b6109-steps-6,6,4,4,False,True,False,False,N,T,0.5545142292976379,True,False,False
controller,validation-000959-a8d52e3ae31b6109-steps-7,7,4,4,False,True,False,False,N,A,0.5548388361930847,True,False,False
controller,validation-000959-a8d52e3ae31b6109-steps-8,8,4,4,False,True,False,False,N,Z,0.5532715916633606,True,False,False
controller,validation-000959-a8d52e3ae31b6109-steps-9,9,4,4,False,True,False,False,N,L,0.5536298751831055,True,False,False
controller,validation-000959-a8d52e3ae31b6109-steps-10,10,4,4,False,True,False,False,N,O,0.5579496026039124,True,False,False
controller,validation-000959-a8d52e3ae31b6109-steps-11,11,4,4,False,True,False,False,N,D,0.5569266676902771,True,False,False
controller,validation-000959-a8d52e3ae31b6109-steps-12,12,4,4,False,True,False,False,N,E,0.5557354688644409,True,False,False
controller,validation-000959-a8d52e3ae31b6109-steps-13,13,4,4,False,True,False,False,N,C,0.5551662445068359,True,False,False
controller,validation-000959-a8d52e3ae31b6109-steps-14,14,4,4,False,True,False,False,N,K,0.5558264255523682,True,False,False
controller,validation-000959-a8d52e3ae31b6109-steps-15,15,4,4,False,True,False,False,N,X,0.5548890829086304,True,False,False
controller,validation-000959-a8d52e3ae31b6109-steps-16,16,4,4,False,True,False,False,N,I,0.5544718503952026,True,False,False
controller,validation-000887-704039b5f97f78a3-steps-1,1,3,3,False,False,True,False,G,B,0.5515548586845398,True,False,False
controller,validation-000887-704039b5f97f78a3-steps-2,2,3,3,False,False,True,False,G,S,0.5160231590270996,True,False,False
controller,validation-000887-704039b5f97f78a3-steps-3,3,3,3,True,False,False,False,G,G,0.5069532990455627,True,True,True
controller,validation-000887-704039b5f97f78a3-steps-4,4,3,3,False,True,False,False,G,F,0.5017450451850891,True,False,False
controller,validation-000887-704039b5f97f78a3-steps-5,5,4,4,False,True,False,False,F,U,0.5817145109176636,True,False,False
controller,validation-000887-704039b5f97f78a3-steps-6,6,4,4,False,True,False,False,F,W,0.5797185301780701,True,False,False
controller,validation-000887-704039b5f97f78a3-steps-7,7,4,4,False,True,False,False,F,A,0.5797868967056274,True,False,False
controller,validation-000887-704039b5f97f78a3-steps-8,8,4,4,False,True,False,False,F,K,0.5782861113548279,True,False,False
controller,validation-000887-704039b5f97f78a3-steps-9,9,4,4,False,True,False,False,F,D,0.5787128210067749,True,False,False
controller,validation-000887-704039b5f97f78a3-steps-10,10,3,3,False,True,False,False,G,H,0.501030683517456,True,False,False
controller,validation-000887-704039b5f97f78a3-steps-11,11,4,4,False,True,False,False,F,X,0.5823062658309937,True,False,False
controller,validation-000887-704039b5f97f78a3-steps-12,12,4,4,False,True,False,False,F,J,0.5811610817909241,True,False,False
controller,validation-000887-704039b5f97f78a3-steps-13,13,4,4,False,True,False,False,F,O,0.5804795622825623,True,False,False
controller,validation-000887-704039b5f97f78a3-steps-14,14,4,4,False,True,False,False,F,L,0.5811254382133484,True,False,False
controller,validation-000887-704039b5f97f78a3-steps-15,15,4,4,False,True,False,False,F,B,0.5802862048149109,True,False,False
controller,validation-000887-704039b5f97f78a3-steps-16,16,4,4,False,True,False,False,F,S,0.5800464153289795,True,False,False
controller,validation-000743-edf85aff35719d37-steps-1,1,3,3,False,False,True,False,W,W,0.5545036196708679,True,True,False
controller,validation-000743-edf85aff35719d37-steps-2,2,3,3,False,False,True,False,W,W,0.5168161392211914,True,True,False
controller,validation-000743-edf85aff35719d37-steps-3,3,3,3,True,False,False,False,W,W,0.5075560212135315,True,True,True
controller,validation-000743-edf85aff35719d37-steps-4,4,3,3,False,True,False,False,W,W,0.5022667646408081,True,True,False
controller,validation-000743-edf85aff35719d37-steps-5,5,4,4,False,True,False,False,W,W,0.5876247882843018,True,True,False
controller,validation-000743-edf85aff35719d37-steps-6,6,4,4,False,True,False,False,W,W,0.5855011940002441,True,True,False
controller,validation-000743-edf85aff35719d37-steps-7,7,4,4,False,True,False,False,W,W,0.5857987999916077,True,True,False
controller,validation-000743-edf85aff35719d37-steps-8,8,4,4,False,True,False,False,W,W,0.5841774940490723,True,True,False
controller,validation-000743-edf85aff35719d37-steps-9,9,4,4,False,True,False,False,W,W,0.5844234824180603,True,True,False
controller,validation-000743-edf85aff35719d37-steps-10,10,3,3,False,True,False,False,W,W,0.5016467571258545,True,True,False
controller,validation-000743-edf85aff35719d37-steps-11,11,4,4,False,True,False,False,W,W,0.5886699557304382,True,True,False
controller,validation-000743-edf85aff35719d37-steps-12,12,4,4,False,True,False,False,W,W,0.5873904228210449,True,True,False
controller,validation-000743-edf85aff35719d37-steps-13,13,4,4,False,True,False,False,W,W,0.5866032838821411,True,True,False
controller,validation-000743-edf85aff35719d37-steps-14,14,4,4,False,True,False,False,W,W,0.5871956944465637,True,True,False
controller,validation-000743-edf85aff35719d37-steps-15,15,4,4,False,True,False,False,W,W,0.5865126252174377,True,True,False
controller,validation-000743-edf85aff35719d37-steps-16,16,4,4,False,True,False,False,W,W,0.5860545635223389,True,True,False
controller,validation-000227-c91cc7b79cb069b7-steps-1,1,1,1,True,False,False,False,M,M,0.5065994262695312,True,True,True
controller,validation-000227-c91cc7b79cb069b7-steps-2,2,4,4,False,False,True,False,W,P,0.5655547380447388,True,False,False
controller,validation-000227-c91cc7b79cb069b7-steps-3,3,4,4,False,False,True,False,W,E,0.5595479607582092,True,False,False
controller,validation-000227-c91cc7b79cb069b7-steps-4,4,4,4,True,False,False,False,W,W,0.5561105012893677,True,True,True
controller,validation-000227-c91cc7b79cb069b7-steps-5,5,4,4,False,True,False,False,W,T,0.553345263004303,True,False,False
controller,validation-000227-c91cc7b79cb069b7-steps-6,6,4,4,False,True,False,False,W,A,0.5512300729751587,True,False,False
controller,validation-000227-c91cc7b79cb069b7-steps-7,7,4,4,False,True,False,False,W,S,0.5514116883277893,True,False,False
controller,validation-000227-c91cc7b79cb069b7-steps-8,8,4,4,False,True,False,False,W,J,0.5498970746994019,True,False,False
controller,validation-000227-c91cc7b79cb069b7-steps-9,9,4,4,False,True,False,False,W,Z,0.550201952457428,True,False,False
controller,validation-000227-c91cc7b79cb069b7-steps-10,10,4,4,False,True,False,False,W,X,0.5546367764472961,True,False,False
controller,validation-000227-c91cc7b79cb069b7-steps-11,11,4,4,False,True,False,False,W,Q,0.5534050464630127,True,False,False
controller,validation-000227-c91cc7b79cb069b7-steps-12,12,4,4,False,True,False,False,W,D,0.5521489381790161,True,False,False
controller,validation-000227-c91cc7b79cb069b7-steps-13,13,4,4,False,True,False,False,W,V,0.5514683723449707,True,False,False
controller,validation-000227-c91cc7b79cb069b7-steps-14,14,4,4,False,True,False,False,W,C,0.552100658416748,True,False,False
controller,validation-000227-c91cc7b79cb069b7-steps-15,15,4,4,False,True,False,False,W,H,0.5512757301330566,True,False,False
controller,validation-000227-c91cc7b79cb069b7-steps-16,16,4,4,False,True,False,False,W,O,0.5509935617446899,True,False,False
controller,validation-000047-a3e70e733eed44c8-steps-1,1,3,3,False,False,True,False,M,I,0.5366950631141663,True,False,False
controller,validation-000047-a3e70e733eed44c8-steps-2,2,3,3,False,False,True,False,M,R,0.5007323622703552,True,False,False
controller,validation-000047-a3e70e733eed44c8-steps-3,3,4,4,False,False,True,False,B,M,0.5555376410484314,True,False,False
controller,validation-000047-a3e70e733eed44c8-steps-4,4,4,4,True,False,False,False,B,B,0.5524255037307739,True,True,True
controller,validation-000047-a3e70e733eed44c8-steps-5,5,4,4,False,True,False,False,B,H,0.5494532585144043,True,False,False
controller,validation-000047-a3e70e733eed44c8-steps-6,6,4,4,False,True,False,False,B,T,0.5474363565444946,True,False,False
controller,validation-000047-a3e70e733eed44c8-steps-7,7,4,4,False,True,False,False,B,Z,0.5476068258285522,True,False,False
controller,validation-000047-a3e70e733eed44c8-steps-8,8,4,4,False,True,False,False,B,W,0.5462934970855713,True,False,False
controller,validation-000047-a3e70e733eed44c8-steps-9,9,4,4,False,True,False,False,B,W,0.5466933250427246,True,False,False
controller,validation-000047-a3e70e733eed44c8-steps-10,10,4,4,False,True,False,False,B,W,0.5506218075752258,True,False,False
controller,validation-000047-a3e70e733eed44c8-steps-11,11,4,4,False,True,False,False,B,W,0.5496881008148193,True,False,False
controller,validation-000047-a3e70e733eed44c8-steps-12,12,4,4,False,True,False,False,B,W,0.5484002828598022,True,False,False
controller,validation-000047-a3e70e733eed44c8-steps-13,13,4,4,False,True,False,False,B,W,0.5480653643608093,True,False,False
controller,validation-000047-a3e70e733eed44c8-steps-14,14,4,4,False,True,False,False,B,W,0.5486215353012085,True,False,False
controller,validation-000047-a3e70e733eed44c8-steps-15,15,4,4,False,True,False,False,B,W,0.5476880669593811,True,False,False
controller,validation-000047-a3e70e733eed44c8-steps-16,16,4,4,False,True,False,False,B,W,0.5474405884742737,True,False,False
controller,validation-001367-2fc6b45a91a9ded3-steps-1,1,3,3,False,False,True,False,P,B,0.5140536427497864,True,False,False
controller,validation-001367-2fc6b45a91a9ded3-steps-2,2,4,4,False,False,True,False,X,U,0.5765016674995422,True,False,False
controller,validation-001367-2fc6b45a91a9ded3-steps-3,3,4,4,False,False,True,False,X,P,0.5701560378074646,True,False,False
controller,validation-001367-2fc6b45a91a9ded3-steps-4,4,4,4,True,False,False,False,X,X,0.5665630102157593,True,True,True
controller,validation-001367-2fc6b45a91a9ded3-steps-5,5,4,4,False,True,False,False,X,W,0.5634552240371704,True,False,False
controller,validation-001367-2fc6b45a91a9ded3-steps-6,6,4,4,False,True,False,False,X,Y,0.5609428882598877,True,False,False
controller,validation-001367-2fc6b45a91a9ded3-steps-7,7,4,4,False,True,False,False,X,F,0.561135470867157,True,False,False
controller,validation-001367-2fc6b45a91a9ded3-steps-8,8,4,4,False,True,False,False,X,C,0.5597912073135376,True,False,False
controller,validation-001367-2fc6b45a91a9ded3-steps-9,9,4,4,False,True,False,False,X,Z,0.5598436594009399,True,False,False
controller,validation-001367-2fc6b45a91a9ded3-steps-10,10,4,4,False,True,False,False,X,H,0.5651617050170898,True,False,False
controller,validation-001367-2fc6b45a91a9ded3-steps-11,11,4,4,False,True,False,False,X,Q,0.5640497207641602,True,False,False
controller,validation-001367-2fc6b45a91a9ded3-steps-12,12,4,4,False,True,False,False,X,S,0.5627830624580383,True,False,False
controller,validation-001367-2fc6b45a91a9ded3-steps-13,13,4,4,False,True,False,False,X,D,0.5619663000106812,True,False,False
controller,validation-001367-2fc6b45a91a9ded3-steps-14,14,4,4,False,True,False,False,X,V,0.5626607537269592,True,False,False
controller,validation-001367-2fc6b45a91a9ded3-steps-15,15,4,4,False,True,False,False,X,G,0.5617886185646057,True,False,False
controller,validation-001367-2fc6b45a91a9ded3-steps-16,16,4,4,False,True,False,False,X,E,0.5614225268363953,True,False,False
controller,validation-001235-43bf7bd2507b6d2b-steps-1,1,3,3,False,False,True,False,R,O,0.5170620083808899,True,False,False
controller,validation-001235-43bf7bd2507b6d2b-steps-2,2,4,4,False,False,True,False,J,U,0.5788124799728394,True,False,False
controller,validation-001235-43bf7bd2507b6d2b-steps-3,3,4,4,False,False,True,False,J,R,0.5729719996452332,True,False,False
controller,validation-001235-43bf7bd2507b6d2b-steps-4,4,4,4,True,False,False,False,J,J,0.5698896646499634,True,True,True
controller,validation-001235-43bf7bd2507b6d2b-steps-5,5,4,4,False,True,False,False,J,S,0.5667706727981567,True,False,False
controller,validation-001235-43bf7bd2507b6d2b-steps-6,6,4,4,False,True,False,False,J,J,0.5649260878562927,True,True,False
controller,validation-001235-43bf7bd2507b6d2b-steps-7,7,4,4,False,True,False,False,J,S,0.5650574564933777,True,False,False
controller,validation-001235-43bf7bd2507b6d2b-steps-8,8,4,4,False,True,False,False,J,J,0.563443124294281,True,True,False
controller,validation-001235-43bf7bd2507b6d2b-steps-9,9,4,4,False,True,False,False,J,S,0.5638898611068726,True,False,False
controller,validation-001235-43bf7bd2507b6d2b-steps-10,10,4,4,False,True,False,False,J,J,0.568790853023529,True,True,False
controller,validation-001235-43bf7bd2507b6d2b-steps-11,11,4,4,False,True,False,False,J,S,0.5675870776176453,True,False,False
controller,validation-001235-43bf7bd2507b6d2b-steps-12,12,4,4,False,True,False,False,J,J,0.5663495659828186,True,True,False
controller,validation-001235-43bf7bd2507b6d2b-steps-13,13,4,4,False,True,False,False,J,S,0.5656282305717468,True,False,False
controller,validation-001235-43bf7bd2507b6d2b-steps-14,14,4,4,False,True,False,False,J,J,0.5664082169532776,True,True,False
controller,validation-001235-43bf7bd2507b6d2b-steps-15,15,4,4,False,True,False,False,J,S,0.5654513239860535,True,False,False
controller,validation-001235-43bf7bd2507b6d2b-steps-16,16,4,4,False,True,False,False,J,J,0.5650327205657959,True,True,False
controller,validation-000119-1a235a674d16061e-steps-1,1,1,1,True,False,False,False,V,V,0.5044971704483032,True,True,True
controller,validation-000119-1a235a674d16061e-steps-2,2,3,3,False,False,True,False,X,Q,0.5163186192512512,True,False,False
controller,validation-000119-1a235a674d16061e-steps-3,3,3,3,True,False,False,False,X,X,0.5071138143539429,True,True,True
controller,validation-000119-1a235a674d16061e-steps-4,4,3,3,False,True,False,False,X,F,0.5021710991859436,True,False,False
controller,validation-000119-1a235a674d16061e-steps-5,5,4,4,False,True,False,False,F,A,0.6000422239303589,True,False,False
controller,validation-000119-1a235a674d16061e-steps-6,6,4,4,False,True,False,False,F,X,0.5982031226158142,True,False,False
controller,validation-000119-1a235a674d16061e-steps-7,7,4,4,False,True,False,False,F,F,0.5983860492706299,True,True,False
controller,validation-000119-1a235a674d16061e-steps-8,8,4,4,False,True,False,False,F,A,0.5969052314758301,True,False,False
controller,validation-000119-1a235a674d16061e-steps-9,9,4,4,False,True,False,False,F,X,0.5974555611610413,True,False,False
controller,validation-000119-1a235a674d16061e-steps-10,10,3,3,False,True,False,False,X,F,0.5008327960968018,True,False,False
controller,validation-000119-1a235a674d16061e-steps-11,11,4,4,False,True,False,False,F,A,0.600561797618866,True,False,False
controller,validation-000119-1a235a674d16061e-steps-12,12,4,4,False,True,False,False,F,X,0.5993358492851257,True,False,False
controller,validation-000119-1a235a674d16061e-steps-13,13,4,4,False,True,False,False,F,F,0.5986775159835815,True,True,False
controller,validation-000119-1a235a674d16061e-steps-14,14,4,4,False,True,False,False,F,A,0.5995205044746399,True,False,False
controller,validation-000119-1a235a674d16061e-steps-15,15,4,4,False,True,False,False,F,X,0.5984658002853394,True,False,False
controller,validation-000119-1a235a674d16061e-steps-16,16,4,4,False,True,False,False,F,F,0.5980904698371887,True,True,False
controller,validation-001295-1558180b10268705-steps-1,1,3,3,False,False,True,False,L,Q,0.5659865736961365,True,False,False
controller,validation-001295-1558180b10268705-steps-2,2,3,3,False,False,True,False,L,W,0.5299851894378662,True,False,False
controller,validation-001295-1558180b10268705-steps-3,3,3,3,True,False,False,False,L,L,0.5209640860557556,True,True,True
controller,validation-001295-1558180b10268705-steps-4,4,3,3,False,True,False,False,L,D,0.5158975124359131,True,False,False
controller,validation-001295-1558180b10268705-steps-5,5,3,3,False,True,False,False,L,F,0.5111582279205322,True,False,False
controller,validation-001295-1558180b10268705-steps-6,6,3,3,False,True,False,False,L,X,0.5083650946617126,True,False,False
controller,validation-001295-1558180b10268705-steps-7,7,3,3,False,True,False,False,L,H,0.5088670253753662,True,False,False
controller,validation-001295-1558180b10268705-steps-8,8,3,3,False,True,False,False,L,S,0.5063002109527588,True,False,False
controller,validation-001295-1558180b10268705-steps-9,9,3,3,False,True,False,False,L,U,0.5070566534996033,True,False,False
controller,validation-001295-1558180b10268705-steps-10,10,3,3,False,True,False,False,L,Z,0.5145503878593445,True,False,False
controller,validation-001295-1558180b10268705-steps-11,11,3,3,False,True,False,False,L,G,0.5133865475654602,True,False,False
controller,validation-001295-1558180b10268705-steps-12,12,3,3,False,True,False,False,L,N,0.511059582233429,True,False,False
controller,validation-001295-1558180b10268705-steps-13,13,3,3,False,True,False,False,L,V,0.5103845000267029,True,False,False
controller,validation-001295-1558180b10268705-steps-14,14,3,3,False,True,False,False,L,Q,0.5113458633422852,True,False,False
controller,validation-001295-1558180b10268705-steps-15,15,3,3,False,True,False,False,L,W,0.5098681449890137,True,False,False
controller,validation-001295-1558180b10268705-steps-16,16,3,3,False,True,False,False,L,L,0.5090921521186829,True,True,False
controller,validation-001151-1a4033de178df177-steps-1,1,3,3,False,False,True,False,A,S,0.5334955453872681,True,False,False
controller,validation-001151-1a4033de178df177-steps-2,2,4,4,False,False,True,False,N,M,0.5670334100723267,True,False,False
controller,validation-001151-1a4033de178df177-steps-3,3,4,4,False,False,True,False,N,A,0.5613906383514404,True,False,False
controller,validation-001151-1a4033de178df177-steps-4,4,4,4,True,False,False,False,N,N,0.558293879032135,True,True,True
controller,validation-001151-1a4033de178df177-steps-5,5,4,4,False,True,False,False,N,L,0.5554654002189636,True,False,False
controller,validation-001151-1a4033de178df177-steps-6,6,4,4,False,True,False,False,N,F,0.5534055829048157,True,False,False
controller,validation-001151-1a4033de178df177-steps-7,7,4,4,False,True,False,False,N,C,0.5536036491394043,True,False,False
controller,validation-001151-1a4033de178df177-steps-8,8,4,4,False,True,False,False,N,U,0.5521747469902039,True,False,False
controller,validation-001151-1a4033de178df177-steps-9,9,4,4,False,True,False,False,N,M,0.5524941086769104,True,False,False
controller,validation-001151-1a4033de178df177-steps-10,10,4,4,False,True,False,False,N,A,0.5567331314086914,True,False,False
controller,validation-001151-1a4033de178df177-steps-11,11,4,4,False,True,False,False,N,N,0.5554888248443604,True,True,False
controller,validation-001151-1a4033de178df177-steps-12,12,4,4,False,True,False,False,N,L,0.5543182492256165,True,False,False
controller,validation-001151-1a4033de178df177-steps-13,13,4,4,False,True,False,False,N,F,0.5536516308784485,True,False,False
controller,validation-001151-1a4033de178df177-steps-14,14,4,4,False,True,False,False,N,C,0.554368257522583,True,False,False
controller,validation-001151-1a4033de178df177-steps-15,15,4,4,False,True,False,False,N,U,0.5535297989845276,True,False,False
controller,validation-001151-1a4033de178df177-steps-16,16,4,4,False,True,False,False,N,M,0.5531314611434937,True,False,False
controller,validation-000191-9121ac97bf48885c-steps-1,1,3,3,False,False,True,False,X,T,0.5219928622245789,True,False,False
controller,validation-000191-9121ac97bf48885c-steps-2,2,4,4,False,False,True,False,B,H,0.558875322341919,True,False,False
controller,validation-000191-9121ac97bf48885c-steps-3,3,4,4,False,False,True,False,B,X,0.5533296465873718,True,False,False
controller,validation-000191-9121ac97bf48885c-steps-4,4,4,4,True,False,False,False,B,B,0.5503603219985962,True,True,True
controller,validation-000191-9121ac97bf48885c-steps-5,5,4,4,False,True,False,False,B,N,0.5475179553031921,True,False,False
controller,validation-000191-9121ac97bf48885c-steps-6,6,4,4,False,True,False,False,B,O,0.5457038879394531,True,False,False
controller,validation-000191-9121ac97bf48885c-steps-7,7,4,4,False,True,False,False,B,T,0.5457803606987,True,False,False
controller,validation-000191-9121ac97bf48885c-steps-8,8,4,4,False,True,False,False,B,H,0.5444063544273376,True,False,False
controller,validation-000191-9121ac97bf48885c-steps-9,9,4,4,False,True,False,False,B,X,0.5446681380271912,True,False,False
controller,validation-000191-9121ac97bf48885c-steps-10,10,4,4,False,True,False,False,B,B,0.5491471290588379,True,True,False
controller,validation-000191-9121ac97bf48885c-steps-11,11,4,4,False,True,False,False,B,N,0.5481468439102173,True,False,False
controller,validation-000191-9121ac97bf48885c-steps-12,12,4,4,False,True,False,False,B,O,0.5471070408821106,True,False,False
controller,validation-000191-9121ac97bf48885c-steps-13,13,4,4,False,True,False,False,B,T,0.5463016629219055,True,False,False
controller,validation-000191-9121ac97bf48885c-steps-14,14,4,4,False,True,False,False,B,H,0.5470607876777649,True,False,False
controller,validation-000191-9121ac97bf48885c-steps-15,15,4,4,False,True,False,False,B,X,0.5460268259048462,True,False,False
controller,validation-000191-9121ac97bf48885c-steps-16,16,4,4,False,True,False,False,B,B,0.5459192991256714,True,True,False
controller,validation-000419-6b241c92a4a02f79-steps-1,1,1,1,True,False,False,False,S,S,0.5013890266418457,True,True,True
controller,validation-000419-6b241c92a4a02f79-steps-2,2,3,3,False,False,True,False,V,O,0.5195196270942688,True,False,False
controller,validation-000419-6b241c92a4a02f79-steps-3,3,3,3,True,False,False,False,V,V,0.5101422667503357,True,True,True
controller,validation-000419-6b241c92a4a02f79-steps-4,4,3,3,False,True,False,False,V,G,0.5049295425415039,True,False,False
controller,validation-000419-6b241c92a4a02f79-steps-5,5,3,3,False,True,False,False,V,D,0.5000458359718323,True,False,False
controller,validation-000419-6b241c92a4a02f79-steps-6,6,4,4,False,True,False,False,G,Q,0.6044173836708069,True,False,False
controller,validation-000419-6b241c92a4a02f79-steps-7,7,4,4,False,True,False,False,G,N,0.6046129465103149,True,False,False
controller,validation-000419-6b241c92a4a02f79-steps-8,8,4,4,False,True,False,False,G,J,0.6030031442642212,True,False,False
controller,validation-000419-6b241c92a4a02f79-steps-9,9,4,4,False,True,False,False,G,P,0.603603720664978,True,False,False
controller,validation-000419-6b241c92a4a02f79-steps-10,10,3,3,False,True,False,False,V,I,0.5038479566574097,True,False,False
controller,validation-000419-6b241c92a4a02f79-steps-11,11,3,3,False,True,False,False,V,U,0.5026540160179138,True,False,False
controller,validation-000419-6b241c92a4a02f79-steps-12,12,4,4,False,True,False,False,G,K,0.6058160662651062,True,False,False
controller,validation-000419-6b241c92a4a02f79-steps-13,13,4,4,False,True,False,False,G,M,0.6054631471633911,True,False,False
controller,validation-000419-6b241c92a4a02f79-steps-14,14,3,3,False,True,False,False,V,X,0.5006343722343445,True,False,False
controller,validation-000419-6b241c92a4a02f79-steps-15,15,4,4,False,True,False,False,G,A,0.6050775051116943,True,False,False
controller,validation-000419-6b241c92a4a02f79-steps-16,16,4,4,False,True,False,False,G,T,0.6046545505523682,True,False,False
controller,validation-000179-92596fae71366ccd-steps-1,1,3,3,False,False,True,False,C,R,0.5541529059410095,True,False,False
controller,validation-000179-92596fae71366ccd-steps-2,2,3,3,False,False,True,False,C,S,0.5183756947517395,True,False,False
controller,validation-000179-92596fae71366ccd-steps-3,3,3,3,True,False,False,False,C,C,0.5095820426940918,True,True,True
controller,validation-000179-92596fae71366ccd-steps-4,4,3,3,False,True,False,False,C,D,0.5047191977500916,True,False,False
controller,validation-000179-92596fae71366ccd-steps-5,5,3,3,False,True,False,False,C,X,0.5000383853912354,True,False,False
controller,validation-000179-92596fae71366ccd-steps-6,6,4,4,False,True,False,False,D,H,0.5907889604568481,True,False,False
controller,validation-000179-92596fae71366ccd-steps-7,7,4,4,False,True,False,False,D,J,0.590813934803009,True,False,False
controller,validation-000179-92596fae71366ccd-steps-8,8,4,4,False,True,False,False,D,F,0.5895426869392395,True,False,False
controller,validation-000179-92596fae71366ccd-steps-9,9,4,4,False,True,False,False,D,Y,0.589770495891571,True,False,False
controller,validation-000179-92596fae71366ccd-steps-10,10,3,3,False,True,False,False,C,U,0.5020079016685486,True,False,False
controller,validation-000179-92596fae71366ccd-steps-11,11,3,3,False,True,False,False,C,I,0.5008204579353333,True,False,False
controller,validation-000179-92596fae71366ccd-steps-12,12,4,4,False,True,False,False,D,W,0.591436505317688,True,False,False
controller,validation-000179-92596fae71366ccd-steps-13,13,4,4,False,True,False,False,D,B,0.590766429901123,False,False,False
controller,validation-000179-92596fae71366ccd-steps-14,14,4,4,False,True,False,False,D,E,0.5915278792381287,False,False,False
controller,validation-000179-92596fae71366ccd-steps-15,15,4,4,False,True,False,False,D,A,0.590503990650177,False,False,False
controller,validation-000179-92596fae71366ccd-steps-16,16,4,4,False,True,False,False,D,M,0.5902832746505737,False,False,False
controller,validation-001043-5a45d7d3eeb848ef-steps-1,1,3,3,False,False,True,False,V,Y,0.5875483155250549,True,False,False
controller,validation-001043-5a45d7d3eeb848ef-steps-2,2,3,3,False,False,True,False,V,W,0.5523054003715515,True,False,False
controller,validation-001043-5a45d7d3eeb848ef-steps-3,3,3,3,True,False,False,False,V,V,0.5434904098510742,True,True,True
controller,validation-001043-5a45d7d3eeb848ef-steps-4,4,3,3,False,True,False,False,V,F,0.5387235879898071,True,False,False
controller,validation-001043-5a45d7d3eeb848ef-steps-5,5,3,3,False,True,False,False,V,D,0.5337740778923035,True,False,False
controller,validation-001043-5a45d7d3eeb848ef-steps-6,6,3,3,False,True,False,False,V,P,0.5308048725128174,True,False,False
controller,validation-001043-5a45d7d3eeb848ef-steps-7,7,3,3,False,True,False,False,V,B,0.5312377214431763,True,False,False
controller,validation-001043-5a45d7d3eeb848ef-steps-8,8,3,3,False,True,False,False,V,Y,0.5289487838745117,True,False,False
controller,validation-001043-5a45d7d3eeb848ef-steps-9,9,3,3,False,True,False,False,V,W,0.5294820666313171,True,False,False
controller,validation-001043-5a45d7d3eeb848ef-steps-10,10,3,3,False,True,False,False,V,V,0.5362215042114258,True,True,False
controller,validation-001043-5a45d7d3eeb848ef-steps-11,11,3,3,False,True,False,False,V,F,0.5345966219902039,True,False,False
controller,validation-001043-5a45d7d3eeb848ef-steps-12,12,3,3,False,True,False,False,V,D,0.5326396822929382,True,False,False
controller,validation-001043-5a45d7d3eeb848ef-steps-13,13,3,3,False,True,False,False,V,P,0.5318095088005066,True,False,False
controller,validation-001043-5a45d7d3eeb848ef-steps-14,14,3,3,False,True,False,False,V,B,0.5328896641731262,True,False,False
controller,validation-001043-5a45d7d3eeb848ef-steps-15,15,3,3,False,True,False,False,V,Y,0.5314611792564392,True,False,False
controller,validation-001043-5a45d7d3eeb848ef-steps-16,16,3,3,False,True,False,False,V,W,0.5307104587554932,True,False,False
controller,validation-000215-53d18d4c23c7031e-steps-1,1,3,3,False,False,True,False,S,G,0.5405978560447693,True,False,False
controller,validation-000215-53d18d4c23c7031e-steps-2,2,3,3,False,False,True,False,S,M,0.5039397478103638,True,False,False
controller,validation-000215-53d18d4c23c7031e-steps-3,3,4,4,False,False,True,False,P,S,0.5419765710830688,True,False,False
controller,validation-000215-53d18d4c23c7031e-steps-4,4,4,4,True,False,False,False,P,P,0.5386439561843872,True,True,True
controller,validation-000215-53d18d4c23c7031e-steps-5,5,4,4,False,True,False,False,P,N,0.5355678200721741,True,False,False
controller,validation-000215-53d18d4c23c7031e-steps-6,6,4,4,False,True,False,False,P,Q,0.5336077213287354,True,False,False
controller,validation-000215-53d18d4c23c7031e-steps-7,7,4,4,False,True,False,False,P,L,0.5339065194129944,True,False,False
controller,validation-000215-53d18d4c23c7031e-steps-8,8,4,4,False,True,False,False,P,V,0.5321125984191895,True,False,False
controller,validation-000215-53d18d4c23c7031e-steps-9,9,4,4,False,True,False,False,P,O,0.5326098203659058,True,False,False
controller,validation-000215-53d18d4c23c7031e-steps-10,10,4,4,False,True,False,False,P,J,0.5378755927085876,True,False,False
controller,validation-000215-53d18d4c23c7031e-steps-11,11,4,4,False,True,False,False,P,A,0.5367524027824402,True,False,False
controller,validation-000215-53d18d4c23c7031e-steps-12,12,4,4,False,True,False,False,P,D,0.5354447960853577,True,False,False
controller,validation-000215-53d18d4c23c7031e-steps-13,13,4,4,False,True,False,False,P,F,0.5348939299583435,True,False,False
controller,validation-000215-53d18d4c23c7031e-steps-14,14,4,4,False,True,False,False,P,C,0.5355744361877441,True,False,False
controller,validation-000215-53d18d4c23c7031e-steps-15,15,4,4,False,True,False,False,P,U,0.5346769690513611,True,False,False
controller,validation-000215-53d18d4c23c7031e-steps-16,16,4,4,False,True,False,False,P,B,0.5342046618461609,True,False,False
controller,validation-000659-1fa30f16753baa83-steps-1,1,1,1,True,False,False,False,S,S,0.5014961361885071,True,True,True
controller,validation-000659-1fa30f16753baa83-steps-2,2,3,3,False,False,True,False,A,R,0.521511435508728,True,False,False
controller,validation-000659-1fa30f16753baa83-steps-3,3,3,3,True,False,False,False,A,A,0.5130583643913269,True,True,True
controller,validation-000659-1fa30f16753baa83-steps-4,4,3,3,False,True,False,False,A,O,0.5083327293395996,True,False,False
controller,validation-000659-1fa30f16753baa83-steps-5,5,3,3,False,True,False,False,A,M,0.5038052797317505,True,False,False
controller,validation-000659-1fa30f16753baa83-steps-6,6,3,3,False,True,False,False,A,E,0.5009739398956299,True,False,False
controller,validation-000659-1fa30f16753baa83-steps-7,7,3,3,False,True,False,False,A,F,0.5015279054641724,True,False,False
controller,validation-000659-1fa30f16753baa83-steps-8,8,4,4,False,True,False,False,O,J,0.5585060715675354,True,False,False
controller,validation-000659-1fa30f16753baa83-steps-9,9,3,3,False,True,False,False,A,Q,0.5001454949378967,True,False,False
controller,validation-000659-1fa30f16753baa83-steps-10,10,3,3,False,True,False,False,A,L,0.5072946548461914,True,False,False
controller,validation-000659-1fa30f16753baa83-steps-11,11,3,3,False,True,False,False,A,Y,0.505902886390686,True,False,False
controller,validation-000659-1fa30f16753baa83-steps-12,12,3,3,False,True,False,False,A,W,0.5036969184875488,True,False,False
controller,validation-000659-1fa30f16753baa83-steps-13,13,3,3,False,True,False,False,A,U,0.5029600262641907,True,False,False
controller,validation-000659-1fa30f16753baa83-steps-14,14,3,3,False,True,False,False,A,T,0.504050076007843,True,False,False
controller,validation-000659-1fa30f16753baa83-steps-15,15,3,3,False,True,False,False,A,B,0.5027084946632385,True,False,False
controller,validation-000659-1fa30f16753baa83-steps-16,16,3,3,False,True,False,False,A,I,0.5015311241149902,True,False,False
controller,validation-001415-665d4f354367d421-steps-1,1,3,3,False,False,True,False,S,C,0.5400663614273071,True,False,False
controller,validation-001415-665d4f354367d421-steps-2,2,3,3,False,False,True,False,S,Y,0.5047641396522522,True,False,False
controller,validation-001415-665d4f354367d421-steps-3,3,4,4,False,False,True,False,X,S,0.5859243273735046,True,False,False
controller,validation-001415-665d4f354367d421-steps-4,4,4,4,True,False,False,False,X,X,0.5827874541282654,True,True,True
controller,validation-001415-665d4f354367d421-steps-5,5,4,4,False,True,False,False,X,K,0.5799800753593445,True,False,False
controller,validation-001415-665d4f354367d421-steps-6,6,4,4,False,True,False,False,X,L,0.5779154300689697,True,False,False
controller,validation-001415-665d4f354367d421-steps-7,7,4,4,False,True,False,False,X,O,0.578167736530304,True,False,False
controller,validation-001415-665d4f354367d421-steps-8,8,4,4,False,True,False,False,X,J,0.5766441822052002,True,False,False
controller,validation-001415-665d4f354367d421-steps-9,9,4,4,False,True,False,False,X,P,0.5768820643424988,True,False,False
controller,validation-001415-665d4f354367d421-steps-10,10,4,4,False,True,False,False,X,I,0.5816067457199097,True,False,False
controller,validation-001415-665d4f354367d421-steps-11,11,4,4,False,True,False,False,X,M,0.5804941058158875,True,False,False
controller,validation-001415-665d4f354367d421-steps-12,12,4,4,False,True,False,False,X,R,0.5793086290359497,True,False,False
controller,validation-001415-665d4f354367d421-steps-13,13,4,4,False,True,False,False,X,A,0.578588604927063,True,False,False
controller,validation-001415-665d4f354367d421-steps-14,14,4,4,False,True,False,False,X,Q,0.5793136954307556,True,False,False
controller,validation-001415-665d4f354367d421-steps-15,15,4,4,False,True,False,False,X,H,0.5784775614738464,True,False,False
controller,validation-001415-665d4f354367d421-steps-16,16,4,4,False,True,False,False,X,T,0.5781062245368958,True,False,False
controller,validation-000371-78d890c948b32a0c-steps-1,1,3,3,False,False,True,False,O,J,0.51633620262146,True,False,False
controller,validation-000371-78d890c948b32a0c-steps-2,2,4,4,False,False,True,False,U,B,0.5662174820899963,True,False,False
controller,validation-000371-78d890c948b32a0c-steps-3,3,4,4,False,False,True,False,U,O,0.5602942705154419,True,False,False
controller,validation-000371-78d890c948b32a0c-steps-4,4,4,4,True,False,False,False,U,U,0.557142972946167,True,True,True
controller,validation-000371-78d890c948b32a0c-steps-5,5,4,4,False,True,False,False,U,Q,0.5537840723991394,True,False,False
controller,validation-000371-78d890c948b32a0c-steps-6,6,4,4,False,True,False,False,U,H,0.5518962144851685,True,False,False
controller,validation-000371-78d890c948b32a0c-steps-7,7,4,4,False,True,False,False,U,V,0.5519946217536926,True,False,False
controller,validation-000371-78d890c948b32a0c-steps-8,8,4,4,False,True,False,False,U,G,0.550593376159668,True,False,False
controller,validation-000371-78d890c948b32a0c-steps-9,9,4,4,False,True,False,False,U,T,0.5509912371635437,True,False,False
controller,validation-000371-78d890c948b32a0c-steps-10,10,4,4,False,True,False,False,U,K,0.5558648705482483,True,False,False
controller,validation-000371-78d890c948b32a0c-steps-11,11,4,4,False,True,False,False,U,L,0.5547547936439514,True,False,False
controller,validation-000371-78d890c948b32a0c-steps-12,12,4,4,False,True,False,False,U,E,0.5535617470741272,True,False,False
controller,validation-000371-78d890c948b32a0c-steps-13,13,4,4,False,True,False,False,U,I,0.5528178215026855,True,False,False
controller,validation-000371-78d890c948b32a0c-steps-14,14,4,4,False,True,False,False,U,D,0.553579568862915,True,False,False
controller,validation-000371-78d890c948b32a0c-steps-15,15,4,4,False,True,False,False,U,A,0.5524563193321228,True,False,False
controller,validation-000371-78d890c948b32a0c-steps-16,16,4,4,False,True,False,False,U,F,0.5522074103355408,True,False,False
controller,validation-000023-2abfe560bdf28a3c-steps-1,1,1,1,True,False,False,False,C,C,0.5136116147041321,True,True,True
controller,validation-000023-2abfe560bdf28a3c-steps-2,2,3,3,False,False,True,False,R,W,0.5113258361816406,True,False,False
controller,validation-000023-2abfe560bdf28a3c-steps-3,3,3,3,True,False,False,False,R,R,0.5025651454925537,True,True,True
controller,validation-000023-2abfe560bdf28a3c-steps-4,4,4,4,True,False,False,False,N,N,0.5680409073829651,True,True,True
controller,validation-000023-2abfe560bdf28a3c-steps-5,5,4,4,False,True,False,False,N,J,0.5650879144668579,True,False,False
controller,validation-000023-2abfe560bdf28a3c-steps-6,6,4,4,False,True,False,False,N,H,0.563262403011322,True,False,False
controller,validation-000023-2abfe560bdf28a3c-steps-7,7,4,4,False,True,False,False,N,Q,0.5634254813194275,True,False,False
controller,validation-000023-2abfe560bdf28a3c-steps-8,8,4,4,False,True,False,False,N,T,0.5618895292282104,True,False,False
controller,validation-000023-2abfe560bdf28a3c-steps-9,9,4,4,False,True,False,False,N,P,0.5622577667236328,True,False,False
controller,validation-000023-2abfe560bdf28a3c-steps-10,10,4,4,False,True,False,False,N,X,0.5668208003044128,True,False,False
controller,validation-000023-2abfe560bdf28a3c-steps-11,11,4,4,False,True,False,False,N,D,0.5658210515975952,True,False,False
controller,validation-000023-2abfe560bdf28a3c-steps-12,12,4,4,False,True,False,False,N,O,0.5644838213920593,True,False,False
controller,validation-000023-2abfe560bdf28a3c-steps-13,13,4,4,False,True,False,False,N,M,0.5639041662216187,True,False,False
controller,validation-000023-2abfe560bdf28a3c-steps-14,14,4,4,False,True,False,False,N,U,0.5645473003387451,True,False,False
controller,validation-000023-2abfe560bdf28a3c-steps-15,15,4,4,False,True,False,False,N,A,0.5636309385299683,True,False,False
controller,validation-000023-2abfe560bdf28a3c-steps-16,16,4,4,False,True,False,False,N,F,0.5633086562156677,True,False,False
controller,validation-000167-ef04a8a383c2c7cd-steps-1,1,1,1,True,False,False,False,W,W,0.5003530383110046,True,True,True
controller,validation-000167-ef04a8a383c2c7cd-steps-2,2,3,3,False,False,True,False,R,N,0.5073875784873962,True,False,False
controller,validation-000167-ef04a8a383c2c7cd-steps-3,3,4,4,False,False,True,False,T,R,0.582172691822052,True,False,False
controller,validation-000167-ef04a8a383c2c7cd-steps-4,4,4,4,True,False,False,False,T,T,0.5786648392677307,True,True,True
controller,validation-000167-ef04a8a383c2c7cd-steps-5,5,4,4,False,True,False,False,T,Y,0.5758172273635864,True,False,False
controller,validation-000167-ef04a8a383c2c7cd-steps-6,6,4,4,False,True,False,False,T,L,0.5733688473701477,True,False,False
controller,validation-000167-ef04a8a383c2c7cd-steps-7,7,4,4,False,True,False,False,T,U,0.5736433267593384,True,False,False
controller,validation-000167-ef04a8a383c2c7cd-steps-8,8,4,4,False,True,False,False,T,S,0.5722535252571106,True,False,False
controller,validation-000167-ef04a8a383c2c7cd-steps-9,9,4,4,False,True,False,False,T,G,0.5723556876182556,True,False,False
controller,validation-000167-ef04a8a383c2c7cd-steps-10,10,4,4,False,True,False,False,T,Z,0.5769632458686829,True,False,False
controller,validation-000167-ef04a8a383c2c7cd-steps-11,11,4,4,False,True,False,False,T,C,0.5759564638137817,True,False,False
controller,validation-000167-ef04a8a383c2c7cd-steps-12,12,4,4,False,True,False,False,T,X,0.5747542381286621,True,False,False
controller,validation-000167-ef04a8a383c2c7cd-steps-13,13,4,4,False,True,False,False,T,M,0.5740604400634766,True,False,False
controller,validation-000167-ef04a8a383c2c7cd-steps-14,14,4,4,False,True,False,False,T,F,0.5746840834617615,True,False,False
controller,validation-000167-ef04a8a383c2c7cd-steps-15,15,4,4,False,True,False,False,T,J,0.5738691091537476,True,False,False
controller,validation-000167-ef04a8a383c2c7cd-steps-16,16,4,4,False,True,False,False,T,K,0.5735042691230774,True,False,False
controller,validation-000827-f2013414cdd97363-steps-1,1,3,3,False,False,True,False,N,N,0.5296169519424438,True,True,False
controller,validation-000827-f2013414cdd97363-steps-2,2,4,4,False,False,True,False,O,O,0.5665914416313171,True,True,False
controller,validation-000827-f2013414cdd97363-steps-3,3,4,4,False,False,True,False,O,N,0.5609938502311707,True,False,False
controller,validation-000827-f2013414cdd97363-steps-4,4,4,4,True,False,False,False,O,O,0.5579227209091187,True,True,True
controller,validation-000827-f2013414cdd97363-steps-5,5,4,4,False,True,False,False,O,N,0.5549802184104919,True,False,False
controller,validation-000827-f2013414cdd97363-steps-6,6,4,4,False,True,False,False,O,O,0.5531852841377258,True,True,False
controller,validation-000827-f2013414cdd97363-steps-7,7,4,4,False,True,False,False,O,N,0.5532985329627991,True,False,False
controller,validation-000827-f2013414cdd97363-steps-8,8,4,4,False,True,False,False,O,O,0.5519120097160339,True,True,False
controller,validation-000827-f2013414cdd97363-steps-9,9,4,4,False,True,False,False,O,N,0.552173376083374,True,False,False
controller,validation-000827-f2013414cdd97363-steps-10,10,4,4,False,True,False,False,O,O,0.5555523037910461,True,True,False
controller,validation-000827-f2013414cdd97363-steps-11,11,4,4,False,True,False,False,O,N,0.5546192526817322,True,False,False
controller,validation-000827-f2013414cdd97363-steps-12,12,4,4,False,True,False,False,O,O,0.5534762740135193,True,True,False
controller,validation-000827-f2013414cdd97363-steps-13,13,4,4,False,True,False,False,O,N,0.5528786182403564,True,False,False
controller,validation-000827-f2013414cdd97363-steps-14,14,4,4,False,True,False,False,O,O,0.5535778999328613,True,True,False
controller,validation-000827-f2013414cdd97363-steps-15,15,4,4,False,True,False,False,O,N,0.5525044202804565,True,False,False
controller,validation-000827-f2013414cdd97363-steps-16,16,4,4,False,True,False,False,O,O,0.5523278713226318,True,True,False
controller,validation-000455-2b2632918e2ab0a2-steps-1,1,3,3,False,False,True,False,O,E,0.5347351431846619,True,False,False
controller,validation-000455-2b2632918e2ab0a2-steps-2,2,4,4,False,False,True,False,H,T,0.5899167060852051,True,False,False
controller,validation-000455-2b2632918e2ab0a2-steps-3,3,4,4,False,False,True,False,H,O,0.5839797258377075,True,False,False
controller,validation-000455-2b2632918e2ab0a2-steps-4,4,4,4,True,False,False,False,H,H,0.5806593298912048,True,True,True
controller,validation-000455-2b2632918e2ab0a2-steps-5,5,4,4,False,True,False,False,H,E,0.5777636170387268,True,False,False
controller,validation-000455-2b2632918e2ab0a2-steps-6,6,4,4,False,True,False,False,H,T,0.5756152272224426,True,False,False
controller,validation-000455-2b2632918e2ab0a2-steps-7,7,4,4,False,True,False,False,H,O,0.5759956240653992,True,False,False
controller,validation-000455-2b2632918e2ab0a2-steps-8,8,4,4,False,True,False,False,H,H,0.5743781328201294,True,True,False
controller,validation-000455-2b2632918e2ab0a2-steps-9,9,4,4,False,True,False,False,H,E,0.5748323798179626,True,False,False
controller,validation-000455-2b2632918e2ab0a2-steps-10,10,4,4,False,True,False,False,H,T,0.579491376876831,True,False,False
controller,validation-000455-2b2632918e2ab0a2-steps-11,11,4,4,False,True,False,False,H,O,0.5783066749572754,True,False,False
controller,validation-000455-2b2632918e2ab0a2-steps-12,12,4,4,False,True,False,False,H,H,0.5769991874694824,True,True,False
controller,validation-000455-2b2632918e2ab0a2-steps-13,13,4,4,False,True,False,False,H,E,0.576308012008667,True,False,False
controller,validation-000455-2b2632918e2ab0a2-steps-14,14,4,4,False,True,False,False,H,T,0.5769860744476318,True,False,False
controller,validation-000455-2b2632918e2ab0a2-steps-15,15,4,4,False,True,False,False,H,O,0.5761124491691589,True,False,False
controller,validation-000455-2b2632918e2ab0a2-steps-16,16,4,4,False,True,False,False,H,H,0.5756511092185974,True,True,False
controller,validation-001247-444ddb6218ddf1ab-steps-1,1,3,3,False,False,True,False,R,O,0.528778612613678,True,False,False
controller,validation-001247-444ddb6218ddf1ab-steps-2,2,4,4,False,False,True,False,E,L,0.5964604616165161,True,False,False
controller,validation-001247-444ddb6218ddf1ab-steps-3,3,4,4,False,False,True,False,E,R,0.5909453630447388,True,False,False
controller,validation-001247-444ddb6218ddf1ab-steps-4,4,4,4,True,False,False,False,E,E,0.5879948735237122,True,True,True
controller,validation-001247-444ddb6218ddf1ab-steps-5,5,4,4,False,True,False,False,E,C,0.5851572155952454,True,False,False
controller,validation-001247-444ddb6218ddf1ab-steps-6,6,4,4,False,True,False,False,E,F,0.5833852291107178,True,False,False
controller,validation-001247-444ddb6218ddf1ab-steps-7,7,4,4,False,True,False,False,E,Y,0.583611011505127,True,False,False
controller,validation-001247-444ddb6218ddf1ab-steps-8,8,4,4,False,True,False,False,E,J,0.5824143886566162,True,False,False
controller,validation-001247-444ddb6218ddf1ab-steps-9,9,4,4,False,True,False,False,E,T,0.582660436630249,True,False,False
controller,validation-001247-444ddb6218ddf1ab-steps-10,10,4,4,False,True,False,False,E,W,0.5873007774353027,True,False,False
controller,validation-001247-444ddb6218ddf1ab-steps-11,11,4,4,False,True,False,False,E,K,0.5861474275588989,True,False,False
controller,validation-001247-444ddb6218ddf1ab-steps-12,12,4,4,False,True,False,False,E,X,0.5850108861923218,True,False,False
controller,validation-001247-444ddb6218ddf1ab-steps-13,13,4,4,False,True,False,False,E,D,0.5845415592193604,True,False,False
controller,validation-001247-444ddb6218ddf1ab-steps-14,14,4,4,False,True,False,False,E,B,0.5852344632148743,True,False,False
controller,validation-001247-444ddb6218ddf1ab-steps-15,15,4,4,False,True,False,False,E,H,0.5841845273971558,True,False,False
controller,validation-001247-444ddb6218ddf1ab-steps-16,16,4,4,False,True,False,False,E,A,0.5836989283561707,True,False,False
controller,validation-001391-56eee894f7650d8e-steps-1,1,3,3,False,False,True,False,C,N,0.5523170232772827,True,False,False
controller,validation-001391-56eee894f7650d8e-steps-2,2,3,3,False,False,True,False,C,T,0.5176022052764893,True,False,False
controller,validation-001391-56eee894f7650d8e-steps-3,3,3,3,True,False,False,False,C,C,0.5085574984550476,True,True,True
controller,validation-001391-56eee894f7650d8e-steps-4,4,3,3,False,True,False,False,C,L,0.5036452412605286,True,False,False
controller,validation-001391-56eee894f7650d8e-steps-5,5,4,4,False,True,False,False,L,C,0.6026841402053833,True,False,False
controller,validation-001391-56eee894f7650d8e-steps-6,6,4,4,False,True,False,False,L,L,0.6007984280586243,True,True,False
controller,validation-001391-56eee894f7650d8e-steps-7,7,4,4,False,True,False,False,L,C,0.6009145379066467,True,False,False
controller,validation-001391-56eee894f7650d8e-steps-8,8,4,4,False,True,False,False,L,L,0.5994945764541626,True,True,False
controller,validation-001391-56eee894f7650d8e-steps-9,9,4,4,False,True,False,False,L,C,0.5998374819755554,True,False,False
controller,validation-001391-56eee894f7650d8e-steps-10,10,3,3,False,True,False,False,C,L,0.5024460554122925,True,False,False
controller,validation-001391-56eee894f7650d8e-steps-11,11,3,3,False,True,False,False,C,C,0.5007391571998596,True,True,False
controller,validation-001391-56eee894f7650d8e-steps-12,12,4,4,False,True,False,False,L,L,0.6021761894226074,True,True,False
controller,validation-001391-56eee894f7650d8e-steps-13,13,4,4,False,True,False,False,L,C,0.6014973521232605,True,False,False
controller,validation-001391-56eee894f7650d8e-steps-14,14,4,4,False,True,False,False,L,L,0.6022148132324219,True,True,False
controller,validation-001391-56eee894f7650d8e-steps-15,15,4,4,False,True,False,False,L,C,0.6012659668922424,True,False,False
controller,validation-001391-56eee894f7650d8e-steps-16,16,4,4,False,True,False,False,L,L,0.6010863780975342,True,True,False
controller,validation-001271-34d7356fcaaddacd-steps-1,1,3,3,False,False,True,False,O,T,0.5164246559143066,True,False,False
controller,validation-001271-34d7356fcaaddacd-steps-2,2,4,4,False,False,True,False,C,K,0.5594685077667236,True,False,False
controller,validation-001271-34d7356fcaaddacd-steps-3,3,4,4,False,False,True,False,C,O,0.5536101460456848,True,False,False
controller,validation-001271-34d7356fcaaddacd-steps-4,4,4,4,True,False,False,False,C,C,0.5503023862838745,True,True,True
controller,validation-001271-34d7356fcaaddacd-steps-5,5,4,4,False,True,False,False,C,P,0.5472986102104187,True,False,False
controller,validation-001271-34d7356fcaaddacd-steps-6,6,4,4,False,True,False,False,C,W,0.5452271699905396,True,False,False
controller,validation-001271-34d7356fcaaddacd-steps-7,7,4,4,False,True,False,False,C,F,0.5453091263771057,True,False,False
controller,validation-001271-34d7356fcaaddacd-steps-8,8,4,4,False,True,False,False,C,M,0.5437784194946289,True,False,False
controller,validation-001271-34d7356fcaaddacd-steps-9,9,4,4,False,True,False,False,C,Q,0.5440635681152344,True,False,False
controller,validation-001271-34d7356fcaaddacd-steps-10,10,4,4,False,True,False,False,C,V,0.5487163066864014,True,False,False
controller,validation-001271-34d7356fcaaddacd-steps-11,11,4,4,False,True,False,False,C,A,0.5475687384605408,True,False,False
controller,validation-001271-34d7356fcaaddacd-steps-12,12,4,4,False,True,False,False,C,U,0.5463047623634338,True,False,False
controller,validation-001271-34d7356fcaaddacd-steps-13,13,4,4,False,True,False,False,C,E,0.5456812381744385,True,False,False
controller,validation-001271-34d7356fcaaddacd-steps-14,14,4,4,False,True,False,False,C,H,0.5463345646858215,True,False,False
controller,validation-001271-34d7356fcaaddacd-steps-15,15,4,4,False,True,False,False,C,L,0.5455050468444824,True,False,False
controller,validation-001271-34d7356fcaaddacd-steps-16,16,4,4,False,True,False,False,C,N,0.5451862215995789,True,False,False
controller,validation-001307-977a545007683457-steps-1,1,3,3,False,False,True,False,C,K,0.5333845019340515,True,False,False
controller,validation-001307-977a545007683457-steps-2,2,4,4,False,False,True,False,W,L,0.5733466148376465,True,False,False
controller,validation-001307-977a545007683457-steps-3,3,4,4,False,False,True,False,W,C,0.5676984190940857,True,False,False
controller,validation-001307-977a545007683457-steps-4,4,4,4,True,False,False,False,W,W,0.564437747001648,True,True,True
controller,validation-001307-977a545007683457-steps-5,5,4,4,False,True,False,False,W,E,0.5615976452827454,True,False,False
controller,validation-001307-977a545007683457-steps-6,6,4,4,False,True,False,False,W,K,0.5595820546150208,True,False,False
controller,validation-001307-977a545007683457-steps-7,7,4,4,False,True,False,False,W,L,0.5597876310348511,True,False,False
controller,validation-001307-977a545007683457-steps-8,8,4,4,False,True,False,False,W,C,0.5583068132400513,True,False,False
controller,validation-001307-977a545007683457-steps-9,9,4,4,False,True,False,False,W,W,0.558433473110199,True,True,False
controller,validation-001307-977a545007683457-steps-10,10,4,4,False,True,False,False,W,E,0.5628557801246643,True,False,False
controller,validation-001307-977a545007683457-steps-11,11,4,4,False,True,False,False,W,K,0.5616174936294556,True,False,False
controller,validation-001307-977a545007683457-steps-12,12,4,4,False,True,False,False,W,L,0.5605624318122864,True,False,False
controller,validation-001307-977a545007683457-steps-13,13,4,4,False,True,False,False,W,C,0.559744656085968,True,False,False
controller,validation-001307-977a545007683457-steps-14,14,4,4,False,True,False,False,W,W,0.5604853630065918,True,True,False
controller,validation-001307-977a545007683457-steps-15,15,4,4,False,True,False,False,W,E,0.5597414374351501,True,False,False
controller,validation-001307-977a545007683457-steps-16,16,4,4,False,True,False,False,W,K,0.5594047904014587,True,False,False
controller,validation-001127-5f3007a2a286c457-steps-1,1,3,3,False,False,True,False,Y,J,0.5413873195648193,True,False,False
controller,validation-001127-5f3007a2a286c457-steps-2,2,3,3,False,False,True,False,Y,C,0.5065783858299255,True,False,False
controller,validation-001127-5f3007a2a286c457-steps-3,3,4,4,False,False,True,False,P,Y,0.5471271276473999,True,False,False
controller,validation-001127-5f3007a2a286c457-steps-4,4,4,4,True,False,False,False,P,P,0.5440653562545776,True,True,True
controller,validation-001127-5f3007a2a286c457-steps-5,5,4,4,False,True,False,False,P,F,0.5409277677536011,True,False,False
controller,validation-001127-5f3007a2a286c457-steps-6,6,4,4,False,True,False,False,P,U,0.5390558242797852,True,False,False
controller,validation-001127-5f3007a2a286c457-steps-7,7,4,4,False,True,False,False,P,V,0.5392351746559143,True,False,False
controller,validation-001127-5f3007a2a286c457-steps-8,8,4,4,False,True,False,False,P,Q,0.5378161668777466,True,False,False
controller,validation-001127-5f3007a2a286c457-steps-9,9,4,4,False,True,False,False,P,N,0.5381519198417664,True,False,False
controller,validation-001127-5f3007a2a286c457-steps-10,10,4,4,False,True,False,False,P,I,0.5426962375640869,True,False,False
controller,validation-001127-5f3007a2a286c457-steps-11,11,4,4,False,True,False,False,P,L,0.5416191220283508,True,False,False
controller,validation-001127-5f3007a2a286c457-steps-12,12,4,4,False,True,False,False,P,E,0.5404232144355774,True,False,False
controller,validation-001127-5f3007a2a286c457-steps-13,13,4,4,False,True,False,False,P,B,0.539671003818512,True,False,False
controller,validation-001127-5f3007a2a286c457-steps-14,14,4,4,False,True,False,False,P,R,0.5403901934623718,True,False,False
controller,validation-001127-5f3007a2a286c457-steps-15,15,4,4,False,True,False,False,P,T,0.5393962264060974,True,False,False
controller,validation-001127-5f3007a2a286c457-steps-16,16,4,4,False,True,False,False,P,K,0.539094090461731,True,False,False
controller,validation-000791-25a8107b06322ff2-steps-1,1,3,3,False,False,True,False,K,X,0.5291593074798584,True,False,False
controller,validation-000791-25a8107b06322ff2-steps-2,2,4,4,False,False,True,False,Q,D,0.5813969373703003,True,False,False
controller,validation-000791-25a8107b06322ff2-steps-3,3,4,4,False,False,True,False,Q,G,0.5759031772613525,False,False,False
controller,validation-000791-25a8107b06322ff2-steps-4,4,4,4,True,False,False,False,Q,N,0.572892427444458,False,False,False
controller,validation-000791-25a8107b06322ff2-steps-5,5,4,4,False,True,False,False,Q,H,0.5699790120124817,False,False,False
controller,validation-000791-25a8107b06322ff2-steps-6,6,4,4,False,True,False,False,Q,L,0.5679990649223328,False,False,False
controller,validation-000791-25a8107b06322ff2-steps-7,7,4,4,False,True,False,False,Q,O,0.5681371688842773,False,False,False
controller,validation-000791-25a8107b06322ff2-steps-8,8,4,4,False,True,False,False,Q,U,0.5668694972991943,False,False,False
controller,validation-000791-25a8107b06322ff2-steps-9,9,4,4,False,True,False,False,Q,P,0.5670410990715027,False,False,False
controller,validation-000791-25a8107b06322ff2-steps-10,10,4,4,False,True,False,False,Q,C,0.5714383125305176,False,False,False
controller,validation-000791-25a8107b06322ff2-steps-11,11,4,4,False,True,False,False,Q,R,0.5701459050178528,False,False,False
controller,validation-000791-25a8107b06322ff2-steps-12,12,4,4,False,True,False,False,Q,S,0.569163978099823,False,False,False
controller,validation-000791-25a8107b06322ff2-steps-13,13,4,4,False,True,False,False,Q,V,0.568439245223999,False,False,False
controller,validation-000791-25a8107b06322ff2-steps-14,14,4,4,False,True,False,False,Q,I,0.5691385865211487,False,False,False
controller,validation-000791-25a8107b06322ff2-steps-15,15,4,4,False,True,False,False,Q,F,0.5684598684310913,False,False,False
controller,validation-000791-25a8107b06322ff2-steps-16,16,4,4,False,True,False,False,Q,W,0.5680831670761108,False,False,False
controller,validation-000071-f1cf37317232dd54-steps-1,1,3,3,False,False,True,False,Y,V,0.5434054732322693,True,False,False
controller,validation-000071-f1cf37317232dd54-steps-2,2,3,3,False,False,True,False,Y,D,0.5083462595939636,True,False,False
controller,validation-000071-f1cf37317232dd54-steps-3,3,4,4,False,False,True,False,S,Y,0.5841262340545654,True,False,False
controller,validation-000071-f1cf37317232dd54-steps-4,4,4,4,True,False,False,False,S,S,0.5810725688934326,True,True,True
controller,validation-000071-f1cf37317232dd54-steps-5,5,4,4,False,True,False,False,S,K,0.5782288908958435,True,False,False
controller,validation-000071-f1cf37317232dd54-steps-6,6,4,4,False,True,False,False,S,H,0.5762928128242493,True,False,False
controller,validation-000071-f1cf37317232dd54-steps-7,7,4,4,False,True,False,False,S,F,0.5765311121940613,True,False,False
controller,validation-000071-f1cf37317232dd54-steps-8,8,4,4,False,True,False,False,S,X,0.5750555992126465,True,False,False
controller,validation-000071-f1cf37317232dd54-steps-9,9,4,4,False,True,False,False,S,J,0.5755367279052734,True,False,False
controller,validation-000071-f1cf37317232dd54-steps-10,10,4,4,False,True,False,False,S,K,0.5803571343421936,True,False,False
controller,validation-000071-f1cf37317232dd54-steps-11,11,4,4,False,True,False,False,S,H,0.5792074203491211,True,False,False
controller,validation-000071-f1cf37317232dd54-steps-12,12,4,4,False,True,False,False,S,F,0.5779212117195129,True,False,False
controller,validation-000071-f1cf37317232dd54-steps-13,13,4,4,False,True,False,False,S,X,0.5773488879203796,True,False,False
controller,validation-000071-f1cf37317232dd54-steps-14,14,4,4,False,True,False,False,S,J,0.5780370831489563,True,False,False
controller,validation-000071-f1cf37317232dd54-steps-15,15,4,4,False,True,False,False,S,K,0.5772112011909485,True,False,False
controller,validation-000071-f1cf37317232dd54-steps-16,16,4,4,False,True,False,False,S,H,0.5767198204994202,True,False,False
controller,validation-000731-4393f9c59664fe67-steps-1,1,3,3,False,False,True,False,K,U,0.5296913981437683,True,False,False
controller,validation-000731-4393f9c59664fe67-steps-2,2,4,4,False,False,True,False,T,W,0.5732102990150452,True,False,False
controller,validation-000731-4393f9c59664fe67-steps-3,3,4,4,False,False,True,False,T,K,0.5677185654640198,True,False,False
controller,validation-000731-4393f9c59664fe67-steps-4,4,4,4,True,False,False,False,T,T,0.5646983981132507,True,True,True
controller,validation-000731-4393f9c59664fe67-steps-5,5,4,4,False,True,False,False,T,S,0.5616756677627563,True,False,False
controller,validation-000731-4393f9c59664fe67-steps-6,6,4,4,False,True,False,False,T,X,0.5599216818809509,True,False,False
controller,validation-000731-4393f9c59664fe67-steps-7,7,4,4,False,True,False,False,T,V,0.5600319504737854,True,False,False
controller,validation-000731-4393f9c59664fe67-steps-8,8,4,4,False,True,False,False,T,H,0.5587049126625061,True,False,False
controller,validation-000731-4393f9c59664fe67-steps-9,9,4,4,False,True,False,False,T,E,0.5590258836746216,True,False,False
controller,validation-000731-4393f9c59664fe67-steps-10,10,4,4,False,True,False,False,T,C,0.5632368922233582,True,False,False
controller,validation-000731-4393f9c59664fe67-steps-11,11,4,4,False,True,False,False,T,Y,0.5623033046722412,True,False,False
controller,validation-000731-4393f9c59664fe67-steps-12,12,4,4,False,True,False,False,T,O,0.5611535310745239,True,False,False
controller,validation-000731-4393f9c59664fe67-steps-13,13,4,4,False,True,False,False,T,F,0.5605156421661377,True,False,False
controller,validation-000731-4393f9c59664fe67-steps-14,14,4,4,False,True,False,False,T,D,0.5612178444862366,True,False,False
controller,validation-000731-4393f9c59664fe67-steps-15,15,4,4,False,True,False,False,T,Z,0.5601428151130676,True,False,False
controller,validation-000731-4393f9c59664fe67-steps-16,16,4,4,False,True,False,False,T,P,0.5598647594451904,True,False,False
controller,validation-001451-0d9b3dab240a73d9-steps-1,1,3,3,False,False,True,False,Y,G,0.5348254442214966,True,False,False
controller,validation-001451-0d9b3dab240a73d9-steps-2,2,4,4,False,False,True,False,L,M,0.6016942262649536,True,False,False
controller,validation-001451-0d9b3dab240a73d9-steps-3,3,4,4,False,False,True,False,L,Y,0.5962730050086975,True,False,False
controller,validation-001451-0d9b3dab240a73d9-steps-4,4,4,4,True,False,False,False,L,L,0.5932689309120178,True,True,True
controller,validation-001451-0d9b3dab240a73d9-steps-5,5,4,4,False,True,False,False,L,K,0.5903787016868591,True,False,False
controller,validation-001451-0d9b3dab240a73d9-steps-6,6,4,4,False,True,False,False,L,U,0.588554859161377,True,False,False
controller,validation-001451-0d9b3dab240a73d9-steps-7,7,4,4,False,True,False,False,L,V,0.5885782837867737,True,False,False
controller,validation-001451-0d9b3dab240a73d9-steps-8,8,4,4,False,True,False,False,L,D,0.5873910784721375,True,False,False
controller,validation-001451-0d9b3dab240a73d9-steps-9,9,4,4,False,True,False,False,L,X,0.5876010656356812,True,False,False
controller,validation-001451-0d9b3dab240a73d9-steps-10,10,4,4,False,True,False,False,L,E,0.5917307138442993,True,False,False
controller,validation-001451-0d9b3dab240a73d9-steps-11,11,4,4,False,True,False,False,L,B,0.5907959938049316,True,False,False
controller,validation-001451-0d9b3dab240a73d9-steps-12,12,4,4,False,True,False,False,L,M,0.5896998047828674,True,False,False
controller,validation-001451-0d9b3dab240a73d9-steps-13,13,4,4,False,True,False,False,L,Y,0.5890257954597473,True,False,False
controller,validation-001451-0d9b3dab240a73d9-steps-14,14,4,4,False,True,False,False,L,L,0.5897859334945679,True,True,False
controller,validation-001451-0d9b3dab240a73d9-steps-15,15,4,4,False,True,False,False,L,K,0.5886930823326111,True,False,False
controller,validation-001451-0d9b3dab240a73d9-steps-16,16,4,4,False,True,False,False,L,U,0.5884694457054138,True,False,False
controller,validation-000203-8d05d3eccae0a505-steps-1,1,4,4,False,False,True,False,J,J,0.542087733745575,True,True,False
controller,validation-000203-8d05d3eccae0a505-steps-2,2,4,4,False,False,True,False,J,J,0.5191246271133423,True,True,False
controller,validation-000203-8d05d3eccae0a505-steps-3,3,4,4,False,False,True,False,J,J,0.5130168795585632,True,True,False
controller,validation-000203-8d05d3eccae0a505-steps-4,4,4,4,True,False,False,False,J,J,0.5098056793212891,True,True,True
controller,validation-000203-8d05d3eccae0a505-steps-5,5,4,4,False,True,False,False,J,J,0.5066055655479431,True,True,False
controller,validation-000203-8d05d3eccae0a505-steps-6,6,4,4,False,True,False,False,J,J,0.5046582818031311,True,True,False
controller,validation-000203-8d05d3eccae0a505-steps-7,7,4,4,False,True,False,False,J,J,0.5050422549247742,True,True,False
controller,validation-000203-8d05d3eccae0a505-steps-8,8,4,4,False,True,False,False,J,J,0.5036640167236328,True,True,False
controller,validation-000203-8d05d3eccae0a505-steps-9,9,4,4,False,True,False,False,J,J,0.5041332244873047,True,True,False
controller,validation-000203-8d05d3eccae0a505-steps-10,10,4,4,False,True,False,False,J,J,0.5083244442939758,True,True,False
controller,validation-000203-8d05d3eccae0a505-steps-11,11,4,4,False,True,False,False,J,J,0.5074160099029541,True,True,False
controller,validation-000203-8d05d3eccae0a505-steps-12,12,4,4,False,True,False,False,J,J,0.5060783624649048,True,True,False
controller,validation-000203-8d05d3eccae0a505-steps-13,13,4,4,False,True,False,False,J,J,0.5053771138191223,True,True,False
controller,validation-000203-8d05d3eccae0a505-steps-14,14,4,4,False,True,False,False,J,J,0.5059861540794373,True,True,False
controller,validation-000203-8d05d3eccae0a505-steps-15,15,4,4,False,True,False,False,J,J,0.5049337148666382,True,True,False
controller,validation-000203-8d05d3eccae0a505-steps-16,16,4,4,False,True,False,False,J,J,0.5047874450683594,True,True,False
controller,validation-000347-2eb9df801e1e63ec-steps-1,1,3,3,False,False,True,False,D,G,0.5553948283195496,True,False,False
controller,validation-000347-2eb9df801e1e63ec-steps-2,2,3,3,False,False,True,False,D,E,0.5179922580718994,True,False,False
controller,validation-000347-2eb9df801e1e63ec-steps-3,3,3,3,True,False,False,False,D,D,0.5088779926300049,True,True,True
controller,validation-000347-2eb9df801e1e63ec-steps-4,4,3,3,False,True,False,False,D,C,0.5040503740310669,True,False,False
controller,validation-000347-2eb9df801e1e63ec-steps-5,5,4,4,False,True,False,False,C,E,0.5874083042144775,True,False,False
controller,validation-000347-2eb9df801e1e63ec-steps-6,6,4,4,False,True,False,False,C,D,0.5852282047271729,True,False,False
controller,validation-000347-2eb9df801e1e63ec-steps-7,7,4,4,False,True,False,False,C,C,0.5854431986808777,True,True,False
controller,validation-000347-2eb9df801e1e63ec-steps-8,8,4,4,False,True,False,False,C,E,0.5842828750610352,True,False,False
controller,validation-000347-2eb9df801e1e63ec-steps-9,9,4,4,False,True,False,False,C,D,0.5843551754951477,True,False,False
controller,validation-000347-2eb9df801e1e63ec-steps-10,10,3,3,False,True,False,False,D,C,0.5036510825157166,True,False,False
controller,validation-000347-2eb9df801e1e63ec-steps-11,11,3,3,False,True,False,False,D,E,0.5016028881072998,True,False,False
controller,validation-000347-2eb9df801e1e63ec-steps-12,12,4,4,False,True,False,False,C,D,0.5871317386627197,True,False,False
controller,validation-000347-2eb9df801e1e63ec-steps-13,13,4,4,False,True,False,False,C,C,0.5864883065223694,True,True,False
controller,validation-000347-2eb9df801e1e63ec-steps-14,14,3,3,False,True,False,False,D,E,0.5000265836715698,True,False,False
controller,validation-000347-2eb9df801e1e63ec-steps-15,15,4,4,False,True,False,False,C,D,0.5866245627403259,True,False,False
controller,validation-000347-2eb9df801e1e63ec-steps-16,16,4,4,False,True,False,False,C,C,0.5860751867294312,True,True,False
controller,validation-001379-bc0ce66067e0cc0b-steps-1,1,3,3,False,False,True,False,H,C,0.5392355918884277,True,False,False
controller,validation-001379-bc0ce66067e0cc0b-steps-2,2,3,3,False,False,True,False,H,A,0.5055783987045288,True,False,False
controller,validation-001379-bc0ce66067e0cc0b-steps-3,3,4,4,False,False,True,False,L,H,0.584540069103241,True,False,False
controller,validation-001379-bc0ce66067e0cc0b-steps-4,4,4,4,True,False,False,False,L,L,0.5815373063087463,True,True,True
controller,validation-001379-bc0ce66067e0cc0b-steps-5,5,4,4,False,True,False,False,L,I,0.5786945223808289,True,False,False
controller,validation-001379-bc0ce66067e0cc0b-steps-6,6,4,4,False,True,False,False,L,X,0.5767350792884827,True,False,False
controller,validation-001379-bc0ce66067e0cc0b-steps-7,7,4,4,False,True,False,False,L,Q,0.5768146514892578,True,False,False
controller,validation-001379-bc0ce66067e0cc0b-steps-8,8,4,4,False,True,False,False,L,S,0.5755088925361633,True,False,False
controller,validation-001379-bc0ce66067e0cc0b-steps-9,9,4,4,False,True,False,False,L,J,0.5756816267967224,True,False,False
controller,validation-001379-bc0ce66067e0cc0b-steps-10,10,4,4,False,True,False,False,L,G,0.580442488193512,True,False,False
controller,validation-001379-bc0ce66067e0cc0b-steps-11,11,4,4,False,True,False,False,L,V,0.5792420506477356,True,False,False
controller,validation-001379-bc0ce66067e0cc0b-steps-12,12,4,4,False,True,False,False,L,B,0.5781430602073669,True,False,False
controller,validation-001379-bc0ce66067e0cc0b-steps-13,13,4,4,False,True,False,False,L,C,0.5774367451667786,True,False,False
controller,validation-001379-bc0ce66067e0cc0b-steps-14,14,4,4,False,True,False,False,L,A,0.5780971646308899,True,False,False
controller,validation-001379-bc0ce66067e0cc0b-steps-15,15,4,4,False,True,False,False,L,H,0.5774264931678772,True,False,False
controller,validation-001379-bc0ce66067e0cc0b-steps-16,16,4,4,False,True,False,False,L,L,0.5770675539970398,True,True,False
controller,validation-000515-42e2480d7f6675c0-steps-1,1,3,3,False,False,True,False,K,B,0.5251384377479553,True,False,False
controller,validation-000515-42e2480d7f6675c0-steps-2,2,4,4,False,False,True,False,S,V,0.5757048726081848,True,False,False
controller,validation-000515-42e2480d7f6675c0-steps-3,3,4,4,False,False,True,False,S,K,0.5699626207351685,True,False,False
controller,validation-000515-42e2480d7f6675c0-steps-4,4,4,4,True,False,False,False,S,S,0.5667718648910522,True,True,True
controller,validation-000515-42e2480d7f6675c0-steps-5,5,4,4,False,True,False,False,S,R,0.5638372898101807,True,False,False
controller,validation-000515-42e2480d7f6675c0-steps-6,6,4,4,False,True,False,False,S,M,0.56186842918396,True,False,False
controller,validation-000515-42e2480d7f6675c0-steps-7,7,4,4,False,True,False,False,S,F,0.5620189309120178,True,False,False
controller,validation-000515-42e2480d7f6675c0-steps-8,8,4,4,False,True,False,False,S,H,0.5604996085166931,True,False,False
controller,validation-000515-42e2480d7f6675c0-steps-9,9,4,4,False,True,False,False,S,Z,0.5609966516494751,True,False,False
controller,validation-000515-42e2480d7f6675c0-steps-10,10,4,4,False,True,False,False,S,B,0.5654500126838684,True,False,False
controller,validation-000515-42e2480d7f6675c0-steps-11,11,4,4,False,True,False,False,S,V,0.564373791217804,True,False,False
controller,validation-000515-42e2480d7f6675c0-steps-12,12,4,4,False,True,False,False,S,K,0.5630483031272888,True,False,False
controller,validation-000515-42e2480d7f6675c0-steps-13,13,4,4,False,True,False,False,S,S,0.5623599886894226,True,True,False
controller,validation-000515-42e2480d7f6675c0-steps-14,14,4,4,False,True,False,False,S,R,0.5630658268928528,True,False,False
controller,validation-000515-42e2480d7f6675c0-steps-15,15,4,4,False,True,False,False,S,M,0.56220543384552,True,False,False
controller,validation-000515-42e2480d7f6675c0-steps-16,16,4,4,False,True,False,False,S,F,0.5617250800132751,True,False,False
controller,validation-001115-49ae36b759545f7f-steps-1,1,3,3,False,False,True,False,I,W,0.5555775165557861,True,False,False
controller,validation-001115-49ae36b759545f7f-steps-2,2,3,3,False,False,True,False,I,Y,0.5214017033576965,True,False,False
controller,validation-001115-49ae36b759545f7f-steps-3,3,3,3,True,False,False,False,I,I,0.5125342011451721,True,True,True
controller,validation-001115-49ae36b759545f7f-steps-4,4,3,3,False,True,False,False,I,R,0.507569432258606,True,False,False
controller,validation-001115-49ae36b759545f7f-steps-5,5,3,3,False,True,False,False,I,Q,0.5029515624046326,True,False,False
controller,validation-001115-49ae36b759545f7f-steps-6,6,3,3,False,True,False,False,I,M,0.5001170635223389,True,False,False
controller,validation-001115-49ae36b759545f7f-steps-7,7,3,3,False,True,False,False,I,U,0.500488817691803,True,False,False
controller,validation-001115-49ae36b759545f7f-steps-8,8,4,4,False,True,False,False,R,A,0.5628109574317932,True,False,False
controller,validation-001115-49ae36b759545f7f-steps-9,9,4,4,False,True,False,False,R,P,0.5633130669593811,True,False,False
controller,validation-001115-49ae36b759545f7f-steps-10,10,3,3,False,True,False,False,I,F,0.5064873099327087,True,False,False
controller,validation-001115-49ae36b759545f7f-steps-11,11,3,3,False,True,False,False,I,X,0.505136251449585,True,False,False
controller,validation-001115-49ae36b759545f7f-steps-12,12,3,3,False,True,False,False,I,C,0.5029114484786987,True,False,False
controller,validation-001115-49ae36b759545f7f-steps-13,13,3,3,False,True,False,False,I,S,0.5020223259925842,True,False,False
controller,validation-001115-49ae36b759545f7f-steps-14,14,3,3,False,True,False,False,I,J,0.502767026424408,True,False,False
controller,validation-001115-49ae36b759545f7f-steps-15,15,3,3,False,True,False,False,I,O,0.5015837550163269,True,False,False
controller,validation-001115-49ae36b759545f7f-steps-16,16,3,3,False,True,False,False,I,G,0.5006825923919678,True,False,False
controller,validation-000623-be05128a685137c7-steps-1,1,3,3,False,False,True,False,P,S,0.5239199995994568,True,False,False
controller,validation-000623-be05128a685137c7-steps-2,2,4,4,False,False,True,False,X,C,0.5657912492752075,True,False,False
controller,validation-000623-be05128a685137c7-steps-3,3,4,4,False,False,True,False,X,P,0.5601050853729248,True,False,False
controller,validation-000623-be05128a685137c7-steps-4,4,4,4,True,False,False,False,X,X,0.5567465424537659,True,True,True
controller,validation-000623-be05128a685137c7-steps-5,5,4,4,False,True,False,False,X,U,0.553988516330719,True,False,False
controller,validation-000623-be05128a685137c7-steps-6,6,4,4,False,True,False,False,X,Z,0.5520892143249512,True,False,False
controller,validation-000623-be05128a685137c7-steps-7,7,4,4,False,True,False,False,X,M,0.5521286129951477,True,False,False
controller,validation-000623-be05128a685137c7-steps-8,8,4,4,False,True,False,False,X,D,0.5506712794303894,True,False,False
controller,validation-000623-be05128a685137c7-steps-9,9,4,4,False,True,False,False,X,Y,0.5510729551315308,True,False,False
controller,validation-000623-be05128a685137c7-steps-10,10,4,4,False,True,False,False,X,T,0.5553374886512756,True,False,False
controller,validation-000623-be05128a685137c7-steps-11,11,4,4,False,True,False,False,X,V,0.5542008876800537,True,False,False
controller,validation-000623-be05128a685137c7-steps-12,12,4,4,False,True,False,False,X,O,0.5528181791305542,True,False,False
controller,validation-000623-be05128a685137c7-steps-13,13,4,4,False,True,False,False,X,K,0.5523561239242554,True,False,False
controller,validation-000623-be05128a685137c7-steps-14,14,4,4,False,True,False,False,X,F,0.5530005693435669,True,False,False
controller,validation-000623-be05128a685137c7-steps-15,15,4,4,False,True,False,False,X,E,0.5521084070205688,True,False,False
controller,validation-000623-be05128a685137c7-steps-16,16,4,4,False,True,False,False,X,B,0.5517950057983398,True,False,False
controller,validation-000719-ca05a30da35e7e55-steps-1,1,1,1,True,False,False,False,C,C,0.5082132816314697,True,True,True
controller,validation-000719-ca05a30da35e7e55-steps-2,2,3,3,False,False,True,False,V,L,0.5106638669967651,True,False,False
controller,validation-000719-ca05a30da35e7e55-steps-3,3,3,3,True,False,False,False,V,V,0.5017942786216736,True,True,True
controller,validation-000719-ca05a30da35e7e55-steps-4,4,4,4,True,False,False,False,R,R,0.5855023264884949,True,True,True
controller,validation-000719-ca05a30da35e7e55-steps-5,5,4,4,False,True,False,False,R,P,0.5826703310012817,True,False,False
controller,validation-000719-ca05a30da35e7e55-steps-6,6,4,4,False,True,False,False,R,Q,0.5808523297309875,True,False,False
controller,validation-000719-ca05a30da35e7e55-steps-7,7,4,4,False,True,False,False,R,G,0.5810633301734924,True,False,False
controller,validation-000719-ca05a30da35e7e55-steps-8,8,4,4,False,True,False,False,R,J,0.5793933868408203,True,False,False
controller,validation-000719-ca05a30da35e7e55-steps-9,9,4,4,False,True,False,False,R,M,0.5797943472862244,True,False,False
controller,validation-000719-ca05a30da35e7e55-steps-10,10,4,4,False,True,False,False,R,F,0.5841997861862183,True,False,False
controller,validation-000719-ca05a30da35e7e55-steps-11,11,4,4,False,True,False,False,R,D,0.5829395055770874,True,False,False
controller,validation-000719-ca05a30da35e7e55-steps-12,12,4,4,False,True,False,False,R,A,0.5817992091178894,True,False,False
controller,validation-000719-ca05a30da35e7e55-steps-13,13,4,4,False,True,False,False,R,X,0.5810514092445374,True,False,False
controller,validation-000719-ca05a30da35e7e55-steps-14,14,4,4,False,True,False,False,R,U,0.581705629825592,True,False,False
controller,validation-000719-ca05a30da35e7e55-steps-15,15,4,4,False,True,False,False,R,O,0.580946683883667,True,False,False
controller,validation-000719-ca05a30da35e7e55-steps-16,16,4,4,False,True,False,False,R,E,0.5806149244308472,True,False,False
controller,validation-000815-c33316a41f401a96-steps-1,1,1,1,True,False,False,False,I,I,0.5121515393257141,True,True,True
controller,validation-000815-c33316a41f401a96-steps-2,2,3,3,False,False,True,False,X,Q,0.5242291688919067,True,False,False
controller,validation-000815-c33316a41f401a96-steps-3,3,3,3,True,False,False,False,X,X,0.5153613090515137,True,True,True
controller,validation-000815-c33316a41f401a96-steps-4,4,3,3,False,True,False,False,X,U,0.5103080868721008,True,False,False
controller,validation-000815-c33316a41f401a96-steps-5,5,3,3,False,True,False,False,X,V,0.505588173866272,True,False,False
controller,validation-000815-c33316a41f401a96-steps-6,6,3,3,False,True,False,False,X,O,0.5028689503669739,True,False,False
controller,validation-000815-c33316a41f401a96-steps-7,7,3,3,False,True,False,False,X,D,0.5033502578735352,True,False,False
controller,validation-000815-c33316a41f401a96-steps-8,8,3,3,False,True,False,False,X,M,0.500878632068634,True,False,False
controller,validation-000815-c33316a41f401a96-steps-9,9,3,3,False,True,False,False,X,I,0.5016372203826904,True,False,False
controller,validation-000815-c33316a41f401a96-steps-10,10,3,3,False,True,False,False,X,Q,0.5090914368629456,True,False,False
controller,validation-000815-c33316a41f401a96-steps-11,11,3,3,False,True,False,False,X,X,0.5077375173568726,True,True,False
controller,validation-000815-c33316a41f401a96-steps-12,12,3,3,False,True,False,False,X,U,0.5054547786712646,True,False,False
controller,validation-000815-c33316a41f401a96-steps-13,13,3,3,False,True,False,False,X,V,0.5045344233512878,True,False,False
controller,validation-000815-c33316a41f401a96-steps-14,14,3,3,False,True,False,False,X,O,0.5054638385772705,True,False,False
controller,validation-000815-c33316a41f401a96-steps-15,15,3,3,False,True,False,False,X,D,0.5040713548660278,True,False,False
controller,validation-000815-c33316a41f401a96-steps-16,16,3,3,False,True,False,False,X,M,0.5032899379730225,True,False,False
controller,validation-000407-56ac03610bbff5a1-steps-1,1,3,3,False,False,True,False,X,B,0.536460816860199,True,False,False
controller,validation-000407-56ac03610bbff5a1-steps-2,2,4,4,False,False,True,False,W,C,0.5957891345024109,True,False,False
controller,validation-000407-56ac03610bbff5a1-steps-3,3,4,4,False,False,True,False,W,X,0.5898965001106262,True,False,False
controller,validation-000407-56ac03610bbff5a1-steps-4,4,4,4,True,False,False,False,W,W,0.5865784287452698,True,True,True
controller,validation-000407-56ac03610bbff5a1-steps-5,5,4,4,False,True,False,False,W,L,0.583555281162262,True,False,False
controller,validation-000407-56ac03610bbff5a1-steps-6,6,4,4,False,True,False,False,W,Z,0.5814506411552429,True,False,False
controller,validation-000407-56ac03610bbff5a1-steps-7,7,4,4,False,True,False,False,W,G,0.5817338228225708,True,False,False
controller,validation-000407-56ac03610bbff5a1-steps-8,8,4,4,False,True,False,False,W,V,0.5802491307258606,True,False,False
controller,validation-000407-56ac03610bbff5a1-steps-9,9,4,4,False,True,False,False,W,U,0.580424964427948,True,False,False
controller,validation-000407-56ac03610bbff5a1-steps-10,10,4,4,False,True,False,False,W,L,0.5847698450088501,True,False,False
controller,validation-000407-56ac03610bbff5a1-steps-11,11,4,4,False,True,False,False,W,Z,0.5835673809051514,True,False,False
controller,validation-000407-56ac03610bbff5a1-steps-12,12,4,4,False,True,False,False,W,G,0.5823368430137634,True,False,False
controller,validation-000407-56ac03610bbff5a1-steps-13,13,4,4,False,True,False,False,W,V,0.5816372632980347,True,False,False
controller,validation-000407-56ac03610bbff5a1-steps-14,14,4,4,False,True,False,False,W,U,0.5823239088058472,True,False,False
controller,validation-000407-56ac03610bbff5a1-steps-15,15,4,4,False,True,False,False,W,L,0.5815050005912781,True,False,False
controller,validation-000407-56ac03610bbff5a1-steps-16,16,4,4,False,True,False,False,W,Z,0.5811760425567627,True,False,False
controller,validation-001103-090f777e061c501f-steps-1,1,3,3,False,False,True,False,U,O,0.544984757900238,True,False,False
controller,validation-001103-090f777e061c501f-steps-2,2,3,3,False,False,True,False,U,Y,0.5087072253227234,True,False,False
controller,validation-001103-090f777e061c501f-steps-3,3,4,4,False,False,True,False,B,U,0.5637946128845215,True,False,False
controller,validation-001103-090f777e061c501f-steps-4,4,4,4,True,False,False,False,B,B,0.56050044298172,True,True,True
controller,validation-001103-090f777e061c501f-steps-5,5,4,4,False,True,False,False,B,Q,0.5576973557472229,True,False,False
controller,validation-001103-090f777e061c501f-steps-6,6,4,4,False,True,False,False,B,J,0.5558282136917114,True,False,False
controller,validation-001103-090f777e061c501f-steps-7,7,4,4,False,True,False,False,B,M,0.5561055541038513,True,False,False
controller,validation-001103-090f777e061c501f-steps-8,8,4,4,False,True,False,False,B,W,0.5546140670776367,True,False,False
controller,validation-001103-090f777e061c501f-steps-9,9,4,4,False,True,False,False,B,P,0.554890513420105,True,False,False
controller,validation-001103-090f777e061c501f-steps-10,10,4,4,False,True,False,False,B,F,0.5599803328514099,True,False,False
controller,validation-001103-090f777e061c501f-steps-11,11,4,4,False,True,False,False,B,I,0.5589222311973572,True,False,False
controller,validation-001103-090f777e061c501f-steps-12,12,4,4,False,True,False,False,B,N,0.5577806830406189,True,False,False
controller,validation-001103-090f777e061c501f-steps-13,13,4,4,False,True,False,False,B,A,0.5570999979972839,True,False,False
controller,validation-001103-090f777e061c501f-steps-14,14,4,4,False,True,False,False,B,E,0.5577020049095154,True,False,False
controller,validation-001103-090f777e061c501f-steps-15,15,4,4,False,True,False,False,B,L,0.5569481253623962,True,False,False
controller,validation-001103-090f777e061c501f-steps-16,16,4,4,False,True,False,False,B,H,0.5565082430839539,True,False,False
controller,validation-001355-399948b60e04683c-steps-1,1,3,3,False,False,True,False,C,B,0.5373771786689758,True,False,False
controller,validation-001355-399948b60e04683c-steps-2,2,3,3,False,False,True,False,C,D,0.5009424090385437,True,False,False
controller,validation-001355-399948b60e04683c-steps-3,3,4,4,False,False,True,False,Y,C,0.5500414371490479,True,False,False
controller,validation-001355-399948b60e04683c-steps-4,4,4,4,True,False,False,False,Y,Y,0.5466681718826294,True,True,True
controller,validation-001355-399948b60e04683c-steps-5,5,4,4,False,True,False,False,Y,L,0.5436875224113464,True,False,False
controller,validation-001355-399948b60e04683c-steps-6,6,4,4,False,True,False,False,Y,H,0.5418299436569214,True,False,False
controller,validation-001355-399948b60e04683c-steps-7,7,4,4,False,True,False,False,Y,A,0.5421136617660522,True,False,False
controller,validation-001355-399948b60e04683c-steps-8,8,4,4,False,True,False,False,Y,R,0.5406252145767212,True,False,False
controller,validation-001355-399948b60e04683c-steps-9,9,4,4,False,True,False,False,Y,B,0.5410195589065552,True,False,False
controller,validation-001355-399948b60e04683c-steps-10,10,4,4,False,True,False,False,Y,D,0.5451266765594482,True,False,False
controller,validation-001355-399948b60e04683c-steps-11,11,4,4,False,True,False,False,Y,C,0.5439780950546265,True,False,False
controller,validation-001355-399948b60e04683c-steps-12,12,4,4,False,True,False,False,Y,Y,0.5428701639175415,True,True,False
controller,validation-001355-399948b60e04683c-steps-13,13,4,4,False,True,False,False,Y,L,0.542150616645813,True,False,False
controller,validation-001355-399948b60e04683c-steps-14,14,4,4,False,True,False,False,Y,H,0.5428234338760376,True,False,False
controller,validation-001355-399948b60e04683c-steps-15,15,4,4,False,True,False,False,Y,A,0.5420477390289307,True,False,False
controller,validation-001355-399948b60e04683c-steps-16,16,4,4,False,True,False,False,Y,R,0.5416052341461182,True,False,False
controller,validation-000839-0abb4e23a4ccfff3-steps-1,1,3,3,False,False,True,False,T,T,0.5049800276756287,True,True,False
controller,validation-000839-0abb4e23a4ccfff3-steps-2,2,4,4,False,False,True,False,T,T,0.5504404306411743,True,True,False
controller,validation-000839-0abb4e23a4ccfff3-steps-3,3,4,4,False,False,True,False,T,T,0.5443020462989807,True,True,False
controller,validation-000839-0abb4e23a4ccfff3-steps-4,4,4,4,True,False,False,False,T,T,0.5406543612480164,True,True,True
controller,validation-000839-0abb4e23a4ccfff3-steps-5,5,4,4,False,True,False,False,T,T,0.537579357624054,True,True,False
controller,validation-000839-0abb4e23a4ccfff3-steps-6,6,4,4,False,True,False,False,T,T,0.5354909300804138,True,True,False
controller,validation-000839-0abb4e23a4ccfff3-steps-7,7,4,4,False,True,False,False,T,T,0.5355398058891296,True,True,False
controller,validation-000839-0abb4e23a4ccfff3-steps-8,8,4,4,False,True,False,False,T,T,0.5339308381080627,True,True,False
controller,validation-000839-0abb4e23a4ccfff3-steps-9,9,4,4,False,True,False,False,T,T,0.5343695282936096,True,True,False
controller,validation-000839-0abb4e23a4ccfff3-steps-10,10,4,4,False,True,False,False,T,T,0.5387680530548096,True,True,False
controller,validation-000839-0abb4e23a4ccfff3-steps-11,11,4,4,False,True,False,False,T,T,0.5378292798995972,True,True,False
controller,validation-000839-0abb4e23a4ccfff3-steps-12,12,4,4,False,True,False,False,T,T,0.5364819169044495,True,True,False
controller,validation-000839-0abb4e23a4ccfff3-steps-13,13,4,4,False,True,False,False,T,T,0.5359721183776855,True,True,False
controller,validation-000839-0abb4e23a4ccfff3-steps-14,14,4,4,False,True,False,False,T,T,0.5365449786186218,True,True,False
controller,validation-000839-0abb4e23a4ccfff3-steps-15,15,4,4,False,True,False,False,T,T,0.5355574488639832,True,True,False
controller,validation-000839-0abb4e23a4ccfff3-steps-16,16,4,4,False,True,False,False,T,T,0.5353035926818848,True,True,False
controller,validation-000239-5754984db78c8259-steps-1,1,3,3,False,False,True,False,F,W,0.5579628944396973,True,False,False
controller,validation-000239-5754984db78c8259-steps-2,2,3,3,False,False,True,False,F,U,0.5221455693244934,True,False,False
controller,validation-000239-5754984db78c8259-steps-3,3,3,3,True,False,False,False,F,F,0.5133763551712036,True,True,True
controller,validation-000239-5754984db78c8259-steps-4,4,3,3,False,True,False,False,F,R,0.5084728002548218,True,False,False
controller,validation-000239-5754984db78c8259-steps-5,5,3,3,False,True,False,False,F,P,0.5036435127258301,True,False,False
controller,validation-000239-5754984db78c8259-steps-6,6,3,3,False,True,False,False,F,I,0.5006105899810791,True,False,False
controller,validation-000239-5754984db78c8259-steps-7,7,3,3,False,True,False,False,F,Y,0.5009405016899109,True,False,False
controller,validation-000239-5754984db78c8259-steps-8,8,4,4,False,True,False,False,R,K,0.5955508947372437,True,False,False
controller,validation-000239-5754984db78c8259-steps-9,9,4,4,False,True,False,False,R,Z,0.5958772897720337,True,False,False
controller,validation-000239-5754984db78c8259-steps-10,10,3,3,False,True,False,False,F,O,0.5077325105667114,True,False,False
controller,validation-000239-5754984db78c8259-steps-11,11,3,3,False,True,False,False,F,K,0.5061725378036499,True,False,False
controller,validation-000239-5754984db78c8259-steps-12,12,3,3,False,True,False,False,F,Z,0.5040134191513062,True,False,False
controller,validation-000239-5754984db78c8259-steps-13,13,3,3,False,True,False,False,F,O,0.5034953355789185,True,False,False
controller,validation-000239-5754984db78c8259-steps-14,14,3,3,False,True,False,False,F,K,0.5045616030693054,True,False,False
controller,validation-000239-5754984db78c8259-steps-15,15,3,3,False,True,False,False,F,Z,0.5030163526535034,True,False,False
controller,validation-000239-5754984db78c8259-steps-16,16,3,3,False,True,False,False,F,O,0.5021411776542664,True,False,False
controller,validation-000935-fbcd1eff2f2b2f3d-steps-1,1,3,3,False,False,True,False,C,O,0.5432794094085693,True,False,False
controller,validation-000935-fbcd1eff2f2b2f3d-steps-2,2,3,3,False,False,True,False,C,H,0.5063059329986572,True,False,False
controller,validation-000935-fbcd1eff2f2b2f3d-steps-3,3,4,4,False,False,True,False,Y,C,0.5479870438575745,True,False,False
controller,validation-000935-fbcd1eff2f2b2f3d-steps-4,4,4,4,True,False,False,False,Y,Y,0.5448520183563232,True,True,True
controller,validation-000935-fbcd1eff2f2b2f3d-steps-5,5,4,4,False,True,False,False,Y,P,0.5418981909751892,True,False,False
controller,validation-000935-fbcd1eff2f2b2f3d-steps-6,6,4,4,False,True,False,False,Y,M,0.5400263071060181,True,False,False
controller,validation-000935-fbcd1eff2f2b2f3d-steps-7,7,4,4,False,True,False,False,Y,P,0.5402554273605347,True,False,False
controller,validation-000935-fbcd1eff2f2b2f3d-steps-8,8,4,4,False,True,False,False,Y,M,0.5388393402099609,True,False,False
controller,validation-000935-fbcd1eff2f2b2f3d-steps-9,9,4,4,False,True,False,False,Y,P,0.539191484451294,True,False,False
controller,validation-000935-fbcd1eff2f2b2f3d-steps-10,10,4,4,False,True,False,False,Y,M,0.5440091490745544,True,False,False
controller,validation-000935-fbcd1eff2f2b2f3d-steps-11,11,4,4,False,True,False,False,Y,P,0.5429738163948059,True,False,False
controller,validation-000935-fbcd1eff2f2b2f3d-steps-12,12,4,4,False,True,False,False,Y,M,0.5416070222854614,True,False,False
controller,validation-000935-fbcd1eff2f2b2f3d-steps-13,13,4,4,False,True,False,False,Y,P,0.5410857796669006,True,False,False
controller,validation-000935-fbcd1eff2f2b2f3d-steps-14,14,4,4,False,True,False,False,Y,M,0.5418235659599304,True,False,False
controller,validation-000935-fbcd1eff2f2b2f3d-steps-15,15,4,4,False,True,False,False,Y,P,0.540823757648468,True,False,False
controller,validation-000935-fbcd1eff2f2b2f3d-steps-16,16,4,4,False,True,False,False,Y,M,0.5404783487319946,True,False,False
controller,validation-000563-eb37580fbcb9fb0b-steps-1,1,3,3,False,False,True,False,B,W,0.5204552412033081,True,False,False
controller,validation-000563-eb37580fbcb9fb0b-steps-2,2,4,4,False,False,True,False,H,O,0.6008870601654053,True,False,False
controller,validation-000563-eb37580fbcb9fb0b-steps-3,3,4,4,False,False,True,False,H,B,0.5950426459312439,True,False,False
controller,validation-000563-eb37580fbcb9fb0b-steps-4,4,4,4,True,False,False,False,H,H,0.591830313205719,True,True,True
controller,validation-000563-eb37580fbcb9fb0b-steps-5,5,4,4,False,True,False,False,H,N,0.588721752166748,True,False,False
controller,validation-000563-eb37580fbcb9fb0b-steps-6,6,4,4,False,True,False,False,H,X,0.5867672562599182,True,False,False
controller,validation-000563-eb37580fbcb9fb0b-steps-7,7,4,4,False,True,False,False,H,V,0.5867801308631897,True,False,False
controller,validation-000563-eb37580fbcb9fb0b-steps-8,8,4,4,False,True,False,False,H,S,0.5852723717689514,True,False,False
controller,validation-000563-eb37580fbcb9fb0b-steps-9,9,4,4,False,True,False,False,H,E,0.5855215787887573,True,False,False
controller,validation-000563-eb37580fbcb9fb0b-steps-10,10,4,4,False,True,False,False,H,D,0.5904302597045898,True,False,False
controller,validation-000563-eb37580fbcb9fb0b-steps-11,11,4,4,False,True,False,False,H,R,0.5892401933670044,True,False,False
controller,validation-000563-eb37580fbcb9fb0b-steps-12,12,4,4,False,True,False,False,H,A,0.5879879593849182,True,False,False
controller,validation-000563-eb37580fbcb9fb0b-steps-13,13,4,4,False,True,False,False,H,J,0.5874073505401611,True,False,False
controller,validation-000563-eb37580fbcb9fb0b-steps-14,14,4,4,False,True,False,False,H,T,0.5880453586578369,True,False,False
controller,validation-000563-eb37580fbcb9fb0b-steps-15,15,4,4,False,True,False,False,H,P,0.5871734619140625,True,False,False
controller,validation-000563-eb37580fbcb9fb0b-steps-16,16,4,4,False,True,False,False,H,F,0.5868657231330872,True,False,False
controller,validation-001139-12403ff598264454-steps-1,1,3,3,False,False,True,False,C,W,0.5561404824256897,True,False,False
controller,validation-001139-12403ff598264454-steps-2,2,3,3,False,False,True,False,C,T,0.5200038552284241,True,False,False
controller,validation-001139-12403ff598264454-steps-3,3,3,3,True,False,False,False,C,C,0.5108769536018372,True,True,True
controller,validation-001139-12403ff598264454-steps-4,4,3,3,False,True,False,False,C,B,0.5059680342674255,True,False,False
controller,validation-001139-12403ff598264454-steps-5,5,3,3,False,True,False,False,C,X,0.5013410449028015,True,False,False
controller,validation-001139-12403ff598264454-steps-6,6,4,4,False,True,False,False,B,V,0.5778005719184875,True,False,False
controller,validation-001139-12403ff598264454-steps-7,7,4,4,False,True,False,False,B,R,0.5779518485069275,True,False,False
controller,validation-001139-12403ff598264454-steps-8,8,4,4,False,True,False,False,B,H,0.5764749050140381,True,False,False
controller,validation-001139-12403ff598264454-steps-9,9,4,4,False,True,False,False,B,M,0.5767478942871094,False,False,False
controller,validation-001139-12403ff598264454-steps-10,10,3,3,False,True,False,False,C,G,0.5048240423202515,False,False,False
controller,validation-001139-12403ff598264454-steps-11,11,3,3,False,True,False,False,C,U,0.5032447576522827,False,False,False
controller,validation-001139-12403ff598264454-steps-12,12,3,3,False,True,False,False,C,N,0.5011253952980042,False,False,False
controller,validation-001139-12403ff598264454-steps-13,13,3,3,False,True,False,False,C,Z,0.5002175569534302,False,False,False
controller,validation-001139-12403ff598264454-steps-14,14,3,3,False,True,False,False,C,E,0.5014262199401855,False,False,False
controller,validation-001139-12403ff598264454-steps-15,15,4,4,False,True,False,False,B,K,0.5782712697982788,False,False,False
controller,validation-001139-12403ff598264454-steps-16,16,4,4,False,True,False,False,B,J,0.5779837369918823,False,False,False
controller,validation-001163-8c8e5b425050a7d0-steps-1,1,1,1,True,False,False,False,Z,Z,0.5024683475494385,True,True,True
controller,validation-001163-8c8e5b425050a7d0-steps-2,2,3,3,False,False,True,False,G,X,0.5173596143722534,True,False,False
controller,validation-001163-8c8e5b425050a7d0-steps-3,3,3,3,True,False,False,False,G,G,0.5085618495941162,True,True,True
controller,validation-001163-8c8e5b425050a7d0-steps-4,4,3,3,False,True,False,False,G,C,0.5037356019020081,True,False,False
controller,validation-001163-8c8e5b425050a7d0-steps-5,5,4,4,False,True,False,False,C,I,0.5793277025222778,True,False,False
controller,validation-001163-8c8e5b425050a7d0-steps-6,6,4,4,False,True,False,False,C,K,0.5775090456008911,True,False,False
controller,validation-001163-8c8e5b425050a7d0-steps-7,7,4,4,False,True,False,False,C,R,0.5776297450065613,True,False,False
controller,validation-001163-8c8e5b425050a7d0-steps-8,8,4,4,False,True,False,False,C,H,0.5763174891471863,True,False,False
controller,validation-001163-8c8e5b425050a7d0-steps-9,9,4,4,False,True,False,False,C,V,0.5765811800956726,True,False,False
controller,validation-001163-8c8e5b425050a7d0-steps-10,10,3,3,False,True,False,False,G,J,0.5019693374633789,True,False,False
controller,validation-001163-8c8e5b425050a7d0-steps-11,11,3,3,False,True,False,False,G,U,0.5008582472801208,True,False,False
controller,validation-001163-8c8e5b425050a7d0-steps-12,12,4,4,False,True,False,False,C,O,0.5786101818084717,True,False,False
controller,validation-001163-8c8e5b425050a7d0-steps-13,13,4,4,False,True,False,False,C,Z,0.577868640422821,True,False,False
controller,validation-001163-8c8e5b425050a7d0-steps-14,14,4,4,False,True,False,False,C,X,0.5786060094833374,True,False,False
controller,validation-001163-8c8e5b425050a7d0-steps-15,15,4,4,False,True,False,False,C,G,0.5776020884513855,True,False,False
controller,validation-001163-8c8e5b425050a7d0-steps-16,16,4,4,False,True,False,False,C,C,0.5773490071296692,True,True,False
controller,validation-000851-644635f662fa0124-steps-1,1,1,1,True,False,False,False,I,I,0.5106438994407654,True,True,True
controller,validation-000851-644635f662fa0124-steps-2,2,4,4,False,False,True,False,V,L,0.5955643057823181,True,False,False
controller,validation-000851-644635f662fa0124-steps-3,3,4,4,False,False,True,False,V,Q,0.5898306369781494,True,False,False
controller,validation-000851-644635f662fa0124-steps-4,4,4,4,True,False,False,False,V,V,0.5867667198181152,True,True,True
controller,validation-000851-644635f662fa0124-steps-5,5,4,4,False,True,False,False,V,O,0.5838192701339722,True,False,False
controller,validation-000851-644635f662fa0124-steps-6,6,4,4,False,True,False,False,V,F,0.5819222331047058,True,False,False
controller,validation-000851-644635f662fa0124-steps-7,7,4,4,False,True,False,False,V,X,0.5820024013519287,True,False,False
controller,validation-000851-644635f662fa0124-steps-8,8,4,4,False,True,False,False,V,R,0.5809144377708435,True,False,False
controller,validation-000851-644635f662fa0124-steps-9,9,4,4,False,True,False,False,V,C,0.5811468958854675,True,False,False
controller,validation-000851-644635f662fa0124-steps-10,10,4,4,False,True,False,False,V,L,0.585892379283905,True,False,False
controller,validation-000851-644635f662fa0124-steps-11,11,4,4,False,True,False,False,V,Q,0.5848103165626526,True,False,False
controller,validation-000851-644635f662fa0124-steps-12,12,4,4,False,True,False,False,V,V,0.5834463238716125,True,True,False
controller,validation-000851-644635f662fa0124-steps-13,13,4,4,False,True,False,False,V,O,0.5830165147781372,True,False,False
controller,validation-000851-644635f662fa0124-steps-14,14,4,4,False,True,False,False,V,F,0.5837090015411377,True,False,False
controller,validation-000851-644635f662fa0124-steps-15,15,4,4,False,True,False,False,V,X,0.5825914144515991,True,False,False
controller,validation-000851-644635f662fa0124-steps-16,16,4,4,False,True,False,False,V,R,0.5823196172714233,True,False,False
controller,validation-001319-9eb25b0356a2a3af-steps-1,1,3,3,False,False,True,False,J,B,0.5011200904846191,True,False,False
controller,validation-001319-9eb25b0356a2a3af-steps-2,2,4,4,False,False,True,False,W,R,0.5681070685386658,True,False,False
controller,validation-001319-9eb25b0356a2a3af-steps-3,3,4,4,False,False,True,False,W,J,0.5622225403785706,True,False,False
controller,validation-001319-9eb25b0356a2a3af-steps-4,4,4,4,True,False,False,False,W,W,0.5590776801109314,True,True,True
controller,validation-001319-9eb25b0356a2a3af-steps-5,5,4,4,False,True,False,False,W,G,0.5560896396636963,True,False,False
controller,validation-001319-9eb25b0356a2a3af-steps-6,6,4,4,False,True,False,False,W,H,0.554060161113739,True,False,False
controller,validation-001319-9eb25b0356a2a3af-steps-7,7,4,4,False,True,False,False,W,U,0.5542784333229065,True,False,False
controller,validation-001319-9eb25b0356a2a3af-steps-8,8,4,4,False,True,False,False,W,O,0.5528162717819214,True,False,False
controller,validation-001319-9eb25b0356a2a3af-steps-9,9,4,4,False,True,False,False,W,Y,0.5529699921607971,True,False,False
controller,validation-001319-9eb25b0356a2a3af-steps-10,10,4,4,False,True,False,False,W,A,0.557817280292511,True,False,False
controller,validation-001319-9eb25b0356a2a3af-steps-11,11,4,4,False,True,False,False,W,I,0.5564464330673218,True,False,False
controller,validation-001319-9eb25b0356a2a3af-steps-12,12,4,4,False,True,False,False,W,D,0.5553470253944397,True,False,False
controller,validation-001319-9eb25b0356a2a3af-steps-13,13,4,4,False,True,False,False,W,X,0.5544939637184143,True,False,False
controller,validation-001319-9eb25b0356a2a3af-steps-14,14,4,4,False,True,False,False,W,S,0.5553303360939026,True,False,False
controller,validation-001319-9eb25b0356a2a3af-steps-15,15,4,4,False,True,False,False,W,Q,0.5544695854187012,True,False,False
controller,validation-001319-9eb25b0356a2a3af-steps-16,16,4,4,False,True,False,False,W,E,0.5539760589599609,True,False,False
controller,validation-000767-6214b464787f36df-steps-1,1,3,3,False,False,True,False,J,B,0.5114649534225464,True,False,False
controller,validation-000767-6214b464787f36df-steps-2,2,4,4,False,False,True,False,Z,Y,0.561694324016571,True,False,False
controller,validation-000767-6214b464787f36df-steps-3,3,4,4,False,False,True,False,Z,J,0.55577152967453,True,False,False
controller,validation-000767-6214b464787f36df-steps-4,4,4,4,True,False,False,False,Z,Z,0.5526843070983887,True,True,True
controller,validation-000767-6214b464787f36df-steps-5,5,4,4,False,True,False,False,Z,R,0.5495239496231079,True,False,False
controller,validation-000767-6214b464787f36df-steps-6,6,4,4,False,True,False,False,Z,T,0.5475251078605652,True,False,False
controller,validation-000767-6214b464787f36df-steps-7,7,4,4,False,True,False,False,Z,F,0.5476583242416382,True,False,False
controller,validation-000767-6214b464787f36df-steps-8,8,4,4,False,True,False,False,Z,I,0.5463406443595886,True,False,False
controller,validation-000767-6214b464787f36df-steps-9,9,4,4,False,True,False,False,Z,S,0.5466417074203491,True,False,False
controller,validation-000767-6214b464787f36df-steps-10,10,4,4,False,True,False,False,Z,E,0.551251232624054,True,False,False
controller,validation-000767-6214b464787f36df-steps-11,11,4,4,False,True,False,False,Z,P,0.5500231981277466,True,False,False
controller,validation-000767-6214b464787f36df-steps-12,12,4,4,False,True,False,False,Z,D,0.5488486886024475,True,False,False
controller,validation-000767-6214b464787f36df-steps-13,13,4,4,False,True,False,False,Z,M,0.5480679869651794,True,False,False
controller,validation-000767-6214b464787f36df-steps-14,14,4,4,False,True,False,False,Z,X,0.5487962961196899,True,False,False
controller,validation-000767-6214b464787f36df-steps-15,15,4,4,False,True,False,False,Z,B,0.5478451251983643,True,False,False
controller,validation-000767-6214b464787f36df-steps-16,16,4,4,False,True,False,False,Z,Y,0.547624945640564,True,False,False
controller,validation-000707-23169932d9fe3f5b-steps-1,1,1,1,True,False,False,False,M,M,0.509912371635437,True,True,True
controller,validation-000707-23169932d9fe3f5b-steps-2,2,3,3,False,False,True,False,Q,B,0.501039981842041,True,False,False
controller,validation-000707-23169932d9fe3f5b-steps-3,3,4,4,False,False,True,False,J,Q,0.5798506140708923,True,False,False
controller,validation-000707-23169932d9fe3f5b-steps-4,4,4,4,True,False,False,False,J,J,0.5767238736152649,True,True,True
controller,validation-000707-23169932d9fe3f5b-steps-5,5,4,4,False,True,False,False,J,H,0.5738333463668823,True,False,False
controller,validation-000707-23169932d9fe3f5b-steps-6,6,4,4,False,True,False,False,J,X,0.5718666911125183,True,False,False
controller,validation-000707-23169932d9fe3f5b-steps-7,7,4,4,False,True,False,False,J,Y,0.5719636082649231,True,False,False
controller,validation-000707-23169932d9fe3f5b-steps-8,8,4,4,False,True,False,False,J,G,0.5705410242080688,True,False,False
controller,validation-000707-23169932d9fe3f5b-steps-9,9,4,4,False,True,False,False,J,T,0.5710896253585815,True,False,False
controller,validation-000707-23169932d9fe3f5b-steps-10,10,4,4,False,True,False,False,J,K,0.5752898454666138,True,False,False
controller,validation-000707-23169932d9fe3f5b-steps-11,11,4,4,False,True,False,False,J,C,0.574199914932251,True,False,False
controller,validation-000707-23169932d9fe3f5b-steps-12,12,4,4,False,True,False,False,J,U,0.5728342533111572,True,False,False
controller,validation-000707-23169932d9fe3f5b-steps-13,13,4,4,False,True,False,False,J,R,0.572241485118866,True,False,False
controller,validation-000707-23169932d9fe3f5b-steps-14,14,4,4,False,True,False,False,J,F,0.5729156732559204,True,False,False
controller,validation-000707-23169932d9fe3f5b-steps-15,15,4,4,False,True,False,False,J,V,0.5720040202140808,True,False,False
controller,validation-000707-23169932d9fe3f5b-steps-16,16,4,4,False,True,False,False,J,A,0.5717360973358154,True,False,False
controller,validation-000311-d8c5b2900ecf8e95-steps-1,1,3,3,False,False,True,False,Y,Q,0.5192269682884216,True,False,False
controller,validation-000311-d8c5b2900ecf8e95-steps-2,2,4,4,False,False,True,False,Z,D,0.5884339213371277,True,False,False
controller,validation-000311-d8c5b2900ecf8e95-steps-3,3,4,4,False,False,True,False,Z,Y,0.5829800963401794,True,False,False
controller,validation-000311-d8c5b2900ecf8e95-steps-4,4,4,4,True,False,False,False,Z,Z,0.5799605846405029,True,True,True
controller,validation-000311-d8c5b2900ecf8e95-steps-5,5,4,4,False,True,False,False,Z,F,0.577114999294281,True,False,False
controller,validation-000311-d8c5b2900ecf8e95-steps-6,6,4,4,False,True,False,False,Z,V,0.5753215551376343,True,False,False
controller,validation-000311-d8c5b2900ecf8e95-steps-7,7,4,4,False,True,False,False,Z,H,0.5755597352981567,True,False,False
controller,validation-000311-d8c5b2900ecf8e95-steps-8,8,4,4,False,True,False,False,Z,L,0.5742724537849426,True,False,False
controller,validation-000311-d8c5b2900ecf8e95-steps-9,9,4,4,False,True,False,False,Z,U,0.5744530558586121,True,False,False
controller,validation-000311-d8c5b2900ecf8e95-steps-10,10,4,4,False,True,False,False,Z,J,0.5787003636360168,True,False,False
controller,validation-000311-d8c5b2900ecf8e95-steps-11,11,4,4,False,True,False,False,Z,N,0.5776017904281616,True,False,False
controller,validation-000311-d8c5b2900ecf8e95-steps-12,12,4,4,False,True,False,False,Z,E,0.5764773488044739,True,False,False
controller,validation-000311-d8c5b2900ecf8e95-steps-13,13,4,4,False,True,False,False,Z,G,0.575742781162262,True,False,False
controller,validation-000311-d8c5b2900ecf8e95-steps-14,14,4,4,False,True,False,False,Z,B,0.5763757824897766,True,False,False
controller,validation-000311-d8c5b2900ecf8e95-steps-15,15,4,4,False,True,False,False,Z,S,0.5756046175956726,True,False,False
controller,validation-000311-d8c5b2900ecf8e95-steps-16,16,4,4,False,True,False,False,Z,R,0.5753301382064819,True,False,False
controller,validation-001283-819d178b5c86fb52-steps-1,1,1,1,True,False,False,False,I,I,0.5179263353347778,True,True,True
controller,validation-001283-819d178b5c86fb52-steps-2,2,3,3,False,False,True,False,S,F,0.5324042439460754,True,False,False
controller,validation-001283-819d178b5c86fb52-steps-3,3,3,3,True,False,False,False,S,S,0.5236430168151855,True,True,True
controller,validation-001283-819d178b5c86fb52-steps-4,4,3,3,False,True,False,False,S,X,0.5184733271598816,True,False,False
controller,validation-001283-819d178b5c86fb52-steps-5,5,3,3,False,True,False,False,S,I,0.5136293768882751,True,False,False
controller,validation-001283-819d178b5c86fb52-steps-6,6,3,3,False,True,False,False,S,F,0.5107495188713074,True,False,False
controller,validation-001283-819d178b5c86fb52-steps-7,7,3,3,False,True,False,False,S,S,0.5113601088523865,True,True,False
controller,validation-001283-819d178b5c86fb52-steps-8,8,3,3,False,True,False,False,S,X,0.508828341960907,True,False,False
controller,validation-001283-819d178b5c86fb52-steps-9,9,3,3,False,True,False,False,S,I,0.5096782445907593,True,False,False
controller,validation-001283-819d178b5c86fb52-steps-10,10,3,3,False,True,False,False,S,F,0.5179160237312317,True,False,False
controller,validation-001283-819d178b5c86fb52-steps-11,11,3,3,False,True,False,False,S,S,0.5168527960777283,True,True,False
controller,validation-001283-819d178b5c86fb52-steps-12,12,3,3,False,True,False,False,S,X,0.5145258903503418,True,False,False
controller,validation-001283-819d178b5c86fb52-steps-13,13,3,3,False,True,False,False,S,I,0.5138415098190308,True,False,False
controller,validation-001283-819d178b5c86fb52-steps-14,14,3,3,False,True,False,False,S,F,0.5147490501403809,True,False,False
controller,validation-001283-819d178b5c86fb52-steps-15,15,3,3,False,True,False,False,S,S,0.5132426619529724,True,True,False
controller,validation-001283-819d178b5c86fb52-steps-16,16,3,3,False,True,False,False,S,X,0.5123153924942017,True,False,False
controller,validation-000491-8b5d953bfd7abfef-steps-1,1,1,1,True,False,False,False,C,C,0.5140798091888428,True,True,True
controller,validation-000491-8b5d953bfd7abfef-steps-2,2,3,3,False,False,True,False,X,Y,0.505250096321106,True,False,False
controller,validation-000491-8b5d953bfd7abfef-steps-3,3,4,4,False,False,True,False,N,X,0.5805305242538452,True,False,False
controller,validation-000491-8b5d953bfd7abfef-steps-4,4,4,4,True,False,False,False,N,N,0.5776252746582031,True,True,True
controller,validation-000491-8b5d953bfd7abfef-steps-5,5,4,4,False,True,False,False,N,C,0.5748163461685181,True,False,False
controller,validation-000491-8b5d953bfd7abfef-steps-6,6,4,4,False,True,False,False,N,Y,0.5730965733528137,True,False,False
controller,validation-000491-8b5d953bfd7abfef-steps-7,7,4,4,False,True,False,False,N,X,0.5733242630958557,True,False,False
controller,validation-000491-8b5d953bfd7abfef-steps-8,8,4,4,False,True,False,False,N,N,0.5720665454864502,True,True,False
controller,validation-000491-8b5d953bfd7abfef-steps-9,9,4,4,False,True,False,False,N,C,0.5723341107368469,True,False,False
controller,validation-000491-8b5d953bfd7abfef-steps-10,10,4,4,False,True,False,False,N,Y,0.5762330889701843,True,False,False
controller,validation-000491-8b5d953bfd7abfef-steps-11,11,4,4,False,True,False,False,N,X,0.5752324461936951,True,False,False
controller,validation-000491-8b5d953bfd7abfef-steps-12,12,4,4,False,True,False,False,N,N,0.5741580128669739,True,True,False
controller,validation-000491-8b5d953bfd7abfef-steps-13,13,4,4,False,True,False,False,N,C,0.5735621452331543,True,False,False
controller,validation-000491-8b5d953bfd7abfef-steps-14,14,4,4,False,True,False,False,N,Y,0.5741926431655884,True,False,False
controller,validation-000491-8b5d953bfd7abfef-steps-15,15,4,4,False,True,False,False,N,X,0.5733253359794617,True,False,False
controller,validation-000491-8b5d953bfd7abfef-steps-16,16,4,4,False,True,False,False,N,N,0.5730755925178528,True,True,False
controller,validation-001019-b39ee6adadcb67a4-steps-1,1,3,3,False,False,True,False,W,F,0.5636825561523438,True,False,False
controller,validation-001019-b39ee6adadcb67a4-steps-2,2,3,3,False,False,True,False,W,Z,0.5285611152648926,True,False,False
controller,validation-001019-b39ee6adadcb67a4-steps-3,3,3,3,True,False,False,False,W,W,0.5196704864501953,True,True,True
controller,validation-001019-b39ee6adadcb67a4-steps-4,4,3,3,False,True,False,False,W,H,0.5149388313293457,True,False,False
controller,validation-001019-b39ee6adadcb67a4-steps-5,5,3,3,False,True,False,False,W,W,0.510351300239563,True,True,False
controller,validation-001019-b39ee6adadcb67a4-steps-6,6,3,3,False,True,False,False,W,H,0.5074334144592285,True,False,False
controller,validation-001019-b39ee6adadcb67a4-steps-7,7,3,3,False,True,False,False,W,W,0.5080280900001526,True,True,False
controller,validation-001019-b39ee6adadcb67a4-steps-8,8,3,3,False,True,False,False,W,H,0.5059494972229004,True,False,False
controller,validation-001019-b39ee6adadcb67a4-steps-9,9,3,3,False,True,False,False,W,W,0.5064546465873718,True,True,False
controller,validation-001019-b39ee6adadcb67a4-steps-10,10,3,3,False,True,False,False,W,H,0.5124921202659607,True,False,False
controller,validation-001019-b39ee6adadcb67a4-steps-11,11,3,3,False,True,False,False,W,W,0.5110783576965332,True,True,False
controller,validation-001019-b39ee6adadcb67a4-steps-12,12,3,3,False,True,False,False,W,H,0.5091842412948608,True,False,False
controller,validation-001019-b39ee6adadcb67a4-steps-13,13,3,3,False,True,False,False,W,W,0.5082682371139526,True,True,False
controller,validation-001019-b39ee6adadcb67a4-steps-14,14,3,3,False,True,False,False,W,H,0.5092688798904419,True,False,False
controller,validation-001019-b39ee6adadcb67a4-steps-15,15,3,3,False,True,False,False,W,W,0.507929801940918,True,True,False
controller,validation-001019-b39ee6adadcb67a4-steps-16,16,3,3,False,True,False,False,W,H,0.5071936249732971,True,False,False
controller,validation-000803-fb00c05a7398531f-steps-1,1,1,1,True,False,False,False,A,A,0.5118218660354614,True,True,True
controller,validation-000803-fb00c05a7398531f-steps-2,2,3,3,False,False,True,False,H,O,0.5218636989593506,True,False,False
controller,validation-000803-fb00c05a7398531f-steps-3,3,3,3,True,False,False,False,H,H,0.512909471988678,True,True,True
controller,validation-000803-fb00c05a7398531f-steps-4,4,3,3,False,True,False,False,H,G,0.5075057148933411,True,False,False
controller,validation-000803-fb00c05a7398531f-steps-5,5,3,3,False,True,False,False,H,R,0.5031138062477112,True,False,False
controller,validation-000803-fb00c05a7398531f-steps-6,6,4,4,False,True,False,False,G,X,0.5930407643318176,True,False,False
controller,validation-000803-fb00c05a7398531f-steps-7,7,3,3,False,True,False,False,H,T,0.5002201795578003,True,False,False
controller,validation-000803-fb00c05a7398531f-steps-8,8,4,4,False,True,False,False,G,L,0.5919507741928101,True,False,False
controller,validation-000803-fb00c05a7398531f-steps-9,9,4,4,False,True,False,False,G,M,0.5920632481575012,True,False,False
controller,validation-000803-fb00c05a7398531f-steps-10,10,3,3,False,True,False,False,H,F,0.5066041946411133,True,False,False
controller,validation-000803-fb00c05a7398531f-steps-11,11,3,3,False,True,False,False,H,N,0.5055438876152039,True,False,False
controller,validation-000803-fb00c05a7398531f-steps-12,12,3,3,False,True,False,False,H,Q,0.5033705830574036,True,False,False
controller,validation-000803-fb00c05a7398531f-steps-13,13,3,3,False,True,False,False,H,W,0.5024771094322205,True,False,False
controller,validation-000803-fb00c05a7398531f-steps-14,14,3,3,False,True,False,False,H,U,0.5033004283905029,True,False,False
controller,validation-000803-fb00c05a7398531f-steps-15,15,3,3,False,True,False,False,H,E,0.5020259022712708,True,False,False
controller,validation-000803-fb00c05a7398531f-steps-16,16,3,3,False,True,False,False,H,V,0.5012949705123901,True,False,False
controller,validation-000011-35f4910e59898b9f-steps-1,1,1,1,True,False,False,False,Z,Z,0.5043618679046631,True,True,True
controller,validation-000011-35f4910e59898b9f-steps-2,2,3,3,False,False,True,False,F,M,0.5219871401786804,True,False,False
controller,validation-000011-35f4910e59898b9f-steps-3,3,3,3,True,False,False,False,F,F,0.5128516554832458,True,True,True
controller,validation-000011-35f4910e59898b9f-steps-4,4,3,3,False,True,False,False,F,G,0.5077036023139954,True,False,False
controller,validation-000011-35f4910e59898b9f-steps-5,5,3,3,False,True,False,False,F,T,0.5030826330184937,True,False,False
controller,validation-000011-35f4910e59898b9f-steps-6,6,3,3,False,True,False,False,F,H,0.5003611445426941,True,False,False
controller,validation-000011-35f4910e59898b9f-steps-7,7,3,3,False,True,False,False,F,I,0.5008048415184021,True,False,False
controller,validation-000011-35f4910e59898b9f-steps-8,8,4,4,False,True,False,False,G,A,0.5992979407310486,True,False,False
controller,validation-000011-35f4910e59898b9f-steps-9,9,4,4,False,True,False,False,G,M,0.5996531844139099,True,False,False
controller,validation-000011-35f4910e59898b9f-steps-10,10,3,3,False,True,False,False,F,F,0.5068654417991638,True,True,False
controller,validation-000011-35f4910e59898b9f-steps-11,11,3,3,False,True,False,False,F,G,0.505539059638977,True,False,False
controller,validation-000011-35f4910e59898b9f-steps-12,12,3,3,False,True,False,False,F,T,0.5033372044563293,True,False,False
controller,validation-000011-35f4910e59898b9f-steps-13,13,3,3,False,True,False,False,F,H,0.5028240084648132,True,False,False
controller,validation-000011-35f4910e59898b9f-steps-14,14,3,3,False,True,False,False,F,I,0.5038161873817444,True,False,False
controller,validation-000011-35f4910e59898b9f-steps-15,15,3,3,False,True,False,False,F,A,0.5023314952850342,True,False,False
controller,validation-000011-35f4910e59898b9f-steps-16,16,3,3,False,True,False,False,F,M,0.5016795992851257,True,False,False
controller,validation-000755-4754f22067ad7fbb-steps-1,1,3,3,False,False,True,False,N,X,0.5208344459533691,True,False,False
controller,validation-000755-4754f22067ad7fbb-steps-2,2,4,4,False,False,True,False,R,O,0.5758363604545593,True,False,False
controller,validation-000755-4754f22067ad7fbb-steps-3,3,4,4,False,False,True,False,R,N,0.5704531669616699,True,False,False
controller,validation-000755-4754f22067ad7fbb-steps-4,4,4,4,True,False,False,False,R,R,0.5674953460693359,True,True,True
controller,validation-000755-4754f22067ad7fbb-steps-5,5,4,4,False,True,False,False,R,E,0.5647960901260376,True,False,False
controller,validation-000755-4754f22067ad7fbb-steps-6,6,4,4,False,True,False,False,R,U,0.5627312660217285,True,False,False
controller,validation-000755-4754f22067ad7fbb-steps-7,7,4,4,False,True,False,False,R,W,0.5630308389663696,True,False,False
controller,validation-000755-4754f22067ad7fbb-steps-8,8,4,4,False,True,False,False,R,S,0.5616443157196045,True,False,False
controller,validation-000755-4754f22067ad7fbb-steps-9,9,4,4,False,True,False,False,R,B,0.5619317889213562,True,False,False
controller,validation-000755-4754f22067ad7fbb-steps-10,10,4,4,False,True,False,False,R,I,0.5665946006774902,True,False,False
controller,validation-000755-4754f22067ad7fbb-steps-11,11,4,4,False,True,False,False,R,K,0.5653939247131348,True,False,False
controller,validation-000755-4754f22067ad7fbb-steps-12,12,4,4,False,True,False,False,R,J,0.5642684102058411,True,False,False
controller,validation-000755-4754f22067ad7fbb-steps-13,13,4,4,False,True,False,False,R,P,0.5636383295059204,True,False,False
controller,validation-000755-4754f22067ad7fbb-steps-14,14,4,4,False,True,False,False,R,C,0.5643541216850281,True,False,False
controller,validation-000755-4754f22067ad7fbb-steps-15,15,4,4,False,True,False,False,R,V,0.5635551810264587,True,False,False
controller,validation-000755-4754f22067ad7fbb-steps-16,16,4,4,False,True,False,False,R,F,0.5631926655769348,True,False,False
controller,validation-000059-947c2e4edc95e6b9-steps-1,1,1,1,True,False,False,False,M,M,0.5068178772926331,True,True,True
controller,validation-000059-947c2e4edc95e6b9-steps-2,2,3,3,False,False,True,False,Y,H,0.5066342353820801,True,False,False
controller,validation-000059-947c2e4edc95e6b9-steps-3,3,4,4,False,False,True,False,U,Y,0.5568416118621826,True,False,False
controller,validation-000059-947c2e4edc95e6b9-steps-4,4,4,4,True,False,False,False,U,U,0.5535205602645874,True,True,True
controller,validation-000059-947c2e4edc95e6b9-steps-5,5,4,4,False,True,False,False,U,J,0.5505601763725281,True,False,False
controller,validation-000059-947c2e4edc95e6b9-steps-6,6,4,4,False,True,False,False,U,E,0.5485181212425232,True,False,False
controller,validation-000059-947c2e4edc95e6b9-steps-7,7,4,4,False,True,False,False,U,S,0.5486201643943787,True,False,False
controller,validation-000059-947c2e4edc95e6b9-steps-8,8,4,4,False,True,False,False,U,R,0.5469402074813843,True,False,False
controller,validation-000059-947c2e4edc95e6b9-steps-9,9,4,4,False,True,False,False,U,I,0.5474104285240173,True,False,False
controller,validation-000059-947c2e4edc95e6b9-steps-10,10,4,4,False,True,False,False,U,B,0.5525727272033691,True,False,False
controller,validation-000059-947c2e4edc95e6b9-steps-11,11,4,4,False,True,False,False,U,V,0.5513615012168884,True,False,False
controller,validation-000059-947c2e4edc95e6b9-steps-12,12,4,4,False,True,False,False,U,D,0.5499785542488098,True,False,False
controller,validation-000059-947c2e4edc95e6b9-steps-13,13,4,4,False,True,False,False,U,T,0.5494388341903687,True,False,False
controller,validation-000059-947c2e4edc95e6b9-steps-14,14,4,4,False,True,False,False,U,Z,0.5500550270080566,True,False,False
controller,validation-000059-947c2e4edc95e6b9-steps-15,15,4,4,False,True,False,False,U,X,0.5491467714309692,True,False,False
controller,validation-000059-947c2e4edc95e6b9-steps-16,16,4,4,False,True,False,False,U,N,0.5489335656166077,True,False,False
controller,validation-001199-1331e3b222f63ed2-steps-1,1,3,3,False,False,True,False,R,G,0.5300897359848022,True,False,False
controller,validation-001199-1331e3b222f63ed2-steps-2,2,4,4,False,False,True,False,G,X,0.5858973264694214,True,False,False
controller,validation-001199-1331e3b222f63ed2-steps-3,3,4,4,False,False,True,False,G,R,0.5802714228630066,True,False,False
controller,validation-001199-1331e3b222f63ed2-steps-4,4,4,4,True,False,False,False,G,G,0.577170193195343,True,True,True
controller,validation-001199-1331e3b222f63ed2-steps-5,5,4,4,False,True,False,False,G,X,0.5741780996322632,True,False,False
controller,validation-001199-1331e3b222f63ed2-steps-6,6,4,4,False,True,False,False,G,R,0.5722536444664001,True,False,False
controller,validation-001199-1331e3b222f63ed2-steps-7,7,4,4,False,True,False,False,G,G,0.5724347829818726,True,True,False
controller,validation-001199-1331e3b222f63ed2-steps-8,8,4,4,False,True,False,False,G,X,0.5708958506584167,True,False,False
controller,validation-001199-1331e3b222f63ed2-steps-9,9,4,4,False,True,False,False,G,R,0.5713819265365601,True,False,False
controller,validation-001199-1331e3b222f63ed2-steps-10,10,4,4,False,True,False,False,G,G,0.5761293172836304,True,True,False
controller,validation-001199-1331e3b222f63ed2-steps-11,11,4,4,False,True,False,False,G,X,0.5750274658203125,True,False,False
controller,validation-001199-1331e3b222f63ed2-steps-12,12,4,4,False,True,False,False,G,R,0.5736384987831116,True,False,False
controller,validation-001199-1331e3b222f63ed2-steps-13,13,4,4,False,True,False,False,G,G,0.5731145143508911,True,True,False
controller,validation-001199-1331e3b222f63ed2-steps-14,14,4,4,False,True,False,False,G,X,0.5738794207572937,True,False,False
controller,validation-001199-1331e3b222f63ed2-steps-15,15,4,4,False,True,False,False,G,R,0.5730167031288147,True,False,False
controller,validation-001199-1331e3b222f63ed2-steps-16,16,4,4,False,True,False,False,G,G,0.5725782513618469,True,True,False
controller,validation-001403-e1ecd05e0a438517-steps-1,1,3,3,False,False,True,False,F,R,0.5539492964744568,True,False,False
controller,validation-001403-e1ecd05e0a438517-steps-2,2,3,3,False,False,True,False,F,Y,0.5195987820625305,True,False,False
controller,validation-001403-e1ecd05e0a438517-steps-3,3,3,3,True,False,False,False,F,F,0.5109192728996277,True,True,True
controller,validation-001403-e1ecd05e0a438517-steps-4,4,3,3,False,True,False,False,F,M,0.5062997341156006,True,False,False
controller,validation-001403-e1ecd05e0a438517-steps-5,5,3,3,False,True,False,False,F,T,0.5017089247703552,True,False,False
controller,validation-001403-e1ecd05e0a438517-steps-6,6,4,4,False,True,False,False,M,E,0.5929977893829346,True,False,False
controller,validation-001403-e1ecd05e0a438517-steps-7,7,4,4,False,True,False,False,M,U,0.593076765537262,True,False,False
controller,validation-001403-e1ecd05e0a438517-steps-8,8,4,4,False,True,False,False,M,R,0.5919650197029114,True,False,False
controller,validation-001403-e1ecd05e0a438517-steps-9,9,4,4,False,True,False,False,M,Y,0.5920059680938721,True,False,False
controller,validation-001403-e1ecd05e0a438517-steps-10,10,3,3,False,True,False,False,F,F,0.5051397681236267,True,True,False
controller,validation-001403-e1ecd05e0a438517-steps-11,11,3,3,False,True,False,False,F,M,0.5034052729606628,True,False,False
controller,validation-001403-e1ecd05e0a438517-steps-12,12,3,3,False,True,False,False,F,T,0.5014334321022034,True,False,False
controller,validation-001403-e1ecd05e0a438517-steps-13,13,3,3,False,True,False,False,F,E,0.5007913708686829,True,False,False
controller,validation-001403-e1ecd05e0a438517-steps-14,14,3,3,False,True,False,False,F,U,0.5019317269325256,True,False,False
controller,validation-001403-e1ecd05e0a438517-steps-15,15,3,3,False,True,False,False,F,R,0.5003336668014526,True,False,False
controller,validation-001403-e1ecd05e0a438517-steps-16,16,4,4,False,True,False,False,M,Y,0.5932121872901917,True,False,False
controller,validation-000875-bcc2172b2648ebb4-steps-1,1,3,3,False,False,True,False,B,I,0.5208046436309814,True,False,False
controller,validation-000875-bcc2172b2648ebb4-steps-2,2,4,4,False,False,True,False,Q,K,0.5794767737388611,True,False,False
controller,validation-000875-bcc2172b2648ebb4-steps-3,3,4,4,False,False,True,False,Q,B,0.5739837884902954,True,False,False
controller,validation-000875-bcc2172b2648ebb4-steps-4,4,4,4,True,False,False,False,Q,Q,0.5708522796630859,True,True,True
controller,validation-000875-bcc2172b2648ebb4-steps-5,5,4,4,False,True,False,False,Q,A,0.5680185556411743,True,False,False
controller,validation-000875-bcc2172b2648ebb4-steps-6,6,4,4,False,True,False,False,Q,W,0.5659536123275757,True,False,False
controller,validation-000875-bcc2172b2648ebb4-steps-7,7,4,4,False,True,False,False,Q,O,0.5662466287612915,True,False,False
controller,validation-000875-bcc2172b2648ebb4-steps-8,8,4,4,False,True,False,False,Q,N,0.5648032426834106,True,False,False
controller,validation-000875-bcc2172b2648ebb4-steps-9,9,4,4,False,True,False,False,Q,U,0.5651057362556458,True,False,False
controller,validation-000875-bcc2172b2648ebb4-steps-10,10,4,4,False,True,False,False,Q,E,0.5696951150894165,True,False,False
controller,validation-000875-bcc2172b2648ebb4-steps-11,11,4,4,False,True,False,False,Q,S,0.5684790015220642,True,False,False
controller,validation-000875-bcc2172b2648ebb4-steps-12,12,4,4,False,True,False,False,Q,L,0.5672527551651001,True,False,False
controller,validation-000875-bcc2172b2648ebb4-steps-13,13,4,4,False,True,False,False,Q,R,0.566647469997406,True,False,False
controller,validation-000875-bcc2172b2648ebb4-steps-14,14,4,4,False,True,False,False,Q,D,0.5673753619194031,True,False,False
controller,validation-000875-bcc2172b2648ebb4-steps-15,15,4,4,False,True,False,False,Q,Z,0.5664415955543518,True,False,False
controller,validation-000875-bcc2172b2648ebb4-steps-16,16,4,4,False,True,False,False,Q,F,0.5661070346832275,True,False,False
