example_id,task_depth,loop,split,seed,family,initial_state,prediction,intermediate_target,intermediate_correct,final_target,final_correct,post_completion,intermediate_loss,intermediate_margin,final_margin,predicted_margin,answer_entropy,target_rank,top_symbols,r_prediction,r_intermediate_correct,r_c_agree,r_intermediate_loss,stop_logit,stop_probability,stop_target,stop_loss
train-017550-2da9fdf39c01ec4c,1,1,train,3290440225507109964,pointer,I,T,T,True,T,True,False,1.5020257706055418e-05,11.5625,11.5625,11.5625,0.00020316707455006632,1,T V I,T,True,True,0.006922665983438492,-0.8828125,0.2925952970981598,True,1.2289648056030273
train-017550-2da9fdf39c01ec4c,1,2,train,3290440225507109964,pointer,I,V,,,T,False,True,,,-5.1875,5.1875,0.10855545912916481,,V T W,I,,False,,-0.515625,0.37387579679489136,,
train-017550-2da9fdf39c01ec4c,1,3,train,3290440225507109964,pointer,I,K,,,T,False,True,,,-1.0,0.75,2.3551404770365703,,K V T,I,,False,,-0.019775390625,0.49505630135536194,,
train-017550-2da9fdf39c01ec4c,1,4,train,3290440225507109964,pointer,I,K,,,T,False,True,,,-0.0625,0.0625,2.883381095373952,,K T V,I,,False,,0.3515625,0.5869964361190796,,
train-017550-2da9fdf39c01ec4c,1,5,train,3290440225507109964,pointer,I,T,,,T,True,True,,,0.25,0.25,2.981999149558467,,T K W,I,,False,,0.578125,0.6406359076499939,,
train-017550-2da9fdf39c01ec4c,1,6,train,3290440225507109964,pointer,I,T,,,T,True,True,,,0.4375,0.4375,2.9838094641359767,,T K W,P,,False,,0.71484375,0.671470582485199,,
train-017550-2da9fdf39c01ec4c,1,7,train,3290440225507109964,pointer,I,T,,,T,True,True,,,0.375,0.375,2.9951546079043627,,T K V,P,,False,,0.796875,0.6893056035041809,,
train-017550-2da9fdf39c01ec4c,1,8,train,3290440225507109964,pointer,I,T,,,T,True,True,,,0.375,0.375,2.9895471730752536,,T K V,P,,False,,0.84375,0.6992544531822205,,
train-017550-2da9fdf39c01ec4c,1,9,train,3290440225507109964,pointer,I,T,,,T,True,True,,,0.4375,0.4375,2.986120724606703,,T K W,P,,False,,0.87109375,0.7049732804298401,,
train-017550-2da9fdf39c01ec4c,1,10,train,3290440225507109964,pointer,I,T,,,T,True,True,,,0.375,0.375,2.994736528406544,,T K W,P,,False,,0.890625,0.709019124507904,,
train-017550-2da9fdf39c01ec4c,1,11,train,3290440225507109964,pointer,I,T,,,T,True,True,,,0.4375,0.4375,2.989054964290201,,T K V,P,,False,,0.90234375,0.7114308476448059,,
train-017550-2da9fdf39c01ec4c,1,12,train,3290440225507109964,pointer,I,T,,,T,True,True,,,0.4375,0.4375,2.989054964290201,,T K V,P,,False,,0.91015625,0.7130321860313416,,
train-028513-482db515c5465556,2,1,train,5201012249791452502,pointer,E,H,H,True,X,False,False,5.245195097813848e-06,13.28125,-17.3427734375,13.28125,7.983021427884078e-05,1,H G I,H,True,True,0.007962035946547985,-0.87890625,0.2934044897556305,False,0.34729695320129395
train-028513-482db515c5465556,2,2,train,5201012249791452502,pointer,E,X,X,True,X,True,False,0.000456109904916957,8.0625,8.0625,8.0625,0.0046254922008337135,1,X Q J,X,True,True,2.714181661605835,-0.53125,0.37022536993026733,True,0.9936432838439941
train-028513-482db515c5465556,2,3,train,5201012249791452502,pointer,E,Q,,,X,False,True,,,-1.25,0.8125,2.3192087021126393,,Q J X,I,,False,,-0.032470703125,0.49188297986984253,,
train-028513-482db515c5465556,2,4,train,5201012249791452502,pointer,E,H,,,X,False,True,,,-0.4375,0.0625,3.210436098449615,,H J E,I,,False,,0.341796875,0.5846269726753235,,
train-028513-482db515c5465556,2,5,train,5201012249791452502,pointer,E,E,,,X,False,True,,,-0.375,0.0,3.2314184172812452,,E H G,P,,False,,0.5703125,0.6388352513313293,,
train-028513-482db515c5465556,2,6,train,5201012249791452502,pointer,E,E,,,X,False,True,,,-0.4375,0.0625,3.232412624274418,,E H G,P,,False,,0.703125,0.66888028383255,,
train-028513-482db515c5465556,2,7,train,5201012249791452502,pointer,E,E,,,X,False,True,,,-0.4375,0.0625,3.2321114148165213,,E H G,P,,False,,0.78515625,0.6867902874946594,,
train-028513-482db515c5465556,2,8,train,5201012249791452502,pointer,E,E,,,X,False,True,,,-0.375,0.0625,3.23225164445318,,E H G,P,,False,,0.83203125,0.696784257888794,,
train-028513-482db515c5465556,2,9,train,5201012249791452502,pointer,E,E,,,X,False,True,,,-0.4375,0.0625,3.2323939769940733,,E H G,P,,False,,0.859375,0.7025300860404968,,
train-028513-482db515c5465556,2,10,train,5201012249791452502,pointer,E,E,,,X,False,True,,,-0.4375,0.0625,3.230551897368082,,E H G,P,,False,,0.87890625,0.7065955400466919,,
train-028513-482db515c5465556,2,11,train,5201012249791452502,pointer,E,E,,,X,False,True,,,-0.4375,0.0625,3.2315423644590484,,E H G,P,,False,,0.890625,0.709019124507904,,
train-028513-482db515c5465556,2,12,train,5201012249791452502,pointer,E,E,,,X,False,True,,,-0.4375,0.125,3.2323077119818606,,E H G,P,,False,,0.89453125,0.7098243832588196,,
train-027434-d400c0bd81dcd93e,3,1,train,15276421856200808766,pointer,D,D,D,True,D,True,False,4.6491513785440475e-06,13.1875,13.1875,13.1875,7.072953354160745e-05,1,D R Z,D,True,True,0.09545920044183731,-0.94140625,0.2806163728237152,False,0.3293604850769043
train-027434-d400c0bd81dcd93e,3,2,train,15276421856200808766,pointer,D,D,D,True,D,True,False,-0.0,17.875,17.875,17.875,1.1900185317594424e-06,1,D C A,X,False,False,3.341063976287842,-0.5625,0.36296918988227844,False,0.45093727111816406
train-027434-d400c0bd81dcd93e,3,3,train,15276421856200808766,pointer,D,D,D,True,D,True,False,0.002649251837283373,7.625,7.625,7.625,0.02577244531861626,1,D L F,J,False,False,3.096973419189453,-0.05322265625,0.4866974353790283,True,0.7201125025749207
train-027434-d400c0bd81dcd93e,3,4,train,15276421856200808766,pointer,D,D,,,D,True,True,,,3.375,3.375,0.5182298749296311,,D L N,I,,False,,0.330078125,0.5817784070968628,,
train-027434-d400c0bd81dcd93e,3,5,train,15276421856200808766,pointer,D,D,,,D,True,True,,,2.75,2.75,0.9520174140804781,,D L N,I,,False,,0.5625,0.6370307803153992,,
train-027434-d400c0bd81dcd93e,3,6,train,15276421856200808766,pointer,D,D,,,D,True,True,,,2.6875,2.6875,1.0834995015684574,,D L N,P,,False,,0.69921875,0.6680145263671875,,
train-027434-d400c0bd81dcd93e,3,7,train,15276421856200808766,pointer,D,D,,,D,True,True,,,2.75,2.75,1.069434325728763,,D L N,P,,False,,0.78125,0.6859495043754578,,
train-027434-d400c0bd81dcd93e,3,8,train,15276421856200808766,pointer,D,D,,,D,True,True,,,2.75,2.75,1.083041615790655,,D L N,P,,False,,0.828125,0.6959583163261414,,
train-027434-d400c0bd81dcd93e,3,9,train,15276421856200808766,pointer,D,D,,,D,True,True,,,2.8125,2.8125,1.0553488733978043,,D L N,P,,False,,0.859375,0.7025300860404968,,
train-027434-d400c0bd81dcd93e,3,10,train,15276421856200808766,pointer,D,D,,,D,True,True,,,2.75,2.75,1.083693693626384,,D L N,P,,False,,0.875,0.7057850360870361,,
train-027434-d400c0bd81dcd93e,3,11,train,15276421856200808766,pointer,D,D,,,D,True,True,,,2.75,2.75,1.0613250363613496,,D L N,P,,False,,0.88671875,0.7082125544548035,,
train-027434-d400c0bd81dcd93e,3,12,train,15276421856200808766,pointer,D,D,,,D,True,True,,,2.75,2.75,1.0894104296064768,,D L N,P,,False,,0.89453125,0.7098243832588196,,
train-011064-51a24a3d90468f93,4,1,train,5882345691573292947,pointer,X,J,J,True,D,False,False,5.364403477869928e-06,12.5,-17.15625,12.5,7.530733196020759e-05,1,J A B,J,True,True,0.008075918070971966,-0.9609375,0.2766905426979065,False,0.32391810417175293
train-011064-51a24a3d90468f93,4,2,train,5882345691573292947,pointer,X,D,D,True,D,True,False,0.005107687786221504,5.3125,5.3125,5.3125,0.03327717298639209,1,D J B,X,False,False,3.347259044647217,-0.5703125,0.36116471886634827,False,0.4481086730957031
train-011064-51a24a3d90468f93,4,3,train,5882345691573292947,pointer,X,D,B,False,D,True,False,1.1931644678115845,-0.4375,0.4375,0.4375,1.6842689951228822,2,D B Y,J,False,False,3.329655170440674,-0.078125,0.4804786741733551,False,0.6548474431037903
train-011064-51a24a3d90468f93,4,4,train,5882345691573292947,pointer,X,D,D,True,D,True,False,0.8100562691688538,0.875,0.875,0.875,2.034229995459486,1,D B P,J,False,False,3.230353355407715,0.314453125,0.5779718160629272,True,0.5482301115989685
train-011064-51a24a3d90468f93,4,5,train,5882345691573292947,pointer,X,D,,,D,True,True,,,1.0625,1.0625,2.1393603541655017,,D B P,Z,,False,,0.5625,0.6370307803153992,,
train-011064-51a24a3d90468f93,4,6,train,5882345691573292947,pointer,X,D,,,D,True,True,,,1.0625,1.0625,2.160489737118295,,D B P,Z,,False,,0.7109375,0.6706082820892334,,
train-011064-51a24a3d90468f93,4,7,train,5882345691573292947,pointer,X,D,,,D,True,True,,,1.125,1.125,2.133203104094606,,D B P,Z,,False,,0.796875,0.6893056035041809,,
train-011064-51a24a3d90468f93,4,8,train,5882345691573292947,pointer,X,D,,,D,True,True,,,1.125,1.125,2.152670618295214,,D B P,Z,,False,,0.8515625,0.700894832611084,,
train-011064-51a24a3d90468f93,4,9,train,5882345691573292947,pointer,X,D,,,D,True,True,,,1.125,1.125,2.1607533080880557,,D B P,P,,False,,0.8828125,0.7074047327041626,,
train-011064-51a24a3d90468f93,4,10,train,5882345691573292947,pointer,X,D,,,D,True,True,,,1.125,1.125,2.135904978976071,,D B P,P,,False,,0.8984375,0.7106282711029053,,
train-011064-51a24a3d90468f93,4,11,train,5882345691573292947,pointer,X,D,,,D,True,True,,,1.0625,1.0625,2.1616260339987563,,D B P,P,,False,,0.91015625,0.7130321860313416,,
train-011064-51a24a3d90468f93,4,12,train,5882345691573292947,pointer,X,D,,,D,True,True,,,1.0625,1.0625,2.157925698314709,,D B P,P,,False,,0.91796875,0.7146279811859131,,
train-015196-13d4b272449f280f,5,1,train,1428963185630586895,pointer,N,K,K,True,O,False,False,3.0278701160568744e-05,11.03125,-19.375,11.03125,0.0003948099551447629,1,K J C,K,True,True,0.005877118557691574,-0.96875,0.2751297354698181,False,0.3217625617980957
train-015196-13d4b272449f280f,5,2,train,1428963185630586895,pointer,N,X,X,True,O,False,False,7.56950321374461e-05,11.1875,-12.8125,11.1875,0.0009991606277361248,1,X Y J,X,True,True,2.518388509750366,-0.5625,0.36296918988227844,False,0.45093727111816406
train-015196-13d4b272449f280f,5,3,train,1428963185630586895,pointer,N,X,B,False,O,False,False,2.9590911865234375,-1.9375,-1.25,1.25,2.528571224669939,5,X O Y,W,False,False,3.3901782035827637,-0.04736328125,0.4881613850593567,False,0.669745922088623
train-015196-13d4b272449f280f,5,4,train,1428963185630586895,pointer,N,B,A,False,O,False,False,3.0609188079833984,-0.375,0.0,0.0,3.1994677431272702,6,B O X,I,False,False,3.419220209121704,0.337890625,0.5836780667304993,False,0.8762964010238647
train-015196-13d4b272449f280f,5,5,train,1428963185630586895,pointer,N,B,O,False,O,False,False,2.931356906890869,-0.125,-0.125,0.125,3.224642530101085,2,B O Y,I,False,False,3.196443557739258,0.57421875,0.6397360563278198,True,0.4466996192932129
train-015196-13d4b272449f280f,5,6,train,1428963185630586895,pointer,N,B,,,O,False,True,,,-0.125,0.125,3.2280957074483925,,B O Y,P,,False,,0.71484375,0.671470582485199,,
train-015196-13d4b272449f280f,5,7,train,1428963185630586895,pointer,N,B,,,O,False,True,,,-0.125,0.125,3.228992590434687,,B O X,P,,False,,0.796875,0.6893056035041809,,
train-015196-13d4b272449f280f,5,8,train,1428963185630586895,pointer,N,B,,,O,False,True,,,-0.125,0.125,3.2304585270077224,,B O Y,P,,False,,0.84375,0.6992544531822205,,
train-015196-13d4b272449f280f,5,9,train,1428963185630586895,pointer,N,B,,,O,False,True,,,-0.125,0.125,3.228592330521413,,B O T,P,,False,,0.875,0.7057850360870361,,
train-015196-13d4b272449f280f,5,10,train,1428963185630586895,pointer,N,B,,,O,False,True,,,-0.125,0.125,3.2301108017107754,,B O T,P,,False,,0.890625,0.709019124507904,,
train-015196-13d4b272449f280f,5,11,train,1428963185630586895,pointer,N,B,,,O,False,True,,,-0.125,0.125,3.2299832427868336,,B O N,P,,False,,0.90234375,0.7114308476448059,,
train-015196-13d4b272449f280f,5,12,train,1428963185630586895,pointer,N,B,,,O,False,True,,,-0.125,0.125,3.2288697569441394,,B O T,P,,False,,0.90625,0.7122321724891663,,
train-031010-3b402ed8c72d2397,6,1,train,4269463955336668055,pointer,J,V,V,True,C,False,False,2.3841855067985307e-07,16.28125,-17.6875,16.28125,4.8574337689842675e-06,1,V R Z,V,True,True,0.013664398342370987,-0.984375,0.272024542093277,False,0.3174879550933838
train-031010-3b402ed8c72d2397,6,2,train,4269463955336668055,pointer,J,B,B,True,C,False,False,0.000695344409905374,8.625,-9.5625,8.625,0.007539793199554324,1,B D A,X,False,False,3.1308579444885254,-0.5625,0.36296918988227844,False,0.45093727111816406
train-031010-3b402ed8c72d2397,6,3,train,4269463955336668055,pointer,J,I,I,True,C,False,False,1.4717621803283691,0.3125,-1.8125,0.3125,2.676694842621967,1,I B Z,J,False,False,3.1382293701171875,-0.040771484375,0.4898085296154022,False,0.6729692220687866
train-031010-3b402ed8c72d2397,6,4,train,4269463955336668055,pointer,J,B,H,False,C,False,False,3.323086977005005,-0.875,-0.3125,0.0,3.086052055552133,12,B I Z,J,False,False,3.2300405502319336,0.345703125,0.5855752229690552,False,0.8808637857437134
train-031010-3b402ed8c72d2397,6,5,train,4269463955336668055,pointer,J,B,Q,False,C,False,False,2.722402811050415,-0.125,-0.0625,0.0,3.1196742327341798,6,B Z C,J,False,False,3.2303974628448486,0.58203125,0.6415346264839172,False,1.025923252105713
train-031010-3b402ed8c72d2397,6,6,train,4269463955336668055,pointer,J,B,C,False,C,False,False,2.648796319961548,-0.0625,-0.0625,0.0625,3.1238728743802104,2,B C V,J,False,False,3.4190948009490967,0.71875,0.672331690788269,True,0.3970034718513489
train-031010-3b402ed8c72d2397,6,7,train,4269463955336668055,pointer,J,B,,,C,False,True,,,-0.0625,0.0625,3.1280615446947655,,B C V,P,,False,,0.80078125,0.6901415586471558,,
train-031010-3b402ed8c72d2397,6,8,train,4269463955336668055,pointer,J,B,,,C,False,True,,,0.0,0.0,3.1225177409365816,,B C V,P,,False,,0.84765625,0.7000752091407776,,
train-031010-3b402ed8c72d2397,6,9,train,4269463955336668055,pointer,J,B,,,C,False,True,,,0.0,0.0,3.123619431098609,,B C V,P,,False,,0.87890625,0.7065955400466919,,
train-031010-3b402ed8c72d2397,6,10,train,4269463955336668055,pointer,J,B,,,C,False,True,,,0.0,0.0,3.1225177409365816,,B C V,P,,False,,0.89453125,0.7098243832588196,,
train-031010-3b402ed8c72d2397,6,11,train,4269463955336668055,pointer,J,B,,,C,False,True,,,-0.0625,0.0,3.124656395670514,,B V Z,P,,False,,0.90625,0.7122321724891663,,
train-031010-3b402ed8c72d2397,6,12,train,4269463955336668055,pointer,J,B,,,C,False,True,,,-0.0625,0.0625,3.1244059590484845,,B C V,P,,False,,0.91015625,0.7130321860313416,,
train-015747-f1c88e83dad8868c,8,1,train,17422331855446247052,pointer,P,L,L,True,O,False,False,1.4305104514278355e-06,15.03125,-18.74609375,15.03125,2.3614712883872666e-05,1,L C I,L,True,True,0.00322073046118021,-0.890625,0.29098084568977356,False,0.3438727855682373
train-015747-f1c88e83dad8868c,8,2,train,17422331855446247052,pointer,P,O,O,True,O,True,False,0.0027470968198031187,6.8125,6.8125,6.8125,0.02507124130816421,1,O L A,X,False,False,3.7946572303771973,-0.546875,0.3665897250175476,False,0.456636905670166
train-015747-f1c88e83dad8868c,8,3,train,17422331855446247052,pointer,P,O,P,False,O,True,False,1.644849419593811,-0.1875,0.1875,0.1875,2.4716506742439135,2,O P C,T,False,False,3.2142438888549805,-0.0302734375,0.49243220686912537,False,0.6781249642372131
train-015747-f1c88e83dad8868c,8,4,train,17422331855446247052,pointer,P,O,L,False,O,True,False,1.9723798036575317,-0.125,0.125,0.125,2.7887623933385774,2,O L P,I,False,False,3.3099265098571777,0.345703125,0.5855752229690552,False,0.8808637857437134
train-015747-f1c88e83dad8868c,8,5,train,17422331855446247052,pointer,P,L,O,False,O,False,False,2.1047496795654297,-0.25,-0.25,0.25,2.858632219812057,2,L O P,I,False,False,3.202005386352539,0.57421875,0.6397360563278198,False,1.020918369293213
train-015747-f1c88e83dad8868c,8,6,train,17422331855446247052,pointer,P,L,P,False,O,False,False,2.097367286682129,-0.25,-0.25,0.25,2.861303491579612,3,L O P,P,True,False,3.0724987983703613,0.7109375,0.6706082820892334,False,1.110507607460022
train-015747-f1c88e83dad8868c,8,7,train,17422331855446247052,pointer,P,L,L,True,O,False,False,1.8627729415893555,0.25,-0.25,0.25,2.8710113632541363,1,L O P,P,False,False,3.410254716873169,0.796875,0.6893056035041809,False,1.168945550918579
train-015747-f1c88e83dad8868c,8,8,train,17422331855446247052,pointer,P,L,O,False,O,False,False,2.1127729415893555,-0.25,-0.25,0.25,2.8710113632541363,2,L O P,P,False,False,3.185655355453491,0.84765625,0.7000752091407776,True,0.35656747221946716
train-015747-f1c88e83dad8868c,8,9,train,17422331855446247052,pointer,P,L,,,O,False,True,,,-0.25,0.25,2.868338843399071,,L O P,P,,False,,0.87890625,0.7065955400466919,,
train-015747-f1c88e83dad8868c,8,10,train,17422331855446247052,pointer,P,L,,,O,False,True,,,-0.25,0.25,2.8568946449592025,,L O P,P,,False,,0.89453125,0.7098243832588196,,
train-015747-f1c88e83dad8868c,8,11,train,17422331855446247052,pointer,P,L,,,O,False,True,,,-0.25,0.25,2.8721863583580363,,L O P,P,,False,,0.90625,0.7122321724891663,,
train-015747-f1c88e83dad8868c,8,12,train,17422331855446247052,pointer,P,L,,,O,False,True,,,-0.25,0.25,2.8637682931218564,,L O P,P,,False,,0.9140625,0.7138307690620422,,
train-025342-c6089c0814d91af7,10,1,train,14269826977846860535,pointer,Y,J,J,True,V,False,False,4.768370445162873e-07,15.03125,-21.0941162109375,15.03125,7.551753000584551e-06,1,J B A,J,True,True,0.008032873272895813,-1.0078125,0.267408162355423,False,0.31116652488708496
train-025342-c6089c0814d91af7,10,2,train,14269826977846860535,pointer,Y,Q,Q,True,V,False,False,1.0967194612021558e-05,12.875,-16.1875,12.875,0.000163375365000665,1,Q P B,X,False,False,3.735438585281372,-0.59765625,0.35488009452819824,False,0.4383190870285034
train-025342-c6089c0814d91af7,10,3,train,14269826977846860535,pointer,Y,Q,A,False,V,False,False,4.007629871368408,-3.5,-4.1875,2.6875,1.9129974193140786,10,Q W K,J,False,False,3.612299919128418,-0.08203125,0.47950366139411926,False,0.6529724597930908
train-025342-c6089c0814d91af7,10,4,train,14269826977846860535,pointer,Y,Q,W,False,V,False,False,3.0380163192749023,-0.1875,-0.75,0.0625,3.2397434101689755,4,Q N T,I,False,False,3.1230578422546387,0.30859375,0.5765419602394104,False,0.8593009114265442
train-025342-c6089c0814d91af7,10,5,train,14269826977846860535,pointer,Y,N,T,False,V,False,False,2.9752249717712402,0.0,-0.5625,0.0,3.247643491383681,2,N T G,P,False,False,3.219700336456299,0.546875,0.6334102749824524,False,1.003511905670166
train-025342-c6089c0814d91af7,10,6,train,14269826977846860535,pointer,Y,N,B,False,V,False,False,3.2489757537841797,-0.3125,-0.5625,0.0,3.2453940389859186,12,N T G,P,False,False,3.3108866214752197,0.69140625,0.666279673576355,False,1.0974520444869995
train-025342-c6089c0814d91af7,10,7,train,14269826977846860535,pointer,Y,T,U,False,V,False,False,3.4231503009796143,-0.5,-0.5625,0.0625,3.2466929323148497,21,T N G,P,False,False,3.1779961585998535,0.77734375,0.6851073503494263,False,1.1555235385894775
train-025342-c6089c0814d91af7,10,8,train,14269826977846860535,pointer,Y,T,Z,False,V,False,False,3.420764207839966,-0.5,-0.5625,0.0625,3.246648286425304,23,T N G,P,False,False,3.236145257949829,0.828125,0.6959583163261414,False,1.190590500831604
train-025342-c6089c0814d91af7,10,9,train,14269826977846860535,pointer,Y,N,L,False,V,False,False,3.2553577423095703,-0.3125,-0.5625,0.0,3.24620485209582,15,N T G,P,False,False,3.2701053619384766,0.859375,0.7025300860404968,False,1.21244215965271
train-025342-c6089c0814d91af7,10,10,train,14269826977846860535,pointer,Y,T,V,False,V,False,False,3.460458993911743,-0.5625,-0.5625,0.0625,3.245281419642818,25,T N G,P,False,False,3.1814157962799072,0.875,0.7057850360870361,True,0.3484445810317993
train-025342-c6089c0814d91af7,10,11,train,14269826977846860535,pointer,Y,N,,,V,False,True,,,-0.5625,0.0,3.246263867941221,,N T G,P,,False,,0.88671875,0.7082125544548035,,
train-025342-c6089c0814d91af7,10,12,train,14269826977846860535,pointer,Y,T,,,V,False,True,,,-0.5625,0.0625,3.2463317853566953,,T N G,P,,False,,0.890625,0.709019124507904,,
train-021284-2eb9e31042c7173f,12,1,train,3366971855415482175,pointer,V,T,T,True,Y,False,False,0.00045789722935296595,8.5,-15.90625,8.5,0.004810947040566797,1,T V I,T,True,True,0.013980668969452381,-0.94921875,0.27904197573661804,False,0.32717442512512207
train-021284-2eb9e31042c7173f,12,2,train,3366971855415482175,pointer,V,Y,Y,True,Y,True,False,0.39318764209747314,0.75,0.75,0.75,0.6793795954512853,1,Y T V,I,False,False,3.0948562622070312,-0.55859375,0.3638729155063629,False,0.45235681533813477
train-021284-2eb9e31042c7173f,12,3,train,3366971855415482175,pointer,V,U,S,False,Y,False,False,2.74155592918396,-0.625,-0.375,0.375,3.120206543422168,3,U Y S,T,False,False,3.3563222885131836,-0.0439453125,0.4890154302120209,False,0.6714159250259399
train-021284-2eb9e31042c7173f,12,4,train,3366971855415482175,pointer,V,V,U,False,Y,False,False,2.837731122970581,-0.1875,-0.1875,0.1875,3.2176108813059465,2,V U Y,I,False,False,3.1845510005950928,0.33984375,0.5841525793075562,False,0.8774368762969971
train-021284-2eb9e31042c7173f,12,5,train,3366971855415482175,pointer,V,V,V,True,Y,False,False,2.729219675064087,0.125,-0.25,0.125,3.2285695181692025,1,V T U,P,False,False,3.2237613201141357,0.57421875,0.6397360563278198,False,1.020918369293213
train-021284-2eb9e31042c7173f,12,6,train,3366971855415482175,pointer,V,V,T,False,Y,False,False,2.8244035243988037,-0.125,-0.25,0.125,3.2266422263292265,2,V T Y,P,False,False,3.2038068771362305,0.7109375,0.6706082820892334,False,1.110507607460022
train-021284-2eb9e31042c7173f,12,7,train,3366971855415482175,pointer,V,V,Y,False,Y,False,False,2.9695229530334473,-0.25,-0.25,0.0625,3.2259402383311193,3,V T Y,P,False,False,3.408466100692749,0.7890625,0.6876299977302551,False,1.1635668277740479
train-021284-2eb9e31042c7173f,12,8,train,3366971855415482175,pointer,V,V,S,False,Y,False,False,3.0945229530334473,-0.375,-0.25,0.0625,3.2259402383311193,7,V T Y,P,False,False,3.2644312381744385,0.83984375,0.6984323263168335,False,1.198760747909546
train-021284-2eb9e31042c7173f,12,9,train,3366971855415482175,pointer,V,V,U,False,Y,False,False,3.022308111190796,-0.3125,-0.3125,0.0625,3.2258660548175158,4,V T P,P,False,False,3.216508626937866,0.8671875,0.7041601538658142,False,1.2179369926452637
train-021284-2eb9e31042c7173f,12,10,train,3366971855415482175,pointer,V,V,V,True,Y,False,False,2.6933906078338623,0.0625,-0.3125,0.0625,3.2251356419242665,1,V T U,P,False,False,3.219879388809204,0.8828125,0.7074047327041626,False,1.2289648056030273
train-021284-2eb9e31042c7173f,12,11,train,3366971855415482175,pointer,V,V,T,False,Y,False,False,2.7698769569396973,-0.0625,-0.3125,0.0625,3.225799529180321,2,V T P,P,False,False,3.1959848403930664,0.89453125,0.7098243832588196,False,1.2372689247131348
train-021284-2eb9e31042c7173f,12,12,train,3366971855415482175,pointer,V,V,Y,False,Y,False,False,3.0058906078338623,-0.3125,-0.3125,0.0625,3.2251356419242665,4,V T U,P,False,False,3.4134633541107178,0.8984375,0.7106282711029053,True,0.3416057825088501
train-015642-d231c1cbe0efdf6b,1,1,train,15146100103220027243,pointer,M,E,E,True,E,True,False,1.3470558769768104e-05,11.375,11.375,11.375,0.00017458045974304807,1,E A C,E,True,True,0.030641719698905945,-0.89453125,0.2901756167411804,True,1.2372689247131348
train-015642-d231c1cbe0efdf6b,1,2,train,15146100103220027243,pointer,M,D,,,E,False,True,,,-7.9375,7.9375,0.007907234229737284,,D E A,L,,False,,-0.53515625,0.36931508779525757,,
train-015642-d231c1cbe0efdf6b,1,3,train,15146100103220027243,pointer,M,S,,,E,False,True,,,-2.6875,0.8125,2.703212915357019,,S D H,W,,False,,-0.0308837890625,0.49227967858314514,,
train-015642-d231c1cbe0efdf6b,1,4,train,15146100103220027243,pointer,M,S,,,E,False,True,,,-0.9375,0.1875,3.19823628866916,,S D H,P,,False,,0.34765625,0.5860491394996643,,
train-015642-d231c1cbe0efdf6b,1,5,train,15146100103220027243,pointer,M,P,,,E,False,True,,,-0.5,0.0625,3.231299174293688,,P D H,P,,True,,0.578125,0.6406359076499939,,
train-015642-d231c1cbe0efdf6b,1,6,train,15146100103220027243,pointer,M,P,,,E,False,True,,,-0.5,0.0625,3.235084236613077,,P D H,P,,True,,0.71484375,0.671470582485199,,
train-015642-d231c1cbe0efdf6b,1,7,train,15146100103220027243,pointer,M,P,,,E,False,True,,,-0.4375,0.0625,3.2367876344879987,,P D H,P,,True,,0.796875,0.6893056035041809,,
train-015642-d231c1cbe0efdf6b,1,8,train,15146100103220027243,pointer,M,P,,,E,False,True,,,-0.5,0.125,3.235928710583018,,P D H,P,,True,,0.84375,0.6992544531822205,,
train-015642-d231c1cbe0efdf6b,1,9,train,15146100103220027243,pointer,M,P,,,E,False,True,,,-0.5,0.125,3.2353349520563706,,P D H,P,,True,,0.87109375,0.7049732804298401,,
train-015642-d231c1cbe0efdf6b,1,10,train,15146100103220027243,pointer,M,P,,,E,False,True,,,-0.5,0.0625,3.2361748687189245,,P D H,P,,True,,0.88671875,0.7082125544548035,,
train-015642-d231c1cbe0efdf6b,1,11,train,15146100103220027243,pointer,M,P,,,E,False,True,,,-0.4375,0.0625,3.2364112953327915,,P D H,P,,True,,0.8984375,0.7106282711029053,,
train-015642-d231c1cbe0efdf6b,1,12,train,15146100103220027243,pointer,M,P,,,E,False,True,,,-0.4375,0.0625,3.2356346289200646,,P D H,P,,True,,0.90234375,0.7114308476448059,,
train-028585-3f6604f1450c38de,2,1,train,4568344306306005214,pointer,T,R,R,True,K,False,False,7.152555099310121e-07,15.8125,-19.4296875,15.8125,1.1866316953210444e-05,1,R Q L,R,True,True,0.007894623093307018,-0.90234375,0.2885690927505493,False,0.34047698974609375
train-028585-3f6604f1450c38de,2,2,train,4568344306306005214,pointer,T,K,K,True,K,True,False,7.247662142617628e-05,10.9375,10.9375,10.9375,0.0009538673298036012,1,K J H,X,False,False,3.2030153274536133,-0.5078125,0.3757064640522003,True,0.9789471626281738
train-028585-3f6604f1450c38de,2,3,train,4568344306306005214,pointer,T,N,,,K,False,True,,,-2.4375,0.5625,2.42640404348499,,N Z V,W,,False,,0.004730224609375,0.5011825561523438,,
train-028585-3f6604f1450c38de,2,4,train,4568344306306005214,pointer,T,N,,,K,False,True,,,-1.125,0.125,3.1123141645471266,,N Z V,P,,False,,0.376953125,0.5931380391120911,,
train-028585-3f6604f1450c38de,2,5,train,4568344306306005214,pointer,T,Z,,,K,False,True,,,-0.75,0.0625,3.191015884684734,,Z N T,P,,False,,0.6015625,0.6460136771202087,,
train-028585-3f6604f1450c38de,2,6,train,4568344306306005214,pointer,T,Z,,,K,False,True,,,-0.75,0.125,3.194030231257399,,Z N T,P,,False,,0.734375,0.6757646203041077,,
train-028585-3f6604f1450c38de,2,7,train,4568344306306005214,pointer,T,Z,,,K,False,True,,,-0.6875,0.125,3.199977817969286,,Z N T,P,,False,,0.8125,0.6926419734954834,,
train-028585-3f6604f1450c38de,2,8,train,4568344306306005214,pointer,T,Z,,,K,False,True,,,-0.6875,0.0625,3.2000978897132955,,Z N T,P,,False,,0.85546875,0.7017130851745605,,
train-028585-3f6604f1450c38de,2,9,train,4568344306306005214,pointer,T,Z,,,K,False,True,,,-0.6875,0.0625,3.2000978897132955,,Z N T,P,,False,,0.88671875,0.7082125544548035,,
train-028585-3f6604f1450c38de,2,10,train,4568344306306005214,pointer,T,Z,,,K,False,True,,,-0.6875,0.125,3.2004638261705747,,Z N T,P,,False,,0.90234375,0.7114308476448059,,
train-028585-3f6604f1450c38de,2,11,train,4568344306306005214,pointer,T,Z,,,K,False,True,,,-0.75,0.125,3.1986231070208304,,Z N T,P,,False,,0.91015625,0.7130321860313416,,
train-028585-3f6604f1450c38de,2,12,train,4568344306306005214,pointer,T,Z,,,K,False,True,,,-0.75,0.125,3.199359121369878,,Z N T,P,,False,,0.9140625,0.7138307690620422,,
train-002378-c2ee5efb159808df,3,1,train,14046268720307243231,pointer,J,B,B,True,F,False,False,4.768370445162873e-07,15.125,-18.71875,15.125,8.72130346628483e-06,1,B R C,B,True,True,0.03247525915503502,-0.98046875,0.2727987766265869,False,0.31855201721191406
train-002378-c2ee5efb159808df,3,2,train,14046268720307243231,pointer,J,Y,Y,True,F,False,False,0.0053024133667349815,5.25,-5.25,5.25,0.03353580779733397,1,Y F J,X,False,False,2.918869972229004,-0.59765625,0.35488009452819824,False,0.4383190870285034
train-002378-c2ee5efb159808df,3,3,train,14046268720307243231,pointer,J,F,F,True,F,True,False,1.2297972440719604,0.1875,0.1875,0.1875,2.342866330821817,1,F S Y,T,False,False,3.352202892303467,-0.08349609375,0.4791381061077118,True,0.7357664108276367
train-002378-c2ee5efb159808df,3,4,train,14046268720307243231,pointer,J,S,,,F,False,True,,,-0.0625,0.0625,3.14876542034981,,S F Y,U,,False,,0.3046875,0.5755879878997803,,
train-002378-c2ee5efb159808df,3,5,train,14046268720307243231,pointer,J,S,,,F,False,True,,,-0.0625,0.0,3.2195046893935184,,S T D,U,,False,,0.546875,0.6334102749824524,,
train-002378-c2ee5efb159808df,3,6,train,14046268720307243231,pointer,J,T,,,F,False,True,,,-0.125,0.0625,3.224973346736814,,T D J,U,,False,,0.69140625,0.666279673576355,,
train-002378-c2ee5efb159808df,3,7,train,14046268720307243231,pointer,J,T,,,F,False,True,,,-0.1875,0.125,3.2269743088160165,,T D J,P,,False,,0.7734375,0.6842640042304993,,
train-002378-c2ee5efb159808df,3,8,train,14046268720307243231,pointer,J,T,,,F,False,True,,,-0.1875,0.0625,3.2261103276770866,,T D S,P,,False,,0.82421875,0.6951311230659485,,
train-002378-c2ee5efb159808df,3,9,train,14046268720307243231,pointer,J,T,,,F,False,True,,,-0.25,0.125,3.22385675076242,,T D J,P,,False,,0.85546875,0.7017130851745605,,
train-002378-c2ee5efb159808df,3,10,train,14046268720307243231,pointer,J,T,,,F,False,True,,,-0.1875,0.125,3.226851476275907,,T D J,P,,False,,0.875,0.7057850360870361,,
train-002378-c2ee5efb159808df,3,11,train,14046268720307243231,pointer,J,T,,,F,False,True,,,-0.1875,0.0625,3.225155502127245,,T D J,P,,False,,0.8828125,0.7074047327041626,,
train-002378-c2ee5efb159808df,3,12,train,14046268720307243231,pointer,J,T,,,F,False,True,,,-0.1875,0.0625,3.225155502127245,,T D J,P,,False,,0.890625,0.709019124507904,,
train-016086-7de91ce81b5ccfe6,4,1,train,9072814707531632614,pointer,W,B,B,True,U,False,False,7.152555099310121e-07,14.5625,-20.828125,14.5625,1.281745777832804e-05,1,B C R,B,True,True,0.03546162322163582,-0.984375,0.272024542093277,False,0.3174879550933838
train-016086-7de91ce81b5ccfe6,4,2,train,9072814707531632614,pointer,W,J,J,True,U,False,False,0.0009689403814263642,7.5625,-12.8125,7.5625,0.00943876240017913,1,J B D,X,False,False,3.2703282833099365,-0.59765625,0.35488009452819824,False,0.4383190870285034
train-016086-7de91ce81b5ccfe6,4,3,train,9072814707531632614,pointer,W,M,M,True,U,False,False,1.0312201976776123,0.9375,-2.125,0.9375,2.517256496394843,1,M I H,J,False,False,3.2611682415008545,-0.07861328125,0.48035678267478943,False,0.6546128392219543
train-016086-7de91ce81b5ccfe6,4,4,train,9072814707531632614,pointer,W,M,U,False,U,False,False,2.819828510284424,-1.0,-1.0,0.5625,3.069966688649978,3,M I U,J,False,False,3.1251437664031982,0.314453125,0.5779718160629272,True,0.5482301115989685
train-016086-7de91ce81b5ccfe6,4,5,train,9072814707531632614,pointer,W,M,,,U,False,True,,,-0.625,0.375,3.1827170639763946,,M I U,U,,False,,0.5546875,0.6352224349975586,,
train-016086-7de91ce81b5ccfe6,4,6,train,9072814707531632614,pointer,W,M,,,U,False,True,,,-0.5,0.3125,3.196946851366296,,M I U,P,,False,,0.69921875,0.6680145263671875,,
train-016086-7de91ce81b5ccfe6,4,7,train,9072814707531632614,pointer,W,M,,,U,False,True,,,-0.5,0.3125,3.1975048498159953,,M I U,P,,False,,0.78515625,0.6867902874946594,,
train-016086-7de91ce81b5ccfe6,4,8,train,9072814707531632614,pointer,W,M,,,U,False,True,,,-0.5,0.3125,3.1984891784778693,,M I U,P,,False,,0.8359375,0.6976089477539062,,
train-016086-7de91ce81b5ccfe6,4,9,train,9072814707531632614,pointer,W,M,,,U,False,True,,,-0.5,0.3125,3.1983748341557514,,M I U,P,,False,,0.8671875,0.7041601538658142,,
train-016086-7de91ce81b5ccfe6,4,10,train,9072814707531632614,pointer,W,M,,,U,False,True,,,-0.5,0.3125,3.1976137535290357,,M I U,P,,False,,0.88671875,0.7082125544548035,,
train-016086-7de91ce81b5ccfe6,4,11,train,9072814707531632614,pointer,W,M,,,U,False,True,,,-0.5625,0.375,3.1997498870425014,,M I U,P,,False,,0.8984375,0.7106282711029053,,
train-016086-7de91ce81b5ccfe6,4,12,train,9072814707531632614,pointer,W,M,,,U,False,True,,,-0.5,0.3125,3.2006924846839824,,M I U,P,,False,,0.90234375,0.7114308476448059,,
train-019318-c12f5dafacec505e,5,1,train,13920447982327320670,pointer,V,P,P,True,X,False,False,0.0003885467885993421,8.125,-12.890625,8.125,0.0038647768492219288,1,P A C,P,True,True,0.0005875291535630822,-0.98828125,0.27125170826911926,False,0.3164268732070923
train-019318-c12f5dafacec505e,5,2,train,13920447982327320670,pointer,V,B,B,True,X,False,False,0.003230117727071047,7.4375,-11.375,7.4375,0.03015396521738937,1,B K A,X,False,False,3.084679365158081,-0.59765625,0.35488009452819824,False,0.4383190870285034
train-019318-c12f5dafacec505e,5,3,train,13920447982327320670,pointer,V,D,D,True,X,False,False,0.9710403680801392,1.875,-2.125,1.875,2.5809810718740067,1,D V G,G,False,False,3.19706392288208,-0.083984375,0.4790162444114685,False,0.6520364284515381
train-019318-c12f5dafacec505e,5,4,train,13920447982327320670,pointer,V,D,J,False,X,False,False,3.113649845123291,-1.3125,-1.125,1.0,3.0899750490974127,5,D G V,U,False,False,3.1740708351135254,0.3046875,0.5755879878997803,False,0.8570506572723389
train-019318-c12f5dafacec505e,5,5,train,13920447982327320670,pointer,V,D,X,False,X,False,False,2.98947811126709,-0.75,-0.75,0.5625,3.1856300495232484,4,D G V,U,False,False,3.314476490020752,0.54296875,0.6325027346611023,True,0.45807069540023804
train-019318-c12f5dafacec505e,5,6,train,13920447982327320670,pointer,V,D,,,X,False,True,,,-0.6875,0.4375,3.1923804903571598,,D G V,U,,False,,0.68359375,0.6645402908325195,,
train-019318-c12f5dafacec505e,5,7,train,13920447982327320670,pointer,V,D,,,X,False,True,,,-0.6875,0.4375,3.1930771620820457,,D G V,U,,False,,0.765625,0.6825737357139587,,
train-019318-c12f5dafacec505e,5,8,train,13920447982327320670,pointer,V,D,,,X,False,True,,,-0.6875,0.4375,3.198510942057877,,D G V,U,,False,,0.81640625,0.6934729218482971,,
train-019318-c12f5dafacec505e,5,9,train,13920447982327320670,pointer,V,D,,,X,False,True,,,-0.6875,0.4375,3.199589183009353,,D G V,P,,False,,0.84375,0.6992544531822205,,
train-019318-c12f5dafacec505e,5,10,train,13920447982327320670,pointer,V,D,,,X,False,True,,,-0.6875,0.4375,3.196900440347158,,D G V,P,,False,,0.86328125,0.703345775604248,,
train-019318-c12f5dafacec505e,5,11,train,13920447982327320670,pointer,V,D,,,X,False,True,,,-0.6875,0.4375,3.1987944234309293,,D G V,P,,False,,0.87109375,0.7049732804298401,,
train-019318-c12f5dafacec505e,5,12,train,13920447982327320670,pointer,V,D,,,X,False,True,,,-0.6875,0.4375,3.1966075132693375,,D G V,P,,False,,0.87890625,0.7065955400466919,,
train-010256-0193e5dec0fb9cba,6,1,train,113687160497609914,pointer,V,Q,Q,True,Z,False,False,3.576278118089249e-07,16.09375,-21.5859375,16.09375,5.178689995355263e-06,1,Q A K,Q,True,True,0.03729439526796341,-1.03125,0.2628418505191803,False,0.30495285987854004
train-010256-0193e5dec0fb9cba,6,2,train,113687160497609914,pointer,V,B,B,True,Z,False,False,0.0021716600749641657,7.125,-12.46875,7.125,0.01996429554576435,1,B Q D,X,False,False,3.2658610343933105,-0.5859375,0.3575674891471863,False,0.4424935579299927
train-010256-0193e5dec0fb9cba,6,3,train,113687160497609914,pointer,V,F,F,True,Z,False,False,1.1459895372390747,0.3125,-3.0625,0.3125,2.397189149109413,1,F B Q,W,False,False,3.2903807163238525,-0.06005859375,0.48498988151550293,False,0.6635686755180359
train-010256-0193e5dec0fb9cba,6,4,train,113687160497609914,pointer,V,B,K,False,Z,False,False,3.221188545227051,-0.8125,-0.875,0.0,3.1747499170593096,6,B F G,G,False,False,3.392446517944336,0.33203125,0.5822535157203674,False,0.8728805780410767
train-010256-0193e5dec0fb9cba,6,5,train,113687160497609914,pointer,V,B,W,False,Z,False,False,3.1567111015319824,-0.5,-0.5,0.125,3.222712754282756,7,B G F,P,False,False,3.231771945953369,0.5703125,0.6388352513313293,False,1.0184211730957031
train-010256-0193e5dec0fb9cba,6,6,train,113687160497609914,pointer,V,B,Z,False,Z,False,False,3.162456512451172,-0.4375,-0.4375,0.0625,3.2296487672173555,8,B G F,P,False,False,3.1979458332061768,0.70703125,0.6697448492050171,True,0.40085849165916443
train-010256-0193e5dec0fb9cba,6,7,train,113687160497609914,pointer,V,B,,,Z,False,True,,,-0.4375,0.0625,3.2298163533152833,,B G F,P,,False,,0.7890625,0.6876299977302551,,
train-010256-0193e5dec0fb9cba,6,8,train,113687160497609914,pointer,V,B,,,Z,False,True,,,-0.4375,0.0625,3.2284683866869006,,B G F,P,,False,,0.8359375,0.6976089477539062,,
train-010256-0193e5dec0fb9cba,6,9,train,113687160497609914,pointer,V,B,,,Z,False,True,,,-0.4375,0.0625,3.227855167930236,,B G F,P,,False,,0.86328125,0.703345775604248,,
train-010256-0193e5dec0fb9cba,6,10,train,113687160497609914,pointer,V,B,,,Z,False,True,,,-0.4375,0.0625,3.227734391294123,,B G F,P,,False,,0.8828125,0.7074047327041626,,
train-010256-0193e5dec0fb9cba,6,11,train,113687160497609914,pointer,V,B,,,Z,False,True,,,-0.4375,0.0625,3.2291313553542262,,B G F,P,,False,,0.89453125,0.7098243832588196,,
train-010256-0193e5dec0fb9cba,6,12,train,113687160497609914,pointer,V,B,,,Z,False,True,,,-0.375,0.0,3.2291051132319466,,B G F,P,,False,,0.8984375,0.7106282711029053,,
train-021156-e914cb09a14d891e,8,1,train,16795272152592779550,pointer,M,J,J,True,R,False,False,3.814689989667386e-06,12.75,-18.109375,12.75,5.522923510848187e-05,1,J B A,J,True,True,0.011732622049748898,-0.97265625,0.2743513584136963,False,0.32068932056427
train-021156-e914cb09a14d891e,8,2,train,16795272152592779550,pointer,M,T,T,True,R,False,False,0.00047755756531842053,8.6875,-11.625,8.6875,0.005106312837294541,1,T P D,X,False,False,3.8897299766540527,-0.578125,0.3593641221523285,False,0.4452941417694092
train-021156-e914cb09a14d891e,8,3,train,16795272152592779550,pointer,M,F,G,False,R,False,False,3.774033308029175,-1.5,-0.875,0.0,3.13412228167875,22,F W Z,W,False,False,3.277397632598877,-0.07421875,0.4814538359642029,False,0.6567261815071106
train-021156-e914cb09a14d891e,8,4,train,16795272152592779550,pointer,M,F,S,False,R,False,False,3.6733953952789307,-1.25,-0.625,0.0625,3.1738411625016125,23,F Z W,I,False,False,3.32326602935791,0.31640625,0.5784481763839722,False,0.8638125658035278
train-021156-e914cb09a14d891e,8,5,train,16795272152592779550,pointer,M,Z,D,False,R,False,False,3.4770994186401367,-0.8125,-0.375,0.0625,3.220426278000936,22,Z F W,P,False,False,3.2081634998321533,0.55859375,0.6361271142959595,False,1.0109505653381348
train-021156-e914cb09a14d891e,8,6,train,16795272152592779550,pointer,M,F,E,False,R,False,False,3.2893340587615967,-0.5625,-0.375,0.0,3.2238838020201452,11,F Z W,P,False,False,3.1614468097686768,0.703125,0.66888028383255,False,1.1052751541137695
train-021156-e914cb09a14d891e,8,7,train,16795272152592779550,pointer,M,F,W,False,R,False,False,3.0005736351013184,-0.25,-0.3125,0.0,3.226821444409109,3,F Z W,P,False,False,3.219327211380005,0.7890625,0.6876299977302551,False,1.1635668277740479
train-021156-e914cb09a14d891e,8,8,train,16795272152592779550,pointer,M,F,R,False,R,False,False,3.0685510635375977,-0.3125,-0.3125,0.0,3.2262762378153957,5,F Z W,P,False,False,3.531219720840454,0.83984375,0.6984323263168335,True,0.3589169979095459
train-021156-e914cb09a14d891e,8,9,train,16795272152592779550,pointer,M,Z,,,R,False,True,,,-0.375,0.0625,3.2253838742007104,,Z F T,P,,False,,0.87109375,0.7049732804298401,,
train-021156-e914cb09a14d891e,8,10,train,16795272152592779550,pointer,M,Z,,,R,False,True,,,-0.375,0.0625,3.224672664761332,,Z F W,P,,False,,0.88671875,0.7082125544548035,,
train-021156-e914cb09a14d891e,8,11,train,16795272152592779550,pointer,M,F,,,R,False,True,,,-0.3125,0.0,3.2269871426708794,,F Z W,P,,False,,0.8984375,0.7106282711029053,,
train-021156-e914cb09a14d891e,8,12,train,16795272152592779550,pointer,M,Z,,,R,False,True,,,-0.375,0.0625,3.2254212368908832,,Z F T,P,,False,,0.90234375,0.7114308476448059,,
train-001303-fd214e8dbbeeda20,10,1,train,18239946336477567520,pointer,H,C,C,True,C,True,False,0.0029262362513691187,5.9375,5.9375,5.9375,0.02157242342895136,1,C A D,C,True,True,0.015317659825086594,-0.90625,0.28776782751083374,False,0.3393512964248657
train-001303-fd214e8dbbeeda20,10,2,train,18239946336477567520,pointer,H,Z,Z,True,C,False,False,0.008038194850087166,5.75,-5.75,5.75,0.06492790743625552,1,Z C M,B,False,False,3.3893489837646484,-0.5234375,0.3720487952232361,False,0.4652928113937378
train-001303-fd214e8dbbeeda20,10,3,train,18239946336477567520,pointer,H,R,R,True,C,False,False,1.2282553911209106,0.0625,-0.0625,0.0625,2.110162257897713,1,R C M,J,False,False,3.3533802032470703,-0.0047607421875,0.4988097846508026,False,0.690769612789154
train-001303-fd214e8dbbeeda20,10,4,train,18239946336477567520,pointer,H,C,C,True,C,True,False,1.4337433576583862,0.0625,0.0625,0.0625,2.4529049957608855,1,C R M,I,False,False,3.3075153827667236,0.3671875,0.590779185295105,False,0.8935004472732544
train-001303-fd214e8dbbeeda20,10,5,train,18239946336477567520,pointer,H,C,Z,False,C,True,False,2.388214588165283,-0.8125,0.0625,0.0625,2.586849691536406,4,C R M,I,False,False,3.0990352630615234,0.59375,0.6442250609397888,False,1.0334570407867432
train-001303-fd214e8dbbeeda20,10,6,train,18239946336477567520,pointer,H,C,R,False,C,True,False,1.658772349357605,-0.0625,0.0625,0.0625,2.614014967445436,2,C R M,P,False,False,3.514305353164673,0.7265625,0.6740504503250122,False,1.121012806892395
train-001303-fd214e8dbbeeda20,10,7,train,18239946336477567520,pointer,H,C,C,True,C,True,False,1.5865743160247803,0.125,0.125,0.125,2.6265158559278197,1,C R M,P,False,False,3.3247342109680176,0.8046875,0.6909762620925903,False,1.1743372678756714
train-001303-fd214e8dbbeeda20,10,8,train,18239946336477567520,pointer,H,C,Z,False,C,True,False,2.367438316345215,-0.75,0.0625,0.0625,2.626752568659803,4,C R M,P,False,False,3.1009936332702637,0.8515625,0.700894832611084,False,1.2069599628448486
train-001303-fd214e8dbbeeda20,10,9,train,18239946336477567520,pointer,H,C,R,False,C,True,False,1.699099063873291,-0.0625,0.0625,0.0625,2.6392604469657264,2,C R M,P,False,False,3.5181081295013428,0.87890625,0.7065955400466919,False,1.226203203201294
train-001303-fd214e8dbbeeda20,10,10,train,18239946336477567520,pointer,H,C,C,True,C,True,False,1.588250756263733,0.125,0.125,0.125,2.628177182372518,1,C R M,P,False,False,3.3343751430511475,0.89453125,0.7098243832588196,True,0.34273770451545715
train-001303-fd214e8dbbeeda20,10,11,train,18239946336477567520,pointer,H,C,,,C,True,True,,,0.125,0.125,2.627530684884736,,C R M,P,,False,,0.90234375,0.7114308476448059,,
train-001303-fd214e8dbbeeda20,10,12,train,18239946336477567520,pointer,H,C,,,C,True,True,,,0.125,0.125,2.6265158559278197,,C R M,P,,False,,0.91015625,0.7130321860313416,,
train-002996-f0560e0587b8eb9f,12,1,train,17318044834014489503,pointer,R,W,W,True,Z,False,False,4.291525328881107e-06,13.3125,-16.1015625,13.3125,6.697770792967631e-05,1,W V I,W,True,True,0.0159674771130085,-0.91015625,0.2869678735733032,False,0.33822882175445557
train-002996-f0560e0587b8eb9f,12,2,train,17318044834014489503,pointer,R,D,D,True,Z,False,False,0.0011360150529071689,8.3125,-12.0625,8.3125,0.011554151017265708,1,D E G,X,False,False,3.060458183288574,-0.498046875,0.37799978256225586,False,0.47481483221054077
train-002996-f0560e0587b8eb9f,12,3,train,17318044834014489503,pointer,R,G,G,True,Z,False,False,0.7370395660400391,1.0625,-4.75,1.0625,2.0818867745518492,1,G D F,W,False,False,3.182511568069458,-0.0020751953125,0.499481201171875,False,0.6921101212501526
train-002996-f0560e0587b8eb9f,12,4,train,17318044834014489503,pointer,R,G,Q,False,Z,False,False,3.3942713737487793,-1.4375,-1.4375,0.3125,3.082591088440608,9,G D L,P,False,False,3.253108501434326,0.36328125,0.5898345112800598,False,0.8911945223808289
train-002996-f0560e0587b8eb9f,12,5,train,17318044834014489503,pointer,R,G,C,False,Z,False,False,3.167421817779541,-0.75,-0.75,0.125,3.1860805100916387,6,G D E,P,False,False,3.352552890777588,0.5859375,0.642432451248169,False,1.0284310579299927
train-002996-f0560e0587b8eb9f,12,6,train,17318044834014489503,pointer,R,G,K,False,Z,False,False,3.352848529815674,-0.875,-0.6875,0.125,3.197138037995303,13,G D E,P,False,False,3.3992397785186768,0.71875,0.672331690788269,False,1.115753412246704
train-002996-f0560e0587b8eb9f,12,7,train,17318044834014489503,pointer,R,G,J,False,Z,False,False,3.577303409576416,-1.125,-0.6875,0.1875,3.195938342667039,21,G D E,P,False,False,3.2213315963745117,0.796875,0.6893056035041809,False,1.168945550918579
train-002996-f0560e0587b8eb9f,12,8,train,17318044834014489503,pointer,R,G,T,False,Z,False,False,3.2669754028320312,-0.8125,-0.6875,0.1875,3.1962928248354325,10,G D E,P,False,False,3.1910345554351807,0.84375,0.6992544531822205,False,1.2014906406402588
train-002996-f0560e0587b8eb9f,12,9,train,17318044834014489503,pointer,R,G,O,False,Z,False,False,3.2925143241882324,-0.8125,-0.6875,0.125,3.197449110505508,12,G D E,P,False,False,3.1147966384887695,0.875,0.7057850360870361,False,1.2234445810317993
train-002996-f0560e0587b8eb9f,12,10,train,17318044834014489503,pointer,R,G,I,False,Z,False,False,3.2580699920654297,-0.75,-0.625,0.125,3.198895453147871,9,G D E,P,False,False,3.17832612991333,0.890625,0.709019124507904,False,1.2344977855682373
train-002996-f0560e0587b8eb9f,12,11,train,17318044834014489503,pointer,R,G,P,False,Z,False,False,3.331782579421997,-0.875,-0.6875,0.1875,3.1965296219520565,14,G D E,P,True,False,2.987920045852661,0.8984375,0.7106282711029053,False,1.24004328250885
train-002996-f0560e0587b8eb9f,12,12,train,17318044834014489503,pointer,R,G,Z,False,Z,False,False,3.136897563934326,-0.625,-0.625,0.125,3.199902706270983,6,G D E,P,False,False,3.260918140411377,0.90625,0.7122321724891663,True,0.3393513262271881
train-011475-e455092e4f2301cf,1,1,train,16453066908168815055,pointer,D,N,N,True,N,True,False,0.003915383480489254,6.1875,6.1875,6.1875,0.03224603332296444,1,N Q B,N,True,True,0.009897325187921524,-0.87109375,0.2950267493724823,True,1.2206891775131226
train-011475-e455092e4f2301cf,1,2,train,16453066908168815055,pointer,D,G,,,N,False,True,,,-11.0625,11.0625,0.0004036193578191518,,G N D,X,,False,,-0.51171875,0.3747906982898712,,
train-011475-e455092e4f2301cf,1,3,train,16453066908168815055,pointer,D,K,,,N,False,True,,,-0.125,0.125,2.3805911973681124,,K N G,J,,False,,-0.003448486328125,0.49913787841796875,,
train-011475-e455092e4f2301cf,1,4,train,16453066908168815055,pointer,D,K,,,N,False,True,,,-0.125,0.125,2.6533564975002673,,K N U,J,,False,,0.375,0.5926666259765625,,
train-011475-e455092e4f2301cf,1,5,train,16453066908168815055,pointer,D,K,,,N,False,True,,,-0.125,0.125,2.7285797427397567,,K N W,Z,,False,,0.6015625,0.6460136771202087,,
train-011475-e455092e4f2301cf,1,6,train,16453066908168815055,pointer,D,K,,,N,False,True,,,-0.125,0.125,2.7313417187445377,,K N W,Z,,False,,0.73046875,0.6749081611633301,,
train-011475-e455092e4f2301cf,1,7,train,16453066908168815055,pointer,D,K,,,N,False,True,,,-0.125,0.125,2.748993410907197,,K N G,Z,,False,,0.8046875,0.6909762620925903,,
train-011475-e455092e4f2301cf,1,8,train,16453066908168815055,pointer,D,K,,,N,False,True,,,-0.0625,0.0625,2.7341845087029,,K N G,Z,,False,,0.8515625,0.700894832611084,,
train-011475-e455092e4f2301cf,1,9,train,16453066908168815055,pointer,D,K,,,N,False,True,,,-0.125,0.125,2.7477793616335724,,K N G,Z,,False,,0.875,0.7057850360870361,,
train-011475-e455092e4f2301cf,1,10,train,16453066908168815055,pointer,D,K,,,N,False,True,,,-0.0625,0.0625,2.7432780478229057,,K N W,Z,,False,,0.890625,0.709019124507904,,
train-011475-e455092e4f2301cf,1,11,train,16453066908168815055,pointer,D,K,,,N,False,True,,,-0.0625,0.0625,2.743788279569022,,K N G,Z,,False,,0.8984375,0.7106282711029053,,
train-011475-e455092e4f2301cf,1,12,train,16453066908168815055,pointer,D,K,,,N,False,True,,,-0.0625,0.0625,2.7432780478229057,,K N W,Z,,False,,0.90625,0.7122321724891663,,
train-026488-25c07310c4572ad5,2,1,train,2720300690782497493,pointer,V,C,C,True,O,False,False,0.028416607528924942,3.5625,-14.015625,3.5625,0.13104016484536696,1,C A D,C,True,True,0.013170862570405006,-0.89453125,0.2901756167411804,False,0.34273767471313477
train-026488-25c07310c4572ad5,2,2,train,2720300690782497493,pointer,V,O,O,True,O,True,False,0.14674893021583557,2.25,2.25,2.25,0.6010158217601689,1,O C N,B,False,False,3.641831874847412,-0.50390625,0.37662312388420105,True,0.9765102863311768
train-026488-25c07310c4572ad5,2,3,train,2720300690782497493,pointer,V,Z,,,O,False,True,,,-2.125,0.5625,2.997351232797018,,Z X W,G,,False,,0.0001697540283203125,0.5000424385070801,,
train-026488-25c07310c4572ad5,2,4,train,2720300690782497493,pointer,V,Z,,,O,False,True,,,-1.125,0.125,3.192873919159442,,Z I X,I,,False,,0.361328125,0.589361846446991,,
train-026488-25c07310c4572ad5,2,5,train,2720300690782497493,pointer,V,I,,,O,False,True,,,-0.875,0.0,3.2182484586389224,,I Z X,P,,False,,0.578125,0.6406359076499939,,
train-026488-25c07310c4572ad5,2,6,train,2720300690782497493,pointer,V,I,,,O,False,True,,,-0.875,0.0625,3.220004022046173,,I Z X,P,,False,,0.7109375,0.6706082820892334,,
train-026488-25c07310c4572ad5,2,7,train,2720300690782497493,pointer,V,I,,,O,False,True,,,-0.875,0.0,3.219190630547049,,I Z X,P,,False,,0.78515625,0.6867902874946594,,
train-026488-25c07310c4572ad5,2,8,train,2720300690782497493,pointer,V,I,,,O,False,True,,,-0.875,0.0625,3.2216133753445337,,I Z X,P,,False,,0.83203125,0.696784257888794,,
train-026488-25c07310c4572ad5,2,9,train,2720300690782497493,pointer,V,I,,,O,False,True,,,-0.875,0.0625,3.221792790601778,,I Z T,P,,False,,0.859375,0.7025300860404968,,
train-026488-25c07310c4572ad5,2,10,train,2720300690782497493,pointer,V,I,,,O,False,True,,,-0.875,0.0625,3.2216133753445337,,I Z X,P,,False,,0.875,0.7057850360870361,,
train-026488-25c07310c4572ad5,2,11,train,2720300690782497493,pointer,V,I,,,O,False,True,,,-0.875,0.0625,3.2214227592429574,,I Z X,P,,False,,0.8828125,0.7074047327041626,,
train-026488-25c07310c4572ad5,2,12,train,2720300690782497493,pointer,V,I,,,O,False,True,,,-0.875,0.0625,3.2216133753445337,,I Z X,P,,False,,0.890625,0.709019124507904,,
train-018632-67d576e62d08797d,3,1,train,7482017086916032893,pointer,Y,E,E,True,G,False,False,3.111314072157256e-05,10.78125,-14.390625,10.78125,0.0003985785252328455,1,E A C,E,True,True,0.029844025149941444,-0.9375,0.28140562772750854,False,0.3304581642150879
train-018632-67d576e62d08797d,3,2,train,7482017086916032893,pointer,Y,D,D,True,G,False,False,0.001192097319290042,7.875,-10.4375,7.875,0.011721973516667721,1,D E C,L,False,False,3.3289265632629395,-0.55859375,0.3638729155063629,False,0.45235681533813477
train-018632-67d576e62d08797d,3,3,train,7482017086916032893,pointer,Y,G,G,True,G,True,False,0.9695691466331482,0.4375,0.4375,0.4375,2.216039980965722,1,G D N,W,False,False,3.1444904804229736,-0.053466796875,0.4866364598274231,True,0.7202379107475281
train-018632-67d576e62d08797d,3,4,train,7482017086916032893,pointer,Y,G,,,G,True,True,,,0.0625,0.0625,3.2277094343002326,,G D N,P,,False,,0.326171875,0.5808276534080505,,
train-018632-67d576e62d08797d,3,5,train,7482017086916032893,pointer,Y,G,,,G,True,True,,,0.0,0.0,3.2406617670203195,,G N T,P,,False,,0.55859375,0.6361271142959595,,
train-018632-67d576e62d08797d,3,6,train,7482017086916032893,pointer,Y,N,,,G,False,True,,,-0.0625,0.0625,3.2416203924657108,,N G T,P,,False,,0.69921875,0.6680145263671875,,
train-018632-67d576e62d08797d,3,7,train,7482017086916032893,pointer,Y,G,,,G,True,True,,,0.0,0.0,3.2405645633107665,,G N T,P,,False,,0.77734375,0.6851073503494263,,
train-018632-67d576e62d08797d,3,8,train,7482017086916032893,pointer,Y,G,,,G,True,True,,,0.0,0.0,3.242476736043241,,G N T,P,,False,,0.828125,0.6959583163261414,,
train-018632-67d576e62d08797d,3,9,train,7482017086916032893,pointer,Y,G,,,G,True,True,,,0.0,0.0,3.240315868755443,,G N T,P,,False,,0.85546875,0.7017130851745605,,
train-018632-67d576e62d08797d,3,10,train,7482017086916032893,pointer,Y,G,,,G,True,True,,,0.0,0.0,3.2402528209469086,,G N T,P,,False,,0.87109375,0.7049732804298401,,
train-018632-67d576e62d08797d,3,11,train,7482017086916032893,pointer,Y,G,,,G,True,True,,,0.0,0.0,3.242216813999256,,G N T,P,,False,,0.8828125,0.7074047327041626,,
train-018632-67d576e62d08797d,3,12,train,7482017086916032893,pointer,Y,G,,,G,True,True,,,0.0,0.0,3.240767334692477,,G N T,P,,False,,0.88671875,0.7082125544548035,,
train-032574-a1752cdb7c3395bf,4,1,train,11634254533574759871,pointer,Z,B,B,True,S,False,False,1.6689286894688848e-06,13.75,-22.6171875,13.75,2.6373492281874796e-05,1,B C R,B,True,True,0.10848816484212875,-0.984375,0.272024542093277,False,0.3174879550933838
train-032574-a1752cdb7c3395bf,4,2,train,11634254533574759871,pointer,Z,V,V,True,S,False,False,0.3141590356826782,1.0,-11.4375,1.0,0.5907989734224505,1,V B D,X,False,False,3.69122052192688,-0.59765625,0.35488009452819824,False,0.4383190870285034
train-032574-a1752cdb7c3395bf,4,3,train,11634254533574759871,pointer,Z,S,H,False,S,True,False,2.0051932334899902,-1.0625,1.0,1.0,2.1569666194419725,3,S V H,Z,False,False,3.357985258102417,-0.07568359375,0.4810881018638611,False,0.656021237373352
train-032574-a1752cdb7c3395bf,4,4,train,11634254533574759871,pointer,Z,S,S,True,S,True,False,1.564170479774475,0.3125,0.3125,0.3125,2.5894482399419156,1,S B V,I,False,False,3.4297995567321777,0.328125,0.581303060054779,True,0.5424830317497253
train-032574-a1752cdb7c3395bf,4,5,train,11634254533574759871,pointer,Z,S,,,S,True,True,,,0.0625,0.0625,2.6298664825577016,,S B V,I,,False,,0.578125,0.6406359076499939,,
train-032574-a1752cdb7c3395bf,4,6,train,11634254533574759871,pointer,Z,B,,,S,False,True,,,0.0,0.0,2.6324754584715313,,B S V,P,,False,,0.73046875,0.6749081611633301,,
train-032574-a1752cdb7c3395bf,4,7,train,11634254533574759871,pointer,Z,B,,,S,False,True,,,0.0,0.0,2.6415341798591623,,B S V,P,,False,,0.82421875,0.6951311230659485,,
train-032574-a1752cdb7c3395bf,4,8,train,11634254533574759871,pointer,Z,B,,,S,False,True,,,0.0,0.0,2.6341478321842176,,B S V,P,,False,,0.87890625,0.7065955400466919,,
train-032574-a1752cdb7c3395bf,4,9,train,11634254533574759871,pointer,Z,B,,,S,False,True,,,0.0,0.0,2.631465824406591,,B S V,P,,False,,0.91015625,0.7130321860313416,,
train-032574-a1752cdb7c3395bf,4,10,train,11634254533574759871,pointer,Z,B,,,S,False,True,,,0.0,0.0,2.6286517233209854,,B S V,P,,False,,0.9296875,0.7170118689537048,,
train-032574-a1752cdb7c3395bf,4,11,train,11634254533574759871,pointer,Z,B,,,S,False,True,,,0.0,0.0,2.6341478321842176,,B S V,P,,False,,0.94140625,0.7193835973739624,,
train-032574-a1752cdb7c3395bf,4,12,train,11634254533574759871,pointer,Z,B,,,S,False,True,,,0.0,0.0,2.6355323357168214,,B S V,P,,False,,0.94921875,0.7209580540657043,,
train-014071-5dc5b5981dba5e10,5,1,train,6757006480877706768,pointer,Y,R,S,False,Q,False,False,6.064942836761475,-6.0625,-9.40625,6.0625,0.017734866170338558,2,R S Q,S,True,False,0.9153121709823608,-0.8671875,0.2958398759365082,False,0.35074949264526367
train-014071-5dc5b5981dba5e10,5,2,train,6757006480877706768,pointer,Y,D,U,False,Q,False,False,14.629890441894531,-14.625,-14.5,5.375,0.03253804051559132,25,D O J,X,False,False,3.2441699504852295,-0.5078125,0.3757064640522003,False,0.47113466262817383
train-014071-5dc5b5981dba5e10,5,3,train,6757006480877706768,pointer,Y,J,G,False,Q,False,False,3.927980661392212,-2.25,-0.6875,0.125,2.633963490627772,8,J O D,W,False,False,3.1647305488586426,-0.01336669921875,0.4966583847999573,False,0.6864861845970154
train-014071-5dc5b5981dba5e10,5,4,train,6757006480877706768,pointer,Y,Q,H,False,Q,True,False,2.771923303604126,-0.125,0.125,0.125,3.2034586885058243,2,Q H D,D,False,False,3.298138380050659,0.353515625,0.5874698758125305,False,0.8854459524154663
train-014071-5dc5b5981dba5e10,5,5,train,6757006480877706768,pointer,Y,D,Q,False,Q,False,False,3.104755163192749,-0.125,-0.125,0.0,3.2432681821689155,7,D H G,P,False,False,3.2523279190063477,0.578125,0.6406359076499939,True,0.4452940821647644
train-014071-5dc5b5981dba5e10,5,6,train,6757006480877706768,pointer,Y,D,,,Q,False,True,,,-0.1875,0.0625,3.245164968461724,,D G H,P,,False,,0.7109375,0.6706082820892334,,
train-014071-5dc5b5981dba5e10,5,7,train,6757006480877706768,pointer,Y,D,,,Q,False,True,,,-0.125,0.0,3.246717840606188,,D G H,P,,False,,0.7890625,0.6876299977302551,,
train-014071-5dc5b5981dba5e10,5,8,train,6757006480877706768,pointer,Y,G,,,Q,False,True,,,-0.1875,0.0625,3.2455100632038754,,G D H,P,,False,,0.8359375,0.6976089477539062,,
train-014071-5dc5b5981dba5e10,5,9,train,6757006480877706768,pointer,Y,G,,,Q,False,True,,,-0.1875,0.0625,3.2454220056385354,,G D H,P,,False,,0.86328125,0.703345775604248,,
train-014071-5dc5b5981dba5e10,5,10,train,6757006480877706768,pointer,Y,D,,,Q,False,True,,,-0.1875,0.0,3.2451749318448586,,D G H,P,,False,,0.87890625,0.7065955400466919,,
train-014071-5dc5b5981dba5e10,5,11,train,6757006480877706768,pointer,Y,D,,,Q,False,True,,,-0.1875,0.0,3.245160800958695,,D G H,P,,False,,0.890625,0.709019124507904,,
train-014071-5dc5b5981dba5e10,5,12,train,6757006480877706768,pointer,Y,D,,,Q,False,True,,,-0.125,0.0,3.2459254123973142,,D G H,P,,False,,0.89453125,0.7098243832588196,,
train-018230-909d2eb973e88a60,6,1,train,10420536486853642848,pointer,C,O,O,True,B,False,False,2.312633478140924e-05,11.546875,-14.9140625,11.546875,0.00031879116087886006,1,O A F,O,True,True,0.0842428058385849,-0.91015625,0.2869678735733032,False,0.33822882175445557
train-018230-909d2eb973e88a60,6,2,train,10420536486853642848,pointer,C,T,T,True,B,False,False,9.011816291604191e-05,11.0,-12.5,11.0,0.001165435486530625,1,T D I,X,False,False,3.542823314666748,-0.5703125,0.36116471886634827,False,0.4481086730957031
train-018230-909d2eb973e88a60,6,3,train,10420536486853642848,pointer,C,T,Z,False,B,False,False,3.1430063247680664,-0.9375,-0.875,0.0625,3.0922682281231606,8,T J W,J,False,False,3.074932098388672,-0.0556640625,0.4860875904560089,False,0.6657024025917053
train-018230-909d2eb973e88a60,6,4,train,10420536486853642848,pointer,C,W,Y,False,B,False,False,3.627760648727417,-0.9375,-0.4375,0.125,3.2254191738331373,26,W T J,I,False,False,3.2882697582244873,0.326171875,0.5808276534080505,False,0.8694730997085571
train-018230-909d2eb973e88a60,6,5,train,10420536486853642848,pointer,C,W,D,False,B,False,False,3.3291609287261963,-0.5625,-0.375,0.0625,3.2339576490529613,14,W T Z,I,False,False,3.235537052154541,0.55859375,0.6361271142959595,False,1.0109505653381348
train-018230-909d2eb973e88a60,6,6,train,10420536486853642848,pointer,C,T,B,False,B,False,False,3.148394823074341,-0.3125,-0.3125,0.0,3.2372613697504256,6,T W Z,P,False,False,3.2865045070648193,0.6953125,0.6671476364135742,True,0.40474388003349304
train-018230-909d2eb973e88a60,6,7,train,10420536486853642848,pointer,C,T,,,B,False,True,,,-0.3125,0.0,3.2366244416099326,,T W Z,P,,False,,0.77734375,0.6851073503494263,,
train-018230-909d2eb973e88a60,6,8,train,10420536486853642848,pointer,C,T,,,B,False,True,,,-0.3125,0.0,3.235814405844998,,T W Z,P,,False,,0.828125,0.6959583163261414,,
train-018230-909d2eb973e88a60,6,9,train,10420536486853642848,pointer,C,T,,,B,False,True,,,-0.3125,0.0,3.234880369743646,,T W Z,P,,False,,0.85546875,0.7017130851745605,,
train-018230-909d2eb973e88a60,6,10,train,10420536486853642848,pointer,C,T,,,B,False,True,,,-0.375,0.0,3.2350973522142747,,T W Z,P,,False,,0.875,0.7057850360870361,,
train-018230-909d2eb973e88a60,6,11,train,10420536486853642848,pointer,C,T,,,B,False,True,,,-0.375,0.0,3.235552677081981,,T W Z,P,,False,,0.8828125,0.7074047327041626,,
train-018230-909d2eb973e88a60,6,12,train,10420536486853642848,pointer,C,T,,,B,False,True,,,-0.3125,0.0,3.236474991340125,,T W Z,P,,False,,0.890625,0.709019124507904,,
train-019860-bdb691eb438723a7,8,1,train,13670274158565991335,pointer,S,O,O,True,W,False,False,6.794906312279636e-06,12.34375,-18.5078125,12.34375,9.781919063253734e-05,1,O A F,O,True,True,0.07018163800239563,-0.88671875,0.29178744554519653,False,0.34501099586486816
train-019860-bdb691eb438723a7,8,2,train,13670274158565991335,pointer,S,E,E,True,W,False,False,0.0042922040447592735,5.5,-12.3125,5.5,0.02897782847679426,1,E O D,X,False,False,3.754945755004883,-0.54296875,0.3674972355365753,False,0.4580707550048828
train-019860-bdb691eb438723a7,8,3,train,13670274158565991335,pointer,S,E,K,False,W,False,False,1.9997427463531494,-0.0625,-1.6875,0.0625,2.938451404212715,2,E K M,J,False,False,3.336287498474121,-0.0308837890625,0.49227967858314514,False,0.6778244972229004
train-019860-bdb691eb438723a7,8,4,train,13670274158565991335,pointer,S,K,M,False,W,False,False,3.2382872104644775,-0.375,-0.5,0.125,3.241571735096993,11,K B E,U,False,False,3.358163595199585,0.345703125,0.5855752229690552,False,0.8808637857437134
train-019860-bdb691eb438723a7,8,5,train,13670274158565991335,pointer,S,S,B,False,W,False,False,3.120885133743286,-0.125,-0.375,0.0,3.248563156290824,4,S T K,U,False,False,3.293120861053467,0.57421875,0.6397360563278198,False,1.020918369293213
train-019860-bdb691eb438723a7,8,6,train,13670274158565991335,pointer,S,S,J,False,W,False,False,3.3892812728881836,-0.4375,-0.4375,0.0,3.246921653956934,21,S T K,P,False,False,3.195190906524658,0.71484375,0.671470582485199,False,1.113128900527954
train-019860-bdb691eb438723a7,8,7,train,13670274158565991335,pointer,S,S,Z,False,W,False,False,3.2762937545776367,-0.3125,-0.4375,0.0,3.2469971095081727,15,S T G,P,False,False,3.1895718574523926,0.79296875,0.6884684562683105,False,1.1662545204162598
train-019860-bdb691eb438723a7,8,8,train,13670274158565991335,pointer,S,T,W,False,W,False,False,3.4301507472991943,-0.5,-0.5,0.0625,3.246953859112794,24,T S B,P,False,False,3.2143797874450684,0.84375,0.6992544531822205,True,0.3577406406402588
train-019860-bdb691eb438723a7,8,9,train,13670274158565991335,pointer,S,T,,,W,False,True,,,-0.4375,0.0625,3.247569909322073,,T S K,P,,False,,0.87109375,0.7049732804298401,,
train-019860-bdb691eb438723a7,8,10,train,13670274158565991335,pointer,S,T,,,W,False,True,,,-0.4375,0.0625,3.2472601660090987,,T S K,P,,False,,0.88671875,0.7082125544548035,,
train-019860-bdb691eb438723a7,8,11,train,13670274158565991335,pointer,S,T,,,W,False,True,,,-0.4375,0.0625,3.2475826848194296,,T S K,P,,False,,0.8984375,0.7106282711029053,,
train-019860-bdb691eb438723a7,8,12,train,13670274158565991335,pointer,S,T,,,W,False,True,,,-0.4375,0.0625,3.2471512042594615,,T S K,P,,False,,0.90234375,0.7114308476448059,,
train-025720-61b231b44159fe6e,10,1,train,7039743817793797742,pointer,P,F,F,True,G,False,False,1.2874520507466514e-05,12.53125,-16.078125,12.53125,0.00019141568516406202,1,F C B,F,True,True,0.0019162403186783195,-0.875,0.29421496391296387,False,0.3484445810317993
train-025720-61b231b44159fe6e,10,2,train,7039743817793797742,pointer,P,D,D,True,G,False,False,0.04853599891066551,3.5,-7.75,3.5,0.2707624656920481,1,D F E,X,False,False,3.1871907711029053,-0.50390625,0.37662312388420105,False,0.47260403633117676
train-025720-61b231b44159fe6e,10,3,train,7039743817793797742,pointer,P,G,X,False,G,True,False,2.4466466903686523,-1.0625,1.0625,1.0625,2.906450088895355,2,G X Y,W,False,False,3.2617716789245605,-0.0022125244140625,0.49944689869880676,False,0.6920415163040161
train-025720-61b231b44159fe6e,10,4,train,7039743817793797742,pointer,P,G,G,True,G,True,False,2.3193652629852295,0.25,0.25,0.25,3.1807500574586034,1,G X Y,P,False,False,3.208066940307617,0.37109375,0.5917232036590576,False,0.8958100080490112
train-025720-61b231b44159fe6e,10,5,train,7039743817793797742,pointer,P,G,E,False,G,True,False,3.5261270999908447,-0.9375,0.125,0.125,3.2129777340812313,18,G X I,P,False,False,3.211834669113159,0.59765625,0.6451199054718018,False,1.0359753370285034
train-025720-61b231b44159fe6e,10,6,train,7039743817793797742,pointer,P,G,P,False,G,True,False,2.985846757888794,-0.375,0.1875,0.1875,3.2178787984586394,5,G X T,P,True,False,3.0201051235198975,0.73046875,0.6749081611633301,False,1.1236474514007568
train-025720-61b231b44159fe6e,10,7,train,7039743817793797742,pointer,P,G,F,False,G,True,False,3.454819917678833,-0.8125,0.125,0.125,3.2153933214909642,16,G X T,P,False,False,3.2229156494140625,0.80859375,0.6918097138404846,False,1.1770379543304443
train-025720-61b231b44159fe6e,10,8,train,7039743817793797742,pointer,P,G,D,False,G,True,False,3.4475860595703125,-0.8125,0.1875,0.1875,3.217923718732467,15,G X T,P,False,False,3.2669572830200195,0.85546875,0.7017130851745605,False,1.2096993923187256
train-025720-61b231b44159fe6e,10,9,train,7039743817793797742,pointer,P,G,X,False,G,True,False,2.7717878818511963,-0.125,0.125,0.125,3.2159075867149927,2,G X T,P,False,False,3.3891119956970215,0.8828125,0.7074047327041626,False,1.2289648056030273
train-025720-61b231b44159fe6e,10,10,train,7039743817793797742,pointer,P,G,G,True,G,True,False,2.663818359375,0.125,0.125,0.125,3.218497228273099,1,G X T,P,False,False,3.3166375160217285,0.8984375,0.7106282711029053,True,0.3416057825088501
train-025720-61b231b44159fe6e,10,11,train,7039743817793797742,pointer,P,G,,,G,True,True,,,0.1875,0.1875,3.217589455579071,,G X P,P,,False,,0.90625,0.7122321724891663,,
train-025720-61b231b44159fe6e,10,12,train,7039743817793797742,pointer,P,G,,,G,True,True,,,0.1875,0.1875,3.2170617978786944,,G X T,P,,False,,0.9140625,0.7138307690620422,,
train-030608-c1f077d0bf70e845,12,1,train,13974801382179399749,pointer,C,E,E,True,W,False,False,1.645074735279195e-05,11.125,-21.03125,11.125,0.00020610522463954697,1,E A C,E,True,True,0.021393021568655968,-0.921875,0.2845759987831116,False,0.33487987518310547
train-030608-c1f077d0bf70e845,12,2,train,13974801382179399749,pointer,C,X,X,True,W,False,False,0.005168291740119457,6.0625,-10.375,6.0625,0.04292833903713387,1,X E H,L,False,False,2.7243332862854004,-0.55859375,0.3638729155063629,False,0.45235681533813477
train-030608-c1f077d0bf70e845,12,3,train,13974801382179399749,pointer,C,J,I,False,W,False,False,2.919189929962158,-1.4375,-2.4375,0.8125,2.709056701093333,7,J X Y,J,False,True,3.0640721321105957,-0.045166015625,0.4887103736400604,False,0.670819103717804
train-030608-c1f077d0bf70e845,12,4,train,13974801382179399749,pointer,C,J,J,True,W,False,False,1.7131257057189941,0.8125,-2.0,0.8125,2.9173945264220755,1,J I X,I,False,False,3.066333770751953,0.341796875,0.5846269726753235,False,0.878578245639801
train-030608-c1f077d0bf70e845,12,5,train,13974801382179399749,pointer,C,J,V,False,W,False,False,2.944918632507324,-1.125,-1.875,0.625,2.9707187074873507,7,J I E,I,False,False,3.2183542251586914,0.578125,0.6406359076499939,False,1.0234191417694092
train-030608-c1f077d0bf70e845,12,6,train,13974801382179399749,pointer,C,J,U,False,W,False,False,3.2711992263793945,-1.4375,-1.875,0.625,2.9788128079022216,9,J I E,P,False,False,3.2444214820861816,0.71484375,0.671470582485199,False,1.113128900527954
train-030608-c1f077d0bf70e845,12,7,train,13974801382179399749,pointer,C,J,W,False,W,False,False,3.6703102588653564,-1.8125,-1.8125,0.625,2.9858500468728235,15,J I E,P,False,False,3.2787179946899414,0.796875,0.6893056035041809,False,1.168945550918579
train-030608-c1f077d0bf70e845,12,8,train,13974801382179399749,pointer,C,J,I,False,W,False,False,2.4639623165130615,-0.625,-1.875,0.625,2.981785805367458,2,J I E,P,False,False,3.1262755393981934,0.84375,0.6992544531822205,False,1.2014906406402588
train-030608-c1f077d0bf70e845,12,9,train,13974801382179399749,pointer,C,J,J,True,W,False,False,1.8662307262420654,0.5625,-1.8125,0.5625,2.9892626326681473,1,J I E,P,False,False,3.1154050827026367,0.875,0.7057850360870361,False,1.2234445810317993
train-030608-c1f077d0bf70e845,12,10,train,13974801382179399749,pointer,C,J,V,False,W,False,False,2.954587936401367,-1.125,-1.875,0.625,2.9822684940189523,7,J I E,P,False,False,3.2241671085357666,0.890625,0.709019124507904,False,1.2344977855682373
train-030608-c1f077d0bf70e845,12,11,train,13974801382179399749,pointer,C,J,U,False,W,False,False,3.2388408184051514,-1.375,-1.8125,0.5625,2.988265760897667,9,J I E,P,False,False,3.250422954559326,0.90234375,0.7114308476448059,False,1.2428207397460938
train-030608-c1f077d0bf70e845,12,12,train,13974801382179399749,pointer,C,J,W,False,W,False,False,3.7028322219848633,-1.875,-1.875,0.625,2.9800148400651003,15,J I E,P,False,False,3.276400566101074,0.91015625,0.7130321860313416,True,0.3382287919521332
train-009711-ec4ff622dab94905,1,1,train,17028099345670031621,pointer,B,S,S,True,S,True,False,0.00012242044613230973,10.5,10.5,10.5,0.0015169250628816495,1,S A R,S,True,True,0.004080779384821653,-0.7578125,0.319121390581131,True,1.142183780670166
train-009711-ec4ff622dab94905,1,2,train,17028099345670031621,pointer,B,C,,,S,False,True,,,-12.5,9.0625,0.0036718748154269086,,C D B,X,,False,,-0.4296875,0.3942009508609772,,
train-009711-ec4ff622dab94905,1,3,train,17028099345670031621,pointer,B,I,,,S,False,True,,,-1.5,0.4375,2.3842336757348512,,I X C,D,,False,,0.04052734375,0.5101304650306702,,
train-009711-ec4ff622dab94905,1,4,train,17028099345670031621,pointer,B,I,,,S,False,True,,,-0.9375,0.0625,3.0318196024229107,,I X K,D,,False,,0.384765625,0.5950219631195068,,
train-009711-ec4ff622dab94905,1,5,train,17028099345670031621,pointer,B,X,,,S,False,True,,,-0.6875,0.0625,3.175252538659196,,X I B,P,,False,,0.59375,0.6442250609397888,,
train-009711-ec4ff622dab94905,1,6,train,17028099345670031621,pointer,B,B,,,S,False,True,,,-0.625,0.0,3.189105716343279,,B X I,P,,False,,0.71875,0.672331690788269,,
train-009711-ec4ff622dab94905,1,7,train,17028099345670031621,pointer,B,B,,,S,False,True,,,-0.625,0.0,3.192733270859186,,B X I,P,,False,,0.796875,0.6893056035041809,,
train-009711-ec4ff622dab94905,1,8,train,17028099345670031621,pointer,B,B,,,S,False,True,,,-0.625,0.0,3.192537810926121,,B X I,P,,False,,0.83984375,0.6984323263168335,,
train-009711-ec4ff622dab94905,1,9,train,17028099345670031621,pointer,B,B,,,S,False,True,,,-0.625,0.0,3.1902157219015135,,B X I,P,,False,,0.8671875,0.7041601538658142,,
train-009711-ec4ff622dab94905,1,10,train,17028099345670031621,pointer,B,B,,,S,False,True,,,-0.625,0.0,3.193549851403643,,B X I,P,,False,,0.8828125,0.7074047327041626,,
train-009711-ec4ff622dab94905,1,11,train,17028099345670031621,pointer,B,B,,,S,False,True,,,-0.625,0.0,3.194566672586962,,B X I,P,,False,,0.890625,0.709019124507904,,
train-009711-ec4ff622dab94905,1,12,train,17028099345670031621,pointer,B,B,,,S,False,True,,,-0.625,0.0,3.1902157219015135,,B X I,P,,False,,0.8984375,0.7106282711029053,,
train-031816-da025afc549ac38f,2,1,train,15709218490019398543,pointer,Q,P,P,True,N,False,False,6.079655122448457e-06,12.625,-20.5,12.625,9.047616962317596e-05,1,P A Q,P,True,True,0.0009801351698115468,-0.9375,0.28140562772750854,False,0.3304581642150879
train-031816-da025afc549ac38f,2,2,train,15709218490019398543,pointer,Q,N,N,True,N,True,False,0.0056834532879292965,6.5,6.5,6.5,0.04918469779236081,1,N D P,X,False,False,3.450176239013672,-0.5703125,0.36116471886634827,True,1.0184211730957031
train-031816-da025afc549ac38f,2,3,train,15709218490019398543,pointer,Q,S,,,N,False,True,,,-1.25,0.4375,3.1130424174065205,,S L T,D,,False,,-0.06298828125,0.48425814509391785,,
train-031816-da025afc549ac38f,2,4,train,15709218490019398543,pointer,Q,T,,,N,False,True,,,-0.6875,0.1875,3.214313478347594,,T L I,D,,False,,0.322265625,0.5798763036727905,,
train-031816-da025afc549ac38f,2,5,train,15709218490019398543,pointer,Q,T,,,N,False,True,,,-0.5625,0.25,3.2281549382744457,,T I L,P,,False,,0.5625,0.6370307803153992,,
train-031816-da025afc549ac38f,2,6,train,15709218490019398543,pointer,Q,T,,,N,False,True,,,-0.625,0.3125,3.226533244997455,,T I L,P,,False,,0.703125,0.66888028383255,,
train-031816-da025afc549ac38f,2,7,train,15709218490019398543,pointer,Q,T,,,N,False,True,,,-0.5625,0.3125,3.2273543326342,,T I L,P,,False,,0.78515625,0.6867902874946594,,
train-031816-da025afc549ac38f,2,8,train,15709218490019398543,pointer,Q,T,,,N,False,True,,,-0.5625,0.3125,3.2267359277994005,,T I L,P,,False,,0.8359375,0.6976089477539062,,
train-031816-da025afc549ac38f,2,9,train,15709218490019398543,pointer,Q,T,,,N,False,True,,,-0.5625,0.3125,3.2267359277994005,,T I L,P,,False,,0.8671875,0.7041601538658142,,
train-031816-da025afc549ac38f,2,10,train,15709218490019398543,pointer,Q,T,,,N,False,True,,,-0.5625,0.25,3.2274225668345498,,T I L,P,,False,,0.8828125,0.7074047327041626,,
train-031816-da025afc549ac38f,2,11,train,15709218490019398543,pointer,Q,T,,,N,False,True,,,-0.5625,0.25,3.2263114031091766,,T I L,P,,False,,0.89453125,0.7098243832588196,,
train-031816-da025afc549ac38f,2,12,train,15709218490019398543,pointer,Q,T,,,N,False,True,,,-0.5625,0.3125,3.2262712471765003,,T I L,P,,False,,0.90234375,0.7114308476448059,,
train-028415-3026a5791fe89900,3,1,train,3469642502580508928,pointer,T,K,K,True,C,False,False,0.00011991735664196312,9.6875,-10.40625,9.6875,0.0013826238239090256,1,K J C,K,True,True,0.011852201074361801,-0.94140625,0.2806163728237152,False,0.3293604850769043
train-028415-3026a5791fe89900,3,2,train,3469642502580508928,pointer,T,H,H,True,C,False,False,0.0012950851814821362,8.0,-10.6875,8.0,0.012862454777956172,1,H D J,X,False,False,3.6669740676879883,-0.54296875,0.3674972355365753,False,0.4580707550048828
train-028415-3026a5791fe89900,3,3,train,3469642502580508928,pointer,T,K,C,False,C,False,False,3.3730945587158203,-1.5625,-1.5625,0.3125,2.942729950998218,9,K L H,D,False,False,3.408107280731201,-0.033203125,0.4916999638080597,True,0.7098865509033203
train-028415-3026a5791fe89900,3,4,train,3469642502580508928,pointer,T,K,,,C,False,True,,,-1.0,0.25,3.176713065398981,,K L J,I,,False,,0.34765625,0.5860491394996643,,
train-028415-3026a5791fe89900,3,5,train,3469642502580508928,pointer,T,K,,,C,False,True,,,-0.8125,0.0,3.2069490327720196,,K T J,P,,False,,0.578125,0.6406359076499939,,
train-028415-3026a5791fe89900,3,6,train,3469642502580508928,pointer,T,T,,,C,False,True,,,-0.8125,0.0625,3.2106600506670704,,T K J,P,,False,,0.71484375,0.671470582485199,,
train-028415-3026a5791fe89900,3,7,train,3469642502580508928,pointer,T,T,,,C,False,True,,,-0.8125,0.125,3.210325529006824,,T K J,P,,False,,0.79296875,0.6884684562683105,,
train-028415-3026a5791fe89900,3,8,train,3469642502580508928,pointer,T,T,,,C,False,True,,,-0.8125,0.125,3.2096761482931093,,T K J,P,,False,,0.84375,0.6992544531822205,,
train-028415-3026a5791fe89900,3,9,train,3469642502580508928,pointer,T,T,,,C,False,True,,,-0.8125,0.125,3.210325529006824,,T K J,P,,False,,0.87109375,0.7049732804298401,,
train-028415-3026a5791fe89900,3,10,train,3469642502580508928,pointer,T,T,,,C,False,True,,,-0.8125,0.0625,3.208151287896912,,T K J,P,,False,,0.88671875,0.7082125544548035,,
train-028415-3026a5791fe89900,3,11,train,3469642502580508928,pointer,T,T,,,C,False,True,,,-0.75,0.0625,3.2119270247345693,,T K J,P,,False,,0.89453125,0.7098243832588196,,
train-028415-3026a5791fe89900,3,12,train,3469642502580508928,pointer,T,T,,,C,False,True,,,-0.8125,0.0625,3.208740590537897,,T K J,P,,False,,0.90234375,0.7114308476448059,,
train-013062-80ac3cea47323079,4,1,train,9271852709763494009,pointer,Y,M,M,True,A,False,False,5.328513361746445e-05,11.6875,-11.71875,11.6875,0.0007152340458097978,1,M B A,M,True,True,0.019871911033988,-0.86328125,0.29665425419807434,False,0.35190677642822266
train-013062-80ac3cea47323079,4,2,train,9271852709763494009,pointer,Y,Z,Z,True,A,False,False,0.00471646199002862,6.8125,-9.375,6.8125,0.041667074989132726,1,Z O I,I,False,False,3.533900260925293,-0.5234375,0.3720487952232361,False,0.4652928113937378
train-013062-80ac3cea47323079,4,3,train,9271852709763494009,pointer,Y,O,O,True,A,False,False,1.0994045734405518,1.0,-3.0,1.0,2.6250794618438436,1,O Z Y,I,False,False,3.5974066257476807,-0.01068115234375,0.4973297417163849,False,0.6878208518028259
train-013062-80ac3cea47323079,4,4,train,9271852709763494009,pointer,Y,Y,A,False,A,False,False,3.5262374877929688,-0.875,-0.875,0.0625,3.2087049846815305,21,Y O Z,I,False,False,3.3330535888671875,0.361328125,0.589361846446991,True,0.5287148356437683
train-013062-80ac3cea47323079,4,5,train,9271852709763494009,pointer,Y,Y,,,A,False,True,,,-0.5625,0.125,3.23214599934809,,Y X Z,I,,False,,0.5859375,0.642432451248169,,
train-013062-80ac3cea47323079,4,6,train,9271852709763494009,pointer,Y,Y,,,A,False,True,,,-0.5,0.125,3.2354622245400586,,Y G T,P,,False,,0.71875,0.672331690788269,,
train-013062-80ac3cea47323079,4,7,train,9271852709763494009,pointer,Y,Y,,,A,False,True,,,-0.5,0.125,3.233743425037366,,Y G T,P,,False,,0.796875,0.6893056035041809,,
train-013062-80ac3cea47323079,4,8,train,9271852709763494009,pointer,Y,Y,,,A,False,True,,,-0.5,0.125,3.234131438751021,,Y G T,P,,False,,0.83984375,0.6984323263168335,,
train-013062-80ac3cea47323079,4,9,train,9271852709763494009,pointer,Y,Y,,,A,False,True,,,-0.5625,0.125,3.2326879385771217,,Y G T,P,,False,,0.8671875,0.7041601538658142,,
train-013062-80ac3cea47323079,4,10,train,9271852709763494009,pointer,Y,Y,,,A,False,True,,,-0.5,0.125,3.2360292944619617,,Y G T,P,,False,,0.88671875,0.7082125544548035,,
train-013062-80ac3cea47323079,4,11,train,9271852709763494009,pointer,Y,Y,,,A,False,True,,,-0.5,0.125,3.234131438751021,,Y G T,P,,False,,0.89453125,0.7098243832588196,,
train-013062-80ac3cea47323079,4,12,train,9271852709763494009,pointer,Y,Y,,,A,False,True,,,-0.5,0.125,3.234131438751021,,Y G T,P,,False,,0.90234375,0.7114308476448059,,
train-007672-91e9f28a20ed0a35,5,1,train,10514201480144947765,pointer,V,E,E,True,R,False,False,0.0003970073303207755,7.9375,-12.640625,7.9375,0.0037323452772093806,1,E A F,E,True,True,0.03733206167817116,-0.9609375,0.2766905426979065,False,0.32391810417175293
train-007672-91e9f28a20ed0a35,5,2,train,10514201480144947765,pointer,V,L,L,True,R,False,False,0.0022254243958741426,7.375,-9.5625,7.375,0.021029554429273362,1,L J D,L,True,True,2.675309658050537,-0.5625,0.36296918988227844,False,0.45093727111816406
train-007672-91e9f28a20ed0a35,5,3,train,10514201480144947765,pointer,V,L,O,False,R,False,False,1.5438170433044434,-0.5625,-2.375,0.5625,2.3255298457038536,2,L O J,J,False,False,3.4942212104797363,-0.040283203125,0.48993051052093506,False,0.6732084155082703
train-007672-91e9f28a20ed0a35,5,4,train,10514201480144947765,pointer,V,L,W,False,R,False,False,3.392744779586792,-1.3125,-0.875,0.375,3.131426607305651,14,L O U,P,False,False,3.2089357376098633,0.341796875,0.5846269726753235,False,0.878578245639801
train-007672-91e9f28a20ed0a35,5,5,train,10514201480144947765,pointer,V,L,R,False,R,False,False,3.003462076187134,-0.5625,-0.5625,0.3125,3.1992309493857505,4,L O U,P,False,False,3.42618465423584,0.5703125,0.6388352513313293,True,0.44810864329338074
train-007672-91e9f28a20ed0a35,5,6,train,10514201480144947765,pointer,V,L,,,R,False,True,,,-0.5625,0.3125,3.208145630952011,,L O U,P,,False,,0.703125,0.66888028383255,,
train-007672-91e9f28a20ed0a35,5,7,train,10514201480144947765,pointer,V,L,,,R,False,True,,,-0.5,0.3125,3.209815401995244,,L O U,P,,False,,0.78125,0.6859495043754578,,
train-007672-91e9f28a20ed0a35,5,8,train,10514201480144947765,pointer,V,L,,,R,False,True,,,-0.5625,0.3125,3.2085734885768558,,L O U,P,,False,,0.828125,0.6959583163261414,,
train-007672-91e9f28a20ed0a35,5,9,train,10514201480144947765,pointer,V,L,,,R,False,True,,,-0.5625,0.3125,3.208384949781886,,L O U,P,,False,,0.85546875,0.7017130851745605,,
train-007672-91e9f28a20ed0a35,5,10,train,10514201480144947765,pointer,V,L,,,R,False,True,,,-0.5625,0.3125,3.2089467747130938,,L O U,P,,False,,0.87109375,0.7049732804298401,,
train-007672-91e9f28a20ed0a35,5,11,train,10514201480144947765,pointer,V,L,,,R,False,True,,,-0.5,0.3125,3.2109697398838786,,L O U,P,,False,,0.87890625,0.7065955400466919,,
train-007672-91e9f28a20ed0a35,5,12,train,10514201480144947765,pointer,V,L,,,R,False,True,,,-0.5625,0.3125,3.208384949781886,,L O U,P,,False,,0.88671875,0.7082125544548035,,
train-004010-e0a0c6ae1c61d00c,6,1,train,16186155511872344076,pointer,D,S,S,True,N,False,False,8.725739462533966e-05,10.8125,-15.1787109375,10.8125,0.001106096202281827,1,S R U,S,True,True,0.006962561514228582,-0.80859375,0.308190256357193,False,0.36844420433044434
train-004010-e0a0c6ae1c61d00c,6,2,train,16186155511872344076,pointer,D,E,E,True,N,False,False,0.00014041867689229548,10.3125,-12.5,10.3125,0.0017331410422145562,1,E D F,X,False,False,3.5865347385406494,-0.45703125,0.38769033551216125,False,0.49051713943481445
train-004010-e0a0c6ae1c61d00c,6,3,train,16186155511872344076,pointer,D,E,B,False,N,False,False,3.807746648788452,-2.0625,-1.625,0.5,2.9714585518853727,17,E R A,J,False,False,3.3305625915527344,0.02001953125,0.5050047039985657,False,0.7032070159912109
train-004010-e0a0c6ae1c61d00c,6,4,train,16186155511872344076,pointer,D,D,M,False,N,False,False,3.536330223083496,-0.9375,-0.25,0.25,3.2122675940452794,21,D L N,U,False,False,3.3009250164031982,0.373046875,0.5921949744224548,False,0.8969662189483643
train-004010-e0a0c6ae1c61d00c,6,5,train,16186155511872344076,pointer,D,D,C,False,N,False,False,3.4948837757110596,-0.875,-0.3125,0.3125,3.224303190123132,19,D L N,U,False,False,3.3894333839416504,0.58984375,0.6433292627334595,False,1.0309423208236694
train-004010-e0a0c6ae1c61d00c,6,6,train,16186155511872344076,pointer,D,D,N,False,N,False,False,2.9535348415374756,-0.3125,-0.3125,0.3125,3.22729265351822,3,D L N,P,False,False,3.3660740852355957,0.71875,0.672331690788269,True,0.3970034718513489
train-004010-e0a0c6ae1c61d00c,6,7,train,16186155511872344076,pointer,D,D,,,N,False,True,,,-0.3125,0.3125,3.226702632041359,,D L N,P,,False,,0.79296875,0.6884684562683105,,
train-004010-e0a0c6ae1c61d00c,6,8,train,16186155511872344076,pointer,D,D,,,N,False,True,,,-0.3125,0.3125,3.2264345718653766,,D L N,P,,False,,0.83984375,0.6984323263168335,,
train-004010-e0a0c6ae1c61d00c,6,9,train,16186155511872344076,pointer,D,D,,,N,False,True,,,-0.3125,0.3125,3.2254821500672137,,D N L,P,,False,,0.86328125,0.703345775604248,,
train-004010-e0a0c6ae1c61d00c,6,10,train,16186155511872344076,pointer,D,D,,,N,False,True,,,-0.25,0.25,3.226850715396306,,D N L,P,,False,,0.8828125,0.7074047327041626,,
train-004010-e0a0c6ae1c61d00c,6,11,train,16186155511872344076,pointer,D,D,,,N,False,True,,,-0.3125,0.3125,3.2256848721628044,,D L N,P,,False,,0.890625,0.709019124507904,,
train-004010-e0a0c6ae1c61d00c,6,12,train,16186155511872344076,pointer,D,D,,,N,False,True,,,-0.25,0.25,3.2268263237652937,,D N L,P,,False,,0.89453125,0.7098243832588196,,
train-028239-adf422ec4d4ce5fa,8,1,train,12534682061183444474,pointer,S,V,V,True,T,False,False,2.3841830625315197e-06,13.578125,-21.109375,13.578125,3.887954731254358e-05,1,V R L,V,True,True,0.021295933052897453,-0.94921875,0.27904197573661804,False,0.32717442512512207
train-028239-adf422ec4d4ce5fa,8,2,train,12534682061183444474,pointer,S,J,J,True,T,False,False,8.583032467868179e-06,12.25,-15.8125,12.25,0.00012005703461356223,1,J I Y,X,False,False,3.354215621948242,-0.5390625,0.36840569972991943,False,0.4595080614089966
train-028239-adf422ec4d4ce5fa,8,3,train,12534682061183444474,pointer,S,J,Y,False,T,False,False,3.3625893592834473,-0.8125,-0.75,0.125,3.18991420915515,17,J O I,W,False,False,3.2620577812194824,-0.02294921875,0.4942629337310791,False,0.6817384362220764
train-028239-adf422ec4d4ce5fa,8,4,train,12534682061183444474,pointer,S,C,I,False,T,False,False,3.2570784091949463,-0.375,-0.25,0.125,3.2401439388988993,15,C B S,V,False,False,3.0900208950042725,0.35546875,0.5879431366920471,False,0.8865938782691956
train-028239-adf422ec4d4ce5fa,8,5,train,12534682061183444474,pointer,S,C,C,True,T,False,False,2.95440411567688,0.0,-0.125,0.0,3.2423526247960393,1,C S B,V,False,False,3.335775375366211,0.58203125,0.6415346264839172,False,1.025923252105713
train-028239-adf422ec4d4ce5fa,8,6,train,12534682061183444474,pointer,S,S,B,False,T,False,False,3.046632766723633,-0.125,-0.125,0.0625,3.241429730954117,3,S C B,P,False,False,3.3093135356903076,0.71484375,0.671470582485199,False,1.113128900527954
train-028239-adf422ec4d4ce5fa,8,7,train,12534682061183444474,pointer,S,S,K,False,T,False,False,3.272653341293335,-0.3125,-0.0625,0.0625,3.2416883846830706,16,S C T,P,False,False,3.423877477645874,0.79296875,0.6884684562683105,False,1.1662545204162598
train-028239-adf422ec4d4ce5fa,8,8,train,12534682061183444474,pointer,S,S,T,False,T,False,False,3.0036230087280273,-0.0625,-0.0625,0.0625,3.2413571850686864,3,S C T,P,False,False,3.2122671604156494,0.83984375,0.6984323263168335,True,0.3589169979095459
train-028239-adf422ec4d4ce5fa,8,9,train,12534682061183444474,pointer,S,S,,,T,False,True,,,-0.0625,0.0625,3.2420903923977966,,S B C,P,,False,,0.8671875,0.7041601538658142,,
train-028239-adf422ec4d4ce5fa,8,10,train,12534682061183444474,pointer,S,S,,,T,False,True,,,-0.0625,0.0625,3.2409180553161763,,S C T,P,,False,,0.8828125,0.7074047327041626,,
train-028239-adf422ec4d4ce5fa,8,11,train,12534682061183444474,pointer,S,S,,,T,False,True,,,-0.0625,0.0625,3.241505961511218,,S C T,P,,False,,0.890625,0.709019124507904,,
train-028239-adf422ec4d4ce5fa,8,12,train,12534682061183444474,pointer,S,S,,,T,False,True,,,-0.0625,0.0625,3.2415341343318067,,S C T,P,,False,,0.8984375,0.7106282711029053,,
train-024028-87d3f9ab188b0397,10,1,train,9787440928452707223,pointer,N,V,V,True,M,False,False,0.00020180096908006817,8.71875,-17.40625,8.71875,0.002099836708551536,1,V Z R,V,True,True,0.10104276984930038,-0.9375,0.28140562772750854,False,0.3304581642150879
train-024028-87d3f9ab188b0397,10,2,train,9787440928452707223,pointer,N,M,M,True,M,True,False,0.06242813169956207,2.75,2.75,2.75,0.23236450389275418,1,M V N,X,False,False,3.594388723373413,-0.53125,0.37022536993026733,False,0.46239328384399414
train-024028-87d3f9ab188b0397,10,3,train,9787440928452707223,pointer,N,M,T,False,M,True,False,1.453414797782898,-0.3125,0.3125,0.3125,2.3405184888222985,2,M T V,W,False,False,3.0698068141937256,-0.0167236328125,0.49581918120384216,False,0.684820294380188
train-024028-87d3f9ab188b0397,10,4,train,9787440928452707223,pointer,N,T,N,False,M,False,False,3.1600189208984375,-1.25,-0.0625,0.0625,2.9501886464865787,8,T M V,U,False,False,3.3878731727600098,0.36328125,0.5898345112800598,False,0.8911945223808289
train-024028-87d3f9ab188b0397,10,5,train,9787440928452707223,pointer,N,T,V,False,M,False,False,2.629291534423828,-0.4375,-0.3125,0.3125,3.0753984260547993,4,T M F,U,False,False,3.2658348083496094,0.59375,0.6442250609397888,False,1.0334570407867432
train-024028-87d3f9ab188b0397,10,6,train,9787440928452707223,pointer,N,T,M,False,M,False,False,2.588491201400757,-0.375,-0.375,0.375,3.0874125863290214,2,T M F,U,False,False,3.3546133041381836,0.7265625,0.6740504503250122,False,1.121012806892395
train-024028-87d3f9ab188b0397,10,7,train,9787440928452707223,pointer,N,T,T,True,M,False,False,2.248706817626953,0.375,-0.375,0.375,3.093432205626673,1,T F M,U,False,False,3.2215375900268555,0.80859375,0.6918097138404846,False,1.1770379543304443
train-024028-87d3f9ab188b0397,10,8,train,9787440928452707223,pointer,N,T,N,False,M,False,False,2.932070016860962,-0.6875,-0.375,0.375,3.0950007068744143,7,T F M,U,False,False,3.1942684650421143,0.8515625,0.700894832611084,False,1.2069599628448486
train-024028-87d3f9ab188b0397,10,9,train,9787440928452707223,pointer,N,T,V,False,M,False,False,2.6759533882141113,-0.4375,-0.375,0.375,3.0915278532667063,4,T F M,U,False,False,3.2598350048065186,0.87890625,0.7065955400466919,False,1.226203203201294
train-024028-87d3f9ab188b0397,10,10,train,9787440928452707223,pointer,N,T,M,False,M,False,False,2.608853340148926,-0.375,-0.375,0.375,3.093553305966925,2,T M F,U,False,False,3.371152877807617,0.8984375,0.7106282711029053,True,0.3416057825088501
train-024028-87d3f9ab188b0397,10,11,train,9787440928452707223,pointer,N,T,,,M,False,True,,,-0.375,0.375,3.093553305966925,,T M F,P,,False,,0.90625,0.7122321724891663,,
train-024028-87d3f9ab188b0397,10,12,train,9787440928452707223,pointer,N,T,,,M,False,True,,,-0.375,0.375,3.091494358365608,,T M F,P,,False,,0.91015625,0.7130321860313416,,
train-021266-d3d042fb23253b94,12,1,train,15262772783552478100,pointer,B,A,A,True,A,True,False,4.529942543740617e-06,13.90625,13.90625,13.90625,7.235135023190522e-05,1,A H R,A,True,True,0.007261431775987148,-0.90234375,0.2885690927505493,False,0.34047698974609375
train-021266-d3d042fb23253b94,12,2,train,15262772783552478100,pointer,B,T,T,True,A,False,False,0.0004605186404660344,7.875,-12.0625,7.875,0.004432592627038766,1,T S D,X,False,False,3.592355728149414,-0.5390625,0.36840569972991943,False,0.4595080614089966
train-021266-d3d042fb23253b94,12,3,train,15262772783552478100,pointer,B,S,S,True,A,False,False,1.1319537162780762,0.125,-3.0625,0.125,2.2952465142028364,1,S T D,D,False,False,3.3474364280700684,-0.044921875,0.4887714385986328,False,0.6709384322166443
train-021266-d3d042fb23253b94,12,4,train,15262772783552478100,pointer,B,T,D,False,A,False,False,2.8477683067321777,-0.75,-1.3125,0.5625,3.1491613386373403,3,T S D,U,False,False,3.1318984031677246,0.33203125,0.5822535157203674,False,0.8728805780410767
train-021266-d3d042fb23253b94,12,5,train,15262772783552478100,pointer,B,T,C,False,A,False,False,3.1311638355255127,-0.6875,-0.875,0.4375,3.2108434028057715,5,T B D,U,False,False,3.4391698837280273,0.5625,0.6370307803153992,False,1.013437271118164
train-021266-d3d042fb23253b94,12,6,train,15262772783552478100,pointer,B,T,G,False,A,False,False,2.9975943565368652,-0.5,-0.8125,0.375,3.2152688314980145,4,T B D,P,False,False,3.3028714656829834,0.69921875,0.6680145263671875,False,1.1026641130447388
train-021266-d3d042fb23253b94,12,7,train,15262772783552478100,pointer,B,T,M,False,A,False,False,3.4000296592712402,-0.9375,-0.8125,0.4375,3.2139076569025247,18,T B D,P,False,False,3.3786723613739014,0.77734375,0.6851073503494263,False,1.1555235385894775
train-021266-d3d042fb23253b94,12,8,train,15262772783552478100,pointer,B,T,V,False,A,False,False,3.5750820636749268,-1.0625,-0.75,0.375,3.217468632099556,24,T B D,P,False,False,3.2110300064086914,0.82421875,0.6951311230659485,False,1.1878736019134521
train-021266-d3d042fb23253b94,12,9,train,15262772783552478100,pointer,B,T,Q,False,A,False,False,3.889064311981201,-1.4375,-0.875,0.4375,3.212555904019369,26,T B D,P,False,False,3.2677886486053467,0.8515625,0.700894832611084,False,1.2069599628448486
train-021266-d3d042fb23253b94,12,10,train,15262772783552478100,pointer,B,T,E,False,A,False,False,3.392796277999878,-0.9375,-0.8125,0.4375,3.2136521234524937,16,T B D,P,False,False,3.1626036167144775,0.8671875,0.7041601538658142,False,1.2179369926452637
train-021266-d3d042fb23253b94,12,11,train,15262772783552478100,pointer,B,T,B,False,A,False,False,2.8934154510498047,-0.4375,-0.8125,0.4375,3.21317767219816,2,T B D,P,False,False,3.206308126449585,0.87890625,0.7065955400466919,False,1.226203203201294
train-021266-d3d042fb23253b94,12,12,train,15262772783552478100,pointer,B,T,A,False,A,False,False,3.2835960388183594,-0.8125,-0.8125,0.375,3.2126763719897036,10,T B D,P,False,False,3.2077713012695312,0.8828125,0.7074047327041626,True,0.3461523652076721
train-030429-0536e84ed28563f3,1,1,train,375743044169065459,pointer,H,Q,Q,True,Q,True,False,4.768370445162873e-07,15.125,15.125,15.125,7.81691694600523e-06,1,Q A K,Q,True,True,0.03507242724299431,-0.94921875,0.27904197573661804,True,1.276393175125122
train-030429-0536e84ed28563f3,1,2,train,375743044169065459,pointer,H,I,,,Q,False,True,,,-7.8125,6.6875,0.02705717999724647,,I J Q,X,,False,,-0.5546875,0.3647775650024414,,
train-030429-0536e84ed28563f3,1,3,train,375743044169065459,pointer,H,W,,,Q,False,True,,,-2.4375,0.0625,2.8625707277408132,,W G E,J,,False,,-0.04638671875,0.48840540647506714,,
train-030429-0536e84ed28563f3,1,4,train,375743044169065459,pointer,H,G,,,Q,False,True,,,-1.4375,0.25,3.1975058555636706,,G W T,J,,False,,0.333984375,0.5827285051345825,,
train-030429-0536e84ed28563f3,1,5,train,375743044169065459,pointer,H,G,,,Q,False,True,,,-1.25,0.1875,3.2185272944647365,,G T W,P,,False,,0.56640625,0.6379335522651672,,
train-030429-0536e84ed28563f3,1,6,train,375743044169065459,pointer,H,G,,,Q,False,True,,,-1.25,0.125,3.2200516013449043,,G T W,P,,False,,0.703125,0.66888028383255,,
train-030429-0536e84ed28563f3,1,7,train,375743044169065459,pointer,H,G,,,Q,False,True,,,-1.25,0.125,3.2200227803839767,,G T W,P,,False,,0.78515625,0.6867902874946594,,
train-030429-0536e84ed28563f3,1,8,train,375743044169065459,pointer,H,G,,,Q,False,True,,,-1.25,0.125,3.2200227803839767,,G T W,P,,False,,0.83203125,0.696784257888794,,
train-030429-0536e84ed28563f3,1,9,train,375743044169065459,pointer,H,G,,,Q,False,True,,,-1.25,0.125,3.2188460243668615,,G T W,P,,False,,0.86328125,0.703345775604248,,
train-030429-0536e84ed28563f3,1,10,train,375743044169065459,pointer,H,G,,,Q,False,True,,,-1.25,0.125,3.219289485993741,,G T W,P,,False,,0.87890625,0.7065955400466919,,
train-030429-0536e84ed28563f3,1,11,train,375743044169065459,pointer,H,G,,,Q,False,True,,,-1.1875,0.0625,3.2210212713557405,,G T I,P,,False,,0.890625,0.709019124507904,,
train-030429-0536e84ed28563f3,1,12,train,375743044169065459,pointer,H,G,,,Q,False,True,,,-1.25,0.125,3.21664003669875,,G T W,P,,False,,0.8984375,0.7106282711029053,,
train-026632-d8895a6b8b0a9677,2,1,train,15603101801942521463,pointer,R,K,K,True,E,False,False,7.497983460780233e-05,11.125,-16.5234375,11.125,0.0009669437796865861,1,K B J,K,True,True,0.003919658251106739,-0.94140625,0.2806163728237152,False,0.3293604850769043
train-026632-d8895a6b8b0a9677,2,2,train,15603101801942521463,pointer,R,H,E,False,E,False,False,1.3138561248779297,-1.0,-1.0,1.0,0.5884657614745437,2,H E D,X,False,False,3.5647928714752197,-0.5390625,0.36840569972991943,True,0.9985705614089966
train-026632-d8895a6b8b0a9677,2,3,train,15603101801942521463,pointer,R,H,,,E,False,True,,,-2.3125,1.0,2.224770752370288,,H W K,D,,False,,-0.0262451171875,0.49343904852867126,,
train-026632-d8895a6b8b0a9677,2,4,train,15603101801942521463,pointer,R,W,,,E,False,True,,,-1.1875,0.375,2.974294771249945,,W K H,I,,False,,0.34375,0.5851011276245117,,
train-026632-d8895a6b8b0a9677,2,5,train,15603101801942521463,pointer,R,W,,,E,False,True,,,-1.125,0.4375,3.0176950023470237,,W K N,I,,False,,0.56640625,0.6379335522651672,,
train-026632-d8895a6b8b0a9677,2,6,train,15603101801942521463,pointer,R,W,,,E,False,True,,,-1.1875,0.4375,3.0161199104540564,,W N K,I,,False,,0.69921875,0.6680145263671875,,
train-026632-d8895a6b8b0a9677,2,7,train,15603101801942521463,pointer,R,W,,,E,False,True,,,-1.1875,0.4375,3.0190856646330593,,W N K,P,,False,,0.77734375,0.6851073503494263,,
train-026632-d8895a6b8b0a9677,2,8,train,15603101801942521463,pointer,R,W,,,E,False,True,,,-1.125,0.4375,3.0280025485955466,,W N K,P,,False,,0.82421875,0.6951311230659485,,
train-026632-d8895a6b8b0a9677,2,9,train,15603101801942521463,pointer,R,W,,,E,False,True,,,-1.125,0.4375,3.0266271044983353,,W N K,P,,False,,0.8515625,0.700894832611084,,
train-026632-d8895a6b8b0a9677,2,10,train,15603101801942521463,pointer,R,W,,,E,False,True,,,-1.125,0.4375,3.028427409756465,,W N K,P,,False,,0.87109375,0.7049732804298401,,
train-026632-d8895a6b8b0a9677,2,11,train,15603101801942521463,pointer,R,W,,,E,False,True,,,-1.125,0.4375,3.0221916703899283,,W N K,P,,False,,0.87890625,0.7065955400466919,,
train-026632-d8895a6b8b0a9677,2,12,train,15603101801942521463,pointer,R,W,,,E,False,True,,,-1.125,0.4375,3.0302271433887036,,W N K,P,,False,,0.88671875,0.7082125544548035,,
train-024617-ae255de3918cedd9,3,1,train,12548539168718646745,pointer,E,J,J,True,U,False,False,2.109982233378105e-05,11.1875,-16.25,11.1875,0.0002690096078194241,1,J A B,J,True,True,0.008731401525437832,-0.98828125,0.27125170826911926,False,0.3164268732070923
train-024617-ae255de3918cedd9,3,2,train,12548539168718646745,pointer,E,D,D,True,U,False,False,0.47758960723876953,0.5,-10.4375,0.5,0.6936211234602843,1,D J I,X,False,False,3.2778220176696777,-0.5703125,0.36116471886634827,False,0.4481086730957031
train-024617-ae255de3918cedd9,3,3,train,12548539168718646745,pointer,E,J,U,False,U,False,False,1.974041223526001,-0.625,-0.625,0.625,2.440758045779825,4,J C D,J,False,True,3.2558746337890625,-0.062255859375,0.48444104194641113,True,0.7247595191001892
train-024617-ae255de3918cedd9,3,4,train,12548539168718646745,pointer,E,J,,,U,False,True,,,-0.8125,0.75,2.669813423236123,,J D U,P,,False,,0.333984375,0.5827285051345825,,
train-024617-ae255de3918cedd9,3,5,train,12548539168718646745,pointer,E,J,,,U,False,True,,,-0.9375,0.8125,2.7267412816384113,,J D U,P,,False,,0.58203125,0.6415346264839172,,
train-024617-ae255de3918cedd9,3,6,train,12548539168718646745,pointer,E,J,,,U,False,True,,,-1.0,0.8125,2.7420677248230705,,J D C,P,,False,,0.73046875,0.6749081611633301,,
train-024617-ae255de3918cedd9,3,7,train,12548539168718646745,pointer,E,J,,,U,False,True,,,-0.9375,0.75,2.753626858212897,,J D U,P,,False,,0.81640625,0.6934729218482971,,
train-024617-ae255de3918cedd9,3,8,train,12548539168718646745,pointer,E,J,,,U,False,True,,,-0.9375,0.75,2.7485893352649517,,J D U,P,,False,,0.8671875,0.7041601538658142,,
train-024617-ae255de3918cedd9,3,9,train,12548539168718646745,pointer,E,J,,,U,False,True,,,-0.9375,0.75,2.745764400502947,,J D U,P,,False,,0.8984375,0.7106282711029053,,
train-024617-ae255de3918cedd9,3,10,train,12548539168718646745,pointer,E,J,,,U,False,True,,,-0.9375,0.75,2.765518374823419,,J D U,P,,False,,0.9140625,0.7138307690620422,,
train-024617-ae255de3918cedd9,3,11,train,12548539168718646745,pointer,E,J,,,U,False,True,,,-0.9375,0.75,2.7498498882434035,,J D U,P,,False,,0.92578125,0.7162185907363892,,
train-024617-ae255de3918cedd9,3,12,train,12548539168718646745,pointer,E,J,,,U,False,True,,,-0.9375,0.75,2.746155063211564,,J D U,P,,False,,0.93359375,0.7178038358688354,,
train-012801-7782f5cb5ee87a60,4,1,train,8611715691305269856,pointer,N,F,F,True,V,False,False,8.22540732769994e-06,12.96875,-16.5625,12.96875,0.00012289053739315977,1,F C P,F,True,True,0.0031890033278614283,-0.875,0.29421496391296387,False,0.3484445810317993
train-012801-7782f5cb5ee87a60,4,2,train,8611715691305269856,pointer,N,T,T,True,V,False,False,0.013832539319992065,5.1875,-9.0625,5.1875,0.10219136676329348,1,T N D,X,False,False,3.613044261932373,-0.5078125,0.3757064640522003,False,0.47113466262817383
train-012801-7782f5cb5ee87a60,4,3,train,8611715691305269856,pointer,N,V,H,False,V,True,False,1.974740743637085,-0.8125,0.8125,0.8125,2.574300220020986,2,V H K,W,False,False,3.2716917991638184,-0.010009765625,0.49749755859375,False,0.6881548166275024
train-012801-7782f5cb5ee87a60,4,4,train,8611715691305269856,pointer,N,V,V,True,V,True,False,1.9063068628311157,0.3125,0.3125,0.3125,2.8999846648777554,1,V D H,U,False,False,3.314066171646118,0.359375,0.5888891220092773,True,0.5295173525810242
train-012801-7782f5cb5ee87a60,4,5,train,8611715691305269856,pointer,N,D,,,V,False,True,,,-0.3125,0.0625,2.9721304897161245,,D B L,U,,False,,0.5859375,0.642432451248169,,
train-012801-7782f5cb5ee87a60,4,6,train,8611715691305269856,pointer,N,D,,,V,False,True,,,-0.4375,0.0625,2.972450615511521,,D B L,U,,False,,0.72265625,0.6731916666030884,,
train-012801-7782f5cb5ee87a60,4,7,train,8611715691305269856,pointer,N,D,,,V,False,True,,,-0.4375,0.125,2.9740562674095794,,D B L,P,,False,,0.80078125,0.6901415586471558,,
train-012801-7782f5cb5ee87a60,4,8,train,8611715691305269856,pointer,N,D,,,V,False,True,,,-0.4375,0.0625,2.986879326424934,,D B L,P,,False,,0.84765625,0.7000752091407776,,
train-012801-7782f5cb5ee87a60,4,9,train,8611715691305269856,pointer,N,D,,,V,False,True,,,-0.4375,0.0625,2.9891643942932125,,D B L,P,,False,,0.87890625,0.7065955400466919,,
train-012801-7782f5cb5ee87a60,4,10,train,8611715691305269856,pointer,N,D,,,V,False,True,,,-0.4375,0.0625,2.9830331085933532,,D B L,P,,False,,0.89453125,0.7098243832588196,,
train-012801-7782f5cb5ee87a60,4,11,train,8611715691305269856,pointer,N,D,,,V,False,True,,,-0.5,0.125,2.981931485521076,,D B L,P,,False,,0.90625,0.7122321724891663,,
train-012801-7782f5cb5ee87a60,4,12,train,8611715691305269856,pointer,N,D,,,V,False,True,,,-0.5,0.125,2.981931485521076,,D B L,P,,False,,0.91015625,0.7130321860313416,,
train-025312-1c1829dd54e630f6,5,1,train,2024414063091921142,pointer,Z,I,I,True,H,False,False,7.819823804311454e-05,10.625,-15.5,10.625,0.0009655561614235665,1,I S A,I,True,True,0.004631625022739172,-0.9296875,0.28298813104629517,False,0.33266282081604004
train-025312-1c1829dd54e630f6,5,2,train,2024414063091921142,pointer,Z,U,U,True,H,False,False,0.16037653386592865,1.75,-14.84375,1.75,0.4210107003581115,1,U A B,X,False,False,3.2995712757110596,-0.55859375,0.3638729155063629,False,0.45235681533813477
train-025312-1c1829dd54e630f6,5,3,train,2024414063091921142,pointer,Z,A,A,True,H,False,False,0.6172899603843689,1.3125,-3.875,1.3125,1.9469261498289996,1,A U B,I,False,False,3.460733652114868,-0.053955078125,0.48651453852653503,False,0.6665334701538086
train-025312-1c1829dd54e630f6,5,4,train,2024414063091921142,pointer,Z,A,C,False,H,False,False,3.5292019844055176,-1.25,-1.3125,0.0,3.154896925371254,15,A U B,I,False,False,3.4174487590789795,0.328125,0.581303060054779,False,0.8706080317497253
train-025312-1c1829dd54e630f6,5,5,train,2024414063091921142,pointer,Z,U,H,False,H,False,False,3.505828619003296,-0.9375,-0.9375,0.0625,3.208214780193498,19,U A X,P,False,False,3.3174631595611572,0.55859375,0.6361271142959595,True,0.45235687494277954
train-025312-1c1829dd54e630f6,5,6,train,2024414063091921142,pointer,Z,U,,,H,False,True,,,-0.8125,0.0625,3.215498634180434,,U A X,P,,False,,0.6953125,0.6671476364135742,,
train-025312-1c1829dd54e630f6,5,7,train,2024414063091921142,pointer,Z,U,,,H,False,True,,,-0.8125,0.125,3.2171211242627877,,U A X,P,,False,,0.77734375,0.6851073503494263,,
train-025312-1c1829dd54e630f6,5,8,train,2024414063091921142,pointer,Z,U,,,H,False,True,,,-0.8125,0.0625,3.216644280841388,,U A X,P,,False,,0.82421875,0.6951311230659485,,
train-025312-1c1829dd54e630f6,5,9,train,2024414063091921142,pointer,Z,U,,,H,False,True,,,-0.8125,0.125,3.217513870904049,,U A X,P,,False,,0.8515625,0.700894832611084,,
train-025312-1c1829dd54e630f6,5,10,train,2024414063091921142,pointer,Z,U,,,H,False,True,,,-0.8125,0.0625,3.2168648812954186,,U A X,P,,False,,0.8671875,0.7041601538658142,,
train-025312-1c1829dd54e630f6,5,11,train,2024414063091921142,pointer,Z,U,,,H,False,True,,,-0.875,0.125,3.215492123173977,,U A X,P,,False,,0.87890625,0.7065955400466919,,
train-025312-1c1829dd54e630f6,5,12,train,2024414063091921142,pointer,Z,U,,,H,False,True,,,-0.8125,0.0625,3.2185495259184442,,U A X,P,,False,,0.8828125,0.7074047327041626,,
train-007979-3014314f22a9dfea,6,1,train,3464448229308489706,pointer,F,H,H,True,L,False,False,6.6756979322235566e-06,13.21875,-14.859375,13.21875,0.00010230179799470543,1,H D G,H,True,True,0.008953305892646313,-0.88671875,0.29178744554519653,False,0.34501099586486816
train-007979-3014314f22a9dfea,6,2,train,3464448229308489706,pointer,F,D,D,True,L,False,False,0.0010363452602177858,8.6875,-9.25,8.6875,0.01087747917497238,1,D W I,I,False,False,3.0384645462036133,-0.54296875,0.3674972355365753,False,0.4580707550048828
train-007979-3014314f22a9dfea,6,3,train,3464448229308489706,pointer,F,B,B,True,L,False,False,1.3206827640533447,0.375,-1.3125,0.375,2.459242412727088,1,B D W,J,False,False,3.4072444438934326,-0.034423828125,0.49139487743377686,False,0.6760833859443665
train-007979-3014314f22a9dfea,6,4,train,3464448229308489706,pointer,F,W,Y,False,L,False,False,2.2189810276031494,0.0,-0.0625,0.0,2.9766673454367916,2,W Y L,J,False,False,3.282731533050537,0.34375,0.5851011276245117,False,0.8797205090522766
train-007979-3014314f22a9dfea,6,5,train,3464448229308489706,pointer,F,Y,N,False,L,False,False,3.3558571338653564,-1.1875,-0.25,0.25,3.044695384169002,12,Y L W,U,False,False,3.3474626541137695,0.57421875,0.6397360563278198,False,1.020918369293213
train-007979-3014314f22a9dfea,6,6,train,3464448229308489706,pointer,F,Y,L,False,L,False,False,2.506045341491699,-0.375,-0.375,0.375,3.0516114000719776,2,Y L W,P,False,False,3.3229451179504395,0.7109375,0.6706082820892334,True,0.399570107460022
train-007979-3014314f22a9dfea,6,7,train,3464448229308489706,pointer,F,Y,,,L,False,True,,,-0.3125,0.3125,3.0508002682417033,,Y L W,P,,False,,0.7890625,0.6876299977302551,,
train-007979-3014314f22a9dfea,6,8,train,3464448229308489706,pointer,F,Y,,,L,False,True,,,-0.3125,0.3125,3.0548935183046044,,Y L W,P,,False,,0.83984375,0.6984323263168335,,
train-007979-3014314f22a9dfea,6,9,train,3464448229308489706,pointer,F,Y,,,L,False,True,,,-0.3125,0.3125,3.0581480745243943,,Y L W,P,,False,,0.8671875,0.7041601538658142,,
train-007979-3014314f22a9dfea,6,10,train,3464448229308489706,pointer,F,Y,,,L,False,True,,,-0.3125,0.3125,3.0610036694366696,,Y L W,P,,False,,0.88671875,0.7082125544548035,,
train-007979-3014314f22a9dfea,6,11,train,3464448229308489706,pointer,F,Y,,,L,False,True,,,-0.375,0.3125,3.05663093391695,,Y W L,P,,False,,0.8984375,0.7106282711029053,,
train-007979-3014314f22a9dfea,6,12,train,3464448229308489706,pointer,F,Y,,,L,False,True,,,-0.3125,0.3125,3.058758611958723,,Y L W,P,,False,,0.90625,0.7122321724891663,,
train-014001-e563bec2467cb922,8,1,train,16529264798995364130,pointer,L,S,S,True,C,False,False,0.00022027450904715806,9.28125,-12.296875,9.28125,0.002528093895688104,1,S R V,S,True,True,0.00737030478194356,-0.8203125,0.30569732189178467,False,0.3648473024368286
train-014001-e563bec2467cb922,8,2,train,16529264798995364130,pointer,L,C,C,True,C,True,False,0.0013321106089279056,7.25,7.25,7.25,0.012206579041898511,1,C X N,X,False,False,3.598210334777832,-0.466796875,0.38537469506263733,False,0.48674237728118896
train-014001-e563bec2467cb922,8,3,train,16529264798995364130,pointer,L,V,V,True,C,False,False,1.193465232849121,0.75,-1.875,0.75,2.4317663388131927,1,V X S,J,False,False,3.2659621238708496,0.0034637451171875,0.5008659362792969,False,0.6948805451393127
train-014001-e563bec2467cb922,8,4,train,16529264798995364130,pointer,L,V,C,False,C,False,False,2.8721625804901123,-1.6875,-1.6875,0.75,2.571783535193907,5,V S X,I,False,False,3.285771608352661,0.359375,0.5888891220092773,False,0.8888923525810242
train-014001-e563bec2467cb922,8,5,train,16529264798995364130,pointer,L,V,V,True,C,False,False,1.2788363695144653,0.625,-1.4375,0.625,2.635046258046774,1,V S C,I,False,False,3.1634562015533447,0.58203125,0.6415346264839172,False,1.025923252105713
train-014001-e563bec2467cb922,8,6,train,16529264798995364130,pointer,L,V,C,False,C,False,False,2.7069902420043945,-1.4375,-1.4375,0.625,2.6304074777370374,3,V S C,I,False,False,3.2993967533111572,0.71484375,0.671470582485199,False,1.113128900527954
train-014001-e563bec2467cb922,8,7,train,16529264798995364130,pointer,L,V,V,True,C,False,False,1.2752610445022583,0.625,-1.4375,0.625,2.6368077217617722,1,V S C,P,False,False,3.1600728034973145,0.79296875,0.6884684562683105,False,1.1662545204162598
train-014001-e563bec2467cb922,8,8,train,16529264798995364130,pointer,L,V,C,False,C,False,False,2.712320566177368,-1.4375,-1.4375,0.625,2.6363304103323304,3,V S C,P,False,False,3.2994606494903564,0.84375,0.6992544531822205,True,0.3577406406402588
train-014001-e563bec2467cb922,8,9,train,16529264798995364130,pointer,L,V,,,C,False,True,,,-1.4375,0.625,2.628457927796744,,V S C,P,,False,,0.87109375,0.7049732804298401,,
train-014001-e563bec2467cb922,8,10,train,16529264798995364130,pointer,L,V,,,C,False,True,,,-1.4375,0.625,2.628457927796744,,V S C,P,,False,,0.890625,0.709019124507904,,
train-014001-e563bec2467cb922,8,11,train,16529264798995364130,pointer,L,V,,,C,False,True,,,-1.4375,0.6875,2.619698851408555,,V S C,P,,False,,0.90234375,0.7114308476448059,,
train-014001-e563bec2467cb922,8,12,train,16529264798995364130,pointer,L,V,,,C,False,True,,,-1.4375,0.625,2.6252696105795312,,V S C,P,,False,,0.90625,0.7122321724891663,,
train-004660-7b216b0ca8bd5f27,10,1,train,8872490443011350311,pointer,A,O,O,True,H,False,False,4.541770613286644e-05,10.71875,-15.33203125,10.71875,0.0005798312678569842,1,O A F,O,True,True,0.1258695125579834,-0.890625,0.29098084568977356,False,0.3438727855682373
train-004660-7b216b0ca8bd5f27,10,2,train,8872490443011350311,pointer,A,K,K,True,H,False,False,0.0033486979082226753,6.6875,-10.1875,6.6875,0.029870469364673642,1,K B A,X,False,False,3.334648609161377,-0.54296875,0.3674972355365753,False,0.4580707550048828
train-004660-7b216b0ca8bd5f27,10,3,train,8872490443011350311,pointer,A,K,B,False,H,False,False,2.645751476287842,-0.8125,-2.125,0.5625,2.99704367076727,4,K O V,J,False,False,3.4398465156555176,-0.0361328125,0.4909677505493164,False,0.6752439737319946
train-004660-7b216b0ca8bd5f27,10,4,train,8872490443011350311,pointer,A,K,X,False,H,False,False,3.649477481842041,-1.25,-1.125,0.5,3.204759819544662,26,K A B,I,False,False,3.297658681869507,0.345703125,0.5855752229690552,False,0.8808637857437134
train-004660-7b216b0ca8bd5f27,10,5,train,8872490443011350311,pointer,A,K,Y,False,H,False,False,3.4367618560791016,-0.875,-0.875,0.3125,3.223196442948552,19,K A B,U,False,False,3.3380377292633057,0.578125,0.6406359076499939,False,1.0234191417694092
train-004660-7b216b0ca8bd5f27,10,6,train,8872490443011350311,pointer,A,K,R,False,H,False,False,3.3643100261688232,-0.75,-0.8125,0.25,3.2265454343319715,15,K A B,P,False,False,3.4530279636383057,0.71484375,0.671470582485199,False,1.113128900527954
train-004660-7b216b0ca8bd5f27,10,7,train,8872490443011350311,pointer,A,K,V,False,H,False,False,3.1020686626434326,-0.5,-0.8125,0.25,3.226531054320205,5,K A B,P,False,False,3.225188970565796,0.79296875,0.6884684562683105,False,1.1662545204162598
train-004660-7b216b0ca8bd5f27,10,8,train,8872490443011350311,pointer,A,K,L,False,H,False,False,3.3112900257110596,-0.6875,-0.8125,0.25,3.226948935648916,13,K A B,P,False,False,3.261580467224121,0.83984375,0.6984323263168335,False,1.198760747909546
train-004660-7b216b0ca8bd5f27,10,9,train,8872490443011350311,pointer,A,K,G,False,H,False,False,3.261244297027588,-0.6875,-0.875,0.3125,3.2258476484968415,11,K A B,P,False,False,3.248202085494995,0.8671875,0.7041601538658142,False,1.2179369926452637
train-004660-7b216b0ca8bd5f27,10,10,train,8872490443011350311,pointer,A,K,H,False,H,False,False,3.4337830543518066,-0.8125,-0.8125,0.25,3.226976514359378,17,K A B,P,False,False,3.2996695041656494,0.8828125,0.7074047327041626,True,0.3461523652076721
train-004660-7b216b0ca8bd5f27,10,11,train,8872490443011350311,pointer,A,K,,,H,False,True,,,-0.8125,0.25,3.226609378136481,,K A B,P,,False,,0.89453125,0.7098243832588196,,
train-004660-7b216b0ca8bd5f27,10,12,train,8872490443011350311,pointer,A,K,,,H,False,True,,,-0.8125,0.25,3.226362568459162,,K A B,P,,False,,0.8984375,0.7106282711029053,,
train-013643-7083889b3b2dc152,12,1,train,8107473954491187538,pointer,C,E,E,True,C,False,False,0.00012170527770649642,9.4375,-11.71875,9.4375,0.00135466897019129,1,E A D,E,True,True,0.02426043525338173,-0.91796875,0.28537195920944214,False,0.33599305152893066
train-013643-7083889b3b2dc152,12,2,train,8107473954491187538,pointer,C,C,C,True,C,True,False,0.0025254758074879646,6.9375,6.9375,6.9375,0.021920329027094676,1,C E D,L,False,False,3.393860340118408,-0.56640625,0.36206647753715515,False,0.44952118396759033
train-013643-7083889b3b2dc152,12,3,train,8107473954491187538,pointer,C,C,E,False,C,True,False,1.6886138916015625,-0.625,0.625,0.625,2.2939662570918156,2,C E T,J,False,False,3.3532662391662598,-0.055908203125,0.4860265851020813,False,0.6655837297439575
train-013643-7083889b3b2dc152,12,4,train,8107473954491187538,pointer,C,C,C,True,C,True,False,1.6098837852478027,0.5,0.5,0.5,2.7539758422651888,1,C T E,I,False,False,3.273125410079956,0.333984375,0.5827285051345825,False,0.8740182518959045
train-013643-7083889b3b2dc152,12,5,train,8107473954491187538,pointer,C,C,E,False,C,True,False,2.3151752948760986,-0.4375,0.1875,0.1875,2.860942195599299,3,C T E,I,False,False,3.2131316661834717,0.57421875,0.6397360563278198,False,1.020918369293213
train-013643-7083889b3b2dc152,12,6,train,8107473954491187538,pointer,C,C,C,True,C,True,False,1.8463751077651978,0.1875,0.1875,0.1875,2.857225484651457,1,C T E,I,False,False,3.2647557258605957,0.71484375,0.671470582485199,False,1.113128900527954
train-013643-7083889b3b2dc152,12,7,train,8107473954491187538,pointer,C,C,E,False,C,True,False,2.3296613693237305,-0.4375,0.125,0.125,2.8626316447652433,3,C T E,P,False,False,3.223276376724243,0.80078125,0.6901415586471558,False,1.1716398000717163
train-013643-7083889b3b2dc152,12,8,train,8107473954491187538,pointer,C,C,C,True,C,True,False,1.863123893737793,0.1875,0.1875,0.1875,2.8667222608544844,1,C T E,P,False,False,3.266981363296509,0.84765625,0.7000752091407776,False,1.2042237520217896
train-013643-7083889b3b2dc152,12,9,train,8107473954491187538,pointer,C,C,E,False,C,True,False,2.3358469009399414,-0.4375,0.125,0.125,2.8650050809746777,3,C T E,P,False,False,3.227504253387451,0.87890625,0.7065955400466919,False,1.226203203201294
train-013643-7083889b3b2dc152,12,10,train,8107473954491187538,pointer,C,C,C,True,C,True,False,1.900247573852539,0.125,0.125,0.125,2.866197120499753,1,C T E,P,False,False,3.269716739654541,0.89453125,0.7098243832588196,False,1.2372689247131348
train-013643-7083889b3b2dc152,12,11,train,8107473954491187538,pointer,C,C,E,False,C,True,False,2.35040020942688,-0.5,0.1875,0.1875,2.859285047089906,3,C T E,P,False,False,3.2286839485168457,0.90625,0.7122321724891663,False,1.2456012964248657
train-013643-7083889b3b2dc152,12,12,train,8107473954491187538,pointer,C,C,C,True,C,True,False,1.879537582397461,0.1875,0.1875,0.1875,2.86619100719066,1,C T E,P,False,False,3.2694435119628906,0.9140625,0.7138307690620422,True,0.33710941672325134
train-009819-ea3721f54f8df566,1,1,train,16876995466079630694,pointer,L,E,E,True,E,True,False,7.390948667307384e-06,11.9375,11.9375,11.9375,9.885248563300841e-05,1,E A C,E,True,True,0.0237810667604208,-0.88671875,0.29178744554519653,True,1.2317297458648682
train-009819-ea3721f54f8df566,1,2,train,16876995466079630694,pointer,L,J,,,E,False,True,,,-7.0,7.0,0.019146780493343528,,J E I,L,,False,,-0.51953125,0.3729618489742279,,
train-009819-ea3721f54f8df566,1,3,train,16876995466079630694,pointer,L,J,,,E,False,True,,,-2.1875,0.0,2.2502969871595018,,J X D,W,,False,,-0.00592041015625,0.4985198676586151,,
train-009819-ea3721f54f8df566,1,4,train,16876995466079630694,pointer,L,J,,,E,False,True,,,-1.4375,0.125,2.6941967553196893,,J X Z,J,,True,,0.375,0.5926666259765625,,
train-009819-ea3721f54f8df566,1,5,train,16876995466079630694,pointer,L,J,,,E,False,True,,,-1.25,0.0,2.761868747712064,,J X D,P,,False,,0.60546875,0.6469064354896545,,
train-009819-ea3721f54f8df566,1,6,train,16876995466079630694,pointer,L,J,,,E,False,True,,,-1.25,0.0625,2.7543495332700734,,J X D,P,,False,,0.7421875,0.6774740219116211,,
train-009819-ea3721f54f8df566,1,7,train,16876995466079630694,pointer,L,J,,,E,False,True,,,-1.1875,0.0,2.761910135888424,,J X D,P,,False,,0.8203125,0.6943026781082153,,
train-009819-ea3721f54f8df566,1,8,train,16876995466079630694,pointer,L,J,,,E,False,True,,,-1.25,0.0625,2.755737085966487,,J X D,P,,False,,0.87109375,0.7049732804298401,,
train-009819-ea3721f54f8df566,1,9,train,16876995466079630694,pointer,L,J,,,E,False,True,,,-1.1875,0.0,2.7606892396055014,,J X D,P,,False,,0.8984375,0.7106282711029053,,
train-009819-ea3721f54f8df566,1,10,train,16876995466079630694,pointer,L,J,,,E,False,True,,,-1.1875,0.0625,2.758870716260554,,J X D,P,,False,,0.9140625,0.7138307690620422,,
train-009819-ea3721f54f8df566,1,11,train,16876995466079630694,pointer,L,J,,,E,False,True,,,-1.1875,0.0,2.764076367679334,,J X D,P,,False,,0.92578125,0.7162185907363892,,
train-009819-ea3721f54f8df566,1,12,train,16876995466079630694,pointer,L,J,,,E,False,True,,,-1.1875,0.0625,2.7602568643475904,,J X D,P,,False,,0.93359375,0.7178038358688354,,
train-032293-df1a7f6a1875f360,2,1,train,16076301913506050912,pointer,K,E,E,True,V,False,False,1.2278481335670222e-05,11.40625,-20.09375,11.40625,0.00015656542654524894,1,E A D,E,True,True,0.017616352066397667,-0.87109375,0.2950267493724823,False,0.34959542751312256
train-032293-df1a7f6a1875f360,2,2,train,16076301913506050912,pointer,K,V,V,True,V,True,False,0.16288287937641144,3.0,3.0,3.0,0.7932092345459129,1,V I W,L,False,False,3.7393739223480225,-0.52734375,0.3711366057395935,True,0.9911850094795227
train-032293-df1a7f6a1875f360,2,3,train,16076301913506050912,pointer,K,W,,,V,False,True,,,-2.875,0.0625,2.253471023744918,,W Q I,W,,True,,-0.020263671875,0.4949342608451843,,
train-032293-df1a7f6a1875f360,2,4,train,16076301913506050912,pointer,K,Q,,,V,False,True,,,-1.625,0.3125,3.031988214326304,,Q W I,P,,False,,0.357421875,0.5884162187576294,,
train-032293-df1a7f6a1875f360,2,5,train,16076301913506050912,pointer,K,Q,,,V,False,True,,,-1.25,0.375,3.1692569136815885,,Q W I,P,,False,,0.58984375,0.6433292627334595,,
train-032293-df1a7f6a1875f360,2,6,train,16076301913506050912,pointer,K,Q,,,V,False,True,,,-1.1875,0.4375,3.1830955565306924,,Q W I,P,,False,,0.7265625,0.6740504503250122,,
train-032293-df1a7f6a1875f360,2,7,train,16076301913506050912,pointer,K,Q,,,V,False,True,,,-1.125,0.375,3.1925640141304945,,Q W I,P,,False,,0.8046875,0.6909762620925903,,
train-032293-df1a7f6a1875f360,2,8,train,16076301913506050912,pointer,K,Q,,,V,False,True,,,-1.125,0.375,3.1924054461709193,,Q W I,P,,False,,0.8515625,0.700894832611084,,
train-032293-df1a7f6a1875f360,2,9,train,16076301913506050912,pointer,K,Q,,,V,False,True,,,-1.125,0.4375,3.190955184815584,,Q W I,P,,False,,0.87890625,0.7065955400466919,,
train-032293-df1a7f6a1875f360,2,10,train,16076301913506050912,pointer,K,Q,,,V,False,True,,,-1.125,0.4375,3.1902705670096885,,Q W I,P,,False,,0.89453125,0.7098243832588196,,
train-032293-df1a7f6a1875f360,2,11,train,16076301913506050912,pointer,K,Q,,,V,False,True,,,-1.125,0.375,3.1925024938286923,,Q W I,P,,False,,0.90625,0.7122321724891663,,
train-032293-df1a7f6a1875f360,2,12,train,16076301913506050912,pointer,K,Q,,,V,False,True,,,-1.1875,0.4375,3.1887988340889937,,Q W I,P,,False,,0.91015625,0.7130321860313416,,
train-034436-256b6d7f82ba5763,3,1,train,2696369196332898147,pointer,P,Q,Q,True,T,False,False,8.344646857949556e-07,14.75,-22.625,14.75,1.5580380946374394e-05,1,Q A B,Q,True,True,0.05281480401754379,-0.99609375,0.26971012353897095,False,0.31431376934051514
train-034436-256b6d7f82ba5763,3,2,train,2696369196332898147,pointer,P,X,X,True,T,False,False,0.006888569798320532,5.3125,-5.3125,5.3125,0.05065766650531259,1,X T D,X,True,True,2.471266508102417,-0.578125,0.3593641221523285,False,0.4452941417694092
train-034436-256b6d7f82ba5763,3,3,train,2696369196332898147,pointer,P,H,T,False,T,False,False,2.338904619216919,-0.875,-0.875,0.4375,2.7071125393826434,4,H M X,W,False,False,3.087092399597168,-0.057861328125,0.4855387210845947,True,0.7224962711334229
train-034436-256b6d7f82ba5763,3,4,train,2696369196332898147,pointer,P,H,,,T,False,True,,,-0.1875,0.0625,3.161953438706112,,H M T,D,,False,,0.330078125,0.5817784070968628,,
train-034436-256b6d7f82ba5763,3,5,train,2696369196332898147,pointer,P,H,,,T,False,True,,,0.0,0.0,3.2080737310096525,,H T M,P,,False,,0.56640625,0.6379335522651672,,
train-034436-256b6d7f82ba5763,3,6,train,2696369196332898147,pointer,P,T,,,T,True,True,,,0.125,0.125,3.2122555219863766,,T H M,P,,False,,0.703125,0.66888028383255,,
train-034436-256b6d7f82ba5763,3,7,train,2696369196332898147,pointer,P,T,,,T,True,True,,,0.125,0.125,3.2122140834036124,,T H M,P,,False,,0.78515625,0.6867902874946594,,
train-034436-256b6d7f82ba5763,3,8,train,2696369196332898147,pointer,P,T,,,T,True,True,,,0.125,0.125,3.2139543477833405,,T H M,P,,False,,0.83203125,0.696784257888794,,
train-034436-256b6d7f82ba5763,3,9,train,2696369196332898147,pointer,P,T,,,T,True,True,,,0.125,0.125,3.212873572933893,,T H M,P,,False,,0.86328125,0.703345775604248,,
train-034436-256b6d7f82ba5763,3,10,train,2696369196332898147,pointer,P,T,,,T,True,True,,,0.0625,0.0625,3.2127954665074476,,T H M,P,,False,,0.87890625,0.7065955400466919,,
train-034436-256b6d7f82ba5763,3,11,train,2696369196332898147,pointer,P,T,,,T,True,True,,,0.0625,0.0625,3.2123037994104173,,T H M,P,,False,,0.88671875,0.7082125544548035,,
train-034436-256b6d7f82ba5763,3,12,train,2696369196332898147,pointer,P,T,,,T,True,True,,,0.125,0.125,3.214418852183824,,T H M,P,,False,,0.89453125,0.7098243832588196,,
train-001236-2b1edb1fa7ee3309,4,1,train,3107161721940095753,pointer,L,V,V,True,P,False,False,4.6491513785440475e-06,13.390625,-19.0625,13.390625,7.443743838692045e-05,1,V R D,V,True,True,0.03149503469467163,-0.97265625,0.2743513584136963,False,0.32068932056427
train-001236-2b1edb1fa7ee3309,4,2,train,3107161721940095753,pointer,L,G,G,True,P,False,False,0.017079530283808708,5.5,-7.875,5.5,0.12752207429320436,1,G F J,X,False,False,3.446420907974243,-0.54296875,0.3674972355365753,False,0.4580707550048828
train-001236-2b1edb1fa7ee3309,4,3,train,3107161721940095753,pointer,L,G,T,False,P,False,False,1.3931620121002197,-0.0625,-0.75,0.0625,2.3984882047702607,2,G T P,W,False,False,3.040893793106079,-0.0245361328125,0.4938662648200989,False,0.6809543371200562
train-001236-2b1edb1fa7ee3309,4,4,train,3107161721940095753,pointer,L,M,P,False,P,False,False,2.56773042678833,-0.625,-0.625,0.4375,3.041795910514237,3,M G P,U,False,False,3.1192846298217773,0.353515625,0.5874698758125305,True,0.5319303274154663
train-001236-2b1edb1fa7ee3309,4,5,train,3107161721940095753,pointer,L,M,,,P,False,True,,,-0.75,0.75,3.0929677104847872,,M G P,U,,False,,0.58203125,0.6415346264839172,,
train-001236-2b1edb1fa7ee3309,4,6,train,3107161721940095753,pointer,L,M,,,P,False,True,,,-0.75,0.6875,3.107494986896921,,M G P,P,,False,,0.71484375,0.671470582485199,,
train-001236-2b1edb1fa7ee3309,4,7,train,3107161721940095753,pointer,L,M,,,P,False,True,,,-0.75,0.6875,3.112005819494388,,M G P,P,,False,,0.79296875,0.6884684562683105,,
train-001236-2b1edb1fa7ee3309,4,8,train,3107161721940095753,pointer,L,M,,,P,False,True,,,-0.75,0.75,3.1107270884625047,,M G P,P,,False,,0.83984375,0.6984323263168335,,
train-001236-2b1edb1fa7ee3309,4,9,train,3107161721940095753,pointer,L,M,,,P,False,True,,,-0.75,0.6875,3.1110918893648005,,M G P,P,,False,,0.8671875,0.7041601538658142,,
train-001236-2b1edb1fa7ee3309,4,10,train,3107161721940095753,pointer,L,M,,,P,False,True,,,-0.75,0.75,3.1099479172548126,,M G P,P,,False,,0.8828125,0.7074047327041626,,
train-001236-2b1edb1fa7ee3309,4,11,train,3107161721940095753,pointer,L,M,,,P,False,True,,,-0.75,0.6875,3.1130276570496203,,M G P,P,,False,,0.89453125,0.7098243832588196,,
train-001236-2b1edb1fa7ee3309,4,12,train,3107161721940095753,pointer,L,M,,,P,False,True,,,-0.75,0.6875,3.111145056324907,,M G P,P,,False,,0.8984375,0.7106282711029053,,
train-004081-a94953a1e320f07a,5,1,train,12198373020475125882,pointer,S,Q,Q,True,X,False,False,3.576278118089249e-07,15.890625,-23.6875,15.890625,5.524159187165279e-06,1,Q A K,Q,True,True,0.06517595052719116,-0.99609375,0.26971012353897095,False,0.31431376934051514
train-004081-a94953a1e320f07a,5,2,train,12198373020475125882,pointer,S,L,L,True,X,False,False,0.0008154166280291975,7.125,-18.65625,7.125,0.006694424858029113,1,L H D,X,False,False,2.7068724632263184,-0.57421875,0.36026397347450256,False,0.4466996192932129
train-004081-a94953a1e320f07a,5,3,train,12198373020475125882,pointer,S,H,H,True,X,False,False,0.9120774269104004,1.3125,-4.1875,1.3125,2.304695264974514,1,H L G,J,False,False,3.343353271484375,-0.048828125,0.4877954125404358,False,0.6690310835838318
train-004081-a94953a1e320f07a,5,4,train,12198373020475125882,pointer,S,H,V,False,X,False,False,2.4078736305236816,-0.125,-1.625,0.125,3.140864661551901,2,H V L,P,False,False,3.2003743648529053,0.33203125,0.5822535157203674,False,0.8728805780410767
train-004081-a94953a1e320f07a,5,5,train,12198373020475125882,pointer,S,H,X,False,X,False,False,3.6951863765716553,-1.0625,-1.0625,0.0625,3.203853443459779,24,H V L,U,False,False,3.2915444374084473,0.5625,0.6370307803153992,True,0.45093727111816406
train-004081-a94953a1e320f07a,5,6,train,12198373020475125882,pointer,S,H,,,X,False,True,,,-0.875,0.0,3.2131234768199413,,H L V,P,,False,,0.6953125,0.6671476364135742,,
train-004081-a94953a1e320f07a,5,7,train,12198373020475125882,pointer,S,H,,,X,False,True,,,-0.9375,0.0,3.2138808198812723,,H V L,P,,False,,0.7734375,0.6842640042304993,,
train-004081-a94953a1e320f07a,5,8,train,12198373020475125882,pointer,S,H,,,X,False,True,,,-0.9375,0.0625,3.211831901266803,,H L V,P,,False,,0.8203125,0.6943026781082153,,
train-004081-a94953a1e320f07a,5,9,train,12198373020475125882,pointer,S,H,,,X,False,True,,,-0.875,0.0,3.2143153406827043,,H L V,P,,False,,0.84765625,0.7000752091407776,,
train-004081-a94953a1e320f07a,5,10,train,12198373020475125882,pointer,S,H,,,X,False,True,,,-0.875,0.0,3.21526832500172,,H V L,P,,False,,0.8671875,0.7041601538658142,,
train-004081-a94953a1e320f07a,5,11,train,12198373020475125882,pointer,S,H,,,X,False,True,,,-0.875,0.0,3.215128076163772,,H V L,P,,False,,0.875,0.7057850360870361,,
train-004081-a94953a1e320f07a,5,12,train,12198373020475125882,pointer,S,H,,,X,False,True,,,-0.875,0.0,3.2135735117570685,,H L V,P,,False,,0.8828125,0.7074047327041626,,
train-033557-44eacc919581c788,6,1,train,4966006464780027784,pointer,Y,P,P,True,O,False,False,1.8715683836489916e-05,11.5,-17.4375,11.5,0.0002516996244192816,1,P A C,P,True,True,0.001959905494004488,-1.015625,0.2658804655075073,False,0.3090834617614746
train-033557-44eacc919581c788,6,2,train,4966006464780027784,pointer,Y,H,H,True,O,False,False,0.010280866175889969,4.9375,-9.75,4.9375,0.06988752479004225,1,H P J,X,False,False,3.561170816421509,-0.609375,0.35220175981521606,False,0.434175968170166
train-033557-44eacc919581c788,6,3,train,4966006464780027784,pointer,Y,S,E,False,O,False,False,2.7408535480499268,-0.6875,-1.8125,0.375,3.11296996647806,3,S R E,G,False,False,3.3924810886383057,-0.0751953125,0.48121002316474915,False,0.6562561392784119
train-033557-44eacc919581c788,6,4,train,4966006464780027784,pointer,Y,S,J,False,O,False,False,3.3926353454589844,-0.625,-0.6875,0.25,3.238378382479607,17,S E W,P,False,False,3.1848208904266357,0.310546875,0.5770187377929688,False,0.8604273796081543
train-033557-44eacc919581c788,6,5,train,4966006464780027784,pointer,Y,S,U,False,O,False,False,3.5147087574005127,-0.5625,-0.5,0.0625,3.242017108768073,25,S T Y,P,False,False,3.164529323577881,0.54296875,0.6325027346611023,False,1.0010395050048828
train-033557-44eacc919581c788,6,6,train,4966006464780027784,pointer,Y,S,O,False,O,False,False,3.438978672027588,-0.4375,-0.4375,0.0,3.2434041167359022,22,S T E,P,False,False,3.2741799354553223,0.6796875,0.6636689305305481,True,0.40997180342674255
train-033557-44eacc919581c788,6,7,train,4966006464780027784,pointer,Y,S,,,O,False,True,,,-0.4375,0.0,3.243857562006799,,S T Y,P,,False,,0.76171875,0.6817268133163452,,
train-033557-44eacc919581c788,6,8,train,4966006464780027784,pointer,Y,T,,,O,False,True,,,-0.4375,0.0625,3.2445568011444963,,T S Y,P,,False,,0.80859375,0.6918097138404846,,
train-033557-44eacc919581c788,6,9,train,4966006464780027784,pointer,Y,T,,,O,False,True,,,-0.4375,0.0625,3.243917978651132,,T S Y,P,,False,,0.8359375,0.6976089477539062,,
train-033557-44eacc919581c788,6,10,train,4966006464780027784,pointer,Y,S,,,O,False,True,,,-0.4375,0.0,3.2434972838076623,,S T Y,P,,False,,0.8515625,0.700894832611084,,
train-033557-44eacc919581c788,6,11,train,4966006464780027784,pointer,Y,T,,,O,False,True,,,-0.4375,0.0625,3.242375167161131,,T S Y,P,,False,,0.86328125,0.703345775604248,,
train-033557-44eacc919581c788,6,12,train,4966006464780027784,pointer,Y,S,,,O,False,True,,,-0.4375,0.0,3.2433426372740293,,S T Y,P,,False,,0.8671875,0.7041601538658142,,
train-004074-469e2a776b001a6f,8,1,train,5088551321359882863,pointer,A,H,H,True,N,False,False,2.6464111215318553e-05,11.53125,-18.2734375,11.53125,0.0003625070702563329,1,H G I,H,True,True,0.00941408984363079,-0.91015625,0.2869678735733032,False,0.33822882175445557
train-004074-469e2a776b001a6f,8,2,train,5088551321359882863,pointer,A,O,O,True,N,False,False,0.020990723744034767,3.875,-9.5625,3.875,0.10439600037472001,1,O M D,X,False,False,3.7564165592193604,-0.5625,0.36296918988227844,False,0.45093727111816406
train-004074-469e2a776b001a6f,8,3,train,5088551321359882863,pointer,A,M,M,True,N,False,False,1.0194288492202759,0.5,-3.0,0.5,2.305090927131573,1,M O D,D,False,False,3.2523491382598877,-0.06201171875,0.48450201749801636,False,0.6626219153404236
train-004074-469e2a776b001a6f,8,4,train,5088551321359882863,pointer,A,M,F,False,N,False,False,3.6084959506988525,-1.6875,-1.625,0.5625,3.098861515932263,18,M O D,D,False,False,3.388566732406616,0.31640625,0.5784481763839722,False,0.8638125658035278
train-004074-469e2a776b001a6f,8,5,train,5088551321359882863,pointer,A,M,L,False,N,False,False,3.3917059898376465,-1.0,-1.0,0.4375,3.2032427140508846,14,M D O,P,False,False,3.2495498657226562,0.55078125,0.6343168616294861,False,1.0059880018234253
train-004074-469e2a776b001a6f,8,6,train,5088551321359882863,pointer,A,M,Z,False,N,False,False,3.2058141231536865,-0.6875,-0.8125,0.3125,3.214223427818211,12,M O D,P,False,False,3.2314109802246094,0.69140625,0.666279673576355,False,1.0974520444869995
train-004074-469e2a776b001a6f,8,7,train,5088551321359882863,pointer,A,M,K,False,N,False,False,3.196347951889038,-0.625,-0.75,0.3125,3.2195473677083744,9,M D O,P,False,False,3.4268832206726074,0.77734375,0.6851073503494263,False,1.1555235385894775
train-004074-469e2a776b001a6f,8,8,train,5088551321359882863,pointer,A,M,N,False,N,False,False,3.3172214031219482,-0.75,-0.75,0.3125,3.2187647927694534,14,M D O,P,False,False,3.280238628387451,0.82421875,0.6951311230659485,True,0.3636547923088074
train-004074-469e2a776b001a6f,8,9,train,5088551321359882863,pointer,A,M,,,N,False,True,,,-0.75,0.3125,3.2195695302030423,,M D O,P,,False,,0.85546875,0.7017130851745605,,
train-004074-469e2a776b001a6f,8,10,train,5088551321359882863,pointer,A,M,,,N,False,True,,,-0.75,0.3125,3.2202756541757247,,M D O,P,,False,,0.87109375,0.7049732804298401,,
train-004074-469e2a776b001a6f,8,11,train,5088551321359882863,pointer,A,M,,,N,False,True,,,-0.75,0.3125,3.2202756541757247,,M D O,P,,False,,0.8828125,0.7074047327041626,,
train-004074-469e2a776b001a6f,8,12,train,5088551321359882863,pointer,A,M,,,N,False,True,,,-0.75,0.3125,3.2202756541757247,,M D O,P,,False,,0.890625,0.709019124507904,,
train-026854-5873933bbf314402,10,1,train,6373599782479414274,pointer,Q,N,N,True,N,True,False,0.00030763185350224376,8.625,8.625,8.625,0.0033176353486472432,1,N B Q,N,True,True,0.012386656366288662,-0.890625,0.29098084568977356,False,0.3438727855682373
train-026854-5873933bbf314402,10,2,train,6373599782479414274,pointer,Q,E,E,True,N,False,False,0.0004782725009135902,8.5,-10.5625,8.5,0.004982800287517793,1,E D C,X,False,False,3.167088747024536,-0.52734375,0.3711366057395935,False,0.4638412594795227
train-026854-5873933bbf314402,10,3,train,6373599782479414274,pointer,Q,Q,Q,True,N,False,False,1.4986611604690552,0.125,-1.9375,0.125,2.5823855627577665,1,Q E G,T,False,False,3.2788050174713135,-0.0111083984375,0.497222900390625,False,0.6876084208488464
train-026854-5873933bbf314402,10,4,train,6373599782479414274,pointer,Q,Q,N,False,N,False,False,3.2939870357513428,-1.4375,-1.4375,0.4375,2.925814475318539,8,Q A E,P,False,False,3.3748717308044434,0.36328125,0.5898345112800598,False,0.8911945223808289
train-026854-5873933bbf314402,10,5,train,6373599782479414274,pointer,Q,Q,E,False,N,False,False,2.509847640991211,-0.4375,-1.0,0.1875,3.027776742011099,3,Q A E,P,False,False,3.085853099822998,0.58984375,0.6433292627334595,False,1.0309423208236694
train-026854-5873933bbf314402,10,6,train,6373599782479414274,pointer,Q,Q,Q,True,N,False,False,2.0489304065704346,0.25,-1.0,0.25,3.0386720551985955,1,Q A E,P,False,False,3.23757004737854,0.71875,0.672331690788269,False,1.115753412246704
train-026854-5873933bbf314402,10,7,train,6373599782479414274,pointer,Q,Q,N,False,N,False,False,3.047053813934326,-0.9375,-0.9375,0.1875,3.0450964738710518,7,Q A E,P,False,False,3.299957513809204,0.796875,0.6893056035041809,False,1.168945550918579
train-026854-5873933bbf314402,10,8,train,6373599782479414274,pointer,Q,Q,E,False,N,False,False,2.5410916805267334,-0.4375,-0.9375,0.1875,3.046248216433815,3,Q A E,P,False,False,3.0918140411376953,0.84375,0.6992544531822205,False,1.2014906406402588
train-026854-5873933bbf314402,10,9,train,6373599782479414274,pointer,Q,Q,Q,True,N,False,False,2.1118698120117188,0.1875,-0.9375,0.1875,3.0458284525615196,1,Q A E,P,False,False,3.2568604946136475,0.87109375,0.7049732804298401,False,1.2206891775131226
train-026854-5873933bbf314402,10,10,train,6373599782479414274,pointer,Q,Q,N,False,N,False,False,3.0248665809631348,-0.9375,-0.9375,0.1875,3.0443540105887283,7,Q A E,P,False,False,3.2908339500427246,0.88671875,0.7082125544548035,True,0.3450109660625458
train-026854-5873933bbf314402,10,11,train,6373599782479414274,pointer,Q,Q,,,N,False,True,,,-0.9375,0.1875,3.047046018330554,,Q A E,P,,False,,0.89453125,0.7098243832588196,,
train-026854-5873933bbf314402,10,12,train,6373599782479414274,pointer,Q,Q,,,N,False,True,,,-0.9375,0.1875,3.047046018330554,,Q A E,P,,False,,0.8984375,0.7106282711029053,,
train-011168-87293f2ee627e44d,12,1,train,9739385139827827789,pointer,X,N,N,True,C,False,False,0.00011205045302631333,9.875,-14.96875,9.875,0.0013503638500923904,1,N Q B,N,True,True,0.009526034817099571,-0.89453125,0.2901756167411804,False,0.34273767471313477
train-011168-87293f2ee627e44d,12,2,train,9739385139827827789,pointer,X,U,U,True,C,False,False,0.0003828269545920193,9.75,-11.5625,9.75,0.004442829195272291,1,U N Z,X,False,False,3.2801082134246826,-0.53125,0.37022536993026733,False,0.46239328384399414
train-011168-87293f2ee627e44d,12,3,train,9739385139827827789,pointer,X,I,A,False,C,False,False,2.436465263366699,-1.25,-2.8125,1.25,2.7543913776752653,2,I A J,J,False,False,3.650188684463501,-0.022705078125,0.4943239390850067,False,0.6818590760231018
train-011168-87293f2ee627e44d,12,4,train,9739385139827827789,pointer,X,I,I,True,C,False,False,2.363603353500366,0.25,-1.125,0.25,3.1968138198550005,1,I A J,P,False,False,3.0708703994750977,0.353515625,0.5874698758125305,False,0.8854459524154663
train-011168-87293f2ee627e44d,12,5,train,9739385139827827789,pointer,X,I,J,False,C,False,False,3.0138585567474365,-0.3125,-0.6875,0.0625,3.2287989181592183,4,I A T,P,False,False,3.221724033355713,0.58203125,0.6415346264839172,False,1.025923252105713
train-011168-87293f2ee627e44d,12,6,train,9739385139827827789,pointer,X,I,G,False,C,False,False,3.1549222469329834,-0.375,-0.5625,0.0625,3.235185933980989,6,I A T,P,False,False,3.219717264175415,0.71484375,0.671470582485199,False,1.113128900527954
train-011168-87293f2ee627e44d,12,7,train,9739385139827827789,pointer,X,I,V,False,C,False,False,3.3802692890167236,-0.625,-0.5625,0.0625,3.2332668918125282,18,I A T,P,False,False,3.234692096710205,0.79296875,0.6884684562683105,False,1.1662545204162598
train-011168-87293f2ee627e44d,12,8,train,9739385139827827789,pointer,X,I,R,False,C,False,False,3.503204822540283,-0.75,-0.5625,0.0625,3.232901331856702,24,I A T,P,False,False,3.5266129970550537,0.83984375,0.6984323263168335,False,1.198760747909546
train-011168-87293f2ee627e44d,12,9,train,9739385139827827789,pointer,X,I,B,False,C,False,False,3.1045098304748535,-0.3125,-0.5625,0.0625,3.235203203701289,5,I A T,P,False,False,3.2253804206848145,0.86328125,0.703345775604248,False,1.2151880264282227
train-011168-87293f2ee627e44d,12,10,train,9739385139827827789,pointer,X,I,Y,False,C,False,False,3.4218032360076904,-0.625,-0.5625,0.0625,3.235316675295462,22,I A T,P,False,False,3.3784902095794678,0.87890625,0.7065955400466919,False,1.226203203201294
train-011168-87293f2ee627e44d,12,11,train,9739385139827827789,pointer,X,I,W,False,C,False,False,3.414754629135132,-0.625,-0.5625,0.0625,3.2350076824279697,21,I A T,P,False,False,3.2387356758117676,0.890625,0.709019124507904,False,1.2344977855682373
train-011168-87293f2ee627e44d,12,12,train,9739385139827827789,pointer,X,I,C,False,C,False,False,3.3669049739837646,-0.625,-0.625,0.0625,3.2320148721178206,15,I A T,P,False,False,3.4131174087524414,0.89453125,0.7098243832588196,True,0.34273770451545715
train-024255-99b2b8f40a41b8fb,1,1,train,11075117791941081339,pointer,L,J,J,True,J,True,False,5.245195097813848e-06,12.875,12.875,12.875,7.658624152964772e-05,1,J A B,J,True,True,0.009797343984246254,-0.94140625,0.2806163728237152,True,1.2707667350769043
train-024255-99b2b8f40a41b8fb,1,2,train,11075117791941081339,pointer,L,R,,,J,False,True,,,-1.75,0.9375,1.8867745300525012,,R A Y,X,,False,,-0.55078125,0.3656831681728363,,
train-024255-99b2b8f40a41b8fb,1,3,train,11075117791941081339,pointer,L,R,,,J,False,True,,,-1.875,0.625,2.725492560472837,,R Y U,J,,False,,-0.0556640625,0.4860875904560089,,
train-024255-99b2b8f40a41b8fb,1,4,train,11075117791941081339,pointer,L,R,,,J,False,True,,,-0.75,0.125,3.044461430464227,,R Y L,J,,False,,0.3359375,0.5832033753395081,,
train-024255-99b2b8f40a41b8fb,1,5,train,11075117791941081339,pointer,L,R,,,J,False,True,,,-0.3125,0.0,3.0904864022413587,,R Y L,P,,False,,0.58203125,0.6415346264839172,,
train-024255-99b2b8f40a41b8fb,1,6,train,11075117791941081339,pointer,L,L,,,J,False,True,,,-0.25,0.0625,3.095793865699748,,L R Y,P,,False,,0.7265625,0.6740504503250122,,
train-024255-99b2b8f40a41b8fb,1,7,train,11075117791941081339,pointer,L,L,,,J,False,True,,,-0.25,0.0625,3.098616016220187,,L Y R,P,,False,,0.81640625,0.6934729218482971,,
train-024255-99b2b8f40a41b8fb,1,8,train,11075117791941081339,pointer,L,L,,,J,False,True,,,-0.25,0.0625,3.1010588298253725,,L R Y,P,,False,,0.8671875,0.7041601538658142,,
train-024255-99b2b8f40a41b8fb,1,9,train,11075117791941081339,pointer,L,L,,,J,False,True,,,-0.3125,0.0625,3.094574846280202,,L Y R,P,,False,,0.8984375,0.7106282711029053,,
train-024255-99b2b8f40a41b8fb,1,10,train,11075117791941081339,pointer,L,L,,,J,False,True,,,-0.25,0.0625,3.100061300070522,,L R Y,P,,False,,0.9140625,0.7138307690620422,,
train-024255-99b2b8f40a41b8fb,1,11,train,11075117791941081339,pointer,L,L,,,J,False,True,,,-0.25,0.0625,3.0970586485639124,,L Y R,P,,False,,0.92578125,0.7162185907363892,,
train-024255-99b2b8f40a41b8fb,1,12,train,11075117791941081339,pointer,L,L,,,J,False,True,,,-0.25,0.0625,3.100339718219688,,L Y R,P,,False,,0.93359375,0.7178038358688354,,
train-015292-8519a988adcd4869,2,1,train,9590883285958740073,pointer,W,P,P,True,I,False,False,1.311301275563892e-06,14.03125,-18.390625,14.03125,2.1565819109311822e-05,1,P A Q,P,True,True,0.0006603206275030971,-0.98828125,0.27125170826911926,False,0.3164268732070923
train-015292-8519a988adcd4869,2,2,train,9590883285958740073,pointer,W,I,I,True,I,True,False,0.0038661037106066942,6.125,6.125,6.125,0.030363245102600862,1,I Y J,X,False,False,2.95712947845459,-0.58984375,0.35667070746421814,True,1.0309423208236694
train-015292-8519a988adcd4869,2,3,train,9590883285958740073,pointer,W,O,,,I,False,True,,,-1.5625,0.5,3.0202474447776746,,O M F,G,,False,,-0.07275390625,0.4818195700645447,,
train-015292-8519a988adcd4869,2,4,train,9590883285958740073,pointer,W,M,,,I,False,True,,,-0.9375,0.3125,3.1963725436611488,,M D O,U,,False,,0.314453125,0.5779718160629272,,
train-015292-8519a988adcd4869,2,5,train,9590883285958740073,pointer,W,M,,,I,False,True,,,-0.5625,0.1875,3.2260125744544315,,M D F,P,,False,,0.5546875,0.6352224349975586,,
train-015292-8519a988adcd4869,2,6,train,9590883285958740073,pointer,W,M,,,I,False,True,,,-0.5,0.1875,3.2306523380177263,,M D Z,P,,False,,0.6953125,0.6671476364135742,,
train-015292-8519a988adcd4869,2,7,train,9590883285958740073,pointer,W,M,,,I,False,True,,,-0.5,0.1875,3.2306514019450954,,M D Z,P,,False,,0.77734375,0.6851073503494263,,
train-015292-8519a988adcd4869,2,8,train,9590883285958740073,pointer,W,M,,,I,False,True,,,-0.4375,0.1875,3.2317276286284398,,M D Z,P,,False,,0.82421875,0.6951311230659485,,
train-015292-8519a988adcd4869,2,9,train,9590883285958740073,pointer,W,M,,,I,False,True,,,-0.4375,0.125,3.230752873682038,,M D Z,P,,False,,0.8515625,0.700894832611084,,
train-015292-8519a988adcd4869,2,10,train,9590883285958740073,pointer,W,M,,,I,False,True,,,-0.4375,0.1875,3.2313103560336502,,M D Z,P,,False,,0.87109375,0.7049732804298401,,
train-015292-8519a988adcd4869,2,11,train,9590883285958740073,pointer,W,M,,,I,False,True,,,-0.4375,0.125,3.231523033785682,,M D Z,P,,False,,0.87890625,0.7065955400466919,,
train-015292-8519a988adcd4869,2,12,train,9590883285958740073,pointer,W,M,,,I,False,True,,,-0.4375,0.125,3.2305565731287498,,M D Z,P,,False,,0.88671875,0.7082125544548035,,
train-016931-8160259db0a157c6,3,1,train,9322492587860383686,pointer,B,P,P,True,R,False,False,0.022361978888511658,5.28125,-10.056640625,5.28125,0.15536192620967398,1,P E U,P,True,True,0.0018441352294757962,-0.9375,0.28140562772750854,False,0.3304581642150879
train-016931-8160259db0a157c6,3,2,train,9322492587860383686,pointer,B,L,L,True,R,False,False,0.001529357978142798,7.875,-10.5,7.875,0.015438436675978915,1,L D P,X,False,False,2.8777318000793457,-0.57421875,0.36026397347450256,False,0.4466996192932129
train-016931-8160259db0a157c6,3,3,train,9322492587860383686,pointer,B,L,R,False,R,False,False,3.2431204319000244,-2.5,-2.5,1.1875,2.0139426963506195,5,L D W,T,False,False,3.280789375305176,-0.07275390625,0.4818195700645447,True,0.7301856279373169
train-016931-8160259db0a157c6,3,4,train,9322492587860383686,pointer,B,L,,,R,False,True,,,-1.9375,1.0625,2.4310210951540383,,L D W,I,,False,,0.310546875,0.5770187377929688,,
train-016931-8160259db0a157c6,3,5,train,9322492587860383686,pointer,B,L,,,R,False,True,,,-1.875,1.0,2.5428310112839165,,L D Y,P,,False,,0.55078125,0.6343168616294861,,
train-016931-8160259db0a157c6,3,6,train,9322492587860383686,pointer,B,L,,,R,False,True,,,-1.875,1.0,2.5741441488969476,,L D Y,P,,False,,0.6953125,0.6671476364135742,,
train-016931-8160259db0a157c6,3,7,train,9322492587860383686,pointer,B,L,,,R,False,True,,,-1.875,1.0,2.5657672721399702,,L D Y,P,,False,,0.78125,0.6859495043754578,,
train-016931-8160259db0a157c6,3,8,train,9322492587860383686,pointer,B,L,,,R,False,True,,,-1.875,1.0,2.5741441488969476,,L D Y,P,,False,,0.828125,0.6959583163261414,,
train-016931-8160259db0a157c6,3,9,train,9322492587860383686,pointer,B,L,,,R,False,True,,,-1.875,1.0,2.5612143990658782,,L D Y,P,,False,,0.859375,0.7025300860404968,,
train-016931-8160259db0a157c6,3,10,train,9322492587860383686,pointer,B,L,,,R,False,True,,,-1.875,1.0,2.5733409251180643,,L D W,P,,False,,0.87890625,0.7065955400466919,,
train-016931-8160259db0a157c6,3,11,train,9322492587860383686,pointer,B,L,,,R,False,True,,,-1.8125,1.0,2.588709057601635,,L D Y,P,,False,,0.890625,0.709019124507904,,
train-016931-8160259db0a157c6,3,12,train,9322492587860383686,pointer,B,L,,,R,False,True,,,-1.875,1.0625,2.560246399505792,,L D Y,P,,False,,0.89453125,0.7098243832588196,,
train-025068-98b407ebeb1e1885,4,1,train,11003428499416291461,pointer,J,F,F,True,J,False,False,3.4570634852570947e-06,14.09375,-15.65625,14.09375,5.391959626169206e-05,1,F C R,F,True,True,0.0024597172159701586,-0.87890625,0.2934044897556305,False,0.34729695320129395
train-025068-98b407ebeb1e1885,4,2,train,11003428499416291461,pointer,J,Z,Z,True,J,False,False,0.0037686056457459927,6.25,-6.25,6.25,0.032457732284580196,1,Z J D,P,False,False,3.426934003829956,-0.51171875,0.3747906982898712,False,0.46966880559921265
train-025068-98b407ebeb1e1885,4,3,train,11003428499416291461,pointer,J,F,S,False,J,False,False,2.318307876586914,-0.3125,-0.5625,0.0625,2.832867292863812,4,F Z L,W,False,False,3.3720297813415527,-0.0135498046875,0.4966125786304474,False,0.6863952279090881
train-025068-98b407ebeb1e1885,4,4,train,11003428499416291461,pointer,J,J,J,True,J,True,False,2.0540735721588135,0.375,0.375,0.375,3.0471068436457807,1,J L I,P,False,False,3.2738380432128906,0.35546875,0.5879431366920471,True,0.5311251282691956
train-025068-98b407ebeb1e1885,4,5,train,11003428499416291461,pointer,J,J,,,J,True,True,,,0.4375,0.4375,3.0596215112389697,,J I L,P,,False,,0.578125,0.6406359076499939,,
train-025068-98b407ebeb1e1885,4,6,train,11003428499416291461,pointer,J,J,,,J,True,True,,,0.4375,0.4375,3.0576902921251055,,J I L,P,,False,,0.7109375,0.6706082820892334,,
train-025068-98b407ebeb1e1885,4,7,train,11003428499416291461,pointer,J,J,,,J,True,True,,,0.4375,0.4375,3.0582419867987394,,J I L,P,,False,,0.7890625,0.6876299977302551,,
train-025068-98b407ebeb1e1885,4,8,train,11003428499416291461,pointer,J,J,,,J,True,True,,,0.4375,0.4375,3.055279802865477,,J I K,P,,False,,0.8359375,0.6976089477539062,,
train-025068-98b407ebeb1e1885,4,9,train,11003428499416291461,pointer,J,J,,,J,True,True,,,0.4375,0.4375,3.059087618211581,,J I K,P,,False,,0.8671875,0.7041601538658142,,
train-025068-98b407ebeb1e1885,4,10,train,11003428499416291461,pointer,J,J,,,J,True,True,,,0.4375,0.4375,3.0639042849693188,,J I L,P,,False,,0.8828125,0.7074047327041626,,
train-025068-98b407ebeb1e1885,4,11,train,11003428499416291461,pointer,J,J,,,J,True,True,,,0.4375,0.4375,3.0574236653823665,,J I K,P,,False,,0.89453125,0.7098243832588196,,
train-025068-98b407ebeb1e1885,4,12,train,11003428499416291461,pointer,J,J,,,J,True,True,,,0.4375,0.4375,3.060133434913993,,J I L,P,,False,,0.8984375,0.7106282711029053,,
train-024799-9b5a7074237022e7,5,1,train,11194383467895857895,pointer,W,E,E,True,L,False,False,5.793403761344962e-05,10.0625,-14.625,10.0625,0.0006937624013833806,1,E A D,E,True,True,0.04719075560569763,-0.93359375,0.28219619393348694,False,0.3315589427947998
train-024799-9b5a7074237022e7,5,2,train,11194383467895857895,pointer,W,I,I,True,L,False,False,0.010589716024696827,5.875,-7.75,5.875,0.08686920268523746,1,I J A,L,False,False,3.0180511474609375,-0.546875,0.3665897250175476,False,0.456636905670166
train-024799-9b5a7074237022e7,5,3,train,11194383467895857895,pointer,W,N,L,False,L,False,False,1.6307717561721802,-0.375,-0.375,0.375,2.3982630953699133,2,N L K,W,False,False,3.3678476810455322,-0.04833984375,0.487917423248291,False,0.669269323348999
train-024799-9b5a7074237022e7,5,4,train,11194383467895857895,pointer,W,H,N,False,L,False,False,2.317780017852783,-1.1875,-0.8125,0.8125,2.421214587587304,4,H L K,Z,False,False,3.456932544708252,0.326171875,0.5808276534080505,False,0.8694730997085571
train-024799-9b5a7074237022e7,5,5,train,11194383467895857895,pointer,W,H,L,False,L,False,False,2.035335063934326,-0.9375,-0.9375,0.9375,2.4249339399352197,2,H L K,Z,False,False,3.2261149883270264,0.55859375,0.6361271142959595,True,0.45235687494277954
train-024799-9b5a7074237022e7,5,6,train,11194383467895857895,pointer,W,H,,,L,False,True,,,-1.0,1.0,2.4228520147988624,,H L K,Z,,False,,0.6953125,0.6671476364135742,,
train-024799-9b5a7074237022e7,5,7,train,11194383467895857895,pointer,W,H,,,L,False,True,,,-1.0,1.0,2.4300800494359907,,H L K,Z,,False,,0.77734375,0.6851073503494263,,
train-024799-9b5a7074237022e7,5,8,train,11194383467895857895,pointer,W,H,,,L,False,True,,,-1.0,1.0,2.4267034806934356,,H L K,Z,,False,,0.82421875,0.6951311230659485,,
train-024799-9b5a7074237022e7,5,9,train,11194383467895857895,pointer,W,H,,,L,False,True,,,-1.0,1.0,2.436545662016646,,H L K,Z,,False,,0.85546875,0.7017130851745605,,
train-024799-9b5a7074237022e7,5,10,train,11194383467895857895,pointer,W,H,,,L,False,True,,,-0.9375,0.9375,2.4522924067137915,,H L K,Z,,False,,0.87109375,0.7049732804298401,,
train-024799-9b5a7074237022e7,5,11,train,11194383467895857895,pointer,W,H,,,L,False,True,,,-0.9375,0.9375,2.4510526054269297,,H L K,Z,,False,,0.8828125,0.7074047327041626,,
train-024799-9b5a7074237022e7,5,12,train,11194383467895857895,pointer,W,H,,,L,False,True,,,-0.9375,0.9375,2.44144022467376,,H L K,Z,,False,,0.88671875,0.7082125544548035,,
train-030524-a6e7463bb3d9a60b,6,1,train,12026658552150599179,pointer,M,P,P,True,Y,False,False,1.4305012882687151e-05,11.5,-16.921875,11.5,0.00019121976179457703,1,P A C,P,True,True,0.000847933697514236,-0.9921875,0.270480215549469,False,0.31536877155303955
train-030524-a6e7463bb3d9a60b,6,2,train,12026658552150599179,pointer,M,B,B,True,Y,False,False,0.011405739933252335,4.9375,-9.0625,4.9375,0.0796243511091474,1,B P D,X,False,False,3.0850911140441895,-0.59765625,0.35488009452819824,False,0.4383190870285034
train-030524-a6e7463bb3d9a60b,6,3,train,12026658552150599179,pointer,M,O,O,True,Y,False,False,1.1867493391036987,1.0625,-2.8125,1.0625,2.7022077423492807,1,O V X,T,False,False,3.486011266708374,-0.08642578125,0.47840696573257446,False,0.6508677005767822
train-030524-a6e7463bb3d9a60b,6,4,train,12026658552150599179,pointer,M,O,C,False,Y,False,False,3.246638774871826,-1.0,-1.0,0.4375,3.1772663149971474,7,O X V,P,False,False,3.3675594329833984,0.306640625,0.5760650634765625,False,0.8581752777099609
train-030524-a6e7463bb3d9a60b,6,5,train,12026658552150599179,pointer,M,O,V,False,Y,False,False,2.988384485244751,-0.375,-0.625,0.1875,3.220655777170825,4,O X F,P,False,False,3.230644464492798,0.55078125,0.6343168616294861,False,1.0059880018234253
train-030524-a6e7463bb3d9a60b,6,6,train,12026658552150599179,pointer,M,O,Y,False,Y,False,False,3.222407817840576,-0.5625,-0.5625,0.1875,3.225369107992659,12,O X B,P,False,False,3.369905948638916,0.6953125,0.6671476364135742,True,0.40474388003349304
train-030524-a6e7463bb3d9a60b,6,7,train,12026658552150599179,pointer,M,O,,,Y,False,True,,,-0.5625,0.1875,3.2263673120412584,,O X B,P,,False,,0.78125,0.6859495043754578,,
train-030524-a6e7463bb3d9a60b,6,8,train,12026658552150599179,pointer,M,O,,,Y,False,True,,,-0.5625,0.1875,3.2260381952139436,,O X B,P,,False,,0.83203125,0.696784257888794,,
train-030524-a6e7463bb3d9a60b,6,9,train,12026658552150599179,pointer,M,O,,,Y,False,True,,,-0.5625,0.1875,3.2245989243796305,,O X B,P,,False,,0.86328125,0.703345775604248,,
train-030524-a6e7463bb3d9a60b,6,10,train,12026658552150599179,pointer,M,O,,,Y,False,True,,,-0.5625,0.125,3.2267725090228683,,O X B,P,,False,,0.87890625,0.7065955400466919,,
train-030524-a6e7463bb3d9a60b,6,11,train,12026658552150599179,pointer,M,O,,,Y,False,True,,,-0.5625,0.1875,3.2273907124655925,,O X B,P,,False,,0.890625,0.709019124507904,,
train-030524-a6e7463bb3d9a60b,6,12,train,12026658552150599179,pointer,M,O,,,Y,False,True,,,-0.625,0.1875,3.224513791839421,,O X B,P,,False,,0.8984375,0.7106282711029053,,
train-020796-d564dde7c3497331,8,1,train,15376659015233270577,pointer,K,E,E,True,B,False,False,2.002696055569686e-05,10.875,-17.296875,10.875,0.00024189171400985763,1,E A C,E,True,True,0.02275347150862217,-0.92578125,0.28378137946128845,False,0.3337697982788086
train-020796-d564dde7c3497331,8,2,train,15376659015233270577,pointer,K,Q,Q,True,B,False,False,0.005589925684034824,5.75,-9.625,5.75,0.04520961681947126,1,Q D J,L,False,False,3.5097079277038574,-0.55859375,0.3638729155063629,False,0.45235681533813477
train-020796-d564dde7c3497331,8,3,train,15376659015233270577,pointer,K,O,O,True,B,False,False,0.9364268779754639,1.0625,-3.4375,1.0625,2.3613254459597766,1,O D Q,W,False,False,3.555185079574585,-0.03857421875,0.4903576374053955,False,0.6740460991859436
train-020796-d564dde7c3497331,8,4,train,15376659015233270577,pointer,K,O,P,False,B,False,False,3.427279233932495,-1.5,-1.625,0.5,3.1049863376071514,13,O D Q,U,False,False,3.130114793777466,0.34375,0.5851011276245117,False,0.8797205090522766
train-020796-d564dde7c3497331,8,5,train,15376659015233270577,pointer,K,O,Y,False,B,False,False,3.5883140563964844,-1.1875,-1.0,0.25,3.194059559073854,21,O D K,U,False,False,3.36584210395813,0.578125,0.6406359076499939,False,1.0234191417694092
train-020796-d564dde7c3497331,8,6,train,15376659015233270577,pointer,K,O,G,False,B,False,False,3.08642840385437,-0.5625,-0.875,0.1875,3.2078711227008414,5,O D K,U,False,False,3.2621779441833496,0.71484375,0.671470582485199,False,1.113128900527954
train-020796-d564dde7c3497331,8,7,train,15376659015233270577,pointer,K,O,M,False,B,False,False,3.4448001384735107,-0.9375,-0.875,0.1875,3.2051515123469123,18,O D K,P,False,False,3.3638768196105957,0.79296875,0.6884684562683105,False,1.1662545204162598
train-020796-d564dde7c3497331,8,8,train,15376659015233270577,pointer,K,O,B,False,B,False,False,3.373504161834717,-0.875,-0.875,0.25,3.206779045378189,14,O D K,P,False,False,3.2518036365509033,0.84375,0.6992544531822205,True,0.3577406406402588
train-020796-d564dde7c3497331,8,9,train,15376659015233270577,pointer,K,O,,,B,False,True,,,-0.875,0.25,3.20672493787891,,O D K,P,,False,,0.87109375,0.7049732804298401,,
train-020796-d564dde7c3497331,8,10,train,15376659015233270577,pointer,K,O,,,B,False,True,,,-0.875,0.25,3.2073670016799993,,O D K,P,,False,,0.88671875,0.7082125544548035,,
train-020796-d564dde7c3497331,8,11,train,15376659015233270577,pointer,K,O,,,B,False,True,,,-0.8125,0.1875,3.2085801685291604,,O D K,P,,False,,0.8984375,0.7106282711029053,,
train-020796-d564dde7c3497331,8,12,train,15376659015233270577,pointer,K,O,,,B,False,True,,,-0.875,0.25,3.210205683567254,,O D K,P,,False,,0.90234375,0.7114308476448059,,
train-001933-375e70f2ba504574,10,1,train,3989750507707057524,pointer,J,K,K,True,R,False,False,6.437280717364047e-06,12.6875,-14.890625,12.6875,9.658521754780784e-05,1,K J A,K,True,True,0.008070951327681541,-0.94140625,0.2806163728237152,False,0.3293604850769043
train-001933-375e70f2ba504574,10,2,train,3989750507707057524,pointer,J,U,U,True,R,False,False,1.9192511899746023e-05,12.0,-16.40625,12.0,0.0002742659484176716,1,U G D,X,False,False,3.4803240299224854,-0.54296875,0.3674972355365753,False,0.4580707550048828
train-001933-375e70f2ba504574,10,3,train,3989750507707057524,pointer,J,G,G,True,R,False,False,1.3530808687210083,1.25,-3.0625,1.25,2.8639099434096953,1,G U L,J,False,False,3.1186442375183105,-0.041015625,0.4897475838661194,False,0.6728496551513672
train-001933-375e70f2ba504574,10,4,train,3989750507707057524,pointer,J,G,M,False,R,False,False,2.992607593536377,-0.1875,-0.75,0.125,3.2347719500808054,3,G L M,I,False,False,3.286165237426758,0.3359375,0.5832033753395081,False,0.8751568794250488
train-001933-375e70f2ba504574,10,5,train,3989750507707057524,pointer,J,G,A,False,R,False,False,3.380642890930176,-0.5,-0.625,0.125,3.238997706553931,17,G K L,U,False,False,3.308180093765259,0.56640625,0.6379335522651672,False,1.0159274339675903
train-001933-375e70f2ba504574,10,6,train,3989750507707057524,pointer,J,G,X,False,R,False,False,3.294715642929077,-0.4375,-0.6875,0.125,3.238313303387173,16,G K M,P,False,False,3.283090114593506,0.703125,0.66888028383255,False,1.1052751541137695
train-001933-375e70f2ba504574,10,7,train,3989750507707057524,pointer,J,G,O,False,R,False,False,3.4629924297332764,-0.625,-0.6875,0.125,3.2358133142153727,21,G K M,P,False,False,3.170332431793213,0.78125,0.6859495043754578,False,1.1582013368606567
train-001933-375e70f2ba504574,10,8,train,3989750507707057524,pointer,J,G,I,False,R,False,False,3.170332908630371,-0.3125,-0.6875,0.125,3.2376909836447894,9,G K M,P,False,False,3.2033495903015137,0.83203125,0.696784257888794,False,1.1933107376098633
train-001933-375e70f2ba504574,10,9,train,3989750507707057524,pointer,J,G,C,False,R,False,False,3.5214345455169678,-0.6875,-0.6875,0.125,3.2375083980073085,23,G K L,P,False,False,3.3989734649658203,0.859375,0.7025300860404968,False,1.21244215965271
train-001933-375e70f2ba504574,10,10,train,3989750507707057524,pointer,J,G,R,False,R,False,False,3.5194032192230225,-0.6875,-0.6875,0.125,3.237124433016714,24,G K L,P,False,False,3.505685329437256,0.87890625,0.7065955400466919,True,0.34729689359664917
train-001933-375e70f2ba504574,10,11,train,3989750507707057524,pointer,J,G,,,R,False,True,,,-0.6875,0.125,3.23694049614612,,G K M,P,,False,,0.88671875,0.7082125544548035,,
train-001933-375e70f2ba504574,10,12,train,3989750507707057524,pointer,J,G,,,R,False,True,,,-0.6875,0.125,3.2367374184606623,,G K M,P,,False,,0.89453125,0.7098243832588196,,
train-009746-13fede6ce2c0ace2,12,1,train,1440833490047249634,pointer,I,M,M,True,A,False,False,9.059865078597795e-06,12.78125,-12.78125,12.78125,0.00013276326073907247,1,M A Q,M,True,True,0.016954127699136734,-0.90234375,0.2885690927505493,False,0.34047698974609375
train-009746-13fede6ce2c0ace2,12,2,train,1440833490047249634,pointer,I,J,J,True,A,False,False,0.01997392810881138,4.25,-9.625,4.25,0.12396274261542073,1,J O M,I,False,False,3.3340930938720703,-0.53515625,0.36931508779525757,False,0.4609488844871521
train-009746-13fede6ce2c0ace2,12,3,train,1440833490047249634,pointer,I,O,O,True,A,False,False,1.554527759552002,0.1875,-2.625,0.1875,2.6276861730712144,1,O J G,I,False,False,3.5112979412078857,-0.0291748046875,0.492706835269928,False,0.6786661744117737
train-009746-13fede6ce2c0ace2,12,4,train,1440833490047249634,pointer,I,G,G,True,A,False,False,2.674386978149414,0.0625,-0.9375,0.0625,3.198546003927724,1,G J M,U,False,False,3.1322226524353027,0.345703125,0.5855752229690552,False,0.8808637857437134
train-009746-13fede6ce2c0ace2,12,5,train,1440833490047249634,pointer,I,G,C,False,A,False,False,3.1474201679229736,-0.3125,-0.6875,0.0,3.2247071963107468,8,G T M,P,False,False,3.3535869121551514,0.57421875,0.6397360563278198,False,1.020918369293213
train-009746-13fede6ce2c0ace2,12,6,train,1440833490047249634,pointer,I,G,V,False,A,False,False,3.517873764038086,-0.6875,-0.6875,0.0,3.2243961353557786,23,G T I,P,False,False,3.2847683429718018,0.70703125,0.6697448492050171,False,1.1078897714614868
train-009746-13fede6ce2c0ace2,12,7,train,1440833490047249634,pointer,I,T,R,False,A,False,False,3.3891615867614746,-0.5625,-0.6875,0.0625,3.2258153014281827,16,T G I,P,False,False,3.5267961025238037,0.78515625,0.6867902874946594,False,1.1608824729919434
train-009746-13fede6ce2c0ace2,12,8,train,1440833490047249634,pointer,I,T,F,False,A,False,False,3.228924512863159,-0.4375,-0.6875,0.0625,3.2250168475588943,10,T G I,P,False,False,3.295179843902588,0.83203125,0.696784257888794,False,1.1933107376098633
train-009746-13fede6ce2c0ace2,12,9,train,1440833490047249634,pointer,I,T,U,False,A,False,False,3.4469821453094482,-0.625,-0.6875,0.0625,3.225574262760894,20,T G I,P,False,False,3.132568836212158,0.859375,0.7025300860404968,False,1.21244215965271
train-009746-13fede6ce2c0ace2,12,10,train,1440833490047249634,pointer,I,T,Y,False,A,False,False,3.4446523189544678,-0.625,-0.6875,0.0625,3.225425759233763,21,T G I,P,False,False,3.396986484527588,0.875,0.7057850360870361,False,1.2234445810317993
train-009746-13fede6ce2c0ace2,12,11,train,1440833490047249634,pointer,I,G,X,False,A,False,False,3.6512808799743652,-0.8125,-0.625,0.0,3.225762552805984,25,G T I,P,False,False,3.2720608711242676,0.88671875,0.7082125544548035,False,1.2317297458648682
train-009746-13fede6ce2c0ace2,12,12,train,1440833490047249634,pointer,I,T,A,False,A,False,False,3.485917568206787,-0.6875,-0.6875,0.0625,3.2273664364770744,21,T G I,P,False,False,3.230785369873047,0.890625,0.709019124507904,True,0.3438727557659149
train-003015-7ce6850f491efb56,1,1,train,9000027206044285782,pointer,M,I,I,True,I,True,False,8.702239938429557e-06,12.9375,12.9375,12.9375,0.00012835134474283445,1,I S A,I,True,True,0.006262796465307474,-0.87890625,0.2934044897556305,True,1.226203203201294
train-003015-7ce6850f491efb56,1,2,train,9000027206044285782,pointer,M,F,,,I,False,True,,,-9.625,9.625,0.0009143263597686373,,F I D,X,,False,,-0.52734375,0.3711366057395935,,
train-003015-7ce6850f491efb56,1,3,train,9000027206044285782,pointer,M,F,,,I,False,True,,,-1.1875,0.1875,3.0591710747233103,,F G J,I,,False,,-0.029296875,0.4926762878894806,,
train-003015-7ce6850f491efb56,1,4,train,9000027206044285782,pointer,M,G,,,I,False,True,,,-0.375,0.0625,3.216529633618131,,G J F,I,,False,,0.34375,0.5851011276245117,,
train-003015-7ce6850f491efb56,1,5,train,9000027206044285782,pointer,M,G,,,I,False,True,,,-0.1875,0.125,3.227821796863539,,G J I,I,,False,,0.56640625,0.6379335522651672,,
train-003015-7ce6850f491efb56,1,6,train,9000027206044285782,pointer,M,G,,,I,False,True,,,-0.1875,0.125,3.2287799900238827,,G J I,P,,False,,0.69921875,0.6680145263671875,,
train-003015-7ce6850f491efb56,1,7,train,9000027206044285782,pointer,M,G,,,I,False,True,,,-0.125,0.125,3.2280438035473664,,G I J,P,,False,,0.77734375,0.6851073503494263,,
train-003015-7ce6850f491efb56,1,8,train,9000027206044285782,pointer,M,G,,,I,False,True,,,-0.1875,0.125,3.2282193914631603,,G J T,P,,False,,0.82421875,0.6951311230659485,,
train-003015-7ce6850f491efb56,1,9,train,9000027206044285782,pointer,M,G,,,I,False,True,,,-0.1875,0.1875,3.226813021489703,,G I J,P,,False,,0.8515625,0.700894832611084,,
train-003015-7ce6850f491efb56,1,10,train,9000027206044285782,pointer,M,G,,,I,False,True,,,-0.1875,0.1875,3.227311797256801,,G I J,P,,False,,0.87109375,0.7049732804298401,,
train-003015-7ce6850f491efb56,1,11,train,9000027206044285782,pointer,M,G,,,I,False,True,,,-0.1875,0.125,3.2280307590108284,,G J T,P,,False,,0.87890625,0.7065955400466919,,
train-003015-7ce6850f491efb56,1,12,train,9000027206044285782,pointer,M,G,,,I,False,True,,,-0.1875,0.125,3.2282193914631603,,G J T,P,,False,,0.88671875,0.7082125544548035,,
train-032401-0d39fad330c459ca,2,1,train,953068581128788426,pointer,C,R,R,True,K,False,False,4.768370445162873e-07,15.90625,-20.4765625,15.90625,9.254382297820248e-06,1,R Q C,R,True,True,0.008471623994410038,-0.9140625,0.28616926074028015,False,0.33710944652557373
train-032401-0d39fad330c459ca,2,2,train,953068581128788426,pointer,C,K,K,True,K,True,False,0.00014959646796341985,9.5,9.5,9.5,0.00176163792664184,1,K T B,X,False,False,3.2719476222991943,-0.51953125,0.3729618489742279,True,0.9862791895866394
train-032401-0d39fad330c459ca,2,3,train,953068581128788426,pointer,C,T,,,K,False,True,,,-1.5,1.0625,2.133975498777291,,T B K,W,,False,,-0.01434326171875,0.4964142143726349,,
train-032401-0d39fad330c459ca,2,4,train,953068581128788426,pointer,C,T,,,K,False,True,,,-0.4375,0.4375,3.0363986518606714,,T K B,D,,False,,0.361328125,0.589361846446991,,
train-032401-0d39fad330c459ca,2,5,train,953068581128788426,pointer,C,K,,,K,True,True,,,0.0,0.0,3.1837133566899594,,K T B,P,,False,,0.58984375,0.6433292627334595,,
train-032401-0d39fad330c459ca,2,6,train,953068581128788426,pointer,C,K,,,K,True,True,,,0.0,0.0,3.1989080443185047,,K T B,P,,False,,0.7265625,0.6740504503250122,,
train-032401-0d39fad330c459ca,2,7,train,953068581128788426,pointer,C,K,,,K,True,True,,,0.0,0.0,3.2023388378666438,,K T B,P,,False,,0.8046875,0.6909762620925903,,
train-032401-0d39fad330c459ca,2,8,train,953068581128788426,pointer,C,K,,,K,True,True,,,0.0,0.0,3.20242838176915,,K T B,P,,False,,0.8515625,0.700894832611084,,
train-032401-0d39fad330c459ca,2,9,train,953068581128788426,pointer,C,K,,,K,True,True,,,0.0,0.0,3.203687038999422,,K T B,P,,False,,0.87890625,0.7065955400466919,,
train-032401-0d39fad330c459ca,2,10,train,953068581128788426,pointer,C,K,,,K,True,True,,,0.0,0.0,3.1999793711880438,,K T B,P,,False,,0.8984375,0.7106282711029053,,
train-032401-0d39fad330c459ca,2,11,train,953068581128788426,pointer,C,K,,,K,True,True,,,0.0,0.0,3.2018439863645436,,K T B,P,,False,,0.90625,0.7122321724891663,,
train-032401-0d39fad330c459ca,2,12,train,953068581128788426,pointer,C,K,,,K,True,True,,,0.0,0.0,3.200599637309059,,K T X,P,,False,,0.9140625,0.7138307690620422,,
train-015518-030d53432fdc1f7e,3,1,train,219923504841891710,pointer,P,O,O,True,Y,False,False,2.2411095415009186e-05,11.75,-16.3125,11.75,0.00030979261301273083,1,O A F,O,True,True,0.08995912969112396,-0.9375,0.28140562772750854,False,0.3304581642150879
train-015518-030d53432fdc1f7e,3,2,train,219923504841891710,pointer,P,X,X,True,Y,False,False,0.001527096494100988,7.9375,-8.5625,7.9375,0.014916688467486245,1,X T J,X,True,True,2.344513416290283,-0.55859375,0.3638729155063629,False,0.45235681533813477
train-015518-030d53432fdc1f7e,3,3,train,219923504841891710,pointer,P,F,Y,False,Y,False,False,3.4825618267059326,-1.3125,-1.3125,0.3125,3.0386889934740533,13,F D O,W,False,False,3.22379732131958,-0.03955078125,0.49011361598968506,True,0.7131180763244629
train-015518-030d53432fdc1f7e,3,4,train,219923504841891710,pointer,P,P,,,Y,False,True,,,-0.6875,0.0625,3.208591965229947,,P D G,I,,False,,0.33984375,0.5841525793075562,,
train-015518-030d53432fdc1f7e,3,5,train,219923504841891710,pointer,P,P,,,Y,False,True,,,-0.6875,0.0625,3.223986643861881,,P G J,I,,False,,0.5703125,0.6388352513313293,,
train-015518-030d53432fdc1f7e,3,6,train,219923504841891710,pointer,P,G,,,Y,False,True,,,-0.6875,0.0,3.2251660925120764,,G P D,P,,False,,0.703125,0.66888028383255,,
train-015518-030d53432fdc1f7e,3,7,train,219923504841891710,pointer,P,P,,,Y,False,True,,,-0.6875,0.0625,3.2259939234810453,,P G J,P,,True,,0.78125,0.6859495043754578,,
train-015518-030d53432fdc1f7e,3,8,train,219923504841891710,pointer,P,P,,,Y,False,True,,,-0.75,0.0625,3.2252542567316245,,P G J,P,,True,,0.83203125,0.696784257888794,,
train-015518-030d53432fdc1f7e,3,9,train,219923504841891710,pointer,P,G,,,Y,False,True,,,-0.6875,0.0,3.225922578206824,,G P D,P,,False,,0.859375,0.7025300860404968,,
train-015518-030d53432fdc1f7e,3,10,train,219923504841891710,pointer,P,P,,,Y,False,True,,,-0.6875,0.0625,3.225254256731625,,P G J,P,,True,,0.875,0.7057850360870361,,
train-015518-030d53432fdc1f7e,3,11,train,219923504841891710,pointer,P,P,,,Y,False,True,,,-0.6875,0.0625,3.2267138223165217,,P G J,P,,True,,0.88671875,0.7082125544548035,,
train-015518-030d53432fdc1f7e,3,12,train,219923504841891710,pointer,P,P,,,Y,False,True,,,-0.6875,0.0625,3.2267138223165217,,P G J,P,,True,,0.890625,0.709019124507904,,
train-005862-0a7c4a6df369611f,4,1,train,755560673587061023,pointer,N,U,U,True,I,False,False,0.00017855956684798002,9.0,-11.5625,9.0,0.0019620138814708597,1,U A V,U,True,True,0.015204600058495998,-1.0078125,0.267408162355423,False,0.31116652488708496
train-005862-0a7c4a6df369611f,4,2,train,755560673587061023,pointer,N,T,T,True,I,False,False,0.006884426344186068,5.875,-8.9375,5.875,0.05570626046667362,1,T U O,X,False,False,3.4295408725738525,-0.625,0.3486451208591461,False,0.42870068550109863
train-005862-0a7c4a6df369611f,4,3,train,755560673587061023,pointer,N,T,O,False,I,False,False,1.9392930269241333,-0.5625,-2.5,0.5625,2.793359740848505,2,T O U,T,False,True,3.518026351928711,-0.0869140625,0.47828516364097595,False,0.6506341099739075
train-005862-0a7c4a6df369611f,4,4,train,755560673587061023,pointer,N,T,I,False,I,False,False,3.381201982498169,-0.9375,-0.9375,0.125,3.192391358531075,13,T O U,I,True,False,3.058551073074341,0.30859375,0.5765419602394104,True,0.5507071614265442
train-005862-0a7c4a6df369611f,4,5,train,755560673587061023,pointer,N,T,,,I,False,True,,,-0.6875,0.125,3.2170621318890693,,T O P,P,,False,,0.55078125,0.6343168616294861,,
train-005862-0a7c4a6df369611f,4,6,train,755560673587061023,pointer,N,T,,,I,False,True,,,-0.5625,0.125,3.2215538170591613,,T O P,P,,False,,0.6953125,0.6671476364135742,,
train-005862-0a7c4a6df369611f,4,7,train,755560673587061023,pointer,N,T,,,I,False,True,,,-0.625,0.125,3.220002293264184,,T O G,P,,False,,0.78125,0.6859495043754578,,
train-005862-0a7c4a6df369611f,4,8,train,755560673587061023,pointer,N,T,,,I,False,True,,,-0.625,0.125,3.2206337633093716,,T O G,P,,False,,0.83203125,0.696784257888794,,
train-005862-0a7c4a6df369611f,4,9,train,755560673587061023,pointer,N,T,,,I,False,True,,,-0.5625,0.125,3.220792958972316,,T O G,P,,False,,0.86328125,0.703345775604248,,
train-005862-0a7c4a6df369611f,4,10,train,755560673587061023,pointer,N,T,,,I,False,True,,,-0.625,0.125,3.2206337633093716,,T O G,P,,False,,0.87890625,0.7065955400466919,,
train-005862-0a7c4a6df369611f,4,11,train,755560673587061023,pointer,N,T,,,I,False,True,,,-0.625,0.125,3.2206337633093716,,T O G,P,,False,,0.890625,0.709019124507904,,
train-005862-0a7c4a6df369611f,4,12,train,755560673587061023,pointer,N,T,,,I,False,True,,,-0.5625,0.125,3.2202780616858564,,T O P,P,,False,,0.8984375,0.7106282711029053,,
train-026770-0c5aad758e55ff71,5,1,train,890214596769873777,pointer,R,W,W,True,E,False,False,4.0531076592742465e-06,14.34375,-17.12890625,14.34375,6.27135878139991e-05,1,W I J,W,True,True,0.014957655221223831,-0.921875,0.2845759987831116,False,0.33487987518310547
train-026770-0c5aad758e55ff71,5,2,train,890214596769873777,pointer,R,L,L,True,E,False,False,1.3232143828645349e-05,12.1875,-15.875,12.1875,0.0001918783603961622,1,L D C,X,False,False,2.6806509494781494,-0.5,0.3775406777858734,False,0.4740769863128662
train-026770-0c5aad758e55ff71,5,3,train,890214596769873777,pointer,R,L,S,False,E,False,False,2.161989688873291,-1.5625,-4.125,1.3125,1.7014802444404762,3,L C S,J,False,False,3.3192453384399414,-0.00408935546875,0.4989776611328125,False,0.6911046504974365
train-026770-0c5aad758e55ff71,5,4,train,890214596769873777,pointer,R,L,C,False,E,False,False,2.275099277496338,-0.4375,-0.75,0.125,2.796414878685271,3,L P C,J,False,False,3.308021068572998,0.3671875,0.590779185295105,False,0.8935004472732544
train-026770-0c5aad758e55ff71,5,5,train,890214596769873777,pointer,R,L,E,False,E,False,False,2.7169137001037598,-0.875,-0.875,0.0,2.806279433898895,6,L P C,P,False,False,3.191498279571533,0.59375,0.6442250609397888,True,0.43970704078674316
train-026770-0c5aad758e55ff71,5,6,train,890214596769873777,pointer,R,L,,,E,False,True,,,-0.9375,0.0,2.791786771579634,,L P C,P,,False,,0.73046875,0.6749081611633301,,
train-026770-0c5aad758e55ff71,5,7,train,890214596769873777,pointer,R,L,,,E,False,True,,,-1.0,0.0,2.78769125480106,,L P C,P,,False,,0.8125,0.6926419734954834,,
train-026770-0c5aad758e55ff71,5,8,train,890214596769873777,pointer,R,P,,,E,False,True,,,-1.0625,0.0625,2.7840504545381863,,P L C,P,,True,,0.859375,0.7025300860404968,,
train-026770-0c5aad758e55ff71,5,9,train,890214596769873777,pointer,R,P,,,E,False,True,,,-1.0625,0.0625,2.785469866345638,,P L C,P,,True,,0.88671875,0.7082125544548035,,
train-026770-0c5aad758e55ff71,5,10,train,890214596769873777,pointer,R,P,,,E,False,True,,,-1.0625,0.0625,2.779413762308606,,P L C,P,,True,,0.90234375,0.7114308476448059,,
train-026770-0c5aad758e55ff71,5,11,train,890214596769873777,pointer,R,L,,,E,False,True,,,-1.0,0.0,2.7850925380692813,,L P C,P,,False,,0.9140625,0.7138307690620422,,
train-026770-0c5aad758e55ff71,5,12,train,890214596769873777,pointer,R,L,,,E,False,True,,,-1.0,0.0,2.7864187353981826,,L P C,P,,False,,0.91796875,0.7146279811859131,,
train-023198-6d4afa17a35b5954,6,1,train,7875381877842598228,pointer,O,T,T,True,J,False,False,6.079655122448457e-06,13.25,-16.296875,13.25,9.459267926289431e-05,1,T A I,T,True,True,0.0042652590200304985,-0.9375,0.28140562772750854,False,0.3304581642150879
train-023198-6d4afa17a35b5954,6,2,train,7875381877842598228,pointer,O,G,G,True,J,False,False,0.0013291343348100781,7.5,-9.125,7.5,0.012637519425683447,1,G D F,I,False,False,3.259960651397705,-0.55078125,0.3656831681728363,False,0.4552067518234253
train-023198-6d4afa17a35b5954,6,3,train,7875381877842598228,pointer,O,G,V,False,J,False,False,3.3668901920318604,-1.25,-0.875,0.0625,3.0626485648056465,11,G I F,T,False,False,3.2920570373535156,-0.0380859375,0.4904796779155731,False,0.6742855310440063
train-023198-6d4afa17a35b5954,6,4,train,7875381877842598228,pointer,O,U,U,True,J,False,False,2.6872997283935547,0.0625,-0.25,0.0625,3.206515718658399,1,U I W,U,True,True,3.0494272708892822,0.337890625,0.5836780667304993,False,0.8762964010238647
train-023198-6d4afa17a35b5954,6,5,train,7875381877842598228,pointer,O,I,F,False,J,False,False,3.409782648086548,-0.6875,-0.375,0.1875,3.22512485801929,19,I U W,U,False,False,3.3191075325012207,0.56640625,0.6379335522651672,False,1.0159274339675903
train-023198-6d4afa17a35b5954,6,6,train,7875381877842598228,pointer,O,I,J,False,J,False,False,3.1307640075683594,-0.375,-0.375,0.1875,3.227733672102384,8,I U K,P,False,False,3.2903048992156982,0.703125,0.66888028383255,True,0.4021502137184143
train-023198-6d4afa17a35b5954,6,7,train,7875381877842598228,pointer,O,I,,,J,False,True,,,-0.375,0.1875,3.2279712605453788,,I U K,P,,False,,0.78125,0.6859495043754578,,
train-023198-6d4afa17a35b5954,6,8,train,7875381877842598228,pointer,O,I,,,J,False,True,,,-0.375,0.1875,3.226890263435933,,I U K,P,,False,,0.828125,0.6959583163261414,,
train-023198-6d4afa17a35b5954,6,9,train,7875381877842598228,pointer,O,I,,,J,False,True,,,-0.375,0.1875,3.2261491460958447,,I U K,P,,False,,0.859375,0.7025300860404968,,
train-023198-6d4afa17a35b5954,6,10,train,7875381877842598228,pointer,O,I,,,J,False,True,,,-0.375,0.1875,3.2270070941369826,,I U K,P,,False,,0.875,0.7057850360870361,,
train-023198-6d4afa17a35b5954,6,11,train,7875381877842598228,pointer,O,I,,,J,False,True,,,-0.375,0.1875,3.2261148803674202,,I U K,P,,False,,0.88671875,0.7082125544548035,,
train-023198-6d4afa17a35b5954,6,12,train,7875381877842598228,pointer,O,I,,,J,False,True,,,-0.3125,0.1875,3.2276424405985953,,I U K,P,,False,,0.890625,0.709019124507904,,
train-000132-034de662d04de031,8,1,train,238099667396452401,pointer,S,U,U,True,E,False,False,7.712543447269127e-05,11.0,-16.28125,11.0,0.0009856870428717654,1,U V C,U,True,True,0.011068493127822876,-0.98828125,0.27125170826911926,False,0.3164268732070923
train-000132-034de662d04de031,8,2,train,238099667396452401,pointer,S,X,X,True,E,False,False,0.004629963543266058,6.0,-10.125,6.0,0.03823127572686487,1,X O U,X,True,True,2.6428301334381104,-0.6015625,0.35398629307746887,False,0.43693459033966064
train-000132-034de662d04de031,8,3,train,238099667396452401,pointer,S,C,J,False,E,False,False,1.951094388961792,-0.625,-2.3125,0.625,2.792134184877179,2,C J W,T,False,False,3.049778938293457,-0.0634765625,0.484136164188385,False,0.6619125008583069
train-000132-034de662d04de031,8,4,train,238099667396452401,pointer,S,J,C,False,E,False,False,2.8410375118255615,-0.1875,-0.6875,0.1875,3.2222233499323956,2,J C I,U,False,False,3.4135286808013916,0.328125,0.581303060054779,False,0.8706080317497253
train-000132-034de662d04de031,8,5,train,238099667396452401,pointer,S,J,B,False,E,False,False,3.246093988418579,-0.4375,-0.5,0.0625,3.231921372145715,11,J I S,U,False,False,3.348881721496582,0.5625,0.6370307803153992,False,1.013437271118164
train-000132-034de662d04de031,8,6,train,238099667396452401,pointer,S,I,F,False,E,False,False,3.493171453475952,-0.625,-0.4375,0.0,3.232650525577486,21,I J S,P,False,False,3.2719216346740723,0.703125,0.66888028383255,False,1.1052751541137695
train-000132-034de662d04de031,8,7,train,238099667396452401,pointer,S,J,R,False,E,False,False,3.3440937995910645,-0.5,-0.4375,0.0625,3.2325286663790513,17,J I S,P,False,False,3.464172124862671,0.78515625,0.6867902874946594,False,1.1608824729919434
train-000132-034de662d04de031,8,8,train,238099667396452401,pointer,S,I,E,False,E,False,False,3.305448055267334,-0.4375,-0.4375,0.0,3.232938683067465,14,I J S,P,False,False,3.1437737941741943,0.8359375,0.6976089477539062,True,0.36009663343429565
train-000132-034de662d04de031,8,9,train,238099667396452401,pointer,S,I,,,E,False,True,,,-0.4375,0.0,3.232005214124409,,I J S,P,,False,,0.86328125,0.703345775604248,,
train-000132-034de662d04de031,8,10,train,238099667396452401,pointer,S,J,,,E,False,True,,,-0.4375,0.0625,3.233268993404447,,J I S,P,,False,,0.87890625,0.7065955400466919,,
train-000132-034de662d04de031,8,11,train,238099667396452401,pointer,S,J,,,E,False,True,,,-0.4375,0.0625,3.234399812950035,,J I S,P,,False,,0.890625,0.709019124507904,,
train-000132-034de662d04de031,8,12,train,238099667396452401,pointer,S,I,,,E,False,True,,,-0.375,0.0,3.2339348994745576,,I J S,P,,False,,0.89453125,0.7098243832588196,,
train-005758-cbaafe03cdd0b3ab,10,1,train,14675821628031546283,pointer,T,M,M,True,F,False,False,0.0017946342704817653,7.84375,-9.40625,7.84375,0.017253101411553253,1,M D V,M,True,True,0.3053096532821655,-0.890625,0.29098084568977356,False,0.3438727855682373
train-005758-cbaafe03cdd0b3ab,10,2,train,14675821628031546283,pointer,T,F,N,False,F,True,False,10.449810028076172,-10.4375,4.9375,4.9375,0.08175290961984955,15,F U D,I,False,False,3.3422272205352783,-0.515625,0.37387579679489136,False,0.468206524848938
train-005758-cbaafe03cdd0b3ab,10,3,train,14675821628031546283,pointer,T,C,W,False,F,False,False,2.7234013080596924,-0.1875,-1.0,0.1875,3.207599554342326,2,C W B,I,False,False,3.0432071685791016,-0.008056640625,0.4979858696460724,False,0.6891269683837891
train-005758-cbaafe03cdd0b3ab,10,4,train,14675821628031546283,pointer,T,E,X,False,F,False,False,3.4167306423187256,-0.375,-0.4375,0.0,3.244293556679387,21,E J B,U,False,False,3.272125720977783,0.361328125,0.589361846446991,False,0.8900429606437683
train-005758-cbaafe03cdd0b3ab,10,5,train,14675821628031546283,pointer,T,T,I,False,F,False,False,3.1352696418762207,-0.1875,-0.5,0.125,3.2441688238516115,6,T E J,U,False,False,3.1648902893066406,0.5859375,0.642432451248169,False,1.0284310579299927
train-005758-cbaafe03cdd0b3ab,10,6,train,14675821628031546283,pointer,T,T,J,False,F,False,False,3.080817937850952,-0.125,-0.5,0.0625,3.2432433996075125,4,T E I,U,False,False,3.227210521697998,0.71875,0.672331690788269,False,1.115753412246704
train-005758-cbaafe03cdd0b3ab,10,7,train,14675821628031546283,pointer,T,T,O,False,F,False,False,3.2230844497680664,-0.3125,-0.5625,0.125,3.2428203513660137,13,T E I,P,False,False,3.20560884475708,0.796875,0.6893056035041809,False,1.168945550918579
train-005758-cbaafe03cdd0b3ab,10,8,train,14675821628031546283,pointer,T,T,P,False,F,False,False,3.0955121517181396,-0.1875,-0.5625,0.125,3.242955818294037,5,T E I,P,True,False,3.057374954223633,0.83984375,0.6984323263168335,False,1.198760747909546
train-005758-cbaafe03cdd0b3ab,10,9,train,14675821628031546283,pointer,T,T,E,False,F,False,False,3.037583112716675,-0.125,-0.5,0.125,3.243219068947782,2,T E I,P,False,False,3.1544973850250244,0.8671875,0.7041601538658142,False,1.2179369926452637
train-005758-cbaafe03cdd0b3ab,10,10,train,14675821628031546283,pointer,T,T,F,False,F,False,False,3.4170641899108887,-0.5,-0.5,0.125,3.243494842168319,19,T E G,P,False,False,3.2671689987182617,0.8828125,0.7074047327041626,True,0.3461523652076721
train-005758-cbaafe03cdd0b3ab,10,11,train,14675821628031546283,pointer,T,T,,,F,False,True,,,-0.5625,0.125,3.242955818294037,,T E I,P,,False,,0.890625,0.709019124507904,,
train-005758-cbaafe03cdd0b3ab,10,12,train,14675821628031546283,pointer,T,T,,,F,False,True,,,-0.5625,0.125,3.2420175741279325,,T E I,P,,False,,0.8984375,0.7106282711029053,,
train-018719-95574bc6546993de,12,1,train,10761153149816902622,pointer,G,J,J,True,D,False,False,4.172316494077677e-06,12.75,-17.59375,12.75,6.089488937669599e-05,1,J B Z,J,True,True,0.013076032511889935,-0.98828125,0.27125170826911926,False,0.3164268732070923
train-018719-95574bc6546993de,12,2,train,10761153149816902622,pointer,G,W,W,True,D,False,False,0.01823681965470314,4.0,-10.375,4.0,0.09118069426242766,1,W J D,X,False,False,3.4835782051086426,-0.58984375,0.35667070746421814,False,0.44109857082366943
train-018719-95574bc6546993de,12,3,train,10761153149816902622,pointer,G,E,E,True,D,False,False,1.0891287326812744,0.875,-1.6875,0.875,2.4393946756058753,1,E W V,J,False,False,3.4235293865203857,-0.06640625,0.4834045469760895,False,0.6604951620101929
train-018719-95574bc6546993de,12,4,train,10761153149816902622,pointer,G,E,M,False,D,False,False,3.3798282146453857,-1.8125,-1.1875,0.6875,2.8055160356327877,9,E V W,I,False,False,3.484384059906006,0.33203125,0.5822535157203674,False,0.8728805780410767
train-018719-95574bc6546993de,12,5,train,10761153149816902622,pointer,G,E,V,False,D,False,False,2.2297792434692383,-0.5,-1.0,0.5,2.8709510865994594,2,E V W,I,False,False,3.3443796634674072,0.57421875,0.6397360563278198,False,1.020918369293213
train-018719-95574bc6546993de,12,6,train,10761153149816902622,pointer,G,E,K,False,D,False,False,2.9459657669067383,-1.1875,-1.0,0.4375,2.8668520098673786,6,E V W,Z,False,False,3.3195791244506836,0.71875,0.672331690788269,False,1.115753412246704
train-018719-95574bc6546993de,12,7,train,10761153149816902622,pointer,G,E,Y,False,D,False,False,4.277683258056641,-2.5625,-1.0625,0.5,2.8652124878057847,18,E V W,P,False,False,3.3060882091522217,0.8046875,0.6909762620925903,False,1.1743372678756714
train-018719-95574bc6546993de,12,8,train,10761153149816902622,pointer,G,E,D,False,D,False,False,2.751218557357788,-1.0,-1.0,0.4375,2.8715272146476445,5,E V W,P,False,False,3.2583975791931152,0.859375,0.7025300860404968,False,1.21244215965271
train-018719-95574bc6546993de,12,9,train,10761153149816902622,pointer,G,E,V,False,D,False,False,2.2241077423095703,-0.5,-1.0,0.5,2.867336620224784,2,E V W,P,False,False,3.343759775161743,0.88671875,0.7082125544548035,False,1.2317297458648682
train-018719-95574bc6546993de,12,10,train,10761153149816902622,pointer,G,E,K,False,D,False,False,2.9272074699401855,-1.1875,-1.0,0.5,2.871725352515893,6,E V W,P,False,False,3.296159029006958,0.90625,0.7122321724891663,False,1.2456012964248657
train-018719-95574bc6546993de,12,11,train,10761153149816902622,pointer,G,E,Y,False,D,False,False,4.237331390380859,-2.5,-1.0,0.5,2.870779114729617,18,E V W,P,False,False,3.3134336471557617,0.9140625,0.7138307690620422,False,1.2511719465255737
train-018719-95574bc6546993de,12,12,train,10761153149816902622,pointer,G,E,D,False,D,False,False,2.755873918533325,-1.0,-1.0,0.4375,2.8765393459800244,5,E V W,P,False,False,3.265774726867676,0.921875,0.7154240012168884,True,0.33487990498542786
train-004320-7008cf8753f864b3,1,1,train,8072930512197936307,pointer,A,Z,Z,True,Z,True,False,1.1920922133867862e-06,14.75,14.75,14.75,1.9833168260105154e-05,1,Z A J,Z,True,True,0.0012681784573942423,-0.8828125,0.2925952970981598,True,1.2289648056030273
train-004320-7008cf8753f864b3,1,2,train,8072930512197936307,pointer,A,N,,,Z,False,True,,,-12.3125,11.375,0.0008256532299824967,,N D O,X,,False,,-0.515625,0.37387579679489136,,
train-004320-7008cf8753f864b3,1,3,train,8072930512197936307,pointer,A,R,,,Z,False,True,,,-2.5625,0.3125,2.381388830719298,,R F Q,J,,False,,-0.0255126953125,0.49362221360206604,,
train-004320-7008cf8753f864b3,1,4,train,8072930512197936307,pointer,A,R,,,Z,False,True,,,-0.9375,0.0625,3.122818651203325,,R F Q,I,,False,,0.349609375,0.5865228176116943,,
train-004320-7008cf8753f864b3,1,5,train,8072930512197936307,pointer,A,F,,,Z,False,True,,,-0.3125,0.0,3.2201326054031862,,F R Q,I,,False,,0.578125,0.6406359076499939,,
train-004320-7008cf8753f864b3,1,6,train,8072930512197936307,pointer,A,F,,,Z,False,True,,,-0.25,0.0,3.22782074832509,,F R Q,P,,False,,0.7109375,0.6706082820892334,,
train-004320-7008cf8753f864b3,1,7,train,8072930512197936307,pointer,A,F,,,Z,False,True,,,-0.1875,0.0,3.2299050480528106,,F R Q,P,,False,,0.7890625,0.6876299977302551,,
train-004320-7008cf8753f864b3,1,8,train,8072930512197936307,pointer,A,F,,,Z,False,True,,,-0.25,0.0,3.229648342515857,,F R T,P,,False,,0.8359375,0.6976089477539062,,
train-004320-7008cf8753f864b3,1,9,train,8072930512197936307,pointer,A,F,,,Z,False,True,,,-0.1875,0.0,3.2303605118331378,,F R Q,P,,False,,0.86328125,0.703345775604248,,
train-004320-7008cf8753f864b3,1,10,train,8072930512197936307,pointer,A,F,,,Z,False,True,,,-0.1875,0.0,3.230951448720517,,F R Q,P,,False,,0.87890625,0.7065955400466919,,
train-004320-7008cf8753f864b3,1,11,train,8072930512197936307,pointer,A,F,,,Z,False,True,,,-0.25,0.0,3.228722217988309,,F R T,P,,False,,0.88671875,0.7082125544548035,,
train-004320-7008cf8753f864b3,1,12,train,8072930512197936307,pointer,A,F,,,Z,False,True,,,-0.1875,0.0,3.2308122255931666,,F R Q,P,,False,,0.89453125,0.7098243832588196,,
train-016372-780dfa594c957f04,2,1,train,8650845720692489988,pointer,C,J,J,True,E,False,False,2.3841855067985307e-07,15.78125,-20.921875,15.78125,6.003629432198393e-06,1,J B A,J,True,True,0.010571551509201527,-0.98828125,0.27125170826911926,False,0.3164268732070923
train-016372-780dfa594c957f04,2,2,train,8650845720692489988,pointer,C,E,E,True,E,True,False,0.02347905933856964,3.75,3.75,3.75,0.11206008639296404,1,E S D,X,False,False,3.655424118041992,-0.578125,0.3593641221523285,True,1.0234191417694092
train-016372-780dfa594c957f04,2,3,train,8650845720692489988,pointer,C,S,,,E,False,True,,,-2.0,2.0,1.5834317018794775,,S E Q,J,,False,,-0.076171875,0.4809662401676178,,
train-016372-780dfa594c957f04,2,4,train,8650845720692489988,pointer,C,S,,,E,False,True,,,-0.8125,0.8125,2.921821806627545,,S E J,I,,False,,0.314453125,0.5779718160629272,,
train-016372-780dfa594c957f04,2,5,train,8650845720692489988,pointer,C,S,,,E,False,True,,,-0.125,0.125,3.17836632883339,,S E T,P,,False,,0.55859375,0.6361271142959595,,
train-016372-780dfa594c957f04,2,6,train,8650845720692489988,pointer,C,E,,,E,True,True,,,0.0,0.0,3.1939095895824337,,E S T,P,,False,,0.69921875,0.6680145263671875,,
train-016372-780dfa594c957f04,2,7,train,8650845720692489988,pointer,C,E,,,E,True,True,,,0.0,0.0,3.199308823654244,,E S T,P,,False,,0.78515625,0.6867902874946594,,
train-016372-780dfa594c957f04,2,8,train,8650845720692489988,pointer,C,E,,,E,True,True,,,0.0,0.0,3.198619876781417,,E S T,P,,False,,0.8359375,0.6976089477539062,,
train-016372-780dfa594c957f04,2,9,train,8650845720692489988,pointer,C,E,,,E,True,True,,,0.0,0.0,3.1997044336160085,,E S T,P,,False,,0.86328125,0.703345775604248,,
train-016372-780dfa594c957f04,2,10,train,8650845720692489988,pointer,C,E,,,E,True,True,,,0.0,0.0,3.201225723288826,,E S T,P,,False,,0.8828125,0.7074047327041626,,
train-016372-780dfa594c957f04,2,11,train,8650845720692489988,pointer,C,E,,,E,True,True,,,0.0,0.0,3.194073493835489,,E S T,P,,False,,0.890625,0.709019124507904,,
train-016372-780dfa594c957f04,2,12,train,8650845720692489988,pointer,C,E,,,E,True,True,,,0.0,0.0,3.2000472326155665,,E S T,P,,False,,0.8984375,0.7106282711029053,,
train-001469-4d0859df4e005851,3,1,train,5550785356355360849,pointer,N,G,G,True,H,False,False,1.2278481335670222e-05,12.59375,-18.6015625,12.59375,0.0001768067203217702,1,G R C,G,True,True,0.002963082632049918,-0.8359375,0.30239108204841614,False,0.36009669303894043
train-001469-4d0859df4e005851,3,2,train,5550785356355360849,pointer,N,H,R,False,H,True,False,1.608891248703003,-1.375,1.375,1.375,0.5717666740785033,2,H R D,X,False,False,3.7224268913269043,-0.50390625,0.37662312388420105,False,0.47260403633117676
train-001469-4d0859df4e005851,3,3,train,5550785356355360849,pointer,N,H,H,True,H,True,False,1.6697890758514404,0.8125,0.8125,0.8125,2.9824270334094636,1,H T U,G,False,False,3.4165022373199463,-0.0128173828125,0.4967956840991974,True,0.6995763778686523
train-001469-4d0859df4e005851,3,4,train,5550785356355360849,pointer,N,T,,,H,False,True,,,-0.1875,0.1875,3.217895701562708,,T H U,I,,False,,0.357421875,0.5884162187576294,,
train-001469-4d0859df4e005851,3,5,train,5550785356355360849,pointer,N,T,,,H,False,True,,,-0.3125,0.3125,3.236056998016708,,T H U,I,,False,,0.58203125,0.6415346264839172,,
train-001469-4d0859df4e005851,3,6,train,5550785356355360849,pointer,N,T,,,H,False,True,,,-0.375,0.3125,3.235437347867076,,T N H,P,,False,,0.71875,0.672331690788269,,
train-001469-4d0859df4e005851,3,7,train,5550785356355360849,pointer,N,T,,,H,False,True,,,-0.375,0.3125,3.2365442205237596,,T N G,P,,False,,0.796875,0.6893056035041809,,
train-001469-4d0859df4e005851,3,8,train,5550785356355360849,pointer,N,T,,,H,False,True,,,-0.4375,0.375,3.23617793517516,,T N U,P,,False,,0.84375,0.6992544531822205,,
train-001469-4d0859df4e005851,3,9,train,5550785356355360849,pointer,N,T,,,H,False,True,,,-0.375,0.3125,3.236474347500512,,T N H,P,,False,,0.87109375,0.7049732804298401,,
train-001469-4d0859df4e005851,3,10,train,5550785356355360849,pointer,N,T,,,H,False,True,,,-0.4375,0.375,3.2351504918447542,,T N U,P,,False,,0.890625,0.709019124507904,,
train-001469-4d0859df4e005851,3,11,train,5550785356355360849,pointer,N,T,,,H,False,True,,,-0.4375,0.375,3.234160000887661,,T N G,P,,False,,0.8984375,0.7106282711029053,,
train-001469-4d0859df4e005851,3,12,train,5550785356355360849,pointer,N,T,,,H,False,True,,,-0.4375,0.3125,3.235419120346554,,T N U,P,,False,,0.90625,0.7122321724891663,,
train-001308-035f69439b51029a,4,1,train,243028643990799002,pointer,K,A,A,True,A,True,False,6.437280717364047e-06,13.5,13.5,13.5,9.99622213288943e-05,1,A Q H,A,True,True,0.006149892695248127,-0.83984375,0.3015677034854889,False,0.3589169979095459
train-001308-035f69439b51029a,4,2,train,243028643990799002,pointer,K,Q,Q,True,A,False,False,0.0016531385481357574,7.5,-8.125,7.5,0.01629056709195244,1,Q K A,X,False,False,3.5097968578338623,-0.5078125,0.3757064640522003,False,0.47113466262817383
train-001308-035f69439b51029a,4,3,train,243028643990799002,pointer,K,K,K,True,A,False,False,0.8937376141548157,0.5625,-2.8125,0.5625,2.158198686575881,1,K Q T,J,False,False,3.3831207752227783,-0.02001953125,0.4949952960014343,False,0.6831874847412109
train-001308-035f69439b51029a,4,4,train,243028643990799002,pointer,K,K,A,False,A,False,False,3.2799389362335205,-1.6875,-1.6875,1.0,3.0086437030004887,8,K Q T,D,False,False,3.3015499114990234,0.349609375,0.5865228176116943,True,0.5335437059402466
train-001308-035f69439b51029a,4,5,train,243028643990799002,pointer,K,K,,,A,False,True,,,-1.375,0.9375,3.1264977862663956,,K T M,P,,False,,0.57421875,0.6397360563278198,,
train-001308-035f69439b51029a,4,6,train,243028643990799002,pointer,K,K,,,A,False,True,,,-1.25,0.875,3.14966119248144,,K T M,P,,False,,0.70703125,0.6697448492050171,,
train-001308-035f69439b51029a,4,7,train,243028643990799002,pointer,K,K,,,A,False,True,,,-1.3125,0.875,3.1423775165079473,,K T M,P,,False,,0.7890625,0.6876299977302551,,
train-001308-035f69439b51029a,4,8,train,243028643990799002,pointer,K,K,,,A,False,True,,,-1.3125,0.875,3.144981227678899,,K T M,P,,False,,0.8359375,0.6976089477539062,,
train-001308-035f69439b51029a,4,9,train,243028643990799002,pointer,K,K,,,A,False,True,,,-1.3125,0.875,3.1477446030197926,,K T M,P,,False,,0.86328125,0.703345775604248,,
train-001308-035f69439b51029a,4,10,train,243028643990799002,pointer,K,K,,,A,False,True,,,-1.3125,0.875,3.1502141758860183,,K T M,P,,False,,0.87890625,0.7065955400466919,,
train-001308-035f69439b51029a,4,11,train,243028643990799002,pointer,K,K,,,A,False,True,,,-1.3125,0.875,3.1435491235445023,,K T M,P,,False,,0.890625,0.709019124507904,,
train-001308-035f69439b51029a,4,12,train,243028643990799002,pointer,K,K,,,A,False,True,,,-1.3125,0.875,3.1502141758860183,,K T M,P,,False,,0.89453125,0.7098243832588196,,
train-002830-3c02bf0b4b385ab8,5,1,train,4324228647456627384,pointer,D,I,I,True,T,False,False,7.986703712958843e-05,10.625,-13.875,10.625,0.0010134358519205237,1,I A S,I,True,True,0.004524707794189453,-0.9140625,0.28616926074028015,False,0.33710944652557373
train-002830-3c02bf0b4b385ab8,5,2,train,4324228647456627384,pointer,D,M,M,True,T,False,False,0.0027260545175522566,6.0625,-11.0,6.0625,0.020987078229297063,1,M I N,X,False,False,3.739159107208252,-0.56640625,0.36206647753715515,False,0.44952118396759033
train-002830-3c02bf0b4b385ab8,5,3,train,4324228647456627384,pointer,D,M,X,False,T,False,False,2.4034225940704346,-0.0625,-1.25,0.0625,3.133227962381696,2,M X D,I,False,False,3.1776840686798096,-0.04736328125,0.4881613850593567,False,0.669745922088623
train-002830-3c02bf0b4b385ab8,5,4,train,4324228647456627384,pointer,D,D,W,False,T,False,False,3.3085899353027344,-0.6875,-0.5625,0.375,3.2300297049687217,16,D G X,I,False,False,3.1150848865509033,0.337890625,0.5836780667304993,False,0.8762964010238647
train-002830-3c02bf0b4b385ab8,5,5,train,4324228647456627384,pointer,D,D,T,False,T,False,False,3.0640218257904053,-0.3125,-0.3125,0.1875,3.2374544225266297,4,D G F,U,False,False,3.2160184383392334,0.5703125,0.6388352513313293,True,0.44810864329338074
train-002830-3c02bf0b4b385ab8,5,6,train,4324228647456627384,pointer,D,D,,,T,False,True,,,-0.25,0.125,3.2378381125194813,,D G T,P,,False,,0.7109375,0.6706082820892334,,
train-002830-3c02bf0b4b385ab8,5,7,train,4324228647456627384,pointer,D,D,,,T,False,True,,,-0.25,0.1875,3.238283937683078,,D G T,P,,False,,0.7890625,0.6876299977302551,,
train-002830-3c02bf0b4b385ab8,5,8,train,4324228647456627384,pointer,D,D,,,T,False,True,,,-0.25,0.1875,3.235892097014661,,D G T,P,,False,,0.83984375,0.6984323263168335,,
train-002830-3c02bf0b4b385ab8,5,9,train,4324228647456627384,pointer,D,D,,,T,False,True,,,-0.25,0.1875,3.2386545293180933,,D G T,P,,False,,0.8671875,0.7041601538658142,,
train-002830-3c02bf0b4b385ab8,5,10,train,4324228647456627384,pointer,D,D,,,T,False,True,,,-0.25,0.125,3.239049144915575,,D G T,P,,False,,0.8828125,0.7074047327041626,,
train-002830-3c02bf0b4b385ab8,5,11,train,4324228647456627384,pointer,D,D,,,T,False,True,,,-0.25,0.125,3.238367942412739,,D G T,P,,False,,0.89453125,0.7098243832588196,,
train-002830-3c02bf0b4b385ab8,5,12,train,4324228647456627384,pointer,D,D,,,T,False,True,,,-0.25,0.125,3.2383474273574397,,D G T,P,,False,,0.90234375,0.7114308476448059,,
train-028436-0b0c4740a9c337c2,6,1,train,796089577189357506,pointer,T,G,G,True,M,False,False,7.462222856702283e-05,9.6875,-16.40625,9.6875,0.0008410632004118188,1,G R C,G,True,True,0.0043744589202106,-0.8671875,0.2958398759365082,False,0.35074949264526367
train-028436-0b0c4740a9c337c2,6,2,train,796089577189357506,pointer,T,B,B,True,M,False,False,0.14451493322849274,1.875,-10.0625,1.875,0.40910762016877095,1,B Q D,X,False,False,3.0818381309509277,-0.50390625,0.37662312388420105,False,0.47260403633117676
train-028436-0b0c4740a9c337c2,6,3,train,796089577189357506,pointer,T,Q,Q,True,M,False,False,0.5769679546356201,1.3125,-4.0,1.3125,1.8376903086754914,1,Q B V,G,False,False,3.268054485321045,-0.005462646484375,0.49863436818122864,False,0.690419614315033
train-028436-0b0c4740a9c337c2,6,4,train,796089577189357506,pointer,T,B,V,False,M,False,False,2.856400728225708,-0.75,-1.625,0.125,3.111449112753333,4,B Q U,G,False,False,3.2519612312316895,0.369140625,0.5912513136863708,False,0.8946547508239746
train-028436-0b0c4740a9c337c2,6,5,train,796089577189357506,pointer,T,B,O,False,M,False,False,3.346229314804077,-0.875,-1.125,0.25,3.2020156335475374,15,B U Q,U,False,False,3.177886724472046,0.59765625,0.6451199054718018,False,1.0359753370285034
train-028436-0b0c4740a9c337c2,6,6,train,796089577189357506,pointer,T,B,M,False,M,False,False,3.6293630599975586,-1.125,-1.125,0.1875,3.205277584878754,22,B U Q,P,False,False,3.3894739151000977,0.73046875,0.6749081611633301,True,0.3931787312030792
train-028436-0b0c4740a9c337c2,6,7,train,796089577189357506,pointer,T,B,,,M,False,True,,,-1.0625,0.1875,3.206944322052424,,B U Q,P,,False,,0.80859375,0.6918097138404846,,
train-028436-0b0c4740a9c337c2,6,8,train,796089577189357506,pointer,T,B,,,M,False,True,,,-1.0625,0.1875,3.209700871911323,,B U Q,P,,False,,0.85546875,0.7017130851745605,,
train-028436-0b0c4740a9c337c2,6,9,train,796089577189357506,pointer,T,B,,,M,False,True,,,-1.0625,0.1875,3.209700871911323,,B U Q,P,,False,,0.87890625,0.7065955400466919,,
train-028436-0b0c4740a9c337c2,6,10,train,796089577189357506,pointer,T,B,,,M,False,True,,,-1.0625,0.1875,3.2090568457210384,,B U Q,P,,False,,0.89453125,0.7098243832588196,,
train-028436-0b0c4740a9c337c2,6,11,train,796089577189357506,pointer,T,B,,,M,False,True,,,-1.125,0.25,3.206032360046946,,B U Q,P,,False,,0.90625,0.7122321724891663,,
train-028436-0b0c4740a9c337c2,6,12,train,796089577189357506,pointer,T,B,,,M,False,True,,,-1.125,0.25,3.2048268636408,,B U Q,P,,False,,0.91015625,0.7130321860313416,,
train-031938-0b5b595e7a83e1a3,8,1,train,818346019615138211,pointer,Q,K,K,True,M,False,False,1.5616295058862306e-05,12.546875,-16.43359375,12.546875,0.00022525801126117558,1,K B J,K,True,True,0.004784089047461748,-0.93359375,0.28219619393348694,False,0.3315589427947998
train-031938-0b5b595e7a83e1a3,8,2,train,818346019615138211,pointer,Q,O,O,True,M,False,False,0.00354519160464406,6.5,-10.1875,6.5,0.031368311655341756,1,O K D,X,False,False,3.7455530166625977,-0.546875,0.3665897250175476,False,0.456636905670166
train-031938-0b5b595e7a83e1a3,8,3,train,818346019615138211,pointer,Q,M,M,True,M,True,False,1.0743980407714844,0.0,0.0,0.0,2.0398648507529105,1,M P K,D,False,False,3.176849603652954,-0.041748046875,0.48956453800201416,False,0.6724910140037537
train-031938-0b5b595e7a83e1a3,8,4,train,818346019615138211,pointer,Q,M,P,False,M,True,False,1.8030961751937866,-0.4375,0.4375,0.4375,2.7212474087978213,2,M P K,D,False,False,3.1961588859558105,0.337890625,0.5836780667304993,False,0.8762964010238647
train-031938-0b5b595e7a83e1a3,8,5,train,818346019615138211,pointer,Q,M,G,False,M,True,False,3.4124205112457275,-1.875,0.625,0.625,2.892525196752778,10,M P K,B,False,False,3.3188107013702393,0.5703125,0.6388352513313293,False,1.0184211730957031
train-031938-0b5b595e7a83e1a3,8,6,train,818346019615138211,pointer,Q,M,K,False,M,True,False,2.355802536010742,-0.75,0.625,0.625,2.9249811243814383,3,M P K,B,False,False,3.3593709468841553,0.7109375,0.6706082820892334,False,1.110507607460022
train-031938-0b5b595e7a83e1a3,8,7,train,818346019615138211,pointer,Q,M,O,False,M,True,False,3.1910390853881836,-1.625,0.6875,0.6875,2.914486393530491,6,M P K,B,False,False,3.1787586212158203,0.79296875,0.6884684562683105,False,1.1662545204162598
train-031938-0b5b595e7a83e1a3,8,8,train,818346019615138211,pointer,Q,M,M,True,M,True,False,1.6209646463394165,0.625,0.625,0.625,2.937373706347453,1,M P K,B,False,False,3.4228291511535645,0.83984375,0.6984323263168335,True,0.3589169979095459
train-031938-0b5b595e7a83e1a3,8,9,train,818346019615138211,pointer,Q,M,,,M,True,True,,,0.625,0.625,2.925929791556667,,M P K,B,,False,,0.8671875,0.7041601538658142,,
train-031938-0b5b595e7a83e1a3,8,10,train,818346019615138211,pointer,Q,M,,,M,True,True,,,0.625,0.625,2.9350075503034256,,M P K,B,,False,,0.88671875,0.7082125544548035,,
train-031938-0b5b595e7a83e1a3,8,11,train,818346019615138211,pointer,Q,M,,,M,True,True,,,0.625,0.625,2.926250673750265,,M P K,B,,False,,0.89453125,0.7098243832588196,,
train-031938-0b5b595e7a83e1a3,8,12,train,818346019615138211,pointer,Q,M,,,M,True,True,,,0.625,0.625,2.9402230239349305,,M P K,B,,False,,0.90234375,0.7114308476448059,,
train-034333-6300b5d8654b6802,10,1,train,7133901750771869698,pointer,K,M,M,True,O,False,False,4.637133679352701e-05,10.75,-15.890625,10.75,0.0006045354966282042,1,M Q C,M,True,True,0.007771494798362255,-0.8671875,0.2958398759365082,False,0.35074949264526367
train-034333-6300b5d8654b6802,10,2,train,7133901750771869698,pointer,K,R,R,True,O,False,False,0.18620869517326355,1.625,-9.625,1.625,0.5006299532441518,1,R I K,I,False,False,3.7383193969726562,-0.515625,0.37387579679489136,False,0.468206524848938
train-034333-6300b5d8654b6802,10,3,train,7133901750771869698,pointer,K,W,S,False,O,False,False,2.9721829891204834,-0.375,-0.5,0.125,3.17291707435915,7,W E Y,I,False,False,3.438789129257202,-0.006378173828125,0.49840542674064636,False,0.6899632215499878
train-034333-6300b5d8654b6802,10,4,train,7133901750771869698,pointer,K,W,G,False,O,False,False,3.082782030105591,-0.25,-0.375,0.0625,3.2295828190855254,5,W L N,I,False,False,3.169734477996826,0.36328125,0.5898345112800598,False,0.8911945223808289
train-034333-6300b5d8654b6802,10,5,train,7133901750771869698,pointer,K,L,T,False,O,False,False,2.9845457077026367,-0.125,-0.4375,0.125,3.2336847730040734,3,L G T,P,False,False,3.184018135070801,0.5859375,0.642432451248169,False,1.0284310579299927
train-034333-6300b5d8654b6802,10,6,train,7133901750771869698,pointer,K,L,I,False,O,False,False,3.0710062980651855,-0.1875,-0.4375,0.0625,3.236025252510685,5,L G T,P,False,False,3.136542320251465,0.71875,0.672331690788269,False,1.115753412246704
train-034333-6300b5d8654b6802,10,7,train,7133901750771869698,pointer,K,L,E,False,O,False,False,3.289609670639038,-0.375,-0.375,0.0625,3.236139521511046,13,L G T,P,False,False,3.148334264755249,0.796875,0.6893056035041809,False,1.168945550918579
train-034333-6300b5d8654b6802,10,8,train,7133901750771869698,pointer,K,L,N,False,O,False,False,3.0812478065490723,-0.1875,-0.4375,0.0625,3.235390521291914,6,L G T,P,False,False,3.323064088821411,0.84375,0.6992544531822205,False,1.2014906406402588
train-034333-6300b5d8654b6802,10,9,train,7133901750771869698,pointer,K,L,D,False,O,False,False,3.2668344974517822,-0.375,-0.4375,0.0625,3.2349101775127447,11,L G T,P,False,False,3.2265217304229736,0.87109375,0.7049732804298401,False,1.2206891775131226
train-034333-6300b5d8654b6802,10,10,train,7133901750771869698,pointer,K,L,O,False,O,False,False,3.3293344974517822,-0.4375,-0.4375,0.0625,3.2349101775127447,16,L G T,P,False,False,3.1569724082946777,0.88671875,0.7082125544548035,True,0.3450109660625458
train-034333-6300b5d8654b6802,10,11,train,7133901750771869698,pointer,K,L,,,O,False,True,,,-0.4375,0.0625,3.2362007688790184,,L G T,P,,False,,0.89453125,0.7098243832588196,,
train-034333-6300b5d8654b6802,10,12,train,7133901750771869698,pointer,K,L,,,O,False,True,,,-0.4375,0.0625,3.2349546408692613,,L G T,P,,False,,0.90234375,0.7114308476448059,,
train-029222-9b7ef553bedd9688,12,1,train,11204662662977656456,pointer,W,B,B,True,W,False,False,1.5497195136049413e-06,13.6875,-22.5703125,13.6875,2.4314165606194547e-05,1,B R C,B,True,True,0.01763942651450634,-1.0078125,0.267408162355423,False,0.31116652488708496
train-029222-9b7ef553bedd9688,12,2,train,11204662662977656456,pointer,W,V,V,True,W,False,False,1.4424220353248529e-05,12.125,-12.125,12.125,0.00020904184772352184,1,V W D,X,False,False,3.746791124343872,-0.6015625,0.35398629307746887,False,0.43693459033966064
train-029222-9b7ef553bedd9688,12,3,train,11204662662977656456,pointer,W,V,I,False,W,False,False,3.9565229415893555,-2.875,-2.1875,1.5625,2.6747694849669648,13,V X A,T,False,False,3.1128087043762207,-0.0908203125,0.47731050848960876,False,0.6487677693367004
train-029222-9b7ef553bedd9688,12,4,train,11204662662977656456,pointer,W,V,W,False,W,False,False,3.0113227367401123,-0.4375,-0.4375,0.1875,3.206887890004459,5,V B H,U,False,False,3.165296792984009,0.30078125,0.5746335387229919,False,0.8548040986061096
train-029222-9b7ef553bedd9688,12,5,train,11204662662977656456,pointer,W,B,B,True,W,False,False,2.811760187149048,0.0,-0.25,0.0,3.2257273011988383,1,B V H,U,False,False,3.304577112197876,0.54296875,0.6325027346611023,False,1.0010395050048828
train-029222-9b7ef553bedd9688,12,6,train,11204662662977656456,pointer,W,B,V,False,W,False,False,2.851222276687622,-0.0625,-0.25,0.0625,3.2273071061377716,2,B V H,U,False,False,3.2250046730041504,0.6875,0.665410578250885,False,1.094851016998291
train-029222-9b7ef553bedd9688,12,7,train,11204662662977656456,pointer,W,B,I,False,W,False,False,3.2291200160980225,-0.4375,-0.25,0.0625,3.2268551132115184,12,B V H,P,False,False,3.1932213306427,0.7734375,0.6842640042304993,False,1.1528489589691162
train-029222-9b7ef553bedd9688,12,8,train,11204662662977656456,pointer,W,B,W,False,W,False,False,3.0433733463287354,-0.25,-0.25,0.0625,3.227462265648588,7,B V H,P,False,False,3.2082955837249756,0.82421875,0.6951311230659485,False,1.1878736019134521
train-029222-9b7ef553bedd9688,12,9,train,11204662662977656456,pointer,W,B,B,True,W,False,False,2.788722276687622,0.0625,-0.25,0.0625,3.2273071061377716,1,B V H,P,False,False,3.3152360916137695,0.85546875,0.7017130851745605,False,1.2096993923187256
train-029222-9b7ef553bedd9688,12,10,train,11204662662977656456,pointer,W,B,V,False,W,False,False,2.896881341934204,-0.0625,-0.25,0.0625,3.2299296738843095,2,B V H,P,False,False,3.219914674758911,0.87109375,0.7049732804298401,False,1.2206891775131226
train-029222-9b7ef553bedd9688,12,11,train,11204662662977656456,pointer,W,B,I,False,W,False,False,3.231370687484741,-0.4375,-0.25,0.0625,3.227072790043887,12,B V H,P,False,False,3.2089591026306152,0.8828125,0.7074047327041626,False,1.2289648056030273
train-029222-9b7ef553bedd9688,12,12,train,11204662662977656456,pointer,W,B,W,False,W,False,False,3.0334479808807373,-0.25,-0.25,0.125,3.2279298740014886,6,B V H,P,False,False,3.2043886184692383,0.890625,0.709019124507904,True,0.3438727557659149
train-023994-7b530fa831d97e35,1,1,train,8886463704797380149,pointer,G,Z,Z,True,Z,True,False,5.960462772236497e-07,15.6875,15.6875,15.6875,1.112138000308472e-05,1,Z X A,Z,True,True,0.0010044296504929662,-0.9140625,0.28616926074028015,True,1.2511719465255737
train-023994-7b530fa831d97e35,1,2,train,8886463704797380149,pointer,G,O,,,Z,False,True,,,-12.5,10.6875,0.0011041559978623079,,O F D,X,,False,,-0.54296875,0.3674972355365753,,
train-023994-7b530fa831d97e35,1,3,train,8886463704797380149,pointer,G,T,,,Z,False,True,,,-4.0,1.5625,2.1937617212502936,,T S A,Z,,False,,-0.041748046875,0.48956453800201416,,
train-023994-7b530fa831d97e35,1,4,train,8886463704797380149,pointer,G,T,,,Z,False,True,,,-2.9375,1.125,2.7495897150273856,,T S O,I,,False,,0.3359375,0.5832033753395081,,
train-023994-7b530fa831d97e35,1,5,train,8886463704797380149,pointer,G,T,,,Z,False,True,,,-2.5,1.0,2.9198948735787926,,T S O,I,,False,,0.56640625,0.6379335522651672,,
train-023994-7b530fa831d97e35,1,6,train,8886463704797380149,pointer,G,T,,,Z,False,True,,,-2.375,1.0,2.9498821790132146,,T O S,P,,False,,0.703125,0.66888028383255,,
train-023994-7b530fa831d97e35,1,7,train,8886463704797380149,pointer,G,T,,,Z,False,True,,,-2.375,1.0,2.946108095493599,,T O S,P,,False,,0.78515625,0.6867902874946594,,
train-023994-7b530fa831d97e35,1,8,train,8886463704797380149,pointer,G,T,,,Z,False,True,,,-2.375,1.0,2.9471649542642293,,T O S,P,,False,,0.8359375,0.6976089477539062,,
train-023994-7b530fa831d97e35,1,9,train,8886463704797380149,pointer,G,T,,,Z,False,True,,,-2.375,1.0,2.9477175299463623,,T O S,P,,False,,0.86328125,0.703345775604248,,
train-023994-7b530fa831d97e35,1,10,train,8886463704797380149,pointer,G,T,,,Z,False,True,,,-2.375,1.0,2.9477175299463623,,T O S,P,,False,,0.8828125,0.7074047327041626,,
train-023994-7b530fa831d97e35,1,11,train,8886463704797380149,pointer,G,T,,,Z,False,True,,,-2.375,1.0,2.9477175299463623,,T O S,P,,False,,0.890625,0.709019124507904,,
train-023994-7b530fa831d97e35,1,12,train,8886463704797380149,pointer,G,T,,,Z,False,True,,,-2.375,1.0,2.945612028530377,,T O S,P,,False,,0.8984375,0.7106282711029053,,
train-020791-96695dc76ed46aeb,2,1,train,10838297089383099115,pointer,E,W,W,True,V,False,False,6.6756979322235566e-06,13.3125,-13.671875,13.3125,0.0001007850390984359,1,W Z J,W,True,True,0.00866900384426117,-0.8984375,0.28937169909477234,False,0.3416057825088501
train-020791-96695dc76ed46aeb,2,2,train,10838297089383099115,pointer,E,V,V,True,V,True,False,0.143917515873909,1.875,1.875,1.875,0.4043344234843285,1,V W D,X,False,False,3.4296252727508545,-0.49609375,0.378459095954895,True,0.9716472625732422
train-020791-96695dc76ed46aeb,2,3,train,10838297089383099115,pointer,E,V,,,V,True,True,,,0.8125,0.8125,2.7175639398877474,,V W C,J,,False,,0.00469970703125,0.5011749267578125,,
train-020791-96695dc76ed46aeb,2,4,train,10838297089383099115,pointer,E,W,,,V,False,True,,,-0.125,0.125,3.1908019371920853,,W V H,J,,False,,0.375,0.5926666259765625,,
train-020791-96695dc76ed46aeb,2,5,train,10838297089383099115,pointer,E,G,,,V,False,True,,,-0.1875,0.0,3.2256462177239955,,G H W,U,,False,,0.59765625,0.6451199054718018,,
train-020791-96695dc76ed46aeb,2,6,train,10838297089383099115,pointer,E,G,,,V,False,True,,,-0.25,0.0625,3.2256165599486994,,G H W,U,,False,,0.7265625,0.6740504503250122,,
train-020791-96695dc76ed46aeb,2,7,train,10838297089383099115,pointer,E,G,,,V,False,True,,,-0.25,0.0625,3.2251764112259482,,G H W,U,,False,,0.80078125,0.6901415586471558,,
train-020791-96695dc76ed46aeb,2,8,train,10838297089383099115,pointer,E,G,,,V,False,True,,,-0.25,0.0625,3.226913186538011,,G H W,U,,False,,0.84375,0.6992544531822205,,
train-020791-96695dc76ed46aeb,2,9,train,10838297089383099115,pointer,E,G,,,V,False,True,,,-0.25,0.0625,3.2273327439870356,,G H W,P,,False,,0.87109375,0.7049732804298401,,
train-020791-96695dc76ed46aeb,2,10,train,10838297089383099115,pointer,E,G,,,V,False,True,,,-0.25,0.0625,3.2278823451767464,,G H W,P,,False,,0.88671875,0.7082125544548035,,
train-020791-96695dc76ed46aeb,2,11,train,10838297089383099115,pointer,E,G,,,V,False,True,,,-0.25,0.0,3.227426313750892,,G H W,P,,False,,0.89453125,0.7098243832588196,,
train-020791-96695dc76ed46aeb,2,12,train,10838297089383099115,pointer,E,G,,,V,False,True,,,-0.25,0.0625,3.226011018194548,,G H W,P,,False,,0.90234375,0.7114308476448059,,
train-003971-c5f6362c2374a558,3,1,train,14264648432943932760,pointer,T,N,N,True,N,True,False,0.0011449456214904785,7.8125,7.8125,7.8125,0.011045795075515568,1,N A V,N,True,True,0.009260558523237705,-0.90234375,0.2885690927505493,False,0.34047698974609375
train-003971-c5f6362c2374a558,3,2,train,14264648432943932760,pointer,T,T,T,True,N,False,False,0.0001833270798670128,8.625,-8.625,8.625,0.0017887482530893866,1,T N D,X,False,False,3.3533647060394287,-0.55078125,0.3656831681728363,False,0.4552067518234253
train-003971-c5f6362c2374a558,3,3,train,14264648432943932760,pointer,T,T,N,False,N,False,False,1.3533358573913574,-0.5625,-0.5625,0.5625,1.8873782477942438,2,T N O,J,False,False,3.363821029663086,-0.022705078125,0.4943239390850067,True,0.7045641541481018
train-003971-c5f6362c2374a558,3,4,train,14264648432943932760,pointer,T,T,,,N,False,True,,,-0.125,0.125,2.3012746681425225,,T N H,Z,,False,,0.37109375,0.5917232036590576,,
train-003971-c5f6362c2374a558,3,5,train,14264648432943932760,pointer,T,T,,,N,False,True,,,-0.125,0.125,2.3451694574038715,,T N H,Z,,False,,0.609375,0.6477982401847839,,
train-003971-c5f6362c2374a558,3,6,train,14264648432943932760,pointer,T,T,,,N,False,True,,,-0.125,0.125,2.3612396177808894,,T N S,Z,,False,,0.75,0.6791787147521973,,
train-003971-c5f6362c2374a558,3,7,train,14264648432943932760,pointer,T,T,,,N,False,True,,,-0.1875,0.1875,2.362360816545739,,T N S,Z,,False,,0.83203125,0.696784257888794,,
train-003971-c5f6362c2374a558,3,8,train,14264648432943932760,pointer,T,T,,,N,False,True,,,-0.125,0.125,2.3503389900658997,,T N S,Z,,False,,0.875,0.7057850360870361,,
train-003971-c5f6362c2374a558,3,9,train,14264648432943932760,pointer,T,T,,,N,False,True,,,-0.125,0.125,2.3453801676129458,,T N S,Z,,False,,0.90625,0.7122321724891663,,
train-003971-c5f6362c2374a558,3,10,train,14264648432943932760,pointer,T,T,,,N,False,True,,,-0.1875,0.1875,2.3513841180985224,,T N S,Z,,False,,0.921875,0.7154240012168884,,
train-003971-c5f6362c2374a558,3,11,train,14264648432943932760,pointer,T,T,,,N,False,True,,,-0.125,0.125,2.3592718764182803,,T N S,Z,,False,,0.93359375,0.7178038358688354,,
train-003971-c5f6362c2374a558,3,12,train,14264648432943932760,pointer,T,T,,,N,False,True,,,-0.125,0.125,2.3521979417219843,,T N S,Z,,False,,0.9375,0.7185943722724915,,
train-005709-276642cdfa2b90a2,4,1,train,2839030067536564386,pointer,I,G,G,True,L,False,False,3.0040289857424796e-05,11.75,-16.328125,11.75,0.0004108418057303045,1,G D R,G,True,True,0.004576209932565689,-0.828125,0.30404168367385864,False,0.362465500831604
train-005709-276642cdfa2b90a2,4,2,train,2839030067536564386,pointer,I,O,O,True,L,False,False,0.02581729181110859,3.875,-8.75,3.875,0.14404628850003778,1,O G D,X,False,False,3.6060824394226074,-0.4921875,0.37937837839126587,False,0.47703373432159424
train-005709-276642cdfa2b90a2,4,3,train,2839030067536564386,pointer,I,C,C,True,L,False,False,1.6386761665344238,0.3125,-1.9375,0.3125,2.7573369519924524,1,C G O,G,False,False,3.406996488571167,-0.0026092529296875,0.4993477165699005,False,0.6918433904647827
train-005709-276642cdfa2b90a2,4,4,train,2839030067536564386,pointer,I,C,L,False,L,False,False,2.755197525024414,-1.0,-1.0,0.625,2.9143982326164455,5,C G W,I,False,False,3.3734042644500732,0.369140625,0.5912513136863708,True,0.5255141258239746
train-005709-276642cdfa2b90a2,4,5,train,2839030067536564386,pointer,I,C,,,L,False,True,,,-0.75,0.6875,2.9107603680843344,,C W G,P,,False,,0.59765625,0.6451199054718018,,
train-005709-276642cdfa2b90a2,4,6,train,2839030067536564386,pointer,I,C,,,L,False,True,,,-0.6875,0.625,2.909969577731174,,C W L,P,,False,,0.734375,0.6757646203041077,,
train-005709-276642cdfa2b90a2,4,7,train,2839030067536564386,pointer,I,C,,,L,False,True,,,-0.6875,0.625,2.9051783433476266,,C W L,P,,False,,0.8125,0.6926419734954834,,
train-005709-276642cdfa2b90a2,4,8,train,2839030067536564386,pointer,I,C,,,L,False,True,,,-0.6875,0.625,2.9051783433476266,,C W L,P,,False,,0.86328125,0.703345775604248,,
train-005709-276642cdfa2b90a2,4,9,train,2839030067536564386,pointer,I,C,,,L,False,True,,,-0.6875,0.625,2.9078176905839586,,C W L,P,,False,,0.890625,0.709019124507904,,
train-005709-276642cdfa2b90a2,4,10,train,2839030067536564386,pointer,I,C,,,L,False,True,,,-0.6875,0.625,2.90306816679177,,C W L,P,,False,,0.91015625,0.7130321860313416,,
train-005709-276642cdfa2b90a2,4,11,train,2839030067536564386,pointer,I,C,,,L,False,True,,,-0.6875,0.6875,2.9044808384267786,,C L W,P,,False,,0.91796875,0.7146279811859131,,
train-005709-276642cdfa2b90a2,4,12,train,2839030067536564386,pointer,I,C,,,L,False,True,,,-0.625,0.5625,2.9083823484756786,,C W L,P,,False,,0.92578125,0.7162185907363892,,
train-023377-86e7f9e2cbcec1d3,5,1,train,9721013073179754963,pointer,J,C,C,True,K,False,False,0.003619193332269788,5.6875,-13.78125,5.6875,0.025258403582754933,1,C A I,C,True,True,0.019494954496622086,-0.9140625,0.28616926074028015,False,0.33710944652557373
train-023377-86e7f9e2cbcec1d3,5,2,train,9721013073179754963,pointer,J,Q,Q,True,K,False,False,0.007691293489187956,5.375,-9.125,5.375,0.05925315930774456,1,Q C D,B,False,False,3.6760644912719727,-0.5234375,0.3720487952232361,False,0.4652928113937378
train-023377-86e7f9e2cbcec1d3,5,3,train,9721013073179754963,pointer,J,K,K,True,K,True,False,0.46403321623802185,1.875,1.875,1.875,1.57465872360343,1,K M B,Z,False,False,3.428530216217041,-0.0128173828125,0.4967956840991974,False,0.6867589950561523
train-023377-86e7f9e2cbcec1d3,5,4,train,9721013073179754963,pointer,J,K,K,True,K,True,False,0.7854818105697632,0.9375,0.9375,0.9375,1.964431213106265,1,K M B,I,False,False,3.4132604598999023,0.36328125,0.5898345112800598,False,0.8911945223808289
train-023377-86e7f9e2cbcec1d3,5,5,train,9721013073179754963,pointer,J,K,K,True,K,True,False,0.8753406405448914,0.8125,0.8125,0.8125,2.055353600687945,1,K M B,I,False,False,3.3646738529205322,0.59375,0.6442250609397888,True,0.43970704078674316
train-023377-86e7f9e2cbcec1d3,5,6,train,9721013073179754963,pointer,J,K,,,K,True,True,,,0.8125,0.8125,2.075632323711484,,K M B,P,,False,,0.734375,0.6757646203041077,,
train-023377-86e7f9e2cbcec1d3,5,7,train,9721013073179754963,pointer,J,K,,,K,True,True,,,0.8125,0.8125,2.0646952386835298,,K M B,P,,False,,0.81640625,0.6934729218482971,,
train-023377-86e7f9e2cbcec1d3,5,8,train,9721013073179754963,pointer,J,K,,,K,True,True,,,0.875,0.875,2.0545015426962285,,K M B,P,,False,,0.86328125,0.703345775604248,,
train-023377-86e7f9e2cbcec1d3,5,9,train,9721013073179754963,pointer,J,K,,,K,True,True,,,0.8125,0.8125,2.065933100614075,,K M B,P,,False,,0.89453125,0.7098243832588196,,
train-023377-86e7f9e2cbcec1d3,5,10,train,9721013073179754963,pointer,J,K,,,K,True,True,,,0.8125,0.8125,2.072074157073226,,K M B,P,,False,,0.91015625,0.7130321860313416,,
train-023377-86e7f9e2cbcec1d3,5,11,train,9721013073179754963,pointer,J,K,,,K,True,True,,,0.8125,0.8125,2.0674183440440097,,K M B,P,,False,,0.921875,0.7154240012168884,,
train-023377-86e7f9e2cbcec1d3,5,12,train,9721013073179754963,pointer,J,K,,,K,True,True,,,0.8125,0.8125,2.0733867827970585,,K M B,P,,False,,0.9296875,0.7170118689537048,,
train-008492-240e76925130107c,6,1,train,2598144405838762108,pointer,D,I,I,True,Y,False,False,7.199982064776123e-05,10.75,-16.5,10.75,0.0009187337187088217,1,I S A,I,True,True,0.004878522362560034,-0.91796875,0.28537195920944214,False,0.33599305152893066
train-008492-240e76925130107c,6,2,train,2598144405838762108,pointer,D,G,G,True,Y,False,False,0.026875050738453865,3.625,-9.9375,3.625,0.12616865377402967,1,G X I,X,False,False,3.3820641040802,-0.56640625,0.36206647753715515,False,0.44952118396759033
train-008492-240e76925130107c,6,3,train,2598144405838762108,pointer,D,X,X,True,Y,False,False,1.4057540893554688,1.3125,-2.375,1.3125,2.907989432946812,1,X E G,I,False,False,3.1928999423980713,-0.04833984375,0.487917423248291,False,0.669269323348999
train-008492-240e76925130107c,6,4,train,2598144405838762108,pointer,D,D,R,False,Y,False,False,3.4241349697113037,-0.75,-0.8125,0.25,3.230541864258513,19,D X A,I,False,False,3.344923973083496,0.337890625,0.5836780667304993,False,0.8762964010238647
train-008492-240e76925130107c,6,5,train,2598144405838762108,pointer,D,D,K,False,Y,False,False,3.3048880100250244,-0.625,-0.875,0.3125,3.2344465311970625,12,D A G,P,False,False,3.447575092315674,0.5703125,0.6388352513313293,False,1.0184211730957031
train-008492-240e76925130107c,6,6,train,2598144405838762108,pointer,D,D,Y,False,Y,False,False,3.574822425842285,-0.9375,-0.9375,0.375,3.2332452995855006,25,D A T,P,False,False,3.3932342529296875,0.70703125,0.6697448492050171,True,0.40085849165916443
train-008492-240e76925130107c,6,7,train,2598144405838762108,pointer,D,D,,,Y,False,True,,,-0.9375,0.3125,3.2331667218640687,,D A T,P,,False,,0.7890625,0.6876299977302551,,
train-008492-240e76925130107c,6,8,train,2598144405838762108,pointer,D,D,,,Y,False,True,,,-0.9375,0.3125,3.233700901780621,,D A T,P,,False,,0.8359375,0.6976089477539062,,
train-008492-240e76925130107c,6,9,train,2598144405838762108,pointer,D,D,,,Y,False,True,,,-0.875,0.3125,3.2354944865342987,,D A T,P,,False,,0.86328125,0.703345775604248,,
train-008492-240e76925130107c,6,10,train,2598144405838762108,pointer,D,D,,,Y,False,True,,,-0.9375,0.375,3.233314988669301,,D A G,P,,False,,0.87890625,0.7065955400466919,,
train-008492-240e76925130107c,6,11,train,2598144405838762108,pointer,D,D,,,Y,False,True,,,-0.9375,0.375,3.233019759471334,,D A G,P,,False,,0.88671875,0.7082125544548035,,
train-008492-240e76925130107c,6,12,train,2598144405838762108,pointer,D,D,,,Y,False,True,,,-0.9375,0.375,3.2332653012284935,,D A G,P,,False,,0.89453125,0.7098243832588196,,
train-020229-7c9aa3f3c6e63bb1,8,1,train,8978669074525862833,pointer,X,K,K,True,J,False,False,3.2066785934148356e-05,11.9375,-13.59375,11.9375,0.0004378760057062761,1,K A B,K,True,True,0.0052552176639437675,-0.95703125,0.27747297286987305,False,0.325000524520874
train-020229-7c9aa3f3c6e63bb1,8,2,train,8978669074525862833,pointer,X,W,W,True,J,False,False,3.242440288886428e-05,11.75,-12.5,11.75,0.0004515704362292833,1,W D C,X,False,False,3.3557753562927246,-0.54296875,0.3674972355365753,False,0.4580707550048828
train-020229-7c9aa3f3c6e63bb1,8,3,train,8978669074525862833,pointer,X,D,R,False,J,False,False,2.4382877349853516,-0.5,-0.9375,0.5,3.0483216018305694,2,D R W,J,False,False,3.275407314300537,-0.0302734375,0.49243220686912537,False,0.6781249642372131
train-020229-7c9aa3f3c6e63bb1,8,4,train,8978669074525862833,pointer,X,M,M,True,J,False,False,2.4163732528686523,0.1875,-1.0,0.1875,3.192031287607654,1,M Q T,U,False,False,3.2617273330688477,0.34375,0.5851011276245117,False,0.8797205090522766
train-020229-7c9aa3f3c6e63bb1,8,5,train,8978669074525862833,pointer,X,T,Q,False,J,False,False,3.124474287033081,-0.5625,-0.8125,0.125,3.2215859865462795,4,T M G,U,False,False,3.2394373416900635,0.56640625,0.6379335522651672,False,1.0159274339675903
train-020229-7c9aa3f3c6e63bb1,8,6,train,8978669074525862833,pointer,X,T,Y,False,J,False,False,3.475330114364624,-0.9375,-0.875,0.25,3.224324658157559,24,T M G,U,False,False,3.3110511302948,0.69921875,0.6680145263671875,False,1.1026641130447388
train-020229-7c9aa3f3c6e63bb1,8,7,train,8978669074525862833,pointer,X,T,D,False,J,False,False,3.2371809482574463,-0.6875,-0.8125,0.25,3.2248563372127115,8,T M G,U,False,False,3.2836356163024902,0.77734375,0.6851073503494263,False,1.1555235385894775
train-020229-7c9aa3f3c6e63bb1,8,8,train,8978669074525862833,pointer,X,T,J,False,J,False,False,3.3641517162323,-0.8125,-0.8125,0.25,3.2253125781582566,14,T M G,U,False,False,3.262763738632202,0.82421875,0.6951311230659485,True,0.3636547923088074
train-020229-7c9aa3f3c6e63bb1,8,9,train,8978669074525862833,pointer,X,T,,,J,False,True,,,-0.875,0.3125,3.2258346166512486,,T M G,U,,False,,0.8515625,0.700894832611084,,
train-020229-7c9aa3f3c6e63bb1,8,10,train,8978669074525862833,pointer,X,T,,,J,False,True,,,-0.875,0.3125,3.222805309697168,,T M G,U,,False,,0.8671875,0.7041601538658142,,
train-020229-7c9aa3f3c6e63bb1,8,11,train,8978669074525862833,pointer,X,T,,,J,False,True,,,-0.8125,0.25,3.225312578158257,,T M G,U,,False,,0.87890625,0.7065955400466919,,
train-020229-7c9aa3f3c6e63bb1,8,12,train,8978669074525862833,pointer,X,T,,,J,False,True,,,-0.875,0.3125,3.225761192736431,,T M G,U,,False,,0.8828125,0.7074047327041626,,
train-014821-3183b84ebac7680b,10,1,train,3567897978088155147,pointer,K,S,S,True,L,False,False,5.864924969500862e-05,11.15625,-14.984375,11.15625,0.0007756441710320835,1,S A R,S,True,True,0.0042577809654176235,-0.76953125,0.31658050417900085,False,0.3806464672088623
train-014821-3183b84ebac7680b,10,2,train,3567897978088155147,pointer,K,H,H,True,L,False,False,0.003065412864089012,7.6875,-9.1875,7.6875,0.028995303690677668,1,H J S,X,False,False,3.553987741470337,-0.435546875,0.39280253648757935,False,0.4989013075828552
train-014821-3183b84ebac7680b,10,3,train,3567897978088155147,pointer,K,R,V,False,L,False,False,1.871290922164917,-0.6875,-2.6875,0.6875,2.6312733233599674,2,R V H,T,False,False,3.2870447635650635,0.037353515625,0.509337306022644,False,0.7119983434677124
train-014821-3183b84ebac7680b,10,4,train,3567897978088155147,pointer,K,R,R,True,L,False,False,2.4469106197357178,0.1875,-0.8125,0.1875,3.1961170391298386,1,R V K,P,False,False,3.4329214096069336,0.380859375,0.5940803289413452,False,0.9016000628471375
train-014821-3183b84ebac7680b,10,5,train,3567897978088155147,pointer,K,K,B,False,L,False,False,3.319944381713867,-0.5,-0.375,0.0,3.2264827294917824,11,K R T,P,False,False,3.255281686782837,0.58984375,0.6433292627334595,False,1.0309423208236694
train-014821-3183b84ebac7680b,10,6,train,3567897978088155147,pointer,K,K,E,False,L,False,False,3.4592463970184326,-0.625,-0.375,0.0625,3.2319012290091464,21,K R T,P,False,False,3.1262218952178955,0.71484375,0.671470582485199,False,1.113128900527954
train-014821-3183b84ebac7680b,10,7,train,3567897978088155147,pointer,K,K,O,False,L,False,False,3.4106345176696777,-0.5625,-0.3125,0.0,3.2299784004151593,20,K T R,P,False,False,3.155977964401245,0.79296875,0.6884684562683105,False,1.1662545204162598
train-014821-3183b84ebac7680b,10,8,train,3567897978088155147,pointer,K,K,Z,False,L,False,False,3.204918146133423,-0.375,-0.375,0.0625,3.2313325463190252,9,K R T,P,False,False,3.2207627296447754,0.8359375,0.6976089477539062,False,1.1960341930389404
train-014821-3183b84ebac7680b,10,9,train,3567897978088155147,pointer,K,K,P,False,L,False,False,3.0055510997772217,-0.1875,-0.375,0.0625,3.2311201837932666,5,K R T,P,True,False,3.01878023147583,0.86328125,0.703345775604248,False,1.2151880264282227
train-014821-3183b84ebac7680b,10,10,train,3567897978088155147,pointer,K,K,L,False,L,False,False,3.164486885070801,-0.3125,-0.3125,0.0,3.23084006695112,7,K T R,P,False,False,3.2574682235717773,0.87890625,0.7065955400466919,True,0.34729689359664917
train-014821-3183b84ebac7680b,10,11,train,3567897978088155147,pointer,K,K,,,L,False,True,,,-0.375,0.0625,3.2316151613809554,,K R T,P,,False,,0.88671875,0.7082125544548035,,
train-014821-3183b84ebac7680b,10,12,train,3567897978088155147,pointer,K,K,,,L,False,True,,,-0.375,0.0625,3.2303006522811555,,K R T,P,,False,,0.89453125,0.7098243832588196,,
train-010574-c0bb923f113f8b6c,12,1,train,13887854675497028460,pointer,G,Z,Z,True,D,False,False,1.0609570381348021e-05,11.6875,-18.46875,11.6875,0.00014226613255988152,1,Z G J,Z,True,True,0.0010351543314754963,-0.9453125,0.2798284888267517,False,0.328265905380249
train-010574-c0bb923f113f8b6c,12,2,train,13887854675497028460,pointer,G,L,L,True,D,False,False,3.373566141817719e-05,10.8125,-10.8125,10.8125,0.0004278389604250256,1,L D C,X,False,False,2.9269394874572754,-0.5625,0.36296918988227844,False,0.45093727111816406
train-010574-c0bb923f113f8b6c,12,3,train,13887854675497028460,pointer,G,P,U,False,D,False,False,1.665925145149231,-0.1875,-2.4375,0.1875,2.685123934486803,2,P U V,J,False,False,3.3177545070648193,-0.04736328125,0.4881613850593567,False,0.669745922088623
train-010574-c0bb923f113f8b6c,12,4,train,13887854675497028460,pointer,G,P,H,False,D,False,False,2.5792667865753174,-0.3125,-1.1875,0.3125,3.1345339983126275,2,P H G,I,False,False,3.3287293910980225,0.341796875,0.5846269726753235,False,0.878578245639801
train-010574-c0bb923f113f8b6c,12,5,train,13887854675497028460,pointer,G,G,P,False,D,False,False,2.5882151126861572,0.0,-0.75,0.0,3.1886437107545005,2,G P H,I,False,False,3.068812131881714,0.57421875,0.6397360563278198,False,1.020918369293213
train-010574-c0bb923f113f8b6c,12,6,train,13887854675497028460,pointer,G,G,X,False,D,False,False,3.8075530529022217,-1.25,-0.75,0.125,3.195522448332882,26,G H P,I,False,False,3.3468878269195557,0.71484375,0.671470582485199,False,1.113128900527954
train-010574-c0bb923f113f8b6c,12,7,train,13887854675497028460,pointer,G,G,J,False,D,False,False,3.2491326332092285,-0.6875,-0.75,0.125,3.196395894166616,10,G H P,P,False,False,3.2128703594207764,0.79296875,0.6884684562683105,False,1.1662545204162598
train-010574-c0bb923f113f8b6c,12,8,train,13887854675497028460,pointer,G,G,O,False,D,False,False,3.4976134300231934,-0.9375,-0.75,0.125,3.19560468118127,17,G H P,P,False,False,3.1809799671173096,0.8359375,0.6976089477539062,False,1.1960341930389404
train-010574-c0bb923f113f8b6c,12,9,train,13887854675497028460,pointer,G,G,M,False,D,False,False,3.618910074234009,-1.0625,-0.75,0.125,3.194546313947446,22,G H P,P,False,False,3.3851866722106934,0.8671875,0.7041601538658142,False,1.2179369926452637
train-010574-c0bb923f113f8b6c,12,10,train,13887854675497028460,pointer,G,G,C,False,D,False,False,3.601334810256958,-1.0625,-0.8125,0.125,3.1923427370565096,21,G H P,P,False,False,3.3824408054351807,0.8828125,0.7074047327041626,False,1.2289648056030273
train-010574-c0bb923f113f8b6c,12,11,train,13887854675497028460,pointer,G,G,S,False,D,False,False,3.5371804237365723,-1.0,-0.8125,0.125,3.191615609089498,18,G H P,P,False,False,3.354703903198242,0.890625,0.709019124507904,False,1.2344977855682373
train-010574-c0bb923f113f8b6c,12,12,train,13887854675497028460,pointer,G,G,D,False,D,False,False,3.325167655944824,-0.8125,-0.8125,0.1875,3.194560685971378,13,G H P,P,False,False,3.2862558364868164,0.89453125,0.7098243832588196,True,0.34273770451545715
train-002061-c2d311c993169188,1,1,train,14038584020897796488,pointer,U,B,B,True,B,True,False,2.3841830625315197e-06,13.6875,13.6875,13.6875,3.554802617178477e-05,1,B R C,B,True,True,0.020039362832903862,-0.96875,0.2751297354698181,True,1.2905125617980957
train-002061-c2d311c993169188,1,2,train,14038584020897796488,pointer,U,K,,,B,False,True,,,-14.875,4.875,0.04475901181162621,,K X J,X,,False,,-0.578125,0.3593641221523285,,
train-002061-c2d311c993169188,1,3,train,14038584020897796488,pointer,U,X,,,B,False,True,,,-4.0625,0.75,1.5341015004981402,,X K A,J,,False,,-0.076171875,0.4809662401676178,,
train-002061-c2d311c993169188,1,4,train,14038584020897796488,pointer,U,K,,,B,False,True,,,-1.25,0.5,2.895854445728751,,K X B,J,,False,,0.3125,0.5774953961372375,,
train-002061-c2d311c993169188,1,5,train,14038584020897796488,pointer,U,K,,,B,False,True,,,-0.875,0.75,3.0049425085506263,,K X B,Z,,False,,0.55078125,0.6343168616294861,,
train-002061-c2d311c993169188,1,6,train,14038584020897796488,pointer,U,K,,,B,False,True,,,-0.8125,0.8125,3.013527986347806,,K B X,Z,,False,,0.69140625,0.666279673576355,,
train-002061-c2d311c993169188,1,7,train,14038584020897796488,pointer,U,K,,,B,False,True,,,-0.8125,0.8125,3.018185387686733,,K B X,P,,False,,0.77734375,0.6851073503494263,,
train-002061-c2d311c993169188,1,8,train,14038584020897796488,pointer,U,K,,,B,False,True,,,-0.8125,0.8125,3.021091356693121,,K B X,P,,False,,0.828125,0.6959583163261414,,
train-002061-c2d311c993169188,1,9,train,14038584020897796488,pointer,U,K,,,B,False,True,,,-0.8125,0.8125,3.0226428822815756,,K B X,P,,False,,0.85546875,0.7017130851745605,,
train-002061-c2d311c993169188,1,10,train,14038584020897796488,pointer,U,K,,,B,False,True,,,-0.75,0.75,3.0239176318585494,,K B X,P,,False,,0.875,0.7057850360870361,,
train-002061-c2d311c993169188,1,11,train,14038584020897796488,pointer,U,K,,,B,False,True,,,-0.8125,0.8125,3.0203164452324964,,K B X,P,,False,,0.88671875,0.7082125544548035,,
train-002061-c2d311c993169188,1,12,train,14038584020897796488,pointer,U,K,,,B,False,True,,,-0.75,0.75,3.022162425720571,,K B X,P,,False,,0.890625,0.709019124507904,,
train-021745-58b55edc60d51af4,2,1,train,6392119546732681972,pointer,V,Z,Z,True,T,False,False,3.576278118089249e-07,16.375,-22.1640625,16.375,5.316582213660778e-06,1,Z U A,Z,True,True,0.0007385863573290408,-0.90625,0.28776782751083374,False,0.3393512964248657
train-021745-58b55edc60d51af4,2,2,train,6392119546732681972,pointer,V,T,T,True,T,True,False,4.017272294731811e-05,10.5625,10.5625,10.5625,0.0005080120569943901,1,T N S,X,False,False,3.504563570022583,-0.51953125,0.3729618489742279,True,0.9862791895866394
train-021745-58b55edc60d51af4,2,3,train,6392119546732681972,pointer,V,T,,,T,True,True,,,2.25,2.25,2.133597559771472,,T N Q,Z,,False,,-0.01953125,0.4951173663139343,,
train-021745-58b55edc60d51af4,2,4,train,6392119546732681972,pointer,V,T,,,T,True,True,,,0.0625,0.0625,3.2307693243027225,,T N Z,I,,False,,0.36328125,0.5898345112800598,,
train-021745-58b55edc60d51af4,2,5,train,6392119546732681972,pointer,V,T,,,T,True,True,,,0.0625,0.0625,3.2342234605572395,,T N Z,P,,False,,0.58984375,0.6433292627334595,,
train-021745-58b55edc60d51af4,2,6,train,6392119546732681972,pointer,V,T,,,T,True,True,,,0.125,0.125,3.2352289966653247,,T N Z,P,,False,,0.72265625,0.6731916666030884,,
train-021745-58b55edc60d51af4,2,7,train,6392119546732681972,pointer,V,T,,,T,True,True,,,0.125,0.125,3.234705906220914,,T N Z,P,,False,,0.80078125,0.6901415586471558,,
train-021745-58b55edc60d51af4,2,8,train,6392119546732681972,pointer,V,T,,,T,True,True,,,0.0625,0.0625,3.235859857654477,,T N Z,P,,False,,0.84375,0.6992544531822205,,
train-021745-58b55edc60d51af4,2,9,train,6392119546732681972,pointer,V,T,,,T,True,True,,,0.0625,0.0625,3.234992131822986,,T N Z,P,,False,,0.87109375,0.7049732804298401,,
train-021745-58b55edc60d51af4,2,10,train,6392119546732681972,pointer,V,T,,,T,True,True,,,0.125,0.125,3.234951291410516,,T N Z,P,,False,,0.88671875,0.7082125544548035,,
train-021745-58b55edc60d51af4,2,11,train,6392119546732681972,pointer,V,T,,,T,True,True,,,0.125,0.125,3.234496317060227,,T N Z,P,,False,,0.89453125,0.7098243832588196,,
train-021745-58b55edc60d51af4,2,12,train,6392119546732681972,pointer,V,T,,,T,True,True,,,0.0625,0.0625,3.2344367843522415,,T N Z,P,,False,,0.8984375,0.7106282711029053,,
train-024518-66e0df9bb1707859,3,1,train,7413170846441699417,pointer,X,Z,Z,True,F,False,False,7.152555099310121e-07,14.875,-21.046875,14.875,1.304364827966555e-05,1,Z X A,Z,True,True,0.0015607806853950024,-0.9375,0.28140562772750854,False,0.3304581642150879
train-024518-66e0df9bb1707859,3,2,train,7413170846441699417,pointer,X,P,P,True,F,False,False,0.0002703301142901182,8.6875,-14.625,8.6875,0.002942750559386164,1,P Z D,X,False,False,2.965599775314331,-0.5546875,0.3647775650024414,False,0.45378005504608154
train-024518-66e0df9bb1707859,3,3,train,7413170846441699417,pointer,X,P,F,False,F,False,False,4.308803558349609,-3.4375,-3.4375,1.5,2.3656360192098727,16,P J B,J,False,False,3.359097719192505,-0.0390625,0.4902356266975403,True,0.7128691673278809
train-024518-66e0df9bb1707859,3,4,train,7413170846441699417,pointer,X,P,,,F,False,True,,,-2.0625,0.4375,2.819651202346386,,P B J,I,,False,,0.34765625,0.5860491394996643,,
train-024518-66e0df9bb1707859,3,5,train,7413170846441699417,pointer,X,P,,,F,False,True,,,-1.875,0.125,2.8420301336861975,,P B Z,I,,False,,0.5859375,0.642432451248169,,
train-024518-66e0df9bb1707859,3,6,train,7413170846441699417,pointer,X,B,,,F,False,True,,,-1.8125,0.0,2.8397120348696783,,B P Z,P,,False,,0.72265625,0.6731916666030884,,
train-024518-66e0df9bb1707859,3,7,train,7413170846441699417,pointer,X,P,,,F,False,True,,,-1.8125,0.0625,2.8394662316238612,,P B Z,P,,True,,0.8046875,0.6909762620925903,,
train-024518-66e0df9bb1707859,3,8,train,7413170846441699417,pointer,X,P,,,F,False,True,,,-1.8125,0.0625,2.8424217851481637,,P B Z,P,,True,,0.8515625,0.700894832611084,,
train-024518-66e0df9bb1707859,3,9,train,7413170846441699417,pointer,X,P,,,F,False,True,,,-1.8125,0.0625,2.84606040317563,,P B Z,P,,True,,0.87890625,0.7065955400466919,,
train-024518-66e0df9bb1707859,3,10,train,7413170846441699417,pointer,X,P,,,F,False,True,,,-1.8125,0.0625,2.848574129480568,,P B Z,P,,True,,0.8984375,0.7106282711029053,,
train-024518-66e0df9bb1707859,3,11,train,7413170846441699417,pointer,X,P,,,F,False,True,,,-1.8125,0.0625,2.8511819369880453,,P B Z,P,,True,,0.90625,0.7122321724891663,,
train-024518-66e0df9bb1707859,3,12,train,7413170846441699417,pointer,X,P,,,F,False,True,,,-1.8125,0.0625,2.8394662316238612,,P B Z,P,,True,,0.9140625,0.7138307690620422,,
train-035184-285d48899940e5a1,4,1,train,2908560690170095009,pointer,M,Z,Z,True,U,False,False,1.7881377516459906e-06,14.46875,-15.15625,14.46875,2.9070949079510512e-05,1,Z X A,Z,True,True,0.0011865011183544993,-0.9375,0.28140562772750854,False,0.3304581642150879
train-035184-285d48899940e5a1,4,2,train,2908560690170095009,pointer,M,C,C,True,U,False,False,9.190614218823612e-05,10.5,-14.3125,10.5,0.0011267154912357109,1,C B D,X,False,False,3.3514459133148193,-0.54296875,0.3674972355365753,False,0.4580707550048828
train-035184-285d48899940e5a1,4,3,train,2908560690170095009,pointer,M,M,I,False,U,False,False,4.33731746673584,-3.1875,-3.0,0.5,2.4053327134880873,15,M C V,Z,False,False,3.045393228530884,-0.039794921875,0.49005255103111267,False,0.6734476685523987
train-035184-285d48899940e5a1,4,4,train,2908560690170095009,pointer,M,M,U,False,U,False,False,3.2416577339172363,-0.6875,-0.6875,0.125,3.2059715654656373,10,M C B,I,False,False,3.1025474071502686,0.337890625,0.5836780667304993,True,0.5384057760238647
train-035184-285d48899940e5a1,4,5,train,2908560690170095009,pointer,M,M,,,U,False,True,,,-0.5,0.0625,3.2314065922303477,,M C G,U,,False,,0.56640625,0.6379335522651672,,
train-035184-285d48899940e5a1,4,6,train,2908560690170095009,pointer,M,M,,,U,False,True,,,-0.5,0.0625,3.232462638269469,,M C G,P,,False,,0.69921875,0.6680145263671875,,
train-035184-285d48899940e5a1,4,7,train,2908560690170095009,pointer,M,M,,,U,False,True,,,-0.5625,0.0625,3.230882319442841,,M C G,P,,False,,0.77734375,0.6851073503494263,,
train-035184-285d48899940e5a1,4,8,train,2908560690170095009,pointer,M,M,,,U,False,True,,,-0.5,0.0625,3.2329704555977603,,M C G,P,,False,,0.82421875,0.6951311230659485,,
train-035184-285d48899940e5a1,4,9,train,2908560690170095009,pointer,M,C,,,U,False,True,,,-0.5,0.0,3.232886051881399,,C M G,P,,False,,0.8515625,0.700894832611084,,
train-035184-285d48899940e5a1,4,10,train,2908560690170095009,pointer,M,C,,,U,False,True,,,-0.5,0.0,3.232223093171468,,C M G,P,,False,,0.8671875,0.7041601538658142,,
train-035184-285d48899940e5a1,4,11,train,2908560690170095009,pointer,M,M,,,U,False,True,,,-0.5,0.0625,3.2317495581627678,,M C G,P,,False,,0.875,0.7057850360870361,,
train-035184-285d48899940e5a1,4,12,train,2908560690170095009,pointer,M,C,,,U,False,True,,,-0.5,0.0,3.2318076323179024,,C M G,P,,False,,0.8828125,0.7074047327041626,,
train-015151-5a91fc41fae73eb8,5,1,train,6526274695349092024,pointer,Y,U,U,True,B,False,False,5.8053239627042785e-05,10.4375,-12.34375,10.4375,0.0007304362588784447,1,U A W,U,True,True,0.010502544231712818,-0.98828125,0.27125170826911926,False,0.3164268732070923
train-015151-5a91fc41fae73eb8,5,2,train,6526274695349092024,pointer,Y,A,A,True,B,False,False,0.28216058015823364,1.125,-8.5625,1.125,0.567023190526964,1,A P D,X,False,False,3.322519540786743,-0.6171875,0.35042136907577515,False,0.4314314126968384
train-015151-5a91fc41fae73eb8,5,3,train,6526274695349092024,pointer,Y,P,P,True,B,False,False,1.5345935821533203,0.125,-2.4375,0.125,2.7904941742741114,1,P F A,J,False,False,3.187883138656616,-0.08251953125,0.479381799697876,False,0.6527383923530579
train-015151-5a91fc41fae73eb8,5,4,train,6526274695349092024,pointer,Y,F,W,False,B,False,False,3.0357460975646973,-0.375,-0.6875,0.0625,3.2193032473640715,5,F P Y,P,False,False,3.2458560466766357,0.314453125,0.5779718160629272,False,0.8626832365989685
train-015151-5a91fc41fae73eb8,5,5,train,6526274695349092024,pointer,Y,P,B,False,B,False,False,3.2798800468444824,-0.3125,-0.3125,0.0625,3.241704299230415,12,P F W,P,False,True,3.1710293292999268,0.5546875,0.6352224349975586,True,0.45378005504608154
train-015151-5a91fc41fae73eb8,5,6,train,6526274695349092024,pointer,Y,P,,,B,False,True,,,-0.25,0.0,3.243010451643399,,P W T,P,,True,,0.69921875,0.6680145263671875,,
train-015151-5a91fc41fae73eb8,5,7,train,6526274695349092024,pointer,Y,P,,,B,False,True,,,-0.25,0.0625,3.2437964578990734,,P W A,P,,True,,0.78125,0.6859495043754578,,
train-015151-5a91fc41fae73eb8,5,8,train,6526274695349092024,pointer,Y,P,,,B,False,True,,,-0.25,0.0625,3.2434702297169666,,P T W,P,,True,,0.828125,0.6959583163261414,,
train-015151-5a91fc41fae73eb8,5,9,train,6526274695349092024,pointer,Y,P,,,B,False,True,,,-0.25,0.0,3.243613615756323,,P W T,P,,True,,0.859375,0.7025300860404968,,
train-015151-5a91fc41fae73eb8,5,10,train,6526274695349092024,pointer,Y,P,,,B,False,True,,,-0.25,0.0625,3.2436945162423614,,P W J,P,,True,,0.875,0.7057850360870361,,
train-015151-5a91fc41fae73eb8,5,11,train,6526274695349092024,pointer,Y,P,,,B,False,True,,,-0.25,0.0625,3.2439852322784812,,P T W,P,,True,,0.88671875,0.7082125544548035,,
train-015151-5a91fc41fae73eb8,5,12,train,6526274695349092024,pointer,Y,P,,,B,False,True,,,-0.1875,0.0,3.244070150912453,,P W J,P,,True,,0.89453125,0.7098243832588196,,
train-005837-e176bcc34fcb5b38,6,1,train,16246380252829014840,pointer,D,P,P,True,V,False,False,7.652943895664066e-05,10.375,-12.734375,10.375,0.0009604709915767734,1,P A U,P,True,True,0.0007535954937338829,-0.96875,0.2751297354698181,False,0.3217625617980957
train-005837-e176bcc34fcb5b38,6,2,train,16246380252829014840,pointer,D,L,L,True,V,False,False,0.005078155547380447,6.5,-9.625,6.5,0.04507109695740602,1,L P D,X,False,False,2.791346311569214,-0.578125,0.3593641221523285,False,0.4452941417694092
train-005837-e176bcc34fcb5b38,6,3,train,16246380252829014840,pointer,D,B,F,False,V,False,False,1.8757529258728027,-0.1875,-2.9375,0.1875,2.668953049261492,2,B F L,W,False,False,3.290942907333374,-0.0625,0.4843800365924835,False,0.6623854041099548
train-005837-e176bcc34fcb5b38,6,4,train,16246380252829014840,pointer,D,B,B,True,V,False,False,2.4601213932037354,0.0,-1.5,0.0,3.100219418821123,1,B F L,P,False,False,3.3678059577941895,0.322265625,0.5798763036727905,False,0.8672060966491699
train-005837-e176bcc34fcb5b38,6,5,train,16246380252829014840,pointer,D,B,Y,False,V,False,False,3.8434972763061523,-1.125,-1.0625,0.0,3.177323905220752,23,B D L,P,False,False,3.3477590084075928,0.5625,0.6370307803153992,False,1.013437271118164
train-005837-e176bcc34fcb5b38,6,6,train,16246380252829014840,pointer,D,D,V,False,V,False,False,3.7696609497070312,-1.0625,-1.0625,0.0,3.1854838954867657,22,D L B,P,False,False,3.1614954471588135,0.703125,0.66888028383255,True,0.4021502137184143
train-005837-e176bcc34fcb5b38,6,7,train,16246380252829014840,pointer,D,D,,,V,False,True,,,-1.0625,0.0,3.188239900560206,,D L B,P,,False,,0.78515625,0.6867902874946594,,
train-005837-e176bcc34fcb5b38,6,8,train,16246380252829014840,pointer,D,D,,,V,False,True,,,-1.0,0.0,3.1892318848398418,,D L B,P,,False,,0.8359375,0.6976089477539062,,
train-005837-e176bcc34fcb5b38,6,9,train,16246380252829014840,pointer,D,D,,,V,False,True,,,-1.0625,0.0625,3.187597011383082,,D L B,P,,False,,0.86328125,0.703345775604248,,
train-005837-e176bcc34fcb5b38,6,10,train,16246380252829014840,pointer,D,D,,,V,False,True,,,-1.0625,0.0625,3.189935313688092,,D B L,P,,False,,0.87890625,0.7065955400466919,,
train-005837-e176bcc34fcb5b38,6,11,train,16246380252829014840,pointer,D,D,,,V,False,True,,,-1.0625,0.0625,3.1890381569009114,,D L B,P,,False,,0.890625,0.709019124507904,,
train-005837-e176bcc34fcb5b38,6,12,train,16246380252829014840,pointer,D,D,,,V,False,True,,,-1.0625,0.0625,3.187597011383082,,D L B,P,,False,,0.89453125,0.7098243832588196,,
train-007467-5e3ed60da32ede03,8,1,train,6791100642181963267,pointer,X,G,G,True,B,False,False,0.00014101465058047324,8.9375,-14.46875,8.9375,0.0014507751622013258,1,G R C,G,True,True,0.004141207784414291,-0.859375,0.29746994376182556,False,0.35306715965270996
train-007467-5e3ed60da32ede03,8,2,train,6791100642181963267,pointer,X,U,U,True,B,False,False,0.0020402108784765005,6.8125,-9.9375,6.8125,0.018728099941038898,1,U L D,X,False,False,3.1904990673065186,-0.5078125,0.3757064640522003,False,0.47113466262817383
train-007467-5e3ed60da32ede03,8,3,train,6791100642181963267,pointer,X,L,L,True,B,False,False,1.5519654750823975,0.375,-2.5625,0.375,2.7779181251877,1,L D R,G,False,False,3.415663719177246,-0.0235595703125,0.4941104054450989,False,0.6814367771148682
train-007467-5e3ed60da32ede03,8,4,train,6791100642181963267,pointer,X,L,D,False,B,False,False,2.7956244945526123,-0.3125,-1.0,0.1875,3.1867199047809036,4,L R U,G,False,False,3.1782772541046143,0.34375,0.5851011276245117,False,0.8797205090522766
train-007467-5e3ed60da32ede03,8,5,train,6791100642181963267,pointer,X,L,C,False,B,False,False,3.357243061065674,-0.625,-0.625,0.0625,3.2205652626672823,15,L R U,P,False,False,3.369485855102539,0.5703125,0.6388352513313293,False,1.0184211730957031
train-007467-5e3ed60da32ede03,8,6,train,6791100642181963267,pointer,X,L,Q,False,B,False,False,3.8201310634613037,-1.0,-0.5,0.0,3.224792846872416,26,L R U,P,False,False,3.2745325565338135,0.703125,0.66888028383255,False,1.1052751541137695
train-007467-5e3ed60da32ede03,8,7,train,6791100642181963267,pointer,X,L,H,False,B,False,False,3.496615171432495,-0.6875,-0.5,0.0,3.22360483727445,20,L R U,P,False,False,3.295518636703491,0.78515625,0.6867902874946594,False,1.1608824729919434
train-007467-5e3ed60da32ede03,8,8,train,6791100642181963267,pointer,X,L,B,False,B,False,False,3.361898183822632,-0.5625,-0.5625,0.0625,3.2237919132398405,14,L R U,P,False,False,3.299988269805908,0.828125,0.6959583163261414,True,0.362465500831604
train-007467-5e3ed60da32ede03,8,9,train,6791100642181963267,pointer,X,L,,,B,False,True,,,-0.5625,0.0625,3.223592710289282,,L R U,P,,False,,0.85546875,0.7017130851745605,,
train-007467-5e3ed60da32ede03,8,10,train,6791100642181963267,pointer,X,L,,,B,False,True,,,-0.5,0.0,3.2253092793413383,,L R U,P,,False,,0.87109375,0.7049732804298401,,
train-007467-5e3ed60da32ede03,8,11,train,6791100642181963267,pointer,X,L,,,B,False,True,,,-0.5625,0.0625,3.2241629453562535,,L R U,P,,False,,0.8828125,0.7074047327041626,,
train-007467-5e3ed60da32ede03,8,12,train,6791100642181963267,pointer,X,L,,,B,False,True,,,-0.5625,0.0625,3.2254404500022806,,L R U,P,,False,,0.88671875,0.7082125544548035,,
train-001096-afd3f792c3f400f4,10,1,train,12669742386448171252,pointer,M,N,N,True,V,False,False,0.0002786724944598973,8.875,-12.625,8.875,0.002948482315555741,1,N A B,N,True,True,0.021952608600258827,-0.91796875,0.28537195920944214,False,0.33599305152893066
train-001096-afd3f792c3f400f4,10,2,train,12669742386448171252,pointer,M,O,B,False,V,False,False,0.898521900177002,-0.375,-13.25,0.375,0.6800105703038423,2,O B D,X,False,False,3.251650810241699,-0.5390625,0.36840569972991943,False,0.4595080614089966
train-001096-afd3f792c3f400f4,10,3,train,12669742386448171252,pointer,M,O,O,True,V,False,False,1.0355666875839233,0.625,-3.25,0.625,2.412035294687151,1,O B E,T,False,False,3.7056825160980225,-0.030517578125,0.49237120151519775,False,0.678004801273346
train-001096-afd3f792c3f400f4,10,4,train,12669742386448171252,pointer,M,O,E,False,V,False,False,2.722865343093872,-0.25,-1.125,0.0625,3.1718424205687694,3,O B E,P,False,False,3.2058632373809814,0.349609375,0.5865228176116943,False,0.8831530809402466
train-001096-afd3f792c3f400f4,10,5,train,12669742386448171252,pointer,M,B,S,False,V,False,False,2.917515993118286,-0.0625,-0.625,0.0,3.2148585720590983,6,B O Z,P,False,False,3.344787359237671,0.578125,0.6406359076499939,False,1.0234191417694092
train-001096-afd3f792c3f400f4,10,6,train,12669742386448171252,pointer,M,B,A,False,V,False,False,3.24834942817688,-0.375,-0.625,0.0,3.2184309660002586,11,B Z E,P,False,False,3.2723798751831055,0.71484375,0.671470582485199,False,1.113128900527954
train-001096-afd3f792c3f400f4,10,7,train,12669742386448171252,pointer,M,Z,P,False,V,False,False,3.2797272205352783,-0.4375,-0.625,0.0625,3.2180215864179837,12,Z B M,P,True,False,3.004542827606201,0.79296875,0.6884684562683105,False,1.1662545204162598
train-001096-afd3f792c3f400f4,10,8,train,12669742386448171252,pointer,M,B,C,False,V,False,False,3.4217116832733154,-0.5625,-0.625,0.0,3.2179506606899553,15,B Z M,P,False,False,3.45277738571167,0.8359375,0.6976089477539062,False,1.1960341930389404
train-001096-afd3f792c3f400f4,10,9,train,12669742386448171252,pointer,M,Z,T,False,V,False,False,3.1018295288085938,-0.25,-0.625,0.0625,3.2181793669479375,9,Z B M,P,False,False,3.202620029449463,0.86328125,0.703345775604248,False,1.2151880264282227
train-001096-afd3f792c3f400f4,10,10,train,12669742386448171252,pointer,M,B,V,False,V,False,False,3.468623399734497,-0.625,-0.625,0.0,3.2167492954796004,18,B Z M,P,False,False,3.1346912384033203,0.8828125,0.7074047327041626,True,0.3461523652076721
train-001096-afd3f792c3f400f4,10,11,train,12669742386448171252,pointer,M,Z,,,V,False,True,,,-0.625,0.0625,3.2170240427177847,,Z B M,P,,False,,0.890625,0.709019124507904,,
train-001096-afd3f792c3f400f4,10,12,train,12669742386448171252,pointer,M,B,,,V,False,True,,,-0.625,0.0,3.2182772163330666,,B S Z,P,,False,,0.89453125,0.7098243832588196,,
train-029762-5ead6e74952c175c,12,1,train,6822230457534125916,pointer,C,D,D,True,B,False,False,5.960462772236497e-07,16.1875,-16.375,16.1875,1.0234560871330393e-05,1,D J B,D,True,True,0.012435635551810265,-0.96875,0.2751297354698181,False,0.3217625617980957
train-029762-5ead6e74952c175c,12,2,train,6822230457534125916,pointer,C,S,S,True,B,False,False,0.0014056811342015862,7.6875,-10.375,7.6875,0.014110035055578103,1,S D C,X,False,False,3.0479142665863037,-0.5390625,0.36840569972991943,False,0.4595080614089966
train-029762-5ead6e74952c175c,12,3,train,6822230457534125916,pointer,C,X,H,False,B,False,False,1.7434800863265991,-0.8125,-4.0,0.8125,2.3426431539668893,2,X H D,J,False,False,3.3344576358795166,-0.019775390625,0.49505630135536194,False,0.6833083629608154
train-029762-5ead6e74952c175c,12,4,train,6822230457534125916,pointer,C,H,X,False,B,False,False,2.2057113647460938,-0.0625,-1.625,0.0625,3.121428497390484,2,H X W,I,False,False,3.2906546592712402,0.359375,0.5888891220092773,False,0.8888923525810242
train-029762-5ead6e74952c175c,12,5,train,6822230457534125916,pointer,C,H,N,False,B,False,False,3.480391502380371,-1.0,-1.0625,0.1875,3.2075123896172135,20,H X F,P,False,False,3.3090908527374268,0.58984375,0.6433292627334595,False,1.0309423208236694
train-029762-5ead6e74952c175c,12,6,train,6822230457534125916,pointer,C,H,R,False,B,False,False,3.5066475868225098,-0.9375,-0.9375,0.1875,3.217140761045423,23,H X F,P,False,False,3.445775270462036,0.72265625,0.6731916666030884,False,1.1183815002441406
train-029762-5ead6e74952c175c,12,7,train,6822230457534125916,pointer,C,H,G,False,B,False,False,3.044844627380371,-0.5,-0.9375,0.25,3.2169950325028682,4,H X F,P,False,False,3.223846197128296,0.8046875,0.6909762620925903,False,1.1743372678756714
train-029762-5ead6e74952c175c,12,8,train,6822230457534125916,pointer,C,H,P,False,B,False,False,3.2439074516296387,-0.6875,-0.9375,0.25,3.217796762814455,11,H X F,P,True,False,3.0559470653533936,0.8515625,0.700894832611084,False,1.2069599628448486
train-029762-5ead6e74952c175c,12,9,train,6822230457534125916,pointer,C,H,T,False,B,False,False,3.0535523891448975,-0.5,-0.9375,0.25,3.218173862044157,5,H X F,P,False,False,3.210937023162842,0.87890625,0.7065955400466919,False,1.226203203201294
train-029762-5ead6e74952c175c,12,10,train,6822230457534125916,pointer,C,H,J,False,B,False,False,3.3525781631469727,-0.75,-0.875,0.1875,3.2200701230039224,13,H X F,P,False,False,3.302194118499756,0.89453125,0.7098243832588196,False,1.2372689247131348
train-029762-5ead6e74952c175c,12,11,train,6822230457534125916,pointer,C,H,L,False,B,False,False,3.417332649230957,-0.8125,-0.875,0.1875,3.2202999460625406,17,H X F,P,False,False,3.289243221282959,0.90625,0.7122321724891663,False,1.2456012964248657
train-029762-5ead6e74952c175c,12,12,train,6822230457534125916,pointer,C,H,B,False,B,False,False,3.5145018100738525,-0.9375,-0.9375,0.25,3.221339562784981,22,H X F,P,False,False,3.3292527198791504,0.91015625,0.7130321860313416,True,0.3382287919521332
train-017631-0c0e1af9e4d5891d,1,1,train,868661438717462813,pointer,K,W,W,True,W,True,False,1.7881377516459906e-06,14.28125,14.28125,14.28125,2.9068680134988395e-05,1,W V J,W,True,True,0.004578701686114073,-0.859375,0.29746994376182556,True,1.21244215965271
train-017631-0c0e1af9e4d5891d,1,2,train,868661438717462813,pointer,K,C,,,W,False,True,,,-10.625,1.125,0.5675089109687158,,C T A,X,,False,,-0.46484375,0.3858373761177063,,
train-017631-0c0e1af9e4d5891d,1,3,train,868661438717462813,pointer,K,C,,,W,False,True,,,-2.125,0.75,2.9082846497551764,,C A L,W,,False,,0.021484375,0.5053709149360657,,
train-017631-0c0e1af9e4d5891d,1,4,train,868661438717462813,pointer,K,L,,,W,False,True,,,-0.9375,0.25,3.208543998651883,,L A C,U,,False,,0.376953125,0.5931380391120911,,
train-017631-0c0e1af9e4d5891d,1,5,train,868661438717462813,pointer,K,L,,,W,False,True,,,-0.8125,0.25,3.2248915598088805,,L I A,U,,False,,0.58984375,0.6433292627334595,,
train-017631-0c0e1af9e4d5891d,1,6,train,868661438717462813,pointer,K,L,,,W,False,True,,,-0.8125,0.25,3.2255293805002703,,L I K,U,,False,,0.71875,0.672331690788269,,
train-017631-0c0e1af9e4d5891d,1,7,train,868661438717462813,pointer,K,L,,,W,False,True,,,-0.8125,0.25,3.2269977323564536,,L I A,U,,False,,0.79296875,0.6884684562683105,,
train-017631-0c0e1af9e4d5891d,1,8,train,868661438717462813,pointer,K,L,,,W,False,True,,,-0.8125,0.25,3.227669007933232,,L I K,P,,False,,0.8359375,0.6976089477539062,,
train-017631-0c0e1af9e4d5891d,1,9,train,868661438717462813,pointer,K,L,,,W,False,True,,,-0.8125,0.25,3.2276288799886763,,L I K,P,,False,,0.86328125,0.703345775604248,,
train-017631-0c0e1af9e4d5891d,1,10,train,868661438717462813,pointer,K,L,,,W,False,True,,,-0.8125,0.25,3.2269977323564536,,L I A,P,,False,,0.87890625,0.7065955400466919,,
train-017631-0c0e1af9e4d5891d,1,11,train,868661438717462813,pointer,K,L,,,W,False,True,,,-0.75,0.1875,3.227219525880093,,L I K,P,,False,,0.890625,0.709019124507904,,
train-017631-0c0e1af9e4d5891d,1,12,train,868661438717462813,pointer,K,L,,,W,False,True,,,-0.8125,0.25,3.2253325609980665,,L I K,P,,False,,0.89453125,0.7098243832588196,,
train-034921-ba5b9a7ba9e212de,2,1,train,13428496569857086174,pointer,J,W,W,True,Z,False,False,5.483612312673358e-06,13.140625,-15.546875,13.140625,8.268045976697673e-05,1,W J X,W,True,True,0.015236652456223965,-0.90234375,0.2885690927505493,False,0.34047698974609375
train-034921-ba5b9a7ba9e212de,2,2,train,13428496569857086174,pointer,J,Z,Z,True,Z,True,False,0.00396691681817174,5.9375,5.9375,5.9375,0.03202115901955466,1,Z W D,X,False,False,3.384944438934326,-0.50390625,0.37662312388420105,True,0.9765102863311768
train-034921-ba5b9a7ba9e212de,2,3,train,13428496569857086174,pointer,J,C,,,Z,False,True,,,-1.3125,0.3125,2.04577311212539,,C V Z,W,,False,,-0.018798828125,0.49530041217803955,,
train-034921-ba5b9a7ba9e212de,2,4,train,13428496569857086174,pointer,J,C,,,Z,False,True,,,-0.5,0.0,2.329015615004521,,C V Z,I,,False,,0.349609375,0.5865228176116943,,
train-034921-ba5b9a7ba9e212de,2,5,train,13428496569857086174,pointer,J,C,,,Z,False,True,,,-0.125,0.0,2.425317315564231,,C V Z,I,,False,,0.58203125,0.6415346264839172,,
train-034921-ba5b9a7ba9e212de,2,6,train,13428496569857086174,pointer,J,C,,,Z,False,True,,,-0.125,0.0625,2.4333941944632134,,C V Z,P,,False,,0.72265625,0.6731916666030884,,
train-034921-ba5b9a7ba9e212de,2,7,train,13428496569857086174,pointer,J,C,,,Z,False,True,,,-0.125,0.0,2.4340500449507294,,C V Z,P,,False,,0.8046875,0.6909762620925903,,
train-034921-ba5b9a7ba9e212de,2,8,train,13428496569857086174,pointer,J,C,,,Z,False,True,,,-0.125,0.0,2.442383711338537,,C V Z,P,,False,,0.8515625,0.700894832611084,,
train-034921-ba5b9a7ba9e212de,2,9,train,13428496569857086174,pointer,J,C,,,Z,False,True,,,-0.125,0.0,2.442383711338537,,C V Z,P,,False,,0.8828125,0.7074047327041626,,
train-034921-ba5b9a7ba9e212de,2,10,train,13428496569857086174,pointer,J,C,,,Z,False,True,,,-0.125,0.0,2.4344413027352276,,C V Z,P,,False,,0.8984375,0.7106282711029053,,
train-034921-ba5b9a7ba9e212de,2,11,train,13428496569857086174,pointer,J,C,,,Z,False,True,,,-0.125,0.0,2.4422576567945455,,C V Z,P,,False,,0.91015625,0.7130321860313416,,
train-034921-ba5b9a7ba9e212de,2,12,train,13428496569857086174,pointer,J,C,,,Z,False,True,,,-0.125,0.0,2.4326608857258494,,C V Z,P,,False,,0.91796875,0.7146279811859131,,
train-023258-7662a793ea592b7a,3,1,train,8530564897926884218,pointer,A,M,M,True,L,False,False,2.396077979938127e-05,12.125,-14.84375,12.125,0.00033666069509516114,1,M A Q,M,True,True,0.011559413745999336,-0.90234375,0.2885690927505493,False,0.34047698974609375
train-023258-7662a793ea592b7a,3,2,train,8530564897926884218,pointer,A,G,G,True,L,False,False,0.0031829429790377617,7.5,-9.25,7.5,0.030052989431185725,1,G D M,I,False,False,3.303065061569214,-0.53515625,0.36931508779525757,False,0.4609488844871521
train-023258-7662a793ea592b7a,3,3,train,8530564897926884218,pointer,A,G,L,False,L,False,False,2.5911288261413574,-1.25,-1.25,0.5625,2.6920406185811756,3,G D L,I,False,False,3.5247440338134766,-0.0230712890625,0.4942324161529541,True,0.704749345779419
train-023258-7662a793ea592b7a,3,4,train,8530564897926884218,pointer,A,D,,,L,False,True,,,-0.5625,0.1875,2.964081414946524,,D N L,I,,False,,0.359375,0.5888891220092773,,
train-023258-7662a793ea592b7a,3,5,train,8530564897926884218,pointer,A,N,,,L,False,True,,,-0.625,0.1875,2.961293381246482,,N D L,P,,False,,0.59375,0.6442250609397888,,
train-023258-7662a793ea592b7a,3,6,train,8530564897926884218,pointer,A,N,,,L,False,True,,,-0.625,0.25,2.965547549068068,,N D L,P,,False,,0.73046875,0.6749081611633301,,
train-023258-7662a793ea592b7a,3,7,train,8530564897926884218,pointer,A,N,,,L,False,True,,,-0.5625,0.25,2.968770532214206,,N D L,P,,False,,0.80859375,0.6918097138404846,,
train-023258-7662a793ea592b7a,3,8,train,8530564897926884218,pointer,A,N,,,L,False,True,,,-0.5625,0.1875,2.9775694793013514,,N D L,P,,False,,0.85546875,0.7017130851745605,,
train-023258-7662a793ea592b7a,3,9,train,8530564897926884218,pointer,A,N,,,L,False,True,,,-0.5625,0.25,2.977285942050145,,N D L,P,,False,,0.8828125,0.7074047327041626,,
train-023258-7662a793ea592b7a,3,10,train,8530564897926884218,pointer,A,N,,,L,False,True,,,-0.5625,0.25,2.973835535752011,,N D L,P,,False,,0.90234375,0.7114308476448059,,
train-023258-7662a793ea592b7a,3,11,train,8530564897926884218,pointer,A,N,,,L,False,True,,,-0.5625,0.25,2.9677898624674635,,N D L,P,,False,,0.91015625,0.7130321860313416,,
train-023258-7662a793ea592b7a,3,12,train,8530564897926884218,pointer,A,N,,,L,False,True,,,-0.5625,0.25,2.968885352420976,,N D L,P,,False,,0.91796875,0.7146279811859131,,
train-003846-77a1b1fc3e664ee7,4,1,train,8620366858700607207,pointer,S,W,W,True,D,False,False,2.264974000354414e-06,14.75,-16.015625,14.75,3.8052860373139474e-05,1,W V C,W,True,True,0.008223128505051136,-0.91796875,0.28537195920944214,False,0.33599305152893066
train-003846-77a1b1fc3e664ee7,4,2,train,8620366858700607207,pointer,S,C,C,True,D,False,False,0.00033706706017255783,8.375,-8.375,8.375,0.0035263245609934877,1,C D B,X,False,False,3.4923791885375977,-0.5078125,0.3757064640522003,False,0.47113466262817383
train-003846-77a1b1fc3e664ee7,4,3,train,8620366858700607207,pointer,S,H,G,False,D,False,False,3.8194165229797363,-2.8125,-2.125,2.0,2.6278004092655203,15,H C K,W,False,False,3.1832916736602783,-0.00628662109375,0.4984283447265625,False,0.690008819103241
train-003846-77a1b1fc3e664ee7,4,4,train,8620366858700607207,pointer,S,H,D,False,D,False,False,2.9169085025787354,-0.6875,-0.6875,0.5625,3.1685390394084907,4,H K A,U,False,False,3.1571035385131836,0.3671875,0.590779185295105,True,0.5263129472732544
train-003846-77a1b1fc3e664ee7,4,5,train,8620366858700607207,pointer,S,H,,,D,False,True,,,-0.25,0.125,3.20996684581449,,H K A,U,,False,,0.58984375,0.6433292627334595,,
train-003846-77a1b1fc3e664ee7,4,6,train,8620366858700607207,pointer,S,H,,,D,False,True,,,-0.1875,0.0625,3.2161676149958622,,H K D,U,,False,,0.72265625,0.6731916666030884,,
train-003846-77a1b1fc3e664ee7,4,7,train,8620366858700607207,pointer,S,H,,,D,False,True,,,-0.1875,0.0625,3.2142087054359965,,H K D,U,,False,,0.80078125,0.6901415586471558,,
train-003846-77a1b1fc3e664ee7,4,8,train,8620366858700607207,pointer,S,H,,,D,False,True,,,-0.1875,0.0625,3.215344387857614,,H K D,U,,False,,0.84765625,0.7000752091407776,,
train-003846-77a1b1fc3e664ee7,4,9,train,8620366858700607207,pointer,S,H,,,D,False,True,,,-0.25,0.125,3.2158485572182256,,H K A,U,,False,,0.875,0.7057850360870361,,
train-003846-77a1b1fc3e664ee7,4,10,train,8620366858700607207,pointer,S,H,,,D,False,True,,,-0.1875,0.0625,3.216977661802091,,H K A,U,,False,,0.890625,0.709019124507904,,
train-003846-77a1b1fc3e664ee7,4,11,train,8620366858700607207,pointer,S,H,,,D,False,True,,,-0.1875,0.0625,3.214081145750561,,H K D,U,,False,,0.8984375,0.7106282711029053,,
train-003846-77a1b1fc3e664ee7,4,12,train,8620366858700607207,pointer,S,H,,,D,False,True,,,-0.1875,0.0625,3.217082992457912,,H K A,U,,False,,0.90625,0.7122321724891663,,
train-010822-e426975e2bc53ca7,5,1,train,16439993920479640743,pointer,N,H,H,True,R,False,False,4.887569048150908e-06,13.5625,-16.140625,13.5625,7.544708325459924e-05,1,H G A,H,True,True,0.009222052991390228,-0.87890625,0.2934044897556305,False,0.34729695320129395
train-010822-e426975e2bc53ca7,5,2,train,16439993920479640743,pointer,N,E,E,True,R,False,False,0.03370397910475731,3.4375,-11.40625,3.4375,0.15884358563602935,1,E P D,X,False,False,3.3381147384643555,-0.54296875,0.3674972355365753,False,0.4580707550048828
train-010822-e426975e2bc53ca7,5,3,train,16439993920479640743,pointer,N,P,P,True,R,False,False,1.356096625328064,0.3125,-2.875,0.3125,2.6032898540115745,1,P E O,J,False,False,3.2970480918884277,-0.0289306640625,0.492767870426178,False,0.6787864565849304
train-010822-e426975e2bc53ca7,5,4,train,16439993920479640743,pointer,N,P,T,False,R,False,False,3.24411940574646,-0.625,-0.875,0.125,3.202783080902457,11,P H E,G,False,False,3.1821179389953613,0.34765625,0.5860491394996643,False,0.8820079565048218
train-010822-e426975e2bc53ca7,5,5,train,16439993920479640743,pointer,N,W,R,False,R,False,False,3.429875612258911,-0.5625,-0.5625,0.0625,3.2309662087830744,19,W H P,J,False,False,3.4228475093841553,0.57421875,0.6397360563278198,True,0.4466996192932129
train-010822-e426975e2bc53ca7,5,6,train,16439993920479640743,pointer,N,W,,,R,False,True,,,-0.5625,0.0625,3.2320524621382813,,W H F,E,,False,,0.7109375,0.6706082820892334,,
train-010822-e426975e2bc53ca7,5,7,train,16439993920479640743,pointer,N,H,,,R,False,True,,,-0.5,0.0,3.232137261417966,,H W F,E,,False,,0.7890625,0.6876299977302551,,
train-010822-e426975e2bc53ca7,5,8,train,16439993920479640743,pointer,N,W,,,R,False,True,,,-0.5,0.0625,3.2326075100718556,,W F H,P,,False,,0.83984375,0.6984323263168335,,
train-010822-e426975e2bc53ca7,5,9,train,16439993920479640743,pointer,N,W,,,R,False,True,,,-0.5,0.0625,3.232784525463164,,W H T,P,,False,,0.8671875,0.7041601538658142,,
train-010822-e426975e2bc53ca7,5,10,train,16439993920479640743,pointer,N,W,,,R,False,True,,,-0.5625,0.0625,3.2301161387497452,,W H F,P,,False,,0.88671875,0.7082125544548035,,
train-010822-e426975e2bc53ca7,5,11,train,16439993920479640743,pointer,N,W,,,R,False,True,,,-0.5,0.0625,3.2336263697029217,,W H F,P,,False,,0.89453125,0.7098243832588196,,
train-010822-e426975e2bc53ca7,5,12,train,16439993920479640743,pointer,N,W,,,R,False,True,,,-0.5,0.0625,3.2325795934452826,,W F H,P,,False,,0.90234375,0.7114308476448059,,
train-021839-a8126bab7a20118d,6,1,train,12110860732185186701,pointer,V,V,V,True,V,True,False,0.00017927470616996288,8.75,8.75,8.75,0.0018265089840909523,1,V Z D,V,True,True,0.1505064219236374,-0.93359375,0.28219619393348694,False,0.3315589427947998
train-021839-a8126bab7a20118d,6,2,train,12110860732185186701,pointer,V,V,V,True,V,True,False,6.318072337307967e-06,12.75,12.75,12.75,9.289950462677231e-05,1,V D A,X,False,False,3.369785785675049,-0.5546875,0.3647775650024414,False,0.45378005504608154
train-021839-a8126bab7a20118d,6,3,train,12110860732185186701,pointer,V,V,V,True,V,True,False,0.06093378737568855,4.875,4.875,4.875,0.39852692193560224,1,V A D,Z,False,False,3.202017068862915,-0.05029296875,0.4874294400215149,False,0.6683168411254883
train-021839-a8126bab7a20118d,6,4,train,12110860732185186701,pointer,V,V,V,True,V,True,False,0.49125906825065613,2.25,2.25,2.25,1.7850494012322313,1,V U A,Z,False,False,3.228158473968506,0.33203125,0.5822535157203674,False,0.8728805780410767
train-021839-a8126bab7a20118d,6,5,train,12110860732185186701,pointer,V,V,V,True,V,True,False,0.6960583329200745,1.625,1.625,1.625,2.1272547846640184,1,V U A,Z,False,False,3.242487668991089,0.56640625,0.6379335522651672,False,1.0159274339675903
train-021839-a8126bab7a20118d,6,6,train,12110860732185186701,pointer,V,V,V,True,V,True,False,0.7482127547264099,1.5,1.5,1.5,2.2014161794526164,1,V U A,Z,False,False,3.2451982498168945,0.70703125,0.6697448492050171,True,0.40085849165916443
train-021839-a8126bab7a20118d,6,7,train,12110860732185186701,pointer,V,V,,,V,True,True,,,1.5,1.5,2.1992780212797185,,V U A,Z,,False,,0.7890625,0.6876299977302551,,
train-021839-a8126bab7a20118d,6,8,train,12110860732185186701,pointer,V,V,,,V,True,True,,,1.5,1.5,2.2260307573649842,,V U A,Z,,False,,0.8359375,0.6976089477539062,,
train-021839-a8126bab7a20118d,6,9,train,12110860732185186701,pointer,V,V,,,V,True,True,,,1.5,1.5,2.2197332993626158,,V U A,Z,,False,,0.86328125,0.703345775604248,,
train-021839-a8126bab7a20118d,6,10,train,12110860732185186701,pointer,V,V,,,V,True,True,,,1.5,1.5,2.2266461448358115,,V U A,Z,,False,,0.8828125,0.7074047327041626,,
train-021839-a8126bab7a20118d,6,11,train,12110860732185186701,pointer,V,V,,,V,True,True,,,1.5,1.5,2.2199416052068126,,V U A,Z,,False,,0.890625,0.709019124507904,,
train-021839-a8126bab7a20118d,6,12,train,12110860732185186701,pointer,V,V,,,V,True,True,,,1.5,1.5,2.2290233203863776,,V U A,Z,,False,,0.8984375,0.7106282711029053,,
train-012543-834c2b5c27b34d3a,8,1,train,9460984592001617210,pointer,N,Y,Y,True,K,False,False,2.5152843591058627e-05,11.3125,-17.85546875,11.3125,0.00033327297765917184,1,Y R J,Y,True,True,0.0031991039868444204,-0.953125,0.2782568037509918,False,0.32608580589294434
train-012543-834c2b5c27b34d3a,8,2,train,9460984592001617210,pointer,N,Z,Z,True,K,False,False,0.00030250742565840483,8.9375,-13.375,8.9375,0.003395432572567578,1,Z T Y,X,False,False,3.333766222000122,-0.5234375,0.3720487952232361,False,0.4652928113937378
train-012543-834c2b5c27b34d3a,8,3,train,9460984592001617210,pointer,N,H,T,False,K,False,False,2.8302979469299316,-0.1875,-1.0625,0.125,3.1898791099545116,4,H Q U,W,False,False,3.1397204399108887,-0.0155029296875,0.49612438678741455,False,0.6854257583618164
train-012543-834c2b5c27b34d3a,8,4,train,9460984592001617210,pointer,N,H,C,False,K,False,False,3.4966723918914795,-0.625,-0.5,0.0,3.2399892500198524,24,H L U,U,False,False,3.4225640296936035,0.35546875,0.5879431366920471,False,0.8865938782691956
train-012543-834c2b5c27b34d3a,8,5,train,9460984592001617210,pointer,N,L,G,False,K,False,False,3.0601682662963867,-0.125,-0.4375,0.0625,3.2441333308947766,5,L H T,U,False,False,3.25736927986145,0.578125,0.6406359076499939,False,1.0234191417694092
train-012543-834c2b5c27b34d3a,8,6,train,9460984592001617210,pointer,N,L,R,False,K,False,False,3.4450008869171143,-0.5,-0.4375,0.0,3.2438820329821416,24,L T H,U,False,False,3.446899175643921,0.7109375,0.6706082820892334,False,1.110507607460022
train-012543-834c2b5c27b34d3a,8,7,train,9460984592001617210,pointer,N,L,M,False,K,False,False,3.3384735584259033,-0.375,-0.375,0.0,3.2447357277264883,17,L T G,U,False,False,3.2709100246429443,0.78515625,0.6867902874946594,False,1.1608824729919434
train-012543-834c2b5c27b34d3a,8,8,train,9460984592001617210,pointer,N,L,K,False,K,False,False,3.3901379108428955,-0.4375,-0.4375,0.0,3.24348913545884,19,L T G,P,False,False,3.412355422973633,0.83203125,0.696784257888794,True,0.3612794578075409
train-012543-834c2b5c27b34d3a,8,9,train,9460984592001617210,pointer,N,L,,,K,False,True,,,-0.4375,0.0625,3.243856826124396,,L T G,P,,False,,0.859375,0.7025300860404968,,
train-012543-834c2b5c27b34d3a,8,10,train,9460984592001617210,pointer,N,L,,,K,False,True,,,-0.4375,0.0,3.243835864142373,,L T G,P,,False,,0.875,0.7057850360870361,,
train-012543-834c2b5c27b34d3a,8,11,train,9460984592001617210,pointer,N,L,,,K,False,True,,,-0.4375,0.0,3.2434677680296335,,L T G,P,,False,,0.8828125,0.7074047327041626,,
train-012543-834c2b5c27b34d3a,8,12,train,9460984592001617210,pointer,N,L,,,K,False,True,,,-0.4375,0.0,3.2434677680296335,,L T G,P,,False,,0.890625,0.709019124507904,,
train-028564-75bd4b6667af7a64,10,1,train,8484020176234183268,pointer,B,P,P,True,E,False,False,4.768370445162873e-07,15.875,-17.0,15.875,8.452762487051503e-06,1,P A C,P,True,True,0.0014290130930021405,-0.96875,0.2751297354698181,False,0.3217625617980957
train-028564-75bd4b6667af7a64,10,2,train,8484020176234183268,pointer,B,M,M,True,E,False,False,0.0018640062771737576,7.75,-10.5,7.75,0.01843922600102256,1,M D P,X,False,False,3.491429090499878,-0.58984375,0.35667070746421814,False,0.44109857082366943
train-028564-75bd4b6667af7a64,10,3,train,8484020176234183268,pointer,B,Q,O,False,E,False,False,2.2810964584350586,-1.3125,-2.9375,1.3125,2.5481273229632233,2,Q O J,T,False,False,3.588259696960449,-0.0703125,0.4824290871620178,False,0.6586087942123413
train-028564-75bd4b6667af7a64,10,4,train,8484020176234183268,pointer,B,Q,Q,True,E,False,False,2.1487231254577637,0.4375,-1.1875,0.4375,3.1632595992477675,1,Q O B,U,False,False,3.3051891326904297,0.314453125,0.5779718160629272,False,0.8626832365989685
train-028564-75bd4b6667af7a64,10,5,train,8484020176234183268,pointer,B,Q,D,False,E,False,False,3.356445550918579,-0.6875,-0.625,0.125,3.220993317171855,16,Q O B,U,False,False,3.2417194843292236,0.55078125,0.6343168616294861,False,1.0059880018234253
train-028564-75bd4b6667af7a64,10,6,train,8484020176234183268,pointer,B,Q,H,False,E,False,False,3.685807943344116,-0.9375,-0.5625,0.0625,3.224086875994728,25,Q B O,U,False,False,3.3216052055358887,0.69140625,0.666279673576355,False,1.0974520444869995
train-028564-75bd4b6667af7a64,10,7,train,8484020176234183268,pointer,B,Q,K,False,E,False,False,3.5667810440063477,-0.8125,-0.5625,0.0625,3.2252798252022803,22,Q B O,P,False,False,3.4413673877716064,0.7734375,0.6842640042304993,False,1.1528489589691162
train-028564-75bd4b6667af7a64,10,8,train,8484020176234183268,pointer,B,Q,V,False,E,False,False,3.76601505279541,-1.0,-0.5,0.0625,3.225516881992055,26,Q B O,P,False,False,3.0966365337371826,0.82421875,0.6951311230659485,False,1.1878736019134521
train-028564-75bd4b6667af7a64,10,9,train,8484020176234183268,pointer,B,Q,L,False,E,False,False,3.1744160652160645,-0.4375,-0.5625,0.0625,3.2232213374968826,8,Q B O,P,False,False,3.2912774085998535,0.8515625,0.700894832611084,False,1.2069599628448486
train-028564-75bd4b6667af7a64,10,10,train,8484020176234183268,pointer,B,Q,E,False,E,False,False,3.3040931224823,-0.5625,-0.5625,0.125,3.2258898967681975,13,Q B O,P,False,False,3.1387133598327637,0.8671875,0.7041601538658142,True,0.35074949264526367
train-028564-75bd4b6667af7a64,10,11,train,8484020176234183268,pointer,B,Q,,,E,False,True,,,-0.5625,0.125,3.224605266613845,,Q B O,P,,False,,0.87890625,0.7065955400466919,,
train-028564-75bd4b6667af7a64,10,12,train,8484020176234183268,pointer,B,Q,,,E,False,True,,,-0.5625,0.0625,3.2250126296436217,,Q B O,P,,False,,0.88671875,0.7082125544548035,,
train-023165-f27f1ac5fcee0813,12,1,train,17473714516875151379,pointer,D,K,K,True,G,False,False,1.1086402082582936e-05,12.625,-14.6875,12.625,0.000162416458491247,1,K B J,K,True,True,0.003983658738434315,-0.953125,0.2782568037509918,False,0.32608580589294434
train-023165-f27f1ac5fcee0813,12,2,train,17473714516875151379,pointer,D,F,F,True,G,False,False,0.008831607177853584,4.75,-10.9375,4.75,0.05197869674948579,1,F V D,X,False,False,3.3730697631835938,-0.5390625,0.36840569972991943,False,0.4595080614089966
train-023165-f27f1ac5fcee0813,12,3,train,17473714516875151379,pointer,D,V,V,True,G,False,False,0.9721509218215942,1.5,-3.0,1.5,2.5195358966796535,1,V F P,J,False,False,3.2399797439575195,-0.02001953125,0.4949952960014343,False,0.6831874847412109
train-023165-f27f1ac5fcee0813,12,4,train,17473714516875151379,pointer,D,P,P,True,G,False,False,2.7829606533050537,0.0625,-0.4375,0.0625,3.2282810915149676,1,P D B,I,False,False,3.1440367698669434,0.353515625,0.5874698758125305,False,0.8854459524154663
train-023165-f27f1ac5fcee0813,12,5,train,17473714516875151379,pointer,D,D,Q,False,G,False,False,3.713719367980957,-0.875,-0.3125,0.0625,3.2371095231726135,26,D P T,U,False,False,3.25223708152771,0.578125,0.6406359076499939,False,1.0234191417694092
train-023165-f27f1ac5fcee0813,12,6,train,17473714516875151379,pointer,D,D,U,False,G,False,False,3.444849729537964,-0.625,-0.3125,0.0625,3.236449295213528,23,D P T,P,False,False,3.0840163230895996,0.7109375,0.6706082820892334,False,1.110507607460022
train-023165-f27f1ac5fcee0813,12,7,train,17473714516875151379,pointer,D,D,J,False,G,False,False,3.4111487865448,-0.5625,-0.25,0.0,3.2364728831633247,19,D T P,P,False,False,3.1851515769958496,0.7890625,0.6876299977302551,False,1.1635668277740479
train-023165-f27f1ac5fcee0813,12,8,train,17473714516875151379,pointer,D,D,I,False,G,False,False,3.1302895545959473,-0.3125,-0.3125,0.0625,3.236086764366989,6,D P T,P,False,False,3.2090647220611572,0.83203125,0.696784257888794,False,1.1933107376098633
train-023165-f27f1ac5fcee0813,12,9,train,17473714516875151379,pointer,D,D,X,False,G,False,False,3.5052895545959473,-0.6875,-0.3125,0.0625,3.236086764366989,25,D P T,P,False,False,3.3007729053497314,0.859375,0.7025300860404968,False,1.21244215965271
train-023165-f27f1ac5fcee0813,12,10,train,17473714516875151379,pointer,D,D,Y,False,G,False,False,3.437312364578247,-0.625,-0.3125,0.0625,3.23684930429136,24,D T P,P,False,False,3.3645176887512207,0.875,0.7057850360870361,False,1.2234445810317993
train-023165-f27f1ac5fcee0813,12,11,train,17473714516875151379,pointer,D,D,C,False,G,False,False,3.477377414703369,-0.6875,-0.3125,0.0625,3.234918913071797,22,D T P,P,False,False,3.4308559894561768,0.88671875,0.7082125544548035,False,1.2317297458648682
train-023165-f27f1ac5fcee0813,12,12,train,17473714516875151379,pointer,D,D,G,False,G,False,False,3.118286371231079,-0.3125,-0.3125,0.0625,3.2360768063793794,5,D T P,P,False,False,3.279480457305908,0.89453125,0.7098243832588196,True,0.34273770451545715
train-029871-67b857cb3a4ad356,1,1,train,7473820111989298006,pointer,Y,E,E,True,E,True,False,0.00022897482267580926,8.625,8.625,8.625,0.0023689206305771548,1,E A C,E,True,True,0.04536636173725128,-0.890625,0.29098084568977356,True,1.2344977855682373
train-029871-67b857cb3a4ad356,1,2,train,7473820111989298006,pointer,Y,R,,,E,False,True,,,-8.5625,8.5625,0.0054553849756940965,,R E D,L,,False,,-0.546875,0.3665897250175476,,
train-029871-67b857cb3a4ad356,1,3,train,7473820111989298006,pointer,Y,M,,,E,False,True,,,-2.5625,0.0625,1.9061180222419034,,M R T,W,,False,,-0.0390625,0.4902356266975403,,
train-029871-67b857cb3a4ad356,1,4,train,7473820111989298006,pointer,Y,M,,,E,False,True,,,-1.25,0.125,2.4264004259654475,,M R T,Z,,False,,0.345703125,0.5855752229690552,,
train-029871-67b857cb3a4ad356,1,5,train,7473820111989298006,pointer,Y,M,,,E,False,True,,,-0.8125,0.0625,2.5655245920463035,,M R T,Z,,False,,0.578125,0.6406359076499939,,
train-029871-67b857cb3a4ad356,1,6,train,7473820111989298006,pointer,Y,M,,,E,False,True,,,-0.75,0.0625,2.576665600166378,,M R T,Z,,False,,0.71875,0.672331690788269,,
train-029871-67b857cb3a4ad356,1,7,train,7473820111989298006,pointer,Y,M,,,E,False,True,,,-0.75,0.0625,2.5794796681630197,,M R T,Z,,False,,0.80078125,0.6901415586471558,,
train-029871-67b857cb3a4ad356,1,8,train,7473820111989298006,pointer,Y,M,,,E,False,True,,,-0.75,0.0625,2.583835265995566,,M R T,Z,,False,,0.84765625,0.7000752091407776,,
train-029871-67b857cb3a4ad356,1,9,train,7473820111989298006,pointer,Y,M,,,E,False,True,,,-0.75,0.0,2.575998217217664,,M R T,Z,,False,,0.875,0.7057850360870361,,
train-029871-67b857cb3a4ad356,1,10,train,7473820111989298006,pointer,Y,M,,,E,False,True,,,-0.6875,0.0,2.588144500809021,,M R T,Z,,False,,0.89453125,0.7098243832588196,,
train-029871-67b857cb3a4ad356,1,11,train,7473820111989298006,pointer,Y,M,,,E,False,True,,,-0.75,0.0,2.572627449924748,,M R T,Z,,False,,0.90234375,0.7114308476448059,,
train-029871-67b857cb3a4ad356,1,12,train,7473820111989298006,pointer,Y,M,,,E,False,True,,,-0.6875,0.0,2.592618943690612,,M R T,Z,,False,,0.91015625,0.7130321860313416,,
train-003367-3209c55cf82ad8de,2,1,train,3605629979778013406,pointer,G,T,T,True,O,False,False,1.728519782773219e-05,11.125,-20.359375,11.125,0.00022321099332801563,1,T I A,T,True,True,0.0056156497448682785,-0.9296875,0.28298813104629517,False,0.33266282081604004
train-003367-3209c55cf82ad8de,2,2,train,3605629979778013406,pointer,G,I,O,False,O,False,False,4.635552883148193,-4.625,-4.625,4.625,0.06277404099161396,2,I O J,I,False,True,3.6522490978240967,-0.54296875,0.3674972355365753,True,1.0010395050048828
train-003367-3209c55cf82ad8de,2,3,train,3605629979778013406,pointer,G,O,,,O,True,True,,,0.125,0.125,3.0304684452705386,,O J I,W,,False,,-0.034912109375,0.49127286672592163,,
train-003367-3209c55cf82ad8de,2,4,train,3605629979778013406,pointer,G,J,,,O,False,True,,,-0.5625,0.4375,3.2138063902647644,,J C D,U,,False,,0.33984375,0.5841525793075562,,
train-003367-3209c55cf82ad8de,2,5,train,3605629979778013406,pointer,G,J,,,O,False,True,,,-0.375,0.25,3.2310471537249175,,J D I,U,,False,,0.56640625,0.6379335522651672,,
train-003367-3209c55cf82ad8de,2,6,train,3605629979778013406,pointer,G,J,,,O,False,True,,,-0.3125,0.1875,3.2341821207780015,,J C D,P,,False,,0.69921875,0.6680145263671875,,
train-003367-3209c55cf82ad8de,2,7,train,3605629979778013406,pointer,G,J,,,O,False,True,,,-0.3125,0.1875,3.2352939031630643,,J D I,P,,False,,0.78125,0.6859495043754578,,
train-003367-3209c55cf82ad8de,2,8,train,3605629979778013406,pointer,G,J,,,O,False,True,,,-0.3125,0.1875,3.234031667382445,,J C D,P,,False,,0.828125,0.6959583163261414,,
train-003367-3209c55cf82ad8de,2,9,train,3605629979778013406,pointer,G,J,,,O,False,True,,,-0.3125,0.125,3.232445319273126,,J I T,P,,False,,0.85546875,0.7017130851745605,,
train-003367-3209c55cf82ad8de,2,10,train,3605629979778013406,pointer,G,J,,,O,False,True,,,-0.3125,0.1875,3.2348508591718472,,J I T,P,,False,,0.87109375,0.7049732804298401,,
train-003367-3209c55cf82ad8de,2,11,train,3605629979778013406,pointer,G,J,,,O,False,True,,,-0.3125,0.1875,3.234559346296224,,J C I,P,,False,,0.87890625,0.7065955400466919,,
train-003367-3209c55cf82ad8de,2,12,train,3605629979778013406,pointer,G,J,,,O,False,True,,,-0.3125,0.1875,3.233673436076731,,J I T,P,,False,,0.88671875,0.7082125544548035,,
train-016841-cdf31b3615b95ae3,3,1,train,14840235116222569187,pointer,P,Y,Y,True,Z,False,False,1.537788011773955e-05,11.625,-16.22265625,11.625,0.00021535363435943092,1,Y J R,Y,True,True,0.0048345099203288555,-0.890625,0.29098084568977356,False,0.3438727855682373
train-016841-cdf31b3615b95ae3,3,2,train,14840235116222569187,pointer,P,N,N,True,Z,False,False,0.02185055986046791,4.3125,-9.0625,4.3125,0.1329796438581194,1,N E Y,X,False,False,3.5305099487304688,-0.498046875,0.37799978256225586,False,0.47481483221054077
train-016841-cdf31b3615b95ae3,3,3,train,14840235116222569187,pointer,P,Z,Z,True,Z,True,False,1.1893837451934814,0.9375,0.9375,0.9375,2.7170891149721093,1,Z N U,W,False,False,3.1628992557525635,-0.00616455078125,0.4984588623046875,True,0.6962342262268066
train-016841-cdf31b3615b95ae3,3,4,train,14840235116222569187,pointer,P,Z,,,Z,True,True,,,0.75,0.75,3.181005441581108,,Z N U,D,,False,,0.36328125,0.5898345112800598,,
train-016841-cdf31b3615b95ae3,3,5,train,14840235116222569187,pointer,P,Z,,,Z,True,True,,,0.5,0.5,3.218873616770543,,Z J P,P,,False,,0.58984375,0.6433292627334595,,
train-016841-cdf31b3615b95ae3,3,6,train,14840235116222569187,pointer,P,Z,,,Z,True,True,,,0.375,0.375,3.2244037321151935,,Z J P,P,,False,,0.72265625,0.6731916666030884,,
train-016841-cdf31b3615b95ae3,3,7,train,14840235116222569187,pointer,P,Z,,,Z,True,True,,,0.375,0.375,3.2235977299637217,,Z J P,P,,False,,0.796875,0.6893056035041809,,
train-016841-cdf31b3615b95ae3,3,8,train,14840235116222569187,pointer,P,Z,,,Z,True,True,,,0.4375,0.4375,3.2228702960698405,,Z J P,P,,False,,0.84375,0.6992544531822205,,
train-016841-cdf31b3615b95ae3,3,9,train,14840235116222569187,pointer,P,Z,,,Z,True,True,,,0.375,0.375,3.224602887510655,,Z J N,P,,False,,0.8671875,0.7041601538658142,,
train-016841-cdf31b3615b95ae3,3,10,train,14840235116222569187,pointer,P,Z,,,Z,True,True,,,0.375,0.375,3.223269321489022,,Z J P,P,,False,,0.8828125,0.7074047327041626,,
train-016841-cdf31b3615b95ae3,3,11,train,14840235116222569187,pointer,P,Z,,,Z,True,True,,,0.375,0.375,3.2236031109230443,,Z J N,P,,False,,0.89453125,0.7098243832588196,,
train-016841-cdf31b3615b95ae3,3,12,train,14840235116222569187,pointer,P,Z,,,Z,True,True,,,0.375,0.375,3.223565022065977,,Z J P,P,,False,,0.8984375,0.7106282711029053,,
train-028929-aed53e9833f9c666,4,1,train,12598044356066788966,pointer,B,N,N,True,T,False,False,0.00023135847004596144,9.1875,-11.46875,9.1875,0.002607437757489603,1,N B H,N,True,True,0.008861146867275238,-0.90625,0.28776782751083374,False,0.3393512964248657
train-028929-aed53e9833f9c666,4,2,train,12598044356066788966,pointer,B,H,H,True,T,False,False,0.0006518622976727784,9.0,-12.5,9.0,0.0071974310780856775,1,H B J,X,False,False,3.5383660793304443,-0.53125,0.37022536993026733,False,0.46239328384399414
train-028929-aed53e9833f9c666,4,3,train,12598044356066788966,pointer,B,T,U,False,T,True,False,1.920212745666504,-1.1875,1.1875,1.1875,2.1134152491491993,2,T U O,T,False,True,3.2863950729370117,-0.0191650390625,0.49520888924598694,False,0.6836105585098267
train-028929-aed53e9833f9c666,4,4,train,12598044356066788966,pointer,B,T,T,True,T,True,False,1.7384541034698486,0.25,0.25,0.25,2.9743327189604485,1,T U D,P,False,False,3.0875344276428223,0.357421875,0.5884162187576294,True,0.5303207635879517
train-028929-aed53e9833f9c666,4,5,train,12598044356066788966,pointer,B,T,,,T,True,True,,,0.0625,0.0625,3.1225143065609298,,T U D,P,,False,,0.58203125,0.6415346264839172,,
train-028929-aed53e9833f9c666,4,6,train,12598044356066788966,pointer,B,T,,,T,True,True,,,0.0625,0.0625,3.1418164883181365,,T U D,P,,False,,0.71484375,0.671470582485199,,
train-028929-aed53e9833f9c666,4,7,train,12598044356066788966,pointer,B,T,,,T,True,True,,,0.0625,0.0625,3.1430794229364984,,T U D,P,,False,,0.79296875,0.6884684562683105,,
train-028929-aed53e9833f9c666,4,8,train,12598044356066788966,pointer,B,T,,,T,True,True,,,0.0625,0.0625,3.143697928104778,,T U D,P,,False,,0.83984375,0.6984323263168335,,
train-028929-aed53e9833f9c666,4,9,train,12598044356066788966,pointer,B,T,,,T,True,True,,,0.0625,0.0625,3.1422144192876558,,T U D,P,,False,,0.8671875,0.7041601538658142,,
train-028929-aed53e9833f9c666,4,10,train,12598044356066788966,pointer,B,T,,,T,True,True,,,0.0625,0.0625,3.144734235775857,,T U D,P,,False,,0.8828125,0.7074047327041626,,
train-028929-aed53e9833f9c666,4,11,train,12598044356066788966,pointer,B,T,,,T,True,True,,,0.0625,0.0625,3.144111322250922,,T U D,P,,False,,0.890625,0.709019124507904,,
train-028929-aed53e9833f9c666,4,12,train,12598044356066788966,pointer,B,T,,,T,True,True,,,0.0625,0.0625,3.1435770485145937,,T U D,P,,False,,0.89453125,0.7098243832588196,,
train-001498-b9ff9c1a1c2b8105,5,1,train,13402602652033581317,pointer,X,L,L,True,B,False,False,8.4638240878121e-06,13.046875,-15.01171875,13.046875,0.00012947532223176513,1,L I C,L,True,True,0.0034291294869035482,-0.89453125,0.2901756167411804,False,0.34273767471313477
train-001498-b9ff9c1a1c2b8105,5,2,train,13402602652033581317,pointer,X,V,V,True,B,False,False,0.024619432166218758,5.25,-8.1875,5.25,0.17892810196998976,1,V I W,L,False,False,3.649357318878174,-0.546875,0.3665897250175476,False,0.456636905670166
train-001498-b9ff9c1a1c2b8105,5,3,train,13402602652033581317,pointer,X,V,M,False,B,False,False,1.267604947090149,-0.25,-3.75,0.25,2.147358208457467,2,V M L,T,False,False,3.2958147525787354,-0.033935546875,0.49151697754859924,False,0.6763233542442322
train-001498-b9ff9c1a1c2b8105,5,4,train,13402602652033581317,pointer,X,V,W,False,B,False,False,2.9251744747161865,-0.8125,-1.4375,0.3125,3.1245339508550907,5,V M X,I,False,False,3.200364351272583,0.337890625,0.5836780667304993,False,0.8762964010238647
train-001498-b9ff9c1a1c2b8105,5,5,train,13402602652033581317,pointer,X,V,B,False,B,False,False,3.345855236053467,-0.6875,-0.6875,0.0625,3.208853965059764,10,V X M,P,False,False,3.294156074523926,0.5625,0.6370307803153992,True,0.45093727111816406
train-001498-b9ff9c1a1c2b8105,5,6,train,13402602652033581317,pointer,X,V,,,B,False,True,,,-0.625,0.0625,3.2178345891144073,,V X I,P,,False,,0.69921875,0.6680145263671875,,
train-001498-b9ff9c1a1c2b8105,5,7,train,13402602652033581317,pointer,X,V,,,B,False,True,,,-0.5625,0.0,3.219921706099865,,V X M,P,,False,,0.77734375,0.6851073503494263,,
train-001498-b9ff9c1a1c2b8105,5,8,train,13402602652033581317,pointer,X,V,,,B,False,True,,,-0.5625,0.0,3.2194857940860406,,V X I,P,,False,,0.828125,0.6959583163261414,,
train-001498-b9ff9c1a1c2b8105,5,9,train,13402602652033581317,pointer,X,V,,,B,False,True,,,-0.625,0.0625,3.2175814050623184,,V X I,P,,False,,0.859375,0.7025300860404968,,
train-001498-b9ff9c1a1c2b8105,5,10,train,13402602652033581317,pointer,X,V,,,B,False,True,,,-0.5625,0.0,3.218979850335669,,V X I,P,,False,,0.875,0.7057850360870361,,
train-001498-b9ff9c1a1c2b8105,5,11,train,13402602652033581317,pointer,X,V,,,B,False,True,,,-0.5625,0.0,3.2186096336799235,,V X I,P,,False,,0.88671875,0.7082125544548035,,
train-001498-b9ff9c1a1c2b8105,5,12,train,13402602652033581317,pointer,X,V,,,B,False,True,,,-0.5625,0.0,3.219142851803348,,V X I,P,,False,,0.890625,0.709019124507904,,
train-009185-0259c718e550a631,6,1,train,169385370743514673,pointer,I,S,S,True,F,False,False,0.00011824862303910777,9.90625,-12.234375,9.90625,0.0014199853369679949,1,S R A,S,True,True,0.006969309411942959,-0.828125,0.30404168367385864,False,0.362465500831604
train-009185-0259c718e550a631,6,2,train,169385370743514673,pointer,I,G,G,True,F,False,False,0.003391349921002984,6.5625,-7.0625,6.5625,0.029005500937563575,1,G D F,X,False,False,3.464318037033081,-0.478515625,0.382602721452713,False,0.48224252462387085
train-009185-0259c718e550a631,6,3,train,169385370743514673,pointer,I,G,U,False,F,False,False,1.053680419921875,-0.25,-3.75,0.25,1.6491689502887048,2,G U K,J,False,False,3.1474900245666504,-0.00714111328125,0.4982147514820099,False,0.6895830035209656
train-009185-0259c718e550a631,6,4,train,169385370743514673,pointer,I,U,H,False,F,False,False,3.9245622158050537,-2.1875,-1.875,0.25,2.850941543362125,14,U D R,J,False,False,3.3146650791168213,0.35546875,0.5879431366920471,False,0.8865938782691956
train-009185-0259c718e550a631,6,5,train,169385370743514673,pointer,I,D,Z,False,F,False,False,3.0954480171203613,-1.3125,-1.75,0.3125,2.888499327007317,6,D R U,P,False,False,3.0821666717529297,0.578125,0.6406359076499939,False,1.0234191417694092
train-009185-0259c718e550a631,6,6,train,169385370743514673,pointer,I,D,F,False,F,False,False,3.5366082191467285,-1.75,-1.75,0.3125,2.900673803595497,12,D R U,P,False,False,3.4041941165924072,0.7109375,0.6706082820892334,True,0.399570107460022
train-009185-0259c718e550a631,6,7,train,169385370743514673,pointer,I,D,,,F,False,True,,,-1.8125,0.3125,2.8895121981731604,,D R U,P,,False,,0.7890625,0.6876299977302551,,
train-009185-0259c718e550a631,6,8,train,169385370743514673,pointer,I,D,,,F,False,True,,,-1.75,0.3125,2.9009390304728755,,D R U,P,,False,,0.8359375,0.6976089477539062,,
train-009185-0259c718e550a631,6,9,train,169385370743514673,pointer,I,D,,,F,False,True,,,-1.6875,0.25,2.904498328412791,,D R U,P,,False,,0.8671875,0.7041601538658142,,
train-009185-0259c718e550a631,6,10,train,169385370743514673,pointer,I,D,,,F,False,True,,,-1.75,0.3125,2.8960146930703092,,D R U,P,,False,,0.8828125,0.7074047327041626,,
train-009185-0259c718e550a631,6,11,train,169385370743514673,pointer,I,D,,,F,False,True,,,-1.75,0.25,2.9022262675455064,,D R U,P,,False,,0.890625,0.709019124507904,,
train-009185-0259c718e550a631,6,12,train,169385370743514673,pointer,I,D,,,F,False,True,,,-1.75,0.3125,2.9004840261241087,,D R U,P,,False,,0.8984375,0.7106282711029053,,
train-012210-97996b7238ffee47,8,1,train,10923880509490589255,pointer,R,Q,Q,True,V,False,False,3.576278118089249e-07,15.1875,-21.0,15.1875,7.610548838794296e-06,1,Q A J,Q,True,True,0.06704419106245041,-1.015625,0.2658804655075073,False,0.3090834617614746
train-012210-97996b7238ffee47,8,2,train,10923880509490589255,pointer,R,M,M,True,V,False,False,0.0005915798828937113,8.375,-12.5625,8.375,0.006276807444164477,1,M Q D,X,False,False,3.7592854499816895,-0.5859375,0.3575674891471863,False,0.4424935579299927
train-012210-97996b7238ffee47,8,3,train,10923880509490589255,pointer,R,Z,U,False,V,False,False,2.890441417694092,-0.8125,-2.125,0.25,3.104838679886146,4,Z J O,J,False,False,3.266014575958252,-0.0615234375,0.4846239387989044,False,0.6628585457801819
train-012210-97996b7238ffee47,8,4,train,10923880509490589255,pointer,R,Z,Y,False,V,False,False,3.279477119445801,-0.6875,-1.125,0.125,3.214552730711725,12,Z J R,G,False,False,3.3461735248565674,0.318359375,0.5789243578910828,False,0.8649427890777588
train-012210-97996b7238ffee47,8,5,train,10923880509490589255,pointer,R,Z,B,False,V,False,False,3.2004988193511963,-0.4375,-0.875,0.125,3.2307699858768046,6,Z J R,V,False,False,3.3494067192077637,0.54296875,0.6325027346611023,False,1.0010395050048828
train-012210-97996b7238ffee47,8,6,train,10923880509490589255,pointer,R,Z,S,False,V,False,False,3.572774887084961,-0.8125,-0.875,0.125,3.231128744099188,24,Z J R,V,False,False,3.2558300495147705,0.67578125,0.6627964973449707,False,1.0870685577392578
train-012210-97996b7238ffee47,8,7,train,10923880509490589255,pointer,R,Z,C,False,V,False,False,3.2506043910980225,-0.4375,-0.8125,0.0625,3.2314462864443008,11,Z J R,V,False,False,3.4181203842163086,0.7578125,0.6808785796165466,False,1.142183780670166
train-012210-97996b7238ffee47,8,8,train,10923880509490589255,pointer,R,Z,V,False,V,False,False,3.6152987480163574,-0.8125,-0.8125,0.125,3.2321491942630436,25,Z J R,V,True,False,3.1049227714538574,0.8046875,0.6909762620925903,True,0.3696497678756714
train-012210-97996b7238ffee47,8,9,train,10923880509490589255,pointer,R,Z,,,V,False,True,,,-0.8125,0.0625,3.231909704885165,,Z J R,P,,False,,0.8359375,0.6976089477539062,,
train-012210-97996b7238ffee47,8,10,train,10923880509490589255,pointer,R,Z,,,V,False,True,,,-0.8125,0.0625,3.2314462864443008,,Z J R,V,,False,,0.8515625,0.700894832611084,,
train-012210-97996b7238ffee47,8,11,train,10923880509490589255,pointer,R,Z,,,V,False,True,,,-0.8125,0.125,3.2327724890579566,,Z J G,P,,False,,0.86328125,0.703345775604248,,
train-012210-97996b7238ffee47,8,12,train,10923880509490589255,pointer,R,Z,,,V,False,True,,,-0.8125,0.0625,3.2314462864443008,,Z J R,P,,False,,0.87109375,0.7049732804298401,,
train-034999-4841f772dd44612d,10,1,train,5206714716927582509,pointer,N,R,R,True,U,False,False,9.536738616588991e-07,15.375,-21.546875,15.375,1.7850835254065643e-05,1,R C P,R,True,True,0.011173651553690434,-0.88671875,0.29178744554519653,False,0.34501099586486816
train-034999-4841f772dd44612d,10,2,train,5206714716927582509,pointer,N,H,H,True,U,False,False,0.0030418813694268465,7.5625,-11.15625,7.5625,0.029096605032843337,1,H Y J,X,False,False,3.5943374633789062,-0.50390625,0.37662312388420105,False,0.47260403633117676
train-034999-4841f772dd44612d,10,3,train,5206714716927582509,pointer,N,G,G,True,U,False,False,0.8631027340888977,1.875,-2.4375,1.875,2.4253004606651407,1,G L W,W,False,False,3.143110990524292,0.0025177001953125,0.5006294250488281,False,0.6944068074226379
train-034999-4841f772dd44612d,10,4,train,5206714716927582509,pointer,N,G,V,False,U,False,False,2.725430965423584,-0.625,-0.5625,0.5625,3.1243543150027353,3,G U V,P,False,False,3.2038581371307373,0.369140625,0.5912513136863708,False,0.8946547508239746
train-034999-4841f772dd44612d,10,5,train,5206714716927582509,pointer,N,G,P,False,U,False,False,2.865396022796631,-0.4375,-0.375,0.375,3.1843491976977414,5,G U V,P,True,False,3.013960361480713,0.59375,0.6442250609397888,False,1.0334570407867432
train-034999-4841f772dd44612d,10,6,train,5206714716927582509,pointer,N,G,O,False,U,False,False,3.4530460834503174,-1.0,-0.375,0.375,3.1907257933624043,18,G U V,P,False,False,3.164764165878296,0.72265625,0.6731916666030884,False,1.1183815002441406
train-034999-4841f772dd44612d,10,7,train,5206714716927582509,pointer,N,G,B,False,U,False,False,3.369499921798706,-0.875,-0.375,0.3125,3.1954536245124303,13,G V P,P,False,False,3.247422456741333,0.80078125,0.6901415586471558,False,1.1716398000717163
train-034999-4841f772dd44612d,10,8,train,5206714716927582509,pointer,N,G,W,False,U,False,False,3.047783374786377,-0.5625,-0.375,0.3125,3.1927048737579877,7,G V P,P,False,False,3.2259585857391357,0.84765625,0.7000752091407776,False,1.2042237520217896
train-034999-4841f772dd44612d,10,9,train,5206714716927582509,pointer,N,G,L,False,U,False,False,2.931999921798706,-0.4375,-0.375,0.3125,3.1954536245124303,5,G V P,P,False,False,3.3059587478637695,0.87109375,0.7049732804298401,False,1.2206891775131226
train-034999-4841f772dd44612d,10,10,train,5206714716927582509,pointer,N,G,U,False,U,False,False,2.888601064682007,-0.4375,-0.4375,0.375,3.190381824818324,5,G V L,P,False,False,3.1636135578155518,0.88671875,0.7082125544548035,True,0.3450109660625458
train-034999-4841f772dd44612d,10,11,train,5206714716927582509,pointer,N,G,,,U,False,True,,,-0.375,0.3125,3.1945177004890914,,G V P,P,,False,,0.8984375,0.7106282711029053,,
train-034999-4841f772dd44612d,10,12,train,5206714716927582509,pointer,N,G,,,U,False,True,,,-0.375,0.3125,3.191859802815455,,G V P,P,,False,,0.90234375,0.7114308476448059,,
train-011564-7762883a563e37c9,12,1,train,8602588022367467465,pointer,E,N,N,True,T,False,False,0.0001586549769854173,9.9375,-12.25,9.9375,0.0018491656593803635,1,N Q B,N,True,True,0.008416657336056232,-0.91015625,0.2869678735733032,False,0.33822882175445557
train-011564-7762883a563e37c9,12,2,train,8602588022367467465,pointer,E,V,V,True,T,False,False,0.008100513368844986,4.875,-11.6875,4.875,0.05012018457044661,1,V N W,X,False,False,3.4453206062316895,-0.53515625,0.36931508779525757,False,0.4609488844871521
train-011564-7762883a563e37c9,12,3,train,8602588022367467465,pointer,E,M,M,True,T,False,False,1.3173835277557373,0.4375,-1.75,0.4375,2.608520937244368,1,M V D,J,False,False,3.394514799118042,-0.0167236328125,0.49581918120384216,False,0.684820294380188
train-011564-7762883a563e37c9,12,4,train,8602588022367467465,pointer,E,M,T,False,T,False,False,2.587022542953491,-0.8125,-0.8125,0.4375,2.8866298137855178,4,M D V,P,False,False,3.171342611312866,0.3671875,0.590779185295105,False,0.8935004472732544
train-011564-7762883a563e37c9,12,5,train,8602588022367467465,pointer,E,M,D,False,T,False,False,2.225736618041992,-0.1875,-0.4375,0.1875,2.93201535200605,2,M D I,P,False,False,3.2913780212402344,0.6015625,0.6460136771202087,False,1.0384970903396606
train-011564-7762883a563e37c9,12,6,train,8602588022367467465,pointer,E,M,V,False,T,False,False,2.6380693912506104,-0.5625,-0.375,0.1875,2.9390506662307017,6,M D I,P,False,False,3.342324733734131,0.734375,0.6757646203041077,False,1.1262855529785156
train-011564-7762883a563e37c9,12,7,train,8602588022367467465,pointer,E,M,M,True,T,False,False,2.107280969619751,0.125,-0.3125,0.125,2.9361488548228403,1,M D I,P,False,False,3.5710957050323486,0.8125,0.6926419734954834,False,1.1797420978546143
train-011564-7762883a563e37c9,12,8,train,8602588022367467465,pointer,E,M,T,False,T,False,False,2.4331207275390625,-0.375,-0.375,0.1875,2.9354345169436655,4,M D I,P,False,False,3.2261106967926025,0.859375,0.7025300860404968,False,1.21244215965271
train-011564-7762883a563e37c9,12,9,train,8602588022367467465,pointer,E,M,D,False,T,False,False,2.281561851501465,-0.1875,-0.3125,0.1875,2.933526522626347,2,M D I,P,False,False,3.3336758613586426,0.88671875,0.7082125544548035,False,1.2317297458648682
train-011564-7762883a563e37c9,12,10,train,8602588022367467465,pointer,E,M,V,False,T,False,False,2.6579413414001465,-0.5625,-0.3125,0.1875,2.93473929189147,6,M D I,P,False,False,3.3451504707336426,0.90234375,0.7114308476448059,False,1.2428207397460938
train-011564-7762883a563e37c9,12,11,train,8602588022367467465,pointer,E,M,M,True,T,False,False,2.0965144634246826,0.1875,-0.3125,0.1875,2.9359509434789084,1,M D I,P,False,False,3.5787923336029053,0.9140625,0.7138307690620422,False,1.2511719465255737
train-011564-7762883a563e37c9,12,12,train,8602588022367467465,pointer,E,M,T,False,T,False,False,2.4155633449554443,-0.3125,-0.3125,0.125,2.931510751620898,4,M D I,P,False,False,3.225769281387329,0.921875,0.7154240012168884,True,0.33487990498542786
train-009225-e6d88a97d91644e8,1,1,train,16634197608479737064,pointer,S,U,U,True,U,True,False,7.629103492945433e-05,11.09375,11.09375,11.09375,0.000981460710622494,1,U Y V,U,True,True,0.01990463212132454,-0.98046875,0.2727987766265869,True,1.299020767211914
train-009225-e6d88a97d91644e8,1,2,train,16634197608479737064,pointer,S,J,,,U,False,True,,,-11.5,8.3125,0.004424038573373594,,J Y I,X,,False,,-0.609375,0.35220175981521606,,
train-009225-e6d88a97d91644e8,1,3,train,16634197608479737064,pointer,S,Y,,,U,False,True,,,-1.5,0.25,3.022112432332554,,Y V J,T,,False,,-0.0791015625,0.48023492097854614,,
train-009225-e6d88a97d91644e8,1,4,train,16634197608479737064,pointer,S,Y,,,U,False,True,,,-0.375,0.0625,3.2454064720637383,,Y K V,U,,False,,0.314453125,0.5779718160629272,,
train-009225-e6d88a97d91644e8,1,5,train,16634197608479737064,pointer,S,P,,,U,False,True,,,-0.3125,0.0,3.2503472036233942,,P T L,U,,False,,0.55859375,0.6361271142959595,,
train-009225-e6d88a97d91644e8,1,6,train,16634197608479737064,pointer,S,T,,,U,False,True,,,-0.3125,0.0625,3.250835326081006,,T L P,P,,False,,0.69921875,0.6680145263671875,,
train-009225-e6d88a97d91644e8,1,7,train,16634197608479737064,pointer,S,P,,,U,False,True,,,-0.3125,0.0,3.250069596481208,,P T G,P,,True,,0.78515625,0.6867902874946594,,
train-009225-e6d88a97d91644e8,1,8,train,16634197608479737064,pointer,S,P,,,U,False,True,,,-0.3125,0.0,3.250750977926693,,P T G,P,,True,,0.83203125,0.696784257888794,,
train-009225-e6d88a97d91644e8,1,9,train,16634197608479737064,pointer,S,T,,,U,False,True,,,-0.375,0.0625,3.250140453672329,,T L P,P,,False,,0.86328125,0.703345775604248,,
train-009225-e6d88a97d91644e8,1,10,train,16634197608479737064,pointer,S,T,,,U,False,True,,,-0.375,0.0625,3.2499923097760233,,T L P,P,,False,,0.87890625,0.7065955400466919,,
train-009225-e6d88a97d91644e8,1,11,train,16634197608479737064,pointer,S,T,,,U,False,True,,,-0.375,0.0625,3.2505700955117476,,T L P,P,,False,,0.890625,0.709019124507904,,
train-009225-e6d88a97d91644e8,1,12,train,16634197608479737064,pointer,S,T,,,U,False,True,,,-0.375,0.0625,3.2492124418404416,,T L P,P,,False,,0.8984375,0.7106282711029053,,
train-001306-18fe11ce3b98c489,2,1,train,1800896478455579785,pointer,E,N,N,True,I,False,False,0.00013958434283267707,10.0,-14.59375,10.0,0.0016587819516769612,1,N B A,N,True,True,0.009966962970793247,-0.890625,0.29098084568977356,False,0.3438727855682373
train-001306-18fe11ce3b98c489,2,2,train,1800896478455579785,pointer,E,I,I,True,I,True,False,0.0006468587671406567,9.125,9.125,9.125,0.007142947836762542,1,I J A,X,False,False,2.9344754219055176,-0.52734375,0.3711366057395935,True,0.9911850094795227
train-001306-18fe11ce3b98c489,2,3,train,1800896478455579785,pointer,E,A,,,I,False,True,,,-2.8125,0.6875,2.411898869009658,,A F L,J,,False,,-0.01092529296875,0.4972687065601349,,
train-001306-18fe11ce3b98c489,2,4,train,1800896478455579785,pointer,E,A,,,I,False,True,,,-1.4375,0.0,3.0089627999601745,,A F L,P,,False,,0.3671875,0.590779185295105,,
train-001306-18fe11ce3b98c489,2,5,train,1800896478455579785,pointer,E,F,,,I,False,True,,,-0.9375,0.0,3.153011782643104,,F L A,P,,False,,0.58984375,0.6433292627334595,,
train-001306-18fe11ce3b98c489,2,6,train,1800896478455579785,pointer,E,F,,,I,False,True,,,-0.8125,0.0,3.1737960720628253,,F L A,P,,False,,0.71484375,0.671470582485199,,
train-001306-18fe11ce3b98c489,2,7,train,1800896478455579785,pointer,E,L,,,I,False,True,,,-0.8125,0.0625,3.1775269750519124,,L F A,P,,False,,0.7890625,0.6876299977302551,,
train-001306-18fe11ce3b98c489,2,8,train,1800896478455579785,pointer,E,L,,,I,False,True,,,-0.8125,0.0625,3.1795019003811076,,L F A,P,,False,,0.83203125,0.696784257888794,,
train-001306-18fe11ce3b98c489,2,9,train,1800896478455579785,pointer,E,L,,,I,False,True,,,-0.875,0.0625,3.1737615974094124,,L F A,P,,False,,0.85546875,0.7017130851745605,,
train-001306-18fe11ce3b98c489,2,10,train,1800896478455579785,pointer,E,L,,,I,False,True,,,-0.8125,0.0625,3.179951240833902,,L F A,P,,False,,0.87109375,0.7049732804298401,,
train-001306-18fe11ce3b98c489,2,11,train,1800896478455579785,pointer,E,L,,,I,False,True,,,-0.875,0.0625,3.1796076222925347,,L F A,P,,False,,0.87890625,0.7065955400466919,,
train-001306-18fe11ce3b98c489,2,12,train,1800896478455579785,pointer,E,L,,,I,False,True,,,-0.875,0.0625,3.177260686105426,,L F A,P,,False,,0.8828125,0.7074047327041626,,
train-016049-a073b77648266286,3,1,train,11561786387034694278,pointer,G,A,A,True,E,False,False,9.417489309271332e-06,13.15625,-15.140625,13.15625,0.00014175659042738834,1,A H D,A,True,True,0.005773890297859907,-0.87109375,0.2950267493724823,False,0.34959542751312256
train-016049-a073b77648266286,3,2,train,11561786387034694278,pointer,G,F,M,False,E,False,False,3.5602288246154785,-2.625,-4.3125,0.0625,1.6551903016319975,5,F D P,X,False,False,3.6455278396606445,-0.51953125,0.3729618489742279,False,0.4667479395866394
train-016049-a073b77648266286,3,3,train,11561786387034694278,pointer,G,K,E,False,E,False,False,2.079509735107422,-1.1875,-1.1875,1.1875,2.402125145841784,2,K E H,J,False,False,3.4087536334991455,-0.0252685546875,0.49368321895599365,True,0.7058612704277039
train-016049-a073b77648266286,3,4,train,11561786387034694278,pointer,G,K,,,E,False,True,,,-0.5625,0.5625,3.150251890152924,,K E H,I,,False,,0.3515625,0.5869964361190796,,
train-016049-a073b77648266286,3,5,train,11561786387034694278,pointer,G,K,,,E,False,True,,,-0.3125,0.25,3.222977278766409,,K G E,P,,False,,0.58203125,0.6415346264839172,,
train-016049-a073b77648266286,3,6,train,11561786387034694278,pointer,G,K,,,E,False,True,,,-0.25,0.125,3.2283287362839284,,K G E,P,,False,,0.71875,0.672331690788269,,
train-016049-a073b77648266286,3,7,train,11561786387034694278,pointer,G,K,,,E,False,True,,,-0.25,0.125,3.230042485066599,,K G E,P,,False,,0.80078125,0.6901415586471558,,
train-016049-a073b77648266286,3,8,train,11561786387034694278,pointer,G,K,,,E,False,True,,,-0.25,0.125,3.2281945743278935,,K G E,P,,False,,0.84765625,0.7000752091407776,,
train-016049-a073b77648266286,3,9,train,11561786387034694278,pointer,G,K,,,E,False,True,,,-0.25,0.1875,3.2294647870254503,,K G E,P,,False,,0.875,0.7057850360870361,,
train-016049-a073b77648266286,3,10,train,11561786387034694278,pointer,G,K,,,E,False,True,,,-0.25,0.1875,3.2279000403566593,,K G E,P,,False,,0.890625,0.709019124507904,,
train-016049-a073b77648266286,3,11,train,11561786387034694278,pointer,G,K,,,E,False,True,,,-0.25,0.1875,3.2296024451568353,,K G E,P,,False,,0.90234375,0.7114308476448059,,
train-016049-a073b77648266286,3,12,train,11561786387034694278,pointer,G,K,,,E,False,True,,,-0.25,0.125,3.2277621720014595,,K G E,P,,False,,0.90625,0.7122321724891663,,
train-010893-54a61a1968f8e7bf,4,1,train,6099591441757562815,pointer,F,N,N,True,Q,False,False,7.30726242181845e-05,10.5625,-10.6875,10.5625,0.00089920950585711,1,N B Q,N,True,True,0.013751411810517311,-0.92578125,0.28378137946128845,False,0.3337697982788086
train-010893-54a61a1968f8e7bf,4,2,train,6099591441757562815,pointer,F,N,J,False,Q,False,False,1.916662335395813,-1.75,-9.9375,1.75,0.4720903159512397,2,N J D,X,False,False,3.50441837310791,-0.53125,0.37022536993026733,False,0.46239328384399414
train-010893-54a61a1968f8e7bf,4,3,train,6099591441757562815,pointer,F,Q,P,False,Q,True,False,2.0285441875457764,-1.375,1.375,1.375,1.9692750328325026,2,Q P D,T,False,False,3.103389263153076,-0.018310546875,0.49542245268821716,False,0.6840338110923767
train-010893-54a61a1968f8e7bf,4,4,train,6099591441757562815,pointer,F,Q,Q,True,Q,True,False,2.068258285522461,0.1875,0.1875,0.1875,3.0739113066125885,1,Q P D,P,False,False,3.2707924842834473,0.357421875,0.5884162187576294,True,0.5303207635879517
train-010893-54a61a1968f8e7bf,4,5,train,6099591441757562815,pointer,F,P,,,Q,False,True,,,-0.25,0.0625,3.1963826650414284,,P D Q,P,,True,,0.58203125,0.6415346264839172,,
train-010893-54a61a1968f8e7bf,4,6,train,6099591441757562815,pointer,F,P,,,Q,False,True,,,-0.25,0.0625,3.2085980317501313,,P D Q,P,,True,,0.71484375,0.671470582485199,,
train-010893-54a61a1968f8e7bf,4,7,train,6099591441757562815,pointer,F,P,,,Q,False,True,,,-0.3125,0.0625,3.2093542002652002,,P D J,P,,True,,0.79296875,0.6884684562683105,,
train-010893-54a61a1968f8e7bf,4,8,train,6099591441757562815,pointer,F,P,,,Q,False,True,,,-0.3125,0.0625,3.210862661926968,,P D J,P,,True,,0.8359375,0.6976089477539062,,
train-010893-54a61a1968f8e7bf,4,9,train,6099591441757562815,pointer,F,P,,,Q,False,True,,,-0.3125,0.0625,3.2126280742654125,,P D J,P,,True,,0.86328125,0.703345775604248,,
train-010893-54a61a1968f8e7bf,4,10,train,6099591441757562815,pointer,F,P,,,Q,False,True,,,-0.3125,0.0625,3.210196491598937,,P D J,P,,True,,0.87890625,0.7065955400466919,,
train-010893-54a61a1968f8e7bf,4,11,train,6099591441757562815,pointer,F,P,,,Q,False,True,,,-0.3125,0.0625,3.210480859765274,,P D J,P,,True,,0.88671875,0.7082125544548035,,
train-010893-54a61a1968f8e7bf,4,12,train,6099591441757562815,pointer,F,P,,,Q,False,True,,,-0.3125,0.0625,3.2100010025447414,,P D J,P,,True,,0.890625,0.709019124507904,,
train-035347-804f37ed051ea6d8,5,1,train,9245670051147589336,pointer,B,Y,Y,True,J,False,False,2.50339189733495e-06,13.8125,-13.8125,13.8125,4.383936220716919e-05,1,Y J R,Y,True,True,0.00543023319914937,-0.91796875,0.28537195920944214,False,0.33599305152893066
train-035347-804f37ed051ea6d8,5,2,train,9245670051147589336,pointer,B,I,K,False,J,False,False,1.3134310245513916,-1.0,-9.375,1.0,0.5841557198537498,2,I K J,X,False,False,3.2838077545166016,-0.515625,0.37387579679489136,False,0.468206524848938
train-035347-804f37ed051ea6d8,5,3,train,9245670051147589336,pointer,B,I,I,True,J,False,False,1.0021425485610962,0.6875,-3.3125,0.6875,2.352964690291877,1,I V K,D,False,False,3.1239311695098877,-0.01031494140625,0.4974212944507599,False,0.6880030035972595
train-035347-804f37ed051ea6d8,5,4,train,9245670051147589336,pointer,B,V,V,True,J,False,False,2.540529727935791,0.25,-1.0625,0.25,3.1983781006495065,1,V L T,D,False,False,3.135787010192871,0.36328125,0.5898345112800598,False,0.8911945223808289
train-035347-804f37ed051ea6d8,5,5,train,9245670051147589336,pointer,B,L,J,False,J,False,False,3.4870402812957764,-0.5625,-0.5625,0.0,3.2365243354333875,21,L T B,P,False,False,3.2188963890075684,0.58984375,0.6433292627334595,True,0.44109857082366943
train-035347-804f37ed051ea6d8,5,6,train,9245670051147589336,pointer,B,T,,,J,False,True,,,-0.5,0.0625,3.2396643204043496,,T L B,P,,False,,0.72265625,0.6731916666030884,,
train-035347-804f37ed051ea6d8,5,7,train,9245670051147589336,pointer,B,T,,,J,False,True,,,-0.5625,0.0625,3.2383912473547243,,T L B,P,,False,,0.80078125,0.6901415586471558,,
train-035347-804f37ed051ea6d8,5,8,train,9245670051147589336,pointer,B,T,,,J,False,True,,,-0.5625,0.125,3.239210887733165,,T B L,P,,False,,0.84375,0.6992544531822205,,
train-035347-804f37ed051ea6d8,5,9,train,9245670051147589336,pointer,B,T,,,J,False,True,,,-0.5,0.0625,3.2400985677321663,,T B L,P,,False,,0.87109375,0.7049732804298401,,
train-035347-804f37ed051ea6d8,5,10,train,9245670051147589336,pointer,B,T,,,J,False,True,,,-0.5625,0.0625,3.2398204164004243,,T L B,P,,False,,0.88671875,0.7082125544548035,,
train-035347-804f37ed051ea6d8,5,11,train,9245670051147589336,pointer,B,T,,,J,False,True,,,-0.5625,0.125,3.2392879426580565,,T B G,P,,False,,0.8984375,0.7106282711029053,,
train-035347-804f37ed051ea6d8,5,12,train,9245670051147589336,pointer,B,T,,,J,False,True,,,-0.5625,0.125,3.2401481283125424,,T B L,P,,False,,0.90234375,0.7114308476448059,,
train-012677-fa476f934299767c,6,1,train,18034505911096669820,pointer,N,N,N,True,N,True,False,0.0013244913425296545,6.9375,6.9375,6.9375,0.011213051498101517,1,N A I,N,True,True,0.07157700508832932,-0.8984375,0.28937169909477234,False,0.3416057825088501
train-012677-fa476f934299767c,6,2,train,18034505911096669820,pointer,N,N,N,True,N,True,False,-0.0,20.0625,20.0625,20.0625,2.0239604556501652e-07,1,N D A,X,False,False,2.9131369590759277,-0.55078125,0.3656831681728363,False,0.4552067518234253
train-012677-fa476f934299767c,6,3,train,18034505911096669820,pointer,N,N,N,True,N,True,False,0.0016677769599482417,8.5,8.5,8.5,0.017268559170227477,1,N I M,X,False,False,3.274827718734741,-0.0478515625,0.48803937435150146,False,0.6695075631141663
train-012677-fa476f934299767c,6,4,train,18034505911096669820,pointer,N,N,N,True,N,True,False,0.028070097789168358,5.875,5.875,5.875,0.21153663744583867,1,N L M,P,False,False,3.30208683013916,0.3359375,0.5832033753395081,False,0.8751568794250488
train-012677-fa476f934299767c,6,5,train,18034505911096669820,pointer,N,N,N,True,N,True,False,0.057307519018650055,5.1875,5.1875,5.1875,0.3873411951780621,1,N L M,P,False,False,3.2606332302093506,0.57421875,0.6397360563278198,False,1.020918369293213
train-012677-fa476f934299767c,6,6,train,18034505911096669820,pointer,N,N,N,True,N,True,False,0.06197411194443703,5.125,5.125,5.125,0.4135078148851874,1,N L I,P,False,False,3.2372853755950928,0.7109375,0.6706082820892334,True,0.399570107460022
train-012677-fa476f934299767c,6,7,train,18034505911096669820,pointer,N,N,,,N,True,True,,,5.0625,5.0625,0.4362965070830776,,N L I,P,,False,,0.79296875,0.6884684562683105,,
train-012677-fa476f934299767c,6,8,train,18034505911096669820,pointer,N,N,,,N,True,True,,,5.125,5.125,0.42343275547218057,,N L I,P,,False,,0.83984375,0.6984323263168335,,
train-012677-fa476f934299767c,6,9,train,18034505911096669820,pointer,N,N,,,N,True,True,,,5.0625,5.0625,0.43750307365801816,,N L I,P,,False,,0.87109375,0.7049732804298401,,
train-012677-fa476f934299767c,6,10,train,18034505911096669820,pointer,N,N,,,N,True,True,,,5.0625,5.0625,0.43879649681009303,,N L I,P,,False,,0.88671875,0.7082125544548035,,
train-012677-fa476f934299767c,6,11,train,18034505911096669820,pointer,N,N,,,N,True,True,,,5.0625,5.0625,0.4380012985328054,,N L I,P,,False,,0.89453125,0.7098243832588196,,
train-012677-fa476f934299767c,6,12,train,18034505911096669820,pointer,N,N,,,N,True,True,,,5.0625,5.0625,0.43879649681009303,,N L I,P,,False,,0.8984375,0.7106282711029053,,
train-011589-e2ac7a4572e7f3c6,8,1,train,16333564387265082310,pointer,J,L,L,True,U,False,False,2.264974000354414e-06,14.09375,-17.9140625,14.09375,3.8494352393125396e-05,1,L I C,L,True,True,0.0035213150549679995,-0.9140625,0.28616926074028015,False,0.33710944652557373
train-011589-e2ac7a4572e7f3c6,8,2,train,16333564387265082310,pointer,J,B,B,True,U,False,False,0.0012630588607862592,7.0,-12.53125,7.0,0.011303573590257089,1,B L A,X,False,False,2.9805803298950195,-0.58203125,0.3584653437137604,False,0.4438920021057129
train-011589-e2ac7a4572e7f3c6,8,3,train,16333564387265082310,pointer,J,Q,K,False,U,False,False,1.95145845413208,-1.25,-4.375,1.25,2.0948478266519777,2,Q K P,T,False,False,3.273902654647827,-0.052001953125,0.48700249195098877,False,0.6674842238426208
train-011589-e2ac7a4572e7f3c6,8,4,train,16333564387265082310,pointer,J,Q,Q,True,U,False,False,1.669922113418579,0.8125,-2.1875,0.8125,3.02605803278957,1,Q K P,U,False,False,3.2416603565216064,0.330078125,0.5817784070968628,False,0.8717437982559204
train-011589-e2ac7a4572e7f3c6,8,5,train,16333564387265082310,pointer,J,Q,I,False,U,False,False,3.338682174682617,-1.1875,-1.5,0.5625,3.1666642821427926,11,Q K P,U,False,False,3.223069667816162,0.5625,0.6370307803153992,False,1.013437271118164
train-011589-e2ac7a4572e7f3c6,8,6,train,16333564387265082310,pointer,J,Q,S,False,U,False,False,3.2929205894470215,-1.0,-1.3125,0.5,3.189250396415651,13,Q K P,U,False,False,3.292201042175293,0.703125,0.66888028383255,False,1.1052751541137695
train-011589-e2ac7a4572e7f3c6,8,7,train,16333564387265082310,pointer,J,Q,Z,False,U,False,False,3.2032556533813477,-0.875,-1.25,0.4375,3.1910058201963736,9,Q K P,U,False,False,3.2132387161254883,0.78515625,0.6867902874946594,False,1.1608824729919434
train-011589-e2ac7a4572e7f3c6,8,8,train,16333564387265082310,pointer,J,Q,U,False,U,False,False,3.5782556533813477,-1.25,-1.25,0.4375,3.1910058201963736,22,Q K P,P,False,False,3.095081329345703,0.83203125,0.696784257888794,True,0.3612794578075409
train-011589-e2ac7a4572e7f3c6,8,9,train,16333564387265082310,pointer,J,Q,,,U,False,True,,,-1.1875,0.4375,3.197092458493134,,Q K P,P,,False,,0.86328125,0.703345775604248,,
train-011589-e2ac7a4572e7f3c6,8,10,train,16333564387265082310,pointer,J,Q,,,U,False,True,,,-1.1875,0.4375,3.1958914318611327,,Q K P,P,,False,,0.8828125,0.7074047327041626,,
train-011589-e2ac7a4572e7f3c6,8,11,train,16333564387265082310,pointer,J,Q,,,U,False,True,,,-1.1875,0.4375,3.1983147431617582,,Q K P,P,,False,,0.89453125,0.7098243832588196,,
train-011589-e2ac7a4572e7f3c6,8,12,train,16333564387265082310,pointer,J,Q,,,U,False,True,,,-1.1875,0.4375,3.1953204003312763,,Q K P,P,,False,,0.8984375,0.7106282711029053,,
train-009844-241dc1586a630f61,10,1,train,2602448745176174433,pointer,R,F,F,True,P,False,False,1.07287787614041e-05,12.875,-13.90625,12.875,0.00016119725934723937,1,F C B,F,True,True,0.0047726999036967754,-0.84375,0.30074557662010193,False,0.3577406406402588
train-009844-241dc1586a630f61,10,2,train,2602448745176174433,pointer,R,E,E,True,P,False,False,0.03284401074051857,4.625,-7.6875,4.625,0.2189774581859278,1,E D F,X,False,False,3.4915339946746826,-0.486328125,0.3807589113712311,False,0.4792606830596924
train-009844-241dc1586a630f61,10,3,train,2602448745176174433,pointer,R,A,A,True,P,False,False,1.0933449268341064,0.6875,-2.8125,0.6875,2.5346328849632225,1,A Y R,D,False,False,3.503373861312866,-0.0025177001953125,0.4993705451488495,False,0.6918891072273254
train-009844-241dc1586a630f61,10,4,train,2602448745176174433,pointer,R,A,Y,False,P,False,False,2.563971996307373,-0.125,-0.8125,0.125,3.183449097765951,2,A Y T,D,False,False,3.359821081161499,0.353515625,0.5874698758125305,False,0.8854459524154663
train-009844-241dc1586a630f61,10,5,train,2602448745176174433,pointer,R,T,D,False,P,False,False,3.473881244659424,-0.75,-0.5,0.0625,3.2236156936852898,19,T A R,U,False,False,3.1253557205200195,0.5703125,0.6388352513313293,False,1.0184211730957031
train-009844-241dc1586a630f61,10,6,train,2602448745176174433,pointer,R,T,Q,False,P,False,False,3.7909598350524902,-1.0625,-0.5,0.0625,3.2286948032727567,26,T A R,P,False,False,3.2440333366394043,0.703125,0.66888028383255,False,1.1052751541137695
train-009844-241dc1586a630f61,10,7,train,2602448745176174433,pointer,R,T,J,False,P,False,False,3.4108614921569824,-0.6875,-0.5,0.125,3.2294125306847956,16,T A R,P,False,False,3.2305057048797607,0.78125,0.6859495043754578,False,1.1582013368606567
train-009844-241dc1586a630f61,10,8,train,2602448745176174433,pointer,R,T,H,False,P,False,False,3.288426399230957,-0.5625,-0.5,0.125,3.2293194309327085,12,T A R,P,False,False,3.265225410461426,0.828125,0.6959583163261414,False,1.190590500831604
train-009844-241dc1586a630f61,10,9,train,2602448745176174433,pointer,R,T,G,False,P,False,False,3.1647965908050537,-0.4375,-0.5,0.125,3.2301282855991627,5,T A R,P,False,False,3.2716927528381348,0.85546875,0.7017130851745605,False,1.2096993923187256
train-009844-241dc1586a630f61,10,10,train,2602448745176174433,pointer,R,T,P,False,P,False,False,3.225926399230957,-0.5,-0.5,0.125,3.2293194309327085,10,T A R,P,True,False,3.0514633655548096,0.87109375,0.7049732804298401,True,0.34959542751312256
train-009844-241dc1586a630f61,10,11,train,2602448745176174433,pointer,R,T,,,P,False,True,,,-0.4375,0.125,3.230915518219629,,T A R,P,,False,,0.8828125,0.7074047327041626,,
train-009844-241dc1586a630f61,10,12,train,2602448745176174433,pointer,R,T,,,P,False,True,,,-0.5,0.125,3.228703692601511,,T A R,P,,False,,0.88671875,0.7082125544548035,,
train-005516-e9fcb22782d02811,12,1,train,16860546987736442897,pointer,J,M,M,True,U,False,False,9.179073458653875e-06,13.0625,-17.6640625,13.0625,0.00013594735895738116,1,M Q A,M,True,True,0.012612930499017239,-0.90234375,0.2885690927505493,False,0.34047698974609375
train-005516-e9fcb22782d02811,12,2,train,16860546987736442897,pointer,J,Z,Z,True,U,False,False,0.0013740155845880508,8.375,-9.9375,8.375,0.014177986688629834,1,Z X I,I,False,False,3.4552128314971924,-0.53515625,0.36931508779525757,False,0.4609488844871521
train-005516-e9fcb22782d02811,12,3,train,16860546987736442897,pointer,J,K,K,True,U,False,False,1.7984380722045898,0.3125,-1.5625,0.3125,3.003702959230891,1,K Z L,I,False,False,3.3785438537597656,-0.0279541015625,0.4930119514465332,False,0.6792678236961365
train-005516-e9fcb22782d02811,12,4,train,16860546987736442897,pointer,J,K,P,False,U,False,False,3.2940561771392822,-0.75,-0.6875,0.125,3.2076762257337847,12,K Z L,P,True,False,3.051102638244629,0.34765625,0.5860491394996643,False,0.8820079565048218
train-005516-e9fcb22782d02811,12,5,train,16860546987736442897,pointer,J,K,G,False,U,False,False,3.1010687351226807,-0.4375,-0.625,0.125,3.22239941817062,4,K Z L,P,False,False,3.2181601524353027,0.578125,0.6406359076499939,False,1.0234191417694092
train-005516-e9fcb22782d02811,12,6,train,16860546987736442897,pointer,J,K,Y,False,U,False,False,3.187622547149658,-0.5,-0.625,0.125,3.2246695487147536,9,K Z L,P,False,False,3.390035629272461,0.7109375,0.6706082820892334,False,1.110507607460022
train-005516-e9fcb22782d02811,12,7,train,16860546987736442897,pointer,J,K,W,False,U,False,False,3.3221724033355713,-0.625,-0.625,0.125,3.2249978330407982,16,K Z L,P,False,False,3.2233340740203857,0.7890625,0.6876299977302551,False,1.1635668277740479
train-005516-e9fcb22782d02811,12,8,train,16860546987736442897,pointer,J,K,X,False,U,False,False,3.5096724033355713,-0.8125,-0.625,0.125,3.2249978330407982,22,K Z L,P,False,False,3.3094308376312256,0.8359375,0.6976089477539062,False,1.1960341930389404
train-005516-e9fcb22782d02811,12,9,train,16860546987736442897,pointer,J,K,F,False,U,False,False,3.601593017578125,-0.875,-0.5625,0.0625,3.22668256378652,25,K Z L,P,False,False,3.287989377975464,0.86328125,0.703345775604248,False,1.2151880264282227
train-005516-e9fcb22782d02811,12,10,train,16860546987736442897,pointer,J,K,S,False,U,False,False,3.283479690551758,-0.5625,-0.5625,0.125,3.2276926441008413,13,K Z L,P,False,False,3.2948219776153564,0.87890625,0.7065955400466919,False,1.226203203201294
train-005516-e9fcb22782d02811,12,11,train,16860546987736442897,pointer,J,K,L,False,U,False,False,2.9380555152893066,-0.1875,-0.5625,0.0625,3.227149794519084,3,K Z L,P,False,False,3.307997703552246,0.890625,0.709019124507904,False,1.2344977855682373
train-005516-e9fcb22782d02811,12,12,train,16860546987736442897,pointer,J,K,U,False,U,False,False,3.324974775314331,-0.625,-0.625,0.125,3.224660609255832,15,K Z L,P,False,False,3.1355762481689453,0.89453125,0.7098243832588196,True,0.34273770451545715
train-023310-77aa2a9eabeba03a,1,1,train,8622751297531781178,pointer,V,I,I,True,I,True,False,4.2199197196168825e-05,11.0,11.0,11.0,0.0005540133694841085,1,I A M,I,True,True,0.009970386512577534,-0.91015625,0.2869678735733032,True,1.2483850717544556
train-023310-77aa2a9eabeba03a,1,2,train,8622751297531781178,pointer,V,E,,,I,False,True,,,-12.5,10.5,0.000764425722215831,,E F D,X,,False,,-0.5390625,0.36840569972991943,,
train-023310-77aa2a9eabeba03a,1,3,train,8622751297531781178,pointer,V,R,,,I,False,True,,,-3.3125,1.0,1.983728113086854,,R E L,I,,False,,-0.0439453125,0.4890154302120209,,
train-023310-77aa2a9eabeba03a,1,4,train,8622751297531781178,pointer,V,R,,,I,False,True,,,-1.4375,0.5,3.0276716058847364,,R E P,I,,False,,0.33203125,0.5822535157203674,,
train-023310-77aa2a9eabeba03a,1,5,train,8622751297531781178,pointer,V,R,,,I,False,True,,,-0.75,0.1875,3.1713918150346156,,R E P,U,,False,,0.5625,0.6370307803153992,,
train-023310-77aa2a9eabeba03a,1,6,train,8622751297531781178,pointer,V,R,,,I,False,True,,,-0.5625,0.0625,3.188147198956589,,R E P,P,,False,,0.6953125,0.6671476364135742,,
train-023310-77aa2a9eabeba03a,1,7,train,8622751297531781178,pointer,V,R,,,I,False,True,,,-0.5625,0.0625,3.1897387581717713,,R E P,P,,False,,0.77734375,0.6851073503494263,,
train-023310-77aa2a9eabeba03a,1,8,train,8622751297531781178,pointer,V,R,,,I,False,True,,,-0.5625,0.0625,3.186528754395619,,R E P,P,,False,,0.82421875,0.6951311230659485,,
train-023310-77aa2a9eabeba03a,1,9,train,8622751297531781178,pointer,V,R,,,I,False,True,,,-0.5625,0.0625,3.1867266093850426,,R E P,P,,False,,0.8515625,0.700894832611084,,
train-023310-77aa2a9eabeba03a,1,10,train,8622751297531781178,pointer,V,R,,,I,False,True,,,-0.5,0.0625,3.1909398174628922,,R E I,P,,False,,0.8671875,0.7041601538658142,,
train-023310-77aa2a9eabeba03a,1,11,train,8622751297531781178,pointer,V,R,,,I,False,True,,,-0.5625,0.0625,3.189112774822042,,R E P,P,,False,,0.87890625,0.7065955400466919,,
train-023310-77aa2a9eabeba03a,1,12,train,8622751297531781178,pointer,V,R,,,I,False,True,,,-0.5625,0.0625,3.189112774822042,,R E P,P,,False,,0.8828125,0.7074047327041626,,
train-022978-13ba08dce2929565,2,1,train,1421458377175897445,pointer,R,B,B,True,S,False,False,5.245195097813848e-06,12.375,-19.296875,12.375,7.291995527444387e-05,1,B R C,B,True,True,0.01906850002706051,-0.9921875,0.270480215549469,False,0.31536877155303955
train-022978-13ba08dce2929565,2,2,train,1421458377175897445,pointer,R,M,S,False,S,False,False,0.9741092920303345,-0.5,-0.5,0.5,0.6632708755063104,2,M S D,X,False,False,3.246737241744995,-0.5859375,0.3575674891471863,True,1.0284310579299927
train-022978-13ba08dce2929565,2,3,train,1421458377175897445,pointer,R,M,,,S,False,True,,,-1.875,1.875,1.9678274851313222,,M R S,D,,False,,-0.07275390625,0.4818195700645447,,
train-022978-13ba08dce2929565,2,4,train,1421458377175897445,pointer,R,R,,,S,False,True,,,-1.125,0.375,3.123885035019093,,R C B,D,,False,,0.31640625,0.5784481763839722,,
train-022978-13ba08dce2929565,2,5,train,1421458377175897445,pointer,R,R,,,S,False,True,,,-0.75,0.25,3.210625187090016,,R B C,P,,False,,0.5546875,0.6352224349975586,,
train-022978-13ba08dce2929565,2,6,train,1421458377175897445,pointer,R,R,,,S,False,True,,,-0.6875,0.1875,3.219254699860792,,R B C,P,,False,,0.69921875,0.6680145263671875,,
train-022978-13ba08dce2929565,2,7,train,1421458377175897445,pointer,R,R,,,S,False,True,,,-0.625,0.1875,3.221925135384186,,R B L,P,,False,,0.78515625,0.6867902874946594,,
train-022978-13ba08dce2929565,2,8,train,1421458377175897445,pointer,R,R,,,S,False,True,,,-0.6875,0.1875,3.2227479669359997,,R B L,P,,False,,0.8359375,0.6976089477539062,,
train-022978-13ba08dce2929565,2,9,train,1421458377175897445,pointer,R,R,,,S,False,True,,,-0.625,0.1875,3.2246451761898216,,R B C,P,,False,,0.8671875,0.7041601538658142,,
train-022978-13ba08dce2929565,2,10,train,1421458377175897445,pointer,R,R,,,S,False,True,,,-0.625,0.125,3.2242816505780034,,R B C,P,,False,,0.8828125,0.7074047327041626,,
train-022978-13ba08dce2929565,2,11,train,1421458377175897445,pointer,R,R,,,S,False,True,,,-0.625,0.125,3.2247590963085613,,R B C,P,,False,,0.89453125,0.7098243832588196,,
train-022978-13ba08dce2929565,2,12,train,1421458377175897445,pointer,R,R,,,S,False,True,,,-0.625,0.1875,3.22540985759854,,R B C,P,,False,,0.90234375,0.7114308476448059,,
train-027047-98f17e966822d0ca,3,1,train,11020728947609620682,pointer,D,C,C,True,R,False,False,0.004964643623679876,5.625,-8.0,5.625,0.036996751820687096,1,C A D,C,True,True,0.018662692978978157,-0.9140625,0.28616926074028015,False,0.33710944652557373
train-027047-98f17e966822d0ca,3,2,train,11020728947609620682,pointer,D,E,E,True,R,False,False,0.01960916630923748,4.3125,-7.5625,4.3125,0.12043275120163138,1,E C X,L,False,False,3.410048007965088,-0.52734375,0.3711366057395935,False,0.4638412594795227
train-027047-98f17e966822d0ca,3,3,train,11020728947609620682,pointer,D,C,R,False,R,False,False,2.0396809577941895,-1.0625,-1.0625,0.375,1.9812915906693984,3,C E R,I,False,False,3.2899019718170166,-0.01507568359375,0.4962311387062073,True,0.7007134556770325
train-027047-98f17e966822d0ca,3,4,train,11020728947609620682,pointer,D,C,,,R,False,True,,,-0.8125,0.8125,2.5544251990121576,,C R E,I,,False,,0.353515625,0.5874698758125305,,
train-027047-98f17e966822d0ca,3,5,train,11020728947609620682,pointer,D,C,,,R,False,True,,,-0.625,0.625,2.694292226685187,,C R E,I,,False,,0.578125,0.6406359076499939,,
train-027047-98f17e966822d0ca,3,6,train,11020728947609620682,pointer,D,C,,,R,False,True,,,-0.625,0.625,2.7148992735978656,,C R T,I,,False,,0.70703125,0.6697448492050171,,
train-027047-98f17e966822d0ca,3,7,train,11020728947609620682,pointer,D,C,,,R,False,True,,,-0.6875,0.6875,2.7179563780731653,,C R T,I,,False,,0.78515625,0.6867902874946594,,
train-027047-98f17e966822d0ca,3,8,train,11020728947609620682,pointer,D,C,,,R,False,True,,,-0.6875,0.6875,2.724073293682442,,C R T,I,,False,,0.83203125,0.696784257888794,,
train-027047-98f17e966822d0ca,3,9,train,11020728947609620682,pointer,D,C,,,R,False,True,,,-0.6875,0.6875,2.724073293682442,,C R T,I,,False,,0.859375,0.7025300860404968,,
train-027047-98f17e966822d0ca,3,10,train,11020728947609620682,pointer,D,C,,,R,False,True,,,-0.6875,0.6875,2.7174713297751127,,C R T,I,,False,,0.875,0.7057850360870361,,
train-027047-98f17e966822d0ca,3,11,train,11020728947609620682,pointer,D,C,,,R,False,True,,,-0.625,0.625,2.7312322719470745,,C R T,I,,False,,0.8828125,0.7074047327041626,,
train-027047-98f17e966822d0ca,3,12,train,11020728947609620682,pointer,D,C,,,R,False,True,,,-0.6875,0.6875,2.7174713297751127,,C R T,I,,False,,0.890625,0.709019124507904,,
train-025995-6972db8fde5b4f70,4,1,train,7598376932284780400,pointer,F,A,A,True,R,False,False,1.2755313036905136e-05,12.78125,-13.671875,12.78125,0.0001881720431880324,1,A H O,A,True,True,0.004199139773845673,-0.87109375,0.2950267493724823,False,0.34959542751312256
train-025995-6972db8fde5b4f70,4,2,train,7598376932284780400,pointer,F,H,H,True,R,False,False,0.00036590558011084795,9.125,-12.6875,9.125,0.0041497029192709535,1,H N J,X,False,False,3.7306578159332275,-0.5078125,0.3757064640522003,False,0.47113466262817383
train-025995-6972db8fde5b4f70,4,3,train,7598376932284780400,pointer,F,N,N,True,R,False,False,0.8307351469993591,0.9375,-0.9375,0.9375,2.058405497779192,1,N R H,W,False,False,3.6552469730377197,-0.027099609375,0.4932255148887634,False,0.6796891689300537
train-025995-6972db8fde5b4f70,4,4,train,7598376932284780400,pointer,F,N,R,False,R,False,False,1.7335981130599976,-0.5,-0.5,0.5,2.4953571454371146,2,N R D,I,False,False,3.453437328338623,0.333984375,0.5827285051345825,True,0.5400338768959045
train-025995-6972db8fde5b4f70,4,5,train,7598376932284780400,pointer,F,N,,,R,False,True,,,-0.625,0.625,2.5454563067299905,,N R D,I,,False,,0.55859375,0.6361271142959595,,
train-025995-6972db8fde5b4f70,4,6,train,7598376932284780400,pointer,F,N,,,R,False,True,,,-0.625,0.625,2.5533178974396757,,N R D,I,,False,,0.6953125,0.6671476364135742,,
train-025995-6972db8fde5b4f70,4,7,train,7598376932284780400,pointer,F,N,,,R,False,True,,,-0.6875,0.6875,2.551064430949736,,N R D,I,,False,,0.77734375,0.6851073503494263,,
train-025995-6972db8fde5b4f70,4,8,train,7598376932284780400,pointer,F,N,,,R,False,True,,,-0.6875,0.6875,2.5590754315521838,,N R D,I,,False,,0.82421875,0.6951311230659485,,
train-025995-6972db8fde5b4f70,4,9,train,7598376932284780400,pointer,F,N,,,R,False,True,,,-0.6875,0.6875,2.55352581285852,,N R D,I,,False,,0.8515625,0.700894832611084,,
train-025995-6972db8fde5b4f70,4,10,train,7598376932284780400,pointer,F,N,,,R,False,True,,,-0.625,0.625,2.566135732988673,,N R D,I,,False,,0.87109375,0.7049732804298401,,
train-025995-6972db8fde5b4f70,4,11,train,7598376932284780400,pointer,F,N,,,R,False,True,,,-0.625,0.625,2.560058459171338,,N R I,I,,False,,0.87890625,0.7065955400466919,,
train-025995-6972db8fde5b4f70,4,12,train,7598376932284780400,pointer,F,N,,,R,False,True,,,-0.6875,0.6875,2.5465394392611658,,N R D,I,,False,,0.88671875,0.7082125544548035,,
train-030946-0b1c810a2e9eca08,5,1,train,800656714496920072,pointer,F,H,H,True,Z,False,False,2.455681169521995e-05,11.4375,-16.53125,11.4375,0.00033167244749478556,1,H G J,H,True,True,0.004801647737622261,-0.8984375,0.28937169909477234,False,0.3416057825088501
train-030946-0b1c810a2e9eca08,5,2,train,800656714496920072,pointer,F,O,O,True,Z,False,False,0.002134546637535095,8.4375,-10.5625,8.4375,0.021669303589803426,1,O A D,X,False,False,3.864309310913086,-0.53125,0.37022536993026733,False,0.46239328384399414
train-030946-0b1c810a2e9eca08,5,3,train,800656714496920072,pointer,F,M,N,False,Z,False,False,2.0083024501800537,-1.125,-2.625,1.125,2.3946180883168804,2,M N L,J,False,False,3.5111875534057617,-0.0203857421875,0.49490371346473694,False,0.683006227016449
train-030946-0b1c810a2e9eca08,5,4,train,800656714496920072,pointer,F,M,M,True,Z,False,False,1.6347172260284424,0.625,-1.25,0.625,2.9981630450581225,1,M N Z,I,False,False,3.291062355041504,0.34375,0.5851011276245117,False,0.8797205090522766
train-030946-0b1c810a2e9eca08,5,5,train,800656714496920072,pointer,F,M,Z,False,Z,False,False,2.867239236831665,-0.5625,-0.5625,0.1875,3.170747974969863,3,M N Z,P,False,False,3.2771711349487305,0.56640625,0.6379335522651672,True,0.44952118396759033
train-030946-0b1c810a2e9eca08,5,6,train,800656714496920072,pointer,F,M,,,Z,False,True,,,-0.5,0.125,3.1812041933062525,,M N G,P,,False,,0.69921875,0.6680145263671875,,
train-030946-0b1c810a2e9eca08,5,7,train,800656714496920072,pointer,F,M,,,Z,False,True,,,-0.4375,0.125,3.186954599721757,,M N Z,P,,False,,0.77734375,0.6851073503494263,,
train-030946-0b1c810a2e9eca08,5,8,train,800656714496920072,pointer,F,M,,,Z,False,True,,,-0.4375,0.0625,3.1869805679078893,,M N G,P,,False,,0.82421875,0.6951311230659485,,
train-030946-0b1c810a2e9eca08,5,9,train,800656714496920072,pointer,F,M,,,Z,False,True,,,-0.4375,0.125,3.1841921755415745,,M N Z,P,,False,,0.85546875,0.7017130851745605,,
train-030946-0b1c810a2e9eca08,5,10,train,800656714496920072,pointer,F,M,,,Z,False,True,,,-0.4375,0.0625,3.180463067196637,,M N Z,P,,False,,0.87109375,0.7049732804298401,,
train-030946-0b1c810a2e9eca08,5,11,train,800656714496920072,pointer,F,M,,,Z,False,True,,,-0.375,0.0625,3.1868140733644057,,M N Z,P,,False,,0.87890625,0.7065955400466919,,
train-030946-0b1c810a2e9eca08,5,12,train,800656714496920072,pointer,F,M,,,Z,False,True,,,-0.4375,0.0625,3.1794686256760762,,M N G,P,,False,,0.88671875,0.7082125544548035,,
train-018032-ffcd7200291d2b07,6,1,train,18432514194912652039,pointer,L,O,O,True,E,False,False,1.4305012882687151e-05,11.84375,-16.68359375,11.84375,0.0002001705437638793,1,O A F,O,True,True,0.10284288227558136,-0.90625,0.28776782751083374,False,0.3393512964248657
train-018032-ffcd7200291d2b07,6,2,train,18432514194912652039,pointer,L,H,H,True,E,False,False,0.0005567907355725765,9.25,-12.25,9.25,0.006209285681361542,1,H K J,X,False,False,3.506917953491211,-0.55859375,0.3638729155063629,False,0.45235681533813477
train-018032-ffcd7200291d2b07,6,3,train,18432514194912652039,pointer,L,K,K,True,E,False,False,1.0497071743011475,0.375,-3.4375,0.375,2.3192203392577673,1,K H O,J,False,False,3.328129529953003,-0.042236328125,0.48944249749183655,False,0.6722519993782043
train-018032-ffcd7200291d2b07,6,4,train,18432514194912652039,pointer,L,K,A,False,E,False,False,3.7691524028778076,-1.5625,-1.3125,0.375,3.1532820135695263,22,K H L,J,False,False,3.3140735626220703,0.341796875,0.5846269726753235,False,0.878578245639801
train-018032-ffcd7200291d2b07,6,5,train,18432514194912652039,pointer,L,L,N,False,E,False,False,3.2349510192871094,-0.625,-0.75,0.1875,3.219857593577606,12,L K F,J,False,False,3.375386953353882,0.57421875,0.6397360563278198,False,1.020918369293213
train-018032-ffcd7200291d2b07,6,6,train,18432514194912652039,pointer,L,L,E,False,E,False,False,3.3533589839935303,-0.75,-0.75,0.25,3.223750024797753,16,L K F,P,False,False,3.155959367752075,0.7109375,0.6706082820892334,True,0.399570107460022
train-018032-ffcd7200291d2b07,6,7,train,18432514194912652039,pointer,L,L,,,E,False,True,,,-0.6875,0.25,3.227233487064054,,L K F,P,,False,,0.79296875,0.6884684562683105,,
train-018032-ffcd7200291d2b07,6,8,train,18432514194912652039,pointer,L,L,,,E,False,True,,,-0.6875,0.3125,3.225243006081219,,L K T,P,,False,,0.83984375,0.6984323263168335,,
train-018032-ffcd7200291d2b07,6,9,train,18432514194912652039,pointer,L,L,,,E,False,True,,,-0.6875,0.3125,3.225290361642831,,L K T,P,,False,,0.8671875,0.7041601538658142,,
train-018032-ffcd7200291d2b07,6,10,train,18432514194912652039,pointer,L,L,,,E,False,True,,,-0.6875,0.3125,3.225655860765127,,L K F,P,,False,,0.88671875,0.7082125544548035,,
train-018032-ffcd7200291d2b07,6,11,train,18432514194912652039,pointer,L,L,,,E,False,True,,,-0.6875,0.25,3.2271705755375946,,L K F,P,,False,,0.8984375,0.7106282711029053,,
train-018032-ffcd7200291d2b07,6,12,train,18432514194912652039,pointer,L,L,,,E,False,True,,,-0.6875,0.3125,3.225243006081219,,L K T,P,,False,,0.90234375,0.7114308476448059,,
train-035304-861d797911c2a0e4,8,1,train,9664013936302924004,pointer,B,J,J,True,B,False,False,1.311301275563892e-06,13.90625,-13.90625,13.90625,2.0242253365853106e-05,1,J B A,J,True,True,0.017209837213158607,-1.0078125,0.267408162355423,False,0.31116652488708496
train-035304-861d797911c2a0e4,8,2,train,9664013936302924004,pointer,B,B,B,True,B,True,False,0.003777156351134181,5.75,5.75,5.75,0.027115979885942637,1,B J A,X,False,False,3.304823875427246,-0.58984375,0.35667070746421814,False,0.44109857082366943
train-035304-861d797911c2a0e4,8,3,train,9664013936302924004,pointer,B,J,J,True,B,False,False,0.3807221055030823,1.5,-1.5,1.5,1.3313968231370261,1,J B K,J,True,True,2.950758457183838,-0.0810546875,0.4797474145889282,False,0.6534408330917358
train-035304-861d797911c2a0e4,8,4,train,9664013936302924004,pointer,B,J,B,False,B,False,False,1.8498975038528442,-0.9375,-0.9375,0.9375,2.314206362669094,2,J B K,I,False,False,3.175001859664917,0.314453125,0.5779718160629272,False,0.8626832365989685
train-035304-861d797911c2a0e4,8,5,train,9664013936302924004,pointer,B,J,J,True,B,False,False,1.248048186302185,0.625,-0.625,0.625,2.5930595568495494,1,J B K,I,False,False,3.168976306915283,0.5625,0.6370307803153992,False,1.013437271118164
train-035304-861d797911c2a0e4,8,6,train,9664013936302924004,pointer,B,J,B,False,B,False,False,1.9199739694595337,-0.625,-0.625,0.625,2.632849309095075,2,J B K,P,False,False,3.134463310241699,0.70703125,0.6697448492050171,False,1.1078897714614868
train-035304-861d797911c2a0e4,8,7,train,9664013936302924004,pointer,B,J,J,True,B,False,False,1.288032054901123,0.625,-0.625,0.625,2.6358824478998377,1,J B K,P,False,False,3.1933553218841553,0.79296875,0.6884684562683105,False,1.1662545204162598
train-035304-861d797911c2a0e4,8,8,train,9664013936302924004,pointer,B,J,B,False,B,False,False,1.8778672218322754,-0.5625,-0.5625,0.5625,2.6394265347253105,2,J B K,P,False,False,3.1385703086853027,0.84375,0.6992544531822205,True,0.3577406406402588
train-035304-861d797911c2a0e4,8,9,train,9664013936302924004,pointer,B,J,,,B,False,True,,,-0.625,0.625,2.6415930585476195,,J B K,P,,False,,0.875,0.7057850360870361,,
train-035304-861d797911c2a0e4,8,10,train,9664013936302924004,pointer,B,J,,,B,False,True,,,-0.625,0.625,2.6345536461647874,,J B K,P,,False,,0.89453125,0.7098243832588196,,
train-035304-861d797911c2a0e4,8,11,train,9664013936302924004,pointer,B,J,,,B,False,True,,,-0.5625,0.5625,2.645531398849521,,J B K,P,,False,,0.90625,0.7122321724891663,,
train-035304-861d797911c2a0e4,8,12,train,9664013936302924004,pointer,B,J,,,B,False,True,,,-0.625,0.625,2.6334129349109383,,J B K,P,,False,,0.91015625,0.7130321860313416,,
train-026224-313af4c6f8dc8c97,10,1,train,3547416791923592343,pointer,Q,W,W,True,Q,False,False,2.861018856492592e-06,14.15625,-18.0390625,14.15625,4.678588176653355e-05,1,W A D,W,True,True,0.005478013306856155,-0.8671875,0.2958398759365082,False,0.35074949264526367
train-026224-313af4c6f8dc8c97,10,2,train,3547416791923592343,pointer,Q,Z,Z,True,Q,False,False,0.0006329201860353351,7.875,-10.1875,7.875,0.006428654932035229,1,Z D Q,X,False,False,3.255161762237549,-0.46484375,0.3858373761177063,False,0.4874955415725708
train-026224-313af4c6f8dc8c97,10,3,train,3547416791923592343,pointer,Q,D,T,False,Q,False,False,2.7942094802856445,-1.3125,-1.125,0.6875,2.81508274748685,5,D Z L,W,False,False,3.0711936950683594,0.0250244140625,0.5062557458877563,False,0.7057376503944397
train-026224-313af4c6f8dc8c97,10,4,train,3547416791923592343,pointer,Q,D,L,False,Q,False,False,2.847412347793579,-0.3125,-0.1875,0.1875,3.193335000040547,5,D Q Z,U,False,False,3.255795955657959,0.380859375,0.5940803289413452,False,0.9016000628471375
train-026224-313af4c6f8dc8c97,10,5,train,3547416791923592343,pointer,Q,D,Q,False,Q,False,False,2.9205322265625,-0.125,-0.125,0.0,3.2216777710577222,4,D G L,U,False,False,3.2601399421691895,0.59765625,0.6451199054718018,False,1.0359753370285034
train-026224-313af4c6f8dc8c97,10,6,train,3547416791923592343,pointer,Q,G,W,False,Q,False,False,3.3589885234832764,-0.5625,-0.1875,0.0625,3.2256936691638054,14,G D T,P,False,False,3.12467622756958,0.7265625,0.6740504503250122,False,1.121012806892395
train-026224-313af4c6f8dc8c97,10,7,train,3547416791923592343,pointer,Q,D,Z,False,Q,False,False,2.9606316089630127,-0.125,-0.125,0.0,3.2276181580999452,6,D G T,P,False,False,3.294196128845215,0.80078125,0.6901415586471558,False,1.1716398000717163
train-026224-313af4c6f8dc8c97,10,8,train,3547416791923592343,pointer,Q,G,T,False,Q,False,False,2.8564040660858154,-0.0625,-0.1875,0.0625,3.225699823960366,3,G D T,P,False,False,3.2447268962860107,0.84375,0.6992544531822205,False,1.2014906406402588
train-026224-313af4c6f8dc8c97,10,9,train,3547416791923592343,pointer,Q,G,L,False,Q,False,False,2.970689535140991,-0.1875,-0.1875,0.0625,3.2245062996484917,4,G D T,P,False,False,3.290844678878784,0.87109375,0.7049732804298401,False,1.2206891775131226
train-026224-313af4c6f8dc8c97,10,10,train,3547416791923592343,pointer,Q,G,Q,False,Q,False,False,2.979757785797119,-0.1875,-0.1875,0.0625,3.22502297897809,6,G D T,P,False,False,3.298884868621826,0.88671875,0.7082125544548035,True,0.3450109660625458
train-026224-313af4c6f8dc8c97,10,11,train,3547416791923592343,pointer,Q,G,,,Q,False,True,,,-0.125,0.0625,3.2285143920962827,,G D T,P,,False,,0.89453125,0.7098243832588196,,
train-026224-313af4c6f8dc8c97,10,12,train,3547416791923592343,pointer,Q,D,,,Q,False,True,,,-0.125,0.0,3.226345301555858,,D G T,P,,False,,0.90234375,0.7114308476448059,,
train-026081-f3d0094b2f6203a7,12,1,train,17568552364894454695,pointer,F,N,N,True,G,False,False,0.0002889215829782188,9.0625,-14.578125,9.0625,0.0030961729365420864,1,N A B,N,True,True,0.01311533059924841,-0.9296875,0.28298813104629517,False,0.33266282081604004
train-026081-f3d0094b2f6203a7,12,2,train,17568552364894454695,pointer,F,D,D,True,G,False,False,0.0002944036095868796,8.9375,-12.4375,8.9375,0.003252829400794029,1,D S B,X,False,False,3.250960350036621,-0.53515625,0.36931508779525757,False,0.4609488844871521
train-026081-f3d0094b2f6203a7,12,3,train,17568552364894454695,pointer,F,S,S,True,G,False,False,1.0037555694580078,0.25,-3.125,0.25,2.1206533227121,1,S D N,T,False,False,3.385556221008301,-0.02490234375,0.4937747120857239,False,0.6807735562324524
train-026081-f3d0094b2f6203a7,12,4,train,17568552364894454695,pointer,F,S,X,False,G,False,False,4.4890031814575195,-2.8125,-1.3125,0.5,2.8952204391420726,25,S N D,P,False,False,3.3231356143951416,0.3515625,0.5869964361190796,False,0.8842990398406982
train-026081-f3d0094b2f6203a7,12,5,train,17568552364894454695,pointer,F,S,G,False,G,False,False,2.821150541305542,-0.75,-0.75,0.125,3.026978202073438,5,S N D,P,False,False,3.317343235015869,0.58203125,0.6415346264839172,False,1.025923252105713
train-026081-f3d0094b2f6203a7,12,6,train,17568552364894454695,pointer,F,S,C,False,G,False,False,3.5285089015960693,-1.375,-0.6875,0.0625,3.0486965140397833,12,S N D,P,False,False,3.3572463989257812,0.71484375,0.671470582485199,False,1.113128900527954
train-026081-f3d0094b2f6203a7,12,7,train,17568552364894454695,pointer,F,S,M,False,G,False,False,2.6861250400543213,-0.5625,-0.6875,0.0625,3.043320086008955,4,S N D,P,False,False,3.4734420776367188,0.79296875,0.6884684562683105,False,1.1662545204162598
train-026081-f3d0094b2f6203a7,12,8,train,17568552364894454695,pointer,F,S,N,False,G,False,False,2.222050189971924,-0.0625,-0.625,0.0625,3.053126621410647,2,S N D,P,False,False,3.199397087097168,0.83984375,0.6984323263168335,False,1.198760747909546
train-026081-f3d0094b2f6203a7,12,9,train,17568552364894454695,pointer,F,S,D,False,G,False,False,2.589470386505127,-0.4375,-0.6875,0.0625,3.0527514481977547,3,S N D,P,False,False,3.2669613361358643,0.8671875,0.7041601538658142,False,1.2179369926452637
train-026081-f3d0094b2f6203a7,12,10,train,17568552364894454695,pointer,F,S,S,True,G,False,False,2.169633626937866,0.0625,-0.625,0.0625,3.0535065009344455,1,S N D,P,False,False,3.2797837257385254,0.8828125,0.7074047327041626,False,1.2289648056030273
train-026081-f3d0094b2f6203a7,12,11,train,17568552364894454695,pointer,F,N,X,False,G,False,False,4.140169143676758,-1.9375,-0.625,0.0,3.0562745869545456,25,N S D,P,False,False,3.380160331726074,0.890625,0.709019124507904,False,1.2344977855682373
train-026081-f3d0094b2f6203a7,12,12,train,17568552364894454695,pointer,F,S,G,False,G,False,False,2.7987096309661865,-0.625,-0.625,0.0625,3.0562357221226155,5,S N D,P,False,False,3.3282225131988525,0.8984375,0.7106282711029053,True,0.3416057825088501
train-031041-98064af06d1fae93,1,1,train,10954525540108709523,pointer,K,C,C,True,C,True,False,0.002420236123725772,6.25,6.25,6.25,0.019266487558785902,1,C A D,C,True,True,0.010145404376089573,-0.8515625,0.2991051971912384,True,1.2069599628448486
train-031041-98064af06d1fae93,1,2,train,10954525540108709523,pointer,K,Q,,,C,False,True,,,-7.6875,4.5625,0.08246502139536964,,Q K C,B,,False,,-0.494140625,0.3789186179637909,,
train-031041-98064af06d1fae93,1,3,train,10954525540108709523,pointer,K,K,,,C,False,True,,,-3.0625,0.625,2.1818907514576735,,K Q W,J,,False,,0.01202392578125,0.5030059218406677,,
train-031041-98064af06d1fae93,1,4,train,10954525540108709523,pointer,K,K,,,C,False,True,,,-1.4375,0.5,3.052354700711099,,K Q W,G,,False,,0.376953125,0.5931380391120911,,
train-031041-98064af06d1fae93,1,5,train,10954525540108709523,pointer,K,K,,,C,False,True,,,-1.0,0.5,3.1646672248303065,,K Q Z,P,,False,,0.59375,0.6442250609397888,,
train-031041-98064af06d1fae93,1,6,train,10954525540108709523,pointer,K,K,,,C,False,True,,,-0.875,0.5,3.177663756846095,,K Q Z,P,,False,,0.71875,0.672331690788269,,
train-031041-98064af06d1fae93,1,7,train,10954525540108709523,pointer,K,K,,,C,False,True,,,-0.9375,0.5,3.1737971516267525,,K Q Z,P,,False,,0.79296875,0.6884684562683105,,
train-031041-98064af06d1fae93,1,8,train,10954525540108709523,pointer,K,K,,,C,False,True,,,-0.9375,0.5,3.177266255472755,,K Q Z,P,,False,,0.83984375,0.6984323263168335,,
train-031041-98064af06d1fae93,1,9,train,10954525540108709523,pointer,K,K,,,C,False,True,,,-0.875,0.5,3.1813364299269127,,K Q Z,P,,False,,0.8671875,0.7041601538658142,,
train-031041-98064af06d1fae93,1,10,train,10954525540108709523,pointer,K,K,,,C,False,True,,,-0.875,0.5,3.1821782636183036,,K Q Z,P,,False,,0.8828125,0.7074047327041626,,
train-031041-98064af06d1fae93,1,11,train,10954525540108709523,pointer,K,K,,,C,False,True,,,-0.8125,0.5,3.1823848259496406,,K Q Z,P,,False,,0.890625,0.709019124507904,,
train-031041-98064af06d1fae93,1,12,train,10954525540108709523,pointer,K,K,,,C,False,True,,,-0.875,0.5,3.1796945027911057,,K Q Z,P,,False,,0.89453125,0.7098243832588196,,
train-012970-ffb20a14f8264d55,2,1,train,18424800110705003861,pointer,C,D,D,True,J,False,False,2.3841855067985307e-07,17.0625,-17.15625,17.0625,4.197224537661791e-06,1,D C J,D,True,True,0.03710786998271942,-0.94921875,0.27904197573661804,False,0.32717442512512207
train-012970-ffb20a14f8264d55,2,2,train,18424800110705003861,pointer,C,J,J,True,J,True,False,0.0007440659101121128,7.375,7.375,7.375,0.006637977245944749,1,J H I,X,False,False,2.944754123687744,-0.5546875,0.3647775650024414,True,1.0084675550460815
train-012970-ffb20a14f8264d55,2,3,train,18424800110705003861,pointer,C,J,,,J,True,True,,,0.0625,0.0625,1.8072907729971137,,J H L,J,,True,,-0.044677734375,0.4888324439525604,,
train-012970-ffb20a14f8264d55,2,4,train,18424800110705003861,pointer,C,J,,,J,True,True,,,0.25,0.25,2.9944826147113863,,J H L,D,,False,,0.3359375,0.5832033753395081,,
train-012970-ffb20a14f8264d55,2,5,train,18424800110705003861,pointer,C,J,,,J,True,True,,,0.375,0.375,3.190176788474469,,J H L,U,,False,,0.56640625,0.6379335522651672,,
train-012970-ffb20a14f8264d55,2,6,train,18424800110705003861,pointer,C,J,,,J,True,True,,,0.375,0.375,3.206147865981328,,J H L,U,,False,,0.69921875,0.6680145263671875,,
train-012970-ffb20a14f8264d55,2,7,train,18424800110705003861,pointer,C,J,,,J,True,True,,,0.375,0.375,3.209340684858487,,J H N,P,,False,,0.77734375,0.6851073503494263,,
train-012970-ffb20a14f8264d55,2,8,train,18424800110705003861,pointer,C,J,,,J,True,True,,,0.4375,0.4375,3.2077184365564797,,J H L,P,,False,,0.82421875,0.6951311230659485,,
train-012970-ffb20a14f8264d55,2,9,train,18424800110705003861,pointer,C,J,,,J,True,True,,,0.375,0.375,3.2121280682862836,,J H L,P,,False,,0.8515625,0.700894832611084,,
train-012970-ffb20a14f8264d55,2,10,train,18424800110705003861,pointer,C,J,,,J,True,True,,,0.375,0.375,3.2083841907266044,,J H N,P,,False,,0.8671875,0.7041601538658142,,
train-012970-ffb20a14f8264d55,2,11,train,18424800110705003861,pointer,C,J,,,J,True,True,,,0.375,0.375,3.2126787246489004,,J H N,P,,False,,0.875,0.7057850360870361,,
train-012970-ffb20a14f8264d55,2,12,train,18424800110705003861,pointer,C,J,,,J,True,True,,,0.375,0.375,3.2124249076375726,,J H N,P,,False,,0.8828125,0.7074047327041626,,
train-021881-2be446dd51237528,3,1,train,3162730754683925800,pointer,B,P,P,True,J,False,False,9.667406266089529e-05,9.8125,-14.359375,9.8125,0.0011319107378045018,1,P U A,P,True,True,0.0009759668610058725,-0.984375,0.272024542093277,False,0.3174879550933838
train-021881-2be446dd51237528,3,2,train,3162730754683925800,pointer,B,S,S,True,J,False,False,0.0077058435417711735,4.875,-4.875,4.875,0.0457967732147048,1,S J T,X,False,False,3.3594138622283936,-0.58984375,0.35667070746421814,False,0.44109857082366943
train-021881-2be446dd51237528,3,3,train,3162730754683925800,pointer,B,U,J,False,J,False,False,2.831643581390381,-1.75,-1.75,1.375,2.614113423189285,4,U F S,W,False,False,3.0904855728149414,-0.07177734375,0.482063353061676,True,0.7296797037124634
train-021881-2be446dd51237528,3,4,train,3162730754683925800,pointer,B,U,,,J,False,True,,,-1.75,1.0625,3.070484898213067,,U E G,P,,False,,0.322265625,0.5798763036727905,,
train-021881-2be446dd51237528,3,5,train,3162730754683925800,pointer,B,U,,,J,False,True,,,-1.3125,0.75,3.1801202127305235,,U E G,P,,False,,0.5625,0.6370307803153992,,
train-021881-2be446dd51237528,3,6,train,3162730754683925800,pointer,B,U,,,J,False,True,,,-1.1875,0.625,3.1924125191615773,,U E G,P,,False,,0.70703125,0.6697448492050171,,
train-021881-2be446dd51237528,3,7,train,3162730754683925800,pointer,B,U,,,J,False,True,,,-1.1875,0.625,3.198113362830707,,U E G,P,,False,,0.7890625,0.6876299977302551,,
train-021881-2be446dd51237528,3,8,train,3162730754683925800,pointer,B,U,,,J,False,True,,,-1.1875,0.5625,3.196858526268809,,U E G,P,,False,,0.83984375,0.6984323263168335,,
train-021881-2be446dd51237528,3,9,train,3162730754683925800,pointer,B,U,,,J,False,True,,,-1.125,0.5625,3.1985784215636723,,U E G,P,,False,,0.8671875,0.7041601538658142,,
train-021881-2be446dd51237528,3,10,train,3162730754683925800,pointer,B,U,,,J,False,True,,,-1.1875,0.625,3.1924125191615773,,U E G,P,,False,,0.8828125,0.7074047327041626,,
train-021881-2be446dd51237528,3,11,train,3162730754683925800,pointer,B,U,,,J,False,True,,,-1.1875,0.625,3.1968415999183217,,U E G,P,,False,,0.89453125,0.7098243832588196,,
train-021881-2be446dd51237528,3,12,train,3162730754683925800,pointer,B,U,,,J,False,True,,,-1.1875,0.625,3.1952117896109153,,U E G,P,,False,,0.90234375,0.7114308476448059,,
train-018354-7a90cb4389406756,4,1,train,8831782360199489366,pointer,F,I,I,True,H,False,False,4.768258077092469e-05,11.0,-15.15625,11.0,0.0006259380969592222,1,I S A,I,True,True,0.00428187707439065,-0.93359375,0.28219619393348694,False,0.3315589427947998
train-018354-7a90cb4389406756,4,2,train,8831782360199489366,pointer,F,N,N,True,H,False,False,0.011565777473151684,4.875,-10.125,4.875,0.0808840913150791,1,N I A,X,False,False,3.4702532291412354,-0.5546875,0.3647775650024414,False,0.45378005504608154
train-018354-7a90cb4389406756,4,3,train,8831782360199489366,pointer,F,H,W,False,H,True,False,1.5470237731933594,-0.5,0.5,0.5,2.3936596514394313,2,H W Z,I,False,False,2.9615163803100586,-0.047607421875,0.4881003499031067,False,0.6696267127990723
train-018354-7a90cb4389406756,4,4,train,8831782360199489366,pointer,F,H,H,True,H,True,False,1.9045777320861816,0.3125,0.3125,0.3125,3.068165873407783,1,H W Z,I,False,False,3.336120367050171,0.33203125,0.5822535157203674,True,0.5408493280410767
train-018354-7a90cb4389406756,4,5,train,8831782360199489366,pointer,F,H,,,H,True,True,,,0.1875,0.1875,3.1799160803943365,,H W F,P,,False,,0.5625,0.6370307803153992,,
train-018354-7a90cb4389406756,4,6,train,8831782360199489366,pointer,F,H,,,H,True,True,,,0.1875,0.1875,3.193961694865027,,H W Z,P,,False,,0.69921875,0.6680145263671875,,
train-018354-7a90cb4389406756,4,7,train,8831782360199489366,pointer,F,H,,,H,True,True,,,0.25,0.25,3.197590081146115,,H W F,P,,False,,0.77734375,0.6851073503494263,,
train-018354-7a90cb4389406756,4,8,train,8831782360199489366,pointer,F,H,,,H,True,True,,,0.1875,0.1875,3.1969709424524564,,H W F,P,,False,,0.82421875,0.6951311230659485,,
train-018354-7a90cb4389406756,4,9,train,8831782360199489366,pointer,F,H,,,H,True,True,,,0.1875,0.1875,3.197796808831316,,H W F,P,,False,,0.8515625,0.700894832611084,,
train-018354-7a90cb4389406756,4,10,train,8831782360199489366,pointer,F,H,,,H,True,True,,,0.1875,0.1875,3.192721773213644,,H W F,P,,False,,0.8671875,0.7041601538658142,,
train-018354-7a90cb4389406756,4,11,train,8831782360199489366,pointer,F,H,,,H,True,True,,,0.1875,0.1875,3.198036013168929,,H W F,P,,False,,0.87890625,0.7065955400466919,,
train-018354-7a90cb4389406756,4,12,train,8831782360199489366,pointer,F,H,,,H,True,True,,,0.25,0.25,3.1945869945102117,,H W F,P,,False,,0.8828125,0.7074047327041626,,
train-015907-e7c1df0f00dd6b57,5,1,train,16699874148798524247,pointer,P,Y,Y,True,A,False,False,1.8000440832111053e-05,11.5,-14.75,11.5,0.00024514564562335783,1,Y J R,Y,True,True,0.004161389544606209,-0.92578125,0.28378137946128845,False,0.3337697982788086
train-015907-e7c1df0f00dd6b57,5,2,train,16699874148798524247,pointer,P,N,N,True,A,False,False,0.003158820327371359,6.0,-10.5,6.0,0.02484220228845883,1,N Y D,X,False,False,3.466426372528076,-0.515625,0.37387579679489136,False,0.468206524848938
train-015907-e7c1df0f00dd6b57,5,3,train,16699874148798524247,pointer,P,X,F,False,A,False,False,1.249269962310791,-0.125,-3.25,0.125,2.249724880641329,2,X F N,J,False,False,3.350106716156006,-0.00909423828125,0.4977264404296875,False,0.6886103749275208
train-015907-e7c1df0f00dd6b57,5,4,train,16699874148798524247,pointer,P,N,X,False,A,False,False,2.3256163597106934,-0.25,-1.375,0.1875,3.0135702651101384,3,N C X,P,False,False,3.219764232635498,0.365234375,0.5903069376945496,False,0.892346978187561
train-015907-e7c1df0f00dd6b57,5,5,train,16699874148798524247,pointer,P,N,A,False,A,False,False,3.3771438598632812,-1.3125,-1.3125,0.0625,3.044759158607946,11,N C G,P,False,False,3.3129842281341553,0.59375,0.6442250609397888,True,0.43970704078674316
train-015907-e7c1df0f00dd6b57,5,6,train,16699874148798524247,pointer,P,C,,,A,False,True,,,-1.25,0.0,3.0406613620786103,,C N G,P,,False,,0.73046875,0.6749081611633301,,
train-015907-e7c1df0f00dd6b57,5,7,train,16699874148798524247,pointer,P,C,,,A,False,True,,,-1.3125,0.0,3.0328099394450456,,C N G,P,,False,,0.80859375,0.6918097138404846,,
train-015907-e7c1df0f00dd6b57,5,8,train,16699874148798524247,pointer,P,N,,,A,False,True,,,-1.3125,0.0625,3.039495034032607,,N C G,P,,False,,0.85546875,0.7017130851745605,,
train-015907-e7c1df0f00dd6b57,5,9,train,16699874148798524247,pointer,P,N,,,A,False,True,,,-1.3125,0.0625,3.04188919159751,,N C G,P,,False,,0.8828125,0.7074047327041626,,
train-015907-e7c1df0f00dd6b57,5,10,train,16699874148798524247,pointer,P,N,,,A,False,True,,,-1.3125,0.0625,3.0442004151028543,,N C G,P,,False,,0.90234375,0.7114308476448059,,
train-015907-e7c1df0f00dd6b57,5,11,train,16699874148798524247,pointer,P,C,,,A,False,True,,,-1.25,0.0,3.041233961447843,,C N G,P,,False,,0.9140625,0.7138307690620422,,
train-015907-e7c1df0f00dd6b57,5,12,train,16699874148798524247,pointer,P,C,,,A,False,True,,,-1.3125,0.0,3.0374666214303194,,C N G,P,,False,,0.91796875,0.7146279811859131,,
train-020372-d4bfc952f0acc23f,6,1,train,15330193014654812735,pointer,P,G,G,True,N,False,False,0.00015138434537220746,9.0625,-18.25,9.0625,0.0016333983582080662,1,G R F,G,True,True,0.004645033273845911,-0.8515625,0.2991051971912384,False,0.35539746284484863
train-020372-d4bfc952f0acc23f,6,2,train,15330193014654812735,pointer,P,S,S,True,N,False,False,0.06573144346475601,2.875,-7.4375,2.875,0.2929493610405922,1,S R D,X,False,False,3.262263298034668,-0.49609375,0.378459095954895,False,0.4755535125732422
train-020372-d4bfc952f0acc23f,6,3,train,15330193014654812735,pointer,P,S,O,False,N,False,False,3.0450820922851562,-1.3125,-1.375,0.8125,3.0158772039460926,6,S K M,G,False,False,3.497448444366455,-0.0128173828125,0.4967956840991974,False,0.6867589950561523
train-020372-d4bfc952f0acc23f,6,4,train,15330193014654812735,pointer,P,S,J,False,N,False,False,3.237088680267334,-0.5625,-0.4375,0.25,3.2210471958076674,11,S G K,G,False,False,3.2128210067749023,0.3515625,0.5869964361190796,False,0.8842990398406982
train-020372-d4bfc952f0acc23f,6,5,train,15330193014654812735,pointer,P,G,H,False,N,False,False,3.257904291152954,-0.4375,-0.3125,0.0625,3.231558506048189,11,G S L,P,False,False,3.3298211097717285,0.57421875,0.6397360563278198,False,1.020918369293213
train-020372-d4bfc952f0acc23f,6,6,train,15330193014654812735,pointer,P,G,N,False,N,False,False,3.1659297943115234,-0.375,-0.375,0.125,3.232071324196447,8,G S L,P,False,False,3.350339412689209,0.70703125,0.6697448492050171,True,0.40085849165916443
train-020372-d4bfc952f0acc23f,6,7,train,15330193014654812735,pointer,P,G,,,N,False,True,,,-0.375,0.1875,3.2319024922605,,G L P,P,,False,,0.78515625,0.6867902874946594,,
train-020372-d4bfc952f0acc23f,6,8,train,15330193014654812735,pointer,P,G,,,N,False,True,,,-0.3125,0.125,3.231476302905206,,G L P,P,,False,,0.828125,0.6959583163261414,,
train-020372-d4bfc952f0acc23f,6,9,train,15330193014654812735,pointer,P,G,,,N,False,True,,,-0.3125,0.125,3.231180173890785,,G L P,P,,False,,0.85546875,0.7017130851745605,,
train-020372-d4bfc952f0acc23f,6,10,train,15330193014654812735,pointer,P,G,,,N,False,True,,,-0.3125,0.125,3.2314567300201524,,G P S,P,,False,,0.875,0.7057850360870361,,
train-020372-d4bfc952f0acc23f,6,11,train,15330193014654812735,pointer,P,G,,,N,False,True,,,-0.3125,0.125,3.2310737573059827,,G P S,P,,False,,0.8828125,0.7074047327041626,,
train-020372-d4bfc952f0acc23f,6,12,train,15330193014654812735,pointer,P,G,,,N,False,True,,,-0.375,0.1875,3.2311589021453853,,G L P,P,,False,,0.890625,0.709019124507904,,
train-018951-3cc74311f97bca09,8,1,train,4379542907120241161,pointer,B,J,J,True,B,False,False,4.768360213347478e-06,12.6875,-12.6875,12.6875,6.94359489791704e-05,1,J B Z,J,True,True,0.013672159053385258,-1.0078125,0.267408162355423,False,0.31116652488708496
train-018951-3cc74311f97bca09,8,2,train,4379542907120241161,pointer,B,J,B,False,B,False,False,0.8261533975601196,-0.25,-0.25,0.25,0.6876847302560987,2,J B D,X,False,False,3.3158493041992188,-0.609375,0.35220175981521606,False,0.434175968170166
train-018951-3cc74311f97bca09,8,3,train,4379542907120241161,pointer,B,J,J,True,B,False,False,0.6346244812011719,0.625,-0.625,0.625,1.5668147761450701,1,J B A,J,True,True,2.91615629196167,-0.09375,0.4765796363353729,False,0.6473703980445862
train-018951-3cc74311f97bca09,8,4,train,4379542907120241161,pointer,B,B,B,True,B,True,False,1.1620222330093384,0.0625,0.0625,0.0625,2.288818664070076,1,B J Z,J,False,False,3.1550731658935547,0.306640625,0.5760650634765625,False,0.8581752777099609
train-018951-3cc74311f97bca09,8,5,train,4379542907120241161,pointer,B,B,J,False,B,True,False,1.3929564952850342,-0.0625,0.0625,0.0625,2.534081601175497,2,B J Z,Z,False,False,3.15236759185791,0.5546875,0.6352224349975586,False,1.0084675550460815
train-018951-3cc74311f97bca09,8,6,train,4379542907120241161,pointer,B,B,B,True,B,True,False,1.3691282272338867,0.0625,0.0625,0.0625,2.579076961651972,1,B J Z,Z,False,False,3.1262967586517334,0.703125,0.66888028383255,False,1.1052751541137695
train-018951-3cc74311f97bca09,8,7,train,4379542907120241161,pointer,B,B,J,False,B,True,False,1.4294610023498535,-0.0625,0.0625,0.0625,2.5758765661088727,2,B J Z,P,False,False,3.1788322925567627,0.7890625,0.6876299977302551,False,1.1635668277740479
train-018951-3cc74311f97bca09,8,8,train,4379542907120241161,pointer,B,B,B,True,B,True,False,1.3773149251937866,0.0625,0.0625,0.0625,2.58909251514274,1,B J Z,P,False,False,3.128847122192383,0.83984375,0.6984323263168335,True,0.3589169979095459
train-018951-3cc74311f97bca09,8,9,train,4379542907120241161,pointer,B,B,,,B,True,True,,,0.0625,0.0625,2.5874645216449075,,B J Z,P,,False,,0.87109375,0.7049732804298401,,
train-018951-3cc74311f97bca09,8,10,train,4379542907120241161,pointer,B,B,,,B,True,True,,,0.125,0.125,2.6022854278182126,,B J Z,P,,False,,0.890625,0.709019124507904,,
train-018951-3cc74311f97bca09,8,11,train,4379542907120241161,pointer,B,B,,,B,True,True,,,0.125,0.125,2.6054881015384765,,B J Z,P,,False,,0.90234375,0.7114308476448059,,
train-018951-3cc74311f97bca09,8,12,train,4379542907120241161,pointer,B,B,,,B,True,True,,,0.125,0.125,2.5954735813801877,,B J Z,P,,False,,0.90625,0.7122321724891663,,
train-015190-27a5287bbddd9c8a,10,1,train,2856734050567953546,pointer,T,Z,Z,True,K,False,False,7.152555099310121e-07,15.40625,-22.4375,15.40625,1.1092274509555935e-05,1,Z U J,Z,True,True,0.0010139568476006389,-0.95703125,0.27747297286987305,False,0.325000524520874
train-015190-27a5287bbddd9c8a,10,2,train,2856734050567953546,pointer,T,C,C,True,K,False,False,0.001519954763352871,7.125,-15.125,7.125,0.01334751624549314,1,C B D,X,False,False,3.327024459838867,-0.5390625,0.36840569972991943,False,0.4595080614089966
train-015190-27a5287bbddd9c8a,10,3,train,2856734050567953546,pointer,T,W,B,False,K,False,False,3.3573670387268066,-2.3125,-2.5,1.125,2.45476153261521,7,W M N,Z,False,False,3.3757693767547607,-0.0235595703125,0.4941104054450989,False,0.6814367771148682
train-015190-27a5287bbddd9c8a,10,4,train,2856734050567953546,pointer,T,W,M,False,K,False,False,2.56754732131958,-0.875,-1.0625,0.5,2.896261842404105,3,W N M,I,False,False,3.389549493789673,0.36328125,0.5898345112800598,False,0.8911945223808289
train-015190-27a5287bbddd9c8a,10,5,train,2856734050567953546,pointer,T,W,N,False,K,False,False,2.2974979877471924,-0.375,-0.625,0.375,2.975665389506653,2,W N K,P,False,False,3.4468414783477783,0.59765625,0.6451199054718018,False,1.0359753370285034
train-015190-27a5287bbddd9c8a,10,6,train,2856734050567953546,pointer,T,W,V,False,K,False,False,3.1126935482025146,-1.125,-0.5625,0.375,2.9987371892102197,8,W N K,P,False,False,3.296543836593628,0.734375,0.6757646203041077,False,1.1262855529785156
train-015190-27a5287bbddd9c8a,10,7,train,2856734050567953546,pointer,T,W,A,False,K,False,False,3.9910659790039062,-2.0,-0.5625,0.3125,2.9943128010795395,18,W N K,P,False,False,3.202792167663574,0.81640625,0.6934729218482971,False,1.1824493408203125
train-015190-27a5287bbddd9c8a,10,8,train,2856734050567953546,pointer,T,W,L,False,K,False,False,3.5844860076904297,-1.625,-0.5625,0.375,2.9914934866103287,13,W N K,P,False,False,3.355358600616455,0.859375,0.7025300860404968,False,1.21244215965271
train-015190-27a5287bbddd9c8a,10,9,train,2856734050567953546,pointer,T,W,Q,False,K,False,False,4.632735252380371,-2.625,-0.5,0.3125,2.9981680126667527,26,W N K,P,False,False,3.2489705085754395,0.88671875,0.7082125544548035,False,1.2317297458648682
train-015190-27a5287bbddd9c8a,10,10,train,2856734050567953546,pointer,T,W,K,False,K,False,False,2.515955924987793,-0.5,-0.5,0.3125,3.0022820028024793,3,W N K,P,False,False,3.349581241607666,0.90625,0.7122321724891663,True,0.3393513262271881
train-015190-27a5287bbddd9c8a,10,11,train,2856734050567953546,pointer,T,W,,,K,False,True,,,-0.5,0.3125,3.0011803118921394,,W N K,P,,False,,0.9140625,0.7138307690620422,,
train-015190-27a5287bbddd9c8a,10,12,train,2856734050567953546,pointer,T,W,,,K,False,True,,,-0.5625,0.375,2.995196718973151,,W N K,P,,False,,0.921875,0.7154240012168884,,
train-034658-7ce362f19e5da916,12,1,train,8999145270299961622,pointer,J,M,M,True,D,False,False,3.516612196108326e-05,11.71875,-13.5,11.71875,0.00048362070248261427,1,M A Q,M,True,True,0.016614409163594246,-0.875,0.29421496391296387,False,0.3484445810317993
train-034658-7ce362f19e5da916,12,2,train,8999145270299961622,pointer,J,N,N,True,D,False,False,0.012707686983048916,4.8125,-7.125,4.8125,0.08889272979582095,1,N M D,I,False,False,3.459249973297119,-0.5234375,0.3720487952232361,False,0.4652928113937378
train-034658-7ce362f19e5da916,12,3,train,8999145270299961622,pointer,J,Q,Q,True,D,False,False,2.7002522945404053,0.1875,-0.3125,0.1875,3.2242486947688724,1,Q U J,I,False,False,3.2781004905700684,-0.016845703125,0.49578869342803955,False,0.6847598552703857
train-034658-7ce362f19e5da916,12,4,train,8999145270299961622,pointer,J,H,A,False,D,False,False,3.271617889404297,-0.3125,-0.1875,0.0625,3.2421467111067783,11,H J Q,I,False,False,3.3100180625915527,0.35546875,0.5879431366920471,False,0.8865938782691956
train-034658-7ce362f19e5da916,12,5,train,8999145270299961622,pointer,J,H,B,False,D,False,False,3.259718656539917,-0.25,-0.1875,0.0,3.2445283348842238,14,H J G,P,False,False,3.2389681339263916,0.58203125,0.6415346264839172,False,1.025923252105713
train-034658-7ce362f19e5da916,12,6,train,8999145270299961622,pointer,J,H,X,False,D,False,False,3.43491268157959,-0.4375,-0.1875,0.0625,3.2449502137288477,23,H G J,P,False,False,3.3114230632781982,0.71484375,0.671470582485199,False,1.113128900527954
train-034658-7ce362f19e5da916,12,7,train,8999145270299961622,pointer,J,H,K,False,D,False,False,3.1093695163726807,-0.125,-0.1875,0.0625,3.243552864458413,5,H G J,P,False,False,3.3904030323028564,0.79296875,0.6884684562683105,False,1.1662545204162598
train-034658-7ce362f19e5da916,12,8,train,8999145270299961622,pointer,J,G,I,False,D,False,False,3.2122979164123535,-0.1875,-0.1875,0.0,3.2438888702064417,12,G H J,P,False,False,3.106623411178589,0.83984375,0.6984323263168335,False,1.198760747909546
train-034658-7ce362f19e5da916,12,9,train,8999145270299961622,pointer,J,G,F,False,D,False,False,3.4441046714782715,-0.4375,-0.1875,0.0,3.2428750858860096,20,G H J,P,False,False,3.318976402282715,0.8671875,0.7041601538658142,False,1.2179369926452637
train-034658-7ce362f19e5da916,12,10,train,8999145270299961622,pointer,J,G,S,False,D,False,False,3.4157187938690186,-0.375,-0.1875,0.0,3.2448355998325336,20,G H J,P,False,False,3.27209734916687,0.88671875,0.7082125544548035,False,1.2317297458648682
train-034658-7ce362f19e5da916,12,11,train,8999145270299961622,pointer,J,H,O,False,D,False,False,3.106417179107666,-0.125,-0.25,0.0625,3.2440241871618647,6,H G J,P,False,False,3.112642526626587,0.89453125,0.7098243832588196,False,1.2372689247131348
train-034658-7ce362f19e5da916,12,12,train,8999145270299961622,pointer,J,G,D,False,D,False,False,3.2213492393493652,-0.1875,-0.1875,0.0,3.2444904217656725,11,G H J,P,False,False,3.300021171569824,0.90234375,0.7114308476448059,True,0.34047701954841614
