example_id,task_depth,loop,split,seed,family,initial_state,prediction,intermediate_target,intermediate_correct,final_target,final_correct,post_completion,intermediate_loss,intermediate_margin,final_margin,predicted_margin,answer_entropy,target_rank,top_symbols,r_prediction,r_intermediate_correct,r_c_agree,r_intermediate_loss,stop_logit,stop_probability,stop_target,stop_loss
train-017550-2da9fdf39c01ec4c,1,1,train,3290440225507109964,pointer,I,T,T,True,T,True,False,2.01676607131958,0.3125,0.3125,0.3125,3.0541079220552816,1,T P Q,Z,False,False,3.634490489959717,-0.326171875,0.41917234659194946,True,0.8694730997085571
train-017550-2da9fdf39c01ec4c,1,2,train,3290440225507109964,pointer,I,S,,,T,False,True,,,-0.1875,0.1875,3.0050609001034783,,S Q T,Z,,False,,-0.1669921875,0.45834869146347046,,
train-017550-2da9fdf39c01ec4c,1,3,train,3290440225507109964,pointer,I,S,,,T,False,True,,,-2.0625,0.4375,2.7942751878078247,,S Q H,B,,False,,-0.0174560546875,0.49563607573509216,,
train-017550-2da9fdf39c01ec4c,1,4,train,3290440225507109964,pointer,I,H,,,T,False,True,,,-3.875,0.4375,2.3075996933137297,,H J Q,W,,False,,0.0703125,0.5175709128379822,,
train-017550-2da9fdf39c01ec4c,1,5,train,3290440225507109964,pointer,I,Q,,,T,False,True,,,-3.9375,1.125,1.951056746288968,,Q B H,W,,False,,0.1025390625,0.5256123542785645,,
train-017550-2da9fdf39c01ec4c,1,6,train,3290440225507109964,pointer,I,Q,,,T,False,True,,,-3.8125,1.625,1.588603091199585,,Q B I,P,,False,,0.11279296875,0.5281683802604675,,
train-017550-2da9fdf39c01ec4c,1,7,train,3290440225507109964,pointer,I,I,,,T,False,True,,,-2.25,0.5625,2.3152814440250222,,I R Q,W,,False,,0.1474609375,0.5367985367774963,,
train-017550-2da9fdf39c01ec4c,1,8,train,3290440225507109964,pointer,I,I,,,T,False,True,,,-5.125,2.5625,0.994021759906729,,I B Y,W,,False,,0.162109375,0.5404388308525085,,
train-017550-2da9fdf39c01ec4c,1,9,train,3290440225507109964,pointer,I,I,,,T,False,True,,,-3.71875,2.8125,1.229078210826306,,I B W,W,,False,,0.1328125,0.5331544280052185,,
train-017550-2da9fdf39c01ec4c,1,10,train,3290440225507109964,pointer,I,I,,,T,False,True,,,-2.0,1.5625,1.9382921135833675,,I J D,W,,False,,0.1123046875,0.528046727180481,,
train-017550-2da9fdf39c01ec4c,1,11,train,3290440225507109964,pointer,I,I,,,T,False,True,,,-1.125,0.125,2.1965969561276824,,I J D,W,,False,,0.1064453125,0.5265862345695496,,
train-017550-2da9fdf39c01ec4c,1,12,train,3290440225507109964,pointer,I,J,,,T,False,True,,,-1.90625,0.8125,2.051882715997299,,J I V,W,,False,,0.109375,0.5273165106773376,,
train-028513-482db515c5465556,2,1,train,5201012249791452502,pointer,E,B,H,False,X,False,False,3.130190849304199,-1.3125,-3.1875,0.375,2.9538190911381363,9,B A Q,Z,False,False,3.6688430309295654,-0.310546875,0.42298123240470886,False,0.5498805046081543
train-028513-482db515c5465556,2,2,train,5201012249791452502,pointer,E,Q,X,False,X,False,False,4.555345058441162,-2.875,-2.875,1.0,2.965317870775806,24,Q B A,Z,False,False,3.6596477031707764,-0.1796875,0.45519864559173584,True,0.7870214581489563
train-028513-482db515c5465556,2,3,train,5201012249791452502,pointer,E,E,,,X,False,True,,,-4.125,0.625,2.7553744483102225,,E Y Q,B,,False,,-0.03271484375,0.4918220341205597,,
train-028513-482db515c5465556,2,4,train,5201012249791452502,pointer,E,Q,,,X,False,True,,,-5.0,1.25,2.0543107739601885,,Q J A,Z,,False,,0.0556640625,0.5139124393463135,,
train-028513-482db515c5465556,2,5,train,5201012249791452502,pointer,E,Q,,,X,False,True,,,-7.3828125,0.8125,1.6803668142995896,,Q J V,W,,False,,0.1025390625,0.5256123542785645,,
train-028513-482db515c5465556,2,6,train,5201012249791452502,pointer,E,Q,,,X,False,True,,,-6.1875,1.5,1.2677446896070919,,Q J B,W,,False,,0.1142578125,0.528533399105072,,
train-028513-482db515c5465556,2,7,train,5201012249791452502,pointer,E,Q,,,X,False,True,,,-5.5625,0.6875,1.9503500933214877,,Q J V,W,,False,,0.11962890625,0.5298715829849243,,
train-028513-482db515c5465556,2,8,train,5201012249791452502,pointer,E,J,,,X,False,True,,,-6.875,0.4375,1.9171052707057779,,J V I,W,,False,,0.12255859375,0.5306013822555542,,
train-028513-482db515c5465556,2,9,train,5201012249791452502,pointer,E,J,,,X,False,True,,,-7.203125,1.125,2.1036909249580757,,J V C,W,,False,,0.11962890625,0.5298715829849243,,
train-028513-482db515c5465556,2,10,train,5201012249791452502,pointer,E,J,,,X,False,True,,,-7.015625,0.75,2.219855042628536,,J C F,W,,False,,0.1201171875,0.5299932360649109,,
train-028513-482db515c5465556,2,11,train,5201012249791452502,pointer,E,J,,,X,False,True,,,-6.453125,0.375,2.282882889916401,,J C F,W,,False,,0.12353515625,0.5308445692062378,,
train-028513-482db515c5465556,2,12,train,5201012249791452502,pointer,E,F,,,X,False,True,,,-6.703125,1.0,2.0309132439779902,,F J C,W,,False,,0.12890625,0.532181978225708,,
train-027434-d400c0bd81dcd93e,3,1,train,15276421856200808766,pointer,D,D,D,True,D,True,False,1.889331340789795,0.75,0.75,0.75,3.0568624615434197,1,D K E,Z,False,False,3.8758482933044434,-0.322265625,0.4201236963272095,False,0.5449404716491699
train-027434-d400c0bd81dcd93e,3,2,train,15276421856200808766,pointer,D,D,D,True,D,True,False,1.4510797262191772,0.9375,0.9375,0.9375,2.887162284255893,1,D E A,Z,False,False,3.933182954788208,-0.1884765625,0.4530198276042938,False,0.6033427715301514
train-027434-d400c0bd81dcd93e,3,3,train,15276421856200808766,pointer,D,E,D,False,D,False,False,1.8690091371536255,-0.0625,-0.0625,0.0625,2.761576002491049,2,E D Q,Z,False,False,3.8256337642669678,-0.060791015625,0.4848068952560425,True,0.7240046262741089
train-027434-d400c0bd81dcd93e,3,4,train,15276421856200808766,pointer,D,H,,,D,False,True,,,-3.1875,0.375,2.4396149727600163,,H C Q,Z,,False,,0.0181884765625,0.5045469999313354,,
train-027434-d400c0bd81dcd93e,3,5,train,15276421856200808766,pointer,D,Q,,,D,False,True,,,-4.1875,1.3125,1.8518584536800198,,Q E J,Q,,True,,0.07763671875,0.5193994045257568,,
train-027434-d400c0bd81dcd93e,3,6,train,15276421856200808766,pointer,D,Q,,,D,False,True,,,-2.8125,0.4375,2.123017970915898,,Q E T,Q,,True,,0.12158203125,0.5303581357002258,,
train-027434-d400c0bd81dcd93e,3,7,train,15276421856200808766,pointer,D,V,,,D,False,True,,,-1.75,0.0625,2.3265105725692266,,V E T,W,,False,,0.1416015625,0.5353413820266724,,
train-027434-d400c0bd81dcd93e,3,8,train,15276421856200808766,pointer,D,V,,,D,False,True,,,-1.75,1.0,2.3273386035780432,,V E I,W,,False,,0.1337890625,0.5333974361419678,,
train-027434-d400c0bd81dcd93e,3,9,train,15276421856200808766,pointer,D,V,,,D,False,True,,,-1.1875,0.5,2.581044641685982,,V I T,W,,False,,0.123046875,0.530722975730896,,
train-027434-d400c0bd81dcd93e,3,10,train,15276421856200808766,pointer,D,I,,,D,False,True,,,-1.25,0.625,2.567234540238786,,I J T,W,,False,,0.12060546875,0.5301148891448975,,
train-027434-d400c0bd81dcd93e,3,11,train,15276421856200808766,pointer,D,J,,,D,False,True,,,-1.4375,0.0625,2.469136587435305,,J I S,W,,False,,0.1240234375,0.5309661626815796,,
train-027434-d400c0bd81dcd93e,3,12,train,15276421856200808766,pointer,D,J,,,D,False,True,,,-2.03125,0.75,2.3565017815634057,,J S I,Q,,False,,0.1279296875,0.5319388508796692,,
train-011064-51a24a3d90468f93,4,1,train,5882345691573292947,pointer,X,Q,J,False,D,False,False,3.0577728748321533,-0.9375,-1.9375,0.375,3.068070417883597,7,Q R Y,Z,False,False,3.9583208560943604,-0.3203125,0.4205995798110962,False,0.5457614660263062
train-011064-51a24a3d90468f93,4,2,train,5882345691573292947,pointer,X,Y,D,False,D,False,False,3.823319911956787,-1.875,-1.875,0.4375,2.9946138013808157,17,Y Q R,Z,False,False,3.7970046997070312,-0.1796875,0.45519864559173584,False,0.6073339581489563
train-011064-51a24a3d90468f93,4,3,train,5882345691573292947,pointer,X,Y,B,False,D,False,False,3.225463390350342,-1.5625,-3.3125,0.3125,2.7564012444371797,6,Y Q X,Z,False,False,2.6108124256134033,-0.01263427734375,0.4968414902687073,False,0.6868500113487244
train-011064-51a24a3d90468f93,4,4,train,5882345691573292947,pointer,X,Q,D,False,D,False,False,4.2058329582214355,-3.3125,-3.3125,1.1875,2.1966917197343956,12,Q F J,B,False,False,3.480742931365967,0.08203125,0.5204963088035583,True,0.6529724597930908
train-011064-51a24a3d90468f93,4,5,train,5882345691573292947,pointer,X,Q,,,D,False,True,,,-4.6875,2.5625,1.3601225133593082,,Q B J,B,,False,,0.1328125,0.5331544280052185,,
train-011064-51a24a3d90468f93,4,6,train,5882345691573292947,pointer,X,Q,,,D,False,True,,,-3.8125,1.75,1.6880261441762947,,Q X A,Q,,True,,0.1591796875,0.5397111177444458,,
train-011064-51a24a3d90468f93,4,7,train,5882345691573292947,pointer,X,Q,,,D,False,True,,,-1.6875,1.5,2.396703257336374,,Q I A,Q,,True,,0.1767578125,0.5440747737884521,,
train-011064-51a24a3d90468f93,4,8,train,5882345691573292947,pointer,X,V,,,D,False,True,,,-0.4375,0.125,2.5253583643351165,,V I D,W,,False,,0.1865234375,0.5464961528778076,,
train-011064-51a24a3d90468f93,4,9,train,5882345691573292947,pointer,X,I,,,D,False,True,,,-1.0,0.375,2.428753983264265,,I V D,W,,False,,0.1865234375,0.5464961528778076,,
train-011064-51a24a3d90468f93,4,10,train,5882345691573292947,pointer,X,I,,,D,False,True,,,-1.8125,0.75,2.2433876845372422,,I V J,W,,False,,0.18359375,0.5457699298858643,,
train-011064-51a24a3d90468f93,4,11,train,5882345691573292947,pointer,X,I,,,D,False,True,,,-2.1875,1.0,2.2260995818610074,,I V J,W,,False,,0.18359375,0.5457699298858643,,
train-011064-51a24a3d90468f93,4,12,train,5882345691573292947,pointer,X,I,,,D,False,True,,,-2.375,1.0625,2.3265272387734033,,I J P,W,,False,,0.1884765625,0.5469801425933838,,
train-015196-13d4b272449f280f,5,1,train,1428963185630586895,pointer,N,K,K,True,O,False,False,1.9738446474075317,0.125,-0.75,0.125,2.9323892303185435,1,K Q T,Z,False,False,3.013962745666504,-0.3125,0.42250463366508484,False,0.5490548610687256
train-015196-13d4b272449f280f,5,2,train,1428963185630586895,pointer,N,Q,X,False,O,False,False,4.574826240539551,-2.6875,-1.5625,0.8125,3.062592980529812,26,Q M N,Z,False,False,3.52873158454895,-0.1474609375,0.46320146322250366,False,0.6221323609352112
train-015196-13d4b272449f280f,5,3,train,1428963185630586895,pointer,N,Q,B,False,O,False,False,3.3205041885375977,-2.5625,-2.3125,1.625,2.1885672452947382,6,Q N C,Z,False,False,2.7050182819366455,0.0020904541015625,0.5005226135253906,False,0.6941929459571838
train-015196-13d4b272449f280f,5,4,train,1428963185630586895,pointer,N,Q,A,False,O,False,False,5.426864147186279,-4.84375,-2.3125,1.875,1.8226393833677006,18,Q J C,W,False,False,2.9126479625701904,0.09033203125,0.522567629814148,False,0.7393328547477722
train-015196-13d4b272449f280f,5,5,train,1428963185630586895,pointer,N,Q,O,False,O,False,False,2.973418712615967,-2.5625,-2.5625,1.9375,1.4533023316917926,3,Q J O,W,False,False,3.491565227508545,0.130859375,0.5326682329177856,True,0.6298564672470093
train-015196-13d4b272449f280f,5,6,train,1428963185630586895,pointer,N,Q,,,O,False,True,,,-1.5,1.1875,2.011788406521454,,Q J O,W,,False,,0.1416015625,0.5353413820266724,,
train-015196-13d4b272449f280f,5,7,train,1428963185630586895,pointer,N,O,,,O,True,True,,,0.0,0.0,2.6057907226692367,,O Q E,W,,False,,0.1396484375,0.5348554849624634,,
train-015196-13d4b272449f280f,5,8,train,1428963185630586895,pointer,N,O,,,O,True,True,,,0.0625,0.0625,2.611931010709591,,O I R,W,,False,,0.1279296875,0.5319388508796692,,
train-015196-13d4b272449f280f,5,9,train,1428963185630586895,pointer,N,I,,,O,False,True,,,-0.1875,0.0,2.564268853232489,,I R O,W,,False,,0.11669921875,0.5291417241096497,,
train-015196-13d4b272449f280f,5,10,train,1428963185630586895,pointer,N,R,,,O,False,True,,,-0.1875,0.125,2.5410940738747616,,R I O,W,,False,,0.10986328125,0.527438223361969,,
train-015196-13d4b272449f280f,5,11,train,1428963185630586895,pointer,N,O,,,O,True,True,,,0.1875,0.1875,2.5313192861615033,,O R A,W,,False,,0.10546875,0.5263427495956421,,
train-015196-13d4b272449f280f,5,12,train,1428963185630586895,pointer,N,O,,,O,True,True,,,0.375,0.375,2.5260030689434076,,O A E,W,,False,,0.10498046875,0.5262210369110107,,
train-031010-3b402ed8c72d2397,6,1,train,4269463955336668055,pointer,J,V,V,True,C,False,False,1.482622504234314,1.0,-2.5625,1.0,2.841862693523963,1,V M B,Z,False,False,4.249898433685303,-0.302734375,0.4248892068862915,False,0.5531925559043884
train-031010-3b402ed8c72d2397,6,2,train,4269463955336668055,pointer,J,J,B,False,C,False,False,2.7717440128326416,-0.375,-1.6875,0.0625,3.06530369378707,7,J S R,Z,False,False,2.8866610527038574,-0.1728515625,0.4568943679332733,False,0.6104514598846436
train-031010-3b402ed8c72d2397,6,3,train,4269463955336668055,pointer,J,J,I,False,C,False,False,4.990520477294922,-4.0,-2.9375,1.375,2.4962637864104207,22,J Q Y,Z,False,False,3.9243147373199463,-0.04345703125,0.4891374707221985,False,0.6716547012329102
train-031010-3b402ed8c72d2397,6,4,train,4269463955336668055,pointer,J,H,H,True,C,False,False,1.1757948398590088,0.4375,-1.46875,0.4375,2.187327601826677,1,H J Q,Z,False,False,3.668623447418213,0.06201171875,0.5154979825019836,False,0.7246336340904236
train-031010-3b402ed8c72d2397,6,5,train,4269463955336668055,pointer,J,Q,Q,True,C,False,False,0.4649654030799866,1.6875,-4.5,1.6875,1.529364429616422,1,Q H J,Z,False,False,2.8465993404388428,0.11572265625,0.5288984179496765,False,0.7526815533638
train-031010-3b402ed8c72d2397,6,6,train,4269463955336668055,pointer,J,Q,C,False,C,False,False,5.480743885040283,-5.25,-5.25,2.9375,1.0539202662848453,13,Q J B,P,False,False,4.005327224731445,0.1279296875,0.5319388508796692,True,0.6312267184257507
train-031010-3b402ed8c72d2397,6,7,train,4269463955336668055,pointer,J,Q,,,C,False,True,,,-2.3125,0.25,2.5544926801154593,,Q V I,P,,False,,0.140625,0.5350984334945679,,
train-031010-3b402ed8c72d2397,6,8,train,4269463955336668055,pointer,J,V,,,C,False,True,,,-3.1875,0.9375,2.213909901343985,,V I Q,P,,False,,0.1708984375,0.5426208972930908,,
train-031010-3b402ed8c72d2397,6,9,train,4269463955336668055,pointer,J,V,,,C,False,True,,,-4.15625,0.875,1.9628677366559224,,V J I,W,,False,,0.1904296875,0.5474640727043152,,
train-031010-3b402ed8c72d2397,6,10,train,4269463955336668055,pointer,J,V,,,C,False,True,,,-3.5,0.3125,2.1601953825580615,,V J E,W,,False,,0.205078125,0.5510905981063843,,
train-031010-3b402ed8c72d2397,6,11,train,4269463955336668055,pointer,J,J,,,C,False,True,,,-2.46875,0.375,2.4395463006706084,,J E V,W,,False,,0.21484375,0.5535053014755249,,
train-031010-3b402ed8c72d2397,6,12,train,4269463955336668055,pointer,J,H,,,C,False,True,,,-2.125,0.0,2.39689030231986,,H J F,W,,False,,0.220703125,0.5549529194831848,,
train-015747-f1c88e83dad8868c,8,1,train,17422331855446247052,pointer,P,Q,L,False,O,False,False,2.485079526901245,-0.1875,-1.25,0.1875,3.1445739405111888,2,Q L C,Z,False,False,3.6835649013519287,-0.3125,0.42250463366508484,False,0.5490548610687256
train-015747-f1c88e83dad8868c,8,2,train,17422331855446247052,pointer,P,Q,O,False,O,False,False,4.842988967895508,-3.125,-3.125,0.75,2.978118615365338,25,Q P Z,Z,False,False,2.958570718765259,-0.1748046875,0.4564097821712494,False,0.6095595955848694
train-015747-f1c88e83dad8868c,8,3,train,17422331855446247052,pointer,P,J,P,False,O,False,False,1.7933995723724365,-0.1875,-4.0625,0.0,2.4587077725883946,3,J Q P,B,False,False,3.018606185913086,-0.04248046875,0.4893815219402313,False,0.6721324920654297
train-015747-f1c88e83dad8868c,8,4,train,17422331855446247052,pointer,P,Q,L,False,O,False,False,4.080248832702637,-3.09375,-3.625,0.625,2.101566697404015,9,Q H J,W,False,False,3.6360180377960205,0.0234375,0.5058591365814209,False,0.7049345970153809
train-015747-f1c88e83dad8868c,8,5,train,17422331855446247052,pointer,P,Q,O,False,O,False,False,7.081207752227783,-6.96875,-6.96875,3.8125,0.609257535812106,18,Q J T,Q,False,True,3.191071033477783,0.06298828125,0.5157418847084045,False,0.7251372337341309
train-015747-f1c88e83dad8868c,8,6,train,17422331855446247052,pointer,P,Q,P,False,O,False,False,5.003369331359863,-4.6875,-6.9375,2.625,1.2457076507107263,11,Q J X,Q,False,True,3.024904727935791,0.10498046875,0.5262210369110107,False,0.7470144033432007
train-015747-f1c88e83dad8868c,8,7,train,17422331855446247052,pointer,P,V,L,False,O,False,False,4.587525367736816,-3.4375,-4.0625,0.9375,2.327426989804025,13,V T E,W,False,False,3.869319438934326,0.13671875,0.5341265201568604,False,0.7638412714004517
train-015747-f1c88e83dad8868c,8,8,train,17422331855446247052,pointer,P,V,O,False,O,False,False,4.820992946624756,-4.34375,-4.34375,1.75,1.5934026508988433,15,V I W,W,False,False,3.3517701625823975,0.1240234375,0.5309661626815796,True,0.6330569386482239
train-015747-f1c88e83dad8868c,8,9,train,17422331855446247052,pointer,P,V,,,O,False,True,,,-3.3125,0.9375,2.060897194058164,,V I W,W,,False,,0.1025390625,0.5256123542785645,,
train-015747-f1c88e83dad8868c,8,10,train,17422331855446247052,pointer,P,V,,,O,False,True,,,-3.0625,0.4375,2.1531453741514777,,V I J,W,,False,,0.09033203125,0.522567629814148,,
train-015747-f1c88e83dad8868c,8,11,train,17422331855446247052,pointer,P,I,,,O,False,True,,,-3.1875,0.0,2.0780724795089696,,I V J,W,,False,,0.0849609375,0.5212274789810181,,
train-015747-f1c88e83dad8868c,8,12,train,17422331855446247052,pointer,P,I,,,O,False,True,,,-3.875,0.5,1.9206524830456781,,I J V,W,,False,,0.083984375,0.5209837555885315,,
train-025342-c6089c0814d91af7,10,1,train,14269826977846860535,pointer,Y,O,J,False,V,False,False,3.7448387145996094,-2.9375,-5.1875,1.5,2.2114088636246407,8,O T W,Z,False,False,3.924011707305908,-0.298828125,0.4258439540863037,False,0.5548540949821472
train-025342-c6089c0814d91af7,10,2,train,14269826977846860535,pointer,Y,T,Q,False,V,False,False,3.233933687210083,-1.1875,-2.75,0.125,2.981361129288613,10,T Z W,Z,False,False,3.270683526992798,-0.142578125,0.4644157588481903,False,0.6243970394134521
train-025342-c6089c0814d91af7,10,3,train,14269826977846860535,pointer,Y,Y,A,False,V,False,False,3.769791841506958,-3.1875,-3.9375,1.75,1.8301313983512877,8,Y Q Z,Z,False,False,3.0392091274261475,-0.008056640625,0.4979858696460724,False,0.6891269683837891
train-025342-c6089c0814d91af7,10,4,train,14269826977846860535,pointer,Y,Q,W,False,V,False,False,5.937866687774658,-5.65625,-3.3125,2.625,1.174785274671516,17,Q H J,G,False,False,2.846517324447632,0.07275390625,0.5181804895401001,False,0.7301856279373169
train-025342-c6089c0814d91af7,10,5,train,14269826977846860535,pointer,Y,Q,T,False,V,False,False,4.840371131896973,-4.75,-6.0625,4.375,0.5267712662958872,6,Q H J,Q,False,True,2.7975990772247314,0.08984375,0.5224458575248718,False,0.7390776872634888
train-025342-c6089c0814d91af7,10,6,train,14269826977846860535,pointer,Y,Q,B,False,V,False,False,5.462240695953369,-5.34375,-6.3125,3.875,0.6495299259985635,14,Q J T,Q,False,True,2.932770252227783,0.0927734375,0.5231767296791077,False,0.7406094074249268
train-025342-c6089c0814d91af7,10,7,train,14269826977846860535,pointer,Y,Q,U,False,V,False,False,5.037076950073242,-4.59375,-4.34375,1.8125,1.4766596406610697,14,Q I D,Q,False,True,3.871638774871826,0.080078125,0.5200088620185852,False,0.73398756980896
train-025342-c6089c0814d91af7,10,8,train,14269826977846860535,pointer,Y,Q,Z,False,V,False,False,6.968985557556152,-5.984375,-3.40625,0.0625,1.795166629177508,20,Q I J,W,False,False,3.074308156967163,0.06298828125,0.5157418847084045,False,0.7251372337341309
train-025342-c6089c0814d91af7,10,9,train,14269826977846860535,pointer,Y,Q,L,False,V,False,False,6.527256011962891,-5.6875,-3.28125,0.8125,1.974103453330968,23,Q I J,Q,False,True,3.576639175415039,0.0498046875,0.5124486088752747,False,0.7183595299720764
train-025342-c6089c0814d91af7,10,10,train,14269826977846860535,pointer,Y,Q,V,False,V,False,False,4.288792610168457,-3.25,-3.25,0.3125,2.085962002463563,11,Q J C,Q,False,True,3.8446555137634277,0.048583984375,0.512143611907959,True,0.6691502332687378
train-025342-c6089c0814d91af7,10,11,train,14269826977846860535,pointer,Y,J,,,V,False,True,,,-3.9375,0.9375,2.0600681427623426,,J Q C,Q,,False,,0.05224609375,0.5130585432052612,,
train-025342-c6089c0814d91af7,10,12,train,14269826977846860535,pointer,Y,J,,,V,False,True,,,-4.21875,0.5625,2.177666631743997,,J C F,Q,,False,,0.060302734375,0.5150711536407471,,
train-021284-2eb9e31042c7173f,12,1,train,3366971855415482175,pointer,V,V,T,False,Y,False,False,2.3547568321228027,-0.1875,-2.375,0.1875,3.0374393005379767,2,V T K,Z,False,False,3.6036291122436523,-0.3046875,0.42441198229789734,False,0.5523631572723389
train-021284-2eb9e31042c7173f,12,2,train,3366971855415482175,pointer,V,V,Y,False,Y,False,False,4.924886703491211,-3.1875,-3.1875,0.125,2.8171493644716956,25,V T Z,Z,False,False,3.1336164474487305,-0.1767578125,0.45592519640922546,False,0.6086686253547668
train-021284-2eb9e31042c7173f,12,3,train,3366971855415482175,pointer,V,V,S,False,Y,False,False,3.7220170497894287,-2.3125,-2.4375,1.125,2.829829627781056,14,V E Z,Z,False,False,3.4024875164031982,-0.0478515625,0.48803937435150146,False,0.6695075631141663
train-021284-2eb9e31042c7173f,12,4,train,3366971855415482175,pointer,V,I,U,False,Y,False,False,4.2656965255737305,-2.40625,-3.6875,0.125,2.700098195118514,16,I C Q,B,False,False,3.4235482215881348,0.057373046875,0.5143393278121948,False,0.7222450971603394
train-021284-2eb9e31042c7173f,12,5,train,3366971855415482175,pointer,V,I,V,False,Y,False,False,3.1797380447387695,-2.0625,-8.15625,0.0625,2.0085828917817796,6,I Q M,B,False,False,3.674009084701538,0.10888671875,0.5271947979927063,False,0.7490718960762024
train-021284-2eb9e31042c7173f,12,6,train,3366971855415482175,pointer,V,Q,T,False,Y,False,False,3.819803237915039,-3.4375,-8.78125,2.1875,1.3716606275394259,6,Q A I,Q,False,True,2.9884297847747803,0.11865234375,0.529628336429596,False,0.7542321681976318
train-021284-2eb9e31042c7173f,12,7,train,3366971855415482175,pointer,V,Q,Y,False,Y,False,False,8.6431245803833,-8.09375,-8.09375,1.375,1.5790023915426483,26,Q I V,Q,False,True,3.0724456310272217,0.1318359375,0.5329113006591797,False,0.7612361311912537
train-021284-2eb9e31042c7173f,12,8,train,3366971855415482175,pointer,V,Q,S,False,Y,False,False,7.528404235839844,-6.1875,-6.375,0.0625,2.0272567622091153,24,Q V I,Q,False,True,3.123741388320923,0.13671875,0.5341265201568604,False,0.7638412714004517
train-021284-2eb9e31042c7173f,12,9,train,3366971855415482175,pointer,V,V,U,False,Y,False,False,5.877050876617432,-5.21875,-6.90625,1.1875,1.7958527632817929,18,V I E,W,False,False,3.427877902984619,0.1533203125,0.5382551550865173,False,0.7727428674697876
train-021284-2eb9e31042c7173f,12,10,train,3366971855415482175,pointer,V,V,V,True,Y,False,False,0.5645153522491455,1.875,-7.375,1.875,1.7245077049684727,1,V I R,W,False,False,3.927835464477539,0.1650390625,0.541166365146637,False,0.7790676355361938
train-021284-2eb9e31042c7173f,12,11,train,3366971855415482175,pointer,V,V,T,False,Y,False,False,4.880211353302002,-3.90625,-7.25,0.25,1.8899652164611793,13,V R J,W,False,False,3.6865344047546387,0.1728515625,0.5431056022644043,False,0.7833030223846436
train-021284-2eb9e31042c7173f,12,12,train,3366971855415482175,pointer,V,R,Y,False,Y,False,False,7.949103832244873,-7.0,-7.0,0.875,2.1172628672143805,26,R V J,W,False,False,2.859022855758667,0.1796875,0.5448014140129089,True,0.6073339581489563
train-015642-d231c1cbe0efdf6b,1,1,train,15146100103220027243,pointer,M,M,E,False,E,False,False,3.3583412170410156,-0.6875,-0.6875,0.0625,3.1613047702133397,14,M N L,Z,False,False,3.228504180908203,-0.314453125,0.42202815413475037,True,0.8626832365989685
train-015642-d231c1cbe0efdf6b,1,2,train,15146100103220027243,pointer,M,M,,,E,False,True,,,-1.5625,0.25,3.0384510986954667,,M Z Q,Z,,False,,-0.158203125,0.4605315029621124,,
train-015642-d231c1cbe0efdf6b,1,3,train,15146100103220027243,pointer,M,A,,,E,False,True,,,-1.9375,0.0625,2.910455019240703,,A Q M,Z,,False,,-0.01513671875,0.4962158799171448,,
train-015642-d231c1cbe0efdf6b,1,4,train,15146100103220027243,pointer,M,F,,,E,False,True,,,-3.46875,0.5625,2.0991224695791715,,F J H,B,,False,,0.07568359375,0.5189118981361389,,
train-015642-d231c1cbe0efdf6b,1,5,train,15146100103220027243,pointer,M,Q,,,E,False,True,,,-3.59375,2.0,1.2964674063507962,,Q F J,W,,False,,0.126953125,0.5316957235336304,,
train-015642-d231c1cbe0efdf6b,1,6,train,15146100103220027243,pointer,M,Q,,,E,False,True,,,-3.75,2.0,1.3152961868565853,,Q T A,W,,False,,0.1455078125,0.5363128781318665,,
train-015642-d231c1cbe0efdf6b,1,7,train,15146100103220027243,pointer,M,Q,,,E,False,True,,,-2.5625,0.9375,2.1802269206756253,,Q I A,Q,,True,,0.146484375,0.5365557670593262,,
train-015642-d231c1cbe0efdf6b,1,8,train,15146100103220027243,pointer,M,V,,,E,False,True,,,-3.0625,0.625,1.8721126064291074,,V I B,W,,False,,0.154296875,0.5384978652000427,,
train-015642-d231c1cbe0efdf6b,1,9,train,15146100103220027243,pointer,M,V,,,E,False,True,,,-3.0625,0.875,1.9246798532222529,,V I B,W,,False,,0.150390625,0.5375269651412964,,
train-015642-d231c1cbe0efdf6b,1,10,train,15146100103220027243,pointer,M,V,,,E,False,True,,,-2.84375,1.125,2.1018166195776895,,V I J,W,,False,,0.150390625,0.5375269651412964,,
train-015642-d231c1cbe0efdf6b,1,11,train,15146100103220027243,pointer,M,V,,,E,False,True,,,-2.40625,0.5625,2.3733429321322728,,V J I,W,,False,,0.15625,0.5389832258224487,,
train-015642-d231c1cbe0efdf6b,1,12,train,15146100103220027243,pointer,M,J,,,E,False,True,,,-2.3125,0.4375,2.4840110813569742,,J P V,W,,False,,0.1689453125,0.5421361327171326,,
train-028585-3f6604f1450c38de,2,1,train,4568344306306005214,pointer,T,T,R,False,K,False,False,2.3960373401641846,-0.0625,-1.3125,0.0625,3.124976987691729,2,T R A,Z,False,False,3.153179407119751,-0.31640625,0.42155182361602783,False,0.5474063158035278
train-028585-3f6604f1450c38de,2,2,train,4568344306306005214,pointer,T,T,K,False,K,False,False,4.06186580657959,-2.125,-2.125,0.4375,3.014233225457463,19,T Z A,Z,False,False,2.977030038833618,-0.185546875,0.45374593138694763,True,0.790217936038971
train-028585-3f6604f1450c38de,2,3,train,4568344306306005214,pointer,T,T,,,K,False,True,,,-2.75,1.0625,2.720681527831708,,T H Q,Z,,False,,-0.038330078125,0.4904186427593231,,
train-028585-3f6604f1450c38de,2,4,train,4568344306306005214,pointer,T,Q,,,K,False,True,,,-4.90625,0.625,2.7006252386736853,,Q H P,Z,,False,,0.046142578125,0.5115336179733276,,
train-028585-3f6604f1450c38de,2,5,train,4568344306306005214,pointer,T,P,,,K,False,True,,,-4.875,0.125,2.6701896505983043,,P Q J,Q,,False,,0.0859375,0.5214711427688599,,
train-028585-3f6604f1450c38de,2,6,train,4568344306306005214,pointer,T,Q,,,K,False,True,,,-5.28125,0.3125,2.512449459880151,,Q T X,Q,,True,,0.11474609375,0.5286551117897034,,
train-028585-3f6604f1450c38de,2,7,train,4568344306306005214,pointer,T,V,,,K,False,True,,,-5.375,0.8125,2.53486951300893,,V T X,Q,,False,,0.126953125,0.5316957235336304,,
train-028585-3f6604f1450c38de,2,8,train,4568344306306005214,pointer,T,V,,,K,False,True,,,-6.0,1.6875,2.2836929256032965,,V X T,Q,,False,,0.11767578125,0.5293850302696228,,
train-028585-3f6604f1450c38de,2,9,train,4568344306306005214,pointer,T,V,,,K,False,True,,,-5.65625,1.3125,2.4259611723176535,,V D W,Q,,False,,0.10498046875,0.5262210369110107,,
train-028585-3f6604f1450c38de,2,10,train,4568344306306005214,pointer,T,V,,,K,False,True,,,-5.28125,0.9375,2.5641978318017777,,V D X,W,,False,,0.1005859375,0.5251253247261047,,
train-028585-3f6604f1450c38de,2,11,train,4568344306306005214,pointer,T,V,,,K,False,True,,,-5.15625,0.625,2.567867068085737,,V X D,W,,False,,0.10498046875,0.5262210369110107,,
train-028585-3f6604f1450c38de,2,12,train,4568344306306005214,pointer,T,V,,,K,False,True,,,-5.09375,0.125,2.5375998844499636,,V X S,W,,False,,0.115234375,0.5287767648696899,,
train-002378-c2ee5efb159808df,3,1,train,14046268720307243231,pointer,J,B,B,True,F,False,False,1.7826656103134155,0.3125,-2.1875,0.3125,2.874334803132907,1,B L K,Z,False,False,3.0567219257354736,-0.3125,0.42250463366508484,False,0.5490548610687256
train-002378-c2ee5efb159808df,3,2,train,14046268720307243231,pointer,J,R,Y,False,F,False,False,3.3728690147399902,-1.0625,-1.0625,0.0625,3.066526876378698,13,R Q J,Z,False,False,3.2558906078338623,-0.1572265625,0.46077415347099304,False,0.6176207661628723
train-002378-c2ee5efb159808df,3,3,train,14046268720307243231,pointer,J,J,F,False,F,False,False,4.932458400726318,-4.5625,-4.5625,2.5,1.467212353947843,12,J H Q,B,False,False,2.9719200134277344,-0.0250244140625,0.49374425411224365,True,0.7057376503944397
train-002378-c2ee5efb159808df,3,4,train,14046268720307243231,pointer,J,J,,,F,False,True,,,-2.3125,0.75,2.0817407420092056,,J Q H,B,,False,,0.06787109375,0.5169612765312195,,
train-002378-c2ee5efb159808df,3,5,train,14046268720307243231,pointer,J,Q,,,F,False,True,,,-3.84375,1.125,1.4876902508948493,,Q J A,B,,False,,0.10986328125,0.527438223361969,,
train-002378-c2ee5efb159808df,3,6,train,14046268720307243231,pointer,J,Q,,,F,False,True,,,-6.1875,2.4375,0.8539872051210269,,Q J M,W,,False,,0.1337890625,0.5333974361419678,,
train-002378-c2ee5efb159808df,3,7,train,14046268720307243231,pointer,J,Q,,,F,False,True,,,-5.53125,1.1875,1.4422900049345564,,Q J I,W,,False,,0.14453125,0.5360700488090515,,
train-002378-c2ee5efb159808df,3,8,train,14046268720307243231,pointer,J,J,,,F,False,True,,,-3.84375,0.6875,1.978120163937741,,J Q I,W,,False,,0.1630859375,0.5406813621520996,,
train-002378-c2ee5efb159808df,3,9,train,14046268720307243231,pointer,J,J,,,F,False,True,,,-2.1875,0.1875,2.3023464496866923,,J C I,W,,False,,0.181640625,0.545285701751709,,
train-002378-c2ee5efb159808df,3,10,train,14046268720307243231,pointer,J,C,,,F,False,True,,,-1.375,0.9375,2.4463331056799014,,C J H,W,,False,,0.1962890625,0.5489152669906616,,
train-002378-c2ee5efb159808df,3,11,train,14046268720307243231,pointer,J,F,,,F,True,True,,,0.0625,0.0625,2.292303461784184,,F C H,W,,False,,0.208984375,0.5520567893981934,,
train-002378-c2ee5efb159808df,3,12,train,14046268720307243231,pointer,J,F,,,F,True,True,,,1.3125,1.3125,1.8216420469920935,,F H C,W,,False,,0.2216796875,0.555194079875946,,
train-016086-7de91ce81b5ccfe6,4,1,train,9072814707531632614,pointer,W,B,B,True,U,False,False,1.8736748695373535,0.125,-3.25,0.125,2.951366049435795,1,B W Z,Z,False,False,2.885836124420166,-0.310546875,0.42298123240470886,False,0.5498805046081543
train-016086-7de91ce81b5ccfe6,4,2,train,9072814707531632614,pointer,W,W,J,False,U,False,False,4.538203716278076,-3.3125,-4.0625,1.3125,2.7271479720416956,22,W Q Z,Z,False,False,3.7273643016815186,-0.1875,0.4532618522644043,False,0.6037852764129639
train-016086-7de91ce81b5ccfe6,4,3,train,9072814707531632614,pointer,W,Q,M,False,U,False,False,4.423922538757324,-2.625,-5.1875,0.0625,2.8056499502137857,21,Q W Z,Z,False,False,3.0958499908447266,-0.0771484375,0.4807223975658417,False,0.6553167700767517
train-016086-7de91ce81b5ccfe6,4,4,train,9072814707531632614,pointer,W,Q,U,False,U,False,False,7.250802040100098,-6.4375,-6.4375,1.5,2.1936705750700995,26,Q H J,Z,False,False,3.2928428649902344,0.003204345703125,0.5008010864257812,True,0.6915463209152222
train-016086-7de91ce81b5ccfe6,4,5,train,9072814707531632614,pointer,W,Q,,,U,False,True,,,-6.375,1.5625,2.3150121248854827,,Q E A,B,,False,,0.0537109375,0.5134245157241821,,
train-016086-7de91ce81b5ccfe6,4,6,train,9072814707531632614,pointer,W,Q,,,U,False,True,,,-5.625,0.875,2.6867791469288043,,Q E B,Q,,True,,0.09716796875,0.5242729187011719,,
train-016086-7de91ce81b5ccfe6,4,7,train,9072814707531632614,pointer,W,E,,,U,False,True,,,-4.96875,0.0625,2.89489478815824,,E Q B,P,,False,,0.1259765625,0.5314525961875916,,
train-016086-7de91ce81b5ccfe6,4,8,train,9072814707531632614,pointer,W,B,,,U,False,True,,,-5.03125,0.0,2.844066581741672,,B E P,Q,,False,,0.1494140625,0.5372841358184814,,
train-016086-7de91ce81b5ccfe6,4,9,train,9072814707531632614,pointer,W,P,,,U,False,True,,,-5.25,0.125,2.6915973979187875,,P B E,Q,,False,,0.169921875,0.5423785448074341,,
train-016086-7de91ce81b5ccfe6,4,10,train,9072814707531632614,pointer,W,P,,,U,False,True,,,-5.375,0.1875,2.6212719248013268,,P E B,W,,False,,0.1796875,0.5448014140129089,,
train-016086-7de91ce81b5ccfe6,4,11,train,9072814707531632614,pointer,W,R,,,U,False,True,,,-5.84375,0.125,2.5650683367422102,,R E J,W,,False,,0.1767578125,0.5440747737884521,,
train-016086-7de91ce81b5ccfe6,4,12,train,9072814707531632614,pointer,W,J,,,U,False,True,,,-7.359375,0.1875,2.2964244048564058,,J R E,W,,False,,0.1689453125,0.5421361327171326,,
train-019318-c12f5dafacec505e,5,1,train,13920447982327320670,pointer,V,S,P,False,X,False,False,2.38380765914917,-0.1875,-2.3125,0.1875,3.068856277506183,2,S P C,Z,False,False,3.100332021713257,-0.291015625,0.4277552366256714,False,0.5581884980201721
train-019318-c12f5dafacec505e,5,2,train,13920447982327320670,pointer,V,Q,B,False,X,False,False,3.7316479682922363,-1.5625,-2.625,0.375,3.065864815666786,17,Q F P,Z,False,False,2.9620819091796875,-0.1484375,0.46295860409736633,False,0.6216801404953003
train-019318-c12f5dafacec505e,5,3,train,13920447982327320670,pointer,V,V,D,False,X,False,False,4.521787643432617,-2.875,-3.25,0.375,2.7999792293135126,19,V Q F,B,False,False,3.631589412689209,-0.0194091796875,0.49514785408973694,False,0.6834896802902222
train-019318-c12f5dafacec505e,5,4,train,13920447982327320670,pointer,V,Q,J,False,X,False,False,1.4180023670196533,-0.375,-6.0,0.375,1.8348567239031495,2,Q J F,B,False,False,3.136742115020752,0.07568359375,0.5189118981361389,False,0.731704831123352
train-019318-c12f5dafacec505e,5,5,train,13920447982327320670,pointer,V,Q,X,False,X,False,False,5.70822811126709,-5.25,-5.25,1.375,1.3102821934356752,11,Q J F,B,False,False,3.2168431282043457,0.11572265625,0.5288984179496765,True,0.6369588971138
train-019318-c12f5dafacec505e,5,6,train,13920447982327320670,pointer,V,Q,,,X,False,True,,,-3.5,3.1875,0.6909792606559388,,Q A X,T,,False,,0.12060546875,0.5301148891448975,,
train-019318-c12f5dafacec505e,5,7,train,13920447982327320670,pointer,V,Q,,,X,False,True,,,-3.9375,3.25,0.8081198544703778,,Q M R,P,,False,,0.12353515625,0.5308445692062378,,
train-019318-c12f5dafacec505e,5,8,train,13920447982327320670,pointer,V,Q,,,X,False,True,,,-0.875,0.25,2.424594880132883,,Q M X,P,,False,,0.1630859375,0.5406813621520996,,
train-019318-c12f5dafacec505e,5,9,train,13920447982327320670,pointer,V,D,,,X,False,True,,,-0.875,0.3125,2.666931313768927,,D R E,W,,False,,0.181640625,0.545285701751709,,
train-019318-c12f5dafacec505e,5,10,train,13920447982327320670,pointer,V,D,,,X,False,True,,,-1.0,0.1875,2.5594535750658185,,D I R,W,,False,,0.181640625,0.545285701751709,,
train-019318-c12f5dafacec505e,5,11,train,13920447982327320670,pointer,V,I,,,X,False,True,,,-1.375,0.3125,2.5211890836670228,,I D R,Y,,False,,0.1708984375,0.5426208972930908,,
train-019318-c12f5dafacec505e,5,12,train,13920447982327320670,pointer,V,I,,,X,False,True,,,-1.375,0.375,2.6566008347506016,,I D R,Y,,False,,0.1611328125,0.5401962995529175,,
train-010256-0193e5dec0fb9cba,6,1,train,113687160497609914,pointer,V,Q,Q,True,Z,False,False,1.2949788570404053,1.5,-1.5,1.5,2.8504790021892923,1,Q Z T,Z,False,False,3.050710678100586,-0.302734375,0.4248892068862915,False,0.5531925559043884
train-010256-0193e5dec0fb9cba,6,2,train,113687160497609914,pointer,V,Q,B,False,Z,False,False,3.227329969406128,-1.375,-0.3125,0.3125,2.9176884662530562,9,Q Z V,Z,False,False,2.9232308864593506,-0.1611328125,0.4598037302494049,False,0.6158227324485779
train-010256-0193e5dec0fb9cba,6,3,train,113687160497609914,pointer,V,Q,F,False,Z,False,False,2.294443130493164,-0.25,-0.75,0.0,2.891110816785646,3,Q V F,B,False,False,3.0593252182006836,-0.037109375,0.49072372913360596,False,0.6747646331787109
train-010256-0193e5dec0fb9cba,6,4,train,113687160497609914,pointer,V,Q,K,False,Z,False,False,7.438897609710693,-6.65625,-4.78125,0.8125,1.837689733130474,25,Q H F,B,False,False,2.9536869525909424,0.057373046875,0.5143393278121948,False,0.7222450971603394
train-010256-0193e5dec0fb9cba,6,5,train,113687160497609914,pointer,V,Q,W,False,Z,False,False,6.8997883796691895,-6.46875,-6.0,2.0625,1.4943755990352805,24,Q J I,W,True,False,2.5624871253967285,0.1123046875,0.528046727180481,False,0.7508752942085266
train-010256-0193e5dec0fb9cba,6,6,train,113687160497609914,pointer,V,Q,Z,False,Z,False,False,6.9064412117004395,-6.75,-6.75,3.625,0.7837330403080548,20,Q A I,W,False,False,3.0107829570770264,0.1318359375,0.5329113006591797,True,0.6294001936912537
train-010256-0193e5dec0fb9cba,6,7,train,113687160497609914,pointer,V,Q,,,Z,False,True,,,-4.78125,1.9375,2.0203204642742776,,Q A I,P,,False,,0.146484375,0.5365557670593262,,
train-010256-0193e5dec0fb9cba,6,8,train,113687160497609914,pointer,V,V,,,Z,False,True,,,-4.53125,0.375,2.640155135382954,,V Q E,W,,False,,0.1591796875,0.5397111177444458,,
train-010256-0193e5dec0fb9cba,6,9,train,113687160497609914,pointer,V,V,,,Z,False,True,,,-6.15625,0.6875,2.285301940191271,,V J I,W,,False,,0.177734375,0.5443170070648193,,
train-010256-0193e5dec0fb9cba,6,10,train,113687160497609914,pointer,V,V,,,Z,False,True,,,-6.5,0.875,2.2138893049206296,,V J I,W,,False,,0.17578125,0.543832540512085,,
train-010256-0193e5dec0fb9cba,6,11,train,113687160497609914,pointer,V,V,,,Z,False,True,,,-5.984375,0.3125,2.37907142044635,,V D I,W,,False,,0.1630859375,0.5406813621520996,,
train-010256-0193e5dec0fb9cba,6,12,train,113687160497609914,pointer,V,J,,,Z,False,True,,,-6.09375,0.25,2.3895775701529267,,J D I,W,,False,,0.154296875,0.5384978652000427,,
train-021156-e914cb09a14d891e,8,1,train,16795272152592779550,pointer,M,Y,J,False,R,False,False,3.406637668609619,-0.875,-0.5,0.0625,3.1367405615360484,12,Y A M,Z,False,False,4.077568054199219,-0.3046875,0.42441198229789734,False,0.5523631572723389
train-021156-e914cb09a14d891e,8,2,train,16795272152592779550,pointer,M,M,T,False,R,False,False,3.4480998516082764,-1.5,-0.6875,0.5,3.0508781452579754,13,M Z R,Z,False,False,3.4276599884033203,-0.15234375,0.46198758482933044,False,0.619873583316803
train-021156-e914cb09a14d891e,8,3,train,16795272152592779550,pointer,M,Q,G,False,R,False,False,4.020473480224609,-2.375,-3.4375,0.125,2.6515429992379462,14,Q M H,Z,False,False,3.0058913230895996,-0.0167236328125,0.49581918120384216,False,0.684820294380188
train-021156-e914cb09a14d891e,8,4,train,16795272152592779550,pointer,M,Q,S,False,R,False,False,5.2634077072143555,-3.6875,-4.15625,0.25,2.5198969474348685,20,Q H F,Z,False,False,3.0879809856414795,0.06396484375,0.5159857273101807,False,0.7256409525871277
train-021156-e914cb09a14d891e,8,5,train,16795272152592779550,pointer,M,Q,D,False,R,False,False,5.340206623077393,-4.28125,-4.875,1.0625,2.2419745571375933,16,Q A J,W,False,False,3.565059185028076,0.1201171875,0.5299932360649109,False,0.7550082206726074
train-021156-e914cb09a14d891e,8,6,train,16795272152592779550,pointer,M,Q,E,False,R,False,False,2.5396196842193604,-1.1875,-4.1875,0.4375,2.3828116852427788,5,Q A M,W,False,False,3.3181002140045166,0.16015625,0.5399536490440369,False,0.7764281034469604
train-021156-e914cb09a14d891e,8,7,train,16795272152592779550,pointer,M,I,W,False,R,False,False,5.0795698165893555,-3.40625,-2.65625,0.375,2.5835498534655286,18,I A V,W,True,False,2.4964599609375,0.17578125,0.543832540512085,False,0.7848952412605286
train-021156-e914cb09a14d891e,8,8,train,16795272152592779550,pointer,M,I,R,False,R,False,False,3.533428192138672,-2.1875,-2.1875,0.4375,2.4927300593734794,11,I V B,W,False,False,4.196043014526367,0.177734375,0.5443170070648193,True,0.6082234978675842
train-021156-e914cb09a14d891e,8,9,train,16795272152592779550,pointer,M,I,,,R,False,True,,,-1.5,0.0,2.435403685028712,,I V P,W,,False,,0.177734375,0.5443170070648193,,
train-021156-e914cb09a14d891e,8,10,train,16795272152592779550,pointer,M,V,,,R,False,True,,,-1.4375,0.5,2.383139896218077,,V P I,W,,False,,0.1865234375,0.5464961528778076,,
train-021156-e914cb09a14d891e,8,11,train,16795272152592779550,pointer,M,V,,,R,False,True,,,-1.375,0.125,2.3848685152474385,,V P I,W,,False,,0.19921875,0.5496405959129333,,
train-021156-e914cb09a14d891e,8,12,train,16795272152592779550,pointer,M,P,,,R,False,True,,,-1.5625,0.4375,2.4027883065779614,,P V J,W,,False,,0.212890625,0.553022563457489,,
train-001303-fd214e8dbbeeda20,10,1,train,18239946336477567520,pointer,H,R,C,False,C,False,False,3.436643600463867,-1.8125,-1.8125,0.875,2.932272106598268,9,R Q M,Z,False,False,3.4106976985931396,-0.314453125,0.42202815413475037,False,0.5482301115989685
train-001303-fd214e8dbbeeda20,10,2,train,18239946336477567520,pointer,H,R,Z,False,C,False,False,2.588273048400879,-0.6875,-1.75,0.375,2.9814237264913164,4,R Q E,Z,True,False,2.38246488571167,-0.1708984375,0.4573790431022644,False,0.6113443374633789
train-001303-fd214e8dbbeeda20,10,3,train,18239946336477567520,pointer,H,H,R,False,C,False,False,5.520486354827881,-4.75,-2.875,1.1875,2.0272413165358123,20,H Q J,Z,False,False,3.912597894668579,-0.0230712890625,0.4942324161529541,False,0.681678056716919
train-001303-fd214e8dbbeeda20,10,4,train,18239946336477567520,pointer,H,Q,C,False,C,False,False,3.2790937423706055,-2.0,-2.0,0.5,2.328259761005496,6,Q J H,W,False,False,3.9293909072875977,0.0791015625,0.5197650790214539,False,0.733479917049408
train-001303-fd214e8dbbeeda20,10,5,train,18239946336477567520,pointer,H,Q,Z,False,C,False,False,6.042552471160889,-5.5,-5.375,2.0625,1.7289942082294152,22,Q J E,B,False,False,2.795844316482544,0.13671875,0.5341265201568604,False,0.7638412714004517
train-001303-fd214e8dbbeeda20,10,6,train,18239946336477567520,pointer,H,Q,R,False,C,False,False,4.0959625244140625,-3.59375,-5.875,1.875,1.6405502884145224,9,Q E J,T,False,False,4.12337589263916,0.1728515625,0.5431056022644043,False,0.7833030223846436
train-001303-fd214e8dbbeeda20,10,7,train,18239946336477567520,pointer,H,I,C,False,C,False,False,4.862189292907715,-3.375,-3.375,0.375,2.386683116933308,14,I J Q,W,False,False,4.323267936706543,0.2041015625,0.5508489608764648,False,0.8003961443901062
train-001303-fd214e8dbbeeda20,10,8,train,18239946336477567520,pointer,H,I,Z,False,C,False,False,7.424618721008301,-6.03125,-0.75,0.375,2.3210161617312,25,I R A,W,False,False,3.2240958213806152,0.2041015625,0.5508489608764648,False,0.8003961443901062
train-001303-fd214e8dbbeeda20,10,9,train,18239946336477567520,pointer,H,R,R,True,C,False,False,1.3267486095428467,0.0625,-0.0625,0.0625,2.293142211663915,1,R C A,W,False,False,4.066442489624023,0.19921875,0.5496405959129333,False,0.7977094054222107
train-001303-fd214e8dbbeeda20,10,10,train,18239946336477567520,pointer,H,T,C,False,C,False,False,1.6188923120498657,-0.3125,-0.3125,0.3125,2.3399734639081458,2,T C N,W,False,False,4.791626453399658,0.203125,0.5506073832511902,True,0.5967333316802979
train-001303-fd214e8dbbeeda20,10,11,train,18239946336477567520,pointer,H,T,,,C,False,True,,,-0.59375,0.03125,2.3902677572626057,,T L C,Y,,False,,0.2109375,0.5525397062301636,,
train-001303-fd214e8dbbeeda20,10,12,train,18239946336477567520,pointer,H,L,,,C,False,True,,,-1.21875,0.59375,2.4308084022447427,,L T B,Y,,False,,0.220703125,0.5549529194831848,,
train-002996-f0560e0587b8eb9f,12,1,train,17318044834014489503,pointer,R,B,W,False,Z,False,False,3.184007167816162,-0.75,-0.8125,0.0,3.1352006906611836,9,B Q M,Z,False,False,4.053845405578613,-0.314453125,0.42202815413475037,False,0.5482301115989685
train-002996-f0560e0587b8eb9f,12,2,train,17318044834014489503,pointer,R,R,D,False,Z,False,False,3.4139204025268555,-1.5,-0.625,0.625,3.0670244415610903,12,R Z Q,Z,False,False,3.704680919647217,-0.16796875,0.45810630917549133,False,0.6126853227615356
train-002996-f0560e0587b8eb9f,12,3,train,17318044834014489503,pointer,R,Q,G,False,Z,False,False,4.285661697387695,-2.5625,-0.75,0.0,2.7677424507281736,18,Q R Z,Z,False,False,2.884512424468994,-0.018798828125,0.49530041217803955,False,0.6837919354438782
train-002996-f0560e0587b8eb9f,12,4,train,17318044834014489503,pointer,R,Q,Q,True,Z,False,False,0.6781411170959473,1.5,-4.4375,1.5,1.9403610172833472,1,Q I J,Z,False,False,2.8578076362609863,0.0732421875,0.5183023810386658,False,0.7304386496543884
train-002996-f0560e0587b8eb9f,12,5,train,17318044834014489503,pointer,R,Q,C,False,Z,False,False,7.361861705780029,-7.21875,-6.875,3.4375,0.7254104892808262,18,Q J V,W,False,False,4.070969104766846,0.11328125,0.5282900333404541,False,0.7513910531997681
train-002996-f0560e0587b8eb9f,12,6,train,17318044834014489503,pointer,R,Q,K,False,Z,False,False,9.072086334228516,-8.90625,-6.8125,3.6875,0.825937459795138,26,Q I R,Q,False,True,3.252366542816162,0.126953125,0.5316957235336304,False,0.758637011051178
train-002996-f0560e0587b8eb9f,12,7,train,17318044834014489503,pointer,R,Q,J,False,Z,False,False,3.0811610221862793,-1.875,-5.9375,0.375,2.2479387311260735,7,Q I V,W,False,False,2.9969992637634277,0.1416015625,0.5353413820266724,False,0.7664522528648376
train-002996-f0560e0587b8eb9f,12,8,train,17318044834014489503,pointer,R,R,T,False,Z,False,False,4.414146900177002,-3.40625,-6.4375,0.875,2.1072377631718093,13,R I C,W,False,False,3.202143907546997,0.1484375,0.5370413661003113,False,0.7701176404953003
train-002996-f0560e0587b8eb9f,12,9,train,17318044834014489503,pointer,R,C,O,False,Z,False,False,5.625715732574463,-4.5625,-5.25,0.0625,1.9628702475411066,19,C R H,W,False,False,3.4307281970977783,0.14453125,0.5360700488090515,False,0.7680217027664185
train-002996-f0560e0587b8eb9f,12,10,train,17318044834014489503,pointer,R,C,I,False,Z,False,False,5.432652950286865,-4.375,-4.375,0.9375,2.2688274624964695,18,C T H,W,False,False,4.2188591957092285,0.140625,0.5350984334945679,False,0.7659295797348022
train-002996-f0560e0587b8eb9f,12,11,train,17318044834014489503,pointer,R,C,P,False,Z,False,False,3.6775810718536377,-2.40625,-3.90625,0.34375,2.25361574534942,9,C T F,Y,False,False,2.8598663806915283,0.1396484375,0.5348554849624634,False,0.765407145023346
train-002996-f0560e0587b8eb9f,12,12,train,17318044834014489503,pointer,R,C,Z,False,Z,False,False,5.0352959632873535,-3.53125,-3.53125,0.125,2.334726920852842,15,C T F,Y,False,False,3.521442413330078,0.1435546875,0.5358271598815918,True,0.6239436268806458
train-011475-e455092e4f2301cf,1,1,train,16453066908168815055,pointer,D,S,N,False,N,False,False,2.8465261459350586,-0.5625,-0.5625,0.125,3.0584038814563073,5,S Q P,Z,False,False,2.7125728130340576,-0.33203125,0.4177464544773102,True,0.8728805780410767
train-011475-e455092e4f2301cf,1,2,train,16453066908168815055,pointer,D,D,,,N,False,True,,,-1.875,0.4375,3.0128310311716118,,D Q A,Z,,False,,-0.154296875,0.4615021347999573,,
train-011475-e455092e4f2301cf,1,3,train,16453066908168815055,pointer,D,Q,,,N,False,True,,,-4.0625,1.125,2.3170357424793107,,Q H J,Z,,False,,-0.0216064453125,0.4945985972881317,,
train-011475-e455092e4f2301cf,1,4,train,16453066908168815055,pointer,D,Q,,,N,False,True,,,-6.25,1.0625,2.1095994445381425,,Q H J,Z,,False,,0.06591796875,0.5164735317230225,,
train-011475-e455092e4f2301cf,1,5,train,16453066908168815055,pointer,D,Q,,,N,False,True,,,-7.125,0.6875,1.6774727738465052,,Q J E,Z,,False,,0.1337890625,0.5333974361419678,,
train-011475-e455092e4f2301cf,1,6,train,16453066908168815055,pointer,D,Q,,,N,False,True,,,-6.125,0.8125,1.7846297463632823,,Q J E,W,,False,,0.173828125,0.543347954750061,,
train-011475-e455092e4f2301cf,1,7,train,16453066908168815055,pointer,D,Q,,,N,False,True,,,-4.0,0.0625,2.4645740090229946,,Q J E,W,,False,,0.19140625,0.5477060079574585,,
train-011475-e455092e4f2301cf,1,8,train,16453066908168815055,pointer,D,V,,,N,False,True,,,-3.59375,0.0625,2.4471453032033406,,V R E,W,,False,,0.19140625,0.5477060079574585,,
train-011475-e455092e4f2301cf,1,9,train,16453066908168815055,pointer,D,I,,,N,False,True,,,-3.71875,0.125,2.337584187289001,,I R E,W,,False,,0.1826171875,0.5455278754234314,,
train-011475-e455092e4f2301cf,1,10,train,16453066908168815055,pointer,D,I,,,N,False,True,,,-3.84375,0.375,2.2629509710964384,,I R E,W,,False,,0.173828125,0.543347954750061,,
train-011475-e455092e4f2301cf,1,11,train,16453066908168815055,pointer,D,I,,,N,False,True,,,-3.71875,0.5625,2.2856232063819317,,I R E,W,,False,,0.16796875,0.541893720626831,,
train-011475-e455092e4f2301cf,1,12,train,16453066908168815055,pointer,D,I,,,N,False,True,,,-3.4375,0.5625,2.392881052816404,,I R P,W,,False,,0.162109375,0.5404388308525085,,
train-026488-25c07310c4572ad5,2,1,train,2720300690782497493,pointer,V,Z,C,False,O,False,False,3.4187400341033936,-1.3125,-1.625,0.125,3.0857076984686214,12,Z S Q,Z,False,True,3.4871182441711426,-0.30078125,0.42536652088165283,False,0.5540228486061096
train-026488-25c07310c4572ad5,2,2,train,2720300690782497493,pointer,V,Q,O,False,O,False,False,4.856076717376709,-2.5,-2.5,0.125,3.1043889150256976,26,Q Z S,Z,False,False,2.9700100421905518,-0.142578125,0.4644157588481903,True,0.7669751644134521
train-026488-25c07310c4572ad5,2,3,train,2720300690782497493,pointer,V,V,,,O,False,True,,,-3.5625,0.1875,2.84587830408614,,V H Q,B,,False,,-0.0140380859375,0.4964905381202698,,
train-026488-25c07310c4572ad5,2,4,train,2720300690782497493,pointer,V,H,,,O,False,True,,,-3.4375,0.5625,2.1653043091330875,,H Q F,B,,False,,0.078125,0.5195213556289673,,
train-026488-25c07310c4572ad5,2,5,train,2720300690782497493,pointer,V,Q,,,O,False,True,,,-4.90625,1.375,1.6258515938673794,,Q J B,B,,False,,0.125,0.531209409236908,,
train-026488-25c07310c4572ad5,2,6,train,2720300690782497493,pointer,V,Q,,,O,False,True,,,-5.125,2.6875,1.160850159207856,,Q A M,T,,False,,0.150390625,0.5375269651412964,,
train-026488-25c07310c4572ad5,2,7,train,2720300690782497493,pointer,V,Q,,,O,False,True,,,-3.28125,0.5625,2.345284587171677,,Q V A,W,,False,,0.162109375,0.5404388308525085,,
train-026488-25c07310c4572ad5,2,8,train,2720300690782497493,pointer,V,V,,,O,False,True,,,-3.15625,0.5625,2.2157798224380625,,V I R,W,,False,,0.1650390625,0.541166365146637,,
train-026488-25c07310c4572ad5,2,9,train,2720300690782497493,pointer,V,I,,,O,False,True,,,-3.0625,0.1875,2.1555906622385956,,I R V,W,,False,,0.15234375,0.5380124449729919,,
train-026488-25c07310c4572ad5,2,10,train,2720300690782497493,pointer,V,R,,,O,False,True,,,-3.53125,0.0625,2.118520559191278,,R I V,W,,False,,0.1416015625,0.5353413820266724,,
train-026488-25c07310c4572ad5,2,11,train,2720300690782497493,pointer,V,R,,,O,False,True,,,-3.84375,0.125,2.146416196709397,,R I C,W,,False,,0.138671875,0.5346124768257141,,
train-026488-25c07310c4572ad5,2,12,train,2720300690782497493,pointer,V,R,,,O,False,True,,,-4.03125,0.375,2.202589127417949,,R C I,W,,False,,0.142578125,0.5355842709541321,,
train-018632-67d576e62d08797d,3,1,train,7482017086916032893,pointer,Y,Q,E,False,G,False,False,4.185389995574951,-2.5,-3.4375,0.0625,2.5843151411127807,11,Q O R,Z,False,False,3.1016087532043457,-0.29296875,0.42727720737457275,False,0.5573534965515137
train-018632-67d576e62d08797d,3,2,train,7482017086916032893,pointer,Y,Z,D,False,G,False,False,3.858427047729492,-2.125,-2.5,0.125,2.80813726016972,13,Z Q R,Z,False,True,3.7830331325531006,-0.1376953125,0.465630441904068,False,0.6266676783561707
train-018632-67d576e62d08797d,3,3,train,7482017086916032893,pointer,Y,Y,G,False,G,False,False,4.5946855545043945,-3.8125,-3.8125,1.4375,2.1904421736995023,18,Y Q Z,Z,False,False,2.7602336406707764,0.00016021728515625,0.5000400543212891,True,0.6930670738220215
train-018632-67d576e62d08797d,3,4,train,7482017086916032893,pointer,Y,Q,,,G,False,True,,,-3.09375,0.25,2.4808376087051833,,Q H J,Z,,False,,0.08740234375,0.5218366980552673,,
train-018632-67d576e62d08797d,3,5,train,7482017086916032893,pointer,Y,Q,,,G,False,True,,,-4.375,2.0625,1.7290683292490465,,Q J H,Q,,True,,0.126953125,0.5316957235336304,,
train-018632-67d576e62d08797d,3,6,train,7482017086916032893,pointer,Y,Q,,,G,False,True,,,-4.09375,1.5625,1.9739823765468971,,Q J I,Q,,True,,0.1416015625,0.5353413820266724,,
train-018632-67d576e62d08797d,3,7,train,7482017086916032893,pointer,Y,I,,,G,False,True,,,-4.65625,1.3125,1.8534529887195368,,I Q J,W,,False,,0.1357421875,0.5338835716247559,,
train-018632-67d576e62d08797d,3,8,train,7482017086916032893,pointer,Y,I,,,G,False,True,,,-5.375,2.625,1.2370368016076982,,I J Q,W,,False,,0.12255859375,0.5306013822555542,,
train-018632-67d576e62d08797d,3,9,train,7482017086916032893,pointer,Y,I,,,G,False,True,,,-4.28125,1.5625,1.8754402779591355,,I J Q,W,,False,,0.11669921875,0.5291417241096497,,
train-018632-67d576e62d08797d,3,10,train,7482017086916032893,pointer,Y,I,,,G,False,True,,,-3.0,0.0625,2.3873837140337426,,I J Q,W,,False,,0.12060546875,0.5301148891448975,,
train-018632-67d576e62d08797d,3,11,train,7482017086916032893,pointer,Y,J,,,G,False,True,,,-3.125,1.125,2.466731545888659,,J C R,W,,False,,0.1328125,0.5331544280052185,,
train-018632-67d576e62d08797d,3,12,train,7482017086916032893,pointer,Y,C,,,G,False,True,,,-2.59375,0.3125,2.6887098433132848,,C J H,Q,,False,,0.1455078125,0.5363128781318665,,
train-032574-a1752cdb7c3395bf,4,1,train,11634254533574759871,pointer,Z,Y,B,False,S,False,False,2.665367603302002,-0.625,-1.25,0.125,2.9791350480975365,4,Y K Q,Z,False,False,2.9807281494140625,-0.283203125,0.4296686351299286,False,0.5615378022193909
train-032574-a1752cdb7c3395bf,4,2,train,11634254533574759871,pointer,Z,Z,V,False,S,False,False,3.2736198902130127,-1.25,-1.25,0.3125,3.0675319151785936,8,Z Q Y,Z,False,True,4.323023796081543,-0.12109375,0.46976348757743835,False,0.6344321370124817
train-032574-a1752cdb7c3395bf,4,3,train,11634254533574759871,pointer,Z,Y,H,False,S,False,False,3.3341662883758545,-2.125,-3.4375,0.375,2.4224325915637674,5,Y Z Q,B,False,False,3.9223248958587646,0.01202392578125,0.5030059218406677,False,0.6991772055625916
train-032574-a1752cdb7c3395bf,4,4,train,11634254533574759871,pointer,Z,I,S,False,S,False,False,5.83644437789917,-4.4375,-4.4375,0.1875,2.282119960166569,21,I J Q,B,False,False,2.9731650352478027,0.0810546875,0.5202525854110718,True,0.6534408330917358
train-032574-a1752cdb7c3395bf,4,5,train,11634254533574759871,pointer,Z,Q,,,S,False,True,,,-5.75,2.3125,1.4067200155524917,,Q J B,Q,,True,,0.1181640625,0.5295066833496094,,
train-032574-a1752cdb7c3395bf,4,6,train,11634254533574759871,pointer,Z,Q,,,S,False,True,,,-4.4375,2.0625,1.9275809237253476,,Q A J,Q,,True,,0.1455078125,0.5363128781318665,,
train-032574-a1752cdb7c3395bf,4,7,train,11634254533574759871,pointer,Z,Q,,,S,False,True,,,-3.0625,0.25,2.555623805387894,,Q I A,Q,,True,,0.1591796875,0.5397111177444458,,
train-032574-a1752cdb7c3395bf,4,8,train,11634254533574759871,pointer,Z,I,,,S,False,True,,,-3.3125,1.375,2.4681293570576766,,I Q V,Q,,False,,0.162109375,0.5404388308525085,,
train-032574-a1752cdb7c3395bf,4,9,train,11634254533574759871,pointer,Z,I,,,S,False,True,,,-2.90625,1.625,2.3185409006043285,,I J V,W,,False,,0.1611328125,0.5401962995529175,,
train-032574-a1752cdb7c3395bf,4,10,train,11634254533574759871,pointer,Z,I,,,S,False,True,,,-1.8125,1.0,2.4011572045139635,,I C J,W,,False,,0.166015625,0.5414088368415833,,
train-032574-a1752cdb7c3395bf,4,11,train,11634254533574759871,pointer,Z,C,,,S,False,True,,,-1.125,0.5625,2.606170390978208,,C A I,W,,False,,0.1767578125,0.5440747737884521,,
train-032574-a1752cdb7c3395bf,4,12,train,11634254533574759871,pointer,Z,C,,,S,False,True,,,-1.71875,0.0,2.6971138399573835,,C T H,Y,,False,,0.189453125,0.5472221374511719,,
train-014071-5dc5b5981dba5e10,5,1,train,6757006480877706768,pointer,Y,Q,S,False,Q,True,False,3.301199436187744,-1.8125,1.0,1.0,2.8666991683185623,11,Q I Z,Z,False,False,3.6977858543395996,-0.30078125,0.42536652088165283,False,0.5540228486061096
train-014071-5dc5b5981dba5e10,5,2,train,6757006480877706768,pointer,Y,Z,U,False,Q,False,False,5.202390670776367,-3.625,-0.5,0.5,2.8856315810613986,26,Z Q Y,Z,False,True,3.175173044204712,-0.123046875,0.4692769944667816,False,0.6335150599479675
train-014071-5dc5b5981dba5e10,5,3,train,6757006480877706768,pointer,Y,Y,G,False,Q,False,False,4.665926933288574,-3.375,-0.625,0.625,2.575410168878561,22,Y Q J,Z,False,False,2.778872489929199,0.01544189453125,0.5038604140281677,False,0.7008979320526123
train-014071-5dc5b5981dba5e10,5,4,train,6757006480877706768,pointer,Y,J,H,False,Q,False,False,2.049621105194092,-0.75,-0.25,0.25,2.3420526863302573,3,J Q H,Z,False,False,3.7338783740997314,0.10546875,0.5263427495956421,False,0.7472714185714722
train-014071-5dc5b5981dba5e10,5,5,train,6757006480877706768,pointer,Y,Q,Q,True,Q,True,False,0.7533823847770691,0.6875,0.6875,0.6875,1.7816174199437418,1,Q J M,Z,False,False,2.7035579681396484,0.146484375,0.5365557670593262,True,0.6225848197937012
train-014071-5dc5b5981dba5e10,5,6,train,6757006480877706768,pointer,Y,Q,,,Q,True,True,,,0.25,0.25,1.7936385429427373,,Q J M,Q,,True,,0.1640625,0.5409238934516907,,
train-014071-5dc5b5981dba5e10,5,7,train,6757006480877706768,pointer,Y,Q,,,Q,True,True,,,0.125,0.125,2.1901057250576064,,Q J I,Q,,True,,0.169921875,0.5423785448074341,,
train-014071-5dc5b5981dba5e10,5,8,train,6757006480877706768,pointer,Y,I,,,Q,False,True,,,-1.3125,0.375,2.0999760300337127,,I J V,W,,False,,0.1669921875,0.5416513085365295,,
train-014071-5dc5b5981dba5e10,5,9,train,6757006480877706768,pointer,Y,I,,,Q,False,True,,,-1.4375,0.125,2.1764117631198707,,I J V,W,,False,,0.1630859375,0.5406813621520996,,
train-014071-5dc5b5981dba5e10,5,10,train,6757006480877706768,pointer,Y,J,,,Q,False,True,,,-1.5625,0.6875,2.423138316683162,,J V R,W,,False,,0.166015625,0.5414088368415833,,
train-014071-5dc5b5981dba5e10,5,11,train,6757006480877706768,pointer,Y,J,,,Q,False,True,,,-1.5625,0.0625,2.4724496073010878,,J R C,W,,False,,0.1748046875,0.5435901880264282,,
train-014071-5dc5b5981dba5e10,5,12,train,6757006480877706768,pointer,Y,H,,,Q,False,True,,,-2.59375,0.5625,2.405877086443147,,H C F,W,,False,,0.1875,0.5467381477355957,,
train-018230-909d2eb973e88a60,6,1,train,10420536486853642848,pointer,C,C,O,False,B,False,False,2.6054866313934326,-0.375,-0.6875,0.375,3.0795932764640495,3,C A O,Z,False,False,2.8924875259399414,-0.3125,0.42250463366508484,False,0.5490548610687256
train-018230-909d2eb973e88a60,6,2,train,10420536486853642848,pointer,C,C,T,False,B,False,False,3.5001049041748047,-2.125,-1.6875,0.875,2.765259186036561,11,C Z O,Z,False,False,3.4041738510131836,-0.1767578125,0.45592519640922546,False,0.6086686253547668
train-018230-909d2eb973e88a60,6,3,train,10420536486853642848,pointer,C,C,Z,False,B,False,False,2.553220748901367,-1.75,-1.875,1.625,2.2086634112202415,3,C Q Z,Z,True,False,2.527616262435913,-0.043212890625,0.4891984760761261,False,0.67177414894104
train-018230-909d2eb973e88a60,6,4,train,10420536486853642848,pointer,C,H,Y,False,B,False,False,6.700870037078857,-5.34375,-2.375,0.375,2.3072714475173584,23,H Q J,Z,False,False,3.3498644828796387,0.041015625,0.5102524757385254,False,0.7138652801513672
train-018230-909d2eb973e88a60,6,5,train,10420536486853642848,pointer,C,Q,D,False,B,False,False,5.440253257751465,-4.96875,-2.25,1.875,1.544630468321531,13,Q J B,B,False,False,3.439258575439453,0.07958984375,0.5198869705200195,False,0.7337337136268616
train-018230-909d2eb973e88a60,6,6,train,10420536486853642848,pointer,C,Q,B,False,B,False,False,3.0087335109710693,-2.6875,-2.6875,2.375,1.229585497595341,3,Q A B,B,True,False,2.625950574874878,0.09033203125,0.522567629814148,True,0.6490008234977722
train-018230-909d2eb973e88a60,6,7,train,10420536486853642848,pointer,C,Q,,,B,False,True,,,-4.1875,3.1875,1.0385863124279042,,Q J I,B,,False,,0.10205078125,0.5254905819892883,,
train-018230-909d2eb973e88a60,6,8,train,10420536486853642848,pointer,C,Q,,,B,False,True,,,-3.375,2.0625,1.7573908668648677,,Q J I,Q,,True,,0.1064453125,0.5265862345695496,,
train-018230-909d2eb973e88a60,6,9,train,10420536486853642848,pointer,C,J,,,B,False,True,,,-2.1875,0.125,2.372073976004509,,J Q V,W,,False,,0.11962890625,0.5298715829849243,,
train-018230-909d2eb973e88a60,6,10,train,10420536486853642848,pointer,C,J,,,B,False,True,,,-2.9375,0.3125,2.1060003947895978,,J V I,W,,False,,0.1328125,0.5331544280052185,,
train-018230-909d2eb973e88a60,6,11,train,10420536486853642848,pointer,C,J,,,B,False,True,,,-2.6875,0.8125,2.0781851144490475,,J R V,W,,False,,0.1416015625,0.5353413820266724,,
train-018230-909d2eb973e88a60,6,12,train,10420536486853642848,pointer,C,J,,,B,False,True,,,-2.3125,0.625,2.086366864137666,,J R C,W,,False,,0.14453125,0.5360700488090515,,
train-019860-bdb691eb438723a7,8,1,train,13670274158565991335,pointer,S,S,O,False,W,False,False,3.2145071029663086,-0.625,-0.75,0.0625,3.155060207664707,10,S Q Z,Z,False,False,2.8231163024902344,-0.310546875,0.42298123240470886,False,0.5498805046081543
train-019860-bdb691eb438723a7,8,2,train,13670274158565991335,pointer,S,S,E,False,W,False,False,3.3063297271728516,-1.125,-1.375,0.1875,3.057284286444398,9,S R T,Z,False,False,3.3788352012634277,-0.1552734375,0.4612594246864319,False,0.6185211539268494
train-019860-bdb691eb438723a7,8,3,train,13670274158565991335,pointer,S,Q,K,False,W,False,False,6.231442451477051,-4.75,-4.5,0.375,2.614517741878755,25,Q S H,Z,False,False,2.858452081680298,-0.0242919921875,0.4939272701740265,False,0.6810749173164368
train-019860-bdb691eb438723a7,8,4,train,13670274158565991335,pointer,S,Q,M,False,W,False,False,4.298117637634277,-3.0625,-7.265625,0.3125,2.365979132305017,15,Q H I,Z,False,False,3.329322338104248,0.045166015625,0.5112895965576172,False,0.715985119342804
train-019860-bdb691eb438723a7,8,5,train,13670274158565991335,pointer,S,Q,B,False,W,False,False,4.112850189208984,-3.6875,-7.5625,1.875,1.5273094822797548,7,Q E T,Z,False,False,3.184563398361206,0.0888671875,0.52220219373703,False,0.7385676503181458
train-019860-bdb691eb438723a7,8,6,train,13670274158565991335,pointer,S,Q,J,False,W,False,False,4.065328598022461,-3.125,-5.03125,0.9375,2.177167925481565,10,Q T E,Q,False,True,2.939255475997925,0.12158203125,0.5303581357002258,False,0.755784809589386
train-019860-bdb691eb438723a7,8,7,train,13670274158565991335,pointer,S,V,Z,False,W,False,False,4.0045037269592285,-2.875,-4.21875,0.4375,2.177196404918758,9,V T Y,W,False,False,2.8785576820373535,0.1396484375,0.5348554849624634,False,0.765407145023346
train-019860-bdb691eb438723a7,8,8,train,13670274158565991335,pointer,S,S,W,False,W,False,False,4.492493152618408,-3.1875,-3.1875,0.25,2.1641954865050788,10,S V T,Q,False,False,2.3230974674224854,0.1357421875,0.5338835716247559,True,0.627577543258667
train-019860-bdb691eb438723a7,8,9,train,13670274158565991335,pointer,S,S,,,W,False,True,,,-3.5,1.0625,2.114004978822738,,S I V,Q,,False,,0.134765625,0.5336405038833618,,
train-019860-bdb691eb438723a7,8,10,train,13670274158565991335,pointer,S,S,,,W,False,True,,,-3.90625,1.3125,2.0719751289438966,,S I T,Q,,False,,0.1416015625,0.5353413820266724,,
train-019860-bdb691eb438723a7,8,11,train,13670274158565991335,pointer,S,S,,,W,False,True,,,-4.34375,1.4375,2.030642293859581,,S T I,W,,False,,0.154296875,0.5384978652000427,,
train-019860-bdb691eb438723a7,8,12,train,13670274158565991335,pointer,S,S,,,W,False,True,,,-4.90625,1.5625,1.909670214714428,,S T I,W,,False,,0.1669921875,0.5416513085365295,,
train-025720-61b231b44159fe6e,10,1,train,7039743817793797742,pointer,P,Q,F,False,G,False,False,2.3680105209350586,-0.4375,-2.0,0.4375,3.0261833109664016,2,Q F M,Z,False,False,2.991565704345703,-0.310546875,0.42298123240470886,False,0.5498805046081543
train-025720-61b231b44159fe6e,10,2,train,7039743817793797742,pointer,P,Q,D,False,G,False,False,3.497213125228882,-2.0,-1.625,1.1875,2.9099400957012533,12,Q R F,Z,False,False,3.7945547103881836,-0.162109375,0.45956116914749146,False,0.6153738498687744
train-025720-61b231b44159fe6e,10,3,train,7039743817793797742,pointer,P,Q,X,False,G,False,False,4.796052932739258,-3.6875,-4.0625,0.5,2.351831600989659,19,Q P U,Z,False,False,3.623502016067505,0.002838134765625,0.5007095336914062,False,0.6945672631263733
train-025720-61b231b44159fe6e,10,4,train,7039743817793797742,pointer,P,Q,G,False,G,False,False,8.446576118469238,-7.265625,-7.265625,0.8125,2.2503842269402905,26,Q V I,W,False,False,3.218752384185791,0.09521484375,0.5237857699394226,False,0.7418873906135559
train-025720-61b231b44159fe6e,10,5,train,7039743817793797742,pointer,P,Q,E,False,G,False,False,4.514273166656494,-3.75,-6.96875,1.6875,2.014371722433539,12,Q U V,W,False,False,3.4251701831817627,0.1376953125,0.5343695282936096,False,0.7643629908561707
train-025720-61b231b44159fe6e,10,6,train,7039743817793797742,pointer,P,Q,P,False,G,False,False,3.6624739170074463,-2.5625,-6.125,0.6875,2.159814523777359,7,Q V I,W,False,False,3.198319435119629,0.1591796875,0.5397111177444458,False,0.7759009599685669
train-025720-61b231b44159fe6e,10,7,train,7039743817793797742,pointer,P,I,F,False,G,False,False,6.248632907867432,-5.53125,-6.71875,0.6875,1.7247931349943741,19,I V O,W,False,False,4.043825149536133,0.169921875,0.5423785448074341,False,0.7817129492759705
train-025720-61b231b44159fe6e,10,8,train,7039743817793797742,pointer,P,I,D,False,G,False,False,5.933273792266846,-5.6875,-7.09375,2.3125,1.02556732937285,16,I V J,W,False,False,3.1084482669830322,0.166015625,0.5414088368415833,False,0.779596209526062
train-025720-61b231b44159fe6e,10,9,train,7039743817793797742,pointer,P,I,X,False,G,False,False,4.7421698570251465,-4.46875,-6.4375,2.8125,1.126910870926921,8,I P V,W,False,False,4.149843215942383,0.1591796875,0.5397111177444458,False,0.7759009599685669
train-025720-61b231b44159fe6e,10,10,train,7039743817793797742,pointer,P,I,G,False,G,False,False,6.361932754516602,-5.9375,-5.9375,2.0625,1.4258476972738634,19,I P B,W,False,False,3.0325052738189697,0.158203125,0.53946852684021,True,0.6171708703041077
train-025720-61b231b44159fe6e,10,11,train,7039743817793797742,pointer,P,I,,,G,False,True,,,-5.40625,1.25,1.747433477842941,,I B P,W,,False,,0.1591796875,0.5397111177444458,,
train-025720-61b231b44159fe6e,10,12,train,7039743817793797742,pointer,P,I,,,G,False,True,,,-5.0,0.5,1.899868079322982,,I B P,W,,False,,0.162109375,0.5404388308525085,,
train-030608-c1f077d0bf70e845,12,1,train,13974801382179399749,pointer,C,E,E,True,W,False,False,2.2692015171051025,0.1875,-0.6875,0.1875,3.0421637116609204,1,E Q D,Z,False,False,3.2106504440307617,-0.318359375,0.42107561230659485,False,0.5465834140777588
train-030608-c1f077d0bf70e845,12,2,train,13974801382179399749,pointer,C,Q,X,False,W,False,False,4.973431587219238,-2.8125,-1.25,0.0625,3.051648715719933,26,Q C Z,Z,False,False,3.566493511199951,-0.18359375,0.45423004031181335,False,0.6055577397346497
train-030608-c1f077d0bf70e845,12,3,train,13974801382179399749,pointer,C,C,I,False,W,False,False,4.990338325500488,-3.9375,-5.25,0.5625,2.1776025654925815,18,C Q J,Z,False,False,3.9946839809417725,-0.05517578125,0.48620954155921936,False,0.6659397482872009
train-030608-c1f077d0bf70e845,12,4,train,13974801382179399749,pointer,C,Q,J,False,W,False,False,1.9554834365844727,-0.9375,-7.21875,0.4375,1.9702669075559585,3,Q H J,Z,False,False,2.958204746246338,0.02490234375,0.5062252283096313,False,0.7056758999824524
train-030608-c1f077d0bf70e845,12,5,train,13974801382179399749,pointer,C,Q,V,False,W,False,False,6.235614776611328,-5.84375,-8.25,1.4375,1.2466708134593738,16,Q J H,Z,False,False,3.569629430770874,0.06982421875,0.5174489617347717,False,0.7286686301231384
train-030608-c1f077d0bf70e845,12,6,train,13974801382179399749,pointer,C,Q,U,False,W,False,False,7.0057902336120605,-6.75,-6.84375,2.25,1.0497978282855642,19,Q J E,Q,False,True,3.5892868041992188,0.0966796875,0.5241511464118958,False,0.7426549792289734
train-030608-c1f077d0bf70e845,12,7,train,13974801382179399749,pointer,C,Q,W,False,W,False,False,5.903738021850586,-4.6875,-4.6875,0.6875,2.309178311843423,20,Q J V,W,True,False,2.511815309524536,0.11669921875,0.5291417241096497,False,0.7531981468200684
train-030608-c1f077d0bf70e845,12,8,train,13974801382179399749,pointer,C,I,I,True,W,False,False,1.2223392724990845,0.0,-4.21875,0.0,2.15013595555462,1,I V J,W,False,False,4.115333557128906,0.1220703125,0.5304797887802124,False,0.7560437917709351
train-030608-c1f077d0bf70e845,12,9,train,13974801382179399749,pointer,C,I,J,False,W,False,False,2.735226631164551,-1.8125,-3.6875,0.5,2.0278710682309518,3,I V J,W,False,False,3.0970027446746826,0.1181640625,0.5295066833496094,False,0.7539735436439514
train-030608-c1f077d0bf70e845,12,10,train,13974801382179399749,pointer,C,I,V,False,W,False,False,1.2905356884002686,-0.125,-2.96875,0.125,2.1527829554785978,2,I V J,W,False,False,3.808555841445923,0.11767578125,0.5293850302696228,False,0.7537150382995605
train-030608-c1f077d0bf70e845,12,11,train,13974801382179399749,pointer,C,V,U,False,W,False,False,6.607175827026367,-5.40625,-2.78125,0.25,2.21027746142059,22,V I J,W,False,False,3.92362642288208,0.1220703125,0.5304797887802124,False,0.7560437917709351
train-030608-c1f077d0bf70e845,12,12,train,13974801382179399749,pointer,C,V,W,False,W,False,False,4.012183666229248,-2.84375,-2.84375,0.5625,2.2408348241952467,13,V I J,W,True,False,2.3764188289642334,0.126953125,0.5316957235336304,True,0.631683886051178
train-009711-ec4ff622dab94905,1,1,train,17028099345670031621,pointer,B,A,S,False,S,False,False,2.2618443965911865,-0.875,-0.875,0.875,2.8170745288105623,2,A S M,Z,False,False,3.6470255851745605,-0.328125,0.41869693994522095,True,0.8706080317497253
train-009711-ec4ff622dab94905,1,2,train,17028099345670031621,pointer,B,Q,,,S,False,True,,,-1.125,0.3125,3.0547187523867527,,Q B F,Z,,False,,-0.177734375,0.45568299293518066,,
train-009711-ec4ff622dab94905,1,3,train,17028099345670031621,pointer,B,B,,,S,False,True,,,-4.4375,0.6875,1.871143222565375,,B Q C,Z,,False,,-0.025634765625,0.49359166622161865,,
train-009711-ec4ff622dab94905,1,4,train,17028099345670031621,pointer,B,Q,,,S,False,True,,,-5.90625,2.3125,1.1322727010038942,,Q H M,Z,,False,,0.07763671875,0.5193994045257568,,
train-009711-ec4ff622dab94905,1,5,train,17028099345670031621,pointer,B,Q,,,S,False,True,,,-7.5,3.5625,0.687169765484762,,Q H M,Z,,False,,0.125,0.531209409236908,,
train-009711-ec4ff622dab94905,1,6,train,17028099345670031621,pointer,B,Q,,,S,False,True,,,-7.78125,3.25,0.7342835733412278,,Q I V,W,,False,,0.146484375,0.5365557670593262,,
train-009711-ec4ff622dab94905,1,7,train,17028099345670031621,pointer,B,I,,,S,False,True,,,-5.5,1.3125,1.8203509791921944,,I V Q,W,,False,,0.1435546875,0.5358271598815918,,
train-009711-ec4ff622dab94905,1,8,train,17028099345670031621,pointer,B,I,,,S,False,True,,,-3.40625,0.9375,2.0934023844986305,,I B P,W,,False,,0.1220703125,0.5304797887802124,,
train-009711-ec4ff622dab94905,1,9,train,17028099345670031621,pointer,B,I,,,S,False,True,,,-1.84375,0.0625,2.4346291765298664,,I B P,W,,False,,0.107421875,0.526829719543457,,
train-009711-ec4ff622dab94905,1,10,train,17028099345670031621,pointer,B,P,,,S,False,True,,,-1.75,0.375,2.464769075256562,,P B I,Y,,False,,0.099609375,0.5248817801475525,,
train-009711-ec4ff622dab94905,1,11,train,17028099345670031621,pointer,B,P,,,S,False,True,,,-2.0625,0.875,2.3625223912801454,,P B Q,Y,,False,,0.09326171875,0.5232985615730286,,
train-009711-ec4ff622dab94905,1,12,train,17028099345670031621,pointer,B,P,,,S,False,True,,,-2.375,1.5,2.2423647840495,,P B Q,Y,,False,,0.0888671875,0.52220219373703,,
train-031816-da025afc549ac38f,2,1,train,15709218490019398543,pointer,Q,S,P,False,N,False,False,2.9913501739501953,-1.0625,-2.3125,0.25,2.883685123095123,7,S L V,Z,False,False,3.164567232131958,-0.291015625,0.4277552366256714,False,0.5581884980201721
train-031816-da025afc549ac38f,2,2,train,15709218490019398543,pointer,Q,Q,N,False,N,False,False,3.4657466411590576,-2.3125,-2.3125,1.625,2.7039130427584768,10,Q R Z,Z,False,False,2.797163963317871,-0.13671875,0.46587347984313965,True,0.7638412714004517
train-031816-da025afc549ac38f,2,3,train,15709218490019398543,pointer,Q,Q,,,N,False,True,,,-2.9375,2.9375,1.4002968381015588,,Q N J,Z,,False,,-0.016357421875,0.49591073393821716,,
train-031816-da025afc549ac38f,2,4,train,15709218490019398543,pointer,Q,Q,,,N,False,True,,,-5.0625,0.1875,1.9806472115033518,,Q J H,B,,False,,0.062255859375,0.5155589580535889,,
train-031816-da025afc549ac38f,2,5,train,15709218490019398543,pointer,Q,Q,,,N,False,True,,,-6.3125,2.25,1.050635366318629,,Q J A,B,,False,,0.10693359375,0.5267079472541809,,
train-031816-da025afc549ac38f,2,6,train,15709218490019398543,pointer,Q,Q,,,N,False,True,,,-6.78125,2.5625,0.9817038955887601,,Q J A,Q,,True,,0.1318359375,0.5329113006591797,,
train-031816-da025afc549ac38f,2,7,train,15709218490019398543,pointer,Q,Q,,,N,False,True,,,-5.46875,1.6875,1.9191709758179285,,Q I J,W,,False,,0.1435546875,0.5358271598815918,,
train-031816-da025afc549ac38f,2,8,train,15709218490019398543,pointer,Q,I,,,N,False,True,,,-6.03125,1.375,1.7980748067597314,,I J V,W,,False,,0.1513671875,0.5377696752548218,,
train-031816-da025afc549ac38f,2,9,train,15709218490019398543,pointer,Q,I,,,N,False,True,,,-6.46875,2.375,1.194680080070823,,I J R,W,,False,,0.1435546875,0.5358271598815918,,
train-031816-da025afc549ac38f,2,10,train,15709218490019398543,pointer,Q,I,,,N,False,True,,,-4.5625,1.625,1.7817663248657247,,I J C,W,,False,,0.138671875,0.5346124768257141,,
train-031816-da025afc549ac38f,2,11,train,15709218490019398543,pointer,Q,I,,,N,False,True,,,-2.5625,0.6875,2.281499212757168,,I C J,W,,False,,0.142578125,0.5355842709541321,,
train-031816-da025afc549ac38f,2,12,train,15709218490019398543,pointer,Q,C,,,N,False,True,,,-1.25,0.5,2.4016334061923037,,C I H,Y,,False,,0.1494140625,0.5372841358184814,,
train-028415-3026a5791fe89900,3,1,train,3469642502580508928,pointer,T,M,K,False,C,False,False,3.798048257827759,-1.5,-1.375,0.0625,3.1099833247082525,21,M Q R,Z,False,False,3.162013053894043,-0.318359375,0.42107561230659485,False,0.5465834140777588
train-028415-3026a5791fe89900,3,2,train,3469642502580508928,pointer,T,R,H,False,C,False,False,3.227393388748169,-1.125,-1.75,0.125,3.0146516516354893,8,R Z Q,Z,False,False,3.877346992492676,-0.185546875,0.45374593138694763,False,0.604671061038971
train-028415-3026a5791fe89900,3,3,train,3469642502580508928,pointer,T,T,C,False,C,False,False,3.473485231399536,-1.6875,-1.6875,0.125,2.779167408804897,11,T Q Z,Z,False,False,3.8442721366882324,-0.05517578125,0.48620954155921936,True,0.7211155295372009
train-028415-3026a5791fe89900,3,4,train,3469642502580508928,pointer,T,H,,,C,False,True,,,-1.1875,0.3125,2.6284241820085597,,H U Z,Z,,False,,0.017822265625,0.5044554471969604,,
train-028415-3026a5791fe89900,3,5,train,3469642502580508928,pointer,T,Q,,,C,False,True,,,-3.84375,1.5625,1.981894656966059,,Q J U,Q,,True,,0.06982421875,0.5174489617347717,,
train-028415-3026a5791fe89900,3,6,train,3469642502580508928,pointer,T,Q,,,C,False,True,,,-3.71875,0.625,2.421851785213612,,Q V J,Q,,True,,0.107421875,0.526829719543457,,
train-028415-3026a5791fe89900,3,7,train,3469642502580508928,pointer,T,V,,,C,False,True,,,-3.3125,0.9375,2.310252561153205,,V T S,Q,,False,,0.11865234375,0.529628336429596,,
train-028415-3026a5791fe89900,3,8,train,3469642502580508928,pointer,T,S,,,C,False,True,,,-2.53125,0.4375,2.5209898039300844,,S V T,Q,,False,,0.11181640625,0.5279250144958496,,
train-028415-3026a5791fe89900,3,9,train,3469642502580508928,pointer,T,S,,,C,False,True,,,-3.21875,0.8125,2.48597993116809,,S I T,Q,,False,,0.11279296875,0.5281683802604675,,
train-028415-3026a5791fe89900,3,10,train,3469642502580508928,pointer,T,S,,,C,False,True,,,-4.0625,1.1875,2.3432455909735666,,S T I,Q,,False,,0.12109375,0.5302364826202393,,
train-028415-3026a5791fe89900,3,11,train,3469642502580508928,pointer,T,S,,,C,False,True,,,-4.96875,1.6875,2.1052416783993717,,S J I,Q,,False,,0.1318359375,0.5329113006591797,,
train-028415-3026a5791fe89900,3,12,train,3469642502580508928,pointer,T,S,,,C,False,True,,,-5.8125,1.875,1.7851679664703652,,S J I,Q,,False,,0.1416015625,0.5353413820266724,,
train-013062-80ac3cea47323079,4,1,train,9271852709763494009,pointer,Y,M,M,True,A,False,False,2.101060628890991,0.1875,-1.0625,0.1875,3.0625276843891163,1,M L S,Z,False,False,3.0051002502441406,-0.283203125,0.4296686351299286,False,0.5615378022193909
train-013062-80ac3cea47323079,4,2,train,9271852709763494009,pointer,Y,L,Z,False,A,False,False,2.439704656600952,-0.125,-0.8125,0.0,3.0146112440412556,3,L T Z,Z,True,False,2.465947389602661,-0.154296875,0.4615021347999573,False,0.6189717650413513
train-013062-80ac3cea47323079,4,3,train,9271852709763494009,pointer,Y,Y,O,False,A,False,False,5.522349834442139,-4.4375,-2.0625,1.25,2.4857396393458826,24,Y T H,Z,False,False,3.4726643562316895,-0.007110595703125,0.49822238087654114,False,0.6895982027053833
train-013062-80ac3cea47323079,4,4,train,9271852709763494009,pointer,Y,H,A,False,A,False,False,3.2898130416870117,-1.6875,-1.6875,0.375,2.5967233858806695,8,H C J,Z,False,False,3.05029034614563,0.08935546875,0.5223240256309509,True,0.6494671702384949
train-013062-80ac3cea47323079,4,5,train,9271852709763494009,pointer,Y,Q,,,A,False,True,,,-2.375,1.1875,2.3050749378935103,,Q J T,Z,,False,,0.146484375,0.5365557670593262,,
train-013062-80ac3cea47323079,4,6,train,9271852709763494009,pointer,Y,Q,,,A,False,True,,,-3.125,0.1875,1.9356279963075178,,Q T M,Q,,True,,0.1728515625,0.5431056022644043,,
train-013062-80ac3cea47323079,4,7,train,9271852709763494009,pointer,Y,T,,,A,False,True,,,-1.3125,0.0625,2.7635642258854296,,T Q Y,P,,False,,0.1787109375,0.5445592403411865,,
train-013062-80ac3cea47323079,4,8,train,9271852709763494009,pointer,Y,Q,,,A,False,True,,,-1.25,0.125,2.9156091669717283,,Q B E,P,,False,,0.1943359375,0.5484316945075989,,
train-013062-80ac3cea47323079,4,9,train,9271852709763494009,pointer,Y,J,,,A,False,True,,,-1.9375,0.1875,2.7776152626605493,,J B R,Q,,False,,0.2080078125,0.5518152713775635,,
train-013062-80ac3cea47323079,4,10,train,9271852709763494009,pointer,Y,J,,,A,False,True,,,-2.9375,0.125,2.3410598536370224,,J R B,Q,,False,,0.205078125,0.5510905981063843,,
train-013062-80ac3cea47323079,4,11,train,9271852709763494009,pointer,Y,F,,,A,False,True,,,-4.1875,0.5,2.239440333334994,,F J L,Q,,False,,0.2001953125,0.5498823523521423,,
train-013062-80ac3cea47323079,4,12,train,9271852709763494009,pointer,Y,L,,,A,False,True,,,-3.84375,0.25,2.111314767808501,,L F T,Q,,False,,0.2001953125,0.5498823523521423,,
train-007672-91e9f28a20ed0a35,5,1,train,10514201480144947765,pointer,V,Z,E,False,R,False,False,2.4443888664245605,-0.25,-0.5,0.25,3.106108864536565,2,Z E F,Z,False,True,3.2340891361236572,-0.291015625,0.4277552366256714,False,0.5581884980201721
train-007672-91e9f28a20ed0a35,5,2,train,10514201480144947765,pointer,V,Z,L,False,R,False,False,3.491241693496704,-1.25,-0.3125,0.1875,3.094061732697176,17,Z V R,Z,False,True,4.042362213134766,-0.162109375,0.45956116914749146,False,0.6153738498687744
train-007672-91e9f28a20ed0a35,5,3,train,10514201480144947765,pointer,V,V,O,False,R,False,False,5.710577487945557,-4.0,-2.6875,0.625,2.8562851518925063,26,V Q B,Z,False,False,3.309168577194214,-0.0257568359375,0.49356111884117126,False,0.6803516745567322
train-007672-91e9f28a20ed0a35,5,4,train,10514201480144947765,pointer,V,Q,W,False,R,False,False,6.552659034729004,-5.28125,-4.75,0.0625,2.1467281028147847,25,Q F H,B,False,False,2.775123119354248,0.076171875,0.5190337300300598,False,0.7319582104682922
train-007672-91e9f28a20ed0a35,5,5,train,10514201480144947765,pointer,V,F,R,False,R,False,False,5.013939380645752,-3.9375,-3.9375,0.0625,1.8161389809685236,10,F Q J,W,False,False,4.4431047439575195,0.126953125,0.5316957235336304,True,0.631683886051178
train-007672-91e9f28a20ed0a35,5,6,train,10514201480144947765,pointer,V,Q,,,R,False,True,,,-5.78125,2.5,1.2851414122326488,,Q M A,B,,False,,0.1416015625,0.5353413820266724,,
train-007672-91e9f28a20ed0a35,5,7,train,10514201480144947765,pointer,V,Q,,,R,False,True,,,-3.125,1.0625,2.2924268767172413,,Q V A,Q,,True,,0.142578125,0.5355842709541321,,
train-007672-91e9f28a20ed0a35,5,8,train,10514201480144947765,pointer,V,V,,,R,False,True,,,-3.4375,1.375,2.1431783550711287,,V Q I,Q,,False,,0.162109375,0.5404388308525085,,
train-007672-91e9f28a20ed0a35,5,9,train,10514201480144947765,pointer,V,V,,,R,False,True,,,-3.5625,1.9375,1.6313400219311325,,V I J,W,,False,,0.1806640625,0.5450435876846313,,
train-007672-91e9f28a20ed0a35,5,10,train,10514201480144947765,pointer,V,V,,,R,False,True,,,-3.3125,1.75,1.3804934981006092,,V I J,W,,False,,0.189453125,0.5472221374511719,,
train-007672-91e9f28a20ed0a35,5,11,train,10514201480144947765,pointer,V,V,,,R,False,True,,,-2.5,1.1875,1.6563686046863126,,V I R,W,,False,,0.1923828125,0.547947883605957,,
train-007672-91e9f28a20ed0a35,5,12,train,10514201480144947765,pointer,V,V,,,R,False,True,,,-1.5,0.125,2.1268408503718086,,V I R,W,,False,,0.1982421875,0.5493988990783691,,
train-004010-e0a0c6ae1c61d00c,6,1,train,16186155511872344076,pointer,D,S,S,True,N,False,False,1.0808007717132568,1.3125,-1.4375,1.3125,2.550486953942107,1,S R N,N,False,False,3.658902406692505,-0.30859375,0.4234579801559448,False,0.5507071614265442
train-004010-e0a0c6ae1c61d00c,6,2,train,16186155511872344076,pointer,D,D,E,False,N,False,False,3.212094306945801,-1.3125,-1.25,0.6875,3.036655067180724,9,D A Q,Z,False,False,3.2438690662384033,-0.12890625,0.4678179919719696,False,0.6307697296142578
train-004010-e0a0c6ae1c61d00c,6,3,train,16186155511872344076,pointer,D,Q,B,False,N,False,False,3.5913212299346924,-2.75,-4.0,1.9375,2.3304818200603123,9,Q D J,Z,False,False,2.853985548019409,0.01141357421875,0.5028533935546875,False,0.6988702416419983
train-004010-e0a0c6ae1c61d00c,6,4,train,16186155511872344076,pointer,D,Q,M,False,N,False,False,3.8760247230529785,-3.0625,-7.0,1.25,2.0131332512472446,8,Q J I,Z,False,False,3.225107192993164,0.1083984375,0.5270731449127197,False,0.7488144636154175
train-004010-e0a0c6ae1c61d00c,6,5,train,16186155511872344076,pointer,D,Q,C,False,N,False,False,3.806356191635132,-3.3125,-7.03125,2.0,1.6347606207773806,6,Q E J,Z,False,False,4.076615333557129,0.166015625,0.5414088368415833,False,0.779596209526062
train-004010-e0a0c6ae1c61d00c,6,6,train,16186155511872344076,pointer,D,Q,N,False,N,False,False,7.011672019958496,-6.40625,-6.40625,1.6875,1.837929302517367,24,Q E I,W,False,False,3.651284694671631,0.197265625,0.5491570830345154,True,0.5993707180023193
train-004010-e0a0c6ae1c61d00c,6,7,train,16186155511872344076,pointer,D,I,,,N,False,True,,,-4.78125,0.0,2.4303227868227695,,I Q R,W,,False,,0.20703125,0.5515737533569336,,
train-004010-e0a0c6ae1c61d00c,6,8,train,16186155511872344076,pointer,D,I,,,N,False,True,,,-4.96875,0.1875,2.186688396090334,,I R V,W,,False,,0.2001953125,0.5498823523521423,,
train-004010-e0a0c6ae1c61d00c,6,9,train,16186155511872344076,pointer,D,I,,,N,False,True,,,-4.53125,0.25,2.056795140256475,,I R V,W,,False,,0.1875,0.5467381477355957,,
train-004010-e0a0c6ae1c61d00c,6,10,train,16186155511872344076,pointer,D,I,,,N,False,True,,,-3.6875,0.125,2.199868986628586,,I R P,W,,False,,0.177734375,0.5443170070648193,,
train-004010-e0a0c6ae1c61d00c,6,11,train,16186155511872344076,pointer,D,R,,,N,False,True,,,-2.9375,0.125,2.3476205678942503,,R I P,W,,False,,0.1728515625,0.5431056022644043,,
train-004010-e0a0c6ae1c61d00c,6,12,train,16186155511872344076,pointer,D,R,,,N,False,True,,,-2.3125,0.0625,2.4468850843818832,,R P I,W,,False,,0.1689453125,0.5421361327171326,,
train-028239-adf422ec4d4ce5fa,8,1,train,12534682061183444474,pointer,S,M,V,False,T,False,False,4.356623649597168,-2.1875,-0.5625,0.25,3.1059842953617167,26,M Q R,Z,False,False,4.282932758331299,-0.306640625,0.4239349663257599,False,0.5515346527099609
train-028239-adf422ec4d4ce5fa,8,2,train,12534682061183444474,pointer,S,T,J,False,T,True,False,3.329244613647461,-1.25,0.1875,0.1875,3.0656825697750554,10,T S A,Z,False,False,3.5697977542877197,-0.1591796875,0.4602888524532318,False,0.6167212724685669
train-028239-adf422ec4d4ce5fa,8,3,train,12534682061183444474,pointer,S,Q,Y,False,T,False,False,3.6960697174072266,-1.9375,-0.5625,0.0625,2.6717981019343444,11,Q S A,Z,False,False,3.252516269683838,-0.0250244140625,0.49374425411224365,False,0.6807132363319397
train-028239-adf422ec4d4ce5fa,8,4,train,12534682061183444474,pointer,S,Q,I,False,T,False,False,2.3641698360443115,-0.875,-1.71875,0.5,2.5930505786834277,3,Q H I,Z,False,False,4.621939659118652,0.0517578125,0.5129365921020508,False,0.719360888004303
train-028239-adf422ec4d4ce5fa,8,5,train,12534682061183444474,pointer,S,Q,C,False,T,False,False,5.083655834197998,-4.71875,-2.8125,2.4375,1.3959927941275303,12,Q E T,Z,False,False,4.110909461975098,0.10546875,0.5263427495956421,False,0.7472714185714722
train-028239-adf422ec4d4ce5fa,8,6,train,12534682061183444474,pointer,S,Q,B,False,T,False,False,4.235043525695801,-3.125,-0.4375,0.4375,2.1874861558809533,12,Q T E,Q,False,True,3.2574000358581543,0.138671875,0.5346124768257141,False,0.7648849487304688
train-028239-adf422ec4d4ce5fa,8,7,train,12534682061183444474,pointer,S,V,K,False,T,False,False,6.375067234039307,-5.5,-0.8125,0.8125,2.081846749800293,23,V T E,W,False,False,3.225597858428955,0.15625,0.5389832258224487,False,0.7743208408355713
train-028239-adf422ec4d4ce5fa,8,8,train,12534682061183444474,pointer,S,V,T,False,T,False,False,1.7780578136444092,-0.6875,-0.6875,0.5625,2.129238308298594,3,V S T,W,False,False,3.7096893787384033,0.1533203125,0.5382551550865173,True,0.6194225549697876
train-028239-adf422ec4d4ce5fa,8,9,train,12534682061183444474,pointer,S,S,,,T,False,True,,,-0.75,0.4375,2.1761999421995655,,S V T,Q,,False,,0.1533203125,0.5382551550865173,,
train-028239-adf422ec4d4ce5fa,8,10,train,12534682061183444474,pointer,S,S,,,T,False,True,,,-1.0625,1.0625,2.1201401791831858,,S T V,W,,False,,0.1611328125,0.5401962995529175,,
train-028239-adf422ec4d4ce5fa,8,11,train,12534682061183444474,pointer,S,S,,,T,False,True,,,-1.375,1.375,1.9389563039654156,,S T V,W,,False,,0.171875,0.5428633093833923,,
train-028239-adf422ec4d4ce5fa,8,12,train,12534682061183444474,pointer,S,S,,,T,False,True,,,-1.8125,1.8125,1.7128772612355248,,S T V,W,,False,,0.1826171875,0.5455278754234314,,
train-024028-87d3f9ab188b0397,10,1,train,9787440928452707223,pointer,N,Q,V,False,M,False,False,2.9395034313201904,-0.5625,-0.5,0.1875,3.1220989366504863,7,Q B P,Z,False,False,4.488126754760742,-0.3203125,0.4205995798110962,False,0.5457614660263062
train-024028-87d3f9ab188b0397,10,2,train,9787440928452707223,pointer,N,Q,M,False,M,False,False,3.1822991371154785,-0.9375,-0.9375,0.1875,3.0952156852253827,10,Q N B,Z,False,False,2.8581831455230713,-0.162109375,0.45956116914749146,False,0.6153738498687744
train-024028-87d3f9ab188b0397,10,3,train,9787440928452707223,pointer,N,Q,T,False,M,False,False,4.2729811668396,-2.9375,-2.0,0.4375,2.5891104629751496,17,Q N H,Z,False,False,3.157562255859375,-0.007293701171875,0.49817657470703125,False,0.6895069479942322
train-024028-87d3f9ab188b0397,10,4,train,9787440928452707223,pointer,N,Q,N,False,M,False,False,4.654526710510254,-3.9375,-1.6875,1.5625,2.019149840839681,15,Q C M,W,False,False,3.512629508972168,0.0859375,0.5214711427688599,False,0.737038791179657
train-024028-87d3f9ab188b0397,10,5,train,9787440928452707223,pointer,N,Q,V,False,M,False,False,4.665351390838623,-4.4375,-3.125,2.9375,1.0464462432112018,6,Q J M,W,False,False,3.49202299118042,0.130859375,0.5326682329177856,False,0.7607158422470093
train-024028-87d3f9ab188b0397,10,6,train,9787440928452707223,pointer,N,Q,M,False,M,False,False,3.901197910308838,-3.5625,-3.5625,2.75,1.3821660215516711,6,Q E J,W,False,False,3.0889732837677,0.1484375,0.5370413661003113,False,0.7701176404953003
train-024028-87d3f9ab188b0397,10,7,train,9787440928452707223,pointer,N,Q,T,False,M,False,False,3.7399024963378906,-2.25,-3.0625,0.25,2.4156976506136907,10,Q I R,W,False,False,2.7386181354522705,0.1533203125,0.5382551550865173,False,0.7727428674697876
train-024028-87d3f9ab188b0397,10,8,train,9787440928452707223,pointer,N,I,N,False,M,False,False,5.735950469970703,-4.78125,-4.15625,0.6875,2.157567270729865,20,I R E,W,False,False,3.7027440071105957,0.1435546875,0.5358271598815918,False,0.7674983143806458
train-024028-87d3f9ab188b0397,10,9,train,9787440928452707223,pointer,N,I,V,False,M,False,False,3.647796869277954,-2.9375,-4.5625,1.1875,1.949841042286266,8,I R E,W,False,False,3.726677656173706,0.12890625,0.532181978225708,False,0.7596759796142578
train-024028-87d3f9ab188b0397,10,10,train,9787440928452707223,pointer,N,I,M,False,M,False,False,5.352459907531738,-4.625,-4.625,1.4375,2.0146924217102327,17,I R E,W,False,False,2.8192992210388184,0.11767578125,0.5293850302696228,True,0.6360392570495605
train-024028-87d3f9ab188b0397,10,11,train,9787440928452707223,pointer,N,I,,,M,False,True,,,-4.40625,1.375,2.238151578688721,,I R O,W,,False,,0.11083984375,0.5276816487312317,,
train-024028-87d3f9ab188b0397,10,12,train,9787440928452707223,pointer,N,I,,,M,False,True,,,-4.21875,1.0625,2.4273102816777987,,I O R,W,,False,,0.1064453125,0.5265862345695496,,
train-021266-d3d042fb23253b94,12,1,train,15262772783552478100,pointer,B,C,A,False,A,False,False,2.559122085571289,-0.5,-0.5,0.25,3.0061007184592285,4,C D K,Z,False,False,2.8322999477386475,-0.31640625,0.42155182361602783,False,0.5474063158035278
train-021266-d3d042fb23253b94,12,2,train,15262772783552478100,pointer,B,B,T,False,A,False,False,3.2386553287506104,-1.0625,-0.5,0.125,3.0291409806494007,11,B Q D,Z,False,False,3.4767143726348877,-0.1845703125,0.4539879560470581,False,0.605114221572876
train-021266-d3d042fb23253b94,12,3,train,15262772783552478100,pointer,B,B,S,False,A,False,False,4.09610652923584,-3.4375,-2.625,1.0625,1.8850905148122954,9,B Q A,Z,False,False,3.4119534492492676,-0.052734375,0.48681944608688354,False,0.6671276092529297
train-021266-d3d042fb23253b94,12,4,train,15262772783552478100,pointer,B,Q,D,False,A,False,False,6.899285316467285,-6.75,-5.21875,2.9375,0.7424527550334125,22,Q H J,W,False,False,3.5348198413848877,0.03564453125,0.5089101791381836,False,0.7111282348632812
train-021266-d3d042fb23253b94,12,5,train,15262772783552478100,pointer,B,Q,C,False,A,False,False,7.296331882476807,-7.25,-5.0,4.25,0.2954900124331695,15,Q B A,Q,False,True,3.934178113937378,0.0751953125,0.5187900066375732,False,0.7314514517784119
train-021266-d3d042fb23253b94,12,6,train,15262772783552478100,pointer,B,Q,G,False,A,False,False,6.774889945983887,-6.625,-4.625,3.875,0.7932187450766075,22,Q V T,Q,False,True,3.0679571628570557,0.11376953125,0.5284117460250854,False,0.751649022102356
train-021266-d3d042fb23253b94,12,7,train,15262772783552478100,pointer,B,V,M,False,A,False,False,4.2805657386779785,-3.53125,-3.15625,1.875,2.1508809079233706,15,V I T,W,False,False,2.722815990447998,0.11669921875,0.5291417241096497,False,0.7531981468200684
train-021266-d3d042fb23253b94,12,8,train,15262772783552478100,pointer,B,V,V,True,A,False,False,1.0325186252593994,1.0,-2.90625,1.0,2.3413951367893397,1,V I S,W,False,False,3.9074134826660156,0.1015625,0.5253688097000122,False,0.7452172636985779
train-021266-d3d042fb23253b94,12,9,train,15262772783552478100,pointer,B,I,Q,False,A,False,False,5.222548961639404,-3.59375,-2.09375,0.0,2.465883260899822,19,I V S,Q,True,False,2.3430356979370117,0.091796875,0.5229331254959106,False,0.7400985956192017
train-021266-d3d042fb23253b94,12,10,train,15262772783552478100,pointer,B,I,E,False,A,False,False,4.010100841522217,-2.6875,-2.21875,0.5,2.39757830394644,10,I S V,Q,False,False,2.754770278930664,0.087890625,0.5219584703445435,False,0.7380577921867371
train-021266-d3d042fb23253b94,12,11,train,15262772783552478100,pointer,B,I,B,False,A,False,False,2.447072744369507,-1.25,-2.1875,0.5625,2.28022028160085,4,I S J,Q,False,False,3.9211196899414062,0.087890625,0.5219584703445435,False,0.7380577921867371
train-021266-d3d042fb23253b94,12,12,train,15262772783552478100,pointer,B,I,A,False,A,False,False,3.2043120861053467,-2.0,-2.0,0.5,2.197362671692848,7,I S J,Q,False,False,2.9621212482452393,0.09130859375,0.5228112936019897,True,0.6485347151756287
train-030429-0536e84ed28563f3,1,1,train,375743044169065459,pointer,H,Q,Q,True,Q,True,False,1.8746531009674072,0.4375,0.4375,0.4375,3.0540366736414013,1,Q M K,Z,False,False,3.194596529006958,-0.337890625,0.4163219630718231,True,0.8762964010238647
train-030429-0536e84ed28563f3,1,2,train,375743044169065459,pointer,H,H,,,Q,False,True,,,-0.3125,0.0625,3.020840420535106,,H R G,Z,,False,,-0.1650390625,0.4588336646556854,,
train-030429-0536e84ed28563f3,1,3,train,375743044169065459,pointer,H,H,,,Q,False,True,,,-0.375,0.375,2.292198091281373,,H Q I,B,,False,,-0.0179443359375,0.49551400542259216,,
train-030429-0536e84ed28563f3,1,4,train,375743044169065459,pointer,H,Q,,,Q,True,True,,,1.1875,1.1875,2.3693415282788206,,Q J H,W,,False,,0.06787109375,0.5169612765312195,,
train-030429-0536e84ed28563f3,1,5,train,375743044169065459,pointer,H,Q,,,Q,True,True,,,1.1875,1.1875,1.9749599982136214,,Q H A,W,,False,,0.10693359375,0.5267079472541809,,
train-030429-0536e84ed28563f3,1,6,train,375743044169065459,pointer,H,Q,,,Q,True,True,,,1.1875,1.1875,2.080068620123412,,Q I A,W,,False,,0.1328125,0.5331544280052185,,
train-030429-0536e84ed28563f3,1,7,train,375743044169065459,pointer,H,I,,,Q,False,True,,,-1.5,0.8125,2.242598287171679,,I A J,W,,False,,0.14453125,0.5360700488090515,,
train-030429-0536e84ed28563f3,1,8,train,375743044169065459,pointer,H,I,,,Q,False,True,,,-2.4375,0.6875,2.262420937487189,,I J C,W,,False,,0.1435546875,0.5358271598815918,,
train-030429-0536e84ed28563f3,1,9,train,375743044169065459,pointer,H,C,,,Q,False,True,,,-3.8125,1.1875,2.1357931693692738,,C R A,W,,False,,0.13671875,0.5341265201568604,,
train-030429-0536e84ed28563f3,1,10,train,375743044169065459,pointer,H,C,,,Q,False,True,,,-5.1875,1.34375,1.900546090190003,,C H T,W,,False,,0.1337890625,0.5333974361419678,,
train-030429-0536e84ed28563f3,1,11,train,375743044169065459,pointer,H,C,,,Q,False,True,,,-5.6875,1.28125,2.01453377230574,,C T F,Y,,False,,0.130859375,0.5326682329177856,,
train-030429-0536e84ed28563f3,1,12,train,375743044169065459,pointer,H,C,,,Q,False,True,,,-5.625,0.59375,2.295196829514677,,C T L,Y,,False,,0.1298828125,0.5324251055717468,,
train-026632-d8895a6b8b0a9677,2,1,train,15603101801942521463,pointer,R,S,K,False,E,False,False,3.33174991607666,-1.1875,-1.4375,0.5625,3.098675171009269,12,S F Q,Z,False,False,3.3067972660064697,-0.328125,0.41869693994522095,False,0.5424830317497253
train-026632-d8895a6b8b0a9677,2,2,train,15603101801942521463,pointer,R,R,E,False,E,False,False,3.325345754623413,-1.25,-1.25,0.375,3.0509572304533275,13,R Q S,Z,False,False,3.312413454055786,-0.1748046875,0.4564097821712494,True,0.7843642830848694
train-026632-d8895a6b8b0a9677,2,3,train,15603101801942521463,pointer,R,Q,,,E,False,True,,,-3.3125,1.375,2.504621926960079,,Q R J,B,,False,,-0.0303955078125,0.492401659488678,,
train-026632-d8895a6b8b0a9677,2,4,train,15603101801942521463,pointer,R,Q,,,E,False,True,,,-6.21875,2.9375,1.0454207807801148,,Q J I,W,,False,,0.060546875,0.5151321291923523,,
train-026632-d8895a6b8b0a9677,2,5,train,15603101801942521463,pointer,R,Q,,,E,False,True,,,-5.8125,3.3125,0.5371938360925755,,Q J R,Q,,True,,0.1015625,0.5253688097000122,,
train-026632-d8895a6b8b0a9677,2,6,train,15603101801942521463,pointer,R,Q,,,E,False,True,,,-5.0,3.625,0.5711652806427159,,Q R J,T,,False,,0.126953125,0.5316957235336304,,
train-026632-d8895a6b8b0a9677,2,7,train,15603101801942521463,pointer,R,Q,,,E,False,True,,,-1.59375,0.125,2.4084435122705807,,Q V I,W,,False,,0.14453125,0.5360700488090515,,
train-026632-d8895a6b8b0a9677,2,8,train,15603101801942521463,pointer,R,R,,,E,False,True,,,-3.9375,0.8125,2.0371334135290873,,R I C,W,,False,,0.14453125,0.5360700488090515,,
train-026632-d8895a6b8b0a9677,2,9,train,15603101801942521463,pointer,R,C,,,E,False,True,,,-4.96875,0.125,1.9313588030221522,,C R I,W,,False,,0.1357421875,0.5338835716247559,,
train-026632-d8895a6b8b0a9677,2,10,train,15603101801942521463,pointer,R,C,,,E,False,True,,,-5.375,1.25,1.9994303653742627,,C R H,W,,False,,0.1298828125,0.5324251055717468,,
train-026632-d8895a6b8b0a9677,2,11,train,15603101801942521463,pointer,R,C,,,E,False,True,,,-4.9375,0.8125,2.0365610971815586,,C F H,Y,,False,,0.12890625,0.532181978225708,,
train-026632-d8895a6b8b0a9677,2,12,train,15603101801942521463,pointer,R,C,,,E,False,True,,,-4.15625,0.4375,2.0787985979744996,,C F T,Y,,False,,0.1318359375,0.5329113006591797,,
train-024617-ae255de3918cedd9,3,1,train,12548539168718646745,pointer,E,J,J,True,U,False,False,2.201232671737671,0.1875,-2.25,0.1875,3.1008610890246855,1,J Q F,Z,False,False,4.004884719848633,-0.33203125,0.4177464544773102,False,0.5408493280410767
train-024617-ae255de3918cedd9,3,2,train,12548539168718646745,pointer,E,Q,D,False,U,False,False,3.8858938217163086,-2.0,-2.9375,0.625,3.000660457679714,19,Q E F,Z,False,False,3.897099494934082,-0.1787109375,0.45544081926345825,False,0.6077786087989807
train-024617-ae255de3918cedd9,3,3,train,12548539168718646745,pointer,E,E,U,False,U,False,False,5.555744171142578,-4.0625,-4.0625,0.375,2.6584093325223175,24,E Q S,Z,False,False,3.4223427772521973,-0.024169921875,0.4939578175544739,True,0.7053051590919495
train-024617-ae255de3918cedd9,3,4,train,12548539168718646745,pointer,E,Q,,,U,False,True,,,-3.34375,0.25,2.3265710043261145,,Q H C,Z,,False,,0.0732421875,0.5183023810386658,,
train-024617-ae255de3918cedd9,3,5,train,12548539168718646745,pointer,E,Q,,,U,False,True,,,-4.4375,1.25,1.5529784546722225,,Q J I,W,,False,,0.119140625,0.5297499895095825,,
train-024617-ae255de3918cedd9,3,6,train,12548539168718646745,pointer,E,Q,,,U,False,True,,,-8.4375,3.875,0.6100876737248112,,Q J T,Q,,True,,0.1416015625,0.5353413820266724,,
train-024617-ae255de3918cedd9,3,7,train,12548539168718646745,pointer,E,Q,,,U,False,True,,,-7.5,2.1875,1.7451865593840858,,Q T E,P,,False,,0.1435546875,0.5358271598815918,,
train-024617-ae255de3918cedd9,3,8,train,12548539168718646745,pointer,E,V,,,U,False,True,,,-5.375,0.125,2.383433011874889,,V I Q,W,,False,,0.162109375,0.5404388308525085,,
train-024617-ae255de3918cedd9,3,9,train,12548539168718646745,pointer,E,V,,,U,False,True,,,-6.21875,0.375,2.3168332162113745,,V R I,W,,False,,0.158203125,0.53946852684021,,
train-024617-ae255de3918cedd9,3,10,train,12548539168718646745,pointer,E,R,,,U,False,True,,,-7.734375,1.1875,1.8177517555505414,,R J V,W,,False,,0.1416015625,0.5353413820266724,,
train-024617-ae255de3918cedd9,3,11,train,12548539168718646745,pointer,E,R,,,U,False,True,,,-7.796875,0.75,1.786736205358186,,R J C,W,,False,,0.1318359375,0.5329113006591797,,
train-024617-ae255de3918cedd9,3,12,train,12548539168718646745,pointer,E,R,,,U,False,True,,,-7.640625,0.375,2.0382440866933167,,R J C,W,,False,,0.12890625,0.532181978225708,,
train-012801-7782f5cb5ee87a60,4,1,train,8611715691305269856,pointer,N,N,F,False,V,False,False,2.531942367553711,-0.25,-1.25,0.25,3.1111699874470795,2,N F Q,Z,False,False,3.0266261100769043,-0.298828125,0.4258439540863037,False,0.5548540949821472
train-012801-7782f5cb5ee87a60,4,2,train,8611715691305269856,pointer,N,Z,T,False,V,False,False,3.420515775680542,-1.25,-0.6875,0.0625,3.050820292565079,12,Z Q N,Z,False,True,3.4603044986724854,-0.158203125,0.4605315029621124,False,0.6171708703041077
train-012801-7782f5cb5ee87a60,4,3,train,8611715691305269856,pointer,N,N,H,False,V,False,False,3.608719825744629,-2.1875,-1.5625,0.25,2.6156533780764217,9,N Q Z,Z,False,False,4.037245750427246,-0.0177001953125,0.49557507038116455,False,0.684336245059967
train-012801-7782f5cb5ee87a60,4,4,train,8611715691305269856,pointer,N,Q,V,False,V,False,False,4.169863700866699,-3.625,-3.625,1.8125,1.774124883249106,9,Q C J,Z,False,False,3.706483840942383,0.06884765625,0.5172051191329956,True,0.6593157052993774
train-012801-7782f5cb5ee87a60,4,5,train,8611715691305269856,pointer,N,Q,,,V,False,True,,,-5.0625,3.375,0.6881656054668079,,Q M E,W,,False,,0.09716796875,0.5242729187011719,,
train-012801-7782f5cb5ee87a60,4,6,train,8611715691305269856,pointer,N,Q,,,V,False,True,,,-4.125,3.375,0.7907236221378052,,Q M U,Q,,True,,0.111328125,0.5278033018112183,,
train-012801-7782f5cb5ee87a60,4,7,train,8611715691305269856,pointer,N,Q,,,V,False,True,,,-1.3125,1.3125,1.704891978877969,,Q V D,W,,False,,0.10888671875,0.5271947979927063,,
train-012801-7782f5cb5ee87a60,4,8,train,8611715691305269856,pointer,N,V,,,V,True,True,,,0.5625,0.5625,2.3449181448100775,,V Q I,W,,False,,0.10107421875,0.5252470970153809,,
train-012801-7782f5cb5ee87a60,4,9,train,8611715691305269856,pointer,N,V,,,V,True,True,,,1.375,1.375,2.354730905553987,,V I Q,W,,False,,0.09765625,0.524394690990448,,
train-012801-7782f5cb5ee87a60,4,10,train,8611715691305269856,pointer,N,V,,,V,True,True,,,1.1875,1.1875,2.477032835727677,,V J Q,W,,False,,0.09521484375,0.5237857699394226,,
train-012801-7782f5cb5ee87a60,4,11,train,8611715691305269856,pointer,N,V,,,V,True,True,,,0.3125,0.3125,2.6722529537964483,,V J Q,W,,False,,0.09326171875,0.5232985615730286,,
train-012801-7782f5cb5ee87a60,4,12,train,8611715691305269856,pointer,N,J,,,V,False,True,,,-0.5,0.5,2.773564267524511,,J V Q,W,,False,,0.09130859375,0.5228112936019897,,
train-025312-1c1829dd54e630f6,5,1,train,2024414063091921142,pointer,Z,I,I,True,H,False,False,1.5803513526916504,0.625,-2.8125,0.625,2.815426100138103,1,I Z O,Z,False,False,3.474156379699707,-0.30859375,0.4234579801559448,False,0.5507071614265442
train-025312-1c1829dd54e630f6,5,2,train,2024414063091921142,pointer,Z,Z,U,False,H,False,False,3.579075336456299,-1.875,-2.125,1.1875,3.0457383290473374,16,Z J M,Z,False,True,2.886464834213257,-0.1513671875,0.46223029494285583,False,0.6203248500823975
train-025312-1c1829dd54e630f6,5,3,train,2024414063091921142,pointer,Z,Q,A,False,H,False,False,3.6936542987823486,-2.375,-1.875,0.5625,2.587568475180573,9,Q Z Y,Z,False,False,3.064049482345581,-0.00469970703125,0.4988251030445099,False,0.6908000707626343
train-025312-1c1829dd54e630f6,5,4,train,2024414063091921142,pointer,Z,J,C,False,H,False,False,3.8433001041412354,-2.8125,-2.6875,0.0,1.8576442450610942,6,J Q I,B,False,False,3.918429136276245,0.07470703125,0.5186680555343628,False,0.7311981916427612
train-025312-1c1829dd54e630f6,5,5,train,2024414063091921142,pointer,Z,J,H,False,H,False,False,6.495025157928467,-5.84375,-5.84375,0.375,1.2761397073192087,21,J Q B,Q,False,False,3.9173083305358887,0.10595703125,0.5264645218849182,True,0.6415714025497437
train-025312-1c1829dd54e630f6,5,6,train,2024414063091921142,pointer,Z,Q,,,H,False,True,,,-4.625,0.4375,2.0934891645809848,,Q J I,Q,,True,,0.1083984375,0.5270731449127197,,
train-025312-1c1829dd54e630f6,5,7,train,2024414063091921142,pointer,Z,I,,,H,False,True,,,-5.25,2.0625,1.688624944234659,,I J Q,W,,False,,0.08837890625,0.5220803618431091,,
train-025312-1c1829dd54e630f6,5,8,train,2024414063091921142,pointer,Z,I,,,H,False,True,,,-4.9375,2.4375,1.3632539532975982,,I O C,W,,False,,0.06298828125,0.5157418847084045,,
train-025312-1c1829dd54e630f6,5,9,train,2024414063091921142,pointer,Z,I,,,H,False,True,,,-3.75,1.25,1.7989183070748789,,I O J,W,,False,,0.046630859375,0.5116556286811829,,
train-025312-1c1829dd54e630f6,5,10,train,2024414063091921142,pointer,Z,I,,,H,False,True,,,-2.75,0.25,2.112989452029918,,I O J,Q,,False,,0.04150390625,0.5103744864463806,,
train-025312-1c1829dd54e630f6,5,11,train,2024414063091921142,pointer,Z,O,,,H,False,True,,,-2.375,0.5,2.221907593442626,,O I Q,A,,False,,0.045654296875,0.5114116072654724,,
train-025312-1c1829dd54e630f6,5,12,train,2024414063091921142,pointer,Z,O,,,H,False,True,,,-2.1875,1.0,2.2508678007290976,,O I Q,A,,False,,0.052734375,0.5131805539131165,,
train-007979-3014314f22a9dfea,6,1,train,3464448229308489706,pointer,F,F,H,False,L,False,False,2.7021119594573975,-0.375,-0.5625,0.25,3.0918989723601626,4,F Z T,Z,False,False,3.8761472702026367,-0.318359375,0.42107561230659485,False,0.5465834140777588
train-007979-3014314f22a9dfea,6,2,train,3464448229308489706,pointer,F,F,D,False,L,False,False,3.9456284046173096,-2.6875,-2.25,1.0625,2.6962394188121435,17,F Z H,Z,False,False,3.9313225746154785,-0.1767578125,0.45592519640922546,False,0.6086686253547668
train-007979-3014314f22a9dfea,6,3,train,3464448229308489706,pointer,F,F,B,False,L,False,False,2.9066967964172363,-1.6875,-2.5625,1.1875,2.6544798521526944,5,F Q Z,Z,False,False,2.7016897201538086,-0.04052734375,0.48986953496932983,False,0.6730888485908508
train-007979-3014314f22a9dfea,6,4,train,3464448229308489706,pointer,F,Q,Y,False,L,False,False,5.83400821685791,-4.78125,-3.15625,0.4375,2.0667253492703352,22,Q J F,Z,False,False,3.3670408725738525,0.04833984375,0.5120826363563538,False,0.717609167098999
train-007979-3014314f22a9dfea,6,5,train,3464448229308489706,pointer,F,Q,N,False,L,False,False,5.887488842010498,-5.3125,-5.84375,0.875,1.4299509496396834,14,Q J F,W,False,False,3.532346725463867,0.09375,0.5234203934669495,False,0.7411203980445862
train-007979-3014314f22a9dfea,6,6,train,3464448229308489706,pointer,F,Q,L,False,L,False,False,8.388651847839355,-8.28125,-8.28125,3.75,0.5852457598037311,25,Q J A,Q,False,True,3.702845811843872,0.10693359375,0.5267079472541809,True,0.641109049320221
train-007979-3014314f22a9dfea,6,7,train,3464448229308489706,pointer,F,Q,,,L,False,True,,,-6.40625,1.3125,1.6246366382942112,,Q I T,P,,False,,0.11181640625,0.5279250144958496,,
train-007979-3014314f22a9dfea,6,8,train,3464448229308489706,pointer,F,I,,,L,False,True,,,-5.125,0.8125,2.083866109579613,,I V R,W,,False,,0.1259765625,0.5314525961875916,,
train-007979-3014314f22a9dfea,6,9,train,3464448229308489706,pointer,F,I,,,L,False,True,,,-3.75,0.4375,2.3949536834023344,,I R V,W,,False,,0.12255859375,0.5306013822555542,,
train-007979-3014314f22a9dfea,6,10,train,3464448229308489706,pointer,F,R,,,L,False,True,,,-2.65625,0.0625,2.682103518062141,,R C I,W,,False,,0.11669921875,0.5291417241096497,,
train-007979-3014314f22a9dfea,6,11,train,3464448229308489706,pointer,F,C,,,L,False,True,,,-2.875,0.5,2.7158830865260386,,C J R,W,,False,,0.11572265625,0.5288984179496765,,
train-007979-3014314f22a9dfea,6,12,train,3464448229308489706,pointer,F,C,,,L,False,True,,,-3.15625,0.0625,2.5446042594193483,,C F H,Y,,False,,0.11572265625,0.5288984179496765,,
train-014001-e563bec2467cb922,8,1,train,16529264798995364130,pointer,L,S,S,True,C,False,False,1.3488245010375977,1.125,-2.4375,1.125,2.8563821809955803,1,S L F,N,False,False,3.6189324855804443,-0.3046875,0.42441198229789734,False,0.5523631572723389
train-014001-e563bec2467cb922,8,2,train,16529264798995364130,pointer,L,L,C,False,C,False,False,3.6215925216674805,-1.625,-1.625,0.25,3.0486744719558514,17,L S Z,Z,False,False,3.671025514602661,-0.146484375,0.4634442627429962,False,0.6225848197937012
train-014001-e563bec2467cb922,8,3,train,16529264798995364130,pointer,L,L,V,False,C,False,False,3.641960620880127,-2.0625,-1.0625,0.0625,2.629544955748833,12,L Q A,Z,False,False,3.7100419998168945,-0.00115203857421875,0.4997119903564453,False,0.6925713419914246
train-014001-e563bec2467cb922,8,4,train,16529264798995364130,pointer,L,Q,C,False,C,False,False,3.169337511062622,-1.9375,-1.9375,0.5625,2.3324817298158873,8,Q J E,W,False,False,4.173490524291992,0.1025390625,0.5256123542785645,False,0.7457304000854492
train-014001-e563bec2467cb922,8,5,train,16529264798995364130,pointer,L,Q,V,False,C,False,False,1.5001085996627808,-0.25,-3.6875,0.125,1.944008421843114,3,Q J V,W,False,False,3.3816990852355957,0.16796875,0.541893720626831,False,0.7806540727615356
train-014001-e563bec2467cb922,8,6,train,16529264798995364130,pointer,L,V,C,False,C,False,False,5.159395694732666,-4.625,-4.625,1.1875,1.5319962288045574,14,V J Q,W,False,False,4.233996868133545,0.1962890625,0.5489152669906616,False,0.7961001992225647
train-014001-e563bec2467cb922,8,7,train,16529264798995364130,pointer,L,V,V,True,C,False,False,0.8319116830825806,1.3125,-3.5625,1.3125,2.0395209178020517,1,V I R,W,False,False,3.637730121612549,0.203125,0.5506073832511902,False,0.7998583316802979
train-014001-e563bec2467cb922,8,8,train,16529264798995364130,pointer,L,R,C,False,C,False,False,4.008852958679199,-2.4375,-2.4375,0.0,2.3671895097254185,13,R V I,W,False,False,4.438079833984375,0.193359375,0.5481898188591003,True,0.6011337041854858
train-014001-e563bec2467cb922,8,9,train,16529264798995364130,pointer,L,R,,,C,False,True,,,-2.3125,0.0,2.533980272229669,,R V I,W,,False,,0.1884765625,0.5469801425933838,,
train-014001-e563bec2467cb922,8,10,train,16529264798995364130,pointer,L,R,,,C,False,True,,,-2.0,0.0,2.6622088934881143,,R V S,Q,,False,,0.185546875,0.5462540984153748,,
train-014001-e563bec2467cb922,8,11,train,16529264798995364130,pointer,L,S,,,C,False,True,,,-1.8125,0.1875,2.708781614847243,,S O P,Y,,False,,0.18359375,0.5457699298858643,,
train-014001-e563bec2467cb922,8,12,train,16529264798995364130,pointer,L,S,,,C,False,True,,,-1.5,0.0625,2.7469899388551053,,S P R,Y,,False,,0.1826171875,0.5455278754234314,,
train-004660-7b216b0ca8bd5f27,10,1,train,8872490443011350311,pointer,A,B,O,False,H,False,False,2.5251173973083496,-0.5,-1.75,0.5,3.027928354828549,2,B O Z,Z,False,False,2.990231513977051,-0.30078125,0.42536652088165283,False,0.5540228486061096
train-004660-7b216b0ca8bd5f27,10,2,train,8872490443011350311,pointer,A,B,K,False,H,False,False,3.3035683631896973,-2.0,-2.625,1.1875,2.7660152059565664,9,B Q A,Z,False,False,3.057363271713257,-0.18359375,0.45423004031181335,False,0.6055577397346497
train-004660-7b216b0ca8bd5f27,10,3,train,8872490443011350311,pointer,A,B,B,True,H,False,False,1.5713356733322144,0.0625,-2.0,0.0625,2.5161987191700974,1,B Q A,Z,False,False,2.8759050369262695,-0.0537109375,0.48657548427581787,False,0.666652262210846
train-004660-7b216b0ca8bd5f27,10,4,train,8872490443011350311,pointer,A,Q,X,False,H,False,False,4.596466064453125,-3.46875,-0.6875,0.6875,2.3549781991917067,13,Q H A,Z,False,False,3.651685953140259,0.0286865234375,0.5071711540222168,False,0.7075933218002319
train-004660-7b216b0ca8bd5f27,10,5,train,8872490443011350311,pointer,A,Q,Y,False,H,False,False,4.779929161071777,-4.125,-2.5625,1.25,1.8828609306998707,14,Q J B,Z,False,False,3.5644359588623047,0.07666015625,0.5191556811332703,False,0.7322116494178772
train-004660-7b216b0ca8bd5f27,10,6,train,8872490443011350311,pointer,A,Q,R,False,H,False,False,6.090144157409668,-5.28125,-3.84375,1.1875,1.9955728992667872,24,Q J E,Q,False,True,4.032649517059326,0.11328125,0.5282900333404541,False,0.7513910531997681
train-004660-7b216b0ca8bd5f27,10,7,train,8872490443011350311,pointer,A,V,V,True,H,False,False,0.9822527170181274,0.625,-5.125,0.625,2.146976822998781,1,V E J,Q,False,False,3.787400722503662,0.1376953125,0.5343695282936096,False,0.7643629908561707
train-004660-7b216b0ca8bd5f27,10,8,train,8872490443011350311,pointer,A,V,L,False,H,False,False,4.706085205078125,-3.59375,-5.375,0.375,2.1397634035123674,12,V E D,Q,False,False,3.6370937824249268,0.134765625,0.5336405038833618,False,0.762798547744751
train-004660-7b216b0ca8bd5f27,10,9,train,8872490443011350311,pointer,A,E,G,False,H,False,False,5.368403911590576,-3.875,-4.59375,0.3125,2.326535706883432,20,E D W,Q,False,False,2.8615808486938477,0.1259765625,0.5314525961875916,False,0.7581179141998291
train-004660-7b216b0ca8bd5f27,10,10,train,8872490443011350311,pointer,A,J,H,False,H,False,False,5.845103740692139,-4.3125,-4.3125,0.125,2.400148475305651,22,J E D,Q,False,False,4.320703506469727,0.125,0.531209409236908,True,0.6325990557670593
train-004660-7b216b0ca8bd5f27,10,11,train,8872490443011350311,pointer,A,J,,,H,False,True,,,-5.09375,1.375,2.036644301567875,,J E D,Q,,False,,0.1279296875,0.5319388508796692,,
train-004660-7b216b0ca8bd5f27,10,12,train,8872490443011350311,pointer,A,J,,,H,False,True,,,-5.65625,2.3125,1.4799118864633005,,J E D,W,,False,,0.1318359375,0.5329113006591797,,
train-013643-7083889b3b2dc152,12,1,train,8107473954491187538,pointer,C,C,E,False,C,True,False,2.8653600215911865,-0.625,0.1875,0.1875,3.083065685043711,4,C Q P,Z,False,False,3.153390407562256,-0.314453125,0.42202815413475037,False,0.5482301115989685
train-013643-7083889b3b2dc152,12,2,train,8107473954491187538,pointer,C,C,C,True,C,True,False,1.4940274953842163,1.0,1.0,1.0,2.861119655936409,1,C D E,Z,False,False,3.299370288848877,-0.1650390625,0.4588336646556854,False,0.6140285730361938
train-013643-7083889b3b2dc152,12,3,train,8107473954491187538,pointer,C,C,E,False,C,True,False,3.624922275543213,-3.0,1.6875,1.6875,1.9997627791324764,5,C Q H,Z,False,False,3.1675853729248047,-0.01953125,0.4951173663139343,False,0.6834292411804199
train-013643-7083889b3b2dc152,12,4,train,8107473954491187538,pointer,C,C,C,True,C,True,False,1.3328548669815063,0.4375,0.4375,0.4375,2.278388110044123,1,C H I,Z,False,False,3.955319881439209,0.06494140625,0.5162296295166016,False,0.7261449694633484
train-013643-7083889b3b2dc152,12,5,train,8107473954491187538,pointer,C,Q,E,False,C,False,False,4.43302059173584,-3.78125,-3.4375,1.1875,1.703347755970849,10,Q J I,B,False,False,3.6784780025482178,0.11279296875,0.5281683802604675,False,0.7511330842971802
train-013643-7083889b3b2dc152,12,6,train,8107473954491187538,pointer,C,Q,C,False,C,False,False,3.7513606548309326,-3.5625,-3.5625,3.0625,0.889297329741296,4,Q A B,B,False,False,3.9122281074523926,0.1259765625,0.5314525961875916,False,0.7581179141998291
train-013643-7083889b3b2dc152,12,7,train,8107473954491187538,pointer,C,Q,E,False,C,False,False,3.4965415000915527,-3.0625,-2.8125,2.5,1.6092549299469647,5,Q I A,Q,False,True,3.4820244312286377,0.134765625,0.5336405038833618,False,0.762798547744751
train-013643-7083889b3b2dc152,12,8,train,8107473954491187538,pointer,C,Q,C,False,C,False,False,2.893923759460449,-1.4375,-1.4375,0.625,2.567343349379961,5,Q V E,Q,False,True,3.978632926940918,0.140625,0.5350984334945679,False,0.7659295797348022
train-013643-7083889b3b2dc152,12,9,train,8107473954491187538,pointer,C,V,E,False,C,False,False,2.12485408782959,-0.6875,-2.875,0.25,2.3823932354998654,4,V I J,W,False,False,2.8521814346313477,0.162109375,0.5404388308525085,False,0.7774832248687744
train-013643-7083889b3b2dc152,12,10,train,8107473954491187538,pointer,C,I,C,False,C,False,False,5.347390174865723,-4.09375,-4.09375,0.0,2.0018779630002195,16,I V E,W,False,False,4.291399002075195,0.1669921875,0.5416513085365295,False,0.7801250219345093
train-013643-7083889b3b2dc152,12,11,train,8107473954491187538,pointer,C,V,E,False,C,False,False,2.1976709365844727,-1.1875,-4.09375,0.1875,1.8423967142153554,3,V I E,W,False,False,2.742644786834717,0.162109375,0.5404388308525085,False,0.7774832248687744
train-013643-7083889b3b2dc152,12,12,train,8107473954491187538,pointer,C,V,C,False,C,False,False,4.607934474945068,-3.625,-3.625,0.25,1.8742329926945278,10,V I J,W,False,False,4.786285400390625,0.1572265625,0.5392258763313293,True,0.6176207661628723
train-009819-ea3721f54f8df566,1,1,train,16876995466079630694,pointer,L,L,E,False,E,False,False,2.4407336711883545,-0.125,-0.125,0.125,3.137195835287783,2,L E A,Z,False,False,3.2509822845458984,-0.310546875,0.42298123240470886,True,0.8604273796081543
train-009819-ea3721f54f8df566,1,2,train,16876995466079630694,pointer,L,L,,,E,False,True,,,-1.875,0.6875,2.996354805545906,,L Q D,Z,,False,,-0.181640625,0.4547143280506134,,
train-009819-ea3721f54f8df566,1,3,train,16876995466079630694,pointer,L,Q,,,E,False,True,,,-2.4375,0.375,2.6232838840734507,,Q L S,Z,,False,,-0.038818359375,0.4902966022491455,,
train-009819-ea3721f54f8df566,1,4,train,16876995466079630694,pointer,L,Q,,,E,False,True,,,-4.125,0.5,1.730805778290757,,Q F H,Z,,False,,0.06396484375,0.5159857273101807,,
train-009819-ea3721f54f8df566,1,5,train,16876995466079630694,pointer,L,Q,,,E,False,True,,,-5.6875,2.25,0.7411266644542579,,Q F J,B,,False,,0.12451171875,0.5310877561569214,,
train-009819-ea3721f54f8df566,1,6,train,16876995466079630694,pointer,L,Q,,,E,False,True,,,-4.4375,1.4375,1.1605056507834541,,Q J M,B,,False,,0.142578125,0.5355842709541321,,
train-009819-ea3721f54f8df566,1,7,train,16876995466079630694,pointer,L,Q,,,E,False,True,,,-2.5625,0.6875,2.1966344062135783,,Q V J,Q,,True,,0.16796875,0.541893720626831,,
train-009819-ea3721f54f8df566,1,8,train,16876995466079630694,pointer,L,V,,,E,False,True,,,-2.6875,1.4375,2.1632889317332102,,V Q J,Q,,False,,0.19921875,0.5496405959129333,,
train-009819-ea3721f54f8df566,1,9,train,16876995466079630694,pointer,L,V,,,E,False,True,,,-2.875,1.0625,2.330977013785816,,V R J,W,,False,,0.2197265625,0.5547116994857788,,
train-009819-ea3721f54f8df566,1,10,train,16876995466079630694,pointer,L,R,,,E,False,True,,,-3.59375,1.1875,2.277395588020552,,R C S,W,,False,,0.2353515625,0.5585678219795227,,
train-009819-ea3721f54f8df566,1,11,train,16876995466079630694,pointer,L,R,,,E,False,True,,,-4.25,0.25,2.034525839189335,,R C A,W,,False,,0.25,0.562176525592804,,
train-009819-ea3721f54f8df566,1,12,train,16876995466079630694,pointer,L,C,,,E,False,True,,,-3.65625,0.9375,2.3489338764386742,,C R A,W,,False,,0.265625,0.5660185217857361,,
train-032293-df1a7f6a1875f360,2,1,train,16076301913506050912,pointer,K,E,E,True,V,False,False,2.2756848335266113,0.25,-0.25,0.25,3.12151819506746,1,E V T,Z,False,False,3.2660913467407227,-0.287109375,0.4287116527557373,False,0.5598613023757935
train-032293-df1a7f6a1875f360,2,2,train,16076301913506050912,pointer,K,Z,V,False,V,False,False,3.716320753097534,-1.3125,-1.3125,0.25,3.126672332880604,21,Z K M,Z,False,True,4.233692646026611,-0.1689453125,0.45786386728286743,True,0.7811834216117859
train-032293-df1a7f6a1875f360,2,3,train,16076301913506050912,pointer,K,K,,,V,False,True,,,-3.875,0.3125,2.6086204520290335,,K Q M,Z,,False,,-0.040283203125,0.48993051052093506,,
train-032293-df1a7f6a1875f360,2,4,train,16076301913506050912,pointer,K,H,,,V,False,True,,,-3.0625,0.0625,2.4403634964414356,,H Q M,Z,,False,,0.05419921875,0.5135464668273926,,
train-032293-df1a7f6a1875f360,2,5,train,16076301913506050912,pointer,K,J,,,V,False,True,,,-1.8125,1.0625,2.268252435578707,,J Q A,W,,False,,0.09912109375,0.5247600078582764,,
train-032293-df1a7f6a1875f360,2,6,train,16076301913506050912,pointer,K,J,,,V,False,True,,,-1.4375,0.1875,2.252423360842855,,J Q A,W,,False,,0.1171875,0.5292633771896362,,
train-032293-df1a7f6a1875f360,2,7,train,16076301913506050912,pointer,K,Q,,,V,False,True,,,-0.375,0.1875,2.417962172543198,,Q J V,W,,False,,0.123046875,0.530722975730896,,
train-032293-df1a7f6a1875f360,2,8,train,16076301913506050912,pointer,K,V,,,V,True,True,,,0.125,0.125,2.424106547124761,,V J Q,W,,False,,0.1337890625,0.5333974361419678,,
train-032293-df1a7f6a1875f360,2,9,train,16076301913506050912,pointer,K,V,,,V,True,True,,,0.0625,0.0625,2.5244385040922466,,V I J,W,,False,,0.1474609375,0.5367985367774963,,
train-032293-df1a7f6a1875f360,2,10,train,16076301913506050912,pointer,K,P,,,V,False,True,,,-0.4375,0.375,2.618876128440077,,P I V,W,,False,,0.1640625,0.5409238934516907,,
train-032293-df1a7f6a1875f360,2,11,train,16076301913506050912,pointer,K,P,,,V,False,True,,,-1.625,1.0,2.59569579948578,,P I C,W,,False,,0.1787109375,0.5445592403411865,,
train-032293-df1a7f6a1875f360,2,12,train,16076301913506050912,pointer,K,P,,,V,False,True,,,-2.53125,0.5625,2.5416168893024356,,P C A,W,,False,,0.1923828125,0.547947883605957,,
train-034436-256b6d7f82ba5763,3,1,train,2696369196332898147,pointer,P,Q,Q,True,T,False,False,1.9709017276763916,0.375,-1.5625,0.375,3.027232494459133,1,Q P B,Z,False,False,3.052887439727783,-0.322265625,0.4201236963272095,False,0.5449404716491699
train-034436-256b6d7f82ba5763,3,2,train,2696369196332898147,pointer,P,Q,X,False,T,False,False,5.044057846069336,-3.0625,-1.4375,0.0625,2.986680663254808,26,Q P R,Z,False,False,3.698021173477173,-0.189453125,0.4527778625488281,False,0.602900505065918
train-034436-256b6d7f82ba5763,3,3,train,2696369196332898147,pointer,P,Q,T,False,T,False,False,3.972120761871338,-2.3125,-2.3125,0.1875,2.794277545543527,18,Q P N,Z,False,False,3.3467845916748047,-0.0556640625,0.4860875904560089,True,0.7213664650917053
train-034436-256b6d7f82ba5763,3,4,train,2696369196332898147,pointer,P,Q,,,T,False,True,,,-3.5,1.875,2.0700900929961903,,Q H I,Q,,True,,0.0166015625,0.5041502714157104,,
train-034436-256b6d7f82ba5763,3,5,train,2696369196332898147,pointer,P,Q,,,T,False,True,,,-4.90625,3.78125,0.603881420473415,,Q I J,Q,,True,,0.05615234375,0.5140343904495239,,
train-034436-256b6d7f82ba5763,3,6,train,2696369196332898147,pointer,P,Q,,,T,False,True,,,-5.09375,3.0625,0.6548424894978081,,Q X M,Q,,True,,0.0810546875,0.5202525854110718,,
train-034436-256b6d7f82ba5763,3,7,train,2696369196332898147,pointer,P,Q,,,T,False,True,,,-2.625,0.5,2.2815667858392015,,Q X I,Q,,True,,0.10205078125,0.5254905819892883,,
train-034436-256b6d7f82ba5763,3,8,train,2696369196332898147,pointer,P,X,,,T,False,True,,,-4.0,0.3125,2.1719023508084794,,X V Y,W,,False,,0.10595703125,0.5264645218849182,,
train-034436-256b6d7f82ba5763,3,9,train,2696369196332898147,pointer,P,X,,,T,False,True,,,-3.09375,0.25,2.461495464577342,,X Y D,W,,False,,0.103515625,0.5258558392524719,,
train-034436-256b6d7f82ba5763,3,10,train,2696369196332898147,pointer,P,Y,,,T,False,True,,,-2.34375,0.0625,2.558259813442148,,Y X D,W,,False,,0.1025390625,0.5256123542785645,,
train-034436-256b6d7f82ba5763,3,11,train,2696369196332898147,pointer,P,Y,,,T,False,True,,,-2.03125,0.125,2.5807553827824705,,Y X D,W,,False,,0.1044921875,0.5260992646217346,,
train-034436-256b6d7f82ba5763,3,12,train,2696369196332898147,pointer,P,X,,,T,False,True,,,-1.75,0.0625,2.6105817467490833,,X D Y,W,,False,,0.10791015625,0.5269514322280884,,
train-001236-2b1edb1fa7ee3309,4,1,train,3107161721940095753,pointer,L,M,V,False,P,False,False,3.1568214893341064,-1.25,-0.125,0.125,2.930873833254917,6,M P T,Z,False,False,4.397332191467285,-0.298828125,0.4258439540863037,False,0.5548540949821472
train-001236-2b1edb1fa7ee3309,4,2,train,3107161721940095753,pointer,L,L,G,False,P,False,False,3.5752391815185547,-1.3125,-0.8125,0.0625,3.062066042023047,13,L M Z,Z,False,False,3.149731159210205,-0.150390625,0.4624730348587036,False,0.620776355266571
train-001236-2b1edb1fa7ee3309,4,3,train,3107161721940095753,pointer,L,Q,T,False,P,False,False,4.606135845184326,-2.9375,-2.5625,0.125,2.6529271519488633,18,Q L J,Z,False,False,3.1472556591033936,0.003265380859375,0.5008163452148438,False,0.6947811841964722
train-001236-2b1edb1fa7ee3309,4,4,train,3107161721940095753,pointer,L,Q,P,False,P,False,False,4.430721282958984,-3.21875,-3.21875,0.4375,2.237658919986989,11,Q J M,W,False,False,3.2021305561065674,0.09130859375,0.5228112936019897,True,0.6485347151756287
train-001236-2b1edb1fa7ee3309,4,5,train,3107161721940095753,pointer,L,Q,,,P,False,True,,,-5.8125,2.375,1.1042345126975008,,Q U M,T,,False,,0.1220703125,0.5304797887802124,,
train-001236-2b1edb1fa7ee3309,4,6,train,3107161721940095753,pointer,L,Q,,,P,False,True,,,-6.34375,3.5625,0.8493900151359587,,Q J V,T,,False,,0.1396484375,0.5348554849624634,,
train-001236-2b1edb1fa7ee3309,4,7,train,3107161721940095753,pointer,L,Q,,,P,False,True,,,-3.9375,0.875,2.1877834752499785,,Q V E,W,,False,,0.1630859375,0.5406813621520996,,
train-001236-2b1edb1fa7ee3309,4,8,train,3107161721940095753,pointer,L,I,,,P,False,True,,,-2.4375,0.0,2.356956763575499,,I V J,W,,False,,0.1748046875,0.5435901880264282,,
train-001236-2b1edb1fa7ee3309,4,9,train,3107161721940095753,pointer,L,I,,,P,False,True,,,-1.6875,0.375,2.482717630418893,,I V J,W,,False,,0.17578125,0.543832540512085,,
train-001236-2b1edb1fa7ee3309,4,10,train,3107161721940095753,pointer,L,C,,,P,False,True,,,-1.21875,0.5,2.582333951689201,,C J I,W,,False,,0.177734375,0.5443170070648193,,
train-001236-2b1edb1fa7ee3309,4,11,train,3107161721940095753,pointer,L,C,,,P,False,True,,,-1.8125,1.46875,2.4238438997300804,,C J S,W,,False,,0.1806640625,0.5450435876846313,,
train-001236-2b1edb1fa7ee3309,4,12,train,3107161721940095753,pointer,L,C,,,P,False,True,,,-2.4375,1.1875,2.3763169930368644,,C H F,W,,False,,0.1875,0.5467381477355957,,
train-004081-a94953a1e320f07a,5,1,train,12198373020475125882,pointer,S,Q,Q,True,X,False,False,2.2710258960723877,0.5,-2.1875,0.5,3.147463493290522,1,Q T M,Z,False,False,3.0900704860687256,-0.318359375,0.42107561230659485,False,0.5465834140777588
train-004081-a94953a1e320f07a,5,2,train,12198373020475125882,pointer,S,Q,L,False,X,False,False,3.3117127418518066,-1.1875,-2.3125,0.0,3.0136168965330192,9,Q S Z,Z,False,False,4.0311689376831055,-0.16796875,0.45810630917549133,False,0.6126853227615356
train-004081-a94953a1e320f07a,5,3,train,12198373020475125882,pointer,S,Q,H,False,X,False,False,2.8001744747161865,-1.1875,-3.375,0.1875,2.565152256410812,5,Q S E,Z,False,False,4.084774494171143,-0.0308837890625,0.49227967858314514,False,0.6778244972229004
train-004081-a94953a1e320f07a,5,4,train,12198373020475125882,pointer,S,H,V,False,X,False,False,5.1768903732299805,-3.65625,-4.34375,0.125,2.46031323535091,20,H E I,Z,False,False,3.673396587371826,0.042236328125,0.5105575323104858,False,0.7144883275032043
train-004081-a94953a1e320f07a,5,5,train,12198373020475125882,pointer,S,Q,X,False,X,False,False,4.133357524871826,-3.46875,-3.46875,1.0,1.8080193406031544,10,Q E T,Z,False,False,3.4378366470336914,0.09814453125,0.5245164632797241,True,0.6452784538269043
train-004081-a94953a1e320f07a,5,6,train,12198373020475125882,pointer,S,Q,,,X,False,True,,,-2.5625,0.5625,1.9713043829402634,,Q E T,Q,,True,,0.13671875,0.5341265201568604,,
train-004081-a94953a1e320f07a,5,7,train,12198373020475125882,pointer,S,T,,,X,False,True,,,-2.1875,0.0625,2.1990989220514536,,T V E,W,,False,,0.162109375,0.5404388308525085,,
train-004081-a94953a1e320f07a,5,8,train,12198373020475125882,pointer,S,V,,,X,False,True,,,-3.5,0.0625,1.957591812004252,,V T E,W,,False,,0.1650390625,0.541166365146637,,
train-004081-a94953a1e320f07a,5,9,train,12198373020475125882,pointer,S,T,,,X,False,True,,,-3.9375,0.4375,2.1624667666190702,,T V I,W,,False,,0.1640625,0.5409238934516907,,
train-004081-a94953a1e320f07a,5,10,train,12198373020475125882,pointer,S,T,,,X,False,True,,,-4.25,0.6875,2.213754887084522,,T S I,W,,False,,0.169921875,0.5423785448074341,,
train-004081-a94953a1e320f07a,5,11,train,12198373020475125882,pointer,S,T,,,X,False,True,,,-4.25,0.3125,2.2179286804370744,,T S I,W,,False,,0.181640625,0.545285701751709,,
train-004081-a94953a1e320f07a,5,12,train,12198373020475125882,pointer,S,T,,,X,False,True,,,-4.125,0.0625,2.2141989275949014,,T S I,W,,False,,0.1953125,0.5486735105514526,,
train-033557-44eacc919581c788,6,1,train,4966006464780027784,pointer,Y,P,P,True,O,False,False,2.058715581893921,0.5,-2.0,0.5,3.077436074980149,1,P W Y,Z,False,False,3.0379045009613037,-0.31640625,0.42155182361602783,False,0.5474063158035278
train-033557-44eacc919581c788,6,2,train,4966006464780027784,pointer,Y,Y,H,False,O,False,False,4.257628440856934,-2.875,-4.125,1.25,2.8487011032820564,21,Y P Z,Z,False,False,3.8592660427093506,-0.1748046875,0.4564097821712494,False,0.6095595955848694
train-033557-44eacc919581c788,6,3,train,4966006464780027784,pointer,Y,Y,E,False,O,False,False,4.318730354309082,-3.6875,-6.0,1.9375,2.0090482792909348,11,Y Z J,Z,False,False,3.208113431930542,-0.018310546875,0.49542245268821716,False,0.6840338110923767
train-033557-44eacc919581c788,6,4,train,4966006464780027784,pointer,Y,C,J,False,O,False,False,2.4819934368133545,-1.0625,-1.5,0.34375,2.4078347487253913,5,C Q H,Z,False,False,3.014869451522827,0.0703125,0.5175709128379822,False,0.7289212942123413
train-033557-44eacc919581c788,6,5,train,4966006464780027784,pointer,Y,Q,U,False,O,False,False,6.408077239990234,-5.84375,-5.1875,1.9375,1.8614678175393677,25,Q Y B,Q,False,True,3.5545713901519775,0.099609375,0.5248817801475525,False,0.744191586971283
train-033557-44eacc919581c788,6,6,train,4966006464780027784,pointer,Y,Q,O,False,O,False,False,4.16351318359375,-3.8125,-3.8125,2.375,1.4386882836921993,7,Q J E,Q,False,True,3.517752170562744,0.1455078125,0.5363128781318665,True,0.6230375170707703
train-033557-44eacc919581c788,6,7,train,4966006464780027784,pointer,Y,Q,,,O,False,True,,,-3.5625,0.625,2.6877521956230215,,Q E Y,P,,False,,0.1533203125,0.5382551550865173,,
train-033557-44eacc919581c788,6,8,train,4966006464780027784,pointer,Y,E,,,O,False,True,,,-2.875,1.0,2.5025006330314934,,E V I,P,,False,,0.17578125,0.543832540512085,,
train-033557-44eacc919581c788,6,9,train,4966006464780027784,pointer,Y,E,,,O,False,True,,,-3.625,1.0625,2.1982128867094675,,E V R,W,,False,,0.1728515625,0.5431056022644043,,
train-033557-44eacc919581c788,6,10,train,4966006464780027784,pointer,Y,R,,,O,False,True,,,-3.8125,0.5625,2.133134672064437,,R J E,W,,False,,0.1630859375,0.5406813621520996,,
train-033557-44eacc919581c788,6,11,train,4966006464780027784,pointer,Y,R,,,O,False,True,,,-4.84375,0.125,1.6752358604327549,,R J P,Q,,False,,0.1611328125,0.5401962995529175,,
train-033557-44eacc919581c788,6,12,train,4966006464780027784,pointer,Y,J,,,O,False,True,,,-5.8125,0.75,1.6614137742803872,,J R P,Q,,False,,0.1630859375,0.5406813621520996,,
train-004074-469e2a776b001a6f,8,1,train,5088551321359882863,pointer,A,Z,H,False,N,False,False,2.882340431213379,-0.5625,-1.4375,0.0625,3.0502200738543426,7,Z B A,Z,False,True,3.783510208129883,-0.328125,0.41869693994522095,False,0.5424830317497253
train-004074-469e2a776b001a6f,8,2,train,5088551321359882863,pointer,A,B,O,False,N,False,False,5.725614070892334,-3.75,-2.1875,0.1875,2.9613062175362606,26,B Z S,Z,False,False,3.069331169128418,-0.1875,0.4532618522644043,False,0.6037852764129639
train-004074-469e2a776b001a6f,8,3,train,5088551321359882863,pointer,A,A,M,False,N,False,False,4.398577690124512,-3.0,-2.6875,0.75,2.5882526118469102,15,A S B,Z,False,False,3.4612460136413574,-0.0546875,0.4863315224647522,False,0.6661772131919861
train-004074-469e2a776b001a6f,8,4,train,5088551321359882863,pointer,A,H,F,False,N,False,False,6.7805023193359375,-5.65625,-4.5625,0.625,2.2191239490494787,24,H Q I,Z,False,False,3.636315107345581,0.0186767578125,0.5046690702438354,False,0.7025291919708252
train-004074-469e2a776b001a6f,8,5,train,5088551321359882863,pointer,A,Q,L,False,N,False,False,5.302775859832764,-4.875,-6.25,1.75,1.4473796997140758,14,Q J H,Q,False,True,3.8438210487365723,0.0654296875,0.5163516402244568,False,0.7263970375061035
train-004074-469e2a776b001a6f,8,6,train,5088551321359882863,pointer,A,Q,Z,False,N,False,False,5.660765647888184,-5.1875,-5.78125,1.5625,1.5440487726337468,16,Q J S,Q,False,True,2.7655129432678223,0.0947265625,0.5236639380455017,False,0.7416316866874695
train-004074-469e2a776b001a6f,8,7,train,5088551321359882863,pointer,A,J,K,False,N,False,False,5.424229621887207,-4.21875,-4.78125,0.4375,2.3163000160053913,17,J Q V,Q,False,False,2.8476178646087646,0.119140625,0.5297499895095825,False,0.7544907331466675
train-004074-469e2a776b001a6f,8,8,train,5088551321359882863,pointer,A,J,N,False,N,False,False,5.547529697418213,-4.5,-4.5,0.875,2.216353745556998,20,J D C,Q,False,False,3.666069507598877,0.1328125,0.5331544280052185,True,0.6289442181587219
train-004074-469e2a776b001a6f,8,9,train,5088551321359882863,pointer,A,C,,,N,False,True,,,-2.90625,0.25,2.3658714500609483,,C D J,W,,False,,0.138671875,0.5346124768257141,,
train-004074-469e2a776b001a6f,8,10,train,5088551321359882863,pointer,A,C,,,N,False,True,,,-2.4375,0.4375,2.3848279825463607,,C L F,Q,,False,,0.146484375,0.5365557670593262,,
train-004074-469e2a776b001a6f,8,11,train,5088551321359882863,pointer,A,F,,,N,False,True,,,-2.4375,0.125,2.2847259855541417,,F C L,Q,,False,,0.15625,0.5389832258224487,,
train-004074-469e2a776b001a6f,8,12,train,5088551321359882863,pointer,A,F,,,N,False,True,,,-2.75,0.375,2.1180072018403644,,F L C,Q,,False,,0.1669921875,0.5416513085365295,,
train-026854-5873933bbf314402,10,1,train,6373599782479414274,pointer,Q,N,N,True,N,True,False,2.23246693611145,0.0,0.0,0.0,3.028546972602149,1,N Q V,Z,False,False,2.917334794998169,-0.3203125,0.4205995798110962,False,0.5457614660263062
train-026854-5873933bbf314402,10,2,train,6373599782479414274,pointer,Q,Q,E,False,N,False,False,3.5413708686828613,-2.375,-2.0625,1.5625,2.7249782201678867,11,Q Z R,Z,False,False,3.2344613075256348,-0.1650390625,0.4588336646556854,False,0.6140285730361938
train-026854-5873933bbf314402,10,3,train,6373599782479414274,pointer,Q,Q,Q,True,N,False,False,0.30029019713401794,2.9375,-4.625,2.9375,1.311677432674056,1,Q H Z,Z,False,False,3.103834390640259,-0.025146484375,0.4937136769294739,False,0.6806529760360718
train-026854-5873933bbf314402,10,4,train,6373599782479414274,pointer,Q,Q,N,False,N,False,False,7.4672465324401855,-6.515625,-6.515625,0.6875,1.9670430771312175,23,Q H I,Z,False,False,3.728531837463379,0.06884765625,0.5172051191329956,False,0.7281633615493774
train-026854-5873933bbf314402,10,5,train,6373599782479414274,pointer,Q,Q,E,False,N,False,False,5.3654561042785645,-5.25,-7.1875,3.25,0.5981704584817643,7,Q A I,Z,False,False,3.5749521255493164,0.10791015625,0.5269514322280884,False,0.7485571503639221
train-026854-5873933bbf314402,10,6,train,6373599782479414274,pointer,Q,Q,Q,True,N,False,False,0.22129830718040466,2.4375,-8.15625,2.4375,0.937815381295816,1,Q I R,W,False,False,2.806116819381714,0.1396484375,0.5348554849624634,False,0.765407145023346
train-026854-5873933bbf314402,10,7,train,6373599782479414274,pointer,Q,Q,N,False,N,False,False,7.331594467163086,-6.5625,-6.5625,0.8125,1.8809662773326863,24,Q I R,W,False,False,3.703925848007202,0.1494140625,0.5372841358184814,False,0.7706421613693237
train-026854-5873933bbf314402,10,8,train,6373599782479414274,pointer,Q,I,E,False,N,False,False,3.1312055587768555,-1.875,-5.90625,0.375,2.235512466183104,6,I R V,W,False,False,3.089601993560791,0.16015625,0.5399536490440369,False,0.7764281034469604
train-026854-5873933bbf314402,10,9,train,6373599782479414274,pointer,Q,R,Q,False,N,False,False,3.7405593395233154,-2.53125,-4.90625,0.3125,2.222452551699539,10,R I V,W,False,False,2.959197998046875,0.1572265625,0.5392258763313293,False,0.7748473286628723
train-026854-5873933bbf314402,10,10,train,6373599782479414274,pointer,Q,R,N,False,N,False,False,4.8904008865356445,-3.71875,-3.71875,0.625,2.27469944874306,17,R I P,W,False,False,3.653156280517578,0.1494140625,0.5372841358184814,True,0.6212280988693237
train-026854-5873933bbf314402,10,11,train,6373599782479414274,pointer,Q,C,,,N,False,True,,,-2.59375,0.4375,2.305338388852961,,C R P,W,,False,,0.1455078125,0.5363128781318665,,
train-026854-5873933bbf314402,10,12,train,6373599782479414274,pointer,Q,C,,,N,False,True,,,-2.0,0.75,2.245122107993277,,C H P,W,,False,,0.1435546875,0.5358271598815918,,
train-011168-87293f2ee627e44d,12,1,train,9739385139827827789,pointer,X,Z,N,False,C,False,False,2.671934127807617,-0.25,-1.6875,0.125,3.0960159590026333,4,Z Q M,Z,False,True,2.912400484085083,-0.322265625,0.4201236963272095,False,0.5449404716491699
train-011168-87293f2ee627e44d,12,2,train,9739385139827827789,pointer,X,Z,U,False,C,False,False,5.204258441925049,-3.3125,-2.1875,0.3125,3.02299732153248,26,Z Y N,Z,False,True,3.1873908042907715,-0.18359375,0.45423004031181335,False,0.6055577397346497
train-011168-87293f2ee627e44d,12,3,train,9739385139827827789,pointer,X,Y,A,False,C,False,False,3.7472691535949707,-2.375,-2.125,0.8125,2.733419779970136,11,Y X Q,Z,False,False,3.03096866607666,-0.0174560546875,0.49563607573509216,False,0.6844572424888611
train-011168-87293f2ee627e44d,12,4,train,9739385139827827789,pointer,X,Q,I,False,C,False,False,2.377647876739502,-0.875,-2.03125,0.3125,2.439645279410888,4,Q J H,B,False,False,4.0888142585754395,0.0859375,0.5214711427688599,False,0.737038791179657
train-011168-87293f2ee627e44d,12,5,train,9739385139827827789,pointer,X,Q,J,False,C,False,False,3.415518045425415,-3.125,-6.0625,2.625,1.2451528745631344,3,Q B J,B,False,False,3.11385440826416,0.1376953125,0.5343695282936096,False,0.7643629908561707
train-011168-87293f2ee627e44d,12,6,train,9739385139827827789,pointer,X,Q,G,False,C,False,False,4.17788028717041,-2.8125,-3.625,0.375,2.4796982461101433,13,Q X A,P,False,False,3.155907392501831,0.16015625,0.5399536490440369,False,0.7764281034469604
train-011168-87293f2ee627e44d,12,7,train,9739385139827827789,pointer,X,Q,V,False,C,False,False,3.3517372608184814,-1.9375,-3.75,0.5,2.551419812719384,9,Q D X,Q,False,True,3.480825424194336,0.205078125,0.5510905981063843,False,0.8009341955184937
train-011168-87293f2ee627e44d,12,8,train,9739385139827827789,pointer,X,V,R,False,C,False,False,2.891653537750244,-1.3125,-2.9375,0.0625,2.53300950020189,7,V D E,W,False,False,3.8979456424713135,0.21484375,0.5535053014755249,False,0.8063277006149292
train-011168-87293f2ee627e44d,12,9,train,9739385139827827789,pointer,X,D,B,False,C,False,False,3.0185437202453613,-1.75,-2.5625,0.625,2.3011366205049564,6,D V P,W,False,False,3.2658278942108154,0.20703125,0.5515737533569336,False,0.8020110130310059
train-011168-87293f2ee627e44d,12,10,train,9739385139827827789,pointer,X,D,Y,False,C,False,False,7.330044269561768,-5.8125,-0.625,0.1875,2.3193629502734203,23,D P R,W,False,False,2.609719753265381,0.1962890625,0.5489152669906616,False,0.7961001992225647
train-011168-87293f2ee627e44d,12,11,train,9739385139827827789,pointer,X,C,W,False,C,True,False,3.831052303314209,-2.90625,0.6875,0.6875,1.9246082445397459,6,C P J,W,True,False,2.3053598403930664,0.185546875,0.5462540984153748,False,0.790217936038971
train-011168-87293f2ee627e44d,12,12,train,9739385139827827789,pointer,X,C,C,True,C,True,False,0.6416258215904236,1.25,1.25,1.25,1.7542004081504663,1,C P J,W,False,False,4.728583335876465,0.1787109375,0.5445592403411865,True,0.6077786087989807
train-024255-99b2b8f40a41b8fb,1,1,train,11075117791941081339,pointer,L,Q,J,False,J,False,False,3.604127883911133,-1.1875,-1.1875,0.25,3.110913861361037,16,Q L M,Z,False,False,3.934844493865967,-0.302734375,0.4248892068862915,True,0.8559269309043884
train-024255-99b2b8f40a41b8fb,1,2,train,11075117791941081339,pointer,L,L,,,J,False,True,,,-2.0625,0.625,2.9348793389203456,,L Z Q,Z,,False,,-0.15625,0.46101677417755127,,
train-024255-99b2b8f40a41b8fb,1,3,train,11075117791941081339,pointer,L,L,,,J,False,True,,,-1.875,0.375,2.6303479553281965,,L Q Y,Z,,False,,-0.01092529296875,0.4972687065601349,,
train-024255-99b2b8f40a41b8fb,1,4,train,11075117791941081339,pointer,L,Q,,,J,False,True,,,-1.5625,0.375,1.8960354366721341,,Q F J,Z,,False,,0.0849609375,0.5212274789810181,,
train-024255-99b2b8f40a41b8fb,1,5,train,11075117791941081339,pointer,L,Q,,,J,False,True,,,-3.125,2.8125,0.893735627155602,,Q F J,B,,False,,0.12890625,0.532181978225708,,
train-024255-99b2b8f40a41b8fb,1,6,train,11075117791941081339,pointer,L,Q,,,J,False,True,,,-2.3125,2.3125,1.1553840006577807,,Q J A,B,,False,,0.1455078125,0.5363128781318665,,
train-024255-99b2b8f40a41b8fb,1,7,train,11075117791941081339,pointer,L,Q,,,J,False,True,,,-1.75,1.4375,2.4008180758439814,,Q A M,P,,False,,0.158203125,0.53946852684021,,
train-024255-99b2b8f40a41b8fb,1,8,train,11075117791941081339,pointer,L,V,,,J,False,True,,,-0.8125,0.8125,2.316677753829155,,V J Q,W,,False,,0.185546875,0.5462540984153748,,
train-024255-99b2b8f40a41b8fb,1,9,train,11075117791941081339,pointer,L,V,,,J,False,True,,,-1.4375,1.4375,1.7985394750518136,,V J I,W,,False,,0.2060546875,0.5513321757316589,,
train-024255-99b2b8f40a41b8fb,1,10,train,11075117791941081339,pointer,L,V,,,J,False,True,,,-1.9375,1.75,1.661354708629038,,V I J,W,,False,,0.21484375,0.5535053014755249,,
train-024255-99b2b8f40a41b8fb,1,11,train,11075117791941081339,pointer,L,V,,,J,False,True,,,-1.4375,0.6875,2.163093977672013,,V I J,W,,False,,0.224609375,0.555917501449585,,
train-024255-99b2b8f40a41b8fb,1,12,train,11075117791941081339,pointer,L,I,,,J,False,True,,,-0.4375,0.4375,2.5568741730569253,,I J V,W,,False,,0.23828125,0.5592900514602661,,
train-015292-8519a988adcd4869,2,1,train,9590883285958740073,pointer,W,L,P,False,I,False,False,1.8396373987197876,-0.4375,-3.0,0.4375,2.705489572975168,2,L P M,Z,False,False,3.0459578037261963,-0.294921875,0.42679935693740845,False,0.5565193891525269
train-015292-8519a988adcd4869,2,2,train,9590883285958740073,pointer,W,P,I,False,I,False,False,4.380703926086426,-2.1875,-2.1875,0.25,3.068680882401972,23,P W V,Z,False,False,3.7481679916381836,-0.142578125,0.4644157588481903,True,0.7669751644134521
train-015292-8519a988adcd4869,2,3,train,9590883285958740073,pointer,W,W,,,I,False,True,,,-2.4375,0.625,2.8995090337215457,,W V Z,Z,,False,,0.0223388671875,0.5055844783782959,,
train-015292-8519a988adcd4869,2,4,train,9590883285958740073,pointer,W,Q,,,I,False,True,,,-2.0625,2.0625,1.7719494780229086,,Q I Z,Z,,False,,0.0986328125,0.5246382355690002,,
train-015292-8519a988adcd4869,2,5,train,9590883285958740073,pointer,W,Q,,,I,False,True,,,-1.875,1.875,1.5238699893068135,,Q I P,Q,,True,,0.1259765625,0.5314525961875916,,
train-015292-8519a988adcd4869,2,6,train,9590883285958740073,pointer,W,Q,,,I,False,True,,,-0.1875,0.1875,2.1361528389175617,,Q I P,Q,,True,,0.1455078125,0.5363128781318665,,
train-015292-8519a988adcd4869,2,7,train,9590883285958740073,pointer,W,I,,,I,True,True,,,0.625,0.625,2.3373530307526083,,I B P,W,,False,,0.142578125,0.5355842709541321,,
train-015292-8519a988adcd4869,2,8,train,9590883285958740073,pointer,W,I,,,I,True,True,,,0.375,0.375,2.4690598137882556,,I B P,W,,False,,0.134765625,0.5336405038833618,,
train-015292-8519a988adcd4869,2,9,train,9590883285958740073,pointer,W,M,,,I,False,True,,,-0.25,0.1875,2.5202509265788215,,M A I,Y,,False,,0.1279296875,0.5319388508796692,,
train-015292-8519a988adcd4869,2,10,train,9590883285958740073,pointer,W,M,,,I,False,True,,,-0.9375,0.25,2.54470277862549,,M A Q,Y,,False,,0.12353515625,0.5308445692062378,,
train-015292-8519a988adcd4869,2,11,train,9590883285958740073,pointer,W,J,,,I,False,True,,,-1.65625,0.0625,2.538389715922913,,J A P,Y,,False,,0.1240234375,0.5309661626815796,,
train-015292-8519a988adcd4869,2,12,train,9590883285958740073,pointer,W,J,,,I,False,True,,,-2.71875,0.0,2.563702009079038,,J P A,Y,,False,,0.1298828125,0.5324251055717468,,
train-016931-8160259db0a157c6,3,1,train,9322492587860383686,pointer,B,M,P,False,R,False,False,2.784626007080078,-0.6875,-0.75,0.6875,3.1108528958967354,2,M P L,Z,False,False,3.018169403076172,-0.328125,0.41869693994522095,False,0.5424830317497253
train-016931-8160259db0a157c6,3,2,train,9322492587860383686,pointer,B,B,L,False,R,False,False,2.5446219444274902,-0.625,-0.8125,0.625,3.036784806748413,2,B L Z,Z,False,False,4.055171012878418,-0.189453125,0.4527778625488281,False,0.602900505065918
train-016931-8160259db0a157c6,3,3,train,9322492587860383686,pointer,B,B,R,False,R,False,False,5.136006832122803,-4.5,-4.5,2.25,2.028260810224581,19,B L Q,Z,False,False,3.7334749698638916,-0.048828125,0.4877954125404358,True,0.7178592085838318
train-016931-8160259db0a157c6,3,4,train,9322492587860383686,pointer,B,Q,,,R,False,True,,,-4.75,0.1875,2.236204825916887,,Q H J,Z,,False,,0.0390625,0.5097643733024597,,
train-016931-8160259db0a157c6,3,5,train,9322492587860383686,pointer,B,Q,,,R,False,True,,,-7.03125,2.6875,0.9649157716826904,,Q M H,Z,,False,,0.083984375,0.5209837555885315,,
train-016931-8160259db0a157c6,3,6,train,9322492587860383686,pointer,B,Q,,,R,False,True,,,-6.34375,2.375,0.893587411652451,,Q M J,Q,,True,,0.09765625,0.524394690990448,,
train-016931-8160259db0a157c6,3,7,train,9322492587860383686,pointer,B,Q,,,R,False,True,,,-4.25,1.25,1.7190549587500652,,Q V J,Q,,True,,0.10595703125,0.5264645218849182,,
train-016931-8160259db0a157c6,3,8,train,9322492587860383686,pointer,B,V,,,R,False,True,,,-3.28125,1.875,2.212717716221421,,V S I,Q,,False,,0.1064453125,0.5265862345695496,,
train-016931-8160259db0a157c6,3,9,train,9322492587860383686,pointer,B,V,,,R,False,True,,,-2.78125,0.125,2.432119724504997,,V S T,Q,,False,,0.10205078125,0.5254905819892883,,
train-016931-8160259db0a157c6,3,10,train,9322492587860383686,pointer,B,S,,,R,False,True,,,-3.3125,1.25,2.1994201041292,,S V J,Q,,False,,0.10693359375,0.5267079472541809,,
train-016931-8160259db0a157c6,3,11,train,9322492587860383686,pointer,B,S,,,R,False,True,,,-3.4375,2.0,1.9748018625747046,,S J V,Q,,False,,0.1171875,0.5292633771896362,,
train-016931-8160259db0a157c6,3,12,train,9322492587860383686,pointer,B,S,,,R,False,True,,,-3.71875,2.0,1.769664714390927,,S J I,Q,,False,,0.1298828125,0.5324251055717468,,
train-025068-98b407ebeb1e1885,4,1,train,11003428499416291461,pointer,J,F,F,True,J,False,False,2.319030523300171,0.3125,-0.8125,0.3125,3.1180810427306147,1,F L Q,Z,False,False,2.8993782997131348,-0.302734375,0.4248892068862915,False,0.5531925559043884
train-025068-98b407ebeb1e1885,4,2,train,11003428499416291461,pointer,J,J,Z,False,J,True,False,2.6884827613830566,-0.3125,0.0625,0.0625,3.092086907443184,3,J Q Z,Z,True,False,2.4765372276306152,-0.1689453125,0.45786386728286743,False,0.6122381091117859
train-025068-98b407ebeb1e1885,4,3,train,11003428499416291461,pointer,J,J,S,False,J,True,False,4.529191493988037,-4.0,2.125,2.125,1.8151239069968839,13,J B Q,B,False,False,3.3675503730773926,-0.031494140625,0.49212712049484253,False,0.6775240898132324
train-025068-98b407ebeb1e1885,4,4,train,11003428499416291461,pointer,J,J,J,True,J,True,False,1.2174718379974365,0.5625,0.5625,0.5625,2.304572190136198,1,J Q H,Z,False,False,3.180773973464966,0.07080078125,0.5176928043365479,True,0.658373236656189
train-025068-98b407ebeb1e1885,4,5,train,11003428499416291461,pointer,J,Q,,,J,False,True,,,-0.6875,0.6875,1.9212608613218896,,Q J A,Z,,False,,0.12451171875,0.5310877561569214,,
train-025068-98b407ebeb1e1885,4,6,train,11003428499416291461,pointer,J,Q,,,J,False,True,,,-1.5625,1.125,1.704718561264952,,Q B J,Q,,True,,0.1474609375,0.5367985367774963,,
train-025068-98b407ebeb1e1885,4,7,train,11003428499416291461,pointer,J,Q,,,J,False,True,,,-1.5,1.375,2.2646410330339335,,Q B J,P,,False,,0.1669921875,0.5416513085365295,,
train-025068-98b407ebeb1e1885,4,8,train,11003428499416291461,pointer,J,J,,,J,True,True,,,0.375,0.375,2.2926792246783,,J V Q,W,,False,,0.1904296875,0.5474640727043152,,
train-025068-98b407ebeb1e1885,4,9,train,11003428499416291461,pointer,J,J,,,J,True,True,,,0.625,0.625,2.1530208423219674,,J V R,W,,False,,0.203125,0.5506073832511902,,
train-025068-98b407ebeb1e1885,4,10,train,11003428499416291461,pointer,J,J,,,J,True,True,,,0.4375,0.4375,2.4477243813591527,,J R F,W,,False,,0.2109375,0.5525397062301636,,
train-025068-98b407ebeb1e1885,4,11,train,11003428499416291461,pointer,J,F,,,J,False,True,,,-1.4375,1.25,2.036055577446068,,F H J,W,,False,,0.216796875,0.5539879202842712,,
train-025068-98b407ebeb1e1885,4,12,train,11003428499416291461,pointer,J,F,,,J,False,True,,,-3.0,2.3125,1.3228830590430904,,F H C,W,,False,,0.2216796875,0.555194079875946,,
train-024799-9b5a7074237022e7,5,1,train,11194383467895857895,pointer,W,E,E,True,L,False,False,0.7385667562484741,1.0625,-3.3125,1.0625,2.0669401292752925,1,E W O,Z,False,False,3.127455234527588,-0.318359375,0.42107561230659485,False,0.5465834140777588
train-024799-9b5a7074237022e7,5,2,train,11194383467895857895,pointer,W,W,I,False,L,False,False,4.172977447509766,-2.875,-1.875,1.125,2.8098726438759183,22,W E T,Z,False,False,3.5717077255249023,-0.201171875,0.44987592101097107,False,0.5976114869117737
train-024799-9b5a7074237022e7,5,3,train,11194383467895857895,pointer,W,W,L,False,L,False,False,3.494931221008301,-1.8125,-1.8125,0.125,2.7418033391666117,8,W Q Y,Z,False,False,3.744706630706787,-0.048583984375,0.48785635828971863,False,0.6691502332687378
train-024799-9b5a7074237022e7,5,4,train,11194383467895857895,pointer,W,Q,N,False,L,False,False,5.048336982727051,-4.375,-3.8125,1.125,1.7931154057907845,15,Q H F,B,False,False,3.4254653453826904,0.0625,0.5156199336051941,False,0.7248854041099548
train-024799-9b5a7074237022e7,5,5,train,11194383467895857895,pointer,W,Q,L,False,L,False,False,4.595915794372559,-4.03125,-4.03125,1.0625,1.6022647648587514,11,Q F I,T,False,False,3.536907196044922,0.1103515625,0.5275599360466003,True,0.6394928097724915
train-024799-9b5a7074237022e7,5,6,train,11194383467895857895,pointer,W,Q,,,L,False,True,,,-4.53125,0.375,2.2774491397673984,,Q I E,T,,False,,0.140625,0.5350984334945679,,
train-024799-9b5a7074237022e7,5,7,train,11194383467895857895,pointer,W,I,,,L,False,True,,,-5.28125,1.125,2.308965329477082,,I Q V,T,,False,,0.1552734375,0.5387405753135681,,
train-024799-9b5a7074237022e7,5,8,train,11194383467895857895,pointer,W,I,,,L,False,True,,,-5.78125,1.875,1.724771760694819,,I V R,W,,False,,0.1611328125,0.5401962995529175,,
train-024799-9b5a7074237022e7,5,9,train,11194383467895857895,pointer,W,I,,,L,False,True,,,-6.09375,2.5,1.357437585793136,,I V R,W,,False,,0.1630859375,0.5406813621520996,,
train-024799-9b5a7074237022e7,5,10,train,11194383467895857895,pointer,W,I,,,L,False,True,,,-6.125,2.375,1.4676828458346989,,I V R,W,,False,,0.166015625,0.5414088368415833,,
train-024799-9b5a7074237022e7,5,11,train,11194383467895857895,pointer,W,I,,,L,False,True,,,-6.1875,2.0625,1.7393887998990398,,I V R,Y,,False,,0.171875,0.5428633093833923,,
train-024799-9b5a7074237022e7,5,12,train,11194383467895857895,pointer,W,I,,,L,False,True,,,-6.1875,1.875,2.0005600384193,,I V A,Y,,False,,0.181640625,0.545285701751709,,
train-030524-a6e7463bb3d9a60b,6,1,train,12026658552150599179,pointer,M,L,P,False,Y,False,False,3.354867935180664,-1.125,-2.75,0.125,3.080571379240878,16,L A S,Z,False,False,3.0815844535827637,-0.318359375,0.42107561230659485,False,0.5465834140777588
train-030524-a6e7463bb3d9a60b,6,2,train,12026658552150599179,pointer,M,Q,B,False,Y,False,False,3.3128867149353027,-0.875,-2.0625,0.0625,3.1116105977550848,13,Q M R,Z,False,False,2.9758312702178955,-0.17578125,0.4561674892902374,False,0.6091139912605286
train-030524-a6e7463bb3d9a60b,6,3,train,12026658552150599179,pointer,M,Q,O,False,Y,False,False,5.806265830993652,-4.375,-2.125,0.625,2.6847324545900504,26,Q M J,Z,False,False,3.4352517127990723,-0.03369140625,0.4915779232978821,False,0.6764433979988098
train-030524-a6e7463bb3d9a60b,6,4,train,12026658552150599179,pointer,M,Q,C,False,Y,False,False,3.764542818069458,-3.125,-6.5625,1.0,1.7255835355481868,5,Q H J,W,False,False,3.8723866939544678,0.05517578125,0.5137904286384583,False,0.7211155295372009
train-030524-a6e7463bb3d9a60b,6,5,train,12026658552150599179,pointer,M,Q,V,False,Y,False,False,6.267092704772949,-6.03125,-8.71875,2.9375,1.035714320691743,16,Q H J,W,False,False,3.4749016761779785,0.1083984375,0.5270731449127197,False,0.7488144636154175
train-030524-a6e7463bb3d9a60b,6,6,train,12026658552150599179,pointer,M,Q,Y,False,Y,False,False,7.6629133224487305,-7.5,-7.5,3.1875,0.7876012934891311,22,Q E T,T,False,False,3.015068292617798,0.142578125,0.5355842709541321,True,0.6243970394134521
train-030524-a6e7463bb3d9a60b,6,7,train,12026658552150599179,pointer,M,Q,,,Y,False,True,,,-4.5625,1.625,1.9029138086022843,,Q E X,T,,False,,0.171875,0.5428633093833923,,
train-030524-a6e7463bb3d9a60b,6,8,train,12026658552150599179,pointer,M,V,,,Y,False,True,,,-3.78125,0.1875,2.349383830203849,,V I P,W,,False,,0.19140625,0.5477060079574585,,
train-030524-a6e7463bb3d9a60b,6,9,train,12026658552150599179,pointer,M,I,,,Y,False,True,,,-5.6875,0.375,2.0592157250714753,,I P V,W,,False,,0.1708984375,0.5426208972930908,,
train-030524-a6e7463bb3d9a60b,6,10,train,12026658552150599179,pointer,M,I,,,Y,False,True,,,-6.296875,0.375,2.1398536975045728,,I P R,W,,False,,0.14453125,0.5360700488090515,,
train-030524-a6e7463bb3d9a60b,6,11,train,12026658552150599179,pointer,M,I,,,Y,False,True,,,-6.328125,0.3125,2.2592819425142063,,I R P,W,,False,,0.126953125,0.5316957235336304,,
train-030524-a6e7463bb3d9a60b,6,12,train,12026658552150599179,pointer,M,R,,,Y,False,True,,,-6.125,0.03125,2.3725871851253792,,R I P,W,,False,,0.119140625,0.5297499895095825,,
train-020796-d564dde7c3497331,8,1,train,15376659015233270577,pointer,K,S,E,False,B,False,False,3.136361598968506,-1.0625,-1.5,0.25,3.0649110125060277,8,S Q F,Z,False,False,3.2381463050842285,-0.30078125,0.42536652088165283,False,0.5540228486061096
train-020796-d564dde7c3497331,8,2,train,15376659015233270577,pointer,K,Q,Q,True,B,False,False,2.264848470687866,0.1875,-0.875,0.1875,3.0966345521819987,1,Q S Z,Z,False,False,3.5083236694335938,-0.166015625,0.45859116315841675,False,0.613580584526062
train-020796-d564dde7c3497331,8,3,train,15376659015233270577,pointer,K,Q,O,False,B,False,False,5.662669658660889,-4.125,-1.0,0.1875,2.6559406506095544,25,Q K B,Z,False,False,3.5612969398498535,-0.03466796875,0.49133387207984924,False,0.6759634613990784
train-020796-d564dde7c3497331,8,4,train,15376659015233270577,pointer,K,J,P,False,B,False,False,4.10152530670166,-2.71875,-2.375,0.1875,2.3578948367905244,11,J Q H,Z,False,False,3.2802743911743164,0.0546875,0.5136684775352478,False,0.7208647131919861
train-020796-d564dde7c3497331,8,5,train,15376659015233270577,pointer,K,J,Y,False,B,False,False,9.71194839477539,-9.03125,-3.3125,0.6875,1.5392783250678135,26,J Q M,W,False,False,3.545076847076416,0.1025390625,0.5256123542785645,False,0.7457304000854492
train-020796-d564dde7c3497331,8,6,train,15376659015233270577,pointer,K,Q,G,False,B,False,False,6.44224214553833,-5.6875,-2.9375,0.375,1.5401425953275996,19,Q J A,Q,False,True,3.0537943840026855,0.125,0.531209409236908,False,0.7575990557670593
train-020796-d564dde7c3497331,8,7,train,15376659015233270577,pointer,K,Q,M,False,B,False,False,3.51171875,-2.4375,-1.875,0.3125,2.1287612796764765,8,Q J A,W,False,False,2.9850213527679443,0.142578125,0.5355842709541321,False,0.7669751644134521
train-020796-d564dde7c3497331,8,8,train,15376659015233270577,pointer,K,J,B,False,B,False,False,2.6650710105895996,-1.3125,-1.3125,0.6875,2.4743153586742057,4,J V Q,W,False,False,3.0805680751800537,0.15625,0.5389832258224487,True,0.6180708408355713
train-020796-d564dde7c3497331,8,9,train,15376659015233270577,pointer,K,R,,,B,False,True,,,-1.75,0.25,2.3426900802161694,,R C J,W,,False,,0.169921875,0.5423785448074341,,
train-020796-d564dde7c3497331,8,10,train,15376659015233270577,pointer,K,C,,,B,False,True,,,-1.625,0.6875,2.4733183445356803,,C R J,W,,False,,0.1865234375,0.5464961528778076,,
train-020796-d564dde7c3497331,8,11,train,15376659015233270577,pointer,K,C,,,B,False,True,,,-0.71875,0.5625,2.517064740760704,,C F L,W,,False,,0.203125,0.5506073832511902,,
train-020796-d564dde7c3497331,8,12,train,15376659015233270577,pointer,K,L,,,B,False,True,,,-0.625,0.5,2.4311939050358395,,L C B,W,,False,,0.21875,0.5544704794883728,,
train-001933-375e70f2ba504574,10,1,train,3989750507707057524,pointer,J,K,K,True,R,False,False,1.7674705982208252,0.125,-0.8125,0.125,2.9030003660007644,1,K Q R,Z,False,False,2.977234125137329,-0.298828125,0.4258439540863037,False,0.5548540949821472
train-001933-375e70f2ba504574,10,2,train,3989750507707057524,pointer,J,Q,U,False,R,False,False,3.4622697830200195,-1.375,-0.5625,0.375,3.070571052368721,15,Q Z J,Z,False,False,2.96108341217041,-0.1279296875,0.4680611193180084,False,0.6312267184257507
train-001933-375e70f2ba504574,10,3,train,3989750507707057524,pointer,J,J,G,False,R,False,False,5.310187339782715,-4.8125,-5.5625,2.0,1.719076732733694,22,J Q H,B,False,False,2.8924343585968018,-0.006622314453125,0.49834445118904114,False,0.6898415088653564
train-001933-375e70f2ba504574,10,4,train,3989750507707057524,pointer,J,Q,M,False,R,False,False,4.315927505493164,-3.03125,-3.71875,0.1875,2.0711082022979648,9,Q J H,B,False,False,3.2966184616088867,0.07421875,0.5185461640357971,False,0.7309449315071106
train-001933-375e70f2ba504574,10,5,train,3989750507707057524,pointer,J,Q,A,False,R,False,False,2.9488863945007324,-2.5625,-5.5625,1.9375,1.3715225660163222,3,Q J A,W,False,False,3.36173939704895,0.1162109375,0.5290200710296631,False,0.7529398202896118
train-001933-375e70f2ba504574,10,6,train,3989750507707057524,pointer,J,Q,X,False,R,False,False,6.109643936157227,-5.75,-4.46875,1.75,1.2890936331205942,18,Q J M,W,False,False,3.36989164352417,0.1416015625,0.5353413820266724,False,0.7664522528648376
train-001933-375e70f2ba504574,10,7,train,3989750507707057524,pointer,J,J,O,False,R,False,False,3.8877930641174316,-2.21875,-2.125,0.0625,2.3448605121980157,10,J I Q,W,False,False,3.3942060470581055,0.1494140625,0.5372841358184814,False,0.7706421613693237
train-001933-375e70f2ba504574,10,8,train,3989750507707057524,pointer,J,V,I,False,R,False,False,1.6310946941375732,-0.375,-3.46875,0.375,2.227435547633156,2,V I J,W,False,False,4.112703800201416,0.142578125,0.5355842709541321,False,0.7669751644134521
train-001933-375e70f2ba504574,10,9,train,3989750507707057524,pointer,J,J,C,False,R,False,False,2.3384413719177246,-1.0625,-4.09375,0.25,2.3063442760952584,3,J V C,W,False,False,4.592064380645752,0.130859375,0.5326682329177856,False,0.7607158422470093
train-001933-375e70f2ba504574,10,10,train,3989750507707057524,pointer,J,J,R,False,R,False,False,5.653619289398193,-4.65625,-4.65625,1.0625,2.2949858691229403,20,J V C,W,False,False,4.147279739379883,0.1259765625,0.5314525961875916,True,0.6321413516998291
train-001933-375e70f2ba504574,10,11,train,3989750507707057524,pointer,J,J,,,R,False,True,,,-4.53125,0.5,2.3121058426099554,,J F C,W,,False,,0.1279296875,0.5319388508796692,,
train-001933-375e70f2ba504574,10,12,train,3989750507707057524,pointer,J,F,,,R,False,True,,,-5.09375,1.125,1.9478117307381297,,F J C,W,,False,,0.1337890625,0.5333974361419678,,
train-009746-13fede6ce2c0ace2,12,1,train,1440833490047249634,pointer,I,Z,M,False,A,False,False,2.5615878105163574,-0.5,-0.625,0.5,3.0978395150611195,2,Z M A,Z,False,True,2.9949755668640137,-0.3203125,0.4205995798110962,False,0.5457614660263062
train-009746-13fede6ce2c0ace2,12,2,train,1440833490047249634,pointer,I,Z,J,False,A,False,False,3.1743032932281494,-0.875,-0.4375,0.125,3.1042863850661218,10,Z Q A,Z,False,True,3.594046115875244,-0.16796875,0.45810630917549133,False,0.6126853227615356
train-009746-13fede6ce2c0ace2,12,3,train,1440833490047249634,pointer,I,Q,O,False,A,False,False,6.5015153884887695,-4.9375,-1.8125,0.5625,2.7015612661285453,26,Q H P,B,False,False,3.527121067047119,-0.025634765625,0.49359166622161865,False,0.6804119348526001
train-009746-13fede6ce2c0ace2,12,4,train,1440833490047249634,pointer,I,H,G,False,A,False,False,6.328896999359131,-5.4375,-3.34375,1.125,2.0348995750503693,21,H I P,W,False,False,3.138267993927002,0.06396484375,0.5159857273101807,False,0.7256409525871277
train-009746-13fede6ce2c0ace2,12,5,train,1440833490047249634,pointer,I,I,C,False,A,False,False,6.888967990875244,-5.59375,-0.875,0.1875,2.0423367750190238,21,I Q H,T,False,False,3.9056437015533447,0.103515625,0.5258558392524719,False,0.7462438344955444
train-009746-13fede6ce2c0ace2,12,6,train,1440833490047249634,pointer,I,Q,V,False,A,False,False,6.954124450683594,-6.53125,-2.1875,1.6875,1.3902710631992208,22,Q I A,T,False,False,3.446361780166626,0.1171875,0.5292633771896362,False,0.7534565925598145
train-009746-13fede6ce2c0ace2,12,7,train,1440833490047249634,pointer,I,I,R,False,A,False,False,3.419020175933838,-2.5625,-1.3125,1.125,2.0582680173510104,6,I Q A,W,False,False,4.035096168518066,0.1396484375,0.5348554849624634,False,0.765407145023346
train-009746-13fede6ce2c0ace2,12,8,train,1440833490047249634,pointer,I,I,F,False,A,False,False,7.020627021789551,-6.84375,-4.15625,3.375,0.8668534251351687,21,I Y V,W,False,False,3.6532750129699707,0.162109375,0.5404388308525085,False,0.7774832248687744
train-009746-13fede6ce2c0ace2,12,9,train,1440833490047249634,pointer,I,I,U,False,A,False,False,6.329311847686768,-6.21875,-5.96875,3.625,0.5992641204911133,14,I W B,W,False,False,3.888634443283081,0.1484375,0.5370413661003113,False,0.7701176404953003
train-009746-13fede6ce2c0ace2,12,10,train,1440833490047249634,pointer,I,I,Y,False,A,False,False,5.4461588859558105,-5.21875,-5.90625,2.5,0.9649289360218417,10,I W J,W,False,False,2.9956414699554443,0.13671875,0.5341265201568604,False,0.7638412714004517
train-009746-13fede6ce2c0ace2,12,11,train,1440833490047249634,pointer,I,I,X,False,A,False,False,6.106419086456299,-5.71875,-5.46875,1.875,1.3155900524357766,17,I J W,W,False,False,3.892792224884033,0.1376953125,0.5343695282936096,False,0.7643629908561707
train-009746-13fede6ce2c0ace2,12,12,train,1440833490047249634,pointer,I,I,A,False,A,False,False,5.537546157836914,-4.96875,-4.96875,1.0625,1.5512092780799143,15,I J W,W,False,False,2.7327542304992676,0.14453125,0.5360700488090515,True,0.6234904527664185
train-003015-7ce6850f491efb56,1,1,train,9000027206044285782,pointer,M,M,I,False,I,False,False,2.587887763977051,-0.6875,-0.6875,0.5,2.9921643998966316,3,M Q I,Z,False,False,3.2380993366241455,-0.330078125,0.4182216227054596,True,0.8717437982559204
train-003015-7ce6850f491efb56,1,2,train,9000027206044285782,pointer,M,M,,,I,False,True,,,-0.75,0.375,2.899323126529239,,M Q I,Z,,False,,-0.19921875,0.45035937428474426,,
train-003015-7ce6850f491efb56,1,3,train,9000027206044285782,pointer,M,M,,,I,False,True,,,-2.25,0.0,2.637866469056464,,M Q B,Z,,False,,-0.0439453125,0.4890154302120209,,
train-003015-7ce6850f491efb56,1,4,train,9000027206044285782,pointer,M,Q,,,I,False,True,,,-1.875,1.1875,2.1321006573795147,,Q C H,Z,,False,,0.039794921875,0.5099474191665649,,
train-003015-7ce6850f491efb56,1,5,train,9000027206044285782,pointer,M,Q,,,I,False,True,,,-3.1875,2.25,1.311893250536153,,Q M B,Z,,False,,0.0791015625,0.5197650790214539,,
train-003015-7ce6850f491efb56,1,6,train,9000027206044285782,pointer,M,Q,,,I,False,True,,,-4.125,2.9375,0.721017013707004,,Q M X,Q,,True,,0.103515625,0.5258558392524719,,
train-003015-7ce6850f491efb56,1,7,train,9000027206044285782,pointer,M,Q,,,I,False,True,,,-1.1875,0.6875,2.3840322249441774,,Q M E,Q,,True,,0.12109375,0.5302364826202393,,
train-003015-7ce6850f491efb56,1,8,train,9000027206044285782,pointer,M,E,,,I,False,True,,,-1.125,0.9375,2.5655602079469295,,E B V,W,,False,,0.12060546875,0.5301148891448975,,
train-003015-7ce6850f491efb56,1,9,train,9000027206044285782,pointer,M,E,,,I,False,True,,,-1.5,0.875,2.422905831379343,,E W D,W,,False,,0.10400390625,0.5259775519371033,,
train-003015-7ce6850f491efb56,1,10,train,9000027206044285782,pointer,M,E,,,I,False,True,,,-1.5625,0.625,2.454083901645709,,E D W,W,,False,,0.0966796875,0.5241511464118958,,
train-003015-7ce6850f491efb56,1,11,train,9000027206044285782,pointer,M,E,,,I,False,True,,,-1.5625,0.1875,2.5289689259508568,,E D W,W,,False,,0.09716796875,0.5242729187011719,,
train-003015-7ce6850f491efb56,1,12,train,9000027206044285782,pointer,M,D,,,I,False,True,,,-1.75,0.125,2.4712691852545823,,D J E,W,,False,,0.09765625,0.524394690990448,,
train-032401-0d39fad330c459ca,2,1,train,953068581128788426,pointer,C,R,R,True,K,False,False,1.408253788948059,0.875,-2.25,0.875,2.835693726021153,1,R C S,Z,False,False,3.1219539642333984,-0.30078125,0.42536652088165283,False,0.5540228486061096
train-032401-0d39fad330c459ca,2,2,train,953068581128788426,pointer,C,C,K,False,K,False,False,3.7969088554382324,-2.0,-2.0,0.8125,2.9838404784389567,18,C A Q,Z,False,False,2.9430296421051025,-0.1806640625,0.45495641231536865,True,0.787553608417511
train-032401-0d39fad330c459ca,2,3,train,953068581128788426,pointer,C,C,,,K,False,True,,,-3.6875,0.3125,2.4773994015146066,,C Q A,Z,,False,,-0.06298828125,0.48425814509391785,,
train-032401-0d39fad330c459ca,2,4,train,953068581128788426,pointer,C,H,,,K,False,True,,,-6.5625,1.5625,1.7962627134616744,,H J Q,Z,,False,,0.0015869140625,0.500396728515625,,
train-032401-0d39fad330c459ca,2,5,train,953068581128788426,pointer,C,Q,,,K,False,True,,,-5.625,1.25,1.9754911108591011,,Q J T,Q,,True,,0.055908203125,0.5139734148979187,,
train-032401-0d39fad330c459ca,2,6,train,953068581128788426,pointer,C,Q,,,K,False,True,,,-4.78125,1.3125,1.8977638289749852,,Q T J,Q,,True,,0.10302734375,0.5257341265678406,,
train-032401-0d39fad330c459ca,2,7,train,953068581128788426,pointer,C,V,,,K,False,True,,,-3.53125,0.375,2.4339688028400173,,V T J,W,,False,,0.1357421875,0.5338835716247559,,
train-032401-0d39fad330c459ca,2,8,train,953068581128788426,pointer,C,V,,,K,False,True,,,-5.1875,2.0,1.6438189792556845,,V T J,W,,False,,0.1376953125,0.5343695282936096,,
train-032401-0d39fad330c459ca,2,9,train,953068581128788426,pointer,C,V,,,K,False,True,,,-5.25,1.9375,1.7775470497824442,,V I T,W,,False,,0.12451171875,0.5310877561569214,,
train-032401-0d39fad330c459ca,2,10,train,953068581128788426,pointer,C,V,,,K,False,True,,,-5.09375,0.6875,1.9477162455699333,,V I T,W,,False,,0.1181640625,0.5295066833496094,,
train-032401-0d39fad330c459ca,2,11,train,953068581128788426,pointer,C,I,,,K,False,True,,,-5.15625,0.4375,1.917913077461726,,I V J,W,,False,,0.119140625,0.5297499895095825,,
train-032401-0d39fad330c459ca,2,12,train,953068581128788426,pointer,C,I,,,K,False,True,,,-5.71875,1.125,1.741870624914197,,I J V,W,,False,,0.1240234375,0.5309661626815796,,
train-015518-030d53432fdc1f7e,3,1,train,219923504841891710,pointer,P,Q,O,False,Y,False,False,2.022373676300049,-0.3125,-2.25,0.3125,2.949325737198754,2,Q O S,Z,False,False,2.7203030586242676,-0.328125,0.41869693994522095,False,0.5424830317497253
train-015518-030d53432fdc1f7e,3,2,train,219923504841891710,pointer,P,Q,X,False,Y,False,False,4.810497760772705,-3.0625,-2.5625,0.5625,2.9798231533754196,26,Q P Z,Z,False,False,3.7400524616241455,-0.1689453125,0.45786386728286743,False,0.6122381091117859
train-015518-030d53432fdc1f7e,3,3,train,219923504841891710,pointer,P,P,Y,False,Y,False,False,3.7042813301086426,-2.25,-2.25,0.0625,2.5743414554818376,12,P Q B,B,False,False,2.9849090576171875,0.01007080078125,0.5025177001953125,True,0.6881244778633118
train-015518-030d53432fdc1f7e,3,4,train,219923504841891710,pointer,P,P,,,Y,False,True,,,-5.375,0.5,2.4237269353482325,,P H O,W,,False,,0.1005859375,0.5251253247261047,,
train-015518-030d53432fdc1f7e,3,5,train,219923504841891710,pointer,P,I,,,Y,False,True,,,-7.09375,0.5625,2.3946937598284364,,I J Q,W,,False,,0.1494140625,0.5372841358184814,,
train-015518-030d53432fdc1f7e,3,6,train,219923504841891710,pointer,P,I,,,Y,False,True,,,-5.78125,0.5,2.3488302958327725,,I J Q,W,,False,,0.177734375,0.5443170070648193,,
train-015518-030d53432fdc1f7e,3,7,train,219923504841891710,pointer,P,I,,,Y,False,True,,,-5.25,0.3125,1.832880611895157,,I V J,W,,False,,0.1904296875,0.5474640727043152,,
train-015518-030d53432fdc1f7e,3,8,train,219923504841891710,pointer,P,I,,,Y,False,True,,,-5.78125,1.25,1.3509921088766972,,I V J,W,,False,,0.1923828125,0.547947883605957,,
train-015518-030d53432fdc1f7e,3,9,train,219923504841891710,pointer,P,I,,,Y,False,True,,,-6.25,2.1875,1.1332446186731748,,I V J,W,,False,,0.185546875,0.5462540984153748,,
train-015518-030d53432fdc1f7e,3,10,train,219923504841891710,pointer,P,I,,,Y,False,True,,,-5.875,2.125,1.2024912290738763,,I V J,W,,False,,0.1806640625,0.5450435876846313,,
train-015518-030d53432fdc1f7e,3,11,train,219923504841891710,pointer,P,I,,,Y,False,True,,,-5.40625,1.75,1.3073229874856385,,I V J,W,,False,,0.1806640625,0.5450435876846313,,
train-015518-030d53432fdc1f7e,3,12,train,219923504841891710,pointer,P,I,,,Y,False,True,,,-4.875,1.3125,1.4095356946759912,,I V P,W,,False,,0.1845703125,0.5460120439529419,,
train-005862-0a7c4a6df369611f,4,1,train,755560673587061023,pointer,N,S,U,False,I,False,False,2.647235870361328,-0.8125,-2.4375,0.625,3.011121533462586,3,S T U,Z,False,False,2.8510830402374268,-0.3125,0.42250463366508484,False,0.5490548610687256
train-005862-0a7c4a6df369611f,4,2,train,755560673587061023,pointer,N,Z,T,False,I,False,False,2.691509485244751,-0.4375,-1.6875,0.25,3.119198009781738,3,Z Q T,Z,False,True,3.4081292152404785,-0.1630859375,0.4593186378479004,False,0.61492520570755
train-005862-0a7c4a6df369611f,4,3,train,755560673587061023,pointer,N,Q,O,False,I,False,False,3.7987284660339355,-2.5,-3.1875,0.375,2.5741447485012614,12,Q N C,Z,False,False,3.4656951427459717,-0.01806640625,0.49548354744911194,False,0.684154748916626
train-005862-0a7c4a6df369611f,4,4,train,755560673587061023,pointer,N,Q,I,False,I,False,False,5.156506538391113,-4.875,-4.875,2.6875,1.1734341999795403,12,Q J F,Z,False,False,4.069707870483398,0.076171875,0.5190337300300598,True,0.6557863354682922
train-005862-0a7c4a6df369611f,4,5,train,755560673587061023,pointer,N,Q,,,I,False,True,,,-5.9375,3.6875,0.5704566594119904,,Q M E,W,,False,,0.12451171875,0.5310877561569214,,
train-005862-0a7c4a6df369611f,4,6,train,755560673587061023,pointer,N,Q,,,I,False,True,,,-3.625,2.75,1.1424194498944922,,Q E M,W,,False,,0.154296875,0.5384978652000427,,
train-005862-0a7c4a6df369611f,4,7,train,755560673587061023,pointer,N,Q,,,I,False,True,,,-0.8125,0.0625,2.501602766795115,,Q R I,W,,False,,0.1572265625,0.5392258763313293,,
train-005862-0a7c4a6df369611f,4,8,train,755560673587061023,pointer,N,R,,,I,False,True,,,-0.5625,0.3125,2.616062639969122,,R V I,W,,False,,0.1435546875,0.5358271598815918,,
train-005862-0a7c4a6df369611f,4,9,train,755560673587061023,pointer,N,V,,,I,False,True,,,-0.9375,0.3125,2.577945449632016,,V R E,W,,False,,0.1337890625,0.5333974361419678,,
train-005862-0a7c4a6df369611f,4,10,train,755560673587061023,pointer,N,V,,,I,False,True,,,-1.375,0.75,2.592545492513652,,V R E,W,,False,,0.130859375,0.5326682329177856,,
train-005862-0a7c4a6df369611f,4,11,train,755560673587061023,pointer,N,V,,,I,False,True,,,-1.375,0.75,2.6648777344566383,,V E P,W,,False,,0.1298828125,0.5324251055717468,,
train-005862-0a7c4a6df369611f,4,12,train,755560673587061023,pointer,N,V,,,I,False,True,,,-1.125,0.1875,2.735886282723897,,V P E,W,,False,,0.1318359375,0.5329113006591797,,
train-026770-0c5aad758e55ff71,5,1,train,890214596769873777,pointer,R,R,W,False,E,False,False,2.9540891647338867,-0.4375,-0.75,0.125,3.144026431458722,8,R M Q,Z,False,False,4.038967132568359,-0.306640625,0.4239349663257599,False,0.5515346527099609
train-026770-0c5aad758e55ff71,5,2,train,890214596769873777,pointer,R,R,L,False,E,False,False,2.9650347232818604,-1.3125,-1.875,0.875,2.945442682755868,5,R Z Q,Z,False,False,4.0018768310546875,-0.1728515625,0.4568943679332733,False,0.6104514598846436
train-026770-0c5aad758e55ff71,5,3,train,890214596769873777,pointer,R,Q,S,False,E,False,False,3.6569809913635254,-2.375,-2.375,1.0625,2.658411187592166,12,Q R P,Z,False,False,3.212548017501831,-0.051513671875,0.48712441325187683,False,0.6677219867706299
train-026770-0c5aad758e55ff71,5,4,train,890214596769873777,pointer,R,Q,C,False,E,False,False,3.8426966667175293,-3.15625,-4.9375,1.125,1.8733076140231066,8,Q J I,W,False,False,4.039585590362549,0.029541015625,0.507384717464447,False,0.7080267667770386
train-026770-0c5aad758e55ff71,5,5,train,890214596769873777,pointer,R,Q,E,False,E,False,False,6.809282302856445,-6.71875,-6.71875,3.6875,0.5025336152415325,14,Q B J,W,False,False,3.6775076389312744,0.06982421875,0.5174489617347717,True,0.6588444113731384
train-026770-0c5aad758e55ff71,5,6,train,890214596769873777,pointer,R,Q,,,E,False,True,,,-5.65625,3.625,0.6266686646499359,,Q J T,Q,,True,,0.0791015625,0.5197650790214539,,
train-026770-0c5aad758e55ff71,5,7,train,890214596769873777,pointer,R,Q,,,E,False,True,,,-3.15625,1.5,2.063505507807349,,Q V I,W,,False,,0.10009765625,0.5250035524368286,,
train-026770-0c5aad758e55ff71,5,8,train,890214596769873777,pointer,R,V,,,E,False,True,,,-3.21875,0.4375,2.0598009263202814,,V J I,W,,False,,0.11669921875,0.5291417241096497,,
train-026770-0c5aad758e55ff71,5,9,train,890214596769873777,pointer,R,J,,,E,False,True,,,-3.90625,0.4375,2.246278688239033,,J C R,W,,False,,0.1142578125,0.528533399105072,,
train-026770-0c5aad758e55ff71,5,10,train,890214596769873777,pointer,R,C,,,E,False,True,,,-4.625,0.1875,2.2408838889331353,,C J R,W,,False,,0.1142578125,0.528533399105072,,
train-026770-0c5aad758e55ff71,5,11,train,890214596769873777,pointer,R,C,,,E,False,True,,,-4.5,0.625,2.426488353984813,,C J R,W,,False,,0.11962890625,0.5298715829849243,,
train-026770-0c5aad758e55ff71,5,12,train,890214596769873777,pointer,R,C,,,E,False,True,,,-4.09375,0.1875,2.4555831650131617,,C F T,W,,False,,0.12890625,0.532181978225708,,
train-023198-6d4afa17a35b5954,6,1,train,7875381877842598228,pointer,O,T,T,True,J,False,False,1.9674534797668457,0.4375,-2.1875,0.4375,3.002845739730678,1,T Q Z,Z,False,False,3.5893094539642334,-0.294921875,0.42679935693740845,False,0.5565193891525269
train-023198-6d4afa17a35b5954,6,2,train,7875381877842598228,pointer,O,Z,G,False,J,False,False,3.516702651977539,-1.125,-1.375,0.125,3.1383232911669237,15,Z Q T,Z,False,True,3.3971750736236572,-0.15625,0.46101677417755127,False,0.6180708408355713
train-023198-6d4afa17a35b5954,6,3,train,7875381877842598228,pointer,O,S,V,False,J,False,False,4.24526834487915,-2.375,-0.625,0.3125,2.8679008486908995,20,S H Q,Z,False,False,3.9651317596435547,-0.00823974609375,0.4979400634765625,False,0.6890357732772827
train-023198-6d4afa17a35b5954,6,4,train,7875381877842598228,pointer,O,J,U,False,J,True,False,5.600194454193115,-4.53125,0.9375,0.9375,2.2859097676251086,19,J F I,Z,False,False,3.3603315353393555,0.09521484375,0.5237857699394226,False,0.7418873906135559
train-023198-6d4afa17a35b5954,6,5,train,7875381877842598228,pointer,O,J,F,False,J,True,False,3.4557065963745117,-2.9375,2.0,2.0,1.6765153014243364,5,J Q V,Z,False,False,3.227273464202881,0.146484375,0.5365557670593262,False,0.7690691947937012
train-023198-6d4afa17a35b5954,6,6,train,7875381877842598228,pointer,O,J,J,True,J,True,False,1.0893549919128418,0.5625,0.5625,0.5625,2.186967721033282,1,J Q V,Q,False,False,3.3068342208862305,0.1669921875,0.5416513085365295,True,0.6131328344345093
train-023198-6d4afa17a35b5954,6,7,train,7875381877842598228,pointer,O,J,,,J,True,True,,,0.0625,0.0625,2.5240741623714373,,J V Q,Q,,False,,0.1767578125,0.5440747737884521,,
train-023198-6d4afa17a35b5954,6,8,train,7875381877842598228,pointer,O,J,,,J,True,True,,,0.0625,0.0625,2.23295923888812,,J V I,W,,False,,0.189453125,0.5472221374511719,,
train-023198-6d4afa17a35b5954,6,9,train,7875381877842598228,pointer,O,J,,,J,True,True,,,0.25,0.25,1.9939901870185923,,J V I,W,,False,,0.2001953125,0.5498823523521423,,
train-023198-6d4afa17a35b5954,6,10,train,7875381877842598228,pointer,O,J,,,J,True,True,,,0.5625,0.5625,2.003876959814517,,J V I,W,,False,,0.208984375,0.5520567893981934,,
train-023198-6d4afa17a35b5954,6,11,train,7875381877842598228,pointer,O,J,,,J,True,True,,,0.5,0.5,2.056781356803614,,J R V,W,,False,,0.216796875,0.5539879202842712,,
train-023198-6d4afa17a35b5954,6,12,train,7875381877842598228,pointer,O,R,,,J,False,True,,,-0.0625,0.0625,2.1115534744245514,,R J F,W,,False,,0.2265625,0.5563995838165283,,
train-000132-034de662d04de031,8,1,train,238099667396452401,pointer,S,S,U,False,E,False,False,3.5464465618133545,-1.25,-1.25,0.125,3.1586718400358413,18,S Z Q,Z,False,False,2.8424782752990723,-0.3125,0.42250463366508484,False,0.5490548610687256
train-000132-034de662d04de031,8,2,train,238099667396452401,pointer,S,S,X,False,E,False,False,4.384454250335693,-2.4375,-1.3125,0.0625,2.9984419025079623,25,S Z T,Z,False,False,3.5392932891845703,-0.1650390625,0.4588336646556854,False,0.6140285730361938
train-000132-034de662d04de031,8,3,train,238099667396452401,pointer,S,S,J,False,E,False,False,4.213661193847656,-2.6875,-1.0,0.3125,2.6636168504853126,17,S Q Z,Z,False,False,3.0807924270629883,-0.033203125,0.4916999638080597,False,0.6766834259033203
train-000132-034de662d04de031,8,4,train,238099667396452401,pointer,S,H,C,False,E,False,False,2.7965025901794434,-1.375,-0.9375,0.0625,2.3964426999864785,5,H Q I,Z,False,False,3.9349913597106934,0.043212890625,0.5108015537261963,False,0.71498703956604
train-000132-034de662d04de031,8,5,train,238099667396452401,pointer,S,Q,B,False,E,False,False,3.9660892486572266,-3.625,-2.6875,2.5,1.3235829673032793,6,Q M E,Z,False,False,3.1468560695648193,0.09521484375,0.5237857699394226,False,0.7418873906135559
train-000132-034de662d04de031,8,6,train,238099667396452401,pointer,S,Q,F,False,E,False,False,6.983558654785156,-6.375,-2.5625,1.25,1.6993447506444075,22,Q M T,Q,False,True,3.729156732559204,0.12451171875,0.5310877561569214,False,0.7573397159576416
train-000132-034de662d04de031,8,7,train,238099667396452401,pointer,S,T,R,False,E,False,False,4.576842308044434,-3.1875,-1.4375,0.0625,2.3722492751038984,14,T V Q,W,False,False,3.7183165550231934,0.14453125,0.5360700488090515,False,0.7680217027664185
train-000132-034de662d04de031,8,8,train,238099667396452401,pointer,S,S,E,False,E,False,False,3.050262928009033,-1.75,-1.75,0.25,2.241409710464425,6,S T V,W,False,False,2.821183681488037,0.1416015625,0.5353413820266724,True,0.6248506903648376
train-000132-034de662d04de031,8,9,train,238099667396452401,pointer,S,S,,,E,False,True,,,-2.1875,1.375,2.0358532051547304,,S T I,W,,False,,0.1396484375,0.5348554849624634,,
train-000132-034de662d04de031,8,10,train,238099667396452401,pointer,S,S,,,E,False,True,,,-2.5625,1.9375,1.8073438627586196,,S I T,W,,False,,0.146484375,0.5365557670593262,,
train-000132-034de662d04de031,8,11,train,238099667396452401,pointer,S,S,,,E,False,True,,,-2.875,2.1875,1.5697883144124751,,S I T,W,,False,,0.1591796875,0.5397111177444458,,
train-000132-034de662d04de031,8,12,train,238099667396452401,pointer,S,S,,,E,False,True,,,-3.3125,2.5,1.3017602541184896,,S I T,W,,False,,0.173828125,0.543347954750061,,
train-005758-cbaafe03cdd0b3ab,10,1,train,14675821628031546283,pointer,T,L,M,False,F,False,False,2.7305448055267334,-0.625,-1.375,0.25,3.056457069686765,4,L I T,Z,False,False,3.0332956314086914,-0.31640625,0.42155182361602783,False,0.5474063158035278
train-005758-cbaafe03cdd0b3ab,10,2,train,14675821628031546283,pointer,T,T,N,False,F,False,False,3.467320203781128,-1.4375,-1.125,0.6875,3.1121321155985595,13,T Z E,Z,False,False,2.8536689281463623,-0.1806640625,0.45495641231536865,False,0.606889545917511
train-005758-cbaafe03cdd0b3ab,10,3,train,14675821628031546283,pointer,T,T,W,False,F,False,False,4.258431911468506,-3.1875,-2.8125,1.25,2.5499350373729155,17,T E Q,Z,False,False,3.3035085201263428,-0.0264892578125,0.4933781027793884,False,0.6799902319908142
train-005758-cbaafe03cdd0b3ab,10,4,train,14675821628031546283,pointer,T,I,X,False,F,False,False,6.545013904571533,-5.40625,-2.9375,0.875,2.308553207978316,24,I H Q,T,False,False,3.37935733795166,0.06982421875,0.5174489617347717,False,0.7286686301231384
train-005758-cbaafe03cdd0b3ab,10,5,train,14675821628031546283,pointer,T,A,I,False,F,False,False,2.12595272064209,-0.375,-3.03125,0.25,2.4284473801574444,4,A J Q,T,False,False,4.111542701721191,0.107421875,0.526829719543457,False,0.7482998371124268
train-005758-cbaafe03cdd0b3ab,10,6,train,14675821628031546283,pointer,T,A,J,False,F,False,False,3.088362455368042,-2.03125,-4.375,0.5,2.117402325775033,6,A I Q,T,False,False,3.2091660499572754,0.1083984375,0.5270731449127197,False,0.7488144636154175
train-005758-cbaafe03cdd0b3ab,10,7,train,14675821628031546283,pointer,T,I,O,False,F,False,False,4.64101505279541,-4.1875,-5.765625,1.8125,1.4824404214390652,9,I A B,W,False,False,2.9786410331726074,0.1015625,0.5253688097000122,False,0.7452172636985779
train-005758-cbaafe03cdd0b3ab,10,8,train,14675821628031546283,pointer,T,I,P,False,F,False,False,2.4393298625946045,-1.90625,-5.6875,1.90625,1.7000074990946175,2,I P B,W,False,False,3.447444200515747,0.1005859375,0.5251253247261047,False,0.7447043061256409
train-005758-cbaafe03cdd0b3ab,10,9,train,14675821628031546283,pointer,T,I,E,False,F,False,False,4.47651481628418,-3.5,-5.203125,0.875,2.2111447274336946,13,I P B,W,False,False,3.297631025314331,0.1064453125,0.5265862345695496,False,0.7477855086326599
train-005758-cbaafe03cdd0b3ab,10,10,train,14675821628031546283,pointer,T,P,F,False,F,False,False,6.177546501159668,-4.78125,-4.78125,0.375,2.4707735668450703,22,P I B,Y,False,False,3.849642753601074,0.11669921875,0.5291417241096497,True,0.6364989280700684
train-005758-cbaafe03cdd0b3ab,10,11,train,14675821628031546283,pointer,T,P,,,F,False,True,,,-5.0,1.21875,2.4498648682872552,,P S I,Y,,False,,0.1298828125,0.5324251055717468,,
train-005758-cbaafe03cdd0b3ab,10,12,train,14675821628031546283,pointer,T,P,,,F,False,True,,,-4.15625,0.5,2.55681904805746,,P C R,Y,,False,,0.142578125,0.5355842709541321,,
train-018719-95574bc6546993de,12,1,train,10761153149816902622,pointer,G,Q,J,False,D,False,False,2.841909408569336,-0.25,-0.6875,0.1875,3.183845472821751,3,Q M J,Z,False,False,3.9852747917175293,-0.32421875,0.4196479320526123,False,0.5441204309463501
train-018719-95574bc6546993de,12,2,train,10761153149816902622,pointer,G,Q,W,False,D,False,False,3.553346872329712,-1.4375,-1.125,0.4375,3.085854231034165,16,Q G Z,Z,False,False,3.9034366607666016,-0.1708984375,0.4573790431022644,False,0.6113443374633789
train-018719-95574bc6546993de,12,3,train,10761153149816902622,pointer,G,G,E,False,D,False,False,3.861818790435791,-2.375,-3.1875,0.375,2.552712010094831,11,G J Q,B,False,False,3.3017618656158447,-0.0220947265625,0.4944764971733093,False,0.6821608543395996
train-018719-95574bc6546993de,12,4,train,10761153149816902622,pointer,G,Q,M,False,D,False,False,3.936422109603882,-2.40625,-2.78125,0.0625,2.3636900009775945,11,Q H J,Z,False,False,3.2714531421661377,0.07666015625,0.5191556811332703,False,0.7322116494178772
train-018719-95574bc6546993de,12,5,train,10761153149816902622,pointer,G,Q,V,False,D,False,False,4.485815048217773,-3.84375,-4.125,1.1875,1.7878628425252383,11,Q J H,W,False,False,3.380638360977173,0.1259765625,0.5314525961875916,False,0.7581179141998291
train-018719-95574bc6546993de,12,6,train,10761153149816902622,pointer,G,Q,K,False,D,False,False,7.765540599822998,-7.5,-4.65625,2.5625,1.1250349139546494,26,Q J A,T,False,False,3.1725881099700928,0.15234375,0.5380124449729919,False,0.772217333316803
train-018719-95574bc6546993de,12,7,train,10761153149816902622,pointer,G,Q,Y,False,D,False,False,6.053569316864014,-4.59375,-2.1875,0.6875,2.512857941899429,21,Q I A,W,False,False,2.837737560272217,0.169921875,0.5423785448074341,False,0.7817129492759705
train-018719-95574bc6546993de,12,8,train,10761153149816902622,pointer,G,R,D,False,D,False,False,4.661358833312988,-3.03125,-3.03125,0.5625,2.478601569406401,13,R I C,W,False,False,3.597626209259033,0.1728515625,0.5431056022644043,False,0.7833030223846436
train-018719-95574bc6546993de,12,9,train,10761153149816902622,pointer,G,R,V,False,D,False,False,3.949305534362793,-2.78125,-3.4375,0.1875,2.1829383666250926,11,R C J,W,False,False,3.7524454593658447,0.1640625,0.5409238934516907,False,0.77853924036026
train-018719-95574bc6546993de,12,10,train,10761153149816902622,pointer,G,C,K,False,D,False,False,6.823991298675537,-5.703125,-3.78125,0.96875,2.32017485217508,24,C T N,W,False,False,2.9393749237060547,0.15625,0.5389832258224487,False,0.7743208408355713
train-018719-95574bc6546993de,12,11,train,10761153149816902622,pointer,G,C,Y,False,D,False,False,7.870968341827393,-6.53125,-3.875,0.40625,2.294805679694879,26,C T N,W,False,False,2.4643211364746094,0.1552734375,0.5387405753135681,False,0.7737945914268494
train-018719-95574bc6546993de,12,12,train,10761153149816902622,pointer,G,L,D,False,D,False,False,5.162384510040283,-3.53125,-3.53125,0.0625,2.3684566251381565,16,L C T,Y,False,False,3.6674187183380127,0.1591796875,0.5397111177444458,True,0.6167212724685669
train-004320-7008cf8753f864b3,1,1,train,8072930512197936307,pointer,A,B,Z,False,Z,False,False,2.2293174266815186,-0.0625,-0.0625,0.0625,3.0739910005786832,2,B Z A,Z,True,False,2.4845197200775146,-0.33203125,0.4177464544773102,True,0.8728805780410767
train-004320-7008cf8753f864b3,1,2,train,8072930512197936307,pointer,A,B,,,Z,False,True,,,-0.25,0.25,2.9516898161416076,,B Z A,Z,,False,,-0.2080078125,0.4481847584247589,,
train-004320-7008cf8753f864b3,1,3,train,8072930512197936307,pointer,A,A,,,Z,False,True,,,-1.125,0.5,2.8123515834857504,,A B Q,Z,,False,,-0.0615234375,0.4846239387989044,,
train-004320-7008cf8753f864b3,1,4,train,8072930512197936307,pointer,A,Q,,,Z,False,True,,,-1.25,0.9375,2.292686754880856,,Q H Z,Z,,False,,0.0269775390625,0.5067439675331116,,
train-004320-7008cf8753f864b3,1,5,train,8072930512197936307,pointer,A,Q,,,Z,False,True,,,-3.875,2.6875,1.0271678578948629,,Q J B,Q,,True,,0.0810546875,0.5202525854110718,,
train-004320-7008cf8753f864b3,1,6,train,8072930512197936307,pointer,A,Q,,,Z,False,True,,,-5.21875,2.5625,1.004030361522591,,Q J M,Q,,True,,0.11767578125,0.5293850302696228,,
train-004320-7008cf8753f864b3,1,7,train,8072930512197936307,pointer,A,V,,,Z,False,True,,,-4.84375,0.625,2.0760821741018263,,V Q J,Q,,False,,0.1435546875,0.5358271598815918,,
train-004320-7008cf8753f864b3,1,8,train,8072930512197936307,pointer,A,V,,,Z,False,True,,,-7.53125,1.4375,1.8288552719946174,,V D E,Q,,False,,0.146484375,0.5365557670593262,,
train-004320-7008cf8753f864b3,1,9,train,8072930512197936307,pointer,A,D,,,Z,False,True,,,-6.53125,0.0625,2.1040208173598614,,D W E,Q,,False,,0.1396484375,0.5348554849624634,,
train-004320-7008cf8753f864b3,1,10,train,8072930512197936307,pointer,A,D,,,Z,False,True,,,-5.8125,0.125,2.3583015337517597,,D W J,Q,,False,,0.140625,0.5350984334945679,,
train-004320-7008cf8753f864b3,1,11,train,8072930512197936307,pointer,A,J,,,Z,False,True,,,-6.09375,0.625,2.3215285338579075,,J D V,Q,,False,,0.1474609375,0.5367985367774963,,
train-004320-7008cf8753f864b3,1,12,train,8072930512197936307,pointer,A,J,,,Z,False,True,,,-6.71875,1.5,1.9960816542293234,,J D V,Q,,False,,0.1552734375,0.5387405753135681,,
train-016372-780dfa594c957f04,2,1,train,8650845720692489988,pointer,C,M,J,False,E,False,False,3.8140625953674316,-1.6875,-1.375,0.1875,2.94659550633633,13,M N Z,Z,False,False,4.108998775482178,-0.3125,0.42250463366508484,False,0.5490548610687256
train-016372-780dfa594c957f04,2,2,train,8650845720692489988,pointer,C,C,E,False,E,False,False,3.3937294483184814,-1.25,-1.25,0.4375,3.071534514096705,15,C F M,Z,False,False,3.3650381565093994,-0.173828125,0.45665207505226135,True,0.7838335037231445
train-016372-780dfa594c957f04,2,3,train,8650845720692489988,pointer,C,C,,,E,False,True,,,-4.1875,1.0,2.161321945982137,,C Q J,Z,,False,,-0.045166015625,0.4887103736400604,,
train-016372-780dfa594c957f04,2,4,train,8650845720692489988,pointer,C,Q,,,E,False,True,,,-3.9375,0.9375,2.235208076447187,,Q J C,Z,,False,,0.037841796875,0.5094593167304993,,
train-016372-780dfa594c957f04,2,5,train,8650845720692489988,pointer,C,Q,,,E,False,True,,,-4.21875,1.75,1.4832987726340356,,Q J H,Z,,False,,0.06640625,0.5165954232215881,,
train-016372-780dfa594c957f04,2,6,train,8650845720692489988,pointer,C,Q,,,E,False,True,,,-5.4375,2.9375,0.8759171166100264,,Q V J,T,,False,,0.06884765625,0.5172051191329956,,
train-016372-780dfa594c957f04,2,7,train,8650845720692489988,pointer,C,Q,,,E,False,True,,,-4.25,0.375,1.6970401415007208,,Q V A,W,,False,,0.06884765625,0.5172051191329956,,
train-016372-780dfa594c957f04,2,8,train,8650845720692489988,pointer,C,V,,,E,False,True,,,-3.3125,1.1875,2.142980275475381,,V C Q,W,,False,,0.06884765625,0.5172051191329956,,
train-016372-780dfa594c957f04,2,9,train,8650845720692489988,pointer,C,V,,,E,False,True,,,-1.5,0.3125,2.534759977395044,,V C R,W,,False,,0.0703125,0.5175709128379822,,
train-016372-780dfa594c957f04,2,10,train,8650845720692489988,pointer,C,V,,,E,False,True,,,-0.6875,0.3125,2.6842246140129054,,V C Q,Y,,False,,0.076171875,0.5190337300300598,,
train-016372-780dfa594c957f04,2,11,train,8650845720692489988,pointer,C,V,,,E,False,True,,,-0.375,0.3125,2.763739078719027,,V Q E,Y,,False,,0.08642578125,0.5215929746627808,,
train-016372-780dfa594c957f04,2,12,train,8650845720692489988,pointer,C,P,,,E,False,True,,,-0.3125,0.0,2.7899129273771504,,P V O,Y,,False,,0.095703125,0.523907482624054,,
train-001469-4d0859df4e005851,3,1,train,5550785356355360849,pointer,N,G,G,True,H,False,False,1.4540159702301025,0.25,-1.3125,0.25,2.7120357226531393,1,G Q Z,Z,False,False,3.4433109760284424,-0.31640625,0.42155182361602783,False,0.5474063158035278
train-001469-4d0859df4e005851,3,2,train,5550785356355360849,pointer,N,Q,R,False,H,False,False,3.3324098587036133,-1.25,-1.125,0.4375,3.1113654288220602,16,Q Z M,Z,False,False,3.5029067993164062,-0.1533203125,0.46174484491348267,False,0.6194225549697876
train-001469-4d0859df4e005851,3,3,train,5550785356355360849,pointer,N,Q,H,False,H,False,False,3.9073948860168457,-3.0625,-3.0625,1.375,2.2164182097187495,11,Q N Y,Z,False,False,3.9883170127868652,-0.0162353515625,0.49594125151634216,True,0.7012978196144104
train-001469-4d0859df4e005851,3,4,train,5550785356355360849,pointer,N,Q,,,H,False,True,,,-4.6875,3.0,1.2104082731038048,,Q J C,W,,False,,0.07177734375,0.517936646938324,,
train-001469-4d0859df4e005851,3,5,train,5550785356355360849,pointer,N,Q,,,H,False,True,,,-5.125,2.375,1.2609054766950063,,Q J C,W,,False,,0.11572265625,0.5288984179496765,,
train-001469-4d0859df4e005851,3,6,train,5550785356355360849,pointer,N,Q,,,H,False,True,,,-4.375,1.625,1.9871349783509602,,Q J E,W,,False,,0.1318359375,0.5329113006591797,,
train-001469-4d0859df4e005851,3,7,train,5550785356355360849,pointer,N,Q,,,H,False,True,,,-3.375,1.0625,2.553854964684244,,Q E J,W,,False,,0.130859375,0.5326682329177856,,
train-001469-4d0859df4e005851,3,8,train,5550785356355360849,pointer,N,A,,,H,False,True,,,-2.875,0.3125,2.633424145043873,,A I E,W,,False,,0.125,0.531209409236908,,
train-001469-4d0859df4e005851,3,9,train,5550785356355360849,pointer,N,A,,,H,False,True,,,-3.09375,0.0625,2.5527651400673657,,A I E,W,,False,,0.11865234375,0.529628336429596,,
train-001469-4d0859df4e005851,3,10,train,5550785356355360849,pointer,N,A,,,H,False,True,,,-2.96875,0.0,2.5335799140823667,,A I E,W,,False,,0.115234375,0.5287767648696899,,
train-001469-4d0859df4e005851,3,11,train,5550785356355360849,pointer,N,S,,,H,False,True,,,-2.9375,0.125,2.53432773270138,,S A E,W,,False,,0.11474609375,0.5286551117897034,,
train-001469-4d0859df4e005851,3,12,train,5550785356355360849,pointer,N,S,,,H,False,True,,,-3.03125,0.25,2.5603626408661952,,S O E,W,,False,,0.11669921875,0.5291417241096497,,
train-001308-035f69439b51029a,4,1,train,243028643990799002,pointer,K,Q,A,False,A,False,False,2.614518642425537,-0.75,-0.75,0.5625,3.031949983014146,3,Q M A,Z,False,False,3.0256505012512207,-0.31640625,0.42155182361602783,False,0.5474063158035278
train-001308-035f69439b51029a,4,2,train,243028643990799002,pointer,K,Q,Q,True,A,False,False,2.415512800216675,0.0625,-0.75,0.0625,3.1104537218485966,1,Q Z M,Z,False,False,3.4787793159484863,-0.1806640625,0.45495641231536865,False,0.606889545917511
train-001308-035f69439b51029a,4,3,train,243028643990799002,pointer,K,J,K,False,A,False,False,1.9446122646331787,-0.1875,-1.6875,0.0625,2.704249663310608,3,J Q K,B,False,False,2.8451077938079834,-0.036865234375,0.4907847046852112,False,0.6748844385147095
train-001308-035f69439b51029a,4,4,train,243028643990799002,pointer,K,J,A,False,A,False,False,3.5277466773986816,-2.375,-2.375,0.3125,2.091769310594967,8,J Q H,B,False,False,3.1304781436920166,0.061767578125,0.5154370069503784,True,0.6627402305603027
train-001308-035f69439b51029a,4,5,train,243028643990799002,pointer,K,Q,,,A,False,True,,,-2.875,0.9375,1.3483940394859864,,Q J M,B,,False,,0.111328125,0.5278033018112183,,
train-001308-035f69439b51029a,4,6,train,243028643990799002,pointer,K,Q,,,A,False,True,,,-3.875,2.1875,0.9538147589547573,,Q J M,Q,,True,,0.1357421875,0.5338835716247559,,
train-001308-035f69439b51029a,4,7,train,243028643990799002,pointer,K,Q,,,A,False,True,,,-2.625,1.5,1.9125139829109261,,Q J I,P,,False,,0.1513671875,0.5377696752548218,,
train-001308-035f69439b51029a,4,8,train,243028643990799002,pointer,K,J,,,A,False,True,,,-2.125,0.75,2.325545402870255,,J Q I,W,,False,,0.173828125,0.543347954750061,,
train-001308-035f69439b51029a,4,9,train,243028643990799002,pointer,K,R,,,A,False,True,,,-2.875,1.125,1.9011860916385341,,R J C,W,,False,,0.185546875,0.5462540984153748,,
train-001308-035f69439b51029a,4,10,train,243028643990799002,pointer,K,C,,,A,False,True,,,-2.375,0.5,2.552735419827423,,C R T,W,,False,,0.189453125,0.5472221374511719,,
train-001308-035f69439b51029a,4,11,train,243028643990799002,pointer,K,L,,,A,False,True,,,-2.0625,0.15625,2.422607646869415,,L T C,W,,False,,0.1962890625,0.5489152669906616,,
train-001308-035f69439b51029a,4,12,train,243028643990799002,pointer,K,L,,,A,False,True,,,-2.0,0.40625,2.429521483330833,,L T C,W,,False,,0.205078125,0.5510905981063843,,
train-002830-3c02bf0b4b385ab8,5,1,train,4324228647456627384,pointer,D,R,I,False,T,False,False,3.900827646255493,-1.25,-0.4375,0.125,3.186695642273145,23,R A B,Z,False,False,3.4406518936157227,-0.314453125,0.42202815413475037,False,0.5482301115989685
train-002830-3c02bf0b4b385ab8,5,2,train,4324228647456627384,pointer,D,D,M,False,T,False,False,3.536670207977295,-1.4375,-1.5,0.375,3.0393246538559358,13,D R Z,Z,False,False,2.9385013580322266,-0.16796875,0.45810630917549133,False,0.6126853227615356
train-002830-3c02bf0b4b385ab8,5,3,train,4324228647456627384,pointer,D,Q,X,False,T,False,False,4.70918607711792,-3.5,-3.8125,1.0625,2.55503406349957,20,Q Z D,Z,False,False,3.4960339069366455,-0.0322265625,0.4919440448284149,False,0.6771637201309204
train-002830-3c02bf0b4b385ab8,5,4,train,4324228647456627384,pointer,D,Q,W,False,T,False,False,8.48777961730957,-7.5,-5.03125,0.625,2.0394934167808385,26,Q H I,Z,False,False,2.7070345878601074,0.045654296875,0.5114116072654724,False,0.7162348628044128
train-002830-3c02bf0b4b385ab8,5,5,train,4324228647456627384,pointer,D,Q,T,False,T,False,False,5.936275959014893,-5.6875,-5.6875,2.5625,1.058160417117399,14,Q E J,Z,False,False,3.0898823738098145,0.10498046875,0.5262210369110107,True,0.6420339345932007
train-002830-3c02bf0b4b385ab8,5,6,train,4324228647456627384,pointer,D,Q,,,T,False,True,,,-4.5625,2.6875,0.8752623304216984,,Q E J,Q,,True,,0.1474609375,0.5367985367774963,,
train-002830-3c02bf0b4b385ab8,5,7,train,4324228647456627384,pointer,D,Q,,,T,False,True,,,-1.9375,0.8125,2.2306830331711343,,Q E V,W,,False,,0.17578125,0.543832540512085,,
train-002830-3c02bf0b4b385ab8,5,8,train,4324228647456627384,pointer,D,V,,,T,False,True,,,-1.3125,0.75,2.274133104222312,,V I E,W,,False,,0.1796875,0.5448014140129089,,
train-002830-3c02bf0b4b385ab8,5,9,train,4324228647456627384,pointer,D,I,,,T,False,True,,,-0.9375,0.3125,2.319536164485244,,I R V,W,,False,,0.171875,0.5428633093833923,,
train-002830-3c02bf0b4b385ab8,5,10,train,4324228647456627384,pointer,D,I,,,T,False,True,,,-1.375,0.375,2.282264217114687,,I R E,W,,False,,0.1669921875,0.5416513085365295,,
train-002830-3c02bf0b4b385ab8,5,11,train,4324228647456627384,pointer,D,I,,,T,False,True,,,-1.8125,0.4375,2.266135796268483,,I R E,W,,False,,0.1630859375,0.5406813621520996,,
train-002830-3c02bf0b4b385ab8,5,12,train,4324228647456627384,pointer,D,I,,,T,False,True,,,-2.0,0.375,2.3497504684322785,,I R E,W,,False,,0.16015625,0.5399536490440369,,
train-028436-0b0c4740a9c337c2,6,1,train,796089577189357506,pointer,T,Q,G,False,M,False,False,3.2861382961273193,-1.0625,-0.6875,0.25,3.059836450342425,11,Q P T,Z,False,False,3.5814590454101562,-0.3125,0.42250463366508484,False,0.5490548610687256
train-028436-0b0c4740a9c337c2,6,2,train,796089577189357506,pointer,T,T,B,False,M,False,False,3.19618558883667,-1.375,-1.25,0.8125,3.0385771099832732,8,T Q W,Z,False,False,2.956209421157837,-0.169921875,0.4576214849948883,False,0.6117910742759705
train-028436-0b0c4740a9c337c2,6,3,train,796089577189357506,pointer,T,T,Q,False,M,False,False,2.0271458625793457,-0.75,-3.25,0.75,2.6828770096727586,2,T Q H,Z,False,False,2.9019224643707275,-0.026611328125,0.4933475852012634,False,0.6799300312995911
train-028436-0b0c4740a9c337c2,6,4,train,796089577189357506,pointer,T,H,V,False,M,False,False,5.443439483642578,-3.90625,-3.125,0.0625,2.2950092315377155,17,H Q I,W,False,False,3.5698373317718506,0.0517578125,0.5129365921020508,False,0.719360888004303
train-028436-0b0c4740a9c337c2,6,5,train,796089577189357506,pointer,T,Q,O,False,M,False,False,4.15046501159668,-2.875,-3.25,0.1875,2.0987152500721025,9,Q J B,W,False,False,3.365325927734375,0.0947265625,0.5236639380455017,False,0.7416316866874695
train-028436-0b0c4740a9c337c2,6,6,train,796089577189357506,pointer,T,Q,M,False,M,False,False,4.484471321105957,-3.15625,-3.15625,0.5,2.2528607259968756,12,Q J A,T,False,False,3.044633388519287,0.1123046875,0.528046727180481,True,0.6385706067085266
train-028436-0b0c4740a9c337c2,6,7,train,796089577189357506,pointer,T,I,,,M,False,True,,,-4.09375,0.8125,1.9661726774004962,,I V A,W,,False,,0.11865234375,0.529628336429596,,
train-028436-0b0c4740a9c337c2,6,8,train,796089577189357506,pointer,T,I,,,M,False,True,,,-4.90625,1.875,1.4295607220528417,,I V A,W,,False,,0.1201171875,0.5299932360649109,,
train-028436-0b0c4740a9c337c2,6,9,train,796089577189357506,pointer,T,I,,,M,False,True,,,-4.65625,1.5,1.7094510805213425,,I V A,W,,False,,0.123046875,0.530722975730896,,
train-028436-0b0c4740a9c337c2,6,10,train,796089577189357506,pointer,T,I,,,M,False,True,,,-4.34375,1.125,2.0508190696877304,,I V P,W,,False,,0.1318359375,0.5329113006591797,,
train-028436-0b0c4740a9c337c2,6,11,train,796089577189357506,pointer,T,I,,,M,False,True,,,-3.90625,0.875,2.3785215468162044,,I V P,W,,False,,0.1435546875,0.5358271598815918,,
train-028436-0b0c4740a9c337c2,6,12,train,796089577189357506,pointer,T,I,,,M,False,True,,,-3.5625,0.625,2.5403972092937344,,I P V,Y,,False,,0.15625,0.5389832258224487,,
train-031938-0b5b595e7a83e1a3,8,1,train,818346019615138211,pointer,Q,Q,K,False,M,False,False,2.7355329990386963,-0.25,-0.0625,0.0,3.092993815934484,5,Q Z M,Z,False,False,3.0605502128601074,-0.298828125,0.4258439540863037,False,0.5548540949821472
train-031938-0b5b595e7a83e1a3,8,2,train,818346019615138211,pointer,Q,Q,O,False,M,False,False,4.8836669921875,-3.75,-1.8125,1.5625,2.7098092619425005,25,Q Z A,Z,False,False,2.963890790939331,-0.154296875,0.4615021347999573,False,0.6189717650413513
train-031938-0b5b595e7a83e1a3,8,3,train,818346019615138211,pointer,Q,Q,M,False,M,False,False,5.197276592254639,-4.9375,-4.9375,2.9375,1.183348311285149,15,Q J A,B,False,False,3.4031808376312256,-0.024658203125,0.4938357472419739,False,0.6808940768241882
train-031938-0b5b595e7a83e1a3,8,4,train,818346019615138211,pointer,Q,Q,P,False,M,False,False,4.831787586212158,-4.0625,-3.6875,0.9375,1.8919356185891967,13,Q J H,B,False,False,3.226416826248169,0.064453125,0.5161076784133911,False,0.725892961025238
train-031938-0b5b595e7a83e1a3,8,5,train,818346019615138211,pointer,Q,Q,G,False,M,False,False,7.169977188110352,-7.0625,-4.5,3.0625,0.5456894854140553,18,Q J A,B,False,False,3.2420873641967773,0.1171875,0.5292633771896362,False,0.7534565925598145
train-031938-0b5b595e7a83e1a3,8,6,train,818346019615138211,pointer,Q,Q,K,False,M,False,False,9.695816993713379,-9.59375,-3.6875,3.4375,0.5338489186048397,26,Q J M,Q,False,True,3.0679807662963867,0.150390625,0.5375269651412964,False,0.771166980266571
train-031938-0b5b595e7a83e1a3,8,7,train,818346019615138211,pointer,Q,Q,O,False,M,False,False,4.692580223083496,-4.1875,-2.625,1.9375,1.7382078520408917,14,Q A J,P,False,False,3.39399790763855,0.1630859375,0.5406813621520996,False,0.77801114320755
train-031938-0b5b595e7a83e1a3,8,8,train,818346019615138211,pointer,Q,V,M,False,M,False,False,2.9698891639709473,-1.3125,-1.3125,0.3125,2.6020891543456037,6,V J Q,W,False,False,2.8723678588867188,0.19140625,0.5477060079574585,True,0.6020166277885437
train-031938-0b5b595e7a83e1a3,8,9,train,818346019615138211,pointer,Q,I,,,M,False,True,,,-2.1875,0.0,2.450617317836834,,I V J,W,,False,,0.203125,0.5506073832511902,,
train-031938-0b5b595e7a83e1a3,8,10,train,818346019615138211,pointer,Q,R,,,M,False,True,,,-3.875,0.4375,2.325985323460266,,R I C,W,,False,,0.193359375,0.5481898188591003,,
train-031938-0b5b595e7a83e1a3,8,11,train,818346019615138211,pointer,Q,R,,,M,False,True,,,-5.0,0.1875,2.224370430149756,,R C I,W,,False,,0.1865234375,0.5464961528778076,,
train-031938-0b5b595e7a83e1a3,8,12,train,818346019615138211,pointer,Q,C,,,M,False,True,,,-5.421875,0.5,2.2123068559649433,,C R H,W,,False,,0.185546875,0.5462540984153748,,
train-034333-6300b5d8654b6802,10,1,train,7133901750771869698,pointer,K,Q,M,False,O,False,False,2.653320789337158,-1.0625,-2.4375,0.6875,2.8709573929558294,3,Q P M,Z,False,False,2.938690185546875,-0.302734375,0.4248892068862915,False,0.5531925559043884
train-034333-6300b5d8654b6802,10,2,train,7133901750771869698,pointer,K,Q,R,False,O,False,False,2.7842302322387695,-1.0,-2.875,0.875,3.005491319021149,4,Q Z K,Z,False,False,3.511798858642578,-0.1767578125,0.45592519640922546,False,0.6086686253547668
train-034333-6300b5d8654b6802,10,3,train,7133901750771869698,pointer,K,Q,S,False,O,False,False,2.654555320739746,-1.5625,-4.1875,0.9375,2.4483488408835523,4,Q K H,Z,False,False,3.294255018234253,-0.04296875,0.4892594814300537,False,0.6718935370445251
train-034333-6300b5d8654b6802,10,4,train,7133901750771869698,pointer,K,J,G,False,O,False,False,4.780706882476807,-3.25,-2.1875,0.0625,2.4572622254851915,17,J Q H,Z,False,False,2.9382214546203613,0.043701171875,0.5109235644340515,False,0.7152364253997803
train-034333-6300b5d8654b6802,10,5,train,7133901750771869698,pointer,K,Q,T,False,O,False,False,5.3862433433532715,-4.40625,-3.0,0.375,2.0028712354646174,17,Q J A,W,False,False,2.8409793376922607,0.0908203125,0.5226894617080688,False,0.7395880818367004
train-034333-6300b5d8654b6802,10,6,train,7133901750771869698,pointer,K,Q,I,False,O,False,False,3.1300244331359863,-2.5625,-2.875,1.625,1.7562441352308173,4,Q J A,W,False,False,3.9646527767181396,0.11865234375,0.529628336429596,False,0.7542321681976318
train-034333-6300b5d8654b6802,10,7,train,7133901750771869698,pointer,K,Q,E,False,O,False,False,3.3305110931396484,-2.0,-1.625,0.3125,2.266141187359323,8,Q I J,W,False,False,3.2887072563171387,0.1396484375,0.5348554849624634,False,0.765407145023346
train-034333-6300b5d8654b6802,10,8,train,7133901750771869698,pointer,K,I,N,False,O,False,False,6.955062389373779,-5.8125,-1.8125,0.5625,2.2191379361112524,22,I J R,W,False,False,3.840937376022339,0.150390625,0.5375269651412964,False,0.771166980266571
train-034333-6300b5d8654b6802,10,9,train,7133901750771869698,pointer,K,I,D,False,O,False,False,4.788084983825684,-3.3125,-1.71875,0.0,2.2878544261738276,15,I R J,W,False,False,3.5179033279418945,0.1552734375,0.5387405753135681,False,0.7737945914268494
train-034333-6300b5d8654b6802,10,10,train,7133901750771869698,pointer,K,R,O,False,O,False,False,3.488478422164917,-2.09375,-2.09375,0.5625,2.3765248843877704,8,R J S,W,False,False,3.278193950653076,0.1650390625,0.541166365146637,True,0.6140285730361938
train-034333-6300b5d8654b6802,10,11,train,7133901750771869698,pointer,K,R,,,O,False,True,,,-1.96875,0.375,2.5437131284913357,,R C S,W,,False,,0.177734375,0.5443170070648193,,
train-034333-6300b5d8654b6802,10,12,train,7133901750771869698,pointer,K,T,,,O,False,True,,,-2.53125,0.125,2.606149364990365,,T C H,Y,,False,,0.1884765625,0.5469801425933838,,
train-029222-9b7ef553bedd9688,12,1,train,11204662662977656456,pointer,W,R,B,False,W,False,False,2.4049458503723145,-0.125,-0.8125,0.0625,3.015616042853189,3,R Q B,Z,False,False,3.084444522857666,-0.3046875,0.42441198229789734,False,0.5523631572723389
train-029222-9b7ef553bedd9688,12,2,train,11204662662977656456,pointer,W,W,V,False,W,True,False,3.5376944541931152,-1.5,0.5,0.5,3.048074959179586,14,W R Z,Z,False,False,4.391968727111816,-0.15625,0.46101677417755127,False,0.6180708408355713
train-029222-9b7ef553bedd9688,12,3,train,11204662662977656456,pointer,W,W,I,False,W,True,False,4.098507881164551,-2.8125,1.25,1.25,2.7264341007060864,19,W Q H,Z,False,False,3.8812096118927,0.0086669921875,0.502166748046875,False,0.6974900364875793
train-029222-9b7ef553bedd9688,12,4,train,11204662662977656456,pointer,W,I,W,False,W,False,False,6.1447434425354,-4.9375,-4.9375,0.5,2.2884614135006345,24,I H Q,B,False,False,2.697377920150757,0.12890625,0.532181978225708,False,0.7596759796142578
train-029222-9b7ef553bedd9688,12,5,train,11204662662977656456,pointer,W,I,B,False,W,False,False,4.945715427398682,-3.6875,-7.546875,0.25,2.0477773095874303,13,I Q J,W,False,False,2.7184700965881348,0.185546875,0.5462540984153748,False,0.790217936038971
train-029222-9b7ef553bedd9688,12,6,train,11204662662977656456,pointer,W,Q,V,False,W,False,False,2.8571665287017822,-2.1875,-6.59375,1.0625,1.6846408813146159,4,Q I J,Q,False,True,3.463606357574463,0.201171875,0.5501240491867065,False,0.7987833619117737
train-029222-9b7ef553bedd9688,12,7,train,11204662662977656456,pointer,W,V,I,False,W,False,False,2.078688144683838,-0.875,-5.21875,0.5,2.2939563956819855,3,V Q I,Q,False,False,3.8723647594451904,0.2119140625,0.5527811646461487,False,0.8047071695327759
train-029222-9b7ef553bedd9688,12,8,train,11204662662977656456,pointer,W,V,W,False,W,False,False,6.147139072418213,-4.71875,-4.71875,0.5625,2.4510336967022224,22,V I R,W,True,False,2.3549890518188477,0.21875,0.5544704794883728,False,0.8084917664527893
train-029222-9b7ef553bedd9688,12,9,train,11204662662977656456,pointer,W,C,B,False,W,False,False,3.3062546253204346,-2.25,-5.21875,0.375,2.170622390175079,7,C R A,W,False,False,3.2394278049468994,0.21875,0.5544704794883728,False,0.8084917664527893
train-029222-9b7ef553bedd9688,12,10,train,11204662662977656456,pointer,W,C,V,False,W,False,False,4.743261337280273,-3.90625,-4.9375,1.625,2.184900556057815,16,C R N,W,False,False,3.795940399169922,0.2158203125,0.5537466406822205,False,0.8068683743476868
train-029222-9b7ef553bedd9688,12,11,train,11204662662977656456,pointer,W,C,I,False,W,False,False,4.826894760131836,-3.78125,-3.9375,1.125,2.270504615104729,13,C T F,Y,False,False,3.9725449085235596,0.2177734375,0.554229199886322,False,0.8079503774642944
train-029222-9b7ef553bedd9688,12,12,train,11204662662977656456,pointer,W,C,W,False,W,False,False,4.067948818206787,-2.65625,-2.65625,0.53125,2.372365886543439,10,C T L,Y,False,False,2.467418909072876,0.2236328125,0.5556763410568237,True,0.5875692367553711
train-023994-7b530fa831d97e35,1,1,train,8886463704797380149,pointer,G,R,Z,False,Z,False,False,2.411660671234131,-0.0625,-0.0625,0.0625,3.102186105282931,2,R Z M,Z,True,False,2.4984400272369385,-0.3359375,0.41679665446281433,True,0.8751568794250488
train-023994-7b530fa831d97e35,1,2,train,8886463704797380149,pointer,G,G,,,Z,False,True,,,-0.3125,0.0625,3.1062687260313107,,G R F,Z,,False,,-0.1806640625,0.45495641231536865,,
train-023994-7b530fa831d97e35,1,3,train,8886463704797380149,pointer,G,Q,,,Z,False,True,,,-1.875,0.0625,2.4435252540771675,,Q G H,Z,,False,,-0.025146484375,0.4937136769294739,,
train-023994-7b530fa831d97e35,1,4,train,8886463704797380149,pointer,G,U,,,Z,False,True,,,-3.0625,0.1875,2.3368218287426368,,U H Q,Z,,False,,0.0859375,0.5214711427688599,,
train-023994-7b530fa831d97e35,1,5,train,8886463704797380149,pointer,G,Q,,,Z,False,True,,,-3.78125,0.0,2.287451193201063,,Q U E,W,,False,,0.13671875,0.5341265201568604,,
train-023994-7b530fa831d97e35,1,6,train,8886463704797380149,pointer,G,Q,,,Z,False,True,,,-5.6875,1.1875,2.3579555609909395,,Q A J,W,,False,,0.1572265625,0.5392258763313293,,
train-023994-7b530fa831d97e35,1,7,train,8886463704797380149,pointer,G,I,,,Z,False,True,,,-7.03125,0.6875,2.1901538141873687,,I R A,W,,False,,0.162109375,0.5404388308525085,,
train-023994-7b530fa831d97e35,1,8,train,8886463704797380149,pointer,G,R,,,Z,False,True,,,-6.671875,0.8125,2.3316209270282826,,R I P,W,,False,,0.1611328125,0.5401962995529175,,
train-023994-7b530fa831d97e35,1,9,train,8886463704797380149,pointer,G,R,,,Z,False,True,,,-5.703125,1.0625,2.3810208618903608,,R P C,W,,False,,0.1630859375,0.5406813621520996,,
train-023994-7b530fa831d97e35,1,10,train,8886463704797380149,pointer,G,R,,,Z,False,True,,,-3.9375,0.125,2.521734054333358,,R C H,Y,,False,,0.1630859375,0.5406813621520996,,
train-023994-7b530fa831d97e35,1,11,train,8886463704797380149,pointer,G,T,,,Z,False,True,,,-3.21875,0.0625,2.407349059388375,,T C N,Y,,False,,0.1650390625,0.541166365146637,,
train-023994-7b530fa831d97e35,1,12,train,8886463704797380149,pointer,G,T,,,Z,False,True,,,-3.15625,0.25,2.4189284568994274,,T C N,Y,,False,,0.1669921875,0.5416513085365295,,
train-020791-96695dc76ed46aeb,2,1,train,10838297089383099115,pointer,E,M,W,False,V,False,False,2.934999942779541,-0.6875,-1.25,0.5,3.1408085228978324,5,M B I,Z,False,False,4.1196513175964355,-0.310546875,0.42298123240470886,False,0.5498805046081543
train-020791-96695dc76ed46aeb,2,2,train,10838297089383099115,pointer,E,E,V,False,V,False,False,3.601339340209961,-1.125,-1.125,0.0625,3.11030282968497,19,E P D,Z,False,False,4.135088920593262,-0.1806640625,0.45495641231536865,True,0.787553608417511
train-020791-96695dc76ed46aeb,2,3,train,10838297089383099115,pointer,E,E,,,V,False,True,,,-3.0,0.6875,2.731284643291582,,E Q B,Z,,False,,-0.052001953125,0.48700249195098877,,
train-020791-96695dc76ed46aeb,2,4,train,10838297089383099115,pointer,E,Q,,,V,False,True,,,-3.375,0.0625,2.449350358381184,,Q H J,Z,,False,,0.03466796875,0.5086661577224731,,
train-020791-96695dc76ed46aeb,2,5,train,10838297089383099115,pointer,E,Q,,,V,False,True,,,-4.46875,1.875,2.0107990021764373,,Q J E,Z,,False,,0.0859375,0.5214711427688599,,
train-020791-96695dc76ed46aeb,2,6,train,10838297089383099115,pointer,E,Q,,,V,False,True,,,-4.1875,2.125,1.7266695957316829,,Q E J,Q,,True,,0.123046875,0.530722975730896,,
train-020791-96695dc76ed46aeb,2,7,train,10838297089383099115,pointer,E,E,,,V,False,True,,,-0.5625,0.0,2.755482352733111,,E Q I,W,,False,,0.1416015625,0.5353413820266724,,
train-020791-96695dc76ed46aeb,2,8,train,10838297089383099115,pointer,E,V,,,V,True,True,,,0.5,0.5,2.6221727956308603,,V J B,W,,False,,0.1376953125,0.5343695282936096,,
train-020791-96695dc76ed46aeb,2,9,train,10838297089383099115,pointer,E,R,,,V,False,True,,,-0.125,0.0625,2.495965749161372,,R J V,W,,False,,0.12158203125,0.5303581357002258,,
train-020791-96695dc76ed46aeb,2,10,train,10838297089383099115,pointer,E,J,,,V,False,True,,,-1.53125,0.1875,2.2696157238854866,,J R C,W,,False,,0.1123046875,0.528046727180481,,
train-020791-96695dc76ed46aeb,2,11,train,10838297089383099115,pointer,E,J,,,V,False,True,,,-2.75,0.625,2.2315519793927034,,J R C,W,,False,,0.1103515625,0.5275599360466003,,
train-020791-96695dc76ed46aeb,2,12,train,10838297089383099115,pointer,E,F,,,V,False,True,,,-3.90625,0.875,2.0780543838385004,,F J C,W,,False,,0.111328125,0.5278033018112183,,
train-003971-c5f6362c2374a558,3,1,train,14264648432943932760,pointer,T,Q,N,False,N,False,False,2.822737216949463,-0.6875,-0.6875,0.1875,3.060229497661434,5,Q T Z,Z,False,False,2.8266384601593018,-0.314453125,0.42202815413475037,False,0.5482301115989685
train-003971-c5f6362c2374a558,3,2,train,14264648432943932760,pointer,T,T,T,True,N,False,False,1.9591448307037354,0.125,-1.1875,0.125,2.985429812920359,1,T Q Z,Z,False,False,3.4294497966766357,-0.16796875,0.45810630917549133,False,0.6126853227615356
train-003971-c5f6362c2374a558,3,3,train,14264648432943932760,pointer,T,T,N,False,N,False,False,2.9250617027282715,-1.3125,-1.3125,0.125,2.734987724232878,6,T Q B,Z,False,False,3.275214910507202,-0.01708984375,0.49572762846946716,True,0.7017285823822021
train-003971-c5f6362c2374a558,3,4,train,14264648432943932760,pointer,T,H,,,N,False,True,,,-4.28125,0.3125,2.402757375808597,,H I J,W,,False,,0.06298828125,0.5157418847084045,,
train-003971-c5f6362c2374a558,3,5,train,14264648432943932760,pointer,T,J,,,N,False,True,,,-4.5625,0.625,2.211139704527312,,J Q U,Q,,False,,0.107421875,0.526829719543457,,
train-003971-c5f6362c2374a558,3,6,train,14264648432943932760,pointer,T,Q,,,N,False,True,,,-4.5,0.375,2.445518311600448,,Q J V,Q,,True,,0.111328125,0.5278033018112183,,
train-003971-c5f6362c2374a558,3,7,train,14264648432943932760,pointer,T,I,,,N,False,True,,,-5.4375,1.6875,1.956499251931202,,I V B,W,,False,,0.1025390625,0.5256123542785645,,
train-003971-c5f6362c2374a558,3,8,train,14264648432943932760,pointer,T,I,,,N,False,True,,,-4.9375,1.9375,2.0395186007066,,I V B,W,,False,,0.099609375,0.5248817801475525,,
train-003971-c5f6362c2374a558,3,9,train,14264648432943932760,pointer,T,I,,,N,False,True,,,-4.25,1.25,2.4025377248061757,,I P R,W,,False,,0.1015625,0.5253688097000122,,
train-003971-c5f6362c2374a558,3,10,train,14264648432943932760,pointer,T,I,,,N,False,True,,,-3.59375,0.375,2.5827722336767716,,I P R,W,,False,,0.10791015625,0.5269514322280884,,
train-003971-c5f6362c2374a558,3,11,train,14264648432943932760,pointer,T,P,,,N,False,True,,,-3.3125,0.3125,2.6125748423972337,,P I B,W,,False,,0.11572265625,0.5288984179496765,,
train-003971-c5f6362c2374a558,3,12,train,14264648432943932760,pointer,T,P,,,N,False,True,,,-3.28125,0.6875,2.555960364141066,,P O B,Y,,False,,0.1240234375,0.5309661626815796,,
train-005709-276642cdfa2b90a2,4,1,train,2839030067536564386,pointer,I,G,G,True,L,False,False,2.555213451385498,0.0,-0.8125,0.0,3.160776754180614,1,G Q V,Z,False,False,3.5365471839904785,-0.341796875,0.4153730273246765,False,0.536781370639801
train-005709-276642cdfa2b90a2,4,2,train,2839030067536564386,pointer,I,Z,O,False,L,False,False,4.2909088134765625,-1.8125,-0.8125,0.125,3.132617467088754,24,Z Q R,Z,False,True,2.9454760551452637,-0.1826171875,0.454472154378891,False,0.6060014367103577
train-005709-276642cdfa2b90a2,4,3,train,2839030067536564386,pointer,I,Q,C,False,L,False,False,2.488494873046875,-0.5,-2.3125,0.0625,2.844757345295526,4,Q Y I,B,False,False,3.6728217601776123,-0.036865234375,0.4907847046852112,False,0.6748844385147095
train-005709-276642cdfa2b90a2,4,4,train,2839030067536564386,pointer,I,I,L,False,L,False,False,5.937830924987793,-4.75,-4.75,0.4375,2.2538387184001207,20,I H P,W,False,False,3.4455697536468506,0.060302734375,0.5150711536407471,True,0.663450300693512
train-005709-276642cdfa2b90a2,4,5,train,2839030067536564386,pointer,I,Q,,,L,False,True,,,-6.09375,1.375,1.4981276783411466,,Q A B,B,,False,,0.0986328125,0.5246382355690002,,
train-005709-276642cdfa2b90a2,4,6,train,2839030067536564386,pointer,I,Q,,,L,False,True,,,-5.46875,1.75,1.7875444088922785,,Q A B,Q,,True,,0.11181640625,0.5279250144958496,,
train-005709-276642cdfa2b90a2,4,7,train,2839030067536564386,pointer,I,Q,,,L,False,True,,,-4.125,0.5625,2.301061960974259,,Q E A,P,,False,,0.1435546875,0.5358271598815918,,
train-005709-276642cdfa2b90a2,4,8,train,2839030067536564386,pointer,I,E,,,L,False,True,,,-3.09375,0.1875,2.6690495960893705,,E Q I,P,,False,,0.15625,0.5389832258224487,,
train-005709-276642cdfa2b90a2,4,9,train,2839030067536564386,pointer,I,I,,,L,False,True,,,-4.40625,0.75,2.3181973789832018,,I E V,W,,False,,0.1865234375,0.5464961528778076,,
train-005709-276642cdfa2b90a2,4,10,train,2839030067536564386,pointer,I,I,,,L,False,True,,,-4.53125,1.9375,1.4785890596692777,,I E J,W,,False,,0.1767578125,0.5440747737884521,,
train-005709-276642cdfa2b90a2,4,11,train,2839030067536564386,pointer,I,I,,,L,False,True,,,-3.78125,2.6875,1.0861584835582283,,I J W,W,,False,,0.1416015625,0.5353413820266724,,
train-005709-276642cdfa2b90a2,4,12,train,2839030067536564386,pointer,I,I,,,L,False,True,,,-3.4375,2.5625,1.1551029001634343,,I J R,W,,False,,0.11962890625,0.5298715829849243,,
train-023377-86e7f9e2cbcec1d3,5,1,train,9721013073179754963,pointer,J,B,C,False,K,False,False,1.8612446784973145,-0.0625,-1.25,0.0625,2.861722751605721,2,B C M,Z,False,False,3.234844207763672,-0.302734375,0.4248892068862915,False,0.5531925559043884
train-023377-86e7f9e2cbcec1d3,5,2,train,9721013073179754963,pointer,J,Q,Q,True,K,False,False,2.4545788764953613,0.0625,-0.375,0.0625,3.124817487983632,1,Q B M,Z,False,False,3.3324689865112305,-0.171875,0.45713672041893005,False,0.6108977794647217
train-023377-86e7f9e2cbcec1d3,5,3,train,9721013073179754963,pointer,J,J,K,False,K,False,False,5.262894630432129,-4.8125,-4.8125,2.0,1.5243054174478674,16,J Q Y,B,False,False,2.8288257122039795,-0.041015625,0.4897475838661194,False,0.6728496551513672
train-023377-86e7f9e2cbcec1d3,5,4,train,9721013073179754963,pointer,J,H,K,False,K,False,False,7.242481231689453,-6.296875,-6.296875,0.25,1.7090019762731885,21,H Q J,W,False,False,2.8294730186462402,0.050537109375,0.5126315951347351,False,0.7187349200248718
train-023377-86e7f9e2cbcec1d3,5,5,train,9721013073179754963,pointer,J,Q,K,False,K,False,False,6.701959609985352,-6.4375,-6.4375,2.9375,1.1170794031045899,22,Q B J,T,False,False,2.9523870944976807,0.09228515625,0.5230549573898315,True,0.6480687856674194
train-023377-86e7f9e2cbcec1d3,5,6,train,9721013073179754963,pointer,J,Q,,,K,False,True,,,-5.375,3.71875,0.7263838558309689,,Q J R,W,,False,,0.140625,0.5350984334945679,,
train-023377-86e7f9e2cbcec1d3,5,7,train,9721013073179754963,pointer,J,Q,,,K,False,True,,,-3.375,0.8125,2.5460177575167378,,Q I R,W,,False,,0.1513671875,0.5377696752548218,,
train-023377-86e7f9e2cbcec1d3,5,8,train,9721013073179754963,pointer,J,I,,,K,False,True,,,-3.53125,0.0625,2.751261407950876,,I V E,W,,False,,0.1826171875,0.5455278754234314,,
train-023377-86e7f9e2cbcec1d3,5,9,train,9721013073179754963,pointer,J,C,,,K,False,True,,,-3.875,0.0625,2.7933122955151375,,C V I,W,,False,,0.189453125,0.5472221374511719,,
train-023377-86e7f9e2cbcec1d3,5,10,train,9721013073179754963,pointer,J,V,,,K,False,True,,,-3.96875,0.25,2.804363464029028,,V C A,W,,False,,0.1904296875,0.5474640727043152,,
train-023377-86e7f9e2cbcec1d3,5,11,train,9721013073179754963,pointer,J,V,,,K,False,True,,,-4.1875,0.5625,2.777686109508749,,V A C,W,,False,,0.19140625,0.5477060079574585,,
train-023377-86e7f9e2cbcec1d3,5,12,train,9721013073179754963,pointer,J,V,,,K,False,True,,,-4.3125,0.6875,2.7547590735024716,,V A F,W,,False,,0.1953125,0.5486735105514526,,
train-008492-240e76925130107c,6,1,train,2598144405838762108,pointer,D,I,I,True,Y,False,False,2.242913246154785,0.0,-1.0625,0.0,3.0361931467069154,1,I R P,Z,False,False,3.322368621826172,-0.318359375,0.42107561230659485,False,0.5465834140777588
train-008492-240e76925130107c,6,2,train,2598144405838762108,pointer,D,Q,G,False,Y,False,False,4.195235729217529,-1.9375,-0.875,0.25,3.027495774757376,23,Q F S,Z,False,False,3.192502737045288,-0.162109375,0.45956116914749146,False,0.6153738498687744
train-008492-240e76925130107c,6,3,train,2598144405838762108,pointer,D,Q,X,False,Y,False,False,4.666450500488281,-3.5625,-2.1875,1.125,2.519200220074638,22,Q S D,Z,False,False,3.516867160797119,-0.0167236328125,0.49581918120384216,False,0.684820294380188
train-008492-240e76925130107c,6,4,train,2598144405838762108,pointer,D,Q,R,False,Y,False,False,6.697947025299072,-5.78125,-7.09375,0.8125,1.7828640725260236,19,Q H J,Z,False,False,4.284085273742676,0.0712890625,0.5178147554397583,False,0.7294268608093262
train-008492-240e76925130107c,6,5,train,2598144405838762108,pointer,D,Q,K,False,Y,False,False,10.387215614318848,-10.3125,-10.75,3.875,0.4309088288657492,25,Q J I,Z,False,False,2.8899409770965576,0.12451171875,0.5310877561569214,False,0.7573397159576416
train-008492-240e76925130107c,6,6,train,2598144405838762108,pointer,D,Q,Y,False,Y,False,False,9.69459056854248,-9.65625,-9.65625,4.8125,0.2637951110011326,25,Q I E,Q,False,True,3.11067533493042,0.1416015625,0.5353413820266724,True,0.6248506903648376
train-008492-240e76925130107c,6,7,train,2598144405838762108,pointer,D,Q,,,Y,False,True,,,-7.0,2.9375,0.9947093643806817,,Q I R,W,,False,,0.15625,0.5389832258224487,,
train-008492-240e76925130107c,6,8,train,2598144405838762108,pointer,D,R,,,Y,False,True,,,-4.71875,0.4375,2.133617921565923,,R V I,W,,False,,0.166015625,0.5414088368415833,,
train-008492-240e76925130107c,6,9,train,2598144405838762108,pointer,D,R,,,Y,False,True,,,-5.5625,0.6875,2.0378015757033636,,R I V,W,,False,,0.16015625,0.5399536490440369,,
train-008492-240e76925130107c,6,10,train,2598144405838762108,pointer,D,R,,,Y,False,True,,,-6.0,0.375,1.9782214569257475,,R I B,W,,False,,0.1533203125,0.5382551550865173,,
train-008492-240e76925130107c,6,11,train,2598144405838762108,pointer,D,I,,,Y,False,True,,,-5.84375,0.0,2.0528588472179954,,I R B,W,,False,,0.150390625,0.5375269651412964,,
train-008492-240e76925130107c,6,12,train,2598144405838762108,pointer,D,I,,,Y,False,True,,,-5.8125,0.125,2.1853236020815308,,I R B,W,,False,,0.150390625,0.5375269651412964,,
train-020229-7c9aa3f3c6e63bb1,8,1,train,8978669074525862833,pointer,X,Q,K,False,J,False,False,2.8523361682891846,-0.5,-2.0,0.4375,3.1455939914225897,4,Q Z F,Z,False,False,3.0101640224456787,-0.31640625,0.42155182361602783,False,0.5474063158035278
train-020229-7c9aa3f3c6e63bb1,8,2,train,8978669074525862833,pointer,X,Q,W,False,J,False,False,3.061065912246704,-1.0,-2.25,0.25,3.03579381203005,7,Q X Z,Z,False,False,3.9860377311706543,-0.1875,0.4532618522644043,False,0.6037852764129639
train-020229-7c9aa3f3c6e63bb1,8,3,train,8978669074525862833,pointer,X,Q,R,False,J,False,False,4.541778564453125,-2.8125,-1.6875,0.5,2.851891720618709,20,Q X Y,Z,False,False,3.7635860443115234,-0.03369140625,0.4915779232978821,False,0.6764433979988098
train-020229-7c9aa3f3c6e63bb1,8,4,train,8978669074525862833,pointer,X,Q,M,False,J,False,False,4.923532962799072,-3.9375,-0.625,0.625,2.006839186256154,14,Q J F,B,False,False,3.158219337463379,0.0703125,0.5175709128379822,False,0.7289212942123413
train-020229-7c9aa3f3c6e63bb1,8,5,train,8978669074525862833,pointer,X,Q,Q,True,J,False,False,0.4242297410964966,2.3125,-2.5,2.3125,1.5351291382203645,1,Q A J,B,False,False,2.8624441623687744,0.126953125,0.5316957235336304,False,0.758637011051178
train-020229-7c9aa3f3c6e63bb1,8,6,train,8978669074525862833,pointer,X,Q,Y,False,J,False,False,4.162693023681641,-3.3125,-3.0625,0.875,2.092004395465628,11,Q A X,P,False,False,3.016443967819214,0.1513671875,0.5377696752548218,False,0.7716920375823975
train-020229-7c9aa3f3c6e63bb1,8,7,train,8978669074525862833,pointer,X,Q,D,False,J,False,False,3.6549808979034424,-2.125,-2.9375,0.375,2.6694834556435048,11,Q A X,P,False,False,3.9017348289489746,0.1708984375,0.5426208972930908,False,0.7822427749633789
train-020229-7c9aa3f3c6e63bb1,8,8,train,8978669074525862833,pointer,X,X,J,False,J,False,False,4.335785865783691,-2.125,-2.125,0.125,2.8860875439709286,19,X E V,P,False,False,3.709975242614746,0.19140625,0.5477060079574585,True,0.6020166277885437
train-020229-7c9aa3f3c6e63bb1,8,9,train,8978669074525862833,pointer,X,P,,,J,False,True,,,-2.125,0.0625,2.795232930285474,,P B E,E,,False,,0.1982421875,0.5493988990783691,,
train-020229-7c9aa3f3c6e63bb1,8,10,train,8978669074525862833,pointer,X,P,,,J,False,True,,,-2.125,0.375,2.6611091746452926,,P D I,E,,False,,0.203125,0.5506073832511902,,
train-020229-7c9aa3f3c6e63bb1,8,11,train,8978669074525862833,pointer,X,D,,,J,False,True,,,-1.375,0.1875,2.581903024271264,,D I P,A,,False,,0.2001953125,0.5498823523521423,,
train-020229-7c9aa3f3c6e63bb1,8,12,train,8978669074525862833,pointer,X,I,,,J,False,True,,,-0.5,0.0625,2.48741332263939,,I D V,A,,False,,0.1953125,0.5486735105514526,,
train-014821-3183b84ebac7680b,10,1,train,3567897978088155147,pointer,K,S,S,True,L,False,False,1.828575611114502,0.0625,-1.625,0.0625,2.9330180582549428,1,S Z T,Z,False,False,3.616633415222168,-0.296875,0.4263215959072113,False,0.5556862950325012
train-014821-3183b84ebac7680b,10,2,train,3567897978088155147,pointer,K,Q,H,False,L,False,False,3.521298408508301,-1.125,-1.0,0.0,3.080584738596684,16,Q R K,Z,False,False,3.923780679702759,-0.154296875,0.4615021347999573,False,0.6189717650413513
train-014821-3183b84ebac7680b,10,3,train,3567897978088155147,pointer,K,Q,V,False,L,False,False,4.504095554351807,-3.125,-2.875,0.6875,2.6495508440794784,19,Q K J,Z,False,False,3.7151553630828857,-0.019287109375,0.49517837166786194,False,0.6835501194000244
train-014821-3183b84ebac7680b,10,4,train,3567897978088155147,pointer,K,J,R,False,L,False,False,5.470256805419922,-4.46875,-4.1875,0.5625,2.0615975419208414,17,J Q H,Z,False,False,4.422990322113037,0.07177734375,0.517936646938324,False,0.7296797037124634
train-014821-3183b84ebac7680b,10,5,train,3567897978088155147,pointer,K,Q,B,False,L,False,False,4.767202854156494,-4.1875,-6.125,0.75,1.430402273768098,10,Q J M,W,False,False,2.842165231704712,0.1259765625,0.5314525961875916,False,0.7581179141998291
train-014821-3183b84ebac7680b,10,6,train,3567897978088155147,pointer,K,Q,E,False,L,False,False,3.5835165977478027,-3.3125,-7.5,2.625,1.1282375581565796,4,Q J T,Q,False,True,3.3249335289001465,0.1533203125,0.5382551550865173,False,0.7727428674697876
train-014821-3183b84ebac7680b,10,7,train,3567897978088155147,pointer,K,Q,O,False,L,False,False,3.7396292686462402,-2.3125,-5.65625,0.5,2.3980519877506152,10,Q I J,W,False,False,3.4317002296447754,0.169921875,0.5423785448074341,False,0.7817129492759705
train-014821-3183b84ebac7680b,10,8,train,3567897978088155147,pointer,K,I,Z,False,L,False,False,6.827765941619873,-5.0625,-5.09375,0.0,2.442147874208377,25,I V R,W,False,False,3.0344769954681396,0.16796875,0.541893720626831,False,0.7806540727615356
train-014821-3183b84ebac7680b,10,9,train,3567897978088155147,pointer,K,C,P,False,L,False,False,3.30840802192688,-1.75,-5.1875,0.0,2.3811315561491964,7,C J R,W,False,False,2.6879990100860596,0.1630859375,0.5406813621520996,False,0.77801114320755
train-014821-3183b84ebac7680b,10,10,train,3567897978088155147,pointer,K,C,L,False,L,False,False,6.194664478302002,-5.125,-5.125,0.5,2.162850687064957,22,C J R,W,False,False,3.5624167919158936,0.1630859375,0.5406813621520996,True,0.61492520570755
train-014821-3183b84ebac7680b,10,11,train,3567897978088155147,pointer,K,C,,,L,False,True,,,-3.1875,1.0625,2.316815198752144,,C J F,W,,False,,0.1669921875,0.5416513085365295,,
train-014821-3183b84ebac7680b,10,12,train,3567897978088155147,pointer,K,C,,,L,False,True,,,-1.46875,0.5,2.3472976597446484,,C F T,W,,False,,0.1728515625,0.5431056022644043,,
train-010574-c0bb923f113f8b6c,12,1,train,13887854675497028460,pointer,G,Q,Z,False,D,False,False,2.8340461254119873,-0.375,-1.375,0.25,3.156619578940293,4,Q A H,Z,True,False,2.4769177436828613,-0.318359375,0.42107561230659485,False,0.5465834140777588
train-010574-c0bb923f113f8b6c,12,2,train,13887854675497028460,pointer,G,G,L,False,D,False,False,3.4674267768859863,-1.5625,-2.0,0.5625,3.024936055363958,13,G F Z,Z,False,False,4.006462097167969,-0.1572265625,0.46077415347099304,False,0.6176207661628723
train-010574-c0bb923f113f8b6c,12,3,train,13887854675497028460,pointer,G,G,U,False,D,False,False,5.520875453948975,-4.75,-4.4375,1.625,2.1873597599985883,24,G Q J,B,False,False,3.542060375213623,-0.0255126953125,0.49362221360206604,False,0.680472195148468
train-010574-c0bb923f113f8b6c,12,4,train,13887854675497028460,pointer,G,Q,H,False,D,False,False,3.0160341262817383,-1.75,-3.375,0.1875,2.339017947392007,6,Q J U,Z,False,False,3.6571030616760254,0.060791015625,0.5151930451393127,False,0.7240046262741089
train-010574-c0bb923f113f8b6c,12,5,train,13887854675497028460,pointer,G,Q,P,False,D,False,False,6.993840217590332,-6.0625,-3.15625,0.3125,1.8849249929059142,23,Q J B,W,False,False,3.073742628097534,0.1015625,0.5253688097000122,False,0.7452172636985779
train-010574-c0bb923f113f8b6c,12,6,train,13887854675497028460,pointer,G,Q,X,False,D,False,False,5.785803318023682,-5.09375,-2.3125,0.5625,1.5593498623512265,16,Q J D,W,False,False,3.422569751739502,0.12451171875,0.5310877561569214,False,0.7573397159576416
train-010574-c0bb923f113f8b6c,12,7,train,13887854675497028460,pointer,G,Q,J,False,D,False,False,1.877629041671753,-0.5,-1.4375,0.375,2.289059717076721,3,Q I J,W,False,False,2.9480669498443604,0.126953125,0.5316957235336304,False,0.758637011051178
train-010574-c0bb923f113f8b6c,12,8,train,13887854675497028460,pointer,G,I,O,False,D,False,False,4.107187271118164,-3.09375,-2.4375,0.8125,2.17743547910658,10,I V J,W,False,False,3.300111770629883,0.1298828125,0.5324251055717468,False,0.7601958513259888
train-010574-c0bb923f113f8b6c,12,9,train,13887854675497028460,pointer,G,I,M,False,D,False,False,4.655188083648682,-3.84375,-3.0,1.375,2.037641764240925,14,I R V,W,False,False,2.9433412551879883,0.130859375,0.5326682329177856,False,0.7607158422470093
train-010574-c0bb923f113f8b6c,12,10,train,13887854675497028460,pointer,G,I,C,False,D,False,False,3.04414439201355,-2.1875,-3.0,1.25,2.1228147116300353,5,I R J,W,False,False,4.609415531158447,0.1328125,0.5331544280052185,False,0.7617567181587219
train-010574-c0bb923f113f8b6c,12,11,train,13887854675497028460,pointer,G,I,S,False,D,False,False,3.5120108127593994,-2.46875,-2.8125,1.0625,2.2920988184947486,9,I R J,W,False,False,3.179832935333252,0.13671875,0.5341265201568604,False,0.7638412714004517
train-010574-c0bb923f113f8b6c,12,12,train,13887854675497028460,pointer,G,I,D,False,D,False,False,3.8948886394500732,-2.46875,-2.46875,0.625,2.4427846531997783,12,I R C,W,False,False,3.477464437484741,0.1396484375,0.5348554849624634,True,0.625758707523346
train-002061-c2d311c993169188,1,1,train,14038584020897796488,pointer,U,B,B,True,B,True,False,1.964377760887146,0.4375,0.4375,0.4375,3.0810421306492555,1,B Q F,Z,False,False,3.2479684352874756,-0.30859375,0.4234579801559448,True,0.8593009114265442
train-002061-c2d311c993169188,1,2,train,14038584020897796488,pointer,U,Z,,,B,False,True,,,-0.875,0.25,3.0608758594424517,,Z Q F,Z,,True,,-0.158203125,0.4605315029621124,,
train-002061-c2d311c993169188,1,3,train,14038584020897796488,pointer,U,U,,,B,False,True,,,-2.9375,1.3125,2.1442667343811284,,U Q Z,B,,False,,-0.01904296875,0.49523937702178955,,
train-002061-c2d311c993169188,1,4,train,14038584020897796488,pointer,U,Q,,,B,False,True,,,-3.4375,1.125,2.3182141114145445,,Q I H,W,,False,,0.07470703125,0.5186680555343628,,
train-002061-c2d311c993169188,1,5,train,14038584020897796488,pointer,U,Q,,,B,False,True,,,-3.5625,2.8125,1.380939796057885,,Q J M,W,,False,,0.1201171875,0.5299932360649109,,
train-002061-c2d311c993169188,1,6,train,14038584020897796488,pointer,U,Q,,,B,False,True,,,-3.34375,2.375,1.6871481824746206,,Q J T,W,,False,,0.1513671875,0.5377696752548218,,
train-002061-c2d311c993169188,1,7,train,14038584020897796488,pointer,U,J,,,B,False,True,,,-0.9375,0.25,2.650715988093481,,J V Q,W,,False,,0.1640625,0.5409238934516907,,
train-002061-c2d311c993169188,1,8,train,14038584020897796488,pointer,U,J,,,B,False,True,,,-1.125,0.4375,2.3657859798907768,,J R B,W,,False,,0.169921875,0.5423785448074341,,
train-002061-c2d311c993169188,1,9,train,14038584020897796488,pointer,U,J,,,B,False,True,,,-1.5,0.0625,2.3006788134805825,,J R C,W,,False,,0.166015625,0.5414088368415833,,
train-002061-c2d311c993169188,1,10,train,14038584020897796488,pointer,U,L,,,B,False,True,,,-2.53125,1.3125,1.8197611453473768,,L F C,W,,False,,0.1650390625,0.541166365146637,,
train-002061-c2d311c993169188,1,11,train,14038584020897796488,pointer,U,L,,,B,False,True,,,-2.65625,1.5625,1.5389740666299545,,L F C,W,,False,,0.1689453125,0.5421361327171326,,
train-002061-c2d311c993169188,1,12,train,14038584020897796488,pointer,U,L,,,B,False,True,,,-2.625,1.6875,1.4638010577435767,,L F C,W,,False,,0.1767578125,0.5440747737884521,,
train-021745-58b55edc60d51af4,2,1,train,6392119546732681972,pointer,V,Z,Z,True,T,False,False,1.3492447137832642,0.75,-2.1875,0.75,2.772529783425053,1,Z R Q,Z,True,True,2.566432237625122,-0.283203125,0.4296686351299286,False,0.5615378022193909
train-021745-58b55edc60d51af4,2,2,train,6392119546732681972,pointer,V,Z,T,False,T,False,False,3.119187831878662,-1.25,-1.25,0.0625,2.8949674120492657,6,Z R Q,Z,False,True,3.452878952026367,-0.1279296875,0.4680611193180084,True,0.7591564059257507
train-021745-58b55edc60d51af4,2,3,train,6392119546732681972,pointer,V,V,,,T,False,True,,,-2.0625,0.1875,2.791735762817955,,V N Q,Z,,False,,-0.0093994140625,0.497650146484375,,
train-021745-58b55edc60d51af4,2,4,train,6392119546732681972,pointer,V,H,,,T,False,True,,,-3.46875,0.375,2.3399719995884283,,H Q F,B,,False,,0.08154296875,0.5203744769096375,,
train-021745-58b55edc60d51af4,2,5,train,6392119546732681972,pointer,V,Q,,,T,False,True,,,-4.03125,0.875,2.219343386808723,,Q F J,B,,False,,0.125,0.531209409236908,,
train-021745-58b55edc60d51af4,2,6,train,6392119546732681972,pointer,V,Q,,,T,False,True,,,-3.75,3.0625,1.274678775133917,,Q A I,T,,False,,0.146484375,0.5365557670593262,,
train-021745-58b55edc60d51af4,2,7,train,6392119546732681972,pointer,V,Q,,,T,False,True,,,-2.6875,2.1875,1.83676589839032,,Q A I,P,,False,,0.1494140625,0.5372841358184814,,
train-021745-58b55edc60d51af4,2,8,train,6392119546732681972,pointer,V,Q,,,T,False,True,,,-1.625,0.4375,2.429228883226198,,Q V I,P,,False,,0.162109375,0.5404388308525085,,
train-021745-58b55edc60d51af4,2,9,train,6392119546732681972,pointer,V,V,,,T,False,True,,,-2.25,1.3125,2.3463301162952064,,V I J,W,,False,,0.1865234375,0.5464961528778076,,
train-021745-58b55edc60d51af4,2,10,train,6392119546732681972,pointer,V,V,,,T,False,True,,,-2.9375,1.0,2.122118901497252,,V J I,W,,False,,0.19921875,0.5496405959129333,,
train-021745-58b55edc60d51af4,2,11,train,6392119546732681972,pointer,V,I,,,T,False,True,,,-2.625,0.0,2.450920253601333,,I R J,W,,False,,0.2060546875,0.5513321757316589,,
train-021745-58b55edc60d51af4,2,12,train,6392119546732681972,pointer,V,R,,,T,False,True,,,-3.09375,0.5,2.5026381303939087,,R C B,W,,False,,0.216796875,0.5539879202842712,,
train-024518-66e0df9bb1707859,3,1,train,7413170846441699417,pointer,X,Z,Z,True,F,False,False,2.139860153198242,0.375,-1.1875,0.375,3.0970262301279408,1,Z R M,Z,True,True,2.3871312141418457,-0.310546875,0.42298123240470886,False,0.5498805046081543
train-024518-66e0df9bb1707859,3,2,train,7413170846441699417,pointer,X,Z,P,False,F,False,False,3.609992504119873,-1.875,-1.625,0.5,2.956955719281914,15,Z R Y,Z,False,True,3.0324044227600098,-0.1826171875,0.454472154378891,False,0.6060014367103577
train-024518-66e0df9bb1707859,3,3,train,7413170846441699417,pointer,X,Z,F,False,F,False,False,3.4190378189086914,-1.4375,-1.4375,0.125,2.940101946483289,11,Z Y B,Z,False,True,3.1532347202301025,-0.0233154296875,0.4941714107990265,True,0.7048728466033936
train-024518-66e0df9bb1707859,3,4,train,7413170846441699417,pointer,X,Q,,,F,False,True,,,-1.5625,1.5625,2.3193866769754945,,Q F J,Z,,False,,0.087890625,0.5219584703445435,,
train-024518-66e0df9bb1707859,3,5,train,7413170846441699417,pointer,X,Q,,,F,False,True,,,-3.375,2.4375,1.7917897969688825,,Q X A,Z,,False,,0.150390625,0.5375269651412964,,
train-024518-66e0df9bb1707859,3,6,train,7413170846441699417,pointer,X,Q,,,F,False,True,,,-3.125,0.9375,2.142392682973148,,Q A X,Q,,True,,0.1767578125,0.5440747737884521,,
train-024518-66e0df9bb1707859,3,7,train,7413170846441699417,pointer,X,Q,,,F,False,True,,,-3.5,1.5,2.0646924110779414,,Q X Y,P,,False,,0.205078125,0.5510905981063843,,
train-024518-66e0df9bb1707859,3,8,train,7413170846441699417,pointer,X,B,,,F,False,True,,,-1.8125,0.1875,2.6798197769379537,,B R X,P,,False,,0.2275390625,0.5566405653953552,,
train-024518-66e0df9bb1707859,3,9,train,7413170846441699417,pointer,X,B,,,F,False,True,,,-2.4375,0.0,2.517906306564255,,B R E,Q,,False,,0.2265625,0.5563995838165283,,
train-024518-66e0df9bb1707859,3,10,train,7413170846441699417,pointer,X,R,,,F,False,True,,,-3.125,0.5,2.431142862879233,,R E D,W,,False,,0.2177734375,0.554229199886322,,
train-024518-66e0df9bb1707859,3,11,train,7413170846441699417,pointer,X,R,,,F,False,True,,,-4.125,1.0625,2.1705673279831315,,R D E,W,,False,,0.2021484375,0.550365686416626,,
train-024518-66e0df9bb1707859,3,12,train,7413170846441699417,pointer,X,R,,,F,False,True,,,-4.3125,0.625,1.9348618732702334,,R J P,W,,False,,0.185546875,0.5462540984153748,,
train-035184-285d48899940e5a1,4,1,train,2908560690170095009,pointer,M,O,Z,False,U,False,False,3.1935789585113525,-0.5625,-0.5,0.125,3.1670798839452887,14,O A S,Z,True,False,2.4919612407684326,-0.33203125,0.4177464544773102,False,0.5408493280410767
train-035184-285d48899940e5a1,4,2,train,2908560690170095009,pointer,M,Q,C,False,U,False,False,4.001406669616699,-2.25,-2.8125,0.375,3.0028184410039955,22,Q Z A,Z,False,False,3.4200832843780518,-0.169921875,0.4576214849948883,False,0.6117910742759705
train-035184-285d48899940e5a1,4,3,train,2908560690170095009,pointer,M,Q,I,False,U,False,False,5.052540302276611,-4.5625,-4.375,1.3125,1.54963916725578,15,Q M H,Z,False,False,3.7756543159484863,-0.026611328125,0.4933475852012634,False,0.6799300312995911
train-035184-285d48899940e5a1,4,4,train,2908560690170095009,pointer,M,Q,U,False,U,False,False,2.4975616931915283,-1.5625,-1.5625,1.0625,2.182758269267363,4,Q H M,W,False,False,3.874479055404663,0.06298828125,0.5157418847084045,True,0.6621489524841309
train-035184-285d48899940e5a1,4,5,train,2908560690170095009,pointer,M,Q,,,U,False,True,,,-2.3125,0.75,2.4671237996563566,,Q H E,W,,False,,0.1083984375,0.5270731449127197,,
train-035184-285d48899940e5a1,4,6,train,2908560690170095009,pointer,M,I,,,U,False,True,,,-3.4375,1.1875,2.0764310026704846,,I E R,W,,False,,0.115234375,0.5287767648696899,,
train-035184-285d48899940e5a1,4,7,train,2908560690170095009,pointer,M,I,,,U,False,True,,,-4.25,1.8125,1.9046987861863396,,I B R,W,,False,,0.1005859375,0.5251253247261047,,
train-035184-285d48899940e5a1,4,8,train,2908560690170095009,pointer,M,I,,,U,False,True,,,-4.34375,1.0,2.293872613651821,,I P B,W,,False,,0.091796875,0.5229331254959106,,
train-035184-285d48899940e5a1,4,9,train,2908560690170095009,pointer,M,P,,,U,False,True,,,-4.4375,0.1875,2.4318096946997523,,P I R,W,,False,,0.08837890625,0.5220803618431091,,
train-035184-285d48899940e5a1,4,10,train,2908560690170095009,pointer,M,P,,,U,False,True,,,-5.40625,1.0,2.3487827965383525,,P R I,G,,False,,0.08642578125,0.5215929746627808,,
train-035184-285d48899940e5a1,4,11,train,2908560690170095009,pointer,M,P,,,U,False,True,,,-5.90625,1.0625,2.2847868646884115,,P R H,G,,False,,0.08544921875,0.521349310874939,,
train-035184-285d48899940e5a1,4,12,train,2908560690170095009,pointer,M,P,,,U,False,True,,,-6.0,0.6875,2.3860546158658282,,P H R,Y,,False,,0.08642578125,0.5215929746627808,,
train-015151-5a91fc41fae73eb8,5,1,train,6526274695349092024,pointer,Y,A,U,False,B,False,False,3.555548667907715,-1.9375,-1.5625,0.5625,2.85790610279657,10,A Q Z,Z,False,False,2.854825496673584,-0.28125,0.43014734983444214,False,0.5623774528503418
train-015151-5a91fc41fae73eb8,5,2,train,6526274695349092024,pointer,Y,Z,A,False,B,False,False,2.162778377532959,-0.1875,-1.375,0.0625,2.9659993166688805,3,Z Q A,Z,False,True,2.959362745285034,-0.1357421875,0.46611642837524414,False,0.627577543258667
train-015151-5a91fc41fae73eb8,5,3,train,6526274695349092024,pointer,Y,Y,P,False,B,False,False,4.183308124542236,-3.3125,-3.5,1.3125,2.2019930078656005,10,Y Q Z,Z,False,False,3.173548460006714,0.00628662109375,0.5015716552734375,False,0.696295440196991
train-015151-5a91fc41fae73eb8,5,4,train,6526274695349092024,pointer,Y,Q,W,False,B,False,False,5.659633159637451,-4.40625,-3.4375,0.3125,2.4155174526965437,23,Q J H,Z,False,False,2.8610103130340576,0.08935546875,0.5223240256309509,False,0.7388226389884949
train-015151-5a91fc41fae73eb8,5,5,train,6526274695349092024,pointer,Y,Q,B,False,B,False,False,4.531785011291504,-4.0,-4.0,1.25,1.6307514459114156,9,Q J V,Q,False,True,2.9228949546813965,0.12158203125,0.5303581357002258,True,0.634202778339386
train-015151-5a91fc41fae73eb8,5,6,train,6526274695349092024,pointer,Y,Q,,,B,False,True,,,-4.46875,1.3125,1.5218393432651462,,Q J T,Q,,True,,0.12890625,0.532181978225708,,
train-015151-5a91fc41fae73eb8,5,7,train,6526274695349092024,pointer,Y,I,,,B,False,True,,,-3.53125,0.25,1.8788654817917072,,I Q J,W,,False,,0.1162109375,0.5290200710296631,,
train-015151-5a91fc41fae73eb8,5,8,train,6526274695349092024,pointer,Y,I,,,B,False,True,,,-3.96875,1.8125,1.6143988294535863,,I Q J,W,,False,,0.09765625,0.524394690990448,,
train-015151-5a91fc41fae73eb8,5,9,train,6526274695349092024,pointer,Y,I,,,B,False,True,,,-3.46875,1.0625,2.228835134748651,,I J Q,W,,False,,0.0869140625,0.5217148661613464,,
train-015151-5a91fc41fae73eb8,5,10,train,6526274695349092024,pointer,Y,J,,,B,False,True,,,-3.125,0.625,2.4599373020776385,,J I Q,Q,,False,,0.08447265625,0.5211055874824524,,
train-015151-5a91fc41fae73eb8,5,11,train,6526274695349092024,pointer,Y,J,,,B,False,True,,,-3.71875,1.625,2.2513784787980358,,J C Q,Q,,False,,0.08837890625,0.5220803618431091,,
train-015151-5a91fc41fae73eb8,5,12,train,6526274695349092024,pointer,Y,J,,,B,False,True,,,-3.53125,0.875,2.4055269006302655,,J C H,Q,,False,,0.09521484375,0.5237857699394226,,
train-005837-e176bcc34fcb5b38,6,1,train,16246380252829014840,pointer,D,P,P,True,V,False,False,1.9623429775238037,0.3125,-1.8125,0.3125,3.008166168749895,1,P M Q,Z,False,False,3.0555613040924072,-0.30859375,0.4234579801559448,False,0.5507071614265442
train-005837-e176bcc34fcb5b38,6,2,train,16246380252829014840,pointer,D,D,L,False,V,False,False,3.8267831802368164,-1.875,-1.9375,0.5,3.0415500217590146,19,D Q Z,Z,False,False,4.242864608764648,-0.1513671875,0.46223029494285583,False,0.6203248500823975
train-005837-e176bcc34fcb5b38,6,3,train,16246380252829014840,pointer,D,Q,F,False,V,False,False,4.368010520935059,-3.4375,-3.6875,1.4375,2.375576723518089,15,Q J D,Z,False,False,2.9692206382751465,-0.0294189453125,0.492645800113678,False,0.6785458922386169
train-005837-e176bcc34fcb5b38,6,4,train,16246380252829014840,pointer,D,Q,B,False,V,False,False,4.34224271774292,-3.46875,-4.96875,0.8125,1.891220791182742,8,Q J I,Z,False,False,2.965562343597412,0.04833984375,0.5120826363563538,False,0.717609167098999
train-005837-e176bcc34fcb5b38,6,5,train,16246380252829014840,pointer,D,Q,Y,False,V,False,False,7.4859395027160645,-7.03125,-5.0,1.3125,1.3776868764066275,23,Q J E,Z,False,False,3.203518867492676,0.11279296875,0.5281683802604675,False,0.7511330842971802
train-005837-e176bcc34fcb5b38,6,6,train,16246380252829014840,pointer,D,Q,V,False,V,False,False,4.4449968338012695,-4.125,-4.125,2.0625,1.2306055458834813,7,Q J E,W,False,False,3.48569655418396,0.1474609375,0.5367985367774963,True,0.6221323609352112
train-005837-e176bcc34fcb5b38,6,7,train,16246380252829014840,pointer,D,Q,,,V,False,True,,,-1.4375,1.25,2.168363840235284,,Q I J,W,,False,,0.1640625,0.5409238934516907,,
train-005837-e176bcc34fcb5b38,6,8,train,16246380252829014840,pointer,D,I,,,V,False,True,,,-0.25,0.25,2.361762541790777,,I V R,W,,False,,0.1689453125,0.5421361327171326,,
train-005837-e176bcc34fcb5b38,6,9,train,16246380252829014840,pointer,D,I,,,V,False,True,,,-1.4375,0.625,2.0959360407586254,,I R V,W,,False,,0.1630859375,0.5406813621520996,,
train-005837-e176bcc34fcb5b38,6,10,train,16246380252829014840,pointer,D,I,,,V,False,True,,,-2.5625,0.8125,1.950779517237354,,I R E,W,,False,,0.1572265625,0.5392258763313293,,
train-005837-e176bcc34fcb5b38,6,11,train,16246380252829014840,pointer,D,I,,,V,False,True,,,-3.1875,0.875,1.9509089586470418,,I R A,W,,False,,0.1513671875,0.5377696752548218,,
train-005837-e176bcc34fcb5b38,6,12,train,16246380252829014840,pointer,D,I,,,V,False,True,,,-3.40625,1.0,2.0617340972915965,,I R A,W,,False,,0.146484375,0.5365557670593262,,
train-007467-5e3ed60da32ede03,8,1,train,6791100642181963267,pointer,X,M,G,False,B,False,False,3.4550023078918457,-1.0625,-1.25,0.0,3.1024059282300582,12,M Z Y,Z,False,False,3.482117176055908,-0.32421875,0.4196479320526123,False,0.5441204309463501
train-007467-5e3ed60da32ede03,8,2,train,6791100642181963267,pointer,X,Y,U,False,B,False,False,4.819399356842041,-2.9375,-1.9375,0.25,2.9934750303469877,26,Y Z F,Z,False,False,3.1163206100463867,-0.1787109375,0.45544081926345825,False,0.6077786087989807
train-007467-5e3ed60da32ede03,8,3,train,6791100642181963267,pointer,X,Y,L,False,B,False,False,4.319361209869385,-2.625,-1.75,0.3125,2.6718490154878527,15,Y X H,Z,False,False,3.8627429008483887,-0.0245361328125,0.4938662648200989,False,0.6809543371200562
train-007467-5e3ed60da32ede03,8,4,train,6791100642181963267,pointer,X,H,D,False,B,False,False,4.338383674621582,-3.25,-2.90625,0.5625,2.139106763865004,11,H J Q,B,False,False,3.511908531188965,0.068359375,0.5170831680297852,False,0.7279108762741089
train-007467-5e3ed60da32ede03,8,5,train,6791100642181963267,pointer,X,Q,C,False,B,False,False,5.5958781242370605,-5.125,-2.375,1.875,1.5715932895107871,14,Q J B,B,False,False,3.8733489513397217,0.12158203125,0.5303581357002258,False,0.755784809589386
train-007467-5e3ed60da32ede03,8,6,train,6791100642181963267,pointer,X,Q,Q,True,B,False,False,0.46142810583114624,2.1875,-3.1875,2.1875,1.615929929642311,1,Q X A,Q,True,True,2.6676998138427734,0.15234375,0.5380124449729919,False,0.772217333316803
train-007467-5e3ed60da32ede03,8,7,train,6791100642181963267,pointer,X,Q,H,False,B,False,False,4.352104663848877,-3.75,-2.8125,2.3125,1.9650057574092297,14,Q I A,Q,False,True,3.7351279258728027,0.166015625,0.5414088368415833,False,0.779596209526062
train-007467-5e3ed60da32ede03,8,8,train,6791100642181963267,pointer,X,Q,B,False,B,False,False,3.3609015941619873,-1.5,-1.5,0.375,2.8047165239299723,11,Q V D,Q,False,True,3.1860902309417725,0.1845703125,0.5460120439529419,True,0.605114221572876
train-007467-5e3ed60da32ede03,8,9,train,6791100642181963267,pointer,X,D,,,B,False,True,,,-0.9375,0.0,2.6103350355956274,,D I V,W,,False,,0.2060546875,0.5513321757316589,,
train-007467-5e3ed60da32ede03,8,10,train,6791100642181963267,pointer,X,I,,,B,False,True,,,-1.3125,0.375,2.453542313288655,,I R D,W,,False,,0.20703125,0.5515737533569336,,
train-007467-5e3ed60da32ede03,8,11,train,6791100642181963267,pointer,X,I,,,B,False,True,,,-2.3125,0.25,2.3201927839329803,,I R D,W,,False,,0.19921875,0.5496405959129333,,
train-007467-5e3ed60da32ede03,8,12,train,6791100642181963267,pointer,X,R,,,B,False,True,,,-2.75,0.125,2.2281023621258322,,R C I,W,,False,,0.193359375,0.5481898188591003,,
train-001096-afd3f792c3f400f4,10,1,train,12669742386448171252,pointer,M,L,N,False,V,False,False,2.7640862464904785,-0.1875,-1.5625,0.0,3.146792818721273,3,L M N,Z,False,False,2.845818519592285,-0.3046875,0.42441198229789734,False,0.5523631572723389
train-001096-afd3f792c3f400f4,10,2,train,12669742386448171252,pointer,M,Q,B,False,V,False,False,3.496203899383545,-1.5,-2.375,0.375,3.0363244028833027,14,Q M Z,Z,False,False,2.979316234588623,-0.15234375,0.46198758482933044,False,0.619873583316803
train-001096-afd3f792c3f400f4,10,3,train,12669742386448171252,pointer,M,Q,O,False,V,False,False,5.696907997131348,-4.25,-3.375,0.6875,2.660549703866752,26,Q H F,Z,False,False,3.5152978897094727,-0.01361083984375,0.4965973496437073,False,0.6863649487495422
train-001096-afd3f792c3f400f4,10,4,train,12669742386448171252,pointer,M,Q,E,False,V,False,False,4.335420608520508,-3.34375,-3.25,0.9375,2.2609308322422805,13,Q H F,Z,False,False,3.3451719284057617,0.068359375,0.5170831680297852,False,0.7279108762741089
train-001096-afd3f792c3f400f4,10,5,train,12669742386448171252,pointer,M,Q,S,False,V,False,False,6.560003757476807,-6.21875,-4.9375,2.625,1.3347162740344847,20,Q B E,Q,False,True,3.0734622478485107,0.1123046875,0.528046727180481,False,0.7508752942085266
train-001096-afd3f792c3f400f4,10,6,train,12669742386448171252,pointer,M,Q,A,False,V,False,False,4.675405025482178,-4.1875,-3.0625,2.0,1.6455609948406247,11,Q E J,Q,False,True,3.2785143852233887,0.13671875,0.5341265201568604,False,0.7638412714004517
train-001096-afd3f792c3f400f4,10,7,train,12669742386448171252,pointer,M,I,P,False,V,False,False,1.9523890018463135,-0.5625,-0.875,0.5625,2.527887054851319,2,I P T,W,False,False,3.1907355785369873,0.1337890625,0.5333974361419678,False,0.7622774839401245
train-001096-afd3f792c3f400f4,10,8,train,12669742386448171252,pointer,M,I,C,False,V,False,False,3.582423686981201,-2.40625,-1.8125,0.8125,2.4439295923317914,8,I P T,W,False,False,4.3166680335998535,0.1220703125,0.5304797887802124,False,0.7560437917709351
train-001096-afd3f792c3f400f4,10,9,train,12669742386448171252,pointer,M,I,T,False,V,False,False,1.9339401721954346,-0.4375,-1.375,0.4375,2.5563066594750574,2,I T P,W,False,False,3.25156831741333,0.123046875,0.530722975730896,False,0.7565619349479675
train-001096-afd3f792c3f400f4,10,10,train,12669742386448171252,pointer,M,I,V,False,V,False,False,3.1605324745178223,-1.5,-1.5,0.0,2.5208394461255095,6,I S T,W,False,False,3.8737106323242188,0.130859375,0.5326682329177856,True,0.6298564672470093
train-001096-afd3f792c3f400f4,10,11,train,12669742386448171252,pointer,M,S,,,V,False,True,,,-2.5,0.5,2.3794178691949353,,S I J,Q,,False,,0.138671875,0.5346124768257141,,
train-001096-afd3f792c3f400f4,10,12,train,12669742386448171252,pointer,M,S,,,V,False,True,,,-3.65625,1.0,2.2002146032490284,,S I J,Q,,False,,0.1494140625,0.5372841358184814,,
train-029762-5ead6e74952c175c,12,1,train,6822230457534125916,pointer,C,P,D,False,B,False,False,3.1764955520629883,-0.9375,-0.9375,0.25,3.086544043101877,9,P T C,Z,False,False,3.815565824508667,-0.302734375,0.4248892068862915,False,0.5531925559043884
train-029762-5ead6e74952c175c,12,2,train,6822230457534125916,pointer,C,C,S,False,B,False,False,3.1461050510406494,-1.125,-1.125,0.5625,3.075552842598396,9,C Z F,Z,False,False,3.4384806156158447,-0.169921875,0.4576214849948883,False,0.6117910742759705
train-029762-5ead6e74952c175c,12,3,train,6822230457534125916,pointer,C,C,H,False,B,False,False,3.122633218765259,-2.375,-2.9375,1.625,2.1892719227886808,4,C Q Z,Z,False,False,4.058468818664551,-0.039794921875,0.49005255103111267,False,0.6734476685523987
train-029762-5ead6e74952c175c,12,4,train,6822230457534125916,pointer,C,H,X,False,B,False,False,5.334992408752441,-3.625,-2.375,0.25,2.670561512012141,22,H C J,Z,False,False,3.428144931793213,0.030029296875,0.507506787776947,False,0.7082745432853699
train-029762-5ead6e74952c175c,12,5,train,6822230457534125916,pointer,C,Q,N,False,B,False,False,4.662734031677246,-3.71875,-2.71875,0.75,2.226811201319547,18,Q J E,Q,False,True,3.5116355419158936,0.076171875,0.5190337300300598,False,0.7319582104682922
train-029762-5ead6e74952c175c,12,6,train,6822230457534125916,pointer,C,Q,R,False,B,False,False,6.278509140014648,-4.9375,-2.8125,0.25,2.267647499418468,23,Q V J,Q,False,True,3.9635963439941406,0.10986328125,0.527438223361969,False,0.749586820602417
train-029762-5ead6e74952c175c,12,7,train,6822230457534125916,pointer,C,V,G,False,B,False,False,6.988242149353027,-6.625,-5.09375,2.3125,1.3909904531522517,24,V J T,Q,False,False,2.962719678878784,0.12890625,0.532181978225708,False,0.7596759796142578
train-029762-5ead6e74952c175c,12,8,train,6822230457534125916,pointer,C,V,P,False,B,False,False,5.3876423835754395,-5.15625,-5.34375,3.375,1.0720854750889939,13,V S E,Q,False,False,3.0609095096588135,0.1279296875,0.5319388508796692,False,0.7591564059257507
train-029762-5ead6e74952c175c,12,9,train,6822230457534125916,pointer,C,V,T,False,B,False,False,3.249052047729492,-2.6875,-4.125,2.0,1.8271607831881607,5,V I S,Q,False,False,3.6176400184631348,0.1259765625,0.5314525961875916,False,0.7581179141998291
train-029762-5ead6e74952c175c,12,10,train,6822230457534125916,pointer,C,V,J,False,B,False,False,3.158860683441162,-2.375,-3.65625,1.5,2.0974554498280766,6,V I S,Q,False,False,3.1537163257598877,0.1337890625,0.5333974361419678,False,0.7622774839401245
train-029762-5ead6e74952c175c,12,11,train,6822230457534125916,pointer,C,V,L,False,B,False,False,5.5806403160095215,-4.59375,-3.21875,1.0625,2.240121674957717,21,V I S,Q,False,False,3.4014041423797607,0.1474609375,0.5367985367774963,False,0.7695932984352112
train-029762-5ead6e74952c175c,12,12,train,6822230457534125916,pointer,C,V,B,False,B,False,False,3.987936019897461,-2.625,-2.625,0.5,2.3826244852042247,10,V I S,W,False,False,3.661424160003662,0.162109375,0.5404388308525085,True,0.6153738498687744
train-017631-0c0e1af9e4d5891d,1,1,train,868661438717462813,pointer,K,W,W,True,W,True,False,1.698182463645935,0.625,0.625,0.625,2.96170210388747,1,W F K,Z,False,False,4.031952857971191,-0.328125,0.41869693994522095,True,0.8706080317497253
train-017631-0c0e1af9e4d5891d,1,2,train,868661438717462813,pointer,K,K,,,W,False,True,,,-1.125,0.5625,3.017351269522205,,K F J,Z,,False,,-0.2060546875,0.44866785407066345,,
train-017631-0c0e1af9e4d5891d,1,3,train,868661438717462813,pointer,K,J,,,W,False,True,,,-4.625,0.0,2.239335872158775,,J K Q,Z,,False,,-0.06494140625,0.48377037048339844,,
train-017631-0c0e1af9e4d5891d,1,4,train,868661438717462813,pointer,K,H,,,W,False,True,,,-6.6640625,0.0,2.2037278597349754,,H J Q,Z,,False,,0.024169921875,0.5060421824455261,,
train-017631-0c0e1af9e4d5891d,1,5,train,868661438717462813,pointer,K,Q,,,W,False,True,,,-7.6015625,0.5,1.7135126696623393,,Q J H,W,,False,,0.07470703125,0.5186680555343628,,
train-017631-0c0e1af9e4d5891d,1,6,train,868661438717462813,pointer,K,Q,,,W,False,True,,,-6.625,1.5625,1.1225418926581126,,Q J T,Q,,True,,0.10693359375,0.5267079472541809,,
train-017631-0c0e1af9e4d5891d,1,7,train,868661438717462813,pointer,K,Q,,,W,False,True,,,-4.375,0.6875,2.3127263992075457,,Q I J,W,,False,,0.1416015625,0.5353413820266724,,
train-017631-0c0e1af9e4d5891d,1,8,train,868661438717462813,pointer,K,I,,,W,False,True,,,-4.3125,0.4375,2.05021464454061,,I V B,W,,False,,0.158203125,0.53946852684021,,
train-017631-0c0e1af9e4d5891d,1,9,train,868661438717462813,pointer,K,I,,,W,False,True,,,-2.78125,0.1875,2.3184229164806327,,I V J,W,,False,,0.146484375,0.5365557670593262,,
train-017631-0c0e1af9e4d5891d,1,10,train,868661438717462813,pointer,K,J,,,W,False,True,,,-3.0,0.96875,2.3927147348703044,,J I R,W,,False,,0.140625,0.5350984334945679,,
train-017631-0c0e1af9e4d5891d,1,11,train,868661438717462813,pointer,K,J,,,W,False,True,,,-3.5,1.3125,2.3067728455391117,,J R C,W,,False,,0.14453125,0.5360700488090515,,
train-017631-0c0e1af9e4d5891d,1,12,train,868661438717462813,pointer,K,J,,,W,False,True,,,-3.84375,0.75,2.294143885727669,,J C H,W,,False,,0.15234375,0.5380124449729919,,
train-034921-ba5b9a7ba9e212de,2,1,train,13428496569857086174,pointer,J,W,W,True,Z,False,False,1.212218165397644,0.4375,-0.4375,0.4375,2.5636723755356,1,W Z D,Z,False,False,4.065342903137207,-0.318359375,0.42107561230659485,False,0.5465834140777588
train-034921-ba5b9a7ba9e212de,2,2,train,13428496569857086174,pointer,J,Z,Z,True,Z,True,False,2.152052164077759,0.4375,0.4375,0.4375,3.108923584821023,1,Z W J,Z,True,True,2.541487693786621,-0.16796875,0.45810630917549133,True,0.7806540727615356
train-034921-ba5b9a7ba9e212de,2,3,train,13428496569857086174,pointer,J,J,,,Z,False,True,,,-2.75,2.1875,1.7606346104989241,,J Q H,B,,False,,-0.031982421875,0.4920050799846649,,
train-034921-ba5b9a7ba9e212de,2,4,train,13428496569857086174,pointer,J,J,,,Z,False,True,,,-2.875,0.125,2.4548424455527824,,J H Q,Z,,False,,0.06396484375,0.5159857273101807,,
train-034921-ba5b9a7ba9e212de,2,5,train,13428496569857086174,pointer,J,J,,,Z,False,True,,,-4.71875,0.6875,2.1819143134216348,,J Q H,W,,False,,0.11083984375,0.5276816487312317,,
train-034921-ba5b9a7ba9e212de,2,6,train,13428496569857086174,pointer,J,Q,,,Z,False,True,,,-5.84375,1.125,1.697825527860903,,Q J V,W,,False,,0.12060546875,0.5301148891448975,,
train-034921-ba5b9a7ba9e212de,2,7,train,13428496569857086174,pointer,J,Q,,,Z,False,True,,,-5.21875,0.5625,2.3117026949160433,,Q J V,W,,False,,0.126953125,0.5316957235336304,,
train-034921-ba5b9a7ba9e212de,2,8,train,13428496569857086174,pointer,J,C,,,Z,False,True,,,-5.1875,0.0625,2.4471714711270613,,C J I,W,,False,,0.1279296875,0.5319388508796692,,
train-034921-ba5b9a7ba9e212de,2,9,train,13428496569857086174,pointer,J,C,,,Z,False,True,,,-5.59375,0.375,2.3383504238298696,,C J H,W,,False,,0.1240234375,0.5309661626815796,,
train-034921-ba5b9a7ba9e212de,2,10,train,13428496569857086174,pointer,J,C,,,Z,False,True,,,-5.296875,0.125,2.2615837675922585,,C F J,W,,False,,0.1240234375,0.5309661626815796,,
train-034921-ba5b9a7ba9e212de,2,11,train,13428496569857086174,pointer,J,F,,,Z,False,True,,,-5.59375,0.9375,1.980292329487367,,F C J,W,,False,,0.126953125,0.5316957235336304,,
train-034921-ba5b9a7ba9e212de,2,12,train,13428496569857086174,pointer,J,F,,,Z,False,True,,,-5.4375,1.25,1.873747285168705,,F C N,W,,False,,0.134765625,0.5336405038833618,,
train-023258-7662a793ea592b7a,3,1,train,8530564897926884218,pointer,A,B,M,False,L,False,False,3.0894370079040527,-1.125,-2.0,0.4375,2.9923832265823775,8,B Z A,Z,False,False,2.997152328491211,-0.32421875,0.4196479320526123,False,0.5441204309463501
train-023258-7662a793ea592b7a,3,2,train,8530564897926884218,pointer,A,B,G,False,L,False,False,3.0816686153411865,-1.5625,-2.5625,0.75,2.8144510634359805,6,B Q Z,Z,False,False,3.314230442047119,-0.1943359375,0.4515683352947235,False,0.600692629814148
train-023258-7662a793ea592b7a,3,3,train,8530564897926884218,pointer,A,A,L,False,L,False,False,4.53753662109375,-3.1875,-3.1875,0.375,2.4644749883962653,17,A Q B,Z,False,False,3.8851280212402344,-0.050048828125,0.48749038577079773,True,0.7184846997261047
train-023258-7662a793ea592b7a,3,4,train,8530564897926884218,pointer,A,Q,,,L,False,True,,,-4.125,0.75,2.3865749347695475,,Q H C,Z,,False,,0.0250244140625,0.5062557458877563,,
train-023258-7662a793ea592b7a,3,5,train,8530564897926884218,pointer,A,Q,,,L,False,True,,,-5.1875,2.75,1.5062094777781125,,Q J M,Q,,True,,0.07080078125,0.5176928043365479,,
train-023258-7662a793ea592b7a,3,6,train,8530564897926884218,pointer,A,Q,,,L,False,True,,,-5.375,2.0,1.7369328821969579,,Q J M,Q,,True,,0.107421875,0.526829719543457,,
train-023258-7662a793ea592b7a,3,7,train,8530564897926884218,pointer,A,V,,,L,False,True,,,-4.4375,0.9375,2.2630953998098313,,V J E,Q,,False,,0.130859375,0.5326682329177856,,
train-023258-7662a793ea592b7a,3,8,train,8530564897926884218,pointer,A,D,,,L,False,True,,,-3.5625,0.8125,2.363753421010587,,D V J,Q,,False,,0.1298828125,0.5324251055717468,,
train-023258-7662a793ea592b7a,3,9,train,8530564897926884218,pointer,A,D,,,L,False,True,,,-2.8125,0.5625,2.4667697327822053,,D J C,Q,,False,,0.130859375,0.5326682329177856,,
train-023258-7662a793ea592b7a,3,10,train,8530564897926884218,pointer,A,J,,,L,False,True,,,-2.34375,0.1875,2.4737955232053417,,J D R,Q,,False,,0.138671875,0.5346124768257141,,
train-023258-7662a793ea592b7a,3,11,train,8530564897926884218,pointer,A,J,,,L,False,True,,,-2.03125,0.3125,2.4784499492459298,,J R C,Q,,False,,0.1494140625,0.5372841358184814,,
train-023258-7662a793ea592b7a,3,12,train,8530564897926884218,pointer,A,J,,,L,False,True,,,-1.0625,0.125,2.5560525012868993,,J C R,Q,,False,,0.1591796875,0.5397111177444458,,
train-003846-77a1b1fc3e664ee7,4,1,train,8620366858700607207,pointer,S,L,W,False,D,False,False,3.0058863162994385,-0.8125,-1.875,0.0625,3.056347326737062,7,L Q S,Z,False,False,3.8350956439971924,-0.32421875,0.4196479320526123,False,0.5441204309463501
train-003846-77a1b1fc3e664ee7,4,2,train,8620366858700607207,pointer,S,S,C,False,D,False,False,4.127384662628174,-2.3125,-1.9375,0.375,2.995046611893286,22,S Q R,Z,False,False,3.4685630798339844,-0.1787109375,0.45544081926345825,False,0.6077786087989807
train-003846-77a1b1fc3e664ee7,4,3,train,8620366858700607207,pointer,S,Q,G,False,D,False,False,5.301407337188721,-4.6875,-6.3125,1.8125,1.9579894491884606,20,Q H S,Z,False,False,3.011373996734619,-0.068359375,0.48291683197021484,False,0.6595515012741089
train-003846-77a1b1fc3e664ee7,4,4,train,8620366858700607207,pointer,S,Q,D,False,D,False,False,5.597809791564941,-4.40625,-4.40625,1.0,2.5179462648531725,24,Q H E,W,False,False,3.6276450157165527,0.0164794921875,0.5041197538375854,True,0.6849414110183716
train-003846-77a1b1fc3e664ee7,4,5,train,8620366858700607207,pointer,S,Q,,,D,False,True,,,-4.96875,1.625,2.0540168328398276,,Q E A,W,,False,,0.08154296875,0.5203744769096375,,
train-003846-77a1b1fc3e664ee7,4,6,train,8620366858700607207,pointer,S,Q,,,D,False,True,,,-3.5,0.5625,2.449857682198473,,Q E T,W,,False,,0.12109375,0.5302364826202393,,
train-003846-77a1b1fc3e664ee7,4,7,train,8620366858700607207,pointer,S,E,,,D,False,True,,,-2.6875,0.5625,2.5246222109826295,,E T V,W,,False,,0.142578125,0.5355842709541321,,
train-003846-77a1b1fc3e664ee7,4,8,train,8620366858700607207,pointer,S,E,,,D,False,True,,,-2.65625,0.6875,2.438977231081921,,E I T,W,,False,,0.150390625,0.5375269651412964,,
train-003846-77a1b1fc3e664ee7,4,9,train,8620366858700607207,pointer,S,E,,,D,False,True,,,-2.84375,0.5625,2.416423116067475,,E I S,W,,False,,0.15234375,0.5380124449729919,,
train-003846-77a1b1fc3e664ee7,4,10,train,8620366858700607207,pointer,S,E,,,D,False,True,,,-3.03125,0.5,2.4057044788060513,,E S I,W,,False,,0.158203125,0.53946852684021,,
train-003846-77a1b1fc3e664ee7,4,11,train,8620366858700607207,pointer,S,E,,,D,False,True,,,-3.28125,0.25,2.396761752903607,,E S J,W,,False,,0.16796875,0.541893720626831,,
train-003846-77a1b1fc3e664ee7,4,12,train,8620366858700607207,pointer,S,E,,,D,False,True,,,-3.53125,0.3125,2.382942386414472,,E S J,W,,False,,0.1767578125,0.5440747737884521,,
train-010822-e426975e2bc53ca7,5,1,train,16439993920479640743,pointer,N,T,H,False,R,False,False,2.619302749633789,-0.0625,-0.5625,0.0625,3.126386831711733,2,T H N,Z,False,False,3.907412052154541,-0.294921875,0.42679935693740845,False,0.5565193891525269
train-010822-e426975e2bc53ca7,5,2,train,16439993920479640743,pointer,N,N,E,False,R,False,False,4.089033126831055,-2.0,-0.9375,0.4375,3.0647588080633223,23,N W T,Z,False,False,3.2305355072021484,-0.1640625,0.4590761363506317,False,0.61447674036026
train-010822-e426975e2bc53ca7,5,3,train,16439993920479640743,pointer,N,Q,P,False,R,False,False,3.7354979515075684,-1.9375,-3.0,0.125,2.8203404704515362,13,Q N H,Z,False,False,2.9553990364074707,-0.017333984375,0.49566659331321716,False,0.6845177412033081
train-010822-e426975e2bc53ca7,5,4,train,16439993920479640743,pointer,N,F,T,False,R,False,False,5.136366844177246,-3.9375,-4.8125,0.4375,2.063457484626867,15,F H Q,Z,False,False,3.2573587894439697,0.06494140625,0.5162296295166016,False,0.7261449694633484
train-010822-e426975e2bc53ca7,5,5,train,16439993920479640743,pointer,N,Q,R,False,R,False,False,7.170228958129883,-7.03125,-7.03125,3.5625,0.7151942869238397,21,Q F J,B,False,False,4.371792793273926,0.08935546875,0.5223240256309509,True,0.6494671702384949
train-010822-e426975e2bc53ca7,5,6,train,16439993920479640743,pointer,N,Q,,,R,False,True,,,-6.0625,4.3125,0.37809320464983054,,Q J T,B,,False,,0.1015625,0.5253688097000122,,
train-010822-e426975e2bc53ca7,5,7,train,16439993920479640743,pointer,N,Q,,,R,False,True,,,-2.6875,1.875,1.9524103749424258,,Q V I,W,,False,,0.115234375,0.5287767648696899,,
train-010822-e426975e2bc53ca7,5,8,train,16439993920479640743,pointer,N,V,,,R,False,True,,,-1.5,0.375,2.4719806432705593,,V I E,W,,False,,0.1318359375,0.5329113006591797,,
train-010822-e426975e2bc53ca7,5,9,train,16439993920479640743,pointer,N,V,,,R,False,True,,,-1.4375,0.0625,2.463580865751781,,V I E,W,,False,,0.1279296875,0.5319388508796692,,
train-010822-e426975e2bc53ca7,5,10,train,16439993920479640743,pointer,N,E,,,R,False,True,,,-1.03125,0.1875,2.5236124862513103,,E D I,W,,False,,0.1220703125,0.5304797887802124,,
train-010822-e426975e2bc53ca7,5,11,train,16439993920479640743,pointer,N,E,,,R,False,True,,,-0.9375,0.25,2.558290413915518,,E D V,A,,False,,0.123046875,0.530722975730896,,
train-010822-e426975e2bc53ca7,5,12,train,16439993920479640743,pointer,N,E,,,R,False,True,,,-0.75,0.40625,2.6203197895113295,,E D V,A,,False,,0.130859375,0.5326682329177856,,
train-021839-a8126bab7a20118d,6,1,train,12110860732185186701,pointer,V,Q,V,False,V,False,False,2.9206554889678955,-0.9375,-0.9375,0.375,3.0822493147616687,5,Q S U,Z,False,False,4.348291397094727,-0.3046875,0.42441198229789734,False,0.5523631572723389
train-021839-a8126bab7a20118d,6,2,train,12110860732185186701,pointer,V,Q,V,False,V,False,False,1.8814706802368164,-0.1875,-0.1875,0.1875,2.8936347658460098,2,Q V Z,Z,False,False,4.244198799133301,-0.1611328125,0.4598037302494049,False,0.6158227324485779
train-021839-a8126bab7a20118d,6,3,train,12110860732185186701,pointer,V,V,V,True,V,True,False,1.2024638652801514,0.25,0.25,0.25,2.4165798438997483,1,V Q B,B,False,False,3.7573435306549072,-0.030517578125,0.49237120151519775,False,0.678004801273346
train-021839-a8126bab7a20118d,6,4,train,12110860732185186701,pointer,V,Q,V,False,V,False,False,4.734869956970215,-4.09375,-4.09375,1.75,1.8408271723311487,12,Q H I,W,False,False,3.6228485107421875,0.06640625,0.5165954232215881,False,0.7269014120101929
train-021839-a8126bab7a20118d,6,5,train,12110860732185186701,pointer,V,Q,V,False,V,False,False,5.984673023223877,-5.84375,-5.84375,3.125,0.707739199168855,12,Q B J,B,False,False,3.4462006092071533,0.11328125,0.5282900333404541,False,0.7513910531997681
train-021839-a8126bab7a20118d,6,6,train,12110860732185186701,pointer,V,Q,V,False,V,False,False,5.629889965057373,-5.4375,-5.4375,3.25,0.9012049652643608,11,Q M E,Q,False,True,3.502378225326538,0.1455078125,0.5363128781318665,True,0.6230375170707703
train-021839-a8126bab7a20118d,6,7,train,12110860732185186701,pointer,V,Q,,,V,False,True,,,-0.8125,0.0625,2.474684793748573,,Q E I,W,,False,,0.171875,0.5428633093833923,,
train-021839-a8126bab7a20118d,6,8,train,12110860732185186701,pointer,V,V,,,V,True,True,,,0.625,0.625,2.377745650485159,,V I E,W,,False,,0.16796875,0.541893720626831,,
train-021839-a8126bab7a20118d,6,9,train,12110860732185186701,pointer,V,I,,,V,False,True,,,0.0,0.0,2.3550073371178923,,I V R,W,,False,,0.1513671875,0.5377696752548218,,
train-021839-a8126bab7a20118d,6,10,train,12110860732185186701,pointer,V,I,,,V,False,True,,,-1.125,0.6875,2.24590978215256,,I R V,W,,False,,0.1337890625,0.5333974361419678,,
train-021839-a8126bab7a20118d,6,11,train,12110860732185186701,pointer,V,I,,,V,False,True,,,-1.90625,1.0,2.1206001815445155,,I R T,W,,False,,0.12255859375,0.5306013822555542,,
train-021839-a8126bab7a20118d,6,12,train,12110860732185186701,pointer,V,I,,,V,False,True,,,-2.3125,1.0,2.0508838676685555,,I R C,W,,False,,0.1171875,0.5292633771896362,,
train-012543-834c2b5c27b34d3a,8,1,train,9460984592001617210,pointer,N,Y,Y,True,K,False,False,1.52181077003479,1.125,-1.25,1.125,2.90863740516827,1,Y B I,Z,False,False,3.3090038299560547,-0.302734375,0.4248892068862915,False,0.5531925559043884
train-012543-834c2b5c27b34d3a,8,2,train,9460984592001617210,pointer,N,Q,Z,False,K,False,False,2.62157940864563,0.0,-0.875,0.0,3.151315872470699,2,Q Z S,Z,True,False,2.5092785358428955,-0.134765625,0.4663594961166382,False,0.628032922744751
train-012543-834c2b5c27b34d3a,8,3,train,9460984592001617210,pointer,N,Q,T,False,K,False,False,4.71414852142334,-3.8125,-5.8125,1.125,2.3129469089408703,18,Q N Z,Z,False,False,3.0986666679382324,0.0036468505859375,0.5009117126464844,False,0.6949722766876221
train-012543-834c2b5c27b34d3a,8,4,train,9460984592001617210,pointer,N,Q,C,False,K,False,False,3.260467290878296,-2.9375,-8.1875,2.625,1.3303297577082092,3,Q M C,Z,False,False,4.057137489318848,0.09033203125,0.522567629814148,False,0.7393328547477722
train-012543-834c2b5c27b34d3a,8,5,train,9460984592001617210,pointer,N,Q,G,False,K,False,False,6.386250972747803,-6.125,-7.96875,3.1875,1.1797142192513468,23,Q N J,W,False,False,3.1304867267608643,0.12158203125,0.5303581357002258,False,0.755784809589386
train-012543-834c2b5c27b34d3a,8,6,train,9460984592001617210,pointer,N,Q,R,False,K,False,False,2.763289213180542,-2.0625,-6.53125,1.8125,2.0399181281685417,4,Q E A,W,False,False,4.093914985656738,0.140625,0.5350984334945679,False,0.7659295797348022
train-012543-834c2b5c27b34d3a,8,7,train,9460984592001617210,pointer,N,Q,M,False,K,False,False,4.617374897003174,-2.75,-5.21875,0.0625,2.584547382137298,15,Q I A,W,False,False,2.8602092266082764,0.1396484375,0.5348554849624634,False,0.765407145023346
train-012543-834c2b5c27b34d3a,8,8,train,9460984592001617210,pointer,N,I,K,False,K,False,False,7.157698631286621,-5.625,-5.625,0.3125,2.5639243734554578,26,I R A,W,False,False,3.325796365737915,0.134765625,0.5336405038833618,True,0.628032922744751
train-012543-834c2b5c27b34d3a,8,9,train,9460984592001617210,pointer,N,I,,,K,False,True,,,-5.8125,0.25,2.5312206851318,,I R A,W,,False,,0.134765625,0.5336405038833618,,
train-012543-834c2b5c27b34d3a,8,10,train,9460984592001617210,pointer,N,I,,,K,False,True,,,-5.96875,0.1875,2.5393895489062084,,I R A,W,,False,,0.1396484375,0.5348554849624634,,
train-012543-834c2b5c27b34d3a,8,11,train,9460984592001617210,pointer,N,I,,,K,False,True,,,-5.9375,0.125,2.608680777839246,,I R A,W,,False,,0.1455078125,0.5363128781318665,,
train-012543-834c2b5c27b34d3a,8,12,train,9460984592001617210,pointer,N,I,,,K,False,True,,,-5.71875,0.0,2.6750167402077314,,I R P,Y,,False,,0.1513671875,0.5377696752548218,,
train-028564-75bd4b6667af7a64,10,1,train,8484020176234183268,pointer,B,P,P,True,E,False,False,1.542961835861206,0.9375,-2.25,0.9375,2.87588776992107,1,P Q F,Z,False,False,2.892241954803467,-0.322265625,0.4201236963272095,False,0.5449404716491699
train-028564-75bd4b6667af7a64,10,2,train,8484020176234183268,pointer,B,B,M,False,E,False,False,3.4716010093688965,-1.6875,-1.8125,0.5,2.8962429241731624,12,B F C,Z,False,False,3.0437450408935547,-0.1875,0.4532618522644043,False,0.6037852764129639
train-028564-75bd4b6667af7a64,10,3,train,8484020176234183268,pointer,B,B,O,False,E,False,False,6.096428871154785,-5.25,-3.125,1.375,2.2616662246722234,25,B C Q,Z,False,False,3.3655409812927246,-0.055908203125,0.4860265851020813,False,0.6655837297439575
train-028564-75bd4b6667af7a64,10,4,train,8484020176234183268,pointer,B,Q,Q,True,E,False,False,1.0909221172332764,0.375,-3.875,0.375,2.030738683769567,1,Q C H,Z,False,False,2.7045021057128906,0.019287109375,0.5048216581344604,False,0.7028372287750244
train-028564-75bd4b6667af7a64,10,5,train,8484020176234183268,pointer,B,Q,D,False,E,False,False,6.982921600341797,-6.4375,-4.125,1.875,1.7060301675224054,22,Q J C,W,False,False,3.8804380893707275,0.07177734375,0.517936646938324,False,0.7296797037124634
train-028564-75bd4b6667af7a64,10,6,train,8484020176234183268,pointer,B,Q,H,False,E,False,False,3.9240264892578125,-3.25,-2.625,1.5625,1.9282713146403108,11,Q M J,Q,False,True,3.929319143295288,0.111328125,0.5278033018112183,False,0.7503597140312195
train-028564-75bd4b6667af7a64,10,7,train,8484020176234183268,pointer,B,V,K,False,E,False,False,6.48584508895874,-4.8125,-0.125,0.125,2.652952815342041,26,V E I,W,False,False,3.0068936347961426,0.1376953125,0.5343695282936096,False,0.7643629908561707
train-028564-75bd4b6667af7a64,10,8,train,8484020176234183268,pointer,B,V,V,True,E,False,False,1.4218757152557373,0.375,-0.375,0.375,2.52087957767894,1,V E I,W,False,False,3.908720016479492,0.1357421875,0.5338835716247559,False,0.763319730758667
train-028564-75bd4b6667af7a64,10,9,train,8484020176234183268,pointer,B,V,L,False,E,False,False,4.487876892089844,-2.625,-0.125,0.0625,2.6819265080483303,18,V I E,W,False,False,3.3319830894470215,0.1259765625,0.5314525961875916,False,0.7581179141998291
train-028564-75bd4b6667af7a64,10,10,train,8484020176234183268,pointer,B,I,E,False,E,False,False,2.3343892097473145,-0.5,-0.5,0.25,2.6685244857538075,4,I V S,W,False,False,2.6354615688323975,0.12158203125,0.5303581357002258,True,0.634202778339386
train-028564-75bd4b6667af7a64,10,11,train,8484020176234183268,pointer,B,I,,,E,False,True,,,-1.25,0.1875,2.5200557828736234,,I J S,W,,False,,0.12060546875,0.5301148891448975,,
train-028564-75bd4b6667af7a64,10,12,train,8484020176234183268,pointer,B,I,,,E,False,True,,,-1.9375,0.0625,2.3219483481864867,,I S J,W,,False,,0.11865234375,0.529628336429596,,
train-023165-f27f1ac5fcee0813,12,1,train,17473714516875151379,pointer,D,S,K,False,G,False,False,3.062699794769287,-0.625,-1.4375,0.25,3.1489453651472807,9,S T Z,Z,False,False,3.050917863845825,-0.29296875,0.42727720737457275,False,0.5573534965515137
train-023165-f27f1ac5fcee0813,12,2,train,17473714516875151379,pointer,D,D,F,False,G,False,False,3.285940408706665,-1.25,-1.9375,0.5625,3.0543048093320238,11,D Q Z,Z,False,False,2.862328290939331,-0.1533203125,0.46174484491348267,False,0.6194225549697876
train-023165-f27f1ac5fcee0813,12,3,train,17473714516875151379,pointer,D,Q,V,False,G,False,False,5.01533317565918,-3.375,-2.75,0.375,2.7639093848409044,23,Q D B,Z,False,False,3.7562849521636963,-0.0194091796875,0.49514785408973694,False,0.6834896802902222
train-023165-f27f1ac5fcee0813,12,4,train,17473714516875151379,pointer,D,J,P,False,G,False,False,4.317056179046631,-3.4375,-5.875,0.625,1.9146795967676324,9,J Q H,Z,False,False,3.081683874130249,0.06787109375,0.5169612765312195,False,0.7276583909988403
train-023165-f27f1ac5fcee0813,12,5,train,17473714516875151379,pointer,D,Q,Q,True,G,False,False,0.4940685033798218,0.9375,-6.21875,0.9375,1.297590813709157,1,Q J I,Z,False,False,2.685652256011963,0.130859375,0.5326682329177856,False,0.7607158422470093
train-023165-f27f1ac5fcee0813,12,6,train,17473714516875151379,pointer,D,Q,U,False,G,False,False,7.428914546966553,-7.25,-7.1875,2.5625,0.7964089292169295,21,Q J M,Q,False,True,3.7869629859924316,0.16015625,0.5399536490440369,False,0.7764281034469604
train-023165-f27f1ac5fcee0813,12,7,train,17473714516875151379,pointer,D,Q,J,False,G,False,False,2.1225197315216064,-1.4375,-5.25,1.375,1.8544843693145183,3,Q V J,W,False,False,3.2881503105163574,0.1787109375,0.5445592403411865,False,0.7864895462989807
train-023165-f27f1ac5fcee0813,12,8,train,17473714516875151379,pointer,D,V,I,False,G,False,False,2.493272066116333,-1.75,-5.0625,0.9375,1.877030540743053,3,V J I,W,False,False,3.940246105194092,0.1982421875,0.5493988990783691,False,0.7971727848052979
train-023165-f27f1ac5fcee0813,12,9,train,17473714516875151379,pointer,D,V,X,False,G,False,False,6.817253589630127,-6.125,-4.4375,1.4375,1.9119893432985093,25,V J I,W,False,False,3.7365801334381104,0.20703125,0.5515737533569336,False,0.8020110130310059
train-023165-f27f1ac5fcee0813,12,10,train,17473714516875151379,pointer,D,V,Y,False,G,False,False,6.881657600402832,-5.53125,-2.6875,0.75,2.438779597253119,24,V J R,W,False,False,2.926231861114502,0.21484375,0.5535053014755249,False,0.8063277006149292
train-023165-f27f1ac5fcee0813,12,11,train,17473714516875151379,pointer,D,S,C,False,G,False,False,2.2334444522857666,-0.1875,-1.5,0.0625,2.6466234854662654,4,S J R,W,False,False,4.630362033843994,0.2216796875,0.555194079875946,False,0.810117244720459
train-023165-f27f1ac5fcee0813,12,12,train,17473714516875151379,pointer,D,C,G,False,G,False,False,3.328657627105713,-1.5625,-1.5625,0.3125,2.6536594875045747,8,C R P,W,False,False,2.586045742034912,0.23046875,0.5573635101318359,True,0.5845376253128052
train-029871-67b857cb3a4ad356,1,1,train,7473820111989298006,pointer,Y,E,E,True,E,True,False,1.8434898853302002,0.3125,0.3125,0.3125,2.8844817739430044,1,E R Z,Z,False,False,3.162489175796509,-0.30859375,0.4234579801559448,True,0.8593009114265442
train-029871-67b857cb3a4ad356,1,2,train,7473820111989298006,pointer,Y,Z,,,E,False,True,,,-0.0625,0.0625,3.0041658025296902,,Z E R,Z,,True,,-0.1875,0.4532618522644043,,
train-029871-67b857cb3a4ad356,1,3,train,7473820111989298006,pointer,Y,Y,,,E,False,True,,,-2.4375,1.3125,2.452075400544415,,Y Q Z,Z,,False,,-0.031982421875,0.4920050799846649,,
train-029871-67b857cb3a4ad356,1,4,train,7473820111989298006,pointer,Y,Q,,,E,False,True,,,-3.59375,0.25,1.940634579229531,,Q H J,Z,,False,,0.076171875,0.5190337300300598,,
train-029871-67b857cb3a4ad356,1,5,train,7473820111989298006,pointer,Y,Q,,,E,False,True,,,-3.375,1.5625,1.6693253786416125,,Q J F,B,,False,,0.140625,0.5350984334945679,,
train-029871-67b857cb3a4ad356,1,6,train,7473820111989298006,pointer,Y,Q,,,E,False,True,,,-2.5,0.75,2.003815857999643,,Q J M,Q,,True,,0.1767578125,0.5440747737884521,,
train-029871-67b857cb3a4ad356,1,7,train,7473820111989298006,pointer,Y,J,,,E,False,True,,,-1.75,0.0625,2.4471301183795218,,J Q I,Q,,False,,0.1923828125,0.547947883605957,,
train-029871-67b857cb3a4ad356,1,8,train,7473820111989298006,pointer,Y,I,,,E,False,True,,,-1.875,0.125,2.543940227495684,,I J Q,W,,False,,0.1953125,0.5486735105514526,,
train-029871-67b857cb3a4ad356,1,9,train,7473820111989298006,pointer,Y,J,,,E,False,True,,,-1.75,0.0625,2.5785887025473144,,J R P,W,,False,,0.1982421875,0.5493988990783691,,
train-029871-67b857cb3a4ad356,1,10,train,7473820111989298006,pointer,Y,R,,,E,False,True,,,-2.40625,0.625,2.3630865027937613,,R J P,W,,False,,0.2060546875,0.5513321757316589,,
train-029871-67b857cb3a4ad356,1,11,train,7473820111989298006,pointer,Y,R,,,E,False,True,,,-2.34375,0.4375,2.411377184046664,,R C P,W,,False,,0.220703125,0.5549529194831848,,
train-029871-67b857cb3a4ad356,1,12,train,7473820111989298006,pointer,Y,C,,,E,False,True,,,-1.96875,0.625,2.60171133244693,,C T N,W,,False,,0.234375,0.5583270192146301,,
train-003367-3209c55cf82ad8de,2,1,train,3605629979778013406,pointer,G,A,T,False,O,False,False,3.232588768005371,-0.9375,-1.9375,0.1875,3.09874733203244,12,A K S,Z,False,False,3.519566774368286,-0.31640625,0.42155182361602783,False,0.5474063158035278
train-003367-3209c55cf82ad8de,2,2,train,3605629979778013406,pointer,G,G,O,False,O,False,False,4.856298923492432,-2.625,-2.625,0.375,3.0820323718784923,25,G Q H,Z,False,False,2.9920480251312256,-0.166015625,0.45859116315841675,True,0.779596209526062
train-003367-3209c55cf82ad8de,2,3,train,3605629979778013406,pointer,G,G,,,O,False,True,,,-4.875,0.4375,2.5051869177077366,,G Q J,B,,False,,-0.03564453125,0.4910898506641388,,
train-003367-3209c55cf82ad8de,2,4,train,3605629979778013406,pointer,G,Q,,,O,False,True,,,-3.25,0.9375,2.1022627965297973,,Q J H,W,,False,,0.0576171875,0.5144003033638,,
train-003367-3209c55cf82ad8de,2,5,train,3605629979778013406,pointer,G,Q,,,O,False,True,,,-2.9375,1.0625,1.9736121279964784,,Q J B,W,,False,,0.109375,0.5273165106773376,,
train-003367-3209c55cf82ad8de,2,6,train,3605629979778013406,pointer,G,Q,,,O,False,True,,,-1.9375,0.75,2.373090374008283,,Q J E,W,,False,,0.1552734375,0.5387405753135681,,
train-003367-3209c55cf82ad8de,2,7,train,3605629979778013406,pointer,G,I,,,O,False,True,,,-1.84375,0.5,2.523422011575212,,I V J,W,,False,,0.169921875,0.5423785448074341,,
train-003367-3209c55cf82ad8de,2,8,train,3605629979778013406,pointer,G,I,,,O,False,True,,,-2.28125,0.625,2.367404920552281,,I R P,W,,False,,0.1650390625,0.541166365146637,,
train-003367-3209c55cf82ad8de,2,9,train,3605629979778013406,pointer,G,R,,,O,False,True,,,-2.125,0.125,2.3626474569798166,,R I P,W,,False,,0.162109375,0.5404388308525085,,
train-003367-3209c55cf82ad8de,2,10,train,3605629979778013406,pointer,G,R,,,O,False,True,,,-2.71875,0.1875,2.3117633216702944,,R P J,W,,False,,0.1669921875,0.5416513085365295,,
train-003367-3209c55cf82ad8de,2,11,train,3605629979778013406,pointer,G,R,,,O,False,True,,,-3.0625,0.1875,2.313517512790391,,R C P,W,,False,,0.17578125,0.543832540512085,,
train-003367-3209c55cf82ad8de,2,12,train,3605629979778013406,pointer,G,C,,,O,False,True,,,-3.75,0.6875,2.359974723302678,,C R P,Y,,False,,0.18359375,0.5457699298858643,,
train-016841-cdf31b3615b95ae3,3,1,train,14840235116222569187,pointer,P,Q,Y,False,Z,False,False,3.210879325866699,-1.5,-1.8125,1.0,3.029341719359355,9,Q S T,Z,False,False,3.245677947998047,-0.326171875,0.41917234659194946,False,0.5433012247085571
train-016841-cdf31b3615b95ae3,3,2,train,14840235116222569187,pointer,P,Q,N,False,Z,False,False,3.675102472305298,-2.0,-1.0,1.0,2.9947600534767234,17,Q F Z,Z,False,False,3.008715867996216,-0.1669921875,0.45834869146347046,False,0.6131328344345093
train-016841-cdf31b3615b95ae3,3,3,train,14840235116222569187,pointer,P,P,Z,False,Z,False,False,4.193084716796875,-2.875,-2.875,0.0625,2.4395013580268503,15,P Q F,B,False,False,2.776228666305542,0.00909423828125,0.5022735595703125,True,0.6886103749275208
train-016841-cdf31b3615b95ae3,3,4,train,14840235116222569187,pointer,P,H,,,Z,False,True,,,-5.796875,0.125,2.1635315475112558,,H I P,W,,False,,0.111328125,0.5278033018112183,,
train-016841-cdf31b3615b95ae3,3,5,train,14840235116222569187,pointer,P,I,,,Z,False,True,,,-5.28125,0.0625,2.483628366198068,,I J Q,W,,False,,0.166015625,0.5414088368415833,,
train-016841-cdf31b3615b95ae3,3,6,train,14840235116222569187,pointer,P,V,,,Z,False,True,,,-6.15625,0.125,2.1263546556921233,,V I J,W,,False,,0.1923828125,0.547947883605957,,
train-016841-cdf31b3615b95ae3,3,7,train,14840235116222569187,pointer,P,V,,,Z,False,True,,,-7.78125,0.75,1.3964941035668113,,V I J,W,,False,,0.2021484375,0.550365686416626,,
train-016841-cdf31b3615b95ae3,3,8,train,14840235116222569187,pointer,P,I,,,Z,False,True,,,-9.46875,0.0625,1.1467551585384352,,I V J,W,,False,,0.1982421875,0.5493988990783691,,
train-016841-cdf31b3615b95ae3,3,9,train,14840235116222569187,pointer,P,I,,,Z,False,True,,,-10.98046875,1.0625,0.9390464214634541,,I V J,W,,False,,0.1845703125,0.5460120439529419,,
train-016841-cdf31b3615b95ae3,3,10,train,14840235116222569187,pointer,P,I,,,Z,False,True,,,-11.109375,1.1875,0.9100544839558786,,I V J,W,,False,,0.173828125,0.543347954750061,,
train-016841-cdf31b3615b95ae3,3,11,train,14840235116222569187,pointer,P,I,,,Z,False,True,,,-10.41015625,0.6875,1.0370551703770972,,I V J,Y,,False,,0.1689453125,0.5421361327171326,,
train-016841-cdf31b3615b95ae3,3,12,train,14840235116222569187,pointer,P,V,,,Z,False,True,,,-9.4296875,0.0625,1.1769230352277356,,V I J,Y,,False,,0.169921875,0.5423785448074341,,
train-028929-aed53e9833f9c666,4,1,train,12598044356066788966,pointer,B,Q,N,False,T,False,False,3.2897872924804688,-0.875,-0.625,0.0625,3.1460566715530764,11,Q A B,Z,False,False,2.8955445289611816,-0.33984375,0.41584745049476624,False,0.5375931262969971
train-028929-aed53e9833f9c666,4,2,train,12598044356066788966,pointer,B,B,H,False,T,False,False,3.1567840576171875,-0.625,-0.8125,0.0625,3.1359328603259065,11,B Q Z,Z,False,False,3.898313045501709,-0.1943359375,0.4515683352947235,False,0.600692629814148
train-028929-aed53e9833f9c666,4,3,train,12598044356066788966,pointer,B,B,U,False,T,False,False,5.586347579956055,-4.9375,-4.0,2.0,2.050701950053746,24,B Q H,Z,False,False,3.3954734802246094,-0.042236328125,0.48944249749183655,False,0.6722519993782043
train-028929-aed53e9833f9c666,4,4,train,12598044356066788966,pointer,B,Q,T,False,T,False,False,4.99941873550415,-4.5,-4.5,1.375,1.5732886906847998,13,Q H J,Z,False,False,3.2283666133880615,0.0498046875,0.5124486088752747,True,0.6685548424720764
train-028929-aed53e9833f9c666,4,5,train,12598044356066788966,pointer,B,Q,,,T,False,True,,,-5.8125,4.5625,0.38892699017800325,,Q H B,Q,,True,,0.09228515625,0.5230549573898315,,
train-028929-aed53e9833f9c666,4,6,train,12598044356066788966,pointer,B,Q,,,T,False,True,,,-4.9375,4.625,0.42703769204622055,,Q I J,Q,,True,,0.1259765625,0.5314525961875916,,
train-028929-aed53e9833f9c666,4,7,train,12598044356066788966,pointer,B,Q,,,T,False,True,,,-0.875,0.1875,2.315723611011998,,Q V E,Y,,False,,0.1591796875,0.5397111177444458,,
train-028929-aed53e9833f9c666,4,8,train,12598044356066788966,pointer,B,V,,,T,False,True,,,-2.0,0.0625,2.1843995820092363,,V I D,W,,False,,0.15234375,0.5380124449729919,,
train-028929-aed53e9833f9c666,4,9,train,12598044356066788966,pointer,B,V,,,T,False,True,,,-1.4375,0.5625,2.3021569724170874,,V I D,W,,False,,0.1298828125,0.5324251055717468,,
train-028929-aed53e9833f9c666,4,10,train,12598044356066788966,pointer,B,V,,,T,False,True,,,-1.5625,0.5625,2.2706677118045575,,V D E,E,,False,,0.1162109375,0.5290200710296631,,
train-028929-aed53e9833f9c666,4,11,train,12598044356066788966,pointer,B,D,,,T,False,True,,,-1.9375,0.0,2.1932797514169198,,D V E,E,,False,,0.109375,0.5273165106773376,,
train-028929-aed53e9833f9c666,4,12,train,12598044356066788966,pointer,B,D,,,T,False,True,,,-2.75,0.5,2.0932269582567824,,D E V,E,,False,,0.10498046875,0.5262210369110107,,
train-001498-b9ff9c1a1c2b8105,5,1,train,13402602652033581317,pointer,X,Y,L,False,B,False,False,2.5960006713867188,-0.375,-1.0625,0.375,3.1099250911167338,2,Y L Q,Z,False,False,3.675867795944214,-0.3046875,0.42441198229789734,False,0.5523631572723389
train-001498-b9ff9c1a1c2b8105,5,2,train,13402602652033581317,pointer,X,Y,V,False,B,False,False,4.160317420959473,-2.25,-1.375,0.5,3.0182543887076747,24,Y Z Q,Z,False,False,4.343332290649414,-0.1650390625,0.4588336646556854,False,0.6140285730361938
train-001498-b9ff9c1a1c2b8105,5,3,train,13402602652033581317,pointer,X,Q,M,False,B,False,False,4.178375244140625,-2.5625,-1.5,0.1875,2.6056358448082917,17,Q X Y,Z,False,False,3.3196487426757812,-0.011962890625,0.49700927734375,False,0.6871836185455322
train-001498-b9ff9c1a1c2b8105,5,4,train,13402602652033581317,pointer,X,Q,W,False,B,False,False,5.703266143798828,-4.625,-3.09375,0.75,2.147725518854252,20,Q H F,B,False,False,2.660046339035034,0.076171875,0.5190337300300598,False,0.7319582104682922
train-001498-b9ff9c1a1c2b8105,5,5,train,13402602652033581317,pointer,X,Q,B,False,B,False,False,4.129980087280273,-4.0,-4.0,3.0,0.6471159505240135,3,Q J B,B,True,False,2.624507427215576,0.1142578125,0.528533399105072,True,0.6376492977142334
train-001498-b9ff9c1a1c2b8105,5,6,train,13402602652033581317,pointer,X,Q,,,B,False,True,,,-4.25,3.4375,0.957006936534213,,Q A J,Q,,True,,0.1298828125,0.5324251055717468,,
train-001498-b9ff9c1a1c2b8105,5,7,train,13402602652033581317,pointer,X,Q,,,B,False,True,,,-3.90625,1.9375,1.8604783592467413,,Q J E,P,,False,,0.150390625,0.5375269651412964,,
train-001498-b9ff9c1a1c2b8105,5,8,train,13402602652033581317,pointer,X,V,,,B,False,True,,,-2.125,0.375,2.5596798201135122,,V Q I,P,,False,,0.1689453125,0.5421361327171326,,
train-001498-b9ff9c1a1c2b8105,5,9,train,13402602652033581317,pointer,X,V,,,B,False,True,,,-2.3125,0.6875,2.3050232288016423,,V I D,W,,False,,0.1865234375,0.5464961528778076,,
train-001498-b9ff9c1a1c2b8105,5,10,train,13402602652033581317,pointer,X,V,,,B,False,True,,,-2.25,0.1875,2.2840143457266224,,V I R,W,,False,,0.1904296875,0.5474640727043152,,
train-001498-b9ff9c1a1c2b8105,5,11,train,13402602652033581317,pointer,X,R,,,B,False,True,,,-2.90625,0.25,2.339593962023774,,R I J,W,,False,,0.18359375,0.5457699298858643,,
train-001498-b9ff9c1a1c2b8105,5,12,train,13402602652033581317,pointer,X,J,,,B,False,True,,,-3.625,0.1875,2.201841004012983,,J C R,W,,False,,0.1787109375,0.5445592403411865,,
train-009185-0259c718e550a631,6,1,train,169385370743514673,pointer,I,Q,S,False,F,False,False,2.4605274200439453,-0.6875,-1.4375,0.6875,3.0027853002634677,2,Q S R,Z,False,False,3.5772881507873535,-0.32421875,0.4196479320526123,False,0.5441204309463501
train-009185-0259c718e550a631,6,2,train,169385370743514673,pointer,I,Q,G,False,F,False,False,3.498939037322998,-1.5625,-1.375,0.4375,3.018011259385613,15,Q Z B,Z,False,False,3.311108112335205,-0.173828125,0.45665207505226135,False,0.6100053787231445
train-009185-0259c718e550a631,6,3,train,169385370743514673,pointer,I,B,U,False,F,False,False,5.160971641540527,-3.5625,-2.0,0.125,2.64032254951036,21,B Q H,B,False,True,3.5133650302886963,-0.0299072265625,0.49252378940582275,False,0.6783053278923035
train-009185-0259c718e550a631,6,4,train,169385370743514673,pointer,I,H,H,True,F,False,False,0.7961411476135254,1.0,-1.875,1.0,1.9687497104134437,1,H Q I,W,False,False,3.580714464187622,0.0712890625,0.5178147554397583,False,0.7294268608093262
train-009185-0259c718e550a631,6,5,train,169385370743514673,pointer,I,Q,Z,False,F,False,False,6.204506874084473,-5.5625,-4.34375,0.875,1.5868540280138506,17,Q B A,B,False,False,2.9429707527160645,0.115234375,0.5287767648696899,False,0.7524233460426331
train-009185-0259c718e550a631,6,6,train,169385370743514673,pointer,I,Q,F,False,F,False,False,6.159395217895508,-5.5625,-5.5625,1.3125,1.5895512861547483,19,Q A B,T,False,False,3.6107144355773926,0.1435546875,0.5358271598815918,True,0.6239436268806458
train-009185-0259c718e550a631,6,7,train,169385370743514673,pointer,I,A,,,F,False,True,,,-6.21875,0.9375,1.9208078675154172,,A E I,P,,False,,0.1748046875,0.5435901880264282,,
train-009185-0259c718e550a631,6,8,train,169385370743514673,pointer,I,A,,,F,False,True,,,-4.0625,0.5,2.4932362111707738,,A M I,P,,False,,0.1865234375,0.5464961528778076,,
train-009185-0259c718e550a631,6,9,train,169385370743514673,pointer,I,V,,,F,False,True,,,-5.375,0.75,2.209514926952049,,V I M,M,,False,,0.2158203125,0.5537466406822205,,
train-009185-0259c718e550a631,6,10,train,169385370743514673,pointer,I,I,,,F,False,True,,,-5.09375,0.0,2.263877826372833,,I V R,W,,False,,0.203125,0.5506073832511902,,
train-009185-0259c718e550a631,6,11,train,169385370743514673,pointer,I,I,,,F,False,True,,,-6.40625,1.25,2.0265425628977787,,I V W,W,,False,,0.1689453125,0.5421361327171326,,
train-009185-0259c718e550a631,6,12,train,169385370743514673,pointer,I,I,,,F,False,True,,,-6.78125,1.375,1.9082428217206164,,I L W,W,,False,,0.14453125,0.5360700488090515,,
train-012210-97996b7238ffee47,8,1,train,10923880509490589255,pointer,R,Q,Q,True,V,False,False,1.839776873588562,0.3125,-2.0,0.3125,3.00932123126032,1,Q R S,Z,False,False,3.052898406982422,-0.322265625,0.4201236963272095,False,0.5449404716491699
train-012210-97996b7238ffee47,8,2,train,10923880509490589255,pointer,R,Q,M,False,V,False,False,4.015819072723389,-2.8125,-3.6875,0.375,2.528462246003363,15,Q R F,Z,False,False,3.036864995956421,-0.189453125,0.4527778625488281,False,0.602900505065918
train-012210-97996b7238ffee47,8,3,train,10923880509490589255,pointer,R,Q,U,False,V,False,False,4.835634231567383,-3.6875,-3.5625,0.8125,2.540435340705924,22,Q R Y,Z,False,False,3.3628339767456055,-0.041015625,0.4897475838661194,False,0.6728496551513672
train-012210-97996b7238ffee47,8,4,train,10923880509490589255,pointer,R,Q,Y,False,V,False,False,7.320670127868652,-6.96875,-4.71875,2.0,1.3291027919497973,23,Q C I,Z,False,False,3.4723687171936035,0.04638671875,0.5115945935249329,False,0.7166094779968262
train-012210-97996b7238ffee47,8,5,train,10923880509490589255,pointer,R,Q,B,False,V,False,False,4.467869758605957,-4.4375,-8.6875,4.4375,0.20545144600835694,2,Q B I,Q,False,True,2.787560224533081,0.0849609375,0.5212274789810181,False,0.7365296483039856
train-012210-97996b7238ffee47,8,6,train,10923880509490589255,pointer,R,Q,S,False,V,False,False,7.61171817779541,-7.46875,-7.34375,2.5,0.6477993772189673,24,Q R A,Q,False,True,3.110781669616699,0.09375,0.5234203934669495,False,0.7411203980445862
train-012210-97996b7238ffee47,8,7,train,10923880509490589255,pointer,R,Q,C,False,V,False,False,5.440540313720703,-4.71875,-3.03125,1.1875,1.8746594075952834,17,Q I T,P,False,False,4.110081672668457,0.13671875,0.5341265201568604,False,0.7638412714004517
train-012210-97996b7238ffee47,8,8,train,10923880509490589255,pointer,R,I,V,False,V,False,False,1.6272327899932861,-0.625,-0.625,0.625,2.1572430316020985,2,I V Q,W,False,False,3.572025775909424,0.154296875,0.5384978652000427,True,0.6189717650413513
train-012210-97996b7238ffee47,8,9,train,10923880509490589255,pointer,R,I,,,V,False,True,,,-0.375,0.375,2.233221355353407,,I V R,W,,False,,0.150390625,0.5375269651412964,,
train-012210-97996b7238ffee47,8,10,train,10923880509490589255,pointer,R,R,,,V,False,True,,,-0.875,0.875,2.3552958133522486,,R V I,W,,False,,0.1357421875,0.5338835716247559,,
train-012210-97996b7238ffee47,8,11,train,10923880509490589255,pointer,R,R,,,V,False,True,,,-1.84375,1.25,2.2718477782525492,,R J V,W,,False,,0.126953125,0.5316957235336304,,
train-012210-97996b7238ffee47,8,12,train,10923880509490589255,pointer,R,R,,,V,False,True,,,-2.71875,1.28125,2.25192771687809,,R J C,W,,False,,0.126953125,0.5316957235336304,,
train-034999-4841f772dd44612d,10,1,train,5206714716927582509,pointer,N,E,R,False,U,False,False,2.8415162563323975,-0.75,-2.0625,0.5,3.0755168273640145,6,E S Z,Z,False,False,3.197570323944092,-0.30078125,0.42536652088165283,False,0.5540228486061096
train-034999-4841f772dd44612d,10,2,train,5206714716927582509,pointer,N,Q,H,False,U,False,False,3.8046696186065674,-1.0625,-1.3125,0.0,3.1407438169390023,19,Q Y Z,Z,False,False,4.055078506469727,-0.150390625,0.4624730348587036,False,0.620776355266571
train-034999-4841f772dd44612d,10,3,train,5206714716927582509,pointer,N,Q,G,False,U,False,False,3.766120672225952,-2.25,-3.9375,0.4375,2.7597157714705247,15,Q N B,Z,False,False,3.035139560699463,-0.00067901611328125,0.4998302459716797,False,0.6928077340126038
train-034999-4841f772dd44612d,10,4,train,5206714716927582509,pointer,N,Q,V,False,U,False,False,4.98049783706665,-3.5625,-3.4375,0.375,2.5126114874006884,19,Q M E,Z,False,False,3.673027276992798,0.09228515625,0.5230549573898315,False,0.7403539419174194
train-034999-4841f772dd44612d,10,5,train,5206714716927582509,pointer,N,Q,P,False,U,False,False,4.267816066741943,-3.0,-3.5,0.3125,2.323016410804412,10,Q E J,W,False,False,3.096626043319702,0.1357421875,0.5338835716247559,False,0.763319730758667
train-034999-4841f772dd44612d,10,6,train,5206714716927582509,pointer,N,Q,O,False,U,False,False,4.834410667419434,-3.28125,-3.28125,0.125,2.4882564066914292,19,Q J E,W,False,False,3.3755457401275635,0.1533203125,0.5382551550865173,False,0.7727428674697876
train-034999-4841f772dd44612d,10,7,train,5206714716927582509,pointer,N,Q,B,False,U,False,False,4.023430824279785,-2.125,-2.9375,0.0625,2.679288720035469,14,Q A J,W,False,False,2.9281606674194336,0.1572265625,0.5392258763313293,False,0.7748473286628723
train-034999-4841f772dd44612d,10,8,train,5206714716927582509,pointer,N,R,W,False,U,False,False,6.762220859527588,-4.8125,-3.34375,0.1875,2.7084311106069574,26,R I V,W,True,False,2.299865961074829,0.158203125,0.53946852684021,False,0.7753739953041077
train-034999-4841f772dd44612d,10,9,train,5206714716927582509,pointer,N,R,L,False,U,False,False,6.320406913757324,-4.875,-4.59375,0.875,2.6411625757882105,22,R I A,W,False,False,3.541757345199585,0.162109375,0.5404388308525085,False,0.7774832248687744
train-034999-4841f772dd44612d,10,10,train,5206714716927582509,pointer,N,R,U,False,U,False,False,6.6367998123168945,-5.4375,-5.4375,1.0,2.518835190314294,23,R P A,W,False,False,4.22055196762085,0.1728515625,0.5431056022644043,True,0.6104514598846436
train-034999-4841f772dd44612d,10,11,train,5206714716927582509,pointer,N,R,,,U,False,True,,,-5.84375,1.1875,2.4077423234213167,,R A C,W,,False,,0.1865234375,0.5464961528778076,,
train-034999-4841f772dd44612d,10,12,train,5206714716927582509,pointer,N,R,,,U,False,True,,,-5.28125,0.125,2.4916161075376992,,R C H,W,,False,,0.2001953125,0.5498823523521423,,
train-011564-7762883a563e37c9,12,1,train,8602588022367467465,pointer,E,N,N,True,T,False,False,2.009674072265625,0.0,-0.5625,0.0,2.948757071015406,1,N S Q,Z,False,False,2.743010997772217,-0.32421875,0.4196479320526123,False,0.5441204309463501
train-011564-7762883a563e37c9,12,2,train,8602588022367467465,pointer,E,Q,V,False,T,False,False,4.422563552856445,-2.3125,-0.875,0.4375,3.026456564138654,22,Q E Z,Z,False,False,4.215872764587402,-0.1728515625,0.4568943679332733,False,0.6104514598846436
train-011564-7762883a563e37c9,12,3,train,8602588022367467465,pointer,E,E,M,False,T,False,False,3.4894306659698486,-2.25,-2.75,0.4375,2.451293262856965,8,E Q H,B,False,False,3.4158148765563965,-0.0218505859375,0.4945375919342041,False,0.6822816133499146
train-011564-7762883a563e37c9,12,4,train,8602588022367467465,pointer,E,Q,T,False,T,False,False,4.949860572814941,-4.15625,-4.15625,1.25,2.154510142349697,18,Q H C,W,False,False,3.3762214183807373,0.07861328125,0.5196431875228882,False,0.7332261204719543
train-011564-7762883a563e37c9,12,5,train,8602588022367467465,pointer,E,Q,D,False,T,False,False,5.552018642425537,-5.28125,-5.1875,3.03125,1.176152366569166,14,Q B J,W,False,False,3.825221061706543,0.115234375,0.5287767648696899,False,0.7524233460426331
train-011564-7762883a563e37c9,12,6,train,8602588022367467465,pointer,E,Q,V,False,T,False,False,4.877228260040283,-4.65625,-4.125,3.0,1.0321235879608825,11,Q O I,W,False,False,3.626739263534546,0.1259765625,0.5314525961875916,False,0.7581179141998291
train-011564-7762883a563e37c9,12,7,train,8602588022367467465,pointer,E,D,M,False,T,False,False,3.80566668510437,-2.78125,-2.59375,1.3125,2.401054845725799,13,D E I,W,False,False,2.8267133235931396,0.126953125,0.5316957235336304,False,0.758637011051178
train-011564-7762883a563e37c9,12,8,train,8602588022367467465,pointer,E,D,T,False,T,False,False,3.7909247875213623,-2.40625,-2.40625,0.4375,2.491346943413568,13,D W E,W,False,False,3.956739664077759,0.11376953125,0.5284117460250854,False,0.751649022102356
train-011564-7762883a563e37c9,12,9,train,8602588022367467465,pointer,E,W,D,False,T,False,False,1.7168610095977783,-0.0625,-2.15625,0.0625,2.485979981703488,2,W D J,W,False,True,4.151177406311035,0.10400390625,0.5259775519371033,False,0.7465006113052368
train-011564-7762883a563e37c9,12,10,train,8602588022367467465,pointer,E,J,V,False,T,False,False,3.869356632232666,-2.875,-3.21875,0.96875,2.2009121456584633,10,J W D,W,False,False,3.9192633628845215,0.09619140625,0.5240293145179749,False,0.7423990368843079
train-011564-7762883a563e37c9,12,11,train,8602588022367467465,pointer,E,J,M,False,T,False,False,3.661761522293091,-3.125,-4.34375,1.6875,1.705437103229171,6,J D W,W,False,False,3.0776546001434326,0.08984375,0.5224458575248718,False,0.7390776872634888
train-011564-7762883a563e37c9,12,12,train,8602588022367467465,pointer,E,J,T,False,T,False,False,5.546276092529297,-5.25,-5.25,2.28125,1.1986988432284933,15,J D E,W,False,False,3.855198383331299,0.08251953125,0.5206181406974792,True,0.6527383923530579
train-009225-e6d88a97d91644e8,1,1,train,16634197608479737064,pointer,S,S,U,False,U,False,False,4.065896987915039,-1.875,-1.875,0.125,3.0313679960375417,23,S A K,Z,False,False,2.836934804916382,-0.32421875,0.4196479320526123,True,0.8683391809463501
train-009225-e6d88a97d91644e8,1,2,train,16634197608479737064,pointer,S,Q,,,U,False,True,,,-2.0,0.125,3.0066001070355135,,Q S Z,Z,,False,,-0.1708984375,0.4573790431022644,,
train-009225-e6d88a97d91644e8,1,3,train,16634197608479737064,pointer,S,Q,,,U,False,True,,,-4.1875,1.25,2.188066174501139,,Q S Z,Z,,False,,-0.04638671875,0.48840540647506714,,
train-009225-e6d88a97d91644e8,1,4,train,16634197608479737064,pointer,S,Q,,,U,False,True,,,-3.21875,1.375,2.2089427045990413,,Q Z H,Z,,False,,0.0279541015625,0.5069880485534668,,
train-009225-e6d88a97d91644e8,1,5,train,16634197608479737064,pointer,S,Q,,,U,False,True,,,-5.9375,2.875,1.0614102097592775,,Q J E,Q,,True,,0.07763671875,0.5193994045257568,,
train-009225-e6d88a97d91644e8,1,6,train,16634197608479737064,pointer,S,Q,,,U,False,True,,,-5.40625,1.5,2.1304103356203723,,Q J T,Q,,True,,0.11669921875,0.5291417241096497,,
train-009225-e6d88a97d91644e8,1,7,train,16634197608479737064,pointer,S,V,,,U,False,True,,,-4.5,0.375,2.5270932077254575,,V T J,Q,,False,,0.1396484375,0.5348554849624634,,
train-009225-e6d88a97d91644e8,1,8,train,16634197608479737064,pointer,S,E,,,U,False,True,,,-4.5,0.0625,2.6465145540734643,,E S W,Q,,False,,0.1298828125,0.5324251055717468,,
train-009225-e6d88a97d91644e8,1,9,train,16634197608479737064,pointer,S,E,,,U,False,True,,,-5.125,0.0625,2.5792494878049794,,E S J,Q,,False,,0.12109375,0.5302364826202393,,
train-009225-e6d88a97d91644e8,1,10,train,16634197608479737064,pointer,S,S,,,U,False,True,,,-5.28125,0.1875,2.509101606343303,,S E J,W,,False,,0.11865234375,0.529628336429596,,
train-009225-e6d88a97d91644e8,1,11,train,16634197608479737064,pointer,S,S,,,U,False,True,,,-5.09375,0.3125,2.4303126550119383,,S E J,W,,False,,0.1201171875,0.5299932360649109,,
train-009225-e6d88a97d91644e8,1,12,train,16634197608479737064,pointer,S,S,,,U,False,True,,,-4.9375,0.3125,2.40793972402401,,S J Y,W,,False,,0.1220703125,0.5304797887802124,,
train-001306-18fe11ce3b98c489,2,1,train,1800896478455579785,pointer,E,N,N,True,I,False,False,2.5541584491729736,0.0,-1.0625,0.0,3.131126123123158,1,N Z A,Z,False,False,2.935178756713867,-0.314453125,0.42202815413475037,False,0.5482301115989685
train-001306-18fe11ce3b98c489,2,2,train,1800896478455579785,pointer,E,Z,I,False,I,False,False,3.901992082595825,-2.0625,-2.0625,0.875,3.0237618515999074,20,Z E R,Z,False,True,3.5796685218811035,-0.16796875,0.45810630917549133,True,0.7806540727615356
train-001306-18fe11ce3b98c489,2,3,train,1800896478455579785,pointer,E,E,,,I,False,True,,,-2.4375,0.25,2.5736505325739896,,E Z J,B,,False,,-0.015380859375,0.49615490436553955,,
train-001306-18fe11ce3b98c489,2,4,train,1800896478455579785,pointer,E,I,,,I,True,True,,,0.03125,0.03125,2.316981771303994,,I J Q,Z,,False,,0.083984375,0.5209837555885315,,
train-001306-18fe11ce3b98c489,2,5,train,1800896478455579785,pointer,E,Q,,,I,False,True,,,-2.0625,2.0625,1.142416155236233,,Q I J,W,,False,,0.115234375,0.5287767648696899,,
train-001306-18fe11ce3b98c489,2,6,train,1800896478455579785,pointer,E,Q,,,I,False,True,,,-4.1875,3.5625,0.5805033184138919,,Q B A,Q,,True,,0.11181640625,0.5279250144958496,,
train-001306-18fe11ce3b98c489,2,7,train,1800896478455579785,pointer,E,Q,,,I,False,True,,,-2.0,2.0,1.4017868347948275,,Q I E,P,,False,,0.11962890625,0.5298715829849243,,
train-001306-18fe11ce3b98c489,2,8,train,1800896478455579785,pointer,E,J,,,I,False,True,,,-0.1875,0.0,2.376569033626751,,J V I,W,,False,,0.1416015625,0.5353413820266724,,
train-001306-18fe11ce3b98c489,2,9,train,1800896478455579785,pointer,E,J,,,I,False,True,,,-1.8125,0.8125,2.4088026556062707,,J D R,W,,False,,0.146484375,0.5365557670593262,,
train-001306-18fe11ce3b98c489,2,10,train,1800896478455579785,pointer,E,J,,,I,False,True,,,-3.625,0.1875,2.002223474746658,,J F C,W,,False,,0.134765625,0.5336405038833618,,
train-001306-18fe11ce3b98c489,2,11,train,1800896478455579785,pointer,E,F,,,I,False,True,,,-5.96875,1.9375,1.196316706952313,,F J L,W,,False,,0.12060546875,0.5301148891448975,,
train-001306-18fe11ce3b98c489,2,12,train,1800896478455579785,pointer,E,F,,,I,False,True,,,-6.65625,2.8125,0.7893153706900371,,F L J,W,,False,,0.1123046875,0.528046727180481,,
train-016049-a073b77648266286,3,1,train,11561786387034694278,pointer,G,M,A,False,E,False,False,2.5337953567504883,-0.1875,-1.6875,0.125,3.0903795062629045,3,M S A,Z,False,False,2.9236819744110107,-0.345703125,0.4144248068332672,False,0.5351606607437134
train-016049-a073b77648266286,3,2,train,11561786387034694278,pointer,G,G,M,False,E,False,False,3.0501973628997803,-1.0,-1.9375,0.3125,3.0084106243769084,9,G Z R,Z,False,False,2.957692861557007,-0.1875,0.4532618522644043,False,0.6037852764129639
train-016049-a073b77648266286,3,3,train,11561786387034694278,pointer,G,G,E,False,E,False,False,4.616193771362305,-3.25,-3.25,0.75,2.532744218583783,17,G J U,B,False,False,3.4005813598632812,-0.02978515625,0.49255427718162537,True,0.7081506848335266
train-016049-a073b77648266286,3,4,train,11561786387034694278,pointer,G,H,,,E,False,True,,,-3.3125,0.1875,2.2614674954704346,,H Q U,Z,,False,,0.072265625,0.5180585384368896,,
train-016049-a073b77648266286,3,5,train,11561786387034694278,pointer,G,Q,,,E,False,True,,,-3.15625,1.9375,1.7504620948069343,,Q U J,Z,,False,,0.1162109375,0.5290200710296631,,
train-016049-a073b77648266286,3,6,train,11561786387034694278,pointer,G,Q,,,E,False,True,,,-4.28125,3.5,0.7776273182007685,,Q T I,T,,False,,0.1376953125,0.5343695282936096,,
train-016049-a073b77648266286,3,7,train,11561786387034694278,pointer,G,I,,,E,False,True,,,-1.875,0.125,2.106522127206973,,I Q R,W,,False,,0.1474609375,0.5367985367774963,,
train-016049-a073b77648266286,3,8,train,11561786387034694278,pointer,G,I,,,E,False,True,,,-4.15625,1.5625,1.8570448357155043,,I R P,W,,False,,0.140625,0.5350984334945679,,
train-016049-a073b77648266286,3,9,train,11561786387034694278,pointer,G,I,,,E,False,True,,,-4.0625,0.625,2.1410207763989137,,I R P,W,,False,,0.125,0.531209409236908,,
train-016049-a073b77648266286,3,10,train,11561786387034694278,pointer,G,R,,,E,False,True,,,-3.5,0.3125,2.3484304699411296,,R P I,W,,False,,0.1220703125,0.5304797887802124,,
train-016049-a073b77648266286,3,11,train,11561786387034694278,pointer,G,R,,,E,False,True,,,-3.4375,0.1875,2.3822405868109695,,R P C,Y,,False,,0.1279296875,0.5319388508796692,,
train-016049-a073b77648266286,3,12,train,11561786387034694278,pointer,G,R,,,E,False,True,,,-3.21875,0.25,2.4841721185493615,,R P C,Y,,False,,0.13671875,0.5341265201568604,,
train-010893-54a61a1968f8e7bf,4,1,train,6099591441757562815,pointer,F,W,N,False,Q,False,False,2.935795307159424,-0.375,-0.5625,0.0625,3.1456024086773597,8,W O S,Z,False,False,2.8091044425964355,-0.34375,0.4148988723754883,False,0.5359705090522766
train-010893-54a61a1968f8e7bf,4,2,train,6099591441757562815,pointer,F,F,J,False,Q,False,False,3.1372106075286865,-0.6875,-0.25,0.0,3.1065236006596257,11,F Z Q,Z,False,False,3.676931142807007,-0.1796875,0.45519864559173584,False,0.6073339581489563
train-010893-54a61a1968f8e7bf,4,3,train,6099591441757562815,pointer,F,F,P,False,Q,False,False,4.475204944610596,-3.0,-0.3125,0.3125,2.6046355556910905,20,F Q J,B,False,False,3.0392422676086426,-0.0250244140625,0.49374425411224365,False,0.6807132363319397
train-010893-54a61a1968f8e7bf,4,4,train,6099591441757562815,pointer,F,Q,Q,True,Q,True,False,0.9970948696136475,0.25,0.25,0.25,1.9683247351345732,1,Q J F,W,False,False,2.9307219982147217,0.07763671875,0.5193994045257568,True,0.6550820469856262
train-010893-54a61a1968f8e7bf,4,5,train,6099591441757562815,pointer,F,Q,,,Q,True,True,,,2.75,2.75,1.0154874301830743,,Q J B,W,,False,,0.1220703125,0.5304797887802124,,
train-010893-54a61a1968f8e7bf,4,6,train,6099591441757562815,pointer,F,Q,,,Q,True,True,,,3.1875,3.1875,1.133943864695231,,Q J A,W,,False,,0.1435546875,0.5358271598815918,,
train-010893-54a61a1968f8e7bf,4,7,train,6099591441757562815,pointer,F,R,,,Q,False,True,,,-1.15625,0.25,2.583087987618724,,R I V,W,,False,,0.1494140625,0.5372841358184814,,
train-010893-54a61a1968f8e7bf,4,8,train,6099591441757562815,pointer,F,I,,,Q,False,True,,,-1.46875,0.0,2.561079226516573,,I R C,W,,False,,0.130859375,0.5326682329177856,,
train-010893-54a61a1968f8e7bf,4,9,train,6099591441757562815,pointer,F,R,,,Q,False,True,,,-1.34375,0.1875,2.6897842436109216,,R C V,W,,False,,0.11767578125,0.5293850302696228,,
train-010893-54a61a1968f8e7bf,4,10,train,6099591441757562815,pointer,F,P,,,Q,False,True,,,-1.34375,0.125,2.7165954220644037,,P R C,W,,False,,0.11279296875,0.5281683802604675,,
train-010893-54a61a1968f8e7bf,4,11,train,6099591441757562815,pointer,F,P,,,Q,False,True,,,-1.71875,0.5625,2.665361779352275,,P R C,W,,False,,0.10986328125,0.527438223361969,,
train-010893-54a61a1968f8e7bf,4,12,train,6099591441757562815,pointer,F,P,,,Q,False,True,,,-2.21875,0.5625,2.5692814604926344,,P C R,W,,False,,0.10693359375,0.5267079472541809,,
train-035347-804f37ed051ea6d8,5,1,train,9245670051147589336,pointer,B,F,Y,False,J,False,False,2.5001628398895264,-1.0625,-2.375,0.5625,2.740706530974266,4,F B C,Z,False,False,3.121598243713379,-0.30078125,0.42536652088165283,False,0.5540228486061096
train-035347-804f37ed051ea6d8,5,2,train,9245670051147589336,pointer,B,F,K,False,J,False,False,3.6718480587005615,-1.875,-1.9375,0.25,2.912242069518876,14,F B C,Z,False,False,3.097662925720215,-0.1513671875,0.46223029494285583,False,0.6203248500823975
train-035347-804f37ed051ea6d8,5,3,train,9245670051147589336,pointer,B,B,I,False,J,False,False,5.2900495529174805,-4.5,-2.3125,1.75,2.239493609590893,20,B Q Y,Z,False,False,3.9185009002685547,-0.01348876953125,0.4966278076171875,False,0.6864255666732788
train-035347-804f37ed051ea6d8,5,4,train,9245670051147589336,pointer,B,Q,V,False,J,False,False,4.320680618286133,-3.53125,-1.4375,1.375,1.9236085622868595,9,Q H M,Z,False,False,3.6446757316589355,0.06591796875,0.5164735317230225,False,0.7266492247581482
train-035347-804f37ed051ea6d8,5,5,train,9245670051147589336,pointer,B,Q,J,False,J,False,False,3.3184945583343506,-3.0625,-3.0625,2.5,1.0334903567470426,4,Q B M,B,False,False,2.9102516174316406,0.103515625,0.5258558392524719,True,0.6427282094955444
train-035347-804f37ed051ea6d8,5,6,train,9245670051147589336,pointer,B,Q,,,J,False,True,,,-3.1875,3.1875,0.6333821222228155,,Q J M,W,,False,,0.1298828125,0.5324251055717468,,
train-035347-804f37ed051ea6d8,5,7,train,9245670051147589336,pointer,B,Q,,,J,False,True,,,-2.125,1.3125,2.0521188207220527,,Q I V,W,,False,,0.1435546875,0.5358271598815918,,
train-035347-804f37ed051ea6d8,5,8,train,9245670051147589336,pointer,B,I,,,J,False,True,,,-1.5,0.8125,2.4846286495503147,,I V Q,W,,False,,0.15234375,0.5380124449729919,,
train-035347-804f37ed051ea6d8,5,9,train,9245670051147589336,pointer,B,I,,,J,False,True,,,-1.25,0.75,2.57095343276975,,I R P,W,,False,,0.1494140625,0.5372841358184814,,
train-035347-804f37ed051ea6d8,5,10,train,9245670051147589336,pointer,B,I,,,J,False,True,,,-0.625,0.125,2.629725823171324,,I P R,W,,False,,0.14453125,0.5360700488090515,,
train-035347-804f37ed051ea6d8,5,11,train,9245670051147589336,pointer,B,C,,,J,False,True,,,-0.9375,0.125,2.565447784994725,,C P A,W,,False,,0.140625,0.5350984334945679,,
train-035347-804f37ed051ea6d8,5,12,train,9245670051147589336,pointer,B,C,,,J,False,True,,,-2.0,1.125,2.3682865437548783,,C P A,Y,,False,,0.13671875,0.5341265201568604,,
train-012677-fa476f934299767c,6,1,train,18034505911096669820,pointer,N,A,N,False,N,False,False,3.026646375656128,-0.75,-0.75,0.375,3.125067852285333,8,A M Y,Z,False,False,2.812119245529175,-0.3203125,0.4205995798110962,False,0.5457614660263062
train-012677-fa476f934299767c,6,2,train,18034505911096669820,pointer,N,Z,N,False,N,False,False,2.890989303588867,-0.6875,-0.6875,0.3125,3.0917871548414606,6,Z Q A,Z,False,True,2.776578664779663,-0.1650390625,0.4588336646556854,False,0.6140285730361938
train-012677-fa476f934299767c,6,3,train,18034505911096669820,pointer,N,B,N,False,N,False,False,2.2934513092041016,-0.875,-0.875,0.1875,2.5182254445557968,3,B Q N,Z,False,False,3.184018611907959,-0.010498046875,0.4973755180835724,False,0.6879119277000427
train-012677-fa476f934299767c,6,4,train,18034505911096669820,pointer,N,Q,N,False,N,False,False,4.820133686065674,-3.96875,-3.96875,1.0625,2.044037623964685,14,Q F B,Z,False,False,3.447535514831543,0.08203125,0.5204963088035583,False,0.7350037097930908
train-012677-fa476f934299767c,6,5,train,18034505911096669820,pointer,N,Q,N,False,N,False,False,4.278008937835693,-4.0,-4.0,2.5625,1.1581169374270561,6,Q B M,Z,False,False,3.4632129669189453,0.1318359375,0.5329113006591797,False,0.7612361311912537
train-012677-fa476f934299767c,6,6,train,18034505911096669820,pointer,N,Q,N,False,N,False,False,4.886036396026611,-4.4375,-4.4375,2.0,1.5617430334365467,12,Q M E,T,False,False,3.5257816314697266,0.1708984375,0.5426208972930908,True,0.6113443374633789
train-012677-fa476f934299767c,6,7,train,18034505911096669820,pointer,N,E,,,N,False,True,,,-3.59375,0.125,2.6547215267906896,,E Q R,W,,False,,0.193359375,0.5481898188591003,,
train-012677-fa476f934299767c,6,8,train,18034505911096669820,pointer,N,I,,,N,False,True,,,-3.84375,0.0625,2.580169396129446,,I R P,W,,False,,0.1826171875,0.5455278754234314,,
train-012677-fa476f934299767c,6,9,train,18034505911096669820,pointer,N,R,,,N,False,True,,,-3.5,0.25,2.4855373041334174,,R P I,W,,False,,0.1650390625,0.541166365146637,,
train-012677-fa476f934299767c,6,10,train,18034505911096669820,pointer,N,R,,,N,False,True,,,-3.1875,0.125,2.4526705399667073,,R P T,W,,False,,0.15625,0.5389832258224487,,
train-012677-fa476f934299767c,6,11,train,18034505911096669820,pointer,N,P,,,N,False,True,,,-3.03125,0.3125,2.4605969579669575,,P R T,W,,False,,0.1552734375,0.5387405753135681,,
train-012677-fa476f934299767c,6,12,train,18034505911096669820,pointer,N,P,,,N,False,True,,,-2.96875,0.625,2.4453825157676556,,P R T,W,,False,,0.1591796875,0.5397111177444458,,
train-011589-e2ac7a4572e7f3c6,8,1,train,16333564387265082310,pointer,J,Q,L,False,U,False,False,2.2301409244537354,-0.1875,-2.3125,0.0625,2.9052226080323544,3,Q M L,Z,False,False,3.8447556495666504,-0.306640625,0.4239349663257599,False,0.5515346527099609
train-011589-e2ac7a4572e7f3c6,8,2,train,16333564387265082310,pointer,J,Q,B,False,U,False,False,3.2635116577148438,-1.125,-2.1875,0.3125,3.0445879112901433,10,Q J M,Z,False,False,2.8814120292663574,-0.1494140625,0.4627158045768738,False,0.6212280988693237
train-011589-e2ac7a4572e7f3c6,8,3,train,16333564387265082310,pointer,J,J,K,False,U,False,False,6.0438666343688965,-5.5,-5.5,1.875,1.8316404237326387,23,J Q H,B,False,False,3.056398868560791,-0.0113525390625,0.497161865234375,False,0.687487006187439
train-011589-e2ac7a4572e7f3c6,8,4,train,16333564387265082310,pointer,J,J,Q,False,U,False,False,1.05637526512146,0.0,-3.96875,0.0,1.8883559851809673,2,J Q I,Z,False,False,2.8684632778167725,0.08251953125,0.5206181406974792,False,0.7352579236030579
train-011589-e2ac7a4572e7f3c6,8,5,train,16333564387265082310,pointer,J,Q,I,False,U,False,False,3.972379207611084,-3.5625,-5.03125,1.25,1.2400263318393812,4,Q J A,W,False,False,4.089959144592285,0.1259765625,0.5314525961875916,False,0.7581179141998291
train-011589-e2ac7a4572e7f3c6,8,6,train,16333564387265082310,pointer,J,Q,S,False,U,False,False,6.840859889984131,-6.59375,-6.65625,2.5625,1.0387485370493126,19,Q J A,Q,False,True,3.284816265106201,0.1357421875,0.5338835716247559,False,0.763319730758667
train-011589-e2ac7a4572e7f3c6,8,7,train,16333564387265082310,pointer,J,Q,Z,False,U,False,False,5.212543964385986,-4.5625,-6.78125,1.5625,1.9197914224596595,17,Q I J,P,False,False,2.840245485305786,0.146484375,0.5365557670593262,False,0.7690691947937012
train-011589-e2ac7a4572e7f3c6,8,8,train,16333564387265082310,pointer,J,J,U,False,U,False,False,6.227928161621094,-4.96875,-4.96875,0.1875,2.0997713480214366,21,J V I,W,False,False,3.7374343872070312,0.177734375,0.5443170070648193,True,0.6082234978675842
train-011589-e2ac7a4572e7f3c6,8,9,train,16333564387265082310,pointer,J,J,,,U,False,True,,,-5.0625,0.375,2.3092158117901684,,J V I,W,,False,,0.181640625,0.545285701751709,,
train-011589-e2ac7a4572e7f3c6,8,10,train,16333564387265082310,pointer,J,J,,,U,False,True,,,-5.375,0.375,2.573535701289487,,J C H,W,,False,,0.181640625,0.545285701751709,,
train-011589-e2ac7a4572e7f3c6,8,11,train,16333564387265082310,pointer,J,H,,,U,False,True,,,-6.109375,0.125,2.43382411684527,,H F C,W,,False,,0.1865234375,0.5464961528778076,,
train-011589-e2ac7a4572e7f3c6,8,12,train,16333564387265082310,pointer,J,F,,,U,False,True,,,-7.453125,0.75,1.9832910738786411,,F H C,W,,False,,0.1962890625,0.5489152669906616,,
train-009844-241dc1586a630f61,10,1,train,2602448745176174433,pointer,R,Q,F,False,P,False,False,3.052790403366089,-0.9375,-1.5625,0.25,3.050915253141438,9,Q D Z,Z,False,False,2.890871524810791,-0.32421875,0.4196479320526123,False,0.5441204309463501
train-009844-241dc1586a630f61,10,2,train,2602448745176174433,pointer,R,R,E,False,P,False,False,3.7112483978271484,-1.9375,-1.25,0.5625,2.9797207798944423,15,R Z Q,Z,False,False,3.4276609420776367,-0.18359375,0.45423004031181335,False,0.6055577397346497
train-009844-241dc1586a630f61,10,3,train,2602448745176174433,pointer,R,Q,A,False,P,False,False,3.0064187049865723,-1.5,-1.25,0.4375,2.6912743473161176,5,Q R Z,B,False,False,3.129371166229248,-0.03955078125,0.49011361598968506,False,0.6735672950744629
train-009844-241dc1586a630f61,10,4,train,2602448745176174433,pointer,R,Q,Y,False,P,False,False,6.9858078956604,-6.59375,-4.375,2.25,1.4829209899102507,23,Q J I,B,False,False,3.5225322246551514,0.055908203125,0.5139734148979187,False,0.7214919328689575
train-009844-241dc1586a630f61,10,5,train,2602448745176174433,pointer,R,Q,D,False,P,False,False,6.86763334274292,-6.8125,-7.46875,3.9375,0.336879962586575,13,Q J M,W,False,False,3.476142644882202,0.1044921875,0.5260992646217346,False,0.746757447719574
train-009844-241dc1586a630f61,10,6,train,2602448745176174433,pointer,R,Q,Q,True,P,False,False,0.0843566507101059,4.1875,-6.9375,4.1875,0.49020390325661956,1,Q T J,Q,True,True,2.600508689880371,0.1123046875,0.528046727180481,False,0.7508752942085266
train-009844-241dc1586a630f61,10,7,train,2602448745176174433,pointer,R,Q,J,False,P,False,False,2.701047658920288,-1.875,-3.28125,0.9375,1.9947817767885505,4,Q I V,W,False,False,2.9201772212982178,0.12060546875,0.5301148891448975,False,0.7552670240402222
train-009844-241dc1586a630f61,10,8,train,2602448745176174433,pointer,R,R,H,False,P,False,False,5.0044989585876465,-3.78125,-2.4375,0.3125,2.1596298146463697,13,R I C,W,False,False,4.003910541534424,0.12255859375,0.5306013822555542,False,0.7563028931617737
train-009844-241dc1586a630f61,10,9,train,2602448745176174433,pointer,R,R,G,False,P,False,False,5.377842426300049,-4.3125,-2.40625,0.25,2.1102647664098355,19,R C J,W,False,False,2.7540931701660156,0.12060546875,0.5301148891448975,False,0.7552670240402222
train-009844-241dc1586a630f61,10,10,train,2602448745176174433,pointer,R,C,P,False,P,False,False,3.236319065093994,-2.0625,-2.0625,0.9375,2.354656025298326,8,C H R,W,False,False,2.7690019607543945,0.1220703125,0.5304797887802124,True,0.6339734792709351
train-009844-241dc1586a630f61,10,11,train,2602448745176174433,pointer,R,C,,,P,False,True,,,-1.90625,0.125,2.2732846980638746,,C F T,Q,,False,,0.1259765625,0.5314525961875916,,
train-009844-241dc1586a630f61,10,12,train,2602448745176174433,pointer,R,C,,,P,False,True,,,-1.65625,0.125,2.292216366331266,,C F T,Q,,False,,0.130859375,0.5326682329177856,,
train-005516-e9fcb22782d02811,12,1,train,16860546987736442897,pointer,J,Q,M,False,U,False,False,2.9059481620788574,-1.25,-4.25,0.25,2.7542208991937405,5,Q S T,Z,False,False,2.94865345954895,-0.283203125,0.4296686351299286,False,0.5615378022193909
train-005516-e9fcb22782d02811,12,2,train,16860546987736442897,pointer,J,Q,Z,False,U,False,False,2.3899073600769043,-0.375,-3.0625,0.375,3.0132078424569886,2,Q Z J,Z,True,False,2.5355966091156006,-0.134765625,0.4663594961166382,False,0.628032922744751
train-005516-e9fcb22782d02811,12,3,train,16860546987736442897,pointer,J,J,K,False,U,False,False,4.816291332244873,-4.4375,-5.75,2.625,1.501687979083096,14,J Q B,B,False,False,3.063048839569092,-0.00946044921875,0.4976349174976349,False,0.6884281039237976
train-005516-e9fcb22782d02811,12,4,train,16860546987736442897,pointer,J,J,P,False,U,False,False,3.4799857139587402,-2.71875,-3.71875,1.625,2.1178234940996163,9,J Q H,Z,False,False,3.1707205772399902,0.08740234375,0.5218366980552673,False,0.7378029227256775
train-005516-e9fcb22782d02811,12,5,train,16860546987736442897,pointer,J,J,G,False,U,False,False,5.809948921203613,-5.0625,-3.9375,0.9375,1.8476903634022221,18,J V Q,W,False,False,3.0311760902404785,0.1318359375,0.5329113006591797,False,0.7612361311912537
train-005516-e9fcb22782d02811,12,6,train,16860546987736442897,pointer,J,J,Y,False,U,False,False,7.118402004241943,-5.9375,-4.40625,0.125,1.8304600088947316,24,J V Q,W,False,False,3.4257192611694336,0.146484375,0.5365557670593262,False,0.7690691947937012
train-005516-e9fcb22782d02811,12,7,train,16860546987736442897,pointer,J,J,W,False,U,False,False,6.509858131408691,-5.375,-4.15625,0.125,1.9372001909362502,22,J V Q,W,True,False,2.2786507606506348,0.150390625,0.5375269651412964,False,0.771166980266571
train-005516-e9fcb22782d02811,12,8,train,16860546987736442897,pointer,J,J,X,False,U,False,False,7.001166343688965,-6.0,-4.53125,0.625,2.017290437770721,25,J V I,W,False,False,3.4533472061157227,0.1494140625,0.5372841358184814,False,0.7706421613693237
train-005516-e9fcb22782d02811,12,9,train,16860546987736442897,pointer,J,J,F,False,U,False,False,3.037504196166992,-1.9375,-4.71875,1.0,2.3294261565309915,6,J I V,W,False,False,3.3489367961883545,0.1513671875,0.5377696752548218,False,0.7716920375823975
train-005516-e9fcb22782d02811,12,10,train,16860546987736442897,pointer,J,J,S,False,U,False,False,3.76509690284729,-2.15625,-4.53125,0.375,2.5774012911794673,10,J F C,W,False,False,3.6965291500091553,0.1591796875,0.5397111177444458,False,0.7759009599685669
train-005516-e9fcb22782d02811,12,11,train,16860546987736442897,pointer,J,F,L,False,U,False,False,6.0478668212890625,-4.875,-5.5625,0.8125,2.3969507897023847,23,F H C,W,False,False,3.374302625656128,0.1689453125,0.5421361327171326,False,0.7811834216117859
train-005516-e9fcb22782d02811,12,12,train,16860546987736442897,pointer,J,F,U,False,U,False,False,7.529310703277588,-6.90625,-6.90625,1.625,1.8801794420856541,26,F H C,W,False,False,3.2409133911132812,0.18359375,0.5457699298858643,True,0.6055577397346497
train-023310-77aa2a9eabeba03a,1,1,train,8622751297531781178,pointer,V,O,I,False,I,False,False,3.7264516353607178,-1.375,-1.375,0.125,3.126781406711958,20,O S Z,Z,False,False,3.4740912914276123,-0.30078125,0.42536652088165283,True,0.8548040986061096
train-023310-77aa2a9eabeba03a,1,2,train,8622751297531781178,pointer,V,V,,,I,False,True,,,-1.875,0.0625,3.102833204247624,,V Z Q,Z,,False,,-0.1416015625,0.46465864777565,,
train-023310-77aa2a9eabeba03a,1,3,train,8622751297531781178,pointer,V,V,,,I,False,True,,,-3.6875,0.6875,2.462814441964895,,V B Q,B,,False,,-0.01483154296875,0.4962921738624573,,
train-023310-77aa2a9eabeba03a,1,4,train,8622751297531781178,pointer,V,Q,,,I,False,True,,,-2.9375,1.125,1.793230157661879,,Q F J,B,,False,,0.07958984375,0.5198869705200195,,
train-023310-77aa2a9eabeba03a,1,5,train,8622751297531781178,pointer,V,Q,,,I,False,True,,,-4.59375,2.125,1.092523253063156,,Q B J,T,,False,,0.125,0.531209409236908,,
train-023310-77aa2a9eabeba03a,1,6,train,8622751297531781178,pointer,V,Q,,,I,False,True,,,-4.375,2.75,1.0933424046563536,,Q B M,T,,False,,0.15625,0.5389832258224487,,
train-023310-77aa2a9eabeba03a,1,7,train,8622751297531781178,pointer,V,R,,,I,False,True,,,-1.375,0.5625,2.493335795786222,,R V Q,T,,False,,0.185546875,0.5462540984153748,,
train-023310-77aa2a9eabeba03a,1,8,train,8622751297531781178,pointer,V,V,,,I,False,True,,,-1.1875,0.5625,2.0501015328353565,,V R I,W,,False,,0.1806640625,0.5450435876846313,,
train-023310-77aa2a9eabeba03a,1,9,train,8622751297531781178,pointer,V,I,,,I,True,True,,,0.3125,0.3125,2.180070133158597,,I V R,W,,False,,0.16015625,0.5399536490440369,,
train-023310-77aa2a9eabeba03a,1,10,train,8622751297531781178,pointer,V,I,,,I,True,True,,,1.0,1.0,2.046434295662601,,I R V,W,,False,,0.140625,0.5350984334945679,,
train-023310-77aa2a9eabeba03a,1,11,train,8622751297531781178,pointer,V,I,,,I,True,True,,,1.125,1.125,1.9438702609879004,,I V R,W,,False,,0.130859375,0.5326682329177856,,
train-023310-77aa2a9eabeba03a,1,12,train,8622751297531781178,pointer,V,I,,,I,True,True,,,1.125,1.125,1.8495842486400575,,I V R,W,,False,,0.125,0.531209409236908,,
train-022978-13ba08dce2929565,2,1,train,1421458377175897445,pointer,R,R,B,False,S,False,False,3.2401247024536133,-0.6875,-0.1875,0.125,3.166750268733335,13,R Q S,Z,False,False,3.063401222229004,-0.330078125,0.4182216227054596,False,0.5416656732559204
train-022978-13ba08dce2929565,2,2,train,1421458377175897445,pointer,R,R,S,False,S,False,False,2.7363948822021484,-1.0,-1.0,0.4375,2.9685482411759883,4,R Q Z,Z,False,False,3.454174757003784,-0.1767578125,0.45592519640922546,True,0.7854264378547668
train-022978-13ba08dce2929565,2,3,train,1421458377175897445,pointer,R,Q,,,S,False,True,,,-3.0,0.5625,2.2477271516875508,,Q J R,Z,,False,,-0.033447265625,0.49163898825645447,,
train-022978-13ba08dce2929565,2,4,train,1421458377175897445,pointer,R,Q,,,S,False,True,,,-5.625,1.75,1.3361443023084965,,Q J I,W,,False,,0.059814453125,0.5149491429328918,,
train-022978-13ba08dce2929565,2,5,train,1421458377175897445,pointer,R,Q,,,S,False,True,,,-7.40625,2.3125,0.6234488985975671,,Q J A,W,,False,,0.1103515625,0.5275599360466003,,
train-022978-13ba08dce2929565,2,6,train,1421458377175897445,pointer,R,Q,,,S,False,True,,,-7.78125,2.1875,0.7446545427286265,,Q J R,Q,,True,,0.130859375,0.5326682329177856,,
train-022978-13ba08dce2929565,2,7,train,1421458377175897445,pointer,R,J,,,S,False,True,,,-5.59375,0.5625,2.1761217198434673,,J Q I,W,,False,,0.14453125,0.5360700488090515,,
train-022978-13ba08dce2929565,2,8,train,1421458377175897445,pointer,R,R,,,S,False,True,,,-3.78125,0.5,2.1759488489040817,,R I C,W,,False,,0.1435546875,0.5358271598815918,,
train-022978-13ba08dce2929565,2,9,train,1421458377175897445,pointer,R,C,,,S,False,True,,,-2.75,0.0,1.9859344653234936,,C R I,W,,False,,0.134765625,0.5336405038833618,,
train-022978-13ba08dce2929565,2,10,train,1421458377175897445,pointer,R,C,,,S,False,True,,,-3.1875,1.125,2.123233499877456,,C R T,W,,False,,0.130859375,0.5326682329177856,,
train-022978-13ba08dce2929565,2,11,train,1421458377175897445,pointer,R,C,,,S,False,True,,,-3.65625,1.21875,2.200470243338275,,C T F,Y,,False,,0.1318359375,0.5329113006591797,,
train-022978-13ba08dce2929565,2,12,train,1421458377175897445,pointer,R,C,,,S,False,True,,,-3.84375,0.875,2.2939070597177125,,C T L,Y,,False,,0.134765625,0.5336405038833618,,
train-027047-98f17e966822d0ca,3,1,train,11020728947609620682,pointer,D,C,C,True,R,False,False,1.8470419645309448,0.5,-1.1875,0.5,3.0004633903621833,1,C E Z,Z,False,False,3.3328776359558105,-0.296875,0.4263215959072113,False,0.5556862950325012
train-027047-98f17e966822d0ca,3,2,train,11020728947609620682,pointer,D,D,E,False,R,False,False,2.695979356765747,-1.0625,-1.1875,0.6875,2.9269036755931572,3,D Z E,Z,False,False,3.2877445220947266,-0.1640625,0.4590761363506317,False,0.61447674036026
train-027047-98f17e966822d0ca,3,3,train,11020728947609620682,pointer,D,Q,R,False,R,False,False,4.816768169403076,-3.375,-3.375,0.5625,2.694607593782951,23,Q Z D,Z,False,False,3.8797943592071533,-0.045654296875,0.48858842253685,True,0.7162348628044128
train-027047-98f17e966822d0ca,3,4,train,11020728947609620682,pointer,D,Q,,,R,False,True,,,-5.40625,0.375,2.1564536151290943,,Q J H,Z,,False,,0.0361328125,0.5090322494506836,,
train-027047-98f17e966822d0ca,3,5,train,11020728947609620682,pointer,D,Q,,,R,False,True,,,-5.78125,0.75,1.6774016655116153,,Q J E,Z,,False,,0.10595703125,0.5264645218849182,,
train-027047-98f17e966822d0ca,3,6,train,11020728947609620682,pointer,D,Q,,,R,False,True,,,-5.3125,1.25,1.6624700712358025,,Q J E,Q,,True,,0.154296875,0.5384978652000427,,
train-027047-98f17e966822d0ca,3,7,train,11020728947609620682,pointer,D,Q,,,R,False,True,,,-3.3125,0.25,2.2905660492849833,,Q J V,W,,False,,0.185546875,0.5462540984153748,,
train-027047-98f17e966822d0ca,3,8,train,11020728947609620682,pointer,D,V,,,R,False,True,,,-1.9375,0.4375,2.2806671438086847,,V I J,W,,False,,0.205078125,0.5510905981063843,,
train-027047-98f17e966822d0ca,3,9,train,11020728947609620682,pointer,D,I,,,R,False,True,,,-1.0625,0.0,2.201479818349633,,I V R,W,,False,,0.2099609375,0.5522982478141785,,
train-027047-98f17e966822d0ca,3,10,train,11020728947609620682,pointer,D,I,,,R,False,True,,,-1.0,1.0,2.1613904308769145,,I R V,W,,False,,0.2099609375,0.5522982478141785,,
train-027047-98f17e966822d0ca,3,11,train,11020728947609620682,pointer,D,I,,,R,False,True,,,-1.0,1.0,2.1014201941233956,,I R S,W,,False,,0.2109375,0.5525397062301636,,
train-027047-98f17e966822d0ca,3,12,train,11020728947609620682,pointer,D,I,,,R,False,True,,,-1.0,1.0,2.1549775069173305,,I R P,W,,False,,0.2099609375,0.5522982478141785,,
train-025995-6972db8fde5b4f70,4,1,train,7598376932284780400,pointer,F,Q,A,False,R,False,False,3.3272998332977295,-1.125,-1.0,0.375,3.125877179696282,11,Q Z F,Z,False,False,3.093426465988159,-0.333984375,0.4172714650630951,False,0.5400338768959045
train-025995-6972db8fde5b4f70,4,2,train,7598376932284780400,pointer,F,F,H,False,R,False,False,3.242156982421875,-1.3125,-1.0625,0.1875,3.034794232968951,7,F Q M,Z,False,False,3.810469627380371,-0.1806640625,0.45495641231536865,False,0.606889545917511
train-025995-6972db8fde5b4f70,4,3,train,7598376932284780400,pointer,F,F,N,False,R,False,False,3.639538288116455,-2.375,-3.8125,0.25,2.477177242432903,8,F Q J,B,False,False,3.263200521469116,-0.03662109375,0.49084576964378357,False,0.6750043034553528
train-025995-6972db8fde5b4f70,4,4,train,7598376932284780400,pointer,F,Q,R,False,R,False,False,4.400979995727539,-3.40625,-3.40625,0.75,2.2002839149011377,14,Q J F,W,False,False,4.358639717102051,0.059814453125,0.5149491429328918,True,0.6636871099472046
train-025995-6972db8fde5b4f70,4,5,train,7598376932284780400,pointer,F,Q,,,R,False,True,,,-6.78125,2.125,1.2400446898016655,,Q J B,B,,False,,0.111328125,0.5278033018112183,,
train-025995-6972db8fde5b4f70,4,6,train,7598376932284780400,pointer,F,Q,,,R,False,True,,,-3.84375,1.75,1.5959692052269638,,Q J E,T,,False,,0.1572265625,0.5392258763313293,,
train-025995-6972db8fde5b4f70,4,7,train,7598376932284780400,pointer,F,V,,,R,False,True,,,-1.625,0.625,2.5207605698633397,,V I A,W,,False,,0.173828125,0.543347954750061,,
train-025995-6972db8fde5b4f70,4,8,train,7598376932284780400,pointer,F,I,,,R,False,True,,,-0.125,0.125,2.385568690402009,,I P R,W,,False,,0.1533203125,0.5382551550865173,,
train-025995-6972db8fde5b4f70,4,9,train,7598376932284780400,pointer,F,R,,,R,True,True,,,0.1875,0.1875,2.298738859890537,,R P I,W,,False,,0.138671875,0.5346124768257141,,
train-025995-6972db8fde5b4f70,4,10,train,7598376932284780400,pointer,F,R,,,R,True,True,,,0.125,0.125,2.223026429753277,,R P I,W,,False,,0.1328125,0.5331544280052185,,
train-025995-6972db8fde5b4f70,4,11,train,7598376932284780400,pointer,F,R,,,R,True,True,,,0.0625,0.0625,2.183379218871155,,R P C,W,,False,,0.1298828125,0.5324251055717468,,
train-025995-6972db8fde5b4f70,4,12,train,7598376932284780400,pointer,F,R,,,R,True,True,,,0.125,0.125,2.2242604254412286,,R P C,Y,,False,,0.12890625,0.532181978225708,,
train-030946-0b1c810a2e9eca08,5,1,train,800656714496920072,pointer,F,H,H,True,Z,False,False,1.6995023488998413,0.6875,-0.6875,0.6875,2.9991979487213127,1,H Z S,Z,False,False,3.863616943359375,-0.330078125,0.4182216227054596,False,0.5416656732559204
train-030946-0b1c810a2e9eca08,5,2,train,800656714496920072,pointer,F,H,O,False,Z,False,False,4.738150119781494,-2.75,-0.3125,0.3125,3.034892308502903,25,H Z Q,Z,False,False,3.0093436241149902,-0.1787109375,0.45544081926345825,False,0.6077786087989807
train-030946-0b1c810a2e9eca08,5,3,train,800656714496920072,pointer,F,Q,N,False,Z,False,False,4.3072509765625,-3.25,-2.625,0.375,2.2972493150395588,14,Q F A,B,False,False,3.207338809967041,-0.033447265625,0.49163898825645447,False,0.6765633821487427
train-030946-0b1c810a2e9eca08,5,4,train,800656714496920072,pointer,F,Q,M,False,Z,False,False,6.482556343078613,-6.40625,-7.6875,4.0,0.44753428695218733,12,Q J H,B,False,False,3.3663430213928223,0.053955078125,0.5134854912757874,False,0.7204885482788086
train-030946-0b1c810a2e9eca08,5,5,train,800656714496920072,pointer,F,Q,Z,False,Z,False,False,7.641349792480469,-7.625,-7.625,4.75,0.11515091443103169,6,Q A B,T,False,False,3.0331175327301025,0.07861328125,0.5196431875228882,True,0.6546128392219543
train-030946-0b1c810a2e9eca08,5,6,train,800656714496920072,pointer,F,Q,,,Z,False,True,,,-7.1875,3.5625,0.6477781394147127,,Q R T,P,,False,,0.1025390625,0.5256123542785645,,
train-030946-0b1c810a2e9eca08,5,7,train,800656714496920072,pointer,F,U,,,Z,False,True,,,-8.40625,0.625,2.2312564979958838,,U I E,W,,False,,0.10595703125,0.5264645218849182,,
train-030946-0b1c810a2e9eca08,5,8,train,800656714496920072,pointer,F,E,,,Z,False,True,,,-6.46875,0.25,2.563401779214516,,E I D,W,,False,,0.08349609375,0.5208619236946106,,
train-030946-0b1c810a2e9eca08,5,9,train,800656714496920072,pointer,F,E,,,Z,False,True,,,-6.84375,0.4375,2.518918237235182,,E D C,W,,False,,0.072265625,0.5180585384368896,,
train-030946-0b1c810a2e9eca08,5,10,train,800656714496920072,pointer,F,E,,,Z,False,True,,,-7.15625,0.3125,2.448731527650023,,E D C,W,,False,,0.068359375,0.5170831680297852,,
train-030946-0b1c810a2e9eca08,5,11,train,800656714496920072,pointer,F,E,,,Z,False,True,,,-7.328125,0.1875,2.3562300169630026,,E D Q,W,,False,,0.068359375,0.5170831680297852,,
train-030946-0b1c810a2e9eca08,5,12,train,800656714496920072,pointer,F,E,,,Z,False,True,,,-7.453125,0.0625,2.313883532603634,,E D Q,W,,False,,0.068359375,0.5170831680297852,,
train-018032-ffcd7200291d2b07,6,1,train,18432514194912652039,pointer,L,O,O,True,E,False,False,2.5452558994293213,0.1875,-0.5,0.1875,3.1650483014447097,1,O M R,Z,False,False,2.924844264984131,-0.30859375,0.4234579801559448,False,0.5507071614265442
train-018032-ffcd7200291d2b07,6,2,train,18432514194912652039,pointer,L,L,H,False,E,False,False,3.7794129848480225,-1.8125,-1.125,0.5,3.049557971915225,17,L M Z,Z,False,False,3.9989330768585205,-0.171875,0.45713672041893005,False,0.6108977794647217
train-018032-ffcd7200291d2b07,6,3,train,18432514194912652039,pointer,L,L,K,False,E,False,False,5.359963417053223,-3.875,-2.3125,0.5625,2.748539659232027,25,L Q M,Z,False,False,2.942551851272583,-0.012939453125,0.49676522612571716,False,0.6866983771324158
train-018032-ffcd7200291d2b07,6,4,train,18432514194912652039,pointer,L,Q,A,False,E,False,False,5.353321552276611,-4.59375,-3.75,0.75,1.8047097600242605,17,Q F H,Z,False,False,3.0614404678344727,0.103515625,0.5258558392524719,False,0.7462438344955444
train-018032-ffcd7200291d2b07,6,5,train,18432514194912652039,pointer,L,Q,N,False,E,False,False,6.419224739074707,-6.28125,-5.1875,2.625,0.6326208867070159,12,Q F M,B,False,False,3.615715265274048,0.1640625,0.5409238934516907,False,0.77853924036026
train-018032-ffcd7200291d2b07,6,6,train,18432514194912652039,pointer,L,Q,E,False,E,False,False,4.236413478851318,-3.9375,-3.9375,1.625,1.0098937947562012,4,Q M J,T,False,False,3.6862215995788574,0.181640625,0.545285701751709,True,0.6064453721046448
train-018032-ffcd7200291d2b07,6,7,train,18432514194912652039,pointer,L,Q,,,E,False,True,,,-1.75,0.125,2.2527816306509276,,Q M V,Q,,True,,0.1923828125,0.547947883605957,,
train-018032-ffcd7200291d2b07,6,8,train,18432514194912652039,pointer,L,V,,,E,False,True,,,-1.875,0.875,2.370627351908639,,V J Q,Q,,False,,0.21875,0.5544704794883728,,
train-018032-ffcd7200291d2b07,6,9,train,18432514194912652039,pointer,L,R,,,E,False,True,,,-2.75,0.25,2.1892544460450245,,R V J,W,,False,,0.236328125,0.5588085651397705,,
train-018032-ffcd7200291d2b07,6,10,train,18432514194912652039,pointer,L,R,,,E,False,True,,,-4.65625,0.9375,1.907238342515696,,R C N,W,,False,,0.24609375,0.561214804649353,,
train-018032-ffcd7200291d2b07,6,11,train,18432514194912652039,pointer,L,L,,,E,False,True,,,-3.40625,0.1875,2.2820337768627357,,L C N,W,,False,,0.255859375,0.5636181831359863,,
train-018032-ffcd7200291d2b07,6,12,train,18432514194912652039,pointer,L,L,,,E,False,True,,,-3.34375,1.03125,2.175811663314723,,L C T,Y,,False,,0.263671875,0.5655387043952942,,
train-035304-861d797911c2a0e4,8,1,train,9664013936302924004,pointer,B,S,J,False,B,False,False,2.5505850315093994,-0.625,-1.0625,0.25,2.99490318880234,3,S M J,Z,False,False,4.073818206787109,-0.322265625,0.4201236963272095,False,0.5449404716491699
train-035304-861d797911c2a0e4,8,2,train,9664013936302924004,pointer,B,B,B,True,B,True,False,2.1482653617858887,0.5,0.5,0.5,3.075605455880888,1,B A C,Z,False,False,2.8803205490112305,-0.162109375,0.45956116914749146,False,0.6153738498687744
train-035304-861d797911c2a0e4,8,3,train,9664013936302924004,pointer,B,B,J,False,B,True,False,2.4626002311706543,-1.75,1.75,1.75,2.0807987793019236,2,B J C,Z,False,False,3.1750876903533936,-0.0179443359375,0.49551400542259216,False,0.684215247631073
train-035304-861d797911c2a0e4,8,4,train,9664013936302924004,pointer,B,Q,B,False,B,False,False,3.371114730834961,-1.9375,-1.9375,0.125,2.3687370245080683,8,Q H J,Z,False,False,2.681950092315674,0.07666015625,0.5191556811332703,False,0.7322116494178772
train-035304-861d797911c2a0e4,8,5,train,9664013936302924004,pointer,B,Q,J,False,B,False,False,2.454108715057373,-2.0,-2.9375,2.0,1.4692430693956657,3,Q H J,W,False,False,2.8235065937042236,0.1201171875,0.5299932360649109,False,0.7550082206726074
train-035304-861d797911c2a0e4,8,6,train,9664013936302924004,pointer,B,Q,B,False,B,False,False,4.98530387878418,-4.8125,-4.8125,2.75,0.7989381706661646,8,Q J I,W,False,False,2.857846975326538,0.13671875,0.5341265201568604,False,0.7638412714004517
train-035304-861d797911c2a0e4,8,7,train,9664013936302924004,pointer,B,Q,J,False,B,False,False,2.9133102893829346,-2.4375,-3.625,1.8125,1.5876509208885412,3,Q I J,Q,False,True,3.008366107940674,0.1396484375,0.5348554849624634,False,0.765407145023346
train-035304-861d797911c2a0e4,8,8,train,9664013936302924004,pointer,B,I,B,False,B,False,False,4.247679233551025,-3.0625,-3.0625,0.1875,2.065316042321691,10,I V Q,W,False,False,3.1230361461639404,0.1513671875,0.5377696752548218,True,0.6203248500823975
train-035304-861d797911c2a0e4,8,9,train,9664013936302924004,pointer,B,V,,,B,False,True,,,-2.625,0.5625,2.027349602354529,,V I J,W,,False,,0.154296875,0.5384978652000427,,
train-035304-861d797911c2a0e4,8,10,train,9664013936302924004,pointer,B,V,,,B,False,True,,,-1.625,0.6875,2.4568735268766906,,V J I,W,,False,,0.15625,0.5389832258224487,,
train-035304-861d797911c2a0e4,8,11,train,9664013936302924004,pointer,B,C,,,B,False,True,,,-1.4375,0.0,2.5676184908981647,,C J H,W,,False,,0.158203125,0.53946852684021,,
train-035304-861d797911c2a0e4,8,12,train,9664013936302924004,pointer,B,C,,,B,False,True,,,-2.40625,0.625,2.3009652927307025,,C H J,W,,False,,0.1611328125,0.5401962995529175,,
train-026224-313af4c6f8dc8c97,10,1,train,3547416791923592343,pointer,Q,Q,W,False,Q,True,False,2.300306797027588,-1.1875,0.625,0.625,2.4389725544911105,3,Q L W,Z,False,False,3.952699661254883,-0.298828125,0.4258439540863037,False,0.5548540949821472
train-026224-313af4c6f8dc8c97,10,2,train,3547416791923592343,pointer,Q,Q,Z,False,Q,True,False,3.646955728530884,-2.875,1.9375,1.9375,2.347022619883273,7,Q R T,Z,True,False,2.467987298965454,-0.1640625,0.4590761363506317,False,0.61447674036026
train-026224-313af4c6f8dc8c97,10,3,train,3547416791923592343,pointer,Q,Q,T,False,Q,True,False,4.779998779296875,-4.375,2.3125,2.3125,1.5741845852931675,16,Q J A,Z,False,False,3.2781107425689697,-0.052490234375,0.48688048124313354,False,0.667246401309967
train-026224-313af4c6f8dc8c97,10,4,train,3547416791923592343,pointer,Q,Q,L,False,Q,True,False,5.203216075897217,-4.28125,0.8125,0.8125,2.0948362198460173,16,Q H J,Z,False,False,3.6261940002441406,0.01129150390625,0.5028228163719177,False,0.6988089084625244
train-026224-313af4c6f8dc8c97,10,5,train,3547416791923592343,pointer,Q,Q,Q,True,Q,True,False,0.24918881058692932,2.5,2.5,2.5,1.0667858997149355,1,Q J E,Q,True,True,2.5148134231567383,0.0634765625,0.515863835811615,False,0.7253890633583069
train-026224-313af4c6f8dc8c97,10,6,train,3547416791923592343,pointer,Q,Q,W,False,Q,True,False,7.1690473556518555,-6.8125,2.125,2.125,1.2789415731402483,22,Q T J,Q,False,True,2.5012025833129883,0.10595703125,0.5264645218849182,False,0.7475284337997437
train-026224-313af4c6f8dc8c97,10,7,train,3547416791923592343,pointer,Q,V,Z,False,Q,False,False,8.35067081451416,-7.234375,-1.3125,0.6875,2.2546034209932966,26,V J I,W,False,False,3.1495180130004883,0.138671875,0.5346124768257141,False,0.7648849487304688
train-026224-313af4c6f8dc8c97,10,8,train,3547416791923592343,pointer,Q,I,T,False,Q,False,False,3.5965042114257812,-2.34375,-3.5625,0.3125,2.281342688128596,9,I V J,W,False,False,3.413815498352051,0.1435546875,0.5358271598815918,False,0.7674983143806458
train-026224-313af4c6f8dc8c97,10,9,train,3547416791923592343,pointer,Q,I,L,False,Q,False,False,7.157739162445068,-5.625,-3.84375,0.125,2.3398744406161542,25,I S J,W,False,False,3.3931884765625,0.1455078125,0.5363128781318665,False,0.7685453295707703
train-026224-313af4c6f8dc8c97,10,10,train,3547416791923592343,pointer,Q,J,Q,False,Q,False,False,5.6361985206604,-4.375,-4.375,0.25,2.228810697646493,18,J S I,W,False,False,2.6109743118286133,0.15625,0.5389832258224487,True,0.6180708408355713
train-026224-313af4c6f8dc8c97,10,11,train,3547416791923592343,pointer,Q,J,,,Q,False,True,,,-4.6875,0.6875,2.1688920818494957,,J S I,W,,False,,0.1689453125,0.5421361327171326,,
train-026224-313af4c6f8dc8c97,10,12,train,3547416791923592343,pointer,Q,J,,,Q,False,True,,,-4.84375,1.0,2.1429836464006162,,J S I,W,,False,,0.1796875,0.5448014140129089,,
train-026081-f3d0094b2f6203a7,12,1,train,17568552364894454695,pointer,F,Q,N,False,G,False,False,3.624904155731201,-1.4375,-1.125,0.0,3.0632749330770017,19,Q Z F,Z,False,False,2.8223886489868164,-0.32421875,0.4196479320526123,False,0.5441204309463501
train-026081-f3d0094b2f6203a7,12,2,train,17568552364894454695,pointer,F,F,D,False,G,False,False,3.502873182296753,-1.5,-1.125,0.3125,2.9977494739709756,12,F Q Z,Z,False,False,3.6463680267333984,-0.1767578125,0.45592519640922546,False,0.6086686253547668
train-026081-f3d0094b2f6203a7,12,3,train,17568552364894454695,pointer,F,F,S,False,G,False,False,4.349102020263672,-2.75,-2.3125,0.0625,2.6790959810908785,18,F Q B,B,False,False,3.2167809009552,-0.0439453125,0.4890154302120209,False,0.6714159250259399
train-026081-f3d0094b2f6203a7,12,4,train,17568552364894454695,pointer,F,J,X,False,G,False,False,8.762679100036621,-7.09375,-2.0,0.0,2.568764961642306,26,J Q H,W,False,False,3.262712001800537,0.055908203125,0.5139734148979187,False,0.7214919328689575
train-026081-f3d0094b2f6203a7,12,5,train,17568552364894454695,pointer,F,J,G,False,G,False,False,4.972334861755371,-3.78125,-3.78125,0.25,2.0513342634134215,12,J B Q,W,False,False,3.1128878593444824,0.1123046875,0.528046727180481,False,0.7508752942085266
train-026081-f3d0094b2f6203a7,12,6,train,17568552364894454695,pointer,F,Q,C,False,G,False,False,6.639313220977783,-5.90625,-4.9375,0.75,1.8046733606913616,22,Q J A,T,False,False,4.123129367828369,0.13671875,0.5341265201568604,False,0.7638412714004517
train-026081-f3d0094b2f6203a7,12,7,train,17568552364894454695,pointer,F,I,M,False,G,False,False,5.174770832061768,-3.5625,-4.1875,0.125,2.4347438210203287,18,I Q U,W,False,False,2.97912335395813,0.140625,0.5350984334945679,False,0.7659295797348022
train-026081-f3d0094b2f6203a7,12,8,train,17568552364894454695,pointer,F,I,N,False,G,False,False,7.129685401916504,-5.84375,-4.0,0.625,2.34292665349291,22,I B U,W,False,False,4.09702205657959,0.1279296875,0.5319388508796692,False,0.7591564059257507
train-026081-f3d0094b2f6203a7,12,9,train,17568552364894454695,pointer,F,V,D,False,G,False,False,3.9091744422912598,-2.40625,-3.15625,0.3125,2.5440873310174106,14,V I B,W,False,False,3.3283300399780273,0.125,0.531209409236908,False,0.7575990557670593
train-026081-f3d0094b2f6203a7,12,10,train,17568552364894454695,pointer,F,V,S,False,G,False,False,3.7229719161987305,-2.1875,-2.78125,0.25,2.571185348051345,10,V P I,Y,False,False,3.115964412689209,0.1279296875,0.5319388508796692,False,0.7591564059257507
train-026081-f3d0094b2f6203a7,12,11,train,17568552364894454695,pointer,F,P,X,False,G,False,False,6.9654436111450195,-5.71875,-3.0625,0.6875,2.472903722295108,22,P V Q,Y,False,False,3.617374897003174,0.130859375,0.5326682329177856,False,0.7607158422470093
train-026081-f3d0094b2f6203a7,12,12,train,17568552364894454695,pointer,F,P,G,False,G,False,False,4.483249664306641,-3.65625,-3.65625,1.625,2.1948127076102044,15,P V Q,Y,False,False,2.710503101348877,0.1318359375,0.5329113006591797,True,0.6294001936912537
train-031041-98064af06d1fae93,1,1,train,10954525540108709523,pointer,K,Q,C,False,C,False,False,2.441662311553955,-0.6875,-0.6875,0.6875,2.981363808655744,2,Q C M,Z,False,False,3.167884349822998,-0.3046875,0.42441198229789734,True,0.8570506572723389
train-031041-98064af06d1fae93,1,2,train,10954525540108709523,pointer,K,Q,,,C,False,True,,,-0.5625,0.0625,2.923686053796883,,Q K C,Z,,False,,-0.1611328125,0.4598037302494049,,
train-031041-98064af06d1fae93,1,3,train,10954525540108709523,pointer,K,Q,,,C,False,True,,,-1.375,0.375,2.601792782418321,,Q K J,Z,,False,,-0.0274658203125,0.4931340217590332,,
train-031041-98064af06d1fae93,1,4,train,10954525540108709523,pointer,K,J,,,C,False,True,,,-1.59375,0.125,2.206750214673165,,J Q H,Z,,False,,0.054443359375,0.5136074423789978,,
train-031041-98064af06d1fae93,1,5,train,10954525540108709523,pointer,K,Q,,,C,False,True,,,-3.25,1.8125,1.5799701192597635,,Q J B,B,,False,,0.09423828125,0.5235421657562256,,
train-031041-98064af06d1fae93,1,6,train,10954525540108709523,pointer,K,Q,,,C,False,True,,,-4.0,1.875,1.401303700719194,,Q J I,B,,False,,0.13671875,0.5341265201568604,,
train-031041-98064af06d1fae93,1,7,train,10954525540108709523,pointer,K,Q,,,C,False,True,,,-2.0625,1.25,2.6233078425558927,,Q E A,P,,False,,0.1494140625,0.5372841358184814,,
train-031041-98064af06d1fae93,1,8,train,10954525540108709523,pointer,K,V,,,C,False,True,,,-1.5625,0.125,2.73773161479603,,V I J,W,,False,,0.171875,0.5428633093833923,,
train-031041-98064af06d1fae93,1,9,train,10954525540108709523,pointer,K,R,,,C,False,True,,,-2.0,0.0625,2.4623934761061457,,R J V,W,,False,,0.17578125,0.543832540512085,,
train-031041-98064af06d1fae93,1,10,train,10954525540108709523,pointer,K,R,,,C,False,True,,,-2.8125,0.875,1.8117243305540893,,R J V,W,,False,,0.16796875,0.541893720626831,,
train-031041-98064af06d1fae93,1,11,train,10954525540108709523,pointer,K,R,,,C,False,True,,,-2.75,1.0625,1.4476013110435864,,R J C,W,,False,,0.166015625,0.5414088368415833,,
train-031041-98064af06d1fae93,1,12,train,10954525540108709523,pointer,K,R,,,C,False,True,,,-1.75,0.3125,1.9140001147936978,,R J F,W,,False,,0.1669921875,0.5416513085365295,,
train-012970-ffb20a14f8264d55,2,1,train,18424800110705003861,pointer,C,C,D,False,J,False,False,3.109370231628418,-1.125,-2.25,0.6875,3.0866903243558865,8,C A Z,Z,False,False,3.870173692703247,-0.3125,0.42250463366508484,False,0.5490548610687256
train-012970-ffb20a14f8264d55,2,2,train,18424800110705003861,pointer,C,C,J,False,J,False,False,4.198260307312012,-2.3125,-2.3125,0.5625,3.0015480448190086,21,C A Z,Z,False,False,3.6317877769470215,-0.17578125,0.4561674892902374,True,0.7848952412605286
train-012970-ffb20a14f8264d55,2,3,train,18424800110705003861,pointer,C,C,,,J,False,True,,,-2.625,1.5,2.4636692187525324,,C A Q,Z,,False,,-0.048095703125,0.48797836899757385,,
train-012970-ffb20a14f8264d55,2,4,train,18424800110705003861,pointer,C,H,,,J,False,True,,,-1.5,0.75,2.4713321868941547,,H I C,Z,,False,,0.024169921875,0.5060421824455261,,
train-012970-ffb20a14f8264d55,2,5,train,18424800110705003861,pointer,C,Q,,,J,False,True,,,-0.875,0.875,1.8917579909653244,,Q J H,Q,,True,,0.08056640625,0.5201307535171509,,
train-012970-ffb20a14f8264d55,2,6,train,18424800110705003861,pointer,C,Q,,,J,False,True,,,-2.0,2.0,1.437657944104038,,Q J M,Q,,True,,0.109375,0.5273165106773376,,
train-012970-ffb20a14f8264d55,2,7,train,18424800110705003861,pointer,C,Q,,,J,False,True,,,-1.21875,0.625,2.360243146501983,,Q M E,Q,,True,,0.12255859375,0.5306013822555542,,
train-012970-ffb20a14f8264d55,2,8,train,18424800110705003861,pointer,C,V,,,J,False,True,,,-4.40625,2.0,1.5033111380363917,,V Y E,W,,False,,0.123046875,0.530722975730896,,
train-012970-ffb20a14f8264d55,2,9,train,18424800110705003861,pointer,C,V,,,J,False,True,,,-2.8125,0.5,2.448493556379232,,V E W,Q,,False,,0.1181640625,0.5295066833496094,,
train-012970-ffb20a14f8264d55,2,10,train,18424800110705003861,pointer,C,V,,,J,False,True,,,-1.75,0.375,2.56562469992735,,V E I,W,,False,,0.12158203125,0.5303581357002258,,
train-012970-ffb20a14f8264d55,2,11,train,18424800110705003861,pointer,C,V,,,J,False,True,,,-1.125,0.5625,2.5790102208259573,,V I S,W,,False,,0.130859375,0.5326682329177856,,
train-012970-ffb20a14f8264d55,2,12,train,18424800110705003861,pointer,C,V,,,J,False,True,,,-0.8125,0.5625,2.5297780392650004,,V I S,W,,False,,0.1416015625,0.5353413820266724,,
train-021881-2be446dd51237528,3,1,train,3162730754683925800,pointer,B,P,P,True,J,False,False,0.8352559804916382,1.5625,-2.875,1.5625,2.309709925522783,1,P B M,Z,False,False,2.9642128944396973,-0.328125,0.41869693994522095,False,0.5424830317497253
train-021881-2be446dd51237528,3,2,train,3162730754683925800,pointer,B,B,S,False,J,False,False,3.1525139808654785,-1.4375,-1.5,0.9375,2.9794212389377748,9,B Q T,Z,False,False,3.469768524169922,-0.177734375,0.45568299293518066,False,0.6082234978675842
train-021881-2be446dd51237528,3,3,train,3162730754683925800,pointer,B,B,J,False,J,False,False,3.2921831607818604,-2.5,-2.5,1.875,2.2447380369966083,7,B Q Z,Z,False,False,3.1641249656677246,-0.03466796875,0.49133387207984924,True,0.7106314301490784
train-021881-2be446dd51237528,3,4,train,3162730754683925800,pointer,B,Q,,,J,False,True,,,-2.1875,2.0,2.10077666200315,,Q H I,Z,,False,,0.051025390625,0.5127536058425903,,
train-021881-2be446dd51237528,3,5,train,3162730754683925800,pointer,B,Q,,,J,False,True,,,-2.75,2.4375,1.399824232355339,,Q M J,Q,,True,,0.09423828125,0.5235421657562256,,
train-021881-2be446dd51237528,3,6,train,3162730754683925800,pointer,B,Q,,,J,False,True,,,-1.25,1.125,2.384654972154931,,Q I J,Q,,True,,0.1142578125,0.528533399105072,,
train-021881-2be446dd51237528,3,7,train,3162730754683925800,pointer,B,I,,,J,False,True,,,-1.875,0.375,2.3340997277970716,,I V Y,W,,False,,0.1181640625,0.5295066833496094,,
train-021881-2be446dd51237528,3,8,train,3162730754683925800,pointer,B,I,,,J,False,True,,,-3.09375,0.8125,2.2169163292879865,,I V Y,W,,False,,0.10791015625,0.5269514322280884,,
train-021881-2be446dd51237528,3,9,train,3162730754683925800,pointer,B,I,,,J,False,True,,,-2.53125,0.75,2.406173215292317,,I V W,W,,False,,0.10205078125,0.5254905819892883,,
train-021881-2be446dd51237528,3,10,train,3162730754683925800,pointer,B,I,,,J,False,True,,,-2.0625,0.875,2.420636828040096,,I V S,W,,False,,0.1064453125,0.5265862345695496,,
train-021881-2be446dd51237528,3,11,train,3162730754683925800,pointer,B,I,,,J,False,True,,,-1.75,0.4375,2.3527536131868447,,I S V,W,,False,,0.1181640625,0.5295066833496094,,
train-021881-2be446dd51237528,3,12,train,3162730754683925800,pointer,B,S,,,J,False,True,,,-1.625,0.0625,2.1578999527122305,,S I V,W,,False,,0.130859375,0.5326682329177856,,
train-018354-7a90cb4389406756,4,1,train,8831782360199489366,pointer,F,Z,I,False,H,False,False,2.889228582382202,-0.25,-0.875,0.0625,3.1680188362143626,5,Z B R,Z,False,True,3.279984474182129,-0.33203125,0.4177464544773102,False,0.5408493280410767
train-018354-7a90cb4389406756,4,2,train,8831782360199489366,pointer,F,F,N,False,H,False,False,3.555781126022339,-1.375,-1.3125,0.125,3.074099717790312,17,F Z Q,Z,False,False,2.8160719871520996,-0.189453125,0.4527778625488281,False,0.602900505065918
train-018354-7a90cb4389406756,4,3,train,8831782360199489366,pointer,F,F,W,False,H,False,False,4.419669151306152,-3.4375,-2.25,1.0625,2.422755182871801,17,F Q A,B,False,False,3.179765224456787,-0.050048828125,0.48749038577079773,False,0.6684358716011047
train-018354-7a90cb4389406756,4,4,train,8831782360199489366,pointer,F,Q,H,False,H,False,False,2.5551631450653076,-1.375,-1.375,0.6875,2.361608183433938,4,Q J F,B,False,False,3.677511215209961,0.044677734375,0.511167585849762,True,0.6710578203201294
train-018354-7a90cb4389406756,4,5,train,8831782360199489366,pointer,F,Q,,,H,False,True,,,-3.5,1.625,1.934314361145485,,Q F J,B,,False,,0.10009765625,0.5250035524368286,,
train-018354-7a90cb4389406756,4,6,train,8831782360199489366,pointer,F,Q,,,H,False,True,,,-4.0,1.625,1.9798783328298741,,Q A J,W,,False,,0.12451171875,0.5310877561569214,,
train-018354-7a90cb4389406756,4,7,train,8831782360199489366,pointer,F,Q,,,H,False,True,,,-2.96875,0.1875,2.6420230268528493,,Q R A,W,,False,,0.1279296875,0.5319388508796692,,
train-018354-7a90cb4389406756,4,8,train,8831782360199489366,pointer,F,R,,,H,False,True,,,-2.84375,0.375,2.6171411792745634,,R I C,W,,False,,0.125,0.531209409236908,,
train-018354-7a90cb4389406756,4,9,train,8831782360199489366,pointer,F,R,,,H,False,True,,,-2.09375,0.1875,2.5575200585437465,,R P I,W,,False,,0.12451171875,0.5310877561569214,,
train-018354-7a90cb4389406756,4,10,train,8831782360199489366,pointer,F,P,,,H,False,True,,,-1.6875,0.5,2.441456929807856,,P R C,W,,False,,0.1279296875,0.5319388508796692,,
train-018354-7a90cb4389406756,4,11,train,8831782360199489366,pointer,F,P,,,H,False,True,,,-0.75,0.0625,2.3303788067035187,,P C R,W,,False,,0.1337890625,0.5333974361419678,,
train-018354-7a90cb4389406756,4,12,train,8831782360199489366,pointer,F,C,,,H,False,True,,,-0.5,0.5,2.274601176124988,,C H P,W,,False,,0.1396484375,0.5348554849624634,,
train-015907-e7c1df0f00dd6b57,5,1,train,16699874148798524247,pointer,P,Q,Y,False,A,False,False,2.555856227874756,-0.8125,-1.3125,0.8125,3.020669319652565,2,Q Y S,Z,False,False,3.184570789337158,-0.314453125,0.42202815413475037,False,0.5482301115989685
train-015907-e7c1df0f00dd6b57,5,2,train,16699874148798524247,pointer,P,Q,N,False,A,False,False,3.0000667572021484,-1.125,-1.25,0.6875,3.056007481898945,6,Q R P,Z,False,False,3.07047438621521,-0.1533203125,0.46174484491348267,False,0.6194225549697876
train-015907-e7c1df0f00dd6b57,5,3,train,16699874148798524247,pointer,P,P,F,False,A,False,False,4.619007587432861,-3.5,-2.1875,0.125,2.203710927053454,18,P Q B,B,False,False,3.362905979156494,0.0235595703125,0.5058895945549011,False,0.7049963474273682
train-015907-e7c1df0f00dd6b57,5,4,train,16699874148798524247,pointer,P,I,X,False,A,False,False,5.223811149597168,-3.6875,-1.46875,0.0,2.3708886984273936,14,I P H,W,False,False,3.700944423675537,0.11376953125,0.5284117460250854,False,0.751649022102356
train-015907-e7c1df0f00dd6b57,5,5,train,16699874148798524247,pointer,P,Q,A,False,A,False,False,2.222412347793579,-0.5625,-0.5625,0.375,2.519448410057378,3,Q J A,W,False,False,3.1933109760284424,0.16015625,0.5399536490440369,True,0.6162718534469604
train-015907-e7c1df0f00dd6b57,5,6,train,16699874148798524247,pointer,P,V,,,A,False,True,,,-2.0,0.5625,2.2558925348289707,,V I Q,W,,False,,0.1943359375,0.5484316945075989,,
train-015907-e7c1df0f00dd6b57,5,7,train,16699874148798524247,pointer,P,V,,,A,False,True,,,-3.6875,1.0,1.5553237851173651,,V I J,W,,False,,0.208984375,0.5520567893981934,,
train-015907-e7c1df0f00dd6b57,5,8,train,16699874148798524247,pointer,P,I,,,A,False,True,,,-4.03125,0.1875,1.516662326281443,,I V P,W,,False,,0.2138671875,0.5532639622688293,,
train-015907-e7c1df0f00dd6b57,5,9,train,16699874148798524247,pointer,P,I,,,A,False,True,,,-4.34375,1.5,1.4189109392048278,,I V P,W,,False,,0.20703125,0.5515737533569336,,
train-015907-e7c1df0f00dd6b57,5,10,train,16699874148798524247,pointer,P,I,,,A,False,True,,,-4.0,1.3125,1.5216121812147623,,I P V,W,,False,,0.201171875,0.5501240491867065,,
train-015907-e7c1df0f00dd6b57,5,11,train,16699874148798524247,pointer,P,I,,,A,False,True,,,-3.5625,0.875,1.6778023816212857,,I P V,W,,False,,0.19921875,0.5496405959129333,,
train-015907-e7c1df0f00dd6b57,5,12,train,16699874148798524247,pointer,P,I,,,A,False,True,,,-3.09375,0.5,1.8008998269657126,,I P V,Y,,False,,0.201171875,0.5501240491867065,,
train-020372-d4bfc952f0acc23f,6,1,train,15330193014654812735,pointer,P,Q,G,False,N,False,False,3.5073320865631104,-1.5,-1.625,0.75,3.1131423918975374,17,Q M T,Z,False,False,3.512368679046631,-0.32421875,0.4196479320526123,False,0.5441204309463501
train-020372-d4bfc952f0acc23f,6,2,train,15330193014654812735,pointer,P,Q,S,False,N,False,False,2.925708532333374,-1.3125,-2.25,0.5625,2.93412372566163,4,Q F R,Z,False,False,3.4455344676971436,-0.1611328125,0.4598037302494049,False,0.6158227324485779
train-020372-d4bfc952f0acc23f,6,3,train,15330193014654812735,pointer,P,Q,O,False,N,False,False,4.943883419036865,-3.875,-3.1875,0.375,2.2602923731567066,19,Q P F,B,False,False,3.3669896125793457,0.0030364990234375,0.5007591247558594,False,0.6946665644645691
train-020372-d4bfc952f0acc23f,6,4,train,15330193014654812735,pointer,P,I,J,False,N,False,False,2.2790873050689697,-0.71875,-4.1875,0.3125,2.39563001968777,4,I Q P,W,False,False,2.8924965858459473,0.08349609375,0.5208619236946106,False,0.7357664108276367
train-020372-d4bfc952f0acc23f,6,5,train,15330193014654812735,pointer,P,J,H,False,N,False,False,4.374866485595703,-2.875,-3.8125,0.0625,2.2995898743949423,13,J Q I,W,False,False,3.544567108154297,0.1328125,0.5331544280052185,False,0.7617567181587219
train-020372-d4bfc952f0acc23f,6,6,train,15330193014654812735,pointer,P,I,N,False,N,False,False,4.75831937789917,-3.65625,-3.65625,0.0625,1.9700253698934667,13,I V J,W,False,False,3.888214111328125,0.1630859375,0.5406813621520996,True,0.61492520570755
train-020372-d4bfc952f0acc23f,6,7,train,15330193014654812735,pointer,P,I,,,N,False,True,,,-6.71875,1.625,0.7041855636247144,,I V J,W,,False,,0.169921875,0.5423785448074341,,
train-020372-d4bfc952f0acc23f,6,8,train,15330193014654812735,pointer,P,I,,,N,False,True,,,-7.96875,2.5,0.46397252530167765,,I V J,W,,False,,0.1611328125,0.5401962995529175,,
train-020372-d4bfc952f0acc23f,6,9,train,15330193014654812735,pointer,P,I,,,N,False,True,,,-8.046875,1.8125,0.7182670601687354,,I V J,W,,False,,0.1552734375,0.5387405753135681,,
train-020372-d4bfc952f0acc23f,6,10,train,15330193014654812735,pointer,P,I,,,N,False,True,,,-8.03125,1.0625,1.0149589754986392,,I V J,Y,,False,,0.15625,0.5389832258224487,,
train-020372-d4bfc952f0acc23f,6,11,train,15330193014654812735,pointer,P,I,,,N,False,True,,,-7.921875,0.375,1.2423766338938176,,I V J,Y,,False,,0.158203125,0.53946852684021,,
train-020372-d4bfc952f0acc23f,6,12,train,15330193014654812735,pointer,P,V,,,N,False,True,,,-7.90625,0.375,1.4013799155794324,,V I E,Y,,False,,0.1611328125,0.5401962995529175,,
train-018951-3cc74311f97bca09,8,1,train,4379542907120241161,pointer,B,P,J,False,B,False,False,3.0406975746154785,-1.25,-1.25,0.6875,2.963353235097674,8,P M Q,Z,False,False,3.950465440750122,-0.341796875,0.4153730273246765,False,0.536781370639801
train-018951-3cc74311f97bca09,8,2,train,4379542907120241161,pointer,B,B,B,True,B,True,False,2.2393341064453125,0.25,0.25,0.25,3.0770230170639157,1,B Z Q,Z,False,False,2.8918228149414062,-0.16796875,0.45810630917549133,False,0.6126853227615356
train-018951-3cc74311f97bca09,8,3,train,4379542907120241161,pointer,B,B,J,False,B,True,False,2.872533082962036,-2.4375,2.4375,2.4375,1.6265478145988392,2,B J H,B,False,True,3.1813066005706787,-0.01495361328125,0.4962616264820099,False,0.6856983304023743
train-018951-3cc74311f97bca09,8,4,train,4379542907120241161,pointer,B,H,B,False,B,False,False,4.711137771606445,-4.09375,-4.09375,0.875,1.4951858841994619,7,H Q J,B,True,False,2.5733041763305664,0.08154296875,0.5203744769096375,False,0.7347495555877686
train-018951-3cc74311f97bca09,8,5,train,4379542907120241161,pointer,B,Q,J,False,B,False,False,2.934156656265259,-2.75,-3.5,2.75,0.8078445317424419,2,Q J H,B,False,False,2.9196126461029053,0.1171875,0.5292633771896362,False,0.7534565925598145
train-018951-3cc74311f97bca09,8,6,train,4379542907120241161,pointer,B,Q,B,False,B,False,False,6.047348499298096,-5.90625,-5.90625,3.25,0.6981278331255975,11,Q I J,W,False,False,2.8285186290740967,0.1396484375,0.5348554849624634,False,0.765407145023346
train-018951-3cc74311f97bca09,8,7,train,4379542907120241161,pointer,B,Q,J,False,B,False,False,3.427452564239502,-2.1875,-2.96875,0.125,2.25072423436016,8,Q I E,W,False,False,3.0435893535614014,0.140625,0.5350984334945679,False,0.7659295797348022
train-018951-3cc74311f97bca09,8,8,train,4379542907120241161,pointer,B,I,B,False,B,False,False,3.330275535583496,-2.0,-2.0,0.25,2.350589339898111,7,I V E,W,False,False,3.265829563140869,0.1337890625,0.5333974361419678,True,0.6284884214401245
train-018951-3cc74311f97bca09,8,9,train,4379542907120241161,pointer,B,I,,,B,False,True,,,-2.25,0.1875,2.2844894502151165,,I V E,W,,False,,0.125,0.531209409236908,,
train-018951-3cc74311f97bca09,8,10,train,4379542907120241161,pointer,B,I,,,B,False,True,,,-2.53125,0.75,2.290677682546353,,I V E,W,,False,,0.11376953125,0.5284117460250854,,
train-018951-3cc74311f97bca09,8,11,train,4379542907120241161,pointer,B,I,,,B,False,True,,,-2.5,1.3125,2.344007566837959,,I V E,W,,False,,0.10693359375,0.5267079472541809,,
train-018951-3cc74311f97bca09,8,12,train,4379542907120241161,pointer,B,I,,,B,False,True,,,-2.40625,1.125,2.370771803057524,,I J E,W,,False,,0.10302734375,0.5257341265678406,,
train-015190-27a5287bbddd9c8a,10,1,train,2856734050567953546,pointer,T,T,Z,False,K,False,False,2.321784257888794,-0.4375,-0.4375,0.4375,3.0112099160041463,3,T K Z,Z,True,False,2.5003395080566406,-0.3125,0.42250463366508484,False,0.5490548610687256
train-015190-27a5287bbddd9c8a,10,2,train,2856734050567953546,pointer,T,T,C,False,K,False,False,3.623575210571289,-2.1875,-1.5625,1.25,2.9315221839349563,15,T Z A,Z,False,False,3.5214271545410156,-0.1748046875,0.4564097821712494,False,0.6095595955848694
train-015190-27a5287bbddd9c8a,10,3,train,2856734050567953546,pointer,T,T,B,False,K,False,False,2.5445423126220703,-1.1875,-2.5625,1.1875,2.7477899895774183,2,T B C,Z,False,False,2.841763734817505,-0.0299072265625,0.49252378940582275,False,0.6783053278923035
train-015190-27a5287bbddd9c8a,10,4,train,2856734050567953546,pointer,T,H,M,False,K,False,False,3.8697924613952637,-2.5,-4.6875,0.625,2.582353804175811,13,H C Q,Q,False,False,3.283085584640503,0.052490234375,0.5131195783615112,False,0.719736635684967
train-015190-27a5287bbddd9c8a,10,5,train,2856734050567953546,pointer,T,Q,N,False,K,False,False,6.501692295074463,-5.703125,-5.328125,1.1875,2.102319554458106,24,Q J H,Q,False,True,3.561234951019287,0.10107421875,0.5252470970153809,False,0.7449607253074646
train-015190-27a5287bbddd9c8a,10,6,train,2856734050567953546,pointer,T,V,V,True,K,False,False,1.2943841218948364,0.5,-5.078125,0.5,2.222090213070675,1,V Q T,Q,False,False,3.474518299102783,0.134765625,0.5336405038833618,False,0.762798547744751
train-015190-27a5287bbddd9c8a,10,7,train,2856734050567953546,pointer,T,V,A,False,K,False,False,5.332651138305664,-4.8125,-6.984375,1.4375,1.6179329052814755,16,V T I,Q,False,False,3.152298927307129,0.1484375,0.5370413661003113,False,0.7701176404953003
train-015190-27a5287bbddd9c8a,10,8,train,2856734050567953546,pointer,T,V,L,False,K,False,False,6.63137674331665,-5.46875,-5.75,0.6875,2.2413463673824428,22,V I S,Q,False,False,3.6574807167053223,0.142578125,0.5355842709541321,False,0.7669751644134521
train-015190-27a5287bbddd9c8a,10,9,train,2856734050567953546,pointer,T,S,Q,False,K,False,False,5.956906318664551,-4.46875,-4.96875,0.25,2.3164826693782463,21,S V I,Q,True,False,2.163548469543457,0.1455078125,0.5363128781318665,False,0.7685453295707703
train-015190-27a5287bbddd9c8a,10,10,train,2856734050567953546,pointer,T,S,K,False,K,False,False,6.45076322555542,-5.3125,-5.3125,0.6875,2.208288155582637,21,S I T,Q,False,False,3.1190619468688965,0.1572265625,0.5392258763313293,True,0.6176207661628723
train-015190-27a5287bbddd9c8a,10,11,train,2856734050567953546,pointer,T,S,,,K,False,True,,,-5.78125,0.75,2.073376644457718,,S I T,Q,,False,,0.173828125,0.543347954750061,,
train-015190-27a5287bbddd9c8a,10,12,train,2856734050567953546,pointer,T,S,,,K,False,True,,,-6.21875,0.8125,1.9730321039525718,,S I J,Q,,False,,0.1904296875,0.5474640727043152,,
train-034658-7ce362f19e5da916,12,1,train,8999145270299961622,pointer,J,M,M,True,D,False,False,1.0489617586135864,0.4375,-4.375,0.4375,2.1300557886411786,1,M Z L,Z,False,False,3.0063138008117676,-0.291015625,0.4277552366256714,False,0.5581884980201721
train-034658-7ce362f19e5da916,12,2,train,8999145270299961622,pointer,J,Z,N,False,D,False,False,3.071699857711792,-1.5625,-2.6875,0.4375,2.7251522757325524,8,Z M B,Z,False,True,2.8171982765197754,-0.1435546875,0.4641728699207306,False,0.6239436268806458
train-034658-7ce362f19e5da916,12,3,train,8999145270299961622,pointer,J,J,Q,False,D,False,False,1.6683485507965088,-0.75,-4.9375,0.75,2.126470111569527,2,J Q Z,B,False,False,3.04628586769104,-0.030029296875,0.49249324202537537,False,0.6782452464103699
train-034658-7ce362f19e5da916,12,4,train,8999145270299961622,pointer,J,J,A,False,D,False,False,2.701932907104492,-1.1875,-2.625,0.375,2.523704342447018,6,J P I,Z,False,False,3.151902437210083,0.05126953125,0.5128145813941956,False,0.7191104292869568
train-034658-7ce362f19e5da916,12,5,train,8999145270299961622,pointer,J,J,B,False,D,False,False,2.422555923461914,-1.0625,-2.21875,0.625,2.4213494640230704,5,J A I,Z,False,False,2.835066556930542,0.0859375,0.5214711427688599,False,0.737038791179657
train-034658-7ce362f19e5da916,12,6,train,8999145270299961622,pointer,J,J,X,False,D,False,False,7.134511947631836,-5.84375,-1.1875,0.25,2.2481981936092894,23,J V Q,W,False,False,3.3163161277770996,0.08984375,0.5224458575248718,False,0.7390776872634888
train-034658-7ce362f19e5da916,12,7,train,8999145270299961622,pointer,J,V,K,False,D,False,False,5.1335039138793945,-3.84375,-0.875,0.125,2.116975750552802,16,V Q J,W,False,False,3.465139865875244,0.08935546875,0.5223240256309509,False,0.7388226389884949
train-034658-7ce362f19e5da916,12,8,train,8999145270299961622,pointer,J,Q,I,False,D,False,False,3.1193151473999023,-1.8125,-1.375,0.125,2.1435181840738817,6,Q V C,W,False,False,4.378642559051514,0.091796875,0.5229331254959106,False,0.7400985956192017
train-034658-7ce362f19e5da916,12,9,train,8999145270299961622,pointer,J,Q,F,False,D,False,False,3.3860459327697754,-2.0625,-2.0,0.375,2.23317936667522,7,Q C V,W,False,False,3.3473219871520996,0.09423828125,0.5235421657562256,False,0.7413760423660278
train-034658-7ce362f19e5da916,12,10,train,8999145270299961622,pointer,J,Q,S,False,D,False,False,4.535737037658691,-3.25,-2.6875,0.3125,2.2747097537538337,14,Q C J,W,False,False,3.611693859100342,0.10009765625,0.5250035524368286,False,0.7444479465484619
train-034658-7ce362f19e5da916,12,11,train,8999145270299961622,pointer,J,Q,O,False,D,False,False,5.994112014770508,-4.6875,-3.3125,0.375,2.2993766114602523,21,Q C F,W,False,False,3.939605712890625,0.11083984375,0.5276816487312317,False,0.7501019835472107
train-034658-7ce362f19e5da916,12,12,train,8999145270299961622,pointer,J,Q,D,False,D,False,False,5.232192039489746,-3.84375,-3.84375,0.375,2.3088068871823713,17,Q C F,Z,False,False,3.312413454055786,0.12353515625,0.5308445692062378,True,0.6332859992980957
