example_id,task_depth,loop,split,seed,family,initial_state,prediction,intermediate_target,intermediate_correct,final_target,final_correct,post_completion,intermediate_loss,intermediate_margin,final_margin,predicted_margin,answer_entropy,target_rank,top_symbols,r_prediction,r_intermediate_correct,r_c_agree,r_intermediate_loss,stop_logit,stop_probability,stop_target,stop_loss
train-017550-2da9fdf39c01ec4c,1,1,train,3290440225507109964,pointer,I,T,T,True,T,True,False,2.622600959512056e-06,14.15625,14.15625,14.15625,4.239229925520754e-05,1,T R M,T,True,True,7.152555099310121e-07,0.02978515625,0.507445752620697,True,0.6783655285835266
train-017550-2da9fdf39c01ec4c,1,2,train,3290440225507109964,pointer,I,V,,,T,False,True,,,-13.3125,13.3125,8.564066243263725e-05,,V T Z,V,,True,,-0.0966796875,0.47584885358810425,,
train-017550-2da9fdf39c01ec4c,1,3,train,3290440225507109964,pointer,I,K,,,T,False,True,,,-10.8125,8.5625,0.009826485225913588,,K R A,K,,True,,0.150390625,0.5375269651412964,,
train-017550-2da9fdf39c01ec4c,1,4,train,3290440225507109964,pointer,I,P,,,T,False,True,,,-10.71875,8.9375,0.007953277273365075,,P C A,P,,True,,0.3671875,0.590779185295105,,
train-017550-2da9fdf39c01ec4c,1,5,train,3290440225507109964,pointer,I,Z,,,T,False,True,,,-8.25,6.625,0.08625051034303496,,Z U Y,Z,,True,,0.63671875,0.6540113687515259,,
train-017550-2da9fdf39c01ec4c,1,6,train,3290440225507109964,pointer,I,W,,,T,False,True,,,-10.0625,7.125,0.04257723758268255,,W V X,W,,True,,0.875,0.7057850360870361,,
train-017550-2da9fdf39c01ec4c,1,7,train,3290440225507109964,pointer,I,N,,,T,False,True,,,-8.8125,8.6875,0.015252690505215006,,N S M,N,,True,,0.9375,0.7185943722724915,,
train-017550-2da9fdf39c01ec4c,1,8,train,3290440225507109964,pointer,I,X,,,T,False,True,,,-9.25,7.75,0.01859691444891405,,X A S,X,,True,,0.98828125,0.7287483215332031,,
train-017550-2da9fdf39c01ec4c,1,9,train,3290440225507109964,pointer,I,P,,,T,False,True,,,-8.0,6.25,0.06903823215653912,,P I Z,P,,True,,1.0390625,0.7386690378189087,,
train-017550-2da9fdf39c01ec4c,1,10,train,3290440225507109964,pointer,I,Z,,,T,False,True,,,-8.0625,6.625,0.11893991675508514,,Z D A,Z,,True,,1.140625,0.7577943801879883,,
train-017550-2da9fdf39c01ec4c,1,11,train,3290440225507109964,pointer,I,W,,,T,False,True,,,-9.09375,6.25,0.08836294033287624,,W X V,W,,True,,1.21875,0.7718434929847717,,
train-017550-2da9fdf39c01ec4c,1,12,train,3290440225507109964,pointer,I,N,,,T,False,True,,,-8.8125,8.6875,0.01531152264102709,,N S M,N,,True,,1.15625,0.7606506943702698,,
train-028513-482db515c5465556,2,1,train,5201012249791452502,pointer,E,H,H,True,X,False,False,4.6491513785440475e-06,13.46875,-14.734375,13.46875,7.474055344569153e-05,1,H M A,H,True,True,9.536738616588991e-07,-0.310546875,0.42298123240470886,False,0.5498805046081543
train-028513-482db515c5465556,2,2,train,5201012249791452502,pointer,E,X,X,True,X,True,False,1.1920922133867862e-06,15.25,15.25,15.25,2.134884814356961e-05,1,X A C,X,True,True,2.074220174108632e-05,-0.3125,0.42250463366508484,True,0.8615548610687256
train-028513-482db515c5465556,2,3,train,5201012249791452502,pointer,E,Q,,,X,False,True,,,-14.6875,11.5625,0.0007443635155511303,,Q P A,Q,,True,,-0.0625,0.4843800365924835,,
train-028513-482db515c5465556,2,4,train,5201012249791452502,pointer,E,J,,,X,False,True,,,-8.5,7.9375,0.02690703380600379,,J I D,J,,True,,0.2734375,0.5679365992546082,,
train-028513-482db515c5465556,2,5,train,5201012249791452502,pointer,E,E,,,X,False,True,,,-10.78125,6.6875,0.044336925895829465,,E D A,E,,True,,0.494140625,0.6210813522338867,,
train-028513-482db515c5465556,2,6,train,5201012249791452502,pointer,E,H,,,X,False,True,,,-7.625,7.625,0.041587796708062896,,H X A,H,,True,,0.76953125,0.6834195256233215,,
train-028513-482db515c5465556,2,7,train,5201012249791452502,pointer,E,X,,,X,True,True,,,6.8125,6.8125,0.07956811898834154,,X R U,X,,True,,0.8125,0.6926419734954834,,
train-028513-482db515c5465556,2,8,train,5201012249791452502,pointer,E,Q,,,X,False,True,,,-11.0,8.1875,0.013546250563367513,,Q A P,Q,,True,,0.86328125,0.703345775604248,,
train-028513-482db515c5465556,2,9,train,5201012249791452502,pointer,E,J,,,X,False,True,,,-8.0625,7.5,0.042915170147202086,,J I D,J,,True,,0.9375,0.7185943722724915,,
train-028513-482db515c5465556,2,10,train,5201012249791452502,pointer,E,E,,,X,False,True,,,-10.78125,6.625,0.04565197203321326,,E D A,E,,True,,0.96484375,0.724090576171875,,
train-028513-482db515c5465556,2,11,train,5201012249791452502,pointer,E,H,,,X,False,True,,,-7.5,7.5,0.04666437758031576,,H X A,H,,True,,1.09375,0.7490872144699097,,
train-028513-482db515c5465556,2,12,train,5201012249791452502,pointer,E,X,,,X,True,True,,,6.875,6.875,0.07765017762282703,,X R U,X,,True,,1.0234375,0.735641598701477,,
train-027434-d400c0bd81dcd93e,3,1,train,15276421856200808766,pointer,D,D,D,True,D,True,False,2.706014311115723e-05,11.90625,11.90625,11.90625,0.00037647707392582315,1,D I C,D,True,True,2.634490556374658e-05,-0.29296875,0.42727720737457275,False,0.5573534965515137
train-027434-d400c0bd81dcd93e,3,2,train,15276421856200808766,pointer,D,D,D,True,D,True,False,3.6954811548639555e-06,13.625,13.625,13.625,5.8225093997683144e-05,1,D C F,D,True,True,0.0003899767471011728,-0.28125,0.43014734983444214,False,0.5623774528503418
train-027434-d400c0bd81dcd93e,3,3,train,15276421856200808766,pointer,D,D,D,True,D,True,False,0.00024423000286333263,10.3125,10.3125,10.3125,0.0029512947922223243,1,D F L,D,True,True,0.0007394201820716262,0.0556640625,0.5139124393463135,True,0.6657024025917053
train-027434-d400c0bd81dcd93e,3,4,train,15276421856200808766,pointer,D,D,,,D,True,True,,,8.9375,8.9375,0.007349968465128413,,D L F,D,,True,,0.353515625,0.5874698758125305,,
train-027434-d400c0bd81dcd93e,3,5,train,15276421856200808766,pointer,D,D,,,D,True,True,,,8.9375,8.9375,0.0074549592533242415,,D L F,D,,True,,0.5546875,0.6352224349975586,,
train-027434-d400c0bd81dcd93e,3,6,train,15276421856200808766,pointer,D,D,,,D,True,True,,,9.0,9.0,0.006996870658043503,,D L F,D,,True,,0.6875,0.665410578250885,,
train-027434-d400c0bd81dcd93e,3,7,train,15276421856200808766,pointer,D,D,,,D,True,True,,,9.0,9.0,0.007154559798685687,,D L F,D,,True,,0.7734375,0.6842640042304993,,
train-027434-d400c0bd81dcd93e,3,8,train,15276421856200808766,pointer,D,D,,,D,True,True,,,9.125,9.125,0.006351333144528246,,D L F,D,,True,,0.83203125,0.696784257888794,,
train-027434-d400c0bd81dcd93e,3,9,train,15276421856200808766,pointer,D,D,,,D,True,True,,,8.9375,8.9375,0.007277240182549109,,D L F,D,,True,,0.8671875,0.7041601538658142,,
train-027434-d400c0bd81dcd93e,3,10,train,15276421856200808766,pointer,D,D,,,D,True,True,,,9.0,9.0,0.007072945391211321,,D L F,D,,True,,0.890625,0.709019124507904,,
train-027434-d400c0bd81dcd93e,3,11,train,15276421856200808766,pointer,D,D,,,D,True,True,,,8.9375,8.9375,0.007116066661474387,,D L F,D,,True,,0.90625,0.7122321724891663,,
train-027434-d400c0bd81dcd93e,3,12,train,15276421856200808766,pointer,D,D,,,D,True,True,,,9.0,9.0,0.006891078302713878,,D L F,D,,True,,0.9140625,0.7138307690620422,,
train-011064-51a24a3d90468f93,4,1,train,5882345691573292947,pointer,X,J,J,True,D,False,False,1.6689286894688848e-06,14.625,-15.0,14.625,2.923788125444802e-05,1,J B D,J,True,True,9.536738616588991e-07,-0.435546875,0.39280253648757935,False,0.4989013075828552
train-011064-51a24a3d90468f93,4,2,train,5882345691573292947,pointer,X,D,D,True,D,True,False,3.4570634852570947e-06,13.5,13.5,13.5,5.324529667128386e-05,1,D C B,D,True,True,0.0007962394156493247,-0.40234375,0.4007493853569031,False,0.5120753049850464
train-011064-51a24a3d90468f93,4,3,train,5882345691573292947,pointer,X,B,B,True,D,False,False,0.0006126672378741205,7.875,-7.875,7.875,0.006090085348364208,1,B D R,B,True,True,0.2299557626247406,-0.060546875,0.4848678708076477,False,0.663331925868988
train-011064-51a24a3d90468f93,4,4,train,5882345691573292947,pointer,X,D,D,True,D,True,False,0.004379443824291229,7.0625,7.0625,7.0625,0.040099940968991,1,D B R,D,True,True,0.386486291885376,0.396484375,0.5978426933288574,True,0.5144276022911072
train-011064-51a24a3d90468f93,4,5,train,5882345691573292947,pointer,X,B,,,D,False,True,,,-8.6875,8.0,0.017090021232433198,,B A C,B,,True,,0.58984375,0.6433292627334595,,
train-011064-51a24a3d90468f93,4,6,train,5882345691573292947,pointer,X,D,,,D,True,True,,,7.1875,7.1875,0.036711398416662204,,D P B,D,,True,,0.8828125,0.7074047327041626,,
train-011064-51a24a3d90468f93,4,7,train,5882345691573292947,pointer,X,B,,,D,False,True,,,-8.875,7.875,0.019546566908335335,,B A R,B,,True,,0.91015625,0.7130321860313416,,
train-011064-51a24a3d90468f93,4,8,train,5882345691573292947,pointer,X,D,,,D,True,True,,,7.25,7.25,0.033750755769733645,,D P B,D,,True,,1.09375,0.7490872144699097,,
train-011064-51a24a3d90468f93,4,9,train,5882345691573292947,pointer,X,B,,,D,False,True,,,-9.0,7.9375,0.01833800199257179,,B A R,B,,True,,1.0390625,0.7386690378189087,,
train-011064-51a24a3d90468f93,4,10,train,5882345691573292947,pointer,X,D,,,D,True,True,,,7.25,7.25,0.03373649106981895,,D P B,D,,True,,1.1796875,0.7648916244506836,,
train-011064-51a24a3d90468f93,4,11,train,5882345691573292947,pointer,X,B,,,D,False,True,,,-9.0625,8.0,0.017577346231858304,,B A R,B,,True,,1.09375,0.7490872144699097,,
train-011064-51a24a3d90468f93,4,12,train,5882345691573292947,pointer,X,D,,,D,True,True,,,7.25,7.25,0.03374174631783044,,D P B,D,,True,,1.2109375,0.7704647779464722,,
train-015196-13d4b272449f280f,5,1,train,1428963185630586895,pointer,N,K,K,True,O,False,False,2.3841855067985307e-07,16.34375,-20.703125,16.34375,4.7702561091488845e-06,1,K R Q,K,True,True,3.576278118089249e-07,-0.462890625,0.38630032539367676,False,0.4882495403289795
train-015196-13d4b272449f280f,5,2,train,1428963185630586895,pointer,N,X,X,True,O,False,False,9.536738616588991e-07,15.375,-17.65625,15.375,1.827042943759726e-05,1,X A K,X,True,True,3.85038583772257e-05,-0.421875,0.39606815576553345,False,0.5042939186096191
train-015196-13d4b272449f280f,5,3,train,1428963185630586895,pointer,N,B,B,True,O,False,False,0.0008108903421089053,7.1875,-15.0625,7.1875,0.006892149922587101,1,B A C,B,True,True,0.10819785296916962,-0.1591796875,0.4602888524532318,False,0.6167212724685669
train-015196-13d4b272449f280f,5,4,train,1428963185630586895,pointer,N,A,A,True,O,False,False,0.0017720249015837908,8.375,-9.75,8.375,0.018123645178033592,1,A D B,A,True,True,0.0012342463014647365,0.28125,0.5698526501655579,False,0.8436274528503418
train-015196-13d4b272449f280f,5,5,train,1428963185630586895,pointer,N,O,O,True,O,True,False,0.004689646884799004,7.25,7.25,7.25,0.04275098547476828,1,O P U,O,True,True,0.04877740144729614,0.53515625,0.6306849718093872,True,0.4609488844871521
train-015196-13d4b272449f280f,5,6,train,1428963185630586895,pointer,N,W,,,O,False,True,,,-8.3125,6.8125,0.05579867794156588,,W Y X,W,,True,,0.7578125,0.6808785796165466,,
train-015196-13d4b272449f280f,5,7,train,1428963185630586895,pointer,N,M,,,O,False,True,,,-8.0,5.9375,0.08925898354068311,,M S N,M,,True,,0.90234375,0.7114308476448059,,
train-015196-13d4b272449f280f,5,8,train,1428963185630586895,pointer,N,V,,,O,False,True,,,-10.1875,8.1875,0.02746862897220944,,V L D,V,,True,,1.03125,0.7371581792831421,,
train-015196-13d4b272449f280f,5,9,train,1428963185630586895,pointer,N,Q,,,O,False,True,,,-8.5,7.9375,0.010007932277058628,,Q P O,Q,,True,,1.0390625,0.7386690378189087,,
train-015196-13d4b272449f280f,5,10,train,1428963185630586895,pointer,N,Y,,,O,False,True,,,-7.9375,7.3125,0.04073597053581039,,Y X O,Y,,True,,0.95703125,0.722527027130127,,
train-015196-13d4b272449f280f,5,11,train,1428963185630586895,pointer,N,P,,,O,False,True,,,-9.9375,9.0625,0.009125613544184525,,P I A,P,,True,,0.92578125,0.7162185907363892,,
train-015196-13d4b272449f280f,5,12,train,1428963185630586895,pointer,N,T,,,O,False,True,,,-10.21875,7.6875,0.027363836092438455,,T S D,T,,True,,0.98828125,0.7287483215332031,,
train-031010-3b402ed8c72d2397,6,1,train,4269463955336668055,pointer,J,V,V,True,C,False,False,1.1920928244535389e-07,16.40625,-19.3125,16.40625,2.8307684910917093e-06,1,V Z X,V,True,True,1.1920928244535389e-07,-0.494140625,0.3789186179637909,False,0.47629314661026
train-031010-3b402ed8c72d2397,6,2,train,4269463955336668055,pointer,J,B,B,True,C,False,False,3.933898824470816e-06,12.9375,-12.9375,12.9375,6.028246249666087e-05,1,B C A,B,True,True,2.4437606043647975e-05,-0.4765625,0.3830641508102417,False,0.4829902648925781
train-031010-3b402ed8c72d2397,6,3,train,4269463955336668055,pointer,J,I,I,True,C,False,False,0.0018818541429936886,8.25,-8.875,8.25,0.019209566806142688,1,I S N,I,True,True,0.021633831784129143,0.0498046875,0.5124486088752747,False,0.7183595299720764
train-031010-3b402ed8c72d2397,6,4,train,4269463955336668055,pointer,J,H,H,True,C,False,False,0.005395849235355854,7.25,-8.0625,7.25,0.04928160898511236,1,H R K,H,True,True,0.24571742117404938,0.390625,0.596433162689209,False,0.907413125038147
train-031010-3b402ed8c72d2397,6,5,train,4269463955336668055,pointer,J,Q,Q,True,C,False,False,0.0006195771275088191,8.5625,-10.0625,8.5625,0.006745787969973006,1,Q P A,Q,True,True,0.009796281345188618,0.6640625,0.6601723432540894,False,1.0793168544769287
train-031010-3b402ed8c72d2397,6,6,train,4269463955336668055,pointer,J,C,C,True,C,True,False,0.0013374679256230593,8.4375,8.4375,8.4375,0.01395509986142909,1,C D B,C,True,True,0.1347130686044693,0.84765625,0.7000752091407776,True,0.35656747221946716
train-031010-3b402ed8c72d2397,6,7,train,4269463955336668055,pointer,J,C,,,C,True,True,,,8.0625,8.0625,0.02197396353957584,,C D B,C,,True,,1.0390625,0.7386690378189087,,
train-031010-3b402ed8c72d2397,6,8,train,4269463955336668055,pointer,J,C,,,C,True,True,,,7.5625,7.5625,0.016933801330518278,,C B A,C,,True,,1.0859375,0.7476159334182739,,
train-031010-3b402ed8c72d2397,6,9,train,4269463955336668055,pointer,J,C,,,C,True,True,,,7.9375,7.9375,0.013147667292372423,,C A B,C,,True,,1.09375,0.7490872144699097,,
train-031010-3b402ed8c72d2397,6,10,train,4269463955336668055,pointer,J,C,,,C,True,True,,,7.625,7.625,0.015614258206175471,,C A B,C,,True,,1.09375,0.7490872144699097,,
train-031010-3b402ed8c72d2397,6,11,train,4269463955336668055,pointer,J,C,,,C,True,True,,,7.5625,7.5625,0.016341902464432477,,C A B,C,,True,,1.078125,0.7461389899253845,,
train-031010-3b402ed8c72d2397,6,12,train,4269463955336668055,pointer,J,C,,,C,True,True,,,7.625,7.625,0.01500159104016246,,C A B,C,,True,,1.0703125,0.7446563243865967,,
train-015747-f1c88e83dad8868c,8,1,train,17422331855446247052,pointer,P,L,L,True,O,False,False,1.4305104514278355e-06,14.78125,-18.0,14.78125,2.4575554075425824e-05,1,L C N,L,True,True,5.960462772236497e-07,-0.40234375,0.4007493853569031,False,0.5120753049850464
train-015747-f1c88e83dad8868c,8,2,train,17422331855446247052,pointer,P,O,O,True,O,True,False,1.2159273865108844e-05,11.6875,11.6875,11.6875,0.00016768754056575405,1,O P L,O,True,True,2.109982233378105e-05,-0.373046875,0.40780502557754517,False,0.5239193439483643
train-015747-f1c88e83dad8868c,8,3,train,17422331855446247052,pointer,P,P,P,True,O,False,False,2.2411095415009186e-05,12.8125,-15.03125,12.8125,0.00032801263664987326,1,P A C,P,True,True,0.22145718336105347,-0.0869140625,0.47828516364097595,False,0.6506341099739075
train-015747-f1c88e83dad8868c,8,4,train,17422331855446247052,pointer,P,L,L,True,O,False,False,0.0005616756388917565,9.625,-11.5625,9.625,0.0064164410307135855,1,L M S,L,True,True,0.03940577805042267,0.29296875,0.5727227926254272,False,0.8503222465515137
train-015747-f1c88e83dad8868c,8,5,train,17422331855446247052,pointer,P,O,O,True,O,True,False,0.001061591086909175,7.75,7.75,7.75,0.010802408865529344,1,O P U,O,True,True,0.002634033327922225,0.53125,0.6297746300697327,False,0.9936432838439941
train-015747-f1c88e83dad8868c,8,6,train,17422331855446247052,pointer,P,P,P,True,O,False,False,0.0004378790326882154,9.6875,-11.5625,9.6875,0.005112226663353012,1,P C T,P,True,True,0.5453944802284241,0.73046875,0.6749081611633301,False,1.1236474514007568
train-015747-f1c88e83dad8868c,8,7,train,17422331855446247052,pointer,P,L,L,True,O,False,False,0.0010609956225380301,8.875,-10.625,8.875,0.011439936131134969,1,L S M,L,True,True,0.058184053748846054,0.8828125,0.7074047327041626,False,1.2289648056030273
train-015747-f1c88e83dad8868c,8,8,train,17422331855446247052,pointer,P,O,O,True,O,True,False,0.001400919514708221,7.4375,7.4375,7.4375,0.013844228204506207,1,O P U,O,True,True,0.00351406866684556,0.95703125,0.722527027130127,True,0.32500046491622925
train-015747-f1c88e83dad8868c,8,9,train,17422331855446247052,pointer,P,P,,,O,False,True,,,-11.375,9.625,0.005758089570314775,,P C T,P,,True,,1.03125,0.7371581792831421,,
train-015747-f1c88e83dad8868c,8,10,train,17422331855446247052,pointer,P,L,,,O,False,True,,,-10.625,8.9375,0.011151990861994298,,L S M,L,,True,,1.078125,0.7461389899253845,,
train-015747-f1c88e83dad8868c,8,11,train,17422331855446247052,pointer,P,O,,,O,True,True,,,7.4375,7.4375,0.013971051371364685,,O P U,O,,True,,1.09375,0.7490872144699097,,
train-015747-f1c88e83dad8868c,8,12,train,17422331855446247052,pointer,P,P,,,O,False,True,,,-11.375,9.625,0.005736158491434111,,P C T,P,,True,,1.1171875,0.7534666657447815,,
train-025342-c6089c0814d91af7,10,1,train,14269826977846860535,pointer,Y,J,J,True,V,False,False,7.152555099310121e-07,15.875,-20.3125,15.875,1.2191725701896075e-05,1,J U Q,J,True,True,2.622600959512056e-06,-0.416015625,0.3974705636501312,False,0.5066187977790833
train-025342-c6089c0814d91af7,10,2,train,14269826977846860535,pointer,Y,Q,Q,True,V,False,False,1.5497195136049413e-06,13.625,-21.71875,13.625,2.506072961331772e-05,1,Q P O,Q,True,True,1.4662635294371285e-05,-0.41796875,0.3970029056072235,False,0.505842924118042
train-025342-c6089c0814d91af7,10,3,train,14269826977846860535,pointer,Y,A,A,True,V,False,False,1.0609570381348021e-05,13.1875,-15.71875,13.1875,0.0001602881411214834,1,A B D,A,True,True,0.012293165549635887,-0.040283203125,0.48993051052093506,False,0.6732084155082703
train-025342-c6089c0814d91af7,10,4,train,14269826977846860535,pointer,Y,W,W,True,V,False,False,0.0018343779956921935,8.0,-9.78125,8.0,0.018167001596017647,1,W O A,W,True,True,0.0055913482792675495,0.2451171875,0.5609742999076843,False,0.8231973648071289
train-025342-c6089c0814d91af7,10,5,train,14269826977846860535,pointer,Y,T,T,True,V,False,False,0.6311352252960205,0.25,-6.5625,0.25,1.013327192360976,1,T O P,O,False,False,2.916400909423828,0.625,0.6513549089431763,False,1.0537006855010986
train-025342-c6089c0814d91af7,10,6,train,14269826977846860535,pointer,Y,U,B,False,V,False,False,3.559638500213623,-3.25,-5.9375,2.3125,1.2166402670763825,4,U O F,U,False,True,2.2785301208496094,0.75,0.6791787147521973,False,1.136871099472046
train-025342-c6089c0814d91af7,10,7,train,14269826977846860535,pointer,Y,W,U,False,V,False,False,6.497979164123535,-6.09375,-5.0,1.0625,1.0849157767708972,15,W O E,W,False,True,3.9261255264282227,0.921875,0.7154240012168884,False,1.2567548751831055
train-025342-c6089c0814d91af7,10,8,train,14269826977846860535,pointer,Y,N,Z,False,V,False,False,9.689743041992188,-9.6875,-10.5625,8.3125,0.0226025190562936,17,N M O,N,False,True,4.56027889251709,1.0234375,0.735641598701477,False,1.3304497003555298
train-025342-c6089c0814d91af7,10,9,train,14269826977846860535,pointer,Y,G,L,False,V,False,False,9.158145904541016,-9.15625,-10.9375,8.4375,0.019366745419157238,7,G K C,G,False,True,4.888659954071045,1.0546875,0.74167400598526,False,1.3535330295562744
train-025342-c6089c0814d91af7,10,10,train,14269826977846860535,pointer,Y,F,V,False,V,False,False,9.753630638122559,-9.75,-9.75,7.1875,0.03407580236988876,18,F T S,F,False,True,6.499597072601318,1.140625,0.7577943801879883,True,0.277343213558197
train-025342-c6089c0814d91af7,10,11,train,14269826977846860535,pointer,Y,R,,,V,False,True,,,-10.25,8.25,0.021049330395623733,,R T P,R,,True,,1.1484375,0.7592254281044006,,
train-025342-c6089c0814d91af7,10,12,train,14269826977846860535,pointer,Y,I,,,V,False,True,,,-9.90625,8.125,0.024404438144579824,,I S M,I,,True,,1.1875,0.7662936449050903,,
train-021284-2eb9e31042c7173f,12,1,train,3366971855415482175,pointer,V,T,T,True,Y,False,False,1.9073468138230965e-06,14.875,-21.125,14.875,3.140375379315984e-05,1,T R W,T,True,True,1.0728830375228426e-06,-0.5,0.3775406777858734,False,0.4740769863128662
train-021284-2eb9e31042c7173f,12,2,train,3366971855415482175,pointer,V,Y,Y,True,Y,True,False,8.34461570775602e-06,13.3125,13.3125,13.3125,0.00012889056556791593,1,Y T Z,Y,True,True,3.373566141817719e-05,-0.45703125,0.38769033551216125,False,0.49051713943481445
train-021284-2eb9e31042c7173f,12,3,train,3366971855415482175,pointer,V,S,S,True,Y,False,False,9.023735765367746e-05,10.375,-15.90625,10.375,0.0011614828745244426,1,S T F,S,True,True,1.0184855461120605,-0.00787353515625,0.4980316460132599,False,0.6892181634902954
train-021284-2eb9e31042c7173f,12,4,train,3366971855415482175,pointer,V,U,U,True,Y,False,False,0.0036916458047926426,6.625,-10.0,6.625,0.032765417146829505,1,U L V,U,True,True,0.34925463795661926,0.3671875,0.590779185295105,False,0.8935004472732544
train-021284-2eb9e31042c7173f,12,5,train,3366971855415482175,pointer,V,V,V,True,Y,False,False,0.004142157733440399,7.75,-9.3125,7.75,0.0390291857596701,1,V F I,V,True,True,0.07563234120607376,0.7265625,0.6740504503250122,False,1.121012806892395
train-021284-2eb9e31042c7173f,12,6,train,3366971855415482175,pointer,V,T,T,True,Y,False,False,0.001444249995984137,8.5625,-12.0,8.5625,0.015066819452481365,1,T D F,T,True,True,0.07911413162946701,0.87890625,0.7065955400466919,False,1.226203203201294
train-021284-2eb9e31042c7173f,12,7,train,3366971855415482175,pointer,V,Y,Y,True,Y,True,False,0.0037973453290760517,7.5,7.5,7.5,0.036160543780974864,1,Y E A,Y,True,True,0.007138698827475309,1.0703125,0.7446563243865967,False,1.365144968032837
train-021284-2eb9e31042c7173f,12,8,train,3366971855415482175,pointer,V,S,S,True,Y,False,False,0.0072049787268042564,6.4375,-9.96875,6.4375,0.0629865968678979,1,S T U,T,False,False,1.3693881034851074,1.140625,0.7577943801879883,False,1.4179682731628418
train-021284-2eb9e31042c7173f,12,9,train,3366971855415482175,pointer,V,U,U,True,Y,False,False,0.010767574422061443,5.75,-9.15625,5.75,0.08517158262529873,1,U L V,U,True,True,0.423692911863327,1.171875,0.7634837031364441,False,1.4417383670806885
train-021284-2eb9e31042c7173f,12,10,train,3366971855415482175,pointer,V,V,V,True,Y,False,False,0.004691189620643854,7.625,-9.1875,7.625,0.04360089346770404,1,V F E,V,True,True,0.08827273547649384,1.265625,0.7799928784370422,False,1.514095425605774
train-021284-2eb9e31042c7173f,12,11,train,3366971855415482175,pointer,V,T,T,True,Y,False,False,0.0014922209084033966,8.5,-12.03125,8.5,0.015504728455616835,1,T D F,T,True,True,0.07458046823740005,1.234375,0.7745833992958069,False,1.489804983139038
train-021284-2eb9e31042c7173f,12,12,train,3366971855415482175,pointer,V,Y,Y,True,Y,True,False,0.00403281394392252,7.4375,7.4375,7.4375,0.03814937670858044,1,Y E A,Y,True,True,0.0073556313291192055,1.3046875,0.7866228222846985,True,0.24000640213489532
train-015642-d231c1cbe0efdf6b,1,1,train,15146100103220027243,pointer,M,E,E,True,E,True,False,2.8371408916427754e-05,12.0625,12.0625,12.0625,0.00038574359820155,1,E C A,E,True,True,4.768360213347478e-06,-0.006591796875,0.4983520209789276,True,0.6964485049247742
train-015642-d231c1cbe0efdf6b,1,2,train,15146100103220027243,pointer,M,D,,,E,False,True,,,-9.875,9.875,0.0008428568099124096,,D E C,D,,True,,-0.1015625,0.474631130695343,,
train-015642-d231c1cbe0efdf6b,1,3,train,15146100103220027243,pointer,M,S,,,E,False,True,,,-12.9375,9.0,0.004047317393242423,,S R T,S,,True,,0.1240234375,0.5309661626815796,,
train-015642-d231c1cbe0efdf6b,1,4,train,15146100103220027243,pointer,M,K,,,E,False,True,,,-10.46875,7.6875,0.02554031438916532,,K N C,K,,True,,0.33203125,0.5822535157203674,,
train-015642-d231c1cbe0efdf6b,1,5,train,15146100103220027243,pointer,M,I,,,E,False,True,,,-9.75,7.53125,0.048431553179228974,,I N S,I,,True,,0.59765625,0.6451199054718018,,
train-015642-d231c1cbe0efdf6b,1,6,train,15146100103220027243,pointer,M,W,,,E,False,True,,,-8.0,5.125,0.14916791674730304,,W Y D,W,,True,,0.8046875,0.6909762620925903,,
train-015642-d231c1cbe0efdf6b,1,7,train,15146100103220027243,pointer,M,T,,,E,False,True,,,-9.5,6.8125,0.059275357682623694,,T P S,T,,True,,0.98828125,0.7287483215332031,,
train-015642-d231c1cbe0efdf6b,1,8,train,15146100103220027243,pointer,M,B,,,E,False,True,,,-10.25,7.8125,0.01836015468305162,,B C A,B,,True,,1.0859375,0.7476159334182739,,
train-015642-d231c1cbe0efdf6b,1,9,train,15146100103220027243,pointer,M,V,,,E,False,True,,,-9.125,7.0625,0.05196819524486426,,V Y P,V,,True,,1.2578125,0.7786493301391602,,
train-015642-d231c1cbe0efdf6b,1,10,train,15146100103220027243,pointer,M,J,,,E,False,True,,,-6.6875,5.6875,0.2146923892763596,,J A U,J,,True,,1.1484375,0.7592254281044006,,
train-015642-d231c1cbe0efdf6b,1,11,train,15146100103220027243,pointer,M,X,,,E,False,True,,,-7.9375,7.1875,0.04392556670603816,,X A I,X,,True,,1.1171875,0.7534666657447815,,
train-015642-d231c1cbe0efdf6b,1,12,train,15146100103220027243,pointer,M,N,,,E,False,True,,,-10.21875,6.875,0.05137737368177618,,N K M,N,,True,,1.0,0.7310585975646973,,
train-028585-3f6604f1450c38de,2,1,train,4568344306306005214,pointer,T,R,R,True,K,False,False,2.777537883957848e-05,10.6875,-16.1875,10.6875,0.0003437113143190201,1,R T C,R,True,True,2.50339189733495e-06,-0.298828125,0.4258439540863037,False,0.5548540949821472
train-028585-3f6604f1450c38de,2,2,train,4568344306306005214,pointer,T,K,K,True,K,True,False,1.6689286894688848e-06,14.375,14.375,14.375,2.6148559206506714e-05,1,K R T,K,True,True,7.867782187531702e-06,-0.27734375,0.4311051070690155,True,0.8414033651351929
train-028585-3f6604f1450c38de,2,3,train,4568344306306005214,pointer,T,Z,,,K,False,True,,,-11.25,10.0,0.0033261443883302565,,Z D X,Z,,True,,0.01141357421875,0.5028533935546875,,
train-028585-3f6604f1450c38de,2,4,train,4568344306306005214,pointer,T,N,,,K,False,True,,,-10.5,9.6875,0.00486177234129903,,N O M,N,,True,,0.3203125,0.5794004201889038,,
train-028585-3f6604f1450c38de,2,5,train,4568344306306005214,pointer,T,G,,,K,False,True,,,-8.625,8.5,0.013719277125037373,,G C K,G,,True,,0.6015625,0.6460136771202087,,
train-028585-3f6604f1450c38de,2,6,train,4568344306306005214,pointer,T,B,,,K,False,True,,,-8.875,8.25,0.01610401698096637,,B C L,B,,True,,0.7890625,0.6876299977302551,,
train-028585-3f6604f1450c38de,2,7,train,4568344306306005214,pointer,T,F,,,K,False,True,,,-9.5625,7.875,0.01766036543401822,,F G C,F,,True,,0.9375,0.7185943722724915,,
train-028585-3f6604f1450c38de,2,8,train,4568344306306005214,pointer,T,V,,,K,False,True,,,-7.25,7.25,0.05213182922100968,,V K F,V,,True,,1.1640625,0.7620701193809509,,
train-028585-3f6604f1450c38de,2,9,train,4568344306306005214,pointer,T,A,,,K,False,True,,,-8.6875,6.375,0.07109883219487709,,A F D,A,,True,,1.1328125,0.7563575506210327,,
train-028585-3f6604f1450c38de,2,10,train,4568344306306005214,pointer,T,M,,,K,False,True,,,-8.3125,6.625,0.06460187105797725,,M S I,M,,True,,1.078125,0.7461389899253845,,
train-028585-3f6604f1450c38de,2,11,train,4568344306306005214,pointer,T,X,,,K,False,True,,,-9.125,7.25,0.03403363682914353,,X A Y,X,,True,,1.09375,0.7490872144699097,,
train-028585-3f6604f1450c38de,2,12,train,4568344306306005214,pointer,T,I,,,K,False,True,,,-9.4375,8.1875,0.01796207476347919,,I J N,I,,True,,1.125,0.7549149990081787,,
train-002378-c2ee5efb159808df,3,1,train,14046268720307243231,pointer,J,B,B,True,F,False,False,1.1920922133867862e-06,14.25,-18.5625,14.25,2.0545816759730392e-05,1,B C A,B,True,True,1.1444026313256472e-05,-0.458984375,0.38722676038742065,False,0.4897603988647461
train-002378-c2ee5efb159808df,3,2,train,14046268720307243231,pointer,J,Y,Y,True,F,False,False,2.264974000354414e-06,14.5625,-18.15625,14.5625,3.823487802130826e-05,1,Y K Z,Y,True,True,1.4781842764932662e-05,-0.37890625,0.4063906967639923,False,0.5215339660644531
train-002378-c2ee5efb159808df,3,3,train,14046268720307243231,pointer,J,F,F,True,F,True,False,0.00017009719158522785,9.5625,9.5625,9.5625,0.0020309370625640187,1,F S T,F,True,True,0.04917605593800545,0.06591796875,0.5164735317230225,True,0.6607312560081482
train-002378-c2ee5efb159808df,3,4,train,14046268720307243231,pointer,J,Q,,,F,False,True,,,-14.21875,9.75,0.0025391643996998457,,Q P K,Q,,True,,0.353515625,0.5874698758125305,,
train-002378-c2ee5efb159808df,3,5,train,14046268720307243231,pointer,J,S,,,F,False,True,,,-8.875,8.375,0.016587114953494134,,S T F,S,,True,,0.66796875,0.6610482335090637,,
train-002378-c2ee5efb159808df,3,6,train,14046268720307243231,pointer,J,A,,,F,False,True,,,-5.4375,5.4375,0.17389535383313473,,A F K,A,,True,,0.7734375,0.6842640042304993,,
train-002378-c2ee5efb159808df,3,7,train,14046268720307243231,pointer,J,J,,,F,False,True,,,-9.40625,7.625,0.0361781830177826,,J K I,J,,True,,0.83984375,0.6984323263168335,,
train-002378-c2ee5efb159808df,3,8,train,14046268720307243231,pointer,J,B,,,F,False,True,,,-10.125,8.8125,0.008356327637003627,,B C A,B,,True,,0.87890625,0.7065955400466919,,
train-002378-c2ee5efb159808df,3,9,train,14046268720307243231,pointer,J,Y,,,F,False,True,,,-12.25,9.4375,0.005683910408076901,,Y A O,Y,,True,,0.953125,0.7217432260513306,,
train-002378-c2ee5efb159808df,3,10,train,14046268720307243231,pointer,J,F,,,F,True,True,,,7.0625,7.0625,0.023905736229929708,,F S T,F,,True,,1.0859375,0.7476159334182739,,
train-002378-c2ee5efb159808df,3,11,train,14046268720307243231,pointer,J,Q,,,F,False,True,,,-13.125,9.0625,0.0053357780330037805,,Q P K,Q,,True,,1.0859375,0.7476159334182739,,
train-002378-c2ee5efb159808df,3,12,train,14046268720307243231,pointer,J,S,,,F,False,True,,,-8.75,8.25,0.01929732552894709,,S T D,S,,True,,1.1640625,0.7620701193809509,,
train-016086-7de91ce81b5ccfe6,4,1,train,9072814707531632614,pointer,W,B,B,True,U,False,False,3.4570634852570947e-06,13.0625,-21.046875,13.0625,5.256419519625159e-05,1,B C A,B,True,True,9.536738616588991e-07,-0.53515625,0.36931508779525757,False,0.4609488844871521
train-016086-7de91ce81b5ccfe6,4,2,train,9072814707531632614,pointer,W,J,J,True,U,False,False,3.933898824470816e-06,13.6875,-14.8125,13.6875,6.323372226227892e-05,1,J B T,J,True,True,5.1020273531321436e-05,-0.482421875,0.38168036937713623,False,0.48074978590011597
train-016086-7de91ce81b5ccfe6,4,3,train,9072814707531632614,pointer,W,M,M,True,U,False,False,9.572047565598041e-05,11.25,-12.5,11.25,0.0012545828341645492,1,M F S,M,True,True,1.292006015777588,-0.033935546875,0.49151697754859924,False,0.6763233542442322
train-016086-7de91ce81b5ccfe6,4,4,train,9072814707531632614,pointer,W,U,U,True,U,True,False,0.0008877150830812752,7.5,7.5,7.5,0.008636098641452518,1,U A E,U,True,True,0.07410359382629395,0.310546875,0.5770187377929688,True,0.5498805046081543
train-016086-7de91ce81b5ccfe6,4,5,train,9072814707531632614,pointer,W,X,,,U,False,True,,,-9.875,9.0,0.0077968900805151405,,X S Y,X,,True,,0.609375,0.6477982401847839,,
train-016086-7de91ce81b5ccfe6,4,6,train,9072814707531632614,pointer,W,Y,,,U,False,True,,,-8.3125,8.0625,0.023457993397978858,,Y A K,Y,,True,,0.734375,0.6757646203041077,,
train-016086-7de91ce81b5ccfe6,4,7,train,9072814707531632614,pointer,W,N,,,U,False,True,,,-7.6875,6.75,0.07263880276514549,,N A K,N,,True,,0.77734375,0.6851073503494263,,
train-016086-7de91ce81b5ccfe6,4,8,train,9072814707531632614,pointer,W,O,,,U,False,True,,,-8.9375,7.3125,0.025490603791194732,,O A P,O,,True,,0.83984375,0.6984323263168335,,
train-016086-7de91ce81b5ccfe6,4,9,train,9072814707531632614,pointer,W,E,,,U,False,True,,,-9.78125,7.25,0.055347899746465735,,E D A,E,,True,,0.984375,0.7279754281044006,,
train-016086-7de91ce81b5ccfe6,4,10,train,9072814707531632614,pointer,W,S,,,U,False,True,,,-10.3125,8.25,0.014867149587640122,,S P R,S,,True,,1.046875,0.740174412727356,,
train-016086-7de91ce81b5ccfe6,4,11,train,9072814707531632614,pointer,W,P,,,U,False,True,,,-9.75,8.0625,0.022375700174298456,,P A L,P,,True,,1.0625,0.7431680560112,,
train-016086-7de91ce81b5ccfe6,4,12,train,9072814707531632614,pointer,W,Z,,,U,False,True,,,-8.125,7.5,0.029234252723956383,,Z A U,Z,,True,,1.015625,0.7341195344924927,,
train-019318-c12f5dafacec505e,5,1,train,13920447982327320670,pointer,V,P,P,True,X,False,False,3.3378546504536644e-06,13.8125,-19.0625,13.8125,5.446139571444412e-05,1,P C G,P,True,True,2.3841855067985307e-07,-0.55078125,0.3656831681728363,False,0.4552067518234253
train-019318-c12f5dafacec505e,5,2,train,13920447982327320670,pointer,V,B,B,True,X,False,False,2.861018856492592e-06,13.875,-18.0625,13.875,4.510753781569065e-05,1,B C R,B,True,True,2.729855441430118e-05,-0.498046875,0.37799978256225586,False,0.47481483221054077
train-019318-c12f5dafacec505e,5,3,train,13920447982327320670,pointer,V,D,D,True,X,False,False,0.00016389934171456844,9.75,-14.0,9.75,0.001990597205008827,1,D G E,D,True,True,0.12268739193677902,0.048828125,0.5122045874595642,False,0.7178592085838318
train-019318-c12f5dafacec505e,5,4,train,13920447982327320670,pointer,V,J,J,True,X,False,False,0.1312628835439682,2.6875,-5.6875,2.6875,0.6366189163753723,1,J D A,J,True,True,0.2563350200653076,0.22265625,0.5554351806640625,False,0.8106595873832703
train-019318-c12f5dafacec505e,5,5,train,13920447982327320670,pointer,V,X,X,True,X,True,False,0.005167817231267691,6.8125,6.8125,6.8125,0.04688863774781679,1,X A Y,X,True,True,0.0008289953111670911,0.478515625,0.6173973083496094,True,0.48224252462387085
train-019318-c12f5dafacec505e,5,6,train,13920447982327320670,pointer,V,T,,,X,False,True,,,-9.4375,7.25,0.045789423389743865,,T K A,T,,True,,0.6796875,0.6636689305305481,,
train-019318-c12f5dafacec505e,5,7,train,13920447982327320670,pointer,V,I,,,X,False,True,,,-8.75,6.0,0.1489888247805661,,I S M,I,,True,,0.859375,0.7025300860404968,,
train-019318-c12f5dafacec505e,5,8,train,13920447982327320670,pointer,V,L,,,X,False,True,,,-7.8125,7.8125,0.0453524783024967,,L X I,L,,True,,0.95703125,0.722527027130127,,
train-019318-c12f5dafacec505e,5,9,train,13920447982327320670,pointer,V,S,,,X,False,True,,,-10.1875,8.375,0.014250246872311184,,S A R,S,,True,,1.015625,0.7341195344924927,,
train-019318-c12f5dafacec505e,5,10,train,13920447982327320670,pointer,V,A,,,X,False,True,,,-9.75,7.625,0.031621843172402256,,A B G,A,,True,,1.0859375,0.7476159334182739,,
train-019318-c12f5dafacec505e,5,11,train,13920447982327320670,pointer,V,Y,,,X,False,True,,,-10.5625,7.6875,0.013461648195491676,,Y A I,Y,,True,,0.99609375,0.730289876461029,,
train-019318-c12f5dafacec505e,5,12,train,13920447982327320670,pointer,V,O,,,X,False,True,,,-10.84375,7.25,0.026630580054378964,,O P N,O,,True,,1.0078125,0.7325918078422546,,
train-010256-0193e5dec0fb9cba,6,1,train,113687160497609914,pointer,V,Q,Q,True,Z,False,False,1.811964830267243e-05,11.0,-21.765625,11.0,0.00022291797452803446,1,Q K R,Q,True,True,4.768370445162873e-07,-0.53125,0.37022536993026733,False,0.46239328384399414
train-010256-0193e5dec0fb9cba,6,2,train,113687160497609914,pointer,V,B,B,True,Z,False,False,1.2993727978027891e-05,12.1875,-18.71875,12.1875,0.00018493911365818276,1,B C A,B,True,True,1.7523612768854946e-05,-0.5078125,0.3757064640522003,False,0.47113466262817383
train-010256-0193e5dec0fb9cba,6,3,train,113687160497609914,pointer,V,F,F,True,Z,False,False,0.000228140561375767,10.4375,-12.375,10.4375,0.0028052437108591417,1,F C A,F,True,True,0.025027599185705185,-0.01214599609375,0.49696359038352966,False,0.6870926022529602
train-010256-0193e5dec0fb9cba,6,4,train,113687160497609914,pointer,V,K,K,True,Z,False,False,0.0008080316474661231,7.875,-12.0,7.875,0.008327528013008876,1,K F A,K,True,True,0.06477301567792892,0.2890625,0.5717666149139404,False,0.8480868935585022
train-010256-0193e5dec0fb9cba,6,5,train,113687160497609914,pointer,V,W,W,True,Z,False,False,0.003918827045708895,6.75,-9.0625,6.75,0.036018655451328166,1,W K L,W,True,True,0.12431761622428894,0.55078125,0.6343168616294861,False,1.0059880018234253
train-010256-0193e5dec0fb9cba,6,6,train,113687160497609914,pointer,V,Z,Z,True,Z,True,False,0.0014110381016507745,8.4375,8.4375,8.4375,0.014687755671614804,1,Z U V,Z,True,True,0.9335116147994995,0.765625,0.6825737357139587,True,0.38188475370407104
train-010256-0193e5dec0fb9cba,6,7,train,113687160497609914,pointer,V,O,,,Z,False,True,,,-11.53125,8.25,0.014924159237225777,,O A N,O,,True,,0.81640625,0.6934729218482971,,
train-010256-0193e5dec0fb9cba,6,8,train,113687160497609914,pointer,V,N,,,Z,False,True,,,-10.0,7.5,0.031200249052383017,,N M S,N,,True,,0.921875,0.7154240012168884,,
train-010256-0193e5dec0fb9cba,6,9,train,113687160497609914,pointer,V,G,,,Z,False,True,,,-10.40625,8.375,0.022237308698672593,,G L F,G,,True,,1.078125,0.7461389899253845,,
train-010256-0193e5dec0fb9cba,6,10,train,113687160497609914,pointer,V,A,,,Z,False,True,,,-10.25,6.875,0.04756448799346137,,A D L,A,,True,,1.0234375,0.735641598701477,,
train-010256-0193e5dec0fb9cba,6,11,train,113687160497609914,pointer,V,H,,,Z,False,True,,,-7.5625,2.6875,0.3102837605506509,,H K A,H,,True,,1.0234375,0.735641598701477,,
train-010256-0193e5dec0fb9cba,6,12,train,113687160497609914,pointer,V,S,,,Z,False,True,,,-10.46875,8.0625,0.02026146085075591,,S P T,S,,True,,1.0703125,0.7446563243865967,,
train-021156-e914cb09a14d891e,8,1,train,16795272152592779550,pointer,M,J,J,True,R,False,False,4.768370445162873e-07,16.3125,-17.59375,16.3125,7.285710405213187e-06,1,J U K,J,True,True,1.5497195136049413e-06,-0.5546875,0.3647775650024414,False,0.45378005504608154
train-021156-e914cb09a14d891e,8,2,train,16795272152592779550,pointer,M,T,T,True,R,False,False,2.3841855067985307e-07,16.46875,-17.6875,16.46875,5.664441801448078e-06,1,T M D,T,True,True,2.4199192921514623e-05,-0.515625,0.37387579679489136,False,0.468206524848938
train-021156-e914cb09a14d891e,8,3,train,16795272152592779550,pointer,M,G,G,True,R,False,False,0.00015496007108595222,10.4375,-11.75,10.4375,0.001945708080554247,1,G M F,G,True,True,0.009500647895038128,-0.028564453125,0.4928593337535858,False,0.6789669394493103
train-021156-e914cb09a14d891e,8,4,train,16795272152592779550,pointer,M,S,S,True,R,False,False,0.0007226239540614188,9.125,-9.125,9.125,0.007987163851315664,1,S R D,S,True,True,0.0003543464408721775,0.43359375,0.6067315340042114,False,0.9332627058029175
train-021156-e914cb09a14d891e,8,5,train,16795272152592779550,pointer,M,D,D,True,R,False,False,0.0015612567076459527,7.4375,-10.0625,7.4375,0.015285472910017186,1,D E L,D,True,True,0.05915578082203865,0.7578125,0.6808785796165466,False,1.142183780670166
train-021156-e914cb09a14d891e,8,6,train,16795272152592779550,pointer,M,E,E,True,R,False,False,0.0030171608086675406,7.25,-8.4375,7.25,0.02887746205259545,1,E A D,E,True,True,0.007535130251199007,0.84765625,0.7000752091407776,False,1.2042237520217896
train-021156-e914cb09a14d891e,8,7,train,16795272152592779550,pointer,M,W,W,True,R,False,False,0.0022744282614439726,8.4375,-8.6875,8.4375,0.02278629068307004,1,W A D,W,True,True,0.013561617583036423,0.95703125,0.722527027130127,False,1.282031774520874
train-021156-e914cb09a14d891e,8,8,train,16795272152592779550,pointer,M,R,R,True,R,True,False,0.0011156531982123852,8.6875,8.6875,8.6875,0.011840743387611015,1,R T C,R,True,True,0.20944349467754364,1.0703125,0.7446563243865967,True,0.2948324382305145
train-021156-e914cb09a14d891e,8,9,train,16795272152592779550,pointer,M,U,,,R,False,True,,,-9.75,9.4375,0.00895002689493717,,U D L,U,,True,,1.0703125,0.7446563243865967,,
train-021156-e914cb09a14d891e,8,10,train,16795272152592779550,pointer,M,A,,,R,False,True,,,-8.4375,6.875,0.05844707039597317,,A B H,A,,True,,1.171875,0.7634837031364441,,
train-021156-e914cb09a14d891e,8,11,train,16795272152592779550,pointer,M,H,,,R,False,True,,,-6.3125,4.1875,0.4661876515343137,,H K F,H,,True,,1.1328125,0.7563575506210327,,
train-021156-e914cb09a14d891e,8,12,train,16795272152592779550,pointer,M,C,,,R,False,True,,,-8.4375,7.1875,0.04311576626446112,,C D A,C,,True,,1.078125,0.7461389899253845,,
train-001303-fd214e8dbbeeda20,10,1,train,18239946336477567520,pointer,H,C,C,True,C,True,False,1.883488948806189e-05,11.75,11.75,11.75,0.00025806071008612234,1,C A D,C,True,True,3.576278118089249e-07,-0.35546875,0.41205689311027527,False,0.5311251282691956
train-001303-fd214e8dbbeeda20,10,2,train,18239946336477567520,pointer,H,Z,Z,True,C,False,False,0.0005495230434462428,8.5,-9.375,8.5,0.00579599415051357,1,Z X U,Z,True,True,1.764281842042692e-05,-0.30078125,0.42536652088165283,False,0.5540228486061096
train-001303-fd214e8dbbeeda20,10,3,train,18239946336477567520,pointer,H,R,R,True,C,False,False,0.00011729506513802335,10.9375,-10.9375,10.9375,0.001520312087024517,1,R C L,R,True,True,0.0479915514588356,0.08642578125,0.5215929746627808,False,0.7372934818267822
train-001303-fd214e8dbbeeda20,10,4,train,18239946336477567520,pointer,H,C,C,True,C,True,False,0.018780391663312912,4.0625,4.0625,4.0625,0.10323628717968167,1,C Z D,C,True,True,0.004513315390795469,0.43359375,0.6067315340042114,False,0.9332627058029175
train-001303-fd214e8dbbeeda20,10,5,train,18239946336477567520,pointer,H,Z,Z,True,C,False,False,0.00839963462203741,6.5625,-6.9375,6.5625,0.071643226081034,1,Z A X,Z,True,True,0.023807723075151443,0.73046875,0.6749081611633301,False,1.1236474514007568
train-001303-fd214e8dbbeeda20,10,6,train,18239946336477567520,pointer,H,R,R,True,C,False,False,0.0012887752382084727,8.9375,-9.0625,8.9375,0.013692114653114835,1,R K V,R,True,True,0.04222916066646576,0.9140625,0.7138307690620422,False,1.2511719465255737
train-001303-fd214e8dbbeeda20,10,7,train,18239946336477567520,pointer,H,C,C,True,C,True,False,0.02001389116048813,4.0625,4.0625,4.0625,0.11415158144128101,1,C Z D,C,True,True,0.0069884867407381535,1.0390625,0.7386690378189087,False,1.3419678211212158
train-001303-fd214e8dbbeeda20,10,8,train,18239946336477567520,pointer,H,Z,Z,True,C,False,False,0.009601248428225517,6.4375,-6.8125,6.4375,0.08067309402277247,1,Z A X,Z,True,True,0.023141199722886086,1.1484375,0.7592254281044006,False,1.4238940477371216
train-001303-fd214e8dbbeeda20,10,9,train,18239946336477567520,pointer,H,R,R,True,C,False,False,0.001447583083063364,8.8125,-8.9375,8.8125,0.015210324551424419,1,R K V,R,True,True,0.04792655631899834,1.1875,0.7662936449050903,False,1.4536898136138916
train-001303-fd214e8dbbeeda20,10,10,train,18239946336477567520,pointer,H,C,C,True,C,True,False,0.02006974257528782,4.0625,4.0625,4.0625,0.11464014535341906,1,C Z D,C,True,True,0.006549322512000799,1.21875,0.7718434929847717,True,0.25897347927093506
train-001303-fd214e8dbbeeda20,10,11,train,18239946336477567520,pointer,H,Z,,,C,False,True,,,-6.8125,6.5,0.07900092621278158,,Z A X,Z,,True,,1.2734375,0.7813306450843811,,
train-001303-fd214e8dbbeeda20,10,12,train,18239946336477567520,pointer,H,R,,,C,False,True,,,-9.0,8.8125,0.014929583839040443,,R K V,R,,True,,1.265625,0.7799928784370422,,
train-002996-f0560e0587b8eb9f,12,1,train,17318044834014489503,pointer,R,W,W,True,Z,False,False,3.4570634852570947e-06,13.0625,-16.84375,13.0625,5.123115495781974e-05,1,W V A,W,True,True,2.3841830625315197e-06,-0.470703125,0.38444983959198,False,0.48523885011672974
train-002996-f0560e0587b8eb9f,12,2,train,17318044834014489503,pointer,R,D,D,True,Z,False,False,1.2755313036905136e-05,11.875,-17.265625,11.875,0.00018029366121757726,1,D C A,D,True,True,0.00010978573118336499,-0.380859375,0.4059196412563324,False,0.5207406878471375
train-002996-f0560e0587b8eb9f,12,3,train,17318044834014489503,pointer,R,G,G,True,Z,False,False,0.00015937011630740017,10.5625,-12.53125,10.5625,0.0020153550127081253,1,G R V,G,True,True,0.008005556650459766,0.0322265625,0.5080559253692627,False,0.7093902826309204
train-002996-f0560e0587b8eb9f,12,4,train,17318044834014489503,pointer,R,Q,Q,True,Z,False,False,0.00010191874753218144,11.125,-13.40625,11.125,0.0013306688488680211,1,Q O P,Q,True,True,0.07833688706159592,0.37109375,0.5917232036590576,False,0.8958100080490112
train-002996-f0560e0587b8eb9f,12,5,train,17318044834014489503,pointer,R,C,C,True,Z,False,False,0.0008772339206188917,8.375,-12.28125,8.375,0.0094219802915432,1,C D S,C,True,True,0.007619485259056091,0.68359375,0.6645402908325195,False,1.0922534465789795
train-002996-f0560e0587b8eb9f,12,6,train,17318044834014489503,pointer,R,K,K,True,Z,False,False,0.0010162194957956672,8.75,-12.1875,8.75,0.010837440258617404,1,K L Q,K,True,True,0.04195336624979973,0.76953125,0.6834195256233215,False,1.1501777172088623
train-002996-f0560e0587b8eb9f,12,7,train,17318044834014489503,pointer,R,J,J,True,Z,False,False,0.004114140290766954,6.9375,-9.5,6.9375,0.03792356538027075,1,J K B,J,True,True,0.0004191712068859488,0.76171875,0.6817268133163452,False,1.1448451280593872
train-002996-f0560e0587b8eb9f,12,8,train,17318044834014489503,pointer,R,T,T,True,Z,False,False,0.0022306579630821943,8.0,-11.09375,8.0,0.02227543071275936,1,T S D,T,True,True,0.013154038228094578,0.8671875,0.7041601538658142,False,1.2179369926452637
train-002996-f0560e0587b8eb9f,12,9,train,17318044834014489503,pointer,R,O,O,True,Z,False,False,0.002016060519963503,7.9375,-10.09375,7.9375,0.02023109549146127,1,O A N,O,True,True,0.05133851617574692,0.84375,0.6992544531822205,False,1.2014906406402588
train-002996-f0560e0587b8eb9f,12,10,train,17318044834014489503,pointer,R,I,I,True,Z,False,False,0.008864101022481918,6.5,-9.09375,6.5,0.07584514912933472,1,I S N,I,True,True,0.0010802869219332933,0.953125,0.7217432260513306,False,1.2792108058929443
train-002996-f0560e0587b8eb9f,12,11,train,17318044834014489503,pointer,R,P,P,True,Z,False,False,0.0006512666586786509,9.5625,-12.84375,9.5625,0.007361369989559247,1,P A G,P,True,True,0.000402250443585217,0.93359375,0.7178038358688354,False,1.2651526927947998
train-002996-f0560e0587b8eb9f,12,12,train,17318044834014489503,pointer,R,Z,Z,True,Z,True,False,0.006434319075196981,6.8125,6.8125,6.8125,0.05703902457933972,1,Z U R,Z,True,True,0.019996481016278267,0.94921875,0.7209580540657043,True,0.3271743655204773
train-011475-e455092e4f2301cf,1,1,train,16453066908168815055,pointer,D,N,N,True,N,True,False,1.2636104656849056e-05,12.125,12.125,12.125,0.00017892983483096015,1,N Q M,N,True,True,1.0728830375228426e-06,0.007537841796875,0.5018844604492188,True,0.6893853545188904
train-011475-e455092e4f2301cf,1,2,train,16453066908168815055,pointer,D,G,,,N,False,True,,,-18.96875,14.5,2.5474566750957018e-05,,G C X,G,,True,,-0.2021484375,0.449634313583374,,
train-011475-e455092e4f2301cf,1,3,train,16453066908168815055,pointer,D,P,,,N,False,True,,,-11.0,8.9375,0.003961800701259702,,P M L,P,,True,,0.03271484375,0.5081779956817627,,
train-011475-e455092e4f2301cf,1,4,train,16453066908168815055,pointer,D,K,,,N,False,True,,,-10.4375,9.25,0.007067649217959916,,K U R,K,,True,,0.328125,0.581303060054779,,
train-011475-e455092e4f2301cf,1,5,train,16453066908168815055,pointer,D,Z,,,N,False,True,,,-9.75,8.5625,0.016824036611302867,,Z K Q,Z,,True,,0.578125,0.6406359076499939,,
train-011475-e455092e4f2301cf,1,6,train,16453066908168815055,pointer,D,W,,,N,False,True,,,-7.9375,7.0625,0.06563676680149974,,W U O,W,,True,,0.8359375,0.6976089477539062,,
train-011475-e455092e4f2301cf,1,7,train,16453066908168815055,pointer,D,M,,,N,False,True,,,-7.9375,7.625,0.027975794350571976,,M S N,M,,True,,0.9765625,0.7264255881309509,,
train-011475-e455092e4f2301cf,1,8,train,16453066908168815055,pointer,D,V,,,N,False,True,,,-10.0,5.25,0.0619181569192909,,V P L,V,,True,,1.1171875,0.7534666657447815,,
train-011475-e455092e4f2301cf,1,9,train,16453066908168815055,pointer,D,E,,,N,False,True,,,-9.4375,6.1875,0.04730098712495878,,E D F,E,,True,,1.1796875,0.7648916244506836,,
train-011475-e455092e4f2301cf,1,10,train,16453066908168815055,pointer,D,N,,,N,True,True,,,6.875,6.875,0.05366890922951609,,N M S,N,,True,,1.1484375,0.7592254281044006,,
train-011475-e455092e4f2301cf,1,11,train,16453066908168815055,pointer,D,G,,,N,False,True,,,-11.0,8.375,0.010210715728490244,,G F L,G,,True,,1.1484375,0.7592254281044006,,
train-011475-e455092e4f2301cf,1,12,train,16453066908168815055,pointer,D,P,,,N,False,True,,,-9.5625,8.1875,0.017353056914064385,,P M S,P,,True,,1.0546875,0.74167400598526,,
train-026488-25c07310c4572ad5,2,1,train,2720300690782497493,pointer,V,C,C,True,O,False,False,2.4199192921514623e-05,11.3125,-18.421875,11.3125,0.0003210319588186179,1,C A D,C,True,True,2.3841855067985307e-07,-0.17578125,0.4561674892902374,False,0.6091139912605286
train-026488-25c07310c4572ad5,2,2,train,2720300690782497493,pointer,V,O,O,True,O,True,False,1.6093124941107817e-05,12.0,12.0,12.0,0.00022882250293077222,1,O P D,O,True,True,0.00011169286881340668,-0.2255859375,0.44384145736694336,True,0.8122878670692444
train-026488-25c07310c4572ad5,2,3,train,2720300690782497493,pointer,V,W,,,O,False,True,,,-3.25,3.25,0.3281588092765531,,W O Z,W,,True,,0.125,0.531209409236908,,
train-026488-25c07310c4572ad5,2,4,train,2720300690782497493,pointer,V,K,,,O,False,True,,,-9.90625,7.375,0.024761886320591727,,K F T,K,,True,,0.439453125,0.6081287264823914,,
train-026488-25c07310c4572ad5,2,5,train,2720300690782497493,pointer,V,U,,,O,False,True,,,-9.09375,7.0,0.04240251940054035,,U A N,U,,True,,0.5859375,0.642432451248169,,
train-026488-25c07310c4572ad5,2,6,train,2720300690782497493,pointer,V,I,,,O,False,True,,,-7.96875,6.125,0.1265376067779847,,I U N,I,,True,,0.76953125,0.6834195256233215,,
train-026488-25c07310c4572ad5,2,7,train,2720300690782497493,pointer,V,X,,,O,False,True,,,-7.625,6.0,0.06875652534803375,,X Y Z,X,,True,,0.89453125,0.7098243832588196,,
train-026488-25c07310c4572ad5,2,8,train,2720300690782497493,pointer,V,Z,,,O,False,True,,,-8.46875,7.0,0.05818019810454565,,Z V U,Z,,True,,1.0859375,0.7476159334182739,,
train-026488-25c07310c4572ad5,2,9,train,2720300690782497493,pointer,V,R,,,O,False,True,,,-10.4375,8.75,0.008291316960403356,,R P Q,R,,True,,1.0703125,0.7446563243865967,,
train-026488-25c07310c4572ad5,2,10,train,2720300690782497493,pointer,V,F,,,O,False,True,,,-12.21875,8.6875,0.010145551270005286,,F T G,F,,True,,1.171875,0.7634837031364441,,
train-026488-25c07310c4572ad5,2,11,train,2720300690782497493,pointer,V,A,,,O,False,True,,,-9.96875,8.125,0.031907638857077536,,A B D,A,,True,,1.2578125,0.7786493301391602,,
train-026488-25c07310c4572ad5,2,12,train,2720300690782497493,pointer,V,H,,,O,False,True,,,-8.25,5.875,0.08366978496446587,,H F K,H,,True,,1.21875,0.7718434929847717,,
train-018632-67d576e62d08797d,3,1,train,7482017086916032893,pointer,Y,E,E,True,G,False,False,1.811964830267243e-05,12.3125,-12.3125,12.3125,0.0002563057007020912,1,E G A,E,True,True,8.940656698541716e-06,-0.31640625,0.42155182361602783,False,0.5474063158035278
train-018632-67d576e62d08797d,3,2,train,7482017086916032893,pointer,Y,D,D,True,G,False,False,3.957670196541585e-05,10.625,-14.5625,10.625,0.0004891228800393539,1,D E C,D,True,True,0.00017486473370809108,-0.291015625,0.4277552366256714,False,0.5581884980201721
train-018632-67d576e62d08797d,3,3,train,7482017086916032893,pointer,Y,G,G,True,G,True,False,9.214453893946484e-05,10.8125,10.8125,10.8125,0.00119591234557317,1,G M R,G,True,True,0.0023036866914480925,0.031005859375,0.5077508687973022,True,0.6777644157409668
train-018632-67d576e62d08797d,3,4,train,7482017086916032893,pointer,Y,M,,,G,False,True,,,-13.125,9.25,0.007187575627799027,,M S P,M,,True,,0.388671875,0.5959629416465759,,
train-018632-67d576e62d08797d,3,5,train,7482017086916032893,pointer,Y,R,,,G,False,True,,,-10.625,7.125,0.018102576711945092,,R T C,R,,True,,0.55859375,0.6361271142959595,,
train-018632-67d576e62d08797d,3,6,train,7482017086916032893,pointer,Y,L,,,G,False,True,,,-9.75,8.3125,0.0165951386668589,,L D C,L,,True,,0.76953125,0.6834195256233215,,
train-018632-67d576e62d08797d,3,7,train,7482017086916032893,pointer,Y,F,,,G,False,True,,,-8.5625,7.9375,0.012307721525743871,,F E G,F,,True,,0.9140625,0.7138307690620422,,
train-018632-67d576e62d08797d,3,8,train,7482017086916032893,pointer,Y,H,,,G,False,True,,,-8.125,4.9375,0.09515252402853937,,H L I,H,,True,,1.0390625,0.7386690378189087,,
train-018632-67d576e62d08797d,3,9,train,7482017086916032893,pointer,Y,I,,,G,False,True,,,-9.96875,6.75,0.043440070633910186,,I D E,I,,True,,1.078125,0.7461389899253845,,
train-018632-67d576e62d08797d,3,10,train,7482017086916032893,pointer,Y,X,,,G,False,True,,,-10.0625,8.25,0.021128440152196174,,X A S,X,,True,,1.1015625,0.7505527138710022,,
train-018632-67d576e62d08797d,3,11,train,7482017086916032893,pointer,Y,C,,,G,False,True,,,-10.34375,7.9375,0.015371041792130342,,C D A,C,,True,,1.0859375,0.7476159334182739,,
train-018632-67d576e62d08797d,3,12,train,7482017086916032893,pointer,Y,T,,,G,False,True,,,-10.34375,6.4375,0.03175942055423928,,T R S,T,,True,,1.03125,0.7371581792831421,,
train-032574-a1752cdb7c3395bf,4,1,train,11634254533574759871,pointer,Z,B,B,True,S,False,False,3.814689989667386e-06,12.875,-17.921875,12.875,5.767161715754544e-05,1,B C A,B,True,True,2.3841830625315197e-06,-0.5390625,0.36840569972991943,False,0.4595080614089966
train-032574-a1752cdb7c3395bf,4,2,train,11634254533574759871,pointer,Z,V,V,True,S,False,False,2.50339189733495e-06,14.0,-17.78125,14.0,3.9869716700333684e-05,1,V C Z,V,True,True,4.410734163684538e-06,-0.431640625,0.3937346339225769,False,0.5004374980926514
train-032574-a1752cdb7c3395bf,4,3,train,11634254533574759871,pointer,Z,H,H,True,S,False,False,0.00012039413559250534,10.9375,-13.375,10.9375,0.0015587932981513028,1,H X R,H,True,True,0.1740502268075943,-0.01080322265625,0.4972991943359375,False,0.6877601742744446
train-032574-a1752cdb7c3395bf,4,4,train,11634254533574759871,pointer,Z,S,S,True,S,True,False,0.003006464336067438,7.5,7.5,7.5,0.0288461019298221,1,S R T,S,True,True,0.006267653312534094,0.408203125,0.6006569266319275,True,0.5097313523292542
train-032574-a1752cdb7c3395bf,4,5,train,11634254533574759871,pointer,Z,D,,,S,False,True,,,-9.375,6.5,0.04405603413719428,,D B G,D,,True,,0.69921875,0.6680145263671875,,
train-032574-a1752cdb7c3395bf,4,6,train,11634254533574759871,pointer,Z,G,,,S,False,True,,,-7.8125,4.5625,0.13020475574460147,,G B R,G,,True,,0.85546875,0.7017130851745605,,
train-032574-a1752cdb7c3395bf,4,7,train,11634254533574759871,pointer,Z,B,,,S,False,True,,,-8.25,7.25,0.03860869713989289,,B C G,B,,True,,0.9921875,0.729519784450531,,
train-032574-a1752cdb7c3395bf,4,8,train,11634254533574759871,pointer,Z,V,,,S,False,True,,,-8.5625,7.25,0.04176311322611345,,V P F,V,,True,,1.203125,0.7690802216529846,,
train-032574-a1752cdb7c3395bf,4,9,train,11634254533574759871,pointer,Z,H,,,S,False,True,,,-10.0,7.6875,0.024732421522961,,H R A,H,,True,,1.203125,0.7690802216529846,,
train-032574-a1752cdb7c3395bf,4,10,train,11634254533574759871,pointer,Z,S,,,S,True,True,,,7.0625,7.0625,0.05059377631322256,,S T R,S,,True,,1.234375,0.7745833992958069,,
train-032574-a1752cdb7c3395bf,4,11,train,11634254533574759871,pointer,Z,D,,,S,False,True,,,-8.9375,6.375,0.053263430445561366,,D B G,D,,True,,1.25,0.7772998809814453,,
train-032574-a1752cdb7c3395bf,4,12,train,11634254533574759871,pointer,Z,G,,,S,False,True,,,-7.75,4.375,0.1425153077445665,,G B R,G,,True,,1.21875,0.7718434929847717,,
train-014071-5dc5b5981dba5e10,5,1,train,6757006480877706768,pointer,Y,S,S,True,Q,False,False,5.23315102327615e-05,10.9375,-14.796875,10.9375,0.0006662902862275733,1,S V U,S,True,True,9.417489309271332e-06,-0.41015625,0.3988746404647827,False,0.5089517831802368
train-014071-5dc5b5981dba5e10,5,2,train,6757006480877706768,pointer,Y,U,U,True,Q,False,False,1.1920922133867862e-06,14.4375,-21.421875,14.4375,2.0424062236386908e-05,1,U T V,U,True,True,1.1801649634435307e-05,-0.37890625,0.4063906967639923,False,0.5215339660644531
train-014071-5dc5b5981dba5e10,5,3,train,6757006480877706768,pointer,Y,G,G,True,Q,False,False,0.0006132629350759089,9.375,-12.0625,9.375,0.006880294099073845,1,G R C,G,True,True,0.0017459639348089695,0.010986328125,0.50274658203125,False,0.6986554265022278
train-014071-5dc5b5981dba5e10,5,4,train,6757006480877706768,pointer,Y,H,H,True,Q,False,False,0.0010120513616129756,8.8125,-10.90625,8.8125,0.01086007744460735,1,H I X,H,True,True,0.0015554246492683887,0.404296875,0.5997195839881897,False,0.9155899286270142
train-014071-5dc5b5981dba5e10,5,5,train,6757006480877706768,pointer,Y,Q,Q,True,Q,True,False,0.0016941969515755773,6.875,6.875,6.875,0.015319540221776746,1,Q P R,Q,True,True,0.003900540294125676,0.62890625,0.6522414088249207,True,0.4273405075073242
train-014071-5dc5b5981dba5e10,5,6,train,6757006480877706768,pointer,Y,R,,,Q,False,True,,,-9.25,8.4375,0.016464864992948275,,R D L,R,,True,,0.828125,0.6959583163261414,,
train-014071-5dc5b5981dba5e10,5,7,train,6757006480877706768,pointer,Y,D,,,Q,False,True,,,-11.1875,5.1875,0.051717575429558904,,D E C,D,,True,,1.015625,0.7341195344924927,,
train-014071-5dc5b5981dba5e10,5,8,train,6757006480877706768,pointer,Y,O,,,Q,False,True,,,-10.5,8.1875,0.010355752618008359,,O P A,O,,True,,0.98828125,0.7287483215332031,,
train-014071-5dc5b5981dba5e10,5,9,train,6757006480877706768,pointer,Y,L,,,Q,False,True,,,-7.875,6.25,0.09128495554580705,,L S D,L,,True,,1.078125,0.7461389899253845,,
train-014071-5dc5b5981dba5e10,5,10,train,6757006480877706768,pointer,Y,N,,,Q,False,True,,,-9.25,8.3125,0.019383324781507106,,N M S,N,,True,,1.0546875,0.74167400598526,,
train-014071-5dc5b5981dba5e10,5,11,train,6757006480877706768,pointer,Y,T,,,Q,False,True,,,-11.5625,9.0,0.011229382829108363,,T A N,T,,True,,1.0390625,0.7386690378189087,,
train-014071-5dc5b5981dba5e10,5,12,train,6757006480877706768,pointer,Y,K,,,Q,False,True,,,-9.875,7.9375,0.021083542778179944,,K A J,K,,True,,1.0390625,0.7386690378189087,,
train-018230-909d2eb973e88a60,6,1,train,10420536486853642848,pointer,C,O,O,True,B,False,False,3.814689989667386e-06,12.875,-16.4609375,12.875,5.732467921759683e-05,1,O A P,O,True,True,1.4305104514278355e-06,-0.50390625,0.37662312388420105,False,0.47260403633117676
train-018230-909d2eb973e88a60,6,2,train,10420536486853642848,pointer,C,T,T,True,B,False,False,1.4305104514278355e-06,15.09375,-17.34375,15.09375,2.6736788322893054e-05,1,T O A,T,True,True,1.2397689715726301e-05,-0.4609375,0.38676342368125916,False,0.4890044927597046
train-018230-909d2eb973e88a60,6,3,train,10420536486853642848,pointer,C,Z,Z,True,B,False,False,0.0005706112715415657,9.0625,-11.375,9.0625,0.0064207338107163635,1,Z X U,Z,True,True,0.17144893109798431,-0.1162109375,0.4709798991680145,False,0.6367288827896118
train-018230-909d2eb973e88a60,6,4,train,10420536486853642848,pointer,C,Y,Y,True,B,False,False,0.004582736175507307,7.0,-10.5,7.0,0.041355435889508144,1,Y U X,Y,True,True,0.15381932258605957,0.1943359375,0.5484316945075989,False,0.795028567314148
train-018230-909d2eb973e88a60,6,5,train,10420536486853642848,pointer,C,D,D,True,B,False,False,0.010838213376700878,5.9375,-7.25,5.9375,0.0885426048399387,1,D E S,D,True,True,0.00271547376178205,0.5234375,0.6279512047767639,False,0.9887303113937378
train-018230-909d2eb973e88a60,6,6,train,10420536486853642848,pointer,C,B,B,True,B,True,False,0.000992877990938723,8.4375,8.4375,8.4375,0.010625833473913885,1,B A C,B,True,True,0.0029628449119627476,0.671875,0.6619228720664978,True,0.41260623931884766
train-018230-909d2eb973e88a60,6,7,train,10420536486853642848,pointer,C,G,,,B,False,True,,,-11.0625,8.125,0.02776194711655989,,G M F,G,,True,,0.92578125,0.7162185907363892,,
train-018230-909d2eb973e88a60,6,8,train,10420536486853642848,pointer,C,H,,,B,False,True,,,-9.5,7.75,0.03975579635931459,,H O D,H,,True,,1.078125,0.7461389899253845,,
train-018230-909d2eb973e88a60,6,9,train,10420536486853642848,pointer,C,W,,,B,False,True,,,-10.0,9.0,0.010589298790510022,,W D A,W,,True,,1.109375,0.7520126104354858,,
train-018230-909d2eb973e88a60,6,10,train,10420536486853642848,pointer,C,J,,,B,False,True,,,-8.3125,7.5,0.04010897784708712,,J K D,J,,True,,1.1328125,0.7563575506210327,,
train-018230-909d2eb973e88a60,6,11,train,10420536486853642848,pointer,C,K,,,B,False,True,,,-9.9375,9.4375,0.009237595858261423,,K D F,K,,True,,1.0390625,0.7386690378189087,,
train-018230-909d2eb973e88a60,6,12,train,10420536486853642848,pointer,C,I,,,B,False,True,,,-8.71875,6.6875,0.06469302999989068,,I S N,I,,True,,1.0078125,0.7325918078422546,,
train-019860-bdb691eb438723a7,8,1,train,13670274158565991335,pointer,S,O,O,True,W,False,False,3.576272320060525e-06,13.359375,-18.9921875,13.359375,5.6777331249072844e-05,1,O A P,O,True,True,9.536738616588991e-07,-0.439453125,0.39187127351760864,False,0.4973686933517456
train-019860-bdb691eb438723a7,8,2,train,13670274158565991335,pointer,S,E,E,True,W,False,False,0.00011181206355104223,9.3125,-16.0625,9.3125,0.0012418896099592712,1,E O C,E,True,True,6.878139538457617e-05,-0.421875,0.39606815576553345,False,0.5042939186096191
train-019860-bdb691eb438723a7,8,3,train,13670274158565991335,pointer,S,K,K,True,W,False,False,0.00022301571152638644,9.8125,-12.59375,9.8125,0.0026821645346095375,1,K S Q,K,True,True,0.29061490297317505,-0.01153564453125,0.4971161186695099,False,0.6873959898948669
train-019860-bdb691eb438723a7,8,4,train,13670274158565991335,pointer,S,M,M,True,W,False,False,0.002598482882604003,7.9375,-10.34375,7.9375,0.025450216401917854,1,M N B,M,True,True,0.010835501365363598,0.39453125,0.5973730087280273,False,0.9097447991371155
train-019860-bdb691eb438723a7,8,5,train,13670274158565991335,pointer,S,B,B,True,W,False,False,0.0008889061282388866,8.625,-10.84375,8.625,0.009550748885100296,1,B C A,B,True,True,0.026282448321580887,0.62109375,0.6504672765731812,False,1.05115807056427
train-019860-bdb691eb438723a7,8,6,train,13670274158565991335,pointer,S,J,J,True,W,False,False,0.002359703416004777,7.5,-10.375,7.5,0.02305457419019417,1,J Q A,J,True,True,0.8108582496643066,0.73046875,0.6749081611633301,False,1.1236474514007568
train-019860-bdb691eb438723a7,8,7,train,13670274158565991335,pointer,S,Z,Z,True,W,False,False,0.008580365218222141,6.875,-9.0625,6.875,0.07351835754830846,1,Z F D,Z,True,True,0.0780758410692215,0.8203125,0.6943026781082153,False,1.1851598024368286
train-019860-bdb691eb438723a7,8,8,train,13670274158565991335,pointer,S,W,W,True,W,True,False,0.007523298729211092,5.9375,5.9375,5.9375,0.062184189989246616,1,W V Z,W,True,True,0.0036701480858027935,1.015625,0.7341195344924927,True,0.3090834319591522
train-019860-bdb691eb438723a7,8,9,train,13670274158565991335,pointer,S,V,,,W,False,True,,,-8.1875,6.4375,0.09393111164123015,,V Z P,V,,True,,1.2265625,0.7732163667678833,,
train-019860-bdb691eb438723a7,8,10,train,13670274158565991335,pointer,S,C,,,W,False,True,,,-9.75,6.25,0.060053718791428796,,C D R,C,,True,,1.3125,0.7879312038421631,,
train-019860-bdb691eb438723a7,8,11,train,13670274158565991335,pointer,S,U,,,W,False,True,,,-10.15625,7.5625,0.02713637360485347,,U D A,U,,True,,1.2109375,0.7704647779464722,,
train-019860-bdb691eb438723a7,8,12,train,13670274158565991335,pointer,S,T,,,W,False,True,,,-8.1875,7.625,0.03898957834536579,,T R S,T,,True,,1.1171875,0.7534666657447815,,
train-025720-61b231b44159fe6e,10,1,train,7039743817793797742,pointer,P,F,F,True,G,False,False,5.722029527532868e-06,12.75,-15.15625,12.75,8.505181609382572e-05,1,F T C,F,True,True,3.576278118089249e-07,-0.39453125,0.40262696146965027,False,0.5152135491371155
train-025720-61b231b44159fe6e,10,2,train,7039743817793797742,pointer,P,D,D,True,G,False,False,1.585470999998506e-05,11.875,-16.21875,11.875,0.00022234211676373417,1,D C F,D,True,True,0.00015615197480656207,-0.365234375,0.40969306230545044,False,0.527112603187561
train-025720-61b231b44159fe6e,10,3,train,7039743817793797742,pointer,P,X,X,True,G,False,False,0.00019631843315437436,10.125,-14.75,10.125,0.002410595456504584,1,X A U,X,True,True,0.06608624011278152,-0.13671875,0.46587347984313965,False,0.6271225214004517
train-025720-61b231b44159fe6e,10,4,train,7039743817793797742,pointer,P,G,G,True,G,True,False,0.0008369756978936493,8.5,8.5,8.5,0.009043495714464897,1,G E F,G,True,True,0.0019980960059911013,0.2265625,0.5563995838165283,False,0.8128311038017273
train-025720-61b231b44159fe6e,10,5,train,7039743817793797742,pointer,P,E,E,True,G,False,False,0.004553900565952063,6.4375,-9.9375,6.4375,0.03940900334754208,1,E D P,E,True,True,0.1474476456642151,0.421875,0.6039317846298218,False,0.9261689186096191
train-025720-61b231b44159fe6e,10,6,train,7039743817793797742,pointer,P,P,P,True,G,False,False,0.00021324267436284572,9.875,-11.96875,9.875,0.002575247199463251,1,P S T,P,True,True,0.01035165786743164,0.5625,0.6370307803153992,False,1.013437271118164
train-025720-61b231b44159fe6e,10,7,train,7039743817793797742,pointer,P,F,F,True,G,False,False,0.0010681406129151583,8.375,-9.375,8.375,0.011219096970738314,1,F D C,F,True,True,0.0047140889801084995,0.796875,0.6893056035041809,False,1.168945550918579
train-025720-61b231b44159fe6e,10,8,train,7039743817793797742,pointer,P,D,D,True,G,False,False,0.0021289559081196785,7.9375,-9.625,7.9375,0.021038215758242277,1,D P A,D,True,True,0.022145362570881844,0.8828125,0.7074047327041626,False,1.2289648056030273
train-025720-61b231b44159fe6e,10,9,train,7039743817793797742,pointer,P,X,X,True,G,False,False,0.004077811259776354,7.1875,-10.9375,7.1875,0.03814223085227219,1,X A U,X,True,True,0.09085094928741455,0.89453125,0.7098243832588196,False,1.2372689247131348
train-025720-61b231b44159fe6e,10,10,train,7039743817793797742,pointer,P,G,G,True,G,True,False,0.0014097285456955433,8.0,8.0,8.0,0.014523884393169074,1,G E F,G,True,True,0.0022812075912952423,0.953125,0.7217432260513306,True,0.3260858654975891
train-025720-61b231b44159fe6e,10,11,train,7039743817793797742,pointer,P,E,,,G,False,True,,,-9.9375,6.375,0.040985789068176126,,E D P,E,,True,,0.92578125,0.7162185907363892,,
train-025720-61b231b44159fe6e,10,12,train,7039743817793797742,pointer,P,P,,,G,False,True,,,-11.96875,9.875,0.0025615225225134545,,P S T,P,,True,,0.90234375,0.7114308476448059,,
train-030608-c1f077d0bf70e845,12,1,train,13974801382179399749,pointer,C,E,E,True,W,False,False,2.0861407392658293e-05,11.625,-18.20703125,11.625,0.00028545550810765523,1,E G C,E,True,True,1.597391747054644e-05,-0.3515625,0.4130035638809204,False,0.5327365398406982
train-030608-c1f077d0bf70e845,12,2,train,13974801382179399749,pointer,C,X,X,True,W,False,False,2.145764938177308e-06,14.125,-19.8125,14.125,3.735465905364735e-05,1,X C J,X,True,True,3.862306402879767e-05,-0.33984375,0.41584745049476624,False,0.5375931262969971
train-030608-c1f077d0bf70e845,12,3,train,13974801382179399749,pointer,C,I,I,True,W,False,False,6.639736966462806e-05,11.0625,-14.125,11.0625,0.0008841473892591756,1,I N O,I,True,True,0.02512327767908573,-0.0732421875,0.48169761896133423,False,0.6571964621543884
train-030608-c1f077d0bf70e845,12,4,train,13974801382179399749,pointer,C,J,J,True,W,False,False,0.003876553615555167,7.6875,-10.0,7.6875,0.03699911203791922,1,J U X,J,True,True,0.034441474825143814,0.25,0.562176525592804,False,0.825939416885376
train-030608-c1f077d0bf70e845,12,5,train,13974801382179399749,pointer,C,V,V,True,W,False,False,0.015281030908226967,5.5,-9.71875,5.5,0.11843856900821607,1,V F O,V,True,True,0.02762768790125847,0.5625,0.6370307803153992,False,1.013437271118164
train-030608-c1f077d0bf70e845,12,6,train,13974801382179399749,pointer,C,U,U,True,W,False,False,0.0024534144904464483,7.625,-10.0,7.625,0.023677627278824817,1,U A I,U,True,True,0.00291482568718493,0.765625,0.6825737357139587,False,1.1475098133087158
train-030608-c1f077d0bf70e845,12,7,train,13974801382179399749,pointer,C,W,W,True,W,True,False,0.0035611088387668133,8.0,8.0,8.0,0.03442838639654602,1,W J A,W,True,True,0.005327077116817236,0.90625,0.7122321724891663,False,1.2456012964248657
train-030608-c1f077d0bf70e845,12,8,train,13974801382179399749,pointer,C,I,I,True,W,False,False,0.007082238793373108,6.75,-8.96875,6.75,0.06286281692535955,1,I P S,I,True,True,0.09962482005357742,1.1015625,0.7505527138710022,False,1.3885078430175781
train-030608-c1f077d0bf70e845,12,9,train,13974801382179399749,pointer,C,J,J,True,W,False,False,0.013030143454670906,5.6875,-9.0,5.6875,0.10448174613121393,1,J X O,J,True,True,0.8034665584564209,1.140625,0.7577943801879883,False,1.4179682731628418
train-030608-c1f077d0bf70e845,12,10,train,13974801382179399749,pointer,C,V,V,True,W,False,False,0.016767872497439384,5.4375,-9.75,5.4375,0.12827006607817248,1,V F O,V,True,True,0.028848011046648026,1.15625,0.7606506943702698,False,1.4298310279846191
train-030608-c1f077d0bf70e845,12,11,train,13974801382179399749,pointer,C,U,U,True,W,False,False,0.0025484247598797083,7.6875,-9.9375,7.6875,0.02456249104914775,1,U A I,U,True,True,0.0029229081701487303,1.1640625,0.7620701193809509,False,1.4357792139053345
train-030608-c1f077d0bf70e845,12,12,train,13974801382179399749,pointer,C,W,W,True,W,True,False,0.003951243124902248,7.9375,7.9375,7.9375,0.03780482565016096,1,W J A,W,True,True,0.005305377766489983,1.171875,0.7634837031364441,True,0.26986342668533325
train-009711-ec4ff622dab94905,1,1,train,17028099345670031621,pointer,B,S,S,True,S,True,False,5.245195097813848e-06,13.53125,13.53125,13.53125,8.404980558939396e-05,1,S V R,S,True,True,2.622600959512056e-06,-0.0006866455078125,0.4998283386230469,True,0.6934905648231506
train-009711-ec4ff622dab94905,1,2,train,17028099345670031621,pointer,B,C,,,S,False,True,,,-13.75,13.3125,0.00016319657368526515,,C F D,C,,True,,-0.0966796875,0.47584885358810425,,
train-009711-ec4ff622dab94905,1,3,train,17028099345670031621,pointer,B,K,,,S,False,True,,,-12.8125,10.40625,0.0031412010741972687,,K R Q,K,,True,,0.1572265625,0.5392258763313293,,
train-009711-ec4ff622dab94905,1,4,train,17028099345670031621,pointer,B,X,,,S,False,True,,,-8.9375,6.125,0.04696998485743838,,X A K,X,,True,,0.271484375,0.5674572587013245,,
train-009711-ec4ff622dab94905,1,5,train,17028099345670031621,pointer,B,I,,,S,False,True,,,-8.75,8.1875,0.018654529629393048,,I O N,I,,True,,0.5234375,0.6279512047767639,,
train-009711-ec4ff622dab94905,1,6,train,17028099345670031621,pointer,B,F,,,S,False,True,,,-9.25,8.1875,0.02514869296180478,,F C G,F,,True,,0.75390625,0.6800292134284973,,
train-009711-ec4ff622dab94905,1,7,train,17028099345670031621,pointer,B,U,,,S,False,True,,,-8.8125,5.9375,0.08693847816906586,,U A V,U,,True,,0.79296875,0.6884684562683105,,
train-009711-ec4ff622dab94905,1,8,train,17028099345670031621,pointer,B,Z,,,S,False,True,,,-7.5625,6.875,0.06970000488313742,,Z X T,Z,,True,,0.9609375,0.7233095169067383,,
train-009711-ec4ff622dab94905,1,9,train,17028099345670031621,pointer,B,H,,,S,False,True,,,-9.375,8.125,0.02637586441509819,,H P K,H,,True,,1.09375,0.7490872144699097,,
train-009711-ec4ff622dab94905,1,10,train,17028099345670031621,pointer,B,Y,,,S,False,True,,,-9.625,7.625,0.02321566721936321,,Y A E,Y,,True,,1.1015625,0.7505527138710022,,
train-009711-ec4ff622dab94905,1,11,train,17028099345670031621,pointer,B,G,,,S,False,True,,,-7.75,6.25,0.09221833133772676,,G W I,G,,True,,1.140625,0.7577943801879883,,
train-009711-ec4ff622dab94905,1,12,train,17028099345670031621,pointer,B,V,,,S,False,True,,,-7.375,6.4375,0.057823683748705265,,V F E,V,,True,,1.2265625,0.7732163667678833,,
train-031816-da025afc549ac38f,2,1,train,15709218490019398543,pointer,Q,P,P,True,N,False,False,2.861018856492592e-06,14.3125,-18.734375,14.3125,4.764422782414556e-05,1,P C Q,P,True,True,3.576278118089249e-07,-0.3515625,0.4130035638809204,False,0.5327365398406982
train-031816-da025afc549ac38f,2,2,train,15709218490019398543,pointer,Q,N,N,True,N,True,False,2.264974000354414e-06,14.0,14.0,14.0,3.63230291423171e-05,1,N M O,N,True,True,1.168244216387393e-05,-0.3125,0.42250463366508484,True,0.8615548610687256
train-031816-da025afc549ac38f,2,3,train,15709218490019398543,pointer,Q,L,,,N,False,True,,,-10.75,10.0625,0.003995022315439062,,L D K,L,,True,,0.00604248046875,0.5015106201171875,,
train-031816-da025afc549ac38f,2,4,train,15709218490019398543,pointer,Q,S,,,N,False,True,,,-9.59375,8.4375,0.018151920606569425,,S T R,S,,True,,0.390625,0.596433162689209,,
train-031816-da025afc549ac38f,2,5,train,15709218490019398543,pointer,Q,K,,,N,False,True,,,-8.75,8.0,0.024497261310144507,,K R L,K,,True,,0.59765625,0.6451199054718018,,
train-031816-da025afc549ac38f,2,6,train,15709218490019398543,pointer,Q,U,,,N,False,True,,,-9.375,6.6875,0.028935196763561887,,U A Y,U,,True,,0.65234375,0.6575384140014648,,
train-031816-da025afc549ac38f,2,7,train,15709218490019398543,pointer,Q,X,,,N,False,True,,,-9.96875,8.125,0.017498160155297725,,X Q A,X,,True,,0.87109375,0.7049732804298401,,
train-031816-da025afc549ac38f,2,8,train,15709218490019398543,pointer,Q,R,,,N,False,True,,,-8.3125,8.0625,0.02144958858005999,,R K P,R,,True,,0.97265625,0.7256485819816589,,
train-031816-da025afc549ac38f,2,9,train,15709218490019398543,pointer,Q,F,,,N,False,True,,,-8.125,8.125,0.02177890732165876,,F N T,F,,True,,1.109375,0.7520126104354858,,
train-031816-da025afc549ac38f,2,10,train,15709218490019398543,pointer,Q,D,,,N,False,True,,,-9.8125,6.75,0.03863008073387979,,D E M,D,,True,,1.2265625,0.7732163667678833,,
train-031816-da025afc549ac38f,2,11,train,15709218490019398543,pointer,Q,H,,,N,False,True,,,-8.875,6.4375,0.07274132590498397,,H A L,H,,True,,1.2109375,0.7704647779464722,,
train-031816-da025afc549ac38f,2,12,train,15709218490019398543,pointer,Q,B,,,N,False,True,,,-11.5,8.4375,0.00708006705784423,,B C A,B,,True,,1.1328125,0.7563575506210327,,
train-028415-3026a5791fe89900,3,1,train,3469642502580508928,pointer,T,K,K,True,C,False,False,1.1920928244535389e-07,17.15625,-17.9375,17.15625,2.768256640259105e-06,1,K R B,K,True,True,7.152555099310121e-07,-0.388671875,0.4040370583534241,False,0.5175768136978149
train-028415-3026a5791fe89900,3,2,train,3469642502580508928,pointer,T,H,H,True,C,False,False,6.079655122448457e-06,14.0,-14.625,14.0,9.479380933321306e-05,1,H Y O,H,True,True,1.5139465176616795e-05,-0.380859375,0.4059196412563324,False,0.5207406878471375
train-028415-3026a5791fe89900,3,3,train,3469642502580508928,pointer,T,C,C,True,C,True,False,0.00012861855793744326,10.5625,10.5625,10.5625,0.0016230051117687829,1,C D B,C,True,True,0.06655657291412354,0.003936767578125,0.5009841918945312,True,0.6911807656288147
train-028415-3026a5791fe89900,3,4,train,3469642502580508928,pointer,T,W,,,C,False,True,,,-9.71875,7.375,0.024649092270017492,,W A B,W,,True,,0.33203125,0.5822535157203674,,
train-028415-3026a5791fe89900,3,5,train,3469642502580508928,pointer,T,E,,,C,False,True,,,-6.5,6.5,0.07263523813961573,,E C D,E,,True,,0.6875,0.665410578250885,,
train-028415-3026a5791fe89900,3,6,train,3469642502580508928,pointer,T,J,,,C,False,True,,,-9.0,7.5625,0.03399588254703571,,J I Z,J,,True,,0.73046875,0.6749081611633301,,
train-028415-3026a5791fe89900,3,7,train,3469642502580508928,pointer,T,L,,,C,False,True,,,-7.3125,7.125,0.059976586325431194,,L D C,L,,True,,0.87890625,0.7065955400466919,,
train-028415-3026a5791fe89900,3,8,train,3469642502580508928,pointer,T,O,,,C,False,True,,,-11.5625,8.6875,0.00701975458044904,,O N U,O,,True,,0.8203125,0.6943026781082153,,
train-028415-3026a5791fe89900,3,9,train,3469642502580508928,pointer,T,V,,,C,False,True,,,-8.0625,7.5,0.02762756577308683,,V F I,V,,True,,0.9921875,0.729519784450531,,
train-028415-3026a5791fe89900,3,10,train,3469642502580508928,pointer,T,X,,,C,False,True,,,-8.5,6.25,0.08989508200897244,,X U A,X,,True,,1.015625,0.7341195344924927,,
train-028415-3026a5791fe89900,3,11,train,3469642502580508928,pointer,T,Q,,,C,False,True,,,-10.0,7.4375,0.02955677321377702,,Q P K,Q,,True,,1.0390625,0.7386690378189087,,
train-028415-3026a5791fe89900,3,12,train,3469642502580508928,pointer,T,Z,,,C,False,True,,,-9.125,7.9375,0.031153031161610382,,Z K X,Z,,True,,1.0390625,0.7386690378189087,,
train-013062-80ac3cea47323079,4,1,train,9271852709763494009,pointer,Y,M,M,True,A,False,False,1.5020257706055418e-05,12.6875,-13.75,12.6875,0.00022043886005850826,1,M N O,M,True,True,1.1920922133867862e-06,-0.279296875,0.43062615394592285,False,0.5632180571556091
train-013062-80ac3cea47323079,4,2,train,9271852709763494009,pointer,Y,Z,Z,True,A,False,False,0.00017641419253777713,9.625,-12.9375,9.625,0.0020591795292688735,1,Z X Y,Z,True,True,2.2649508537142538e-05,-0.275390625,0.4315841495990753,False,0.5649020671844482
train-013062-80ac3cea47323079,4,3,train,9271852709763494009,pointer,Y,O,O,True,A,False,False,0.0018498466815799475,6.4375,-9.4375,6.4375,0.01485258684601193,1,O U A,O,True,True,0.0004021312633994967,0.006134033203125,0.5015335083007812,False,0.6962188482284546
train-013062-80ac3cea47323079,4,4,train,9271852709763494009,pointer,Y,C,A,False,A,False,False,7.009012699127197,-7.0,-7.0,5.625,0.07255218648164752,3,C D A,X,False,False,1.5454994440078735,0.349609375,0.5865228176116943,True,0.5335437059402466
train-013062-80ac3cea47323079,4,5,train,9271852709763494009,pointer,Y,V,,,A,False,True,,,-7.625,4.3125,0.14879572409044417,,V D L,V,,True,,0.71484375,0.671470582485199,,
train-013062-80ac3cea47323079,4,6,train,9271852709763494009,pointer,Y,X,,,A,False,True,,,-7.6875,6.5625,0.039573636721442644,,X U A,X,,True,,0.76171875,0.6817268133163452,,
train-013062-80ac3cea47323079,4,7,train,9271852709763494009,pointer,Y,B,,,A,False,True,,,-7.1875,6.1875,0.05349623340284042,,B S C,B,,True,,0.87109375,0.7049732804298401,,
train-013062-80ac3cea47323079,4,8,train,9271852709763494009,pointer,Y,E,,,A,False,True,,,-8.3125,7.25,0.042457209415838124,,E D G,E,,True,,1.03125,0.7371581792831421,,
train-013062-80ac3cea47323079,4,9,train,9271852709763494009,pointer,Y,L,,,A,False,True,,,-8.5,7.625,0.028506313668148837,,L R Q,L,,True,,1.15625,0.7606506943702698,,
train-013062-80ac3cea47323079,4,10,train,9271852709763494009,pointer,Y,R,,,A,False,True,,,-10.0,6.6875,0.026206830621492806,,R L D,R,,True,,1.2109375,0.7704647779464722,,
train-013062-80ac3cea47323079,4,11,train,9271852709763494009,pointer,Y,W,,,A,False,True,,,-8.1875,6.9375,0.03943042171916556,,W L S,W,,True,,1.234375,0.7745833992958069,,
train-013062-80ac3cea47323079,4,12,train,9271852709763494009,pointer,Y,K,,,A,False,True,,,-8.5,6.375,0.04767023664971821,,K T R,K,,True,,1.1875,0.7662936449050903,,
train-007672-91e9f28a20ed0a35,5,1,train,10514201480144947765,pointer,V,E,E,True,R,False,False,2.038458114839159e-05,12.15625,-14.875,12.15625,0.0002832869196951162,1,E F G,E,True,True,1.3470558769768104e-05,-0.408203125,0.3993430435657501,False,0.5097313523292542
train-007672-91e9f28a20ed0a35,5,2,train,10514201480144947765,pointer,V,L,L,True,R,False,False,3.2543604902457446e-05,11.1875,-15.03125,11.1875,0.000433188206490173,1,L I C,L,True,True,6.437280717364047e-06,-0.392578125,0.4030968248844147,False,0.5160003900527954
train-007672-91e9f28a20ed0a35,5,3,train,10514201480144947765,pointer,V,O,O,True,R,False,False,6.747018051100895e-05,10.8125,-13.5,10.8125,0.000881274791684051,1,O P U,O,True,True,0.00037317464011721313,-0.06494140625,0.48377037048339844,False,0.6612035632133484
train-007672-91e9f28a20ed0a35,5,4,train,10514201480144947765,pointer,V,W,W,True,R,False,False,0.010690678842365742,6.3125,-7.3125,6.3125,0.08931830394913548,1,W T Q,W,True,True,0.22592099010944366,0.326171875,0.5808276534080505,False,0.8694730997085571
train-007672-91e9f28a20ed0a35,5,5,train,10514201480144947765,pointer,V,R,R,True,R,True,False,0.002805347554385662,8.0,8.0,8.0,0.027343048159632285,1,R T N,R,True,True,0.03349418565630913,0.66796875,0.6610482335090637,True,0.4139285385608673
train-007672-91e9f28a20ed0a35,5,6,train,10514201480144947765,pointer,V,H,,,R,False,True,,,-9.5,7.1875,0.0380975859708564,,H D C,H,,True,,0.91796875,0.7146279811859131,,
train-007672-91e9f28a20ed0a35,5,7,train,10514201480144947765,pointer,V,D,,,R,False,True,,,-6.3125,6.3125,0.04725680757571628,,D R E,D,,True,,1.0078125,0.7325918078422546,,
train-007672-91e9f28a20ed0a35,5,8,train,10514201480144947765,pointer,V,J,,,R,False,True,,,-7.9375,6.5,0.08212546742863538,,J Y I,J,,True,,0.9140625,0.7138307690620422,,
train-007672-91e9f28a20ed0a35,5,9,train,10514201480144947765,pointer,V,F,,,R,False,True,,,-9.625,7.9375,0.022464801730624522,,F C T,F,,True,,0.99609375,0.730289876461029,,
train-007672-91e9f28a20ed0a35,5,10,train,10514201480144947765,pointer,V,Z,,,R,False,True,,,-8.8125,7.3125,0.039236276351331326,,Z Q U,Z,,True,,1.1171875,0.7534666657447815,,
train-007672-91e9f28a20ed0a35,5,11,train,10514201480144947765,pointer,V,N,,,R,False,True,,,-10.5625,5.875,0.02656495505005635,,N Q L,N,,True,,1.078125,0.7461389899253845,,
train-007672-91e9f28a20ed0a35,5,12,train,10514201480144947765,pointer,V,Q,,,R,False,True,,,-10.75,9.25,0.004116841269995796,,Q K A,Q,,True,,1.03125,0.7371581792831421,,
train-004010-e0a0c6ae1c61d00c,6,1,train,16186155511872344076,pointer,D,S,S,True,N,False,False,7.271740287251305e-06,12.9375,-18.509765625,12.9375,0.00010896673562993514,1,S V R,S,True,True,3.4570634852570947e-06,-0.42578125,0.3951341509819031,False,0.5027486681938171
train-004010-e0a0c6ae1c61d00c,6,2,train,16186155511872344076,pointer,D,E,E,True,N,False,False,8.821448318485636e-06,12.625,-16.625,12.625,0.00013084574735141866,1,E C D,E,True,True,0.00011097769311163574,-0.3984375,0.4016878008842468,False,0.5136426091194153
train-004010-e0a0c6ae1c61d00c,6,3,train,16186155511872344076,pointer,D,B,B,True,N,False,False,0.0002525725867599249,9.4375,-13.6875,9.4375,0.002909076773503803,1,B A C,B,True,True,0.035319749265909195,-0.044189453125,0.48895445466041565,False,0.6712965369224548
train-004010-e0a0c6ae1c61d00c,6,4,train,16186155511872344076,pointer,D,M,M,True,N,False,False,0.0022801372688263655,8.125,-8.125,8.125,0.022660644642345726,1,M N C,M,True,True,0.0025630502495914698,0.34765625,0.5860491394996643,False,0.8820079565048218
train-004010-e0a0c6ae1c61d00c,6,5,train,16186155511872344076,pointer,D,C,C,True,N,False,False,0.0015892268856987357,8.25,-10.125,8.25,0.016255416267787204,1,C A D,C,True,True,0.013940699398517609,0.65625,0.6584175229072571,False,1.0741660594940186
train-004010-e0a0c6ae1c61d00c,6,6,train,16186155511872344076,pointer,D,N,N,True,N,True,False,0.0023649362847208977,8.0,8.0,8.0,0.023344926413741793,1,N A K,N,True,True,0.025145482271909714,0.6796875,0.6636689305305481,True,0.40997180342674255
train-004010-e0a0c6ae1c61d00c,6,7,train,16186155511872344076,pointer,D,K,,,N,False,True,,,-7.375,7.375,0.030432244319241703,,K N D,K,,True,,0.78125,0.6859495043754578,,
train-004010-e0a0c6ae1c61d00c,6,8,train,16186155511872344076,pointer,D,H,,,N,False,True,,,-8.875,8.3125,0.026370610739630367,,H A O,H,,True,,0.9140625,0.7138307690620422,,
train-004010-e0a0c6ae1c61d00c,6,9,train,16186155511872344076,pointer,D,V,,,N,False,True,,,-9.28125,6.375,0.07479044505391079,,V L E,V,,True,,1.0546875,0.74167400598526,,
train-004010-e0a0c6ae1c61d00c,6,10,train,16186155511872344076,pointer,D,U,,,N,False,True,,,-9.3125,8.25,0.01510513585568048,,U A R,U,,True,,1.078125,0.7461389899253845,,
train-004010-e0a0c6ae1c61d00c,6,11,train,16186155511872344076,pointer,D,Y,,,N,False,True,,,-10.125,7.5625,0.02447347933145359,,Y U X,Y,,True,,1.0234375,0.735641598701477,,
train-004010-e0a0c6ae1c61d00c,6,12,train,16186155511872344076,pointer,D,A,,,N,False,True,,,-8.3125,6.875,0.058476973564366895,,A U G,A,,True,,1.1171875,0.7534666657447815,,
train-028239-adf422ec4d4ce5fa,8,1,train,12534682061183444474,pointer,S,V,V,True,T,False,False,1.1920928244535389e-07,16.6875,-20.84375,16.6875,2.205886338482816e-06,1,V Z U,V,True,True,1.5497195136049413e-06,-0.470703125,0.38444983959198,False,0.48523885011672974
train-028239-adf422ec4d4ce5fa,8,2,train,12534682061183444474,pointer,S,J,J,True,T,False,False,4.768370445162873e-07,15.9375,-15.9375,15.9375,9.576672187158985e-06,1,J T D,J,True,True,2.884823152271565e-05,-0.44140625,0.39140594005584717,False,0.4966038465499878
train-028239-adf422ec4d4ce5fa,8,3,train,12534682061183444474,pointer,S,Y,Y,True,T,False,False,0.0001510267611593008,10.5,-13.875,10.5,0.0018837370603507525,1,Y K R,Y,True,True,0.0008611546363681555,-0.10205078125,0.47450941801071167,False,0.6434230208396912
train-028239-adf422ec4d4ce5fa,8,4,train,12534682061183444474,pointer,S,I,I,True,T,False,False,0.001415918697603047,8.25,-9.75,8.25,0.014727157140952064,1,I C N,I,True,True,0.0332811214029789,0.28515625,0.5708099007606506,False,0.8458553552627563
train-028239-adf422ec4d4ce5fa,8,5,train,12534682061183444474,pointer,S,C,C,True,T,False,False,0.0008369756978936493,7.9375,-11.78125,7.9375,0.008537127275481008,1,C D B,C,True,True,0.0959356352686882,0.56640625,0.6379335522651672,False,1.0159274339675903
train-028239-adf422ec4d4ce5fa,8,6,train,12534682061183444474,pointer,S,B,B,True,T,False,False,0.0012269833823665977,7.9375,-10.5625,7.9375,0.012293058404312423,1,B A C,B,True,True,0.04675399512052536,0.7109375,0.6706082820892334,False,1.110507607460022
train-028239-adf422ec4d4ce5fa,8,7,train,12534682061183444474,pointer,S,K,K,True,T,False,False,0.0022716925013810396,8.0625,-9.09375,8.0625,0.022656346885626184,1,K R N,K,True,True,0.0004782725009135902,0.80078125,0.6901415586471558,False,1.1716398000717163
train-028239-adf422ec4d4ce5fa,8,8,train,12534682061183444474,pointer,S,T,T,True,T,True,False,0.0030519834253937006,7.9375,7.9375,7.9375,0.02960119830641763,1,T K D,T,True,True,0.0069665866903960705,0.890625,0.709019124507904,True,0.3438727557659149
train-028239-adf422ec4d4ce5fa,8,9,train,12534682061183444474,pointer,S,A,,,T,False,True,,,-10.125,6.6875,0.04999578084076032,,A F B,A,,True,,0.91015625,0.7130321860313416,,
train-028239-adf422ec4d4ce5fa,8,10,train,12534682061183444474,pointer,S,X,,,T,False,True,,,-9.0625,6.9375,0.04039861503955794,,X Y A,X,,True,,0.88671875,0.7082125544548035,,
train-028239-adf422ec4d4ce5fa,8,11,train,12534682061183444474,pointer,S,M,,,T,False,True,,,-9.9375,6.6875,0.028665111948533207,,M I N,M,,True,,0.94140625,0.7193835973739624,,
train-028239-adf422ec4d4ce5fa,8,12,train,12534682061183444474,pointer,S,R,,,T,False,True,,,-9.1875,8.5,0.01488608646795583,,R U A,R,,True,,1.0390625,0.7386690378189087,,
train-024028-87d3f9ab188b0397,10,1,train,9787440928452707223,pointer,N,V,V,True,M,False,False,2.3841855067985307e-07,16.15625,-19.9375,16.15625,4.879264441962156e-06,1,V Z W,V,True,True,9.536738616588991e-07,-0.3828125,0.4054487347602844,False,0.5199483633041382
train-024028-87d3f9ab188b0397,10,2,train,9787440928452707223,pointer,N,M,M,True,M,True,False,4.768258077092469e-05,10.4375,10.4375,10.4375,0.0006025442748577321,1,M T C,M,True,True,2.312633478140924e-05,-0.36328125,0.4101654887199402,False,0.5279132723808289
train-024028-87d3f9ab188b0397,10,3,train,9787440928452707223,pointer,N,T,T,True,M,False,False,0.0001616347290109843,9.5,-12.21875,9.5,0.0019239117095090725,1,T A R,T,True,True,0.016002554446458817,-0.01214599609375,0.49696359038352966,False,0.6870926022529602
train-024028-87d3f9ab188b0397,10,4,train,9787440928452707223,pointer,N,N,N,True,M,False,False,0.010462908074259758,6.1875,-6.6875,6.1875,0.08613551966974912,1,N F A,N,True,True,0.04220882058143616,0.259765625,0.564578652381897,False,0.8314411640167236
train-024028-87d3f9ab188b0397,10,5,train,9787440928452707223,pointer,N,V,V,True,M,False,False,0.0009394046501256526,9.0,-10.625,9.0,0.010226452230172867,1,V F Z,V,True,True,0.0018378286622464657,0.53515625,0.6306849718093872,False,0.9961051344871521
train-024028-87d3f9ab188b0397,10,6,train,9787440928452707223,pointer,N,M,M,True,M,True,False,0.00405976502224803,6.5,6.5,6.5,0.0359585832860733,1,M T N,M,True,True,0.27263346314430237,0.7421875,0.6774740219116211,False,1.1315715312957764
train-024028-87d3f9ab188b0397,10,7,train,9787440928452707223,pointer,N,T,T,True,M,False,False,0.0013011569390073419,7.625,-9.78125,7.625,0.01307290166606602,1,T A S,T,True,True,0.006922310683876276,0.89453125,0.7098243832588196,False,1.2372689247131348
train-024028-87d3f9ab188b0397,10,8,train,9787440928452707223,pointer,N,N,N,True,M,False,False,0.01225548330694437,5.9375,-6.5625,5.9375,0.0992411473220376,1,N F A,N,True,True,0.044801265001297,0.89453125,0.7098243832588196,False,1.2372689247131348
train-024028-87d3f9ab188b0397,10,9,train,9787440928452707223,pointer,N,V,V,True,M,False,False,0.0010180057724937797,8.9375,-10.5,8.9375,0.011017555570412526,1,V F Z,V,True,True,0.0020573418587446213,0.98046875,0.7272012233734131,False,1.299020767211914
train-024028-87d3f9ab188b0397,10,10,train,9787440928452707223,pointer,N,M,M,True,M,True,False,0.004785038530826569,6.375,6.375,6.375,0.04172437603955559,1,M T N,M,True,True,0.2561115324497223,1.0390625,0.7386690378189087,True,0.30290526151657104
train-024028-87d3f9ab188b0397,10,11,train,9787440928452707223,pointer,N,T,,,M,False,True,,,-9.875,7.75,0.011933895067267709,,T A S,T,,True,,1.09375,0.7490872144699097,,
train-024028-87d3f9ab188b0397,10,12,train,9787440928452707223,pointer,N,N,,,M,False,True,,,-6.5625,5.9375,0.0977663274297319,,N F A,N,,True,,1.0234375,0.735641598701477,,
train-021266-d3d042fb23253b94,12,1,train,15262772783552478100,pointer,B,A,A,True,A,True,False,7.152555099310121e-07,15.34375,15.34375,15.34375,1.3993453078323296e-05,1,A B O,A,True,True,9.059865078597795e-06,-0.390625,0.403566837310791,False,0.516788125038147
train-021266-d3d042fb23253b94,12,2,train,15262772783552478100,pointer,B,T,T,True,A,False,False,1.6689286894688848e-06,14.96875,-14.96875,14.96875,2.6838971691023027e-05,1,T A S,T,True,True,6.198863957251888e-06,-0.396484375,0.4021573066711426,False,0.5144276022911072
train-021266-d3d042fb23253b94,12,3,train,15262772783552478100,pointer,B,S,S,True,A,False,False,0.00015698630886618048,10.1875,-11.625,10.1875,0.001960818154305086,1,S R C,S,True,True,0.003081337781623006,0.0625,0.5156199336051941,False,0.7248854041099548
train-021266-d3d042fb23253b94,12,4,train,15262772783552478100,pointer,B,D,D,True,A,False,False,0.007391131483018398,5.5,-8.75,5.5,0.056642513804920386,1,D L E,D,True,True,0.03850367292761803,0.408203125,0.6006569266319275,False,0.9179344773292542
train-021266-d3d042fb23253b94,12,5,train,15262772783552478100,pointer,B,C,C,True,A,False,False,0.00346857076510787,7.8125,-7.8125,7.8125,0.033541905646513465,1,C A X,C,True,True,0.006674022413790226,0.69921875,0.6680145263671875,False,1.1026641130447388
train-021266-d3d042fb23253b94,12,6,train,15262772783552478100,pointer,B,G,G,True,A,False,False,0.0011510183103382587,8.5,-8.5,8.5,0.01210454837012411,1,G A L,G,True,True,0.3396807014942169,0.87890625,0.7065955400466919,False,1.226203203201294
train-021266-d3d042fb23253b94,12,7,train,15262772783552478100,pointer,B,M,M,True,A,False,False,0.001975491177290678,8.375,-8.75,8.375,0.019957013269110018,1,M C D,M,True,True,0.1937055140733719,0.94921875,0.7209580540657043,False,1.276393175125122
train-021266-d3d042fb23253b94,12,8,train,15262772783552478100,pointer,B,V,V,True,A,False,False,0.004361758939921856,7.0625,-8.3125,7.0625,0.04003747189106984,1,V F L,V,True,True,0.008770634420216084,1.0625,0.7431680560112,False,1.3593331575393677
train-021266-d3d042fb23253b94,12,9,train,15262772783552478100,pointer,B,Q,Q,True,A,False,False,9.870042413240299e-05,10.8125,-12.25,10.8125,0.0012830462594571026,1,Q O P,Q,True,True,0.5329978466033936,1.078125,0.7461389899253845,False,1.3709683418273926
train-021266-d3d042fb23253b94,12,10,train,15262772783552478100,pointer,B,E,E,True,A,False,False,0.0020271246321499348,7.625,-7.625,7.625,0.01991905237328442,1,E A D,E,True,True,0.012427041307091713,1.0546875,0.74167400598526,False,1.3535330295562744
train-021266-d3d042fb23253b94,12,11,train,15262772783552478100,pointer,B,B,B,True,A,False,False,0.0029087637085467577,7.0625,-7.0625,7.0625,0.027323421942692033,1,B A C,B,True,True,0.026606013998389244,1.0625,0.7431680560112,False,1.3593331575393677
train-021266-d3d042fb23253b94,12,12,train,15262772783552478100,pointer,B,A,A,True,A,True,False,0.002436052542179823,7.6875,7.6875,7.6875,0.023313131196235782,1,A E B,A,True,True,0.5066905617713928,1.1015625,0.7505527138710022,True,0.28694531321525574
train-030429-0536e84ed28563f3,1,1,train,375743044169065459,pointer,H,Q,Q,True,Q,True,False,4.410734163684538e-06,12.75,12.75,12.75,6.49926421887596e-05,1,Q K P,Q,True,True,9.536738616588991e-07,-0.13671875,0.46587347984313965,True,0.7638412714004517
train-030429-0536e84ed28563f3,1,2,train,375743044169065459,pointer,H,I,,,Q,False,True,,,-16.75,14.25,4.452683345423422e-05,,I S O,I,,True,,-0.189453125,0.4527778625488281,,
train-030429-0536e84ed28563f3,1,3,train,375743044169065459,pointer,H,G,,,Q,False,True,,,-12.375,9.8125,0.002698853453783751,,G W K,G,,True,,0.1513671875,0.5377696752548218,,
train-030429-0536e84ed28563f3,1,4,train,375743044169065459,pointer,H,W,,,Q,False,True,,,-12.875,9.5625,0.004325978979690938,,W V S,W,,True,,0.482421875,0.6183196306228638,,
train-030429-0536e84ed28563f3,1,5,train,375743044169065459,pointer,H,E,,,Q,False,True,,,-9.28125,7.375,0.026550678772323803,,E D C,E,,True,,0.796875,0.6893056035041809,,
train-030429-0536e84ed28563f3,1,6,train,375743044169065459,pointer,H,O,,,Q,False,True,,,-9.0625,8.125,0.025225630404315774,,O A P,O,,True,,0.8828125,0.7074047327041626,,
train-030429-0536e84ed28563f3,1,7,train,375743044169065459,pointer,H,J,,,Q,False,True,,,-8.25,6.625,0.03524069120517366,,J Z K,J,,True,,0.94140625,0.7193835973739624,,
train-030429-0536e84ed28563f3,1,8,train,375743044169065459,pointer,H,Z,,,Q,False,True,,,-7.5625,7.0625,0.055898626032042154,,Z X U,Z,,True,,1.078125,0.7461389899253845,,
train-030429-0536e84ed28563f3,1,9,train,375743044169065459,pointer,H,D,,,Q,False,True,,,-9.125,7.0,0.06781636923001537,,D E P,D,,True,,1.125,0.7549149990081787,,
train-030429-0536e84ed28563f3,1,10,train,375743044169065459,pointer,H,Y,,,Q,False,True,,,-11.75,9.375,0.005735608108922113,,Y A E,Y,,True,,1.0859375,0.7476159334182739,,
train-030429-0536e84ed28563f3,1,11,train,375743044169065459,pointer,H,B,,,Q,False,True,,,-10.1875,7.4375,0.023668693539889686,,B A C,B,,True,,1.0546875,0.74167400598526,,
train-030429-0536e84ed28563f3,1,12,train,375743044169065459,pointer,H,X,,,Q,False,True,,,-8.25,6.875,0.07520834004858641,,X Y A,X,,True,,1.1328125,0.7563575506210327,,
train-026632-d8895a6b8b0a9677,2,1,train,15603101801942521463,pointer,R,K,K,True,E,False,False,5.960462772236497e-07,15.5,-21.189453125,15.5,9.576642339525131e-06,1,K R J,K,True,True,1.4305104514278355e-06,-0.31640625,0.42155182361602783,False,0.5474063158035278
train-026632-d8895a6b8b0a9677,2,2,train,15603101801942521463,pointer,R,E,E,True,E,True,False,5.483612312673358e-06,13.1875,13.1875,13.1875,8.343255699309894e-05,1,E C D,E,True,True,1.4543427823809907e-05,-0.353515625,0.41253018379211426,True,0.8854459524154663
train-026632-d8895a6b8b0a9677,2,3,train,15603101801942521463,pointer,R,H,,,E,False,True,,,-15.359375,10.625,0.0026274564211084587,,H K X,H,,True,,0.016357421875,0.5040892958641052,,
train-026632-d8895a6b8b0a9677,2,4,train,15603101801942521463,pointer,R,K,,,E,False,True,,,-12.03125,9.25,0.003567206636048149,,K Q R,K,,True,,0.32421875,0.5803520083427429,,
train-026632-d8895a6b8b0a9677,2,5,train,15603101801942521463,pointer,R,E,,,E,True,True,,,8.5625,8.5625,0.006738580801728867,,E A D,E,,True,,0.490234375,0.6201616525650024,,
train-026632-d8895a6b8b0a9677,2,6,train,15603101801942521463,pointer,R,H,,,E,False,True,,,-12.3125,9.25,0.010643682258976413,,H K A,H,,True,,0.6953125,0.6671476364135742,,
train-026632-d8895a6b8b0a9677,2,7,train,15603101801942521463,pointer,R,K,,,E,False,True,,,-11.25,8.8125,0.005855583345920951,,K Q R,K,,True,,0.8203125,0.6943026781082153,,
train-026632-d8895a6b8b0a9677,2,8,train,15603101801942521463,pointer,R,E,,,E,True,True,,,8.5,8.5,0.00718647134387584,,E A D,E,,True,,0.82421875,0.6951311230659485,,
train-026632-d8895a6b8b0a9677,2,9,train,15603101801942521463,pointer,R,H,,,E,False,True,,,-12.25,9.1875,0.011151142348403018,,H K A,H,,True,,0.921875,0.7154240012168884,,
train-026632-d8895a6b8b0a9677,2,10,train,15603101801942521463,pointer,R,K,,,E,False,True,,,-11.1875,8.8125,0.005916377141508619,,K Q R,K,,True,,0.96875,0.7248703241348267,,
train-026632-d8895a6b8b0a9677,2,11,train,15603101801942521463,pointer,R,E,,,E,True,True,,,8.5,8.5,0.00712235217989658,,E A D,E,,True,,0.921875,0.7154240012168884,,
train-026632-d8895a6b8b0a9677,2,12,train,15603101801942521463,pointer,R,H,,,E,False,True,,,-12.21875,9.1875,0.011260377251280275,,H K A,H,,True,,0.984375,0.7279754281044006,,
train-024617-ae255de3918cedd9,3,1,train,12548539168718646745,pointer,E,J,J,True,U,False,False,1.5497195136049413e-06,15.0625,-16.40625,15.0625,2.4549703839385918e-05,1,J B A,J,True,True,5.960462772236497e-07,-0.42578125,0.3951341509819031,False,0.5027486681938171
train-024617-ae255de3918cedd9,3,2,train,12548539168718646745,pointer,E,D,D,True,U,False,False,2.13382354559144e-05,11.3125,-13.09375,11.3125,0.00028800562939987166,1,D C U,D,True,True,0.000730128725990653,-0.384765625,0.40497803688049316,False,0.5191568732261658
train-024617-ae255de3918cedd9,3,3,train,12548539168718646745,pointer,E,U,U,True,U,True,False,0.0006652049487456679,8.375,8.375,8.375,0.00711354160573058,1,U C Z,U,True,True,0.22552251815795898,-0.0224609375,0.4943850040435791,True,0.704440712928772
train-024617-ae255de3918cedd9,3,4,train,12548539168718646745,pointer,E,C,,,U,False,True,,,-9.3125,8.0625,0.021801725036944417,,C N A,C,,True,,0.3359375,0.5832033753395081,,
train-024617-ae255de3918cedd9,3,5,train,12548539168718646745,pointer,E,Q,,,U,False,True,,,-10.6875,6.5,0.021866824503276462,,Q A O,Q,,True,,0.625,0.6513549089431763,,
train-024617-ae255de3918cedd9,3,6,train,12548539168718646745,pointer,E,V,,,U,False,True,,,-9.34375,6.125,0.08837003651185399,,V E Z,V,,True,,0.85546875,0.7017130851745605,,
train-024617-ae255de3918cedd9,3,7,train,12548539168718646745,pointer,E,V,,,U,False,True,,,-9.875,7.25,0.04068299881457238,,V L D,V,,True,,1.078125,0.7461389899253845,,
train-024617-ae255de3918cedd9,3,8,train,12548539168718646745,pointer,E,V,,,U,False,True,,,-9.75,5.625,0.06085810478559567,,V F E,V,,True,,1.171875,0.7634837031364441,,
train-024617-ae255de3918cedd9,3,9,train,12548539168718646745,pointer,E,V,,,U,False,True,,,-9.6875,5.375,0.06490457664246024,,V F E,V,,True,,1.21875,0.7718434929847717,,
train-024617-ae255de3918cedd9,3,10,train,12548539168718646745,pointer,E,V,,,U,False,True,,,-9.6875,5.375,0.0636385520905872,,V F E,V,,True,,1.2421875,0.7759445905685425,,
train-024617-ae255de3918cedd9,3,11,train,12548539168718646745,pointer,E,V,,,U,False,True,,,-9.75,5.375,0.06179851389530313,,V F E,V,,True,,1.2578125,0.7786493301391602,,
train-024617-ae255de3918cedd9,3,12,train,12548539168718646745,pointer,E,V,,,U,False,True,,,-9.75,5.3125,0.06341215284856083,,V F E,V,,True,,1.2578125,0.7786493301391602,,
train-012801-7782f5cb5ee87a60,4,1,train,8611715691305269856,pointer,N,F,F,True,V,False,False,3.814689989667386e-06,13.1875,-20.390625,13.1875,5.938269966415073e-05,1,F T C,F,True,True,8.344646857949556e-07,-0.392578125,0.4030968248844147,False,0.5160003900527954
train-012801-7782f5cb5ee87a60,4,2,train,8611715691305269856,pointer,N,T,T,True,V,False,False,1.6689286894688848e-06,14.8125,-16.5625,14.8125,2.9408501849297653e-05,1,T F S,T,True,True,4.386805812828243e-05,-0.39453125,0.40262696146965027,False,0.5152135491371155
train-012801-7782f5cb5ee87a60,4,3,train,8611715691305269856,pointer,N,H,H,True,V,False,False,0.020938541740179062,3.875,-11.90625,3.875,0.10391338661075811,1,H K F,H,True,True,0.26121440529823303,0.0140380859375,0.5035094618797302,False,0.7001908421516418
train-012801-7782f5cb5ee87a60,4,4,train,8611715691305269856,pointer,N,V,V,True,V,True,False,0.0026915771886706352,7.5,7.5,7.5,0.02615380655564105,1,V F D,V,True,True,0.0005448763840831816,0.443359375,0.60905921459198,True,0.49583977460861206
train-012801-7782f5cb5ee87a60,4,5,train,8611715691305269856,pointer,N,N,,,V,False,True,,,-9.0,6.25,0.09404272944223344,,N Q L,N,,True,,0.5859375,0.642432451248169,,
train-012801-7782f5cb5ee87a60,4,6,train,8611715691305269856,pointer,N,F,,,V,False,True,,,-11.46875,8.5,0.016285368241013714,,F T B,F,,True,,0.6953125,0.6671476364135742,,
train-012801-7782f5cb5ee87a60,4,7,train,8611715691305269856,pointer,N,T,,,V,False,True,,,-9.96875,8.5,0.01396639819727542,,T S D,T,,True,,0.79296875,0.6884684562683105,,
train-012801-7782f5cb5ee87a60,4,8,train,8611715691305269856,pointer,N,H,,,V,False,True,,,-8.15625,0.875,0.6912818641071838,,H K F,H,,True,,0.91015625,0.7130321860313416,,
train-012801-7782f5cb5ee87a60,4,9,train,8611715691305269856,pointer,N,V,,,V,True,True,,,7.0625,7.0625,0.03794146329145519,,V F D,V,,True,,1.078125,0.7461389899253845,,
train-012801-7782f5cb5ee87a60,4,10,train,8611715691305269856,pointer,N,N,,,V,False,True,,,-9.0,6.375,0.08821464701771385,,N Q L,N,,True,,1.0078125,0.7325918078422546,,
train-012801-7782f5cb5ee87a60,4,11,train,8611715691305269856,pointer,N,F,,,V,False,True,,,-11.4375,8.5,0.016880042929289806,,F T B,F,,True,,0.984375,0.7279754281044006,,
train-012801-7782f5cb5ee87a60,4,12,train,8611715691305269856,pointer,N,T,,,V,False,True,,,-9.96875,8.5625,0.013578450770345798,,T S D,T,,True,,0.984375,0.7279754281044006,,
train-025312-1c1829dd54e630f6,5,1,train,2024414063091921142,pointer,Z,I,I,True,H,False,False,2.622600959512056e-06,14.59375,-18.34375,14.59375,4.448387125567601e-05,1,I M S,I,True,True,4.6491513785440475e-06,-0.357421875,0.411583811044693,False,0.5303207635879517
train-025312-1c1829dd54e630f6,5,2,train,2024414063091921142,pointer,Z,U,U,True,H,False,False,1.5497195136049413e-06,14.5625,-19.734375,14.5625,2.642428689078403e-05,1,U D T,U,True,True,1.168244216387393e-05,-0.345703125,0.4144248068332672,False,0.5351606607437134
train-025312-1c1829dd54e630f6,5,3,train,2024414063091921142,pointer,Z,A,A,True,H,False,False,0.00011789103882620111,10.875,-12.4375,10.875,0.0015106260640177446,1,A B C,A,True,True,0.0010588521836325526,0.09326171875,0.5232985615730286,False,0.7408648729324341
train-025312-1c1829dd54e630f6,5,4,train,2024414063091921142,pointer,Z,C,C,True,H,False,False,0.000813034363090992,7.875,-11.4375,7.875,0.008394679122218985,1,C D A,C,True,True,0.08471212536096573,0.44921875,0.6104534864425659,False,0.9427719712257385
train-025312-1c1829dd54e630f6,5,5,train,2024414063091921142,pointer,Z,H,H,True,H,True,False,0.0027589849196374416,7.625,7.625,7.625,0.026557022022773172,1,H A R,H,True,True,0.024439368396997452,0.64453125,0.6557770371437073,True,0.42193442583084106
train-025312-1c1829dd54e630f6,5,6,train,2024414063091921142,pointer,Z,W,,,H,False,True,,,-10.375,7.5625,0.03415101785855025,,W D S,W,,True,,0.85546875,0.7017130851745605,,
train-025312-1c1829dd54e630f6,5,7,train,2024414063091921142,pointer,Z,K,,,H,False,True,,,-8.90625,7.3125,0.04430326369953232,,K R W,K,,True,,0.9375,0.7185943722724915,,
train-025312-1c1829dd54e630f6,5,8,train,2024414063091921142,pointer,Z,R,,,H,False,True,,,-10.9375,7.0,0.033691285173255814,,R Q C,R,,True,,1.015625,0.7341195344924927,,
train-025312-1c1829dd54e630f6,5,9,train,2024414063091921142,pointer,Z,Y,,,H,False,True,,,-10.0,8.0,0.02186653627164731,,Y Z Q,Y,,True,,1.1484375,0.7592254281044006,,
train-025312-1c1829dd54e630f6,5,10,train,2024414063091921142,pointer,Z,V,,,H,False,True,,,-9.78125,5.5625,0.04898455524471231,,V P F,V,,True,,1.2265625,0.7732163667678833,,
train-025312-1c1829dd54e630f6,5,11,train,2024414063091921142,pointer,Z,P,,,H,False,True,,,-11.1875,8.9375,0.011638848051477708,,P Q V,P,,True,,1.2421875,0.7759445905685425,,
train-025312-1c1829dd54e630f6,5,12,train,2024414063091921142,pointer,Z,D,,,H,False,True,,,-10.9375,8.0,0.018669085794929745,,D C E,D,,True,,1.296875,0.7853085398674011,,
train-007979-3014314f22a9dfea,6,1,train,3464448229308489706,pointer,F,H,H,True,L,False,False,1.5497195136049413e-06,15.125,-16.65625,15.125,2.4709491744808993e-05,1,H M X,H,True,True,9.536738616588991e-07,-0.48828125,0.38029852509498596,False,0.47851741313934326
train-007979-3014314f22a9dfea,6,2,train,3464448229308489706,pointer,F,D,D,True,L,False,False,5.876845170860179e-05,10.5,-15.53125,10.5,0.0007333763515388849,1,D C I,D,True,True,8.67805938469246e-05,-0.427734375,0.39466747641563416,False,0.5019773244857788
train-007979-3014314f22a9dfea,6,3,train,3464448229308489706,pointer,F,B,B,True,L,False,False,6.103329360485077e-05,11.3125,-12.5625,11.3125,0.0008198029821870361,1,B A C,B,True,True,0.004293984733521938,-0.1259765625,0.4685474932193756,False,0.6321413516998291
train-007979-3014314f22a9dfea,6,4,train,3464448229308489706,pointer,F,Y,Y,True,L,False,False,0.0006025406182743609,9.125,-10.875,9.125,0.006790815915822577,1,Y Q O,Y,True,True,0.06325643509626389,0.212890625,0.553022563457489,False,0.8052471280097961
train-007979-3014314f22a9dfea,6,5,train,3464448229308489706,pointer,F,N,N,True,L,False,False,0.0010340826120227575,8.875,-11.125,8.875,0.011045928102015937,1,N I O,N,True,True,0.0019769188947975636,0.466796875,0.6146253347396851,False,0.953539252281189
train-007979-3014314f22a9dfea,6,6,train,3464448229308489706,pointer,F,L,L,True,L,True,False,0.0003815161471720785,9.5,9.5,9.5,0.004421008167143291,1,L N D,L,True,True,0.0007319155265577137,0.65234375,0.6575384140014648,True,0.41925206780433655
train-007979-3014314f22a9dfea,6,7,train,3464448229308489706,pointer,F,W,,,L,False,True,,,-7.6875,7.6875,0.03786552940679461,,W L U,W,,True,,0.828125,0.6959583163261414,,
train-007979-3014314f22a9dfea,6,8,train,3464448229308489706,pointer,F,J,,,L,False,True,,,-5.8125,3.8125,0.29760561837576743,,J F L,J,,True,,0.8203125,0.6943026781082153,,
train-007979-3014314f22a9dfea,6,9,train,3464448229308489706,pointer,F,K,,,L,False,True,,,-9.0625,7.125,0.037937106897941594,,K J F,K,,True,,0.83984375,0.6984323263168335,,
train-007979-3014314f22a9dfea,6,10,train,3464448229308489706,pointer,F,J,,,L,False,True,,,-7.8125,6.5,0.0783686253729931,,J F D,J,,True,,0.78125,0.6859495043754578,,
train-007979-3014314f22a9dfea,6,11,train,3464448229308489706,pointer,F,K,,,L,False,True,,,-9.9375,8.5,0.014417254721378423,,K R J,K,,True,,0.8203125,0.6943026781082153,,
train-007979-3014314f22a9dfea,6,12,train,3464448229308489706,pointer,F,J,,,L,False,True,,,-7.5625,5.375,0.12547057111779317,,J F D,J,,True,,0.78125,0.6859495043754578,,
train-014001-e563bec2467cb922,8,1,train,16529264798995364130,pointer,L,S,S,True,C,False,False,9.536697689327411e-06,12.875,-14.1875,12.875,0.0001406072093978143,1,S V R,S,True,True,2.145764938177308e-06,-0.4609375,0.38676342368125916,False,0.4890044927597046
train-014001-e563bec2467cb922,8,2,train,16529264798995364130,pointer,L,C,C,True,C,True,False,1.5139465176616795e-05,12.6875,12.6875,12.6875,0.0002225233571103878,1,C S F,C,True,True,8.34461570775602e-06,-0.376953125,0.4068619906902313,False,0.5223281383514404
train-014001-e563bec2467cb922,8,3,train,16529264798995364130,pointer,L,V,V,True,C,False,False,0.005388260819017887,6.9375,-6.9375,6.9375,0.04835295891307593,1,V C L,V,True,True,0.737005352973938,0.0341796875,0.5085440874099731,False,0.7103830575942993
train-014001-e563bec2467cb922,8,4,train,16529264798995364130,pointer,L,C,C,True,C,True,False,0.0005782362422905862,9.3125,9.3125,9.3125,0.006447917135488409,1,C A B,C,True,True,0.014253005385398865,0.326171875,0.5808276534080505,False,0.8694730997085571
train-014001-e563bec2467cb922,8,5,train,16529264798995364130,pointer,L,V,V,True,C,False,False,0.0026135831139981747,6.8125,-8.4375,6.8125,0.024335503775929967,1,V F C,V,True,True,0.00042024365393444896,0.625,0.6513549089431763,False,1.0537006855010986
train-014001-e563bec2467cb922,8,6,train,16529264798995364130,pointer,L,C,C,True,C,True,False,0.0006884350441396236,9.0625,9.0625,9.0625,0.007550009526206707,1,C D A,C,True,True,0.03169092535972595,0.78125,0.6859495043754578,False,1.1582013368606567
train-014001-e563bec2467cb922,8,7,train,16529264798995364130,pointer,L,V,V,True,C,False,False,0.0031838936265558004,6.625,-8.1875,6.625,0.02903946075045743,1,V F C,V,True,True,0.0004956685588695109,0.94921875,0.7209580540657043,False,1.276393175125122
train-014001-e563bec2467cb922,8,8,train,16529264798995364130,pointer,L,C,C,True,C,True,False,0.0006840273272246122,9.0625,9.0625,9.0625,0.007503674070418226,1,C D A,C,True,True,0.03372460976243019,1.0,0.7310585975646973,True,0.3132617175579071
train-014001-e563bec2467cb922,8,9,train,16529264798995364130,pointer,L,V,,,C,False,True,,,-8.1875,6.625,0.029398594575046268,,V F C,V,,True,,1.1015625,0.7505527138710022,,
train-014001-e563bec2467cb922,8,10,train,16529264798995364130,pointer,L,C,,,C,True,True,,,9.0625,9.0625,0.007430723337448165,,C D A,C,,True,,1.09375,0.7490872144699097,,
train-014001-e563bec2467cb922,8,11,train,16529264798995364130,pointer,L,V,,,C,False,True,,,-8.1875,6.625,0.0294903880635688,,V F C,V,,True,,1.1640625,0.7620701193809509,,
train-014001-e563bec2467cb922,8,12,train,16529264798995364130,pointer,L,C,,,C,True,True,,,9.0625,9.0625,0.007532957323206214,,C D A,C,,True,,1.140625,0.7577943801879883,,
train-004660-7b216b0ca8bd5f27,10,1,train,8872490443011350311,pointer,A,O,O,True,H,False,False,4.172316494077677e-06,12.84375,-18.1640625,12.84375,6.305484459616195e-05,1,O A P,O,True,True,2.622600959512056e-06,-0.369140625,0.40874868631362915,False,0.5255141258239746
train-004660-7b216b0ca8bd5f27,10,2,train,8872490443011350311,pointer,A,K,K,True,H,False,False,1.1920922133867862e-06,15.3125,-16.625,15.3125,2.1659545681828957e-05,1,K C R,K,True,True,1.4305104514278355e-06,-0.333984375,0.4172714650630951,False,0.5400338768959045
train-004660-7b216b0ca8bd5f27,10,3,train,8872490443011350311,pointer,A,B,B,True,H,False,False,3.516612196108326e-05,10.8125,-15.4375,10.8125,0.00045699374772540464,1,B C A,B,True,True,0.08999639004468918,-0.0048828125,0.498779296875,False,0.6907087564468384
train-004660-7b216b0ca8bd5f27,10,4,train,8872490443011350311,pointer,A,X,X,True,H,False,False,0.000894146622158587,9.0,-12.125,9.0,0.009758351559145262,1,X R S,X,True,True,0.00039307496626861393,0.341796875,0.5846269726753235,False,0.878578245639801
train-004660-7b216b0ca8bd5f27,10,5,train,8872490443011350311,pointer,A,Y,Y,True,H,False,False,0.0009940688032656908,8.6875,-10.5,8.6875,0.010635107677275121,1,Y K A,Y,True,True,0.06462149322032928,0.52734375,0.6288633942604065,False,0.9911850094795227
train-004660-7b216b0ca8bd5f27,10,6,train,8872490443011350311,pointer,A,R,R,True,H,False,False,0.03312821313738823,5.4375,-7.65625,5.4375,0.2385035737922522,1,R A S,R,True,True,0.028447426855564117,0.74609375,0.6783269643783569,False,1.1342196464538574
train-004660-7b216b0ca8bd5f27,10,7,train,8872490443011350311,pointer,A,V,V,True,H,False,False,0.004931192379444838,7.125,-9.4375,7.125,0.044851254472949166,1,V E J,V,True,True,0.025021785870194435,0.984375,0.7279754281044006,False,1.3018629550933838
train-004660-7b216b0ca8bd5f27,10,8,train,8872490443011350311,pointer,A,L,L,True,H,False,False,0.0014402027009055018,8.5625,-10.4375,8.5625,0.01503016989807694,1,L C D,L,True,True,0.0008563903393223882,1.0703125,0.7446563243865967,False,1.365144968032837
train-004660-7b216b0ca8bd5f27,10,9,train,8872490443011350311,pointer,A,G,G,True,H,False,False,0.002583144698292017,7.625,-10.34375,7.625,0.025417538083531244,1,G E F,G,True,True,0.0014294892316684127,1.0859375,0.7476159334182739,False,1.3768033981323242
train-004660-7b216b0ca8bd5f27,10,10,train,8872490443011350311,pointer,A,H,H,True,H,True,False,0.004712190479040146,7.3125,7.3125,7.3125,0.043130606159936774,1,H A O,H,True,True,0.20867398381233215,1.078125,0.7461389899253845,True,0.29284340143203735
train-004660-7b216b0ca8bd5f27,10,11,train,8872490443011350311,pointer,A,S,,,H,False,True,,,-9.125,6.625,0.06379236583988918,,S T R,S,,True,,1.1171875,0.7534666657447815,,
train-004660-7b216b0ca8bd5f27,10,12,train,8872490443011350311,pointer,A,I,,,H,False,True,,,-7.9375,5.1875,0.20457424932396026,,I L A,I,,True,,1.125,0.7549149990081787,,
train-013643-7083889b3b2dc152,12,1,train,8107473954491187538,pointer,C,E,E,True,C,False,False,3.659658250398934e-05,10.9375,-10.9375,10.9375,0.00047503498796427803,1,E C G,E,True,True,4.291525328881107e-06,-0.357421875,0.411583811044693,False,0.5303207635879517
train-013643-7083889b3b2dc152,12,2,train,8107473954491187538,pointer,C,C,C,True,C,True,False,1.7881377516459906e-06,14.75,14.75,14.75,3.0262138808860032e-05,1,C A D,C,True,True,2.9802276912960224e-06,-0.275390625,0.4315841495990753,False,0.5649020671844482
train-013643-7083889b3b2dc152,12,3,train,8107473954491187538,pointer,C,E,E,True,C,False,False,8.248942322097719e-05,10.25,-12.125,10.25,0.0010090518628721838,1,E A D,E,True,True,0.0035331938415765762,-0.060302734375,0.4849288761615753,False,0.663450300693512
train-013643-7083889b3b2dc152,12,4,train,8107473954491187538,pointer,C,C,C,True,C,True,False,0.00023910524032544345,9.375,9.375,9.375,0.002818206910208241,1,C A D,C,True,True,0.002356730168685317,0.283203125,0.570331335067749,False,0.8447409272193909
train-013643-7083889b3b2dc152,12,5,train,8107473954491187538,pointer,C,E,E,True,C,False,False,0.000750617531593889,8.0,-10.25,8.0,0.007436497482669415,1,E D A,E,True,True,0.010767102241516113,0.47265625,0.6160122752189636,False,0.9571446776390076
train-013643-7083889b3b2dc152,12,6,train,8107473954491187538,pointer,C,C,C,True,C,True,False,0.00046397410915233195,8.75,8.75,8.75,0.0051724004343531756,1,C A D,C,True,True,0.0037456846330314875,0.6953125,0.6671476364135742,False,1.1000564098358154
train-013643-7083889b3b2dc152,12,7,train,8107473954491187538,pointer,C,E,E,True,C,False,False,0.0009348789462819695,7.75,-10.0625,7.75,0.009037300837561471,1,E D A,E,True,True,0.012430572882294655,0.7734375,0.6842640042304993,False,1.1528489589691162
train-013643-7083889b3b2dc152,12,8,train,8107473954491187538,pointer,C,C,C,True,C,True,False,0.0004881620698142797,8.6875,8.6875,8.6875,0.005411454920738296,1,C A D,C,True,True,0.003992563579231501,0.90234375,0.7114308476448059,False,1.2428207397460938
train-013643-7083889b3b2dc152,12,9,train,8107473954491187538,pointer,C,E,E,True,C,False,False,0.0010708795161917806,7.625,-9.9375,7.625,0.010232558304893759,1,E D A,E,True,True,0.012724636122584343,0.9140625,0.7138307690620422,False,1.2511719465255737
train-013643-7083889b3b2dc152,12,10,train,8107473954491187538,pointer,C,C,C,True,C,True,False,0.0004903068183921278,8.6875,8.6875,8.6875,0.005435669555541106,1,C A D,C,True,True,0.003986508119851351,0.99609375,0.730289876461029,False,1.3104075193405151
train-013643-7083889b3b2dc152,12,11,train,8107473954491187538,pointer,C,E,E,True,C,False,False,0.0010945764370262623,7.5625,-10.0,7.5625,0.010389567633831264,1,E D A,E,True,True,0.013036144897341728,0.9765625,0.7264255881309509,False,1.2961816787719727
train-013643-7083889b3b2dc152,12,12,train,8107473954491187538,pointer,C,C,C,True,C,True,False,0.0004932855372317135,8.6875,8.6875,8.6875,0.005470587911252149,1,C A D,C,True,True,0.003983183763921261,1.03125,0.7371581792831421,True,0.30495283007621765
train-009819-ea3721f54f8df566,1,1,train,16876995466079630694,pointer,L,E,E,True,E,True,False,1.3708974620385561e-05,12.71875,12.71875,12.71875,0.00019791850882417767,1,E G A,E,True,True,4.887569048150908e-06,-0.04541015625,0.4886494576931,True,0.7161100506782532
train-009819-ea3721f54f8df566,1,2,train,16876995466079630694,pointer,L,J,,,E,False,True,,,-15.0,11.0,0.000317567101801179,,J X L,J,,True,,-0.1533203125,0.46174484491348267,,
train-009819-ea3721f54f8df566,1,3,train,16876995466079630694,pointer,L,X,,,E,False,True,,,-11.6875,10.625,0.002107209768961198,,X A S,X,,True,,0.1396484375,0.5348554849624634,,
train-009819-ea3721f54f8df566,1,4,train,16876995466079630694,pointer,L,D,,,E,False,True,,,-6.9375,6.9375,0.02910460417949906,,D E A,D,,True,,0.47265625,0.6160122752189636,,
train-009819-ea3721f54f8df566,1,5,train,16876995466079630694,pointer,L,K,,,E,False,True,,,-7.8125,6.6875,0.08228269782188026,,K A L,K,,True,,0.6640625,0.6601723432540894,,
train-009819-ea3721f54f8df566,1,6,train,16876995466079630694,pointer,L,Z,,,E,False,True,,,-8.59375,6.5625,0.09509765952716602,,Z X Y,Z,,True,,0.890625,0.709019124507904,,
train-009819-ea3721f54f8df566,1,7,train,16876995466079630694,pointer,L,A,,,E,False,True,,,-9.625,7.375,0.03317104127569242,,A K B,A,,True,,0.87109375,0.7049732804298401,,
train-009819-ea3721f54f8df566,1,8,train,16876995466079630694,pointer,L,C,,,E,False,True,,,-9.34375,6.5625,0.057100548184201946,,C K D,C,,True,,1.0,0.7310585975646973,,
train-009819-ea3721f54f8df566,1,9,train,16876995466079630694,pointer,L,D,,,E,False,True,,,-8.5,7.4375,0.021083680587348826,,D A B,D,,True,,1.0078125,0.7325918078422546,,
train-009819-ea3721f54f8df566,1,10,train,16876995466079630694,pointer,L,K,,,E,False,True,,,-8.6875,6.875,0.06143087904384477,,K R A,K,,True,,0.96484375,0.724090576171875,,
train-009819-ea3721f54f8df566,1,11,train,16876995466079630694,pointer,L,Z,,,E,False,True,,,-8.46875,6.4375,0.09650860325778683,,Z Y X,Z,,True,,1.0859375,0.7476159334182739,,
train-009819-ea3721f54f8df566,1,12,train,16876995466079630694,pointer,L,A,,,E,False,True,,,-9.59375,7.4375,0.03325654539028855,,A K B,A,,True,,0.9921875,0.729519784450531,,
train-032293-df1a7f6a1875f360,2,1,train,16076301913506050912,pointer,K,E,E,True,V,False,False,1.9907753085135482e-05,12.25,-17.4609375,12.25,0.00027678513716380363,1,E G A,E,True,True,4.6491513785440475e-06,-0.1904296875,0.4525359272956848,False,0.6024584770202637
train-032293-df1a7f6a1875f360,2,2,train,16076301913506050912,pointer,K,V,V,True,V,True,False,2.622600959512056e-06,14.0625,14.0625,14.0625,4.277353281107363e-05,1,V C Z,V,True,True,6.556489552167477e-06,-0.177734375,0.45568299293518066,True,0.7859578728675842
train-032293-df1a7f6a1875f360,2,3,train,16076301913506050912,pointer,K,W,,,V,False,True,,,-11.9375,9.4375,0.004912964991439253,,W O L,W,,True,,0.18359375,0.5457699298858643,,
train-032293-df1a7f6a1875f360,2,4,train,16076301913506050912,pointer,K,Q,,,V,False,True,,,-11.09375,6.6875,0.01740242064421683,,Q P O,Q,,True,,0.515625,0.6261242032051086,,
train-032293-df1a7f6a1875f360,2,5,train,16076301913506050912,pointer,K,D,,,V,False,True,,,-10.0625,8.0625,0.017821917422148642,,D E S,D,,True,,0.7734375,0.6842640042304993,,
train-032293-df1a7f6a1875f360,2,6,train,16076301913506050912,pointer,K,I,,,V,False,True,,,-8.875,6.3125,0.07293794963707975,,I P E,I,,True,,0.9140625,0.7138307690620422,,
train-032293-df1a7f6a1875f360,2,7,train,16076301913506050912,pointer,K,U,,,V,False,True,,,-8.5625,5.9375,0.05088501955400835,,U A D,U,,True,,0.90234375,0.7114308476448059,,
train-032293-df1a7f6a1875f360,2,8,train,16076301913506050912,pointer,K,F,,,V,False,True,,,-10.15625,6.0625,0.07021197439061355,,F T C,F,,True,,1.0078125,0.7325918078422546,,
train-032293-df1a7f6a1875f360,2,9,train,16076301913506050912,pointer,K,H,,,V,False,True,,,-7.8125,5.75,0.12318079671482833,,H W A,H,,True,,1.0625,0.7431680560112,,
train-032293-df1a7f6a1875f360,2,10,train,16076301913506050912,pointer,K,T,,,V,False,True,,,-9.4375,7.5,0.02664966413697566,,T W D,T,,True,,1.046875,0.740174412727356,,
train-032293-df1a7f6a1875f360,2,11,train,16076301913506050912,pointer,K,X,,,V,False,True,,,-10.53125,7.5625,0.021655801447994193,,X A E,X,,True,,1.0625,0.7431680560112,,
train-032293-df1a7f6a1875f360,2,12,train,16076301913506050912,pointer,K,N,,,V,False,True,,,-12.5625,9.3125,0.005748376408998396,,N A O,N,,True,,1.0546875,0.74167400598526,,
train-034436-256b6d7f82ba5763,3,1,train,2696369196332898147,pointer,P,Q,Q,True,T,False,False,5.483612312673358e-06,12.875,-19.2890625,12.875,8.041381110717446e-05,1,Q P K,Q,True,True,4.887569048150908e-06,-0.453125,0.3886180520057678,False,0.49203336238861084
train-034436-256b6d7f82ba5763,3,2,train,2696369196332898147,pointer,P,X,X,True,T,False,False,3.576278118089249e-07,16.0,-16.0,16.0,6.591546255359375e-06,1,X T A,X,True,True,1.8358061424805783e-05,-0.38671875,0.40450745820999146,False,0.5183663964271545
train-034436-256b6d7f82ba5763,3,3,train,2696369196332898147,pointer,P,T,T,True,T,True,False,0.0002996472467202693,9.875,9.875,9.875,0.0035701747826941315,1,T A K,T,True,True,0.043467532843351364,-0.004302978515625,0.49892425537109375,True,0.6953009963035583
train-034436-256b6d7f82ba5763,3,4,train,2696369196332898147,pointer,P,H,,,T,False,True,,,-10.4375,8.1875,0.022935620009951606,,H I U,H,,True,,0.33984375,0.5841525793075562,,
train-034436-256b6d7f82ba5763,3,5,train,2696369196332898147,pointer,P,M,,,T,False,True,,,-9.0,7.75,0.03320076651899735,,M S N,M,,True,,0.609375,0.6477982401847839,,
train-034436-256b6d7f82ba5763,3,6,train,2696369196332898147,pointer,P,K,,,T,False,True,,,-8.875,7.25,0.02440822959170201,,K S F,K,,True,,0.74609375,0.6783269643783569,,
train-034436-256b6d7f82ba5763,3,7,train,2696369196332898147,pointer,P,E,,,T,False,True,,,-9.9375,6.75,0.06282246171724565,,E K R,E,,True,,0.89453125,0.7098243832588196,,
train-034436-256b6d7f82ba5763,3,8,train,2696369196332898147,pointer,P,R,,,T,False,True,,,-7.75,6.8125,0.03410222044647142,,R Q T,R,,True,,1.0,0.7310585975646973,,
train-034436-256b6d7f82ba5763,3,9,train,2696369196332898147,pointer,P,F,,,T,False,True,,,-9.375,8.6875,0.012095473828885123,,F G M,F,,True,,1.0625,0.7431680560112,,
train-034436-256b6d7f82ba5763,3,10,train,2696369196332898147,pointer,P,C,,,T,False,True,,,-9.6875,7.9375,0.02165366556001447,,C D S,C,,True,,1.109375,0.7520126104354858,,
train-034436-256b6d7f82ba5763,3,11,train,2696369196332898147,pointer,P,W,,,T,False,True,,,-10.4375,8.5,0.015563766481456567,,W A V,W,,True,,1.15625,0.7606506943702698,,
train-034436-256b6d7f82ba5763,3,12,train,2696369196332898147,pointer,P,O,,,T,False,True,,,-9.625,8.5625,0.011478243978717141,,O A F,O,,True,,1.0859375,0.7476159334182739,,
train-001236-2b1edb1fa7ee3309,4,1,train,3107161721940095753,pointer,L,V,V,True,P,False,False,-0.0,17.375,-22.3515625,17.375,2.1263393359637896e-06,1,V Z W,V,True,True,1.6689286894688848e-06,-0.4140625,0.3979383707046509,False,0.5073955655097961
train-001236-2b1edb1fa7ee3309,4,2,train,3107161721940095753,pointer,L,G,G,True,P,False,False,6.794906312279636e-06,12.5625,-18.03125,12.5625,0.00010026703818574915,1,G C D,G,True,True,2.3841574147809297e-05,-0.416015625,0.3974705636501312,False,0.5066187977790833
train-001236-2b1edb1fa7ee3309,4,3,train,3107161721940095753,pointer,L,T,T,True,P,False,False,0.0003289635351393372,9.6875,-10.4375,9.6875,0.0038470602732030516,1,T S D,T,True,True,0.057661037892103195,-0.059326171875,0.4851727783679962,False,0.663923978805542
train-001236-2b1edb1fa7ee3309,4,4,train,3107161721940095753,pointer,L,P,P,True,P,True,False,0.00036376056959852576,9.6875,9.6875,9.6875,0.004290553934455844,1,P A C,P,True,True,0.007436688058078289,0.34765625,0.5860491394996643,True,0.5343517065048218
train-001236-2b1edb1fa7ee3309,4,5,train,3107161721940095753,pointer,L,Z,,,P,False,True,,,-10.84375,7.9375,0.03384055905998466,,Z U C,Z,,True,,0.546875,0.6334102749824524,,
train-001236-2b1edb1fa7ee3309,4,6,train,3107161721940095753,pointer,L,C,,,P,False,True,,,-8.4375,6.6875,0.033265402541593346,,C D A,C,,True,,0.765625,0.6825737357139587,,
train-001236-2b1edb1fa7ee3309,4,7,train,3107161721940095753,pointer,L,J,,,P,False,True,,,-8.375,7.875,0.024967252445807605,,J Q I,J,,True,,0.71875,0.672331690788269,,
train-001236-2b1edb1fa7ee3309,4,8,train,3107161721940095753,pointer,L,D,,,P,False,True,,,-8.0,7.0,0.060578356679016045,,D C S,D,,True,,0.80078125,0.6901415586471558,,
train-001236-2b1edb1fa7ee3309,4,9,train,3107161721940095753,pointer,L,H,,,P,False,True,,,-7.9375,6.3125,0.06989880890938273,,H A L,H,,True,,0.921875,0.7154240012168884,,
train-001236-2b1edb1fa7ee3309,4,10,train,3107161721940095753,pointer,L,Y,,,P,False,True,,,-9.5,7.5,0.02200533300406925,,Y A L,Y,,True,,1.0546875,0.74167400598526,,
train-001236-2b1edb1fa7ee3309,4,11,train,3107161721940095753,pointer,L,N,,,P,False,True,,,-10.75,7.9375,0.028706690023021314,,N I A,N,,True,,0.9921875,0.729519784450531,,
train-001236-2b1edb1fa7ee3309,4,12,train,3107161721940095753,pointer,L,A,,,P,False,True,,,-10.34375,5.8125,0.15046985248153472,,A U B,A,,True,,0.984375,0.7279754281044006,,
train-004081-a94953a1e320f07a,5,1,train,12198373020475125882,pointer,S,Q,Q,True,X,False,False,1.1920922133867862e-06,14.34375,-22.064453125,14.34375,1.8131763173899927e-05,1,Q K R,Q,True,True,1.5139465176616795e-05,-0.50390625,0.37662312388420105,False,0.47260403633117676
train-004081-a94953a1e320f07a,5,2,train,12198373020475125882,pointer,S,L,L,True,X,False,False,8.34461570775602e-06,12.6875,-17.4375,12.6875,0.00012510172807809035,1,L C D,L,True,True,6.198863957251888e-06,-0.47265625,0.3839877247810364,False,0.48448842763900757
train-004081-a94953a1e320f07a,5,3,train,12198373020475125882,pointer,S,H,H,True,X,False,False,0.0004326361231505871,9.75,-10.0,9.75,0.005042933979926985,1,H L I,H,True,True,0.003965729381889105,-0.021728515625,0.4945680499076843,False,0.6823419332504272
train-004081-a94953a1e320f07a,5,4,train,12198373020475125882,pointer,S,V,V,True,X,False,False,0.001914812484756112,7.6875,-10.375,7.6875,0.019031336176693822,1,V E D,V,True,True,0.0007253637886606157,0.333984375,0.5827285051345825,False,0.8740182518959045
train-004081-a94953a1e320f07a,5,5,train,12198373020475125882,pointer,S,X,X,True,X,True,False,0.003052815329283476,7.6875,7.6875,7.6875,0.02918177726227115,1,X V A,X,True,True,0.011762548238039017,0.578125,0.6406359076499939,True,0.4452940821647644
train-004081-a94953a1e320f07a,5,6,train,12198373020475125882,pointer,S,S,,,X,False,True,,,-10.0,7.0,0.02181688530605694,,S I A,S,,True,,0.70703125,0.6697448492050171,,
train-004081-a94953a1e320f07a,5,7,train,12198373020475125882,pointer,S,Q,,,X,False,True,,,-10.0,6.875,0.03343698802321499,,Q A P,Q,,True,,0.84765625,0.7000752091407776,,
train-004081-a94953a1e320f07a,5,8,train,12198373020475125882,pointer,S,L,,,X,False,True,,,-10.0,6.75,0.025156092409030044,,L S N,L,,True,,1.015625,0.7341195344924927,,
train-004081-a94953a1e320f07a,5,9,train,12198373020475125882,pointer,S,H,,,X,False,True,,,-7.375,7.0,0.06357181505770286,,H L K,H,,True,,1.15625,0.7606506943702698,,
train-004081-a94953a1e320f07a,5,10,train,12198373020475125882,pointer,S,V,,,X,False,True,,,-9.5625,7.0625,0.03547304692168305,,V E D,V,,True,,1.1875,0.7662936449050903,,
train-004081-a94953a1e320f07a,5,11,train,12198373020475125882,pointer,S,X,,,X,True,True,,,7.5,7.5,0.032726682960637285,,X V A,X,,True,,1.15625,0.7606506943702698,,
train-004081-a94953a1e320f07a,5,12,train,12198373020475125882,pointer,S,S,,,X,False,True,,,-10.0,7.0,0.022507167101641235,,S I A,S,,True,,1.09375,0.7490872144699097,,
train-033557-44eacc919581c788,6,1,train,4966006464780027784,pointer,Y,P,P,True,O,False,False,1.5497195136049413e-06,14.8125,-17.1875,14.8125,2.542242701812154e-05,1,P C B,P,True,True,4.768370445162873e-07,-0.62109375,0.34953272342681885,False,0.43006432056427
train-033557-44eacc919581c788,6,2,train,4966006464780027784,pointer,Y,H,H,True,O,False,False,3.099436753473128e-06,14.125,-15.1875,14.125,5.107640617879004e-05,1,H X I,H,True,True,2.169585604860913e-05,-0.55078125,0.3656831681728363,False,0.4552067518234253
train-033557-44eacc919581c788,6,3,train,4966006464780027784,pointer,Y,E,E,True,O,False,False,0.0006711614551022649,8.0,-11.6875,8.0,0.00682541309830308,1,E D C,E,True,True,0.2538414001464844,-0.1826171875,0.454472154378891,False,0.6060014367103577
train-033557-44eacc919581c788,6,4,train,4966006464780027784,pointer,Y,J,J,True,O,False,False,0.00045408427831716835,10.0625,-11.9375,10.0625,0.005297729223751317,1,J P Y,J,True,True,0.0644526258111,0.09765625,0.524394690990448,False,0.7431669235229492
train-033557-44eacc919581c788,6,5,train,4966006464780027784,pointer,Y,U,U,True,O,False,False,0.000846266164444387,8.8125,-10.5625,8.8125,0.009217009962950039,1,U A D,U,True,True,0.0025252378545701504,0.349609375,0.5865228176116943,False,0.8831530809402466
train-033557-44eacc919581c788,6,6,train,4966006464780027784,pointer,Y,O,O,True,O,True,False,0.002024626126512885,6.875,6.875,6.875,0.01851905715301566,1,O U N,O,True,True,0.21661192178726196,0.5078125,0.6242935657501221,True,0.47113463282585144
train-033557-44eacc919581c788,6,7,train,4966006464780027784,pointer,Y,A,,,O,False,True,,,-10.90625,7.9375,0.028962651345365423,,A D F,A,,True,,0.77734375,0.6851073503494263,,
train-033557-44eacc919581c788,6,8,train,4966006464780027784,pointer,Y,S,,,O,False,True,,,-10.125,7.9375,0.023098382968468587,,S A Q,S,,True,,0.890625,0.709019124507904,,
train-033557-44eacc919581c788,6,9,train,4966006464780027784,pointer,Y,L,,,O,False,True,,,-9.125,8.4375,0.02180901171908437,,L N W,L,,True,,1.0,0.7310585975646973,,
train-033557-44eacc919581c788,6,10,train,4966006464780027784,pointer,Y,K,,,O,False,True,,,-10.65625,9.0625,0.012753299019785334,,K S N,K,,True,,0.97265625,0.7256485819816589,,
train-033557-44eacc919581c788,6,11,train,4966006464780027784,pointer,Y,Z,,,O,False,True,,,-8.71875,6.875,0.06178982508600805,,Z X C,Z,,True,,1.0390625,0.7386690378189087,,
train-033557-44eacc919581c788,6,12,train,4966006464780027784,pointer,Y,M,,,O,False,True,,,-9.875,8.0625,0.017092508401717235,,M N L,M,,True,,1.0390625,0.7386690378189087,,
train-004074-469e2a776b001a6f,8,1,train,5088551321359882863,pointer,A,H,H,True,N,False,False,1.7881377516459906e-06,15.03125,-17.796875,15.03125,3.0071308649648812e-05,1,H I M,H,True,True,1.1920922133867862e-06,-0.458984375,0.38722676038742065,False,0.4897603988647461
train-004074-469e2a776b001a6f,8,2,train,5088551321359882863,pointer,A,O,O,True,N,False,False,3.814689989667386e-06,13.375,-15.25,13.375,5.989210788030693e-05,1,O A M,O,True,True,1.4662635294371285e-05,-0.3984375,0.4016878008842468,False,0.5136426091194153
train-004074-469e2a776b001a6f,8,3,train,5088551321359882863,pointer,A,M,M,True,N,False,False,0.0010140759404748678,8.5625,-9.53125,8.5625,0.01072653005447498,1,M T S,M,True,True,0.0019629988819360733,0.044921875,0.511228621006012,False,0.7158603072166443
train-004074-469e2a776b001a6f,8,4,train,5088551321359882863,pointer,A,F,F,True,N,False,False,0.004967134445905685,7.0,-9.21875,7.0,0.04535595611372147,1,F G A,F,True,True,0.1215590164065361,0.35546875,0.5879431366920471,False,0.8865938782691956
train-004074-469e2a776b001a6f,8,5,train,5088551321359882863,pointer,A,L,L,True,N,False,False,0.0037206250708550215,7.4375,-8.5625,7.4375,0.03520904274228014,1,L A D,L,True,True,0.0017815446481108665,0.609375,0.6477982401847839,False,1.043550968170166
train-004074-469e2a776b001a6f,8,6,train,5088551321359882863,pointer,A,Z,Z,True,N,False,False,0.004845424555242062,6.5625,-9.71875,6.5625,0.04341370810315742,1,Z X F,Z,True,True,0.02484818920493126,0.71484375,0.671470582485199,False,1.113128900527954
train-004074-469e2a776b001a6f,8,7,train,5088551321359882863,pointer,A,K,K,True,N,False,False,0.0014748420799151063,8.75,-8.8125,8.75,0.01535026872159574,1,K D R,K,True,True,0.0009585791267454624,0.78515625,0.6867902874946594,False,1.1608824729919434
train-004074-469e2a776b001a6f,8,8,train,5088551321359882863,pointer,A,N,N,True,N,True,False,0.0010474200826138258,8.375,8.375,8.375,0.01111667393448867,1,N A M,N,True,True,0.29919564723968506,0.84765625,0.7000752091407776,True,0.35656747221946716
train-004074-469e2a776b001a6f,8,9,train,5088551321359882863,pointer,A,G,,,N,False,True,,,-8.5,8.1875,0.02822566870880086,,G K A,G,,True,,0.93359375,0.7178038358688354,,
train-004074-469e2a776b001a6f,8,10,train,5088551321359882863,pointer,A,W,,,N,False,True,,,-10.0,7.4375,0.0356800365298397,,W V X,W,,True,,1.109375,0.7520126104354858,,
train-004074-469e2a776b001a6f,8,11,train,5088551321359882863,pointer,A,I,,,N,False,True,,,-7.625,7.5,0.033432151289970166,,I T N,I,,True,,1.1328125,0.7563575506210327,,
train-004074-469e2a776b001a6f,8,12,train,5088551321359882863,pointer,A,S,,,N,False,True,,,-7.75,5.125,0.16924120917701488,,S V A,V,,False,,1.2265625,0.7732163667678833,,
train-026854-5873933bbf314402,10,1,train,6373599782479414274,pointer,Q,N,N,True,N,True,False,4.887569048150908e-06,13.0625,13.0625,13.0625,7.580185445053972e-05,1,N Q O,N,True,True,4.768370445162873e-07,-0.328125,0.41869693994522095,False,0.5424830317497253
train-026854-5873933bbf314402,10,2,train,6373599782479414274,pointer,Q,E,E,True,N,False,False,4.8397800128441304e-05,11.25,-12.5,11.25,0.0006544170091800371,1,E D C,E,True,True,9.440929716220126e-05,-0.341796875,0.4153730273246765,False,0.536781370639801
train-026854-5873933bbf314402,10,3,train,6373599782479414274,pointer,Q,Q,Q,True,N,False,False,8.4638240878121e-06,12.5625,-18.21875,12.5625,0.00012662356975668492,1,Q A T,Q,True,True,0.10919733345508575,0.0225830078125,0.5056455135345459,False,0.7045024633407593
train-026854-5873933bbf314402,10,4,train,6373599782479414274,pointer,Q,N,N,True,N,True,False,0.010371713899075985,4.875,4.875,4.875,0.06974022304960008,1,N Q K,N,True,True,0.7000336050987244,0.2890625,0.5717666149139404,False,0.8480868935585022
train-026854-5873933bbf314402,10,5,train,6373599782479414274,pointer,Q,E,E,True,N,False,False,0.0065168715082108974,6.625,-7.9375,6.625,0.0572275146563798,1,E D G,E,True,True,0.007233974989503622,0.5546875,0.6352224349975586,False,1.0084675550460815
train-026854-5873933bbf314402,10,6,train,6373599782479414274,pointer,Q,Q,Q,True,N,False,False,0.00017915551143232733,9.875,-14.0625,9.875,0.0021949079086826394,1,Q A O,Q,True,True,0.4422929286956787,0.74609375,0.6783269643783569,False,1.1342196464538574
train-026854-5873933bbf314402,10,7,train,6373599782479414274,pointer,Q,N,N,True,N,True,False,0.01274452731013298,4.6875,4.6875,4.6875,0.08371158595988072,1,N Q K,N,True,True,1.0723589658737183,0.80859375,0.6918097138404846,False,1.1770379543304443
train-026854-5873933bbf314402,10,8,train,6373599782479414274,pointer,Q,E,E,True,N,False,False,0.00810394249856472,6.4375,-7.6875,6.4375,0.06950271204822533,1,E D G,E,True,True,0.008197944611310959,0.92578125,0.7162185907363892,False,1.2595510482788086
train-026854-5873933bbf314402,10,9,train,6373599782479414274,pointer,Q,Q,Q,True,N,False,False,0.00018153927521780133,9.875,-14.0625,9.875,0.0022235143124347398,1,Q A O,Q,True,True,0.45296239852905273,1.0,0.7310585975646973,False,1.3132617473602295
train-026854-5873933bbf314402,10,10,train,6373599782479414274,pointer,Q,N,N,True,N,True,False,0.012762299738824368,4.6875,4.6875,4.6875,0.08387944900754543,1,N Q K,N,True,True,1.0725239515304565,0.9765625,0.7264255881309509,True,0.31961920857429504
train-026854-5873933bbf314402,10,11,train,6373599782479414274,pointer,Q,E,,,N,False,True,,,-7.8125,6.5,0.06304008705054417,,E D G,E,,True,,1.0390625,0.7386690378189087,,
train-026854-5873933bbf314402,10,12,train,6373599782479414274,pointer,Q,Q,,,N,False,True,,,-14.09375,9.875,0.0022012146039911418,,Q A O,Q,,True,,1.078125,0.7461389899253845,,
train-011168-87293f2ee627e44d,12,1,train,9739385139827827789,pointer,X,N,N,True,C,False,False,7.748573807475623e-06,12.96875,-15.09375,12.96875,0.00011485495145999756,1,N Q O,N,True,True,1.7881377516459906e-06,-0.427734375,0.39466747641563416,False,0.5019773244857788
train-011168-87293f2ee627e44d,12,2,train,9739385139827827789,pointer,X,U,U,True,C,False,False,7.629365427419543e-06,12.5625,-15.1875,12.5625,0.00011510805944873682,1,U N T,U,True,True,4.7801782784517854e-05,-0.384765625,0.40497803688049316,False,0.5191568732261658
train-011168-87293f2ee627e44d,12,3,train,9739385139827827789,pointer,X,A,A,True,C,False,False,0.004294103477150202,7.0,-9.75,7.0,0.03935315187723528,1,A U F,A,True,True,0.0002810560108628124,-0.07568359375,0.4810881018638611,False,0.656021237373352
train-011168-87293f2ee627e44d,12,4,train,9739385139827827789,pointer,X,I,I,True,C,False,False,0.004087546374648809,7.3125,-9.0625,7.3125,0.0381189846816685,1,I S J,I,True,True,0.0013310391223058105,0.28125,0.5698526501655579,False,0.8436274528503418
train-011168-87293f2ee627e44d,12,5,train,9739385139827827789,pointer,X,J,J,True,C,False,False,0.010273315012454987,6.1875,-8.9375,6.1875,0.08484168611059587,1,J A X,J,True,True,0.35104259848594666,0.4296875,0.6057990193367004,False,0.9308944344520569
train-011168-87293f2ee627e44d,12,6,train,9739385139827827789,pointer,X,G,G,True,C,False,False,0.003237841185182333,7.1875,-8.3125,7.1875,0.030578548229056514,1,G F E,G,True,True,0.006618246901780367,0.6953125,0.6671476364135742,False,1.1000564098358154
train-011168-87293f2ee627e44d,12,7,train,9739385139827827789,pointer,X,V,V,True,C,False,False,0.010879958048462868,6.0625,-8.5,6.0625,0.08867727247956661,1,V E O,V,True,True,0.02268809825181961,0.92578125,0.7162185907363892,False,1.2595510482788086
train-011168-87293f2ee627e44d,12,8,train,9739385139827827789,pointer,X,R,R,True,C,False,False,0.0035373514983803034,7.875,-8.3125,7.875,0.03412740640229884,1,R D L,R,True,True,0.0018704315880313516,1.1015625,0.7505527138710022,False,1.3885078430175781
train-011168-87293f2ee627e44d,12,9,train,9739385139827827789,pointer,X,B,B,True,C,False,False,0.0009657248156145215,8.25,-8.25,8.25,0.010133111847865264,1,B C D,B,True,True,0.0028576513286679983,1.1484375,0.7592254281044006,False,1.4238940477371216
train-011168-87293f2ee627e44d,12,10,train,9739385139827827789,pointer,X,Y,Y,True,C,False,False,0.0011630444787442684,8.75,-10.6875,8.75,0.012470104710501237,1,Y O D,Y,True,True,0.08714219927787781,1.0625,0.7431680560112,False,1.3593331575393677
train-011168-87293f2ee627e44d,12,11,train,9739385139827827789,pointer,X,W,W,True,C,False,False,0.0019493164727464318,8.3125,-9.9375,8.3125,0.019771544048645555,1,W V S,W,True,True,0.005473270546644926,1.109375,0.7520126104354858,False,1.3943772315979004
train-011168-87293f2ee627e44d,12,12,train,9739385139827827789,pointer,X,C,C,True,C,True,False,0.0017536989180371165,8.0,8.0,8.0,0.01763860789025587,1,C D S,C,True,True,0.09630932658910751,1.171875,0.7634837031364441,True,0.26986342668533325
train-024255-99b2b8f40a41b8fb,1,1,train,11075117791941081339,pointer,L,J,J,True,J,True,False,1.311301275563892e-06,14.5,14.5,14.5,2.2348360158869498e-05,1,J B D,J,True,True,8.344646857949556e-07,-0.095703125,0.47609245777130127,True,0.7421432137489319
train-024255-99b2b8f40a41b8fb,1,2,train,11075117791941081339,pointer,L,U,,,J,False,True,,,-16.59375,13.875,6.509983327372577e-05,,U T D,U,,True,,-0.158203125,0.4605315029621124,,
train-024255-99b2b8f40a41b8fb,1,3,train,11075117791941081339,pointer,L,R,,,J,False,True,,,-10.9375,8.875,0.010436377715221611,,R Y Q,R,,True,,0.1123046875,0.528046727180481,,
train-024255-99b2b8f40a41b8fb,1,4,train,11075117791941081339,pointer,L,L,,,J,False,True,,,-8.5625,7.0,0.06016094400213293,,L S M,L,,True,,0.423828125,0.6043989062309265,,
train-024255-99b2b8f40a41b8fb,1,5,train,11075117791941081339,pointer,L,J,,,J,True,True,,,6.75,6.75,0.05447102142468282,,J E L,J,,True,,0.59375,0.6442250609397888,,
train-024255-99b2b8f40a41b8fb,1,6,train,11075117791941081339,pointer,L,U,,,J,False,True,,,-10.34375,6.75,0.036898208352823356,,U A I,U,,True,,0.69921875,0.6680145263671875,,
train-024255-99b2b8f40a41b8fb,1,7,train,11075117791941081339,pointer,L,R,,,J,False,True,,,-8.875,7.125,0.05812000986134003,,R L S,R,,True,,0.8125,0.6926419734954834,,
train-024255-99b2b8f40a41b8fb,1,8,train,11075117791941081339,pointer,L,L,,,J,False,True,,,-8.3125,6.5,0.07951734555554708,,L S T,L,,True,,0.9375,0.7185943722724915,,
train-024255-99b2b8f40a41b8fb,1,9,train,11075117791941081339,pointer,L,J,,,J,True,True,,,6.625,6.625,0.060910876535569994,,J E L,J,,True,,0.953125,0.7217432260513306,,
train-024255-99b2b8f40a41b8fb,1,10,train,11075117791941081339,pointer,L,U,,,J,False,True,,,-10.3125,6.75,0.03727999527285544,,U A I,U,,True,,0.94921875,0.7209580540657043,,
train-024255-99b2b8f40a41b8fb,1,11,train,11075117791941081339,pointer,L,R,,,J,False,True,,,-8.75,7.0,0.06521193200184697,,R L S,R,,True,,0.9765625,0.7264255881309509,,
train-024255-99b2b8f40a41b8fb,1,12,train,11075117791941081339,pointer,L,L,,,J,False,True,,,-8.25,6.375,0.08849429987175508,,L S T,L,,True,,1.0390625,0.7386690378189087,,
train-015292-8519a988adcd4869,2,1,train,9590883285958740073,pointer,W,P,P,True,I,False,False,8.344646857949556e-07,15.375,-18.59375,15.375,1.568852556217233e-05,1,P C G,P,True,True,3.576278118089249e-07,-0.3828125,0.4054487347602844,False,0.5199483633041382
train-015292-8519a988adcd4869,2,2,train,9590883285958740073,pointer,W,I,I,True,I,True,False,7.152555099310121e-07,15.875,15.875,15.875,1.1835826890134146e-05,1,I S O,I,True,True,2.992108420585282e-05,-0.365234375,0.40969306230545044,True,0.892346978187561
train-015292-8519a988adcd4869,2,3,train,9590883285958740073,pointer,W,F,,,I,False,True,,,-11.3125,9.3125,0.005355057907615626,,F G C,F,,True,,0.0211181640625,0.5052793025970459,,
train-015292-8519a988adcd4869,2,4,train,9590883285958740073,pointer,W,Y,,,I,False,True,,,-11.3125,8.125,0.029736895659696838,,Y K R,Y,,True,,0.35546875,0.5879431366920471,,
train-015292-8519a988adcd4869,2,5,train,9590883285958740073,pointer,W,Q,,,I,False,True,,,-8.65625,6.625,0.08392031085013137,,Q P W,Q,,True,,0.58203125,0.6415346264839172,,
train-015292-8519a988adcd4869,2,6,train,9590883285958740073,pointer,W,A,,,I,False,True,,,-10.34375,8.25,0.013955272863182914,,A D B,A,,True,,0.6953125,0.6671476364135742,,
train-015292-8519a988adcd4869,2,7,train,9590883285958740073,pointer,W,T,,,I,False,True,,,-9.25,7.6875,0.02371250352737961,,T S R,T,,True,,0.7109375,0.6706082820892334,,
train-015292-8519a988adcd4869,2,8,train,9590883285958740073,pointer,W,B,,,I,False,True,,,-13.03125,7.75,0.011956560873332585,,B R C,B,,True,,0.81640625,0.6934729218482971,,
train-015292-8519a988adcd4869,2,9,train,9590883285958740073,pointer,W,J,,,I,False,True,,,-9.25,8.75,0.014848428573239477,,J C T,J,,True,,0.91015625,0.7130321860313416,,
train-015292-8519a988adcd4869,2,10,train,9590883285958740073,pointer,W,C,,,I,False,True,,,-9.6875,8.125,0.019102329605827282,,C D F,C,,True,,1.015625,0.7341195344924927,,
train-015292-8519a988adcd4869,2,11,train,9590883285958740073,pointer,W,H,,,I,False,True,,,-10.625,9.4375,0.006118300262544653,,H A L,H,,True,,1.046875,0.740174412727356,,
train-015292-8519a988adcd4869,2,12,train,9590883285958740073,pointer,W,V,,,I,False,True,,,-8.4375,7.4375,0.03510469299534998,,V E D,V,,True,,1.09375,0.7490872144699097,,
train-016931-8160259db0a157c6,3,1,train,9322492587860383686,pointer,B,P,P,True,R,False,False,2.0265558760002023e-06,14.5625,-16.59375,14.5625,3.488017050343679e-05,1,P C B,P,True,True,8.344646857949556e-07,-0.470703125,0.38444983959198,False,0.48523885011672974
train-016931-8160259db0a157c6,3,2,train,9322492587860383686,pointer,B,L,L,True,R,False,False,5.125986263010418e-06,13.4375,-16.5625,13.4375,7.886809056391496e-05,1,L B C,L,True,True,1.6689160474925302e-05,-0.40234375,0.4007493853569031,False,0.5120753049850464
train-016931-8160259db0a157c6,3,3,train,9322492587860383686,pointer,B,R,R,True,R,True,False,8.487341256113723e-05,11.0,11.0,11.0,0.001113982017086159,1,R L S,R,True,True,0.24718856811523438,-0.10791015625,0.4730486273765564,True,0.7485571503639221
train-016931-8160259db0a157c6,3,4,train,9322492587860383686,pointer,B,W,,,R,False,True,,,-10.125,8.8125,0.012410854127300443,,W A S,W,,True,,0.306640625,0.5760650634765625,,
train-016931-8160259db0a157c6,3,5,train,9322492587860383686,pointer,B,G,,,R,False,True,,,-9.0,7.4375,0.018205293033447225,,G T C,G,,True,,0.68359375,0.6645402908325195,,
train-016931-8160259db0a157c6,3,6,train,9322492587860383686,pointer,B,T,,,R,False,True,,,-9.5,8.5,0.01721870128458943,,T F D,T,,True,,0.828125,0.6959583163261414,,
train-016931-8160259db0a157c6,3,7,train,9322492587860383686,pointer,B,U,,,R,False,True,,,-7.9375,5.0625,0.12399526316742875,,U N A,U,,True,,0.91015625,0.7130321860313416,,
train-016931-8160259db0a157c6,3,8,train,9322492587860383686,pointer,B,U,,,R,False,True,,,-6.75,4.5625,0.37410136453852655,,U D A,U,,True,,0.98828125,0.7287483215332031,,
train-016931-8160259db0a157c6,3,9,train,9322492587860383686,pointer,B,U,,,R,False,True,,,-8.9375,6.625,0.046914135294492995,,U A V,U,,True,,1.03125,0.7371581792831421,,
train-016931-8160259db0a157c6,3,10,train,9322492587860383686,pointer,B,U,,,R,False,True,,,-9.34375,7.25,0.03078178769721477,,U A V,U,,True,,1.0390625,0.7386690378189087,,
train-016931-8160259db0a157c6,3,11,train,9322492587860383686,pointer,B,U,,,R,False,True,,,-9.34375,7.375,0.029811237955654525,,U A V,U,,True,,1.03125,0.7371581792831421,,
train-016931-8160259db0a157c6,3,12,train,9322492587860383686,pointer,B,U,,,R,False,True,,,-9.28125,7.375,0.03094781433412714,,U A V,U,,True,,1.03125,0.7371581792831421,,
train-025068-98b407ebeb1e1885,4,1,train,11003428499416291461,pointer,J,F,F,True,J,False,False,7.867782187531702e-06,13.4375,-14.6875,13.4375,0.0001196886936505585,1,F U C,F,True,True,7.152555099310121e-07,-0.4296875,0.3942009508609772,False,0.5012069344520569
train-025068-98b407ebeb1e1885,4,2,train,11003428499416291461,pointer,J,Z,Z,True,J,False,False,4.0649541915627196e-05,10.9375,-14.1875,10.9375,0.0005215218764691964,1,Z X U,Z,True,True,7.152531907195225e-06,-0.365234375,0.40969306230545044,False,0.527112603187561
train-025068-98b407ebeb1e1885,4,3,train,11003428499416291461,pointer,J,S,S,True,J,False,False,0.00011717586312443018,11.0,-14.40625,11.0,0.0015177798335744104,1,S R U,S,True,True,0.002470895182341337,0.0052490234375,0.501312255859375,False,0.6957751512527466
train-025068-98b407ebeb1e1885,4,4,train,11003428499416291461,pointer,J,J,J,True,J,True,False,0.005904612597078085,6.875,6.875,6.875,0.05286190146037182,1,J T D,J,True,True,0.036405786871910095,0.1357421875,0.5338835716247559,True,0.627577543258667
train-025068-98b407ebeb1e1885,4,5,train,11003428499416291461,pointer,J,F,,,J,False,True,,,-9.4375,8.9375,0.008031167036236086,,F C S,F,,True,,0.46875,0.6150878667831421,,
train-025068-98b407ebeb1e1885,4,6,train,11003428499416291461,pointer,J,Z,,,J,False,True,,,-4.5625,4.5625,0.28202438733756613,,Z J A,Z,,True,,0.59375,0.6442250609397888,,
train-025068-98b407ebeb1e1885,4,7,train,11003428499416291461,pointer,J,S,,,J,False,True,,,-11.78125,8.875,0.013496012424484675,,S R Q,S,,True,,0.8359375,0.6976089477539062,,
train-025068-98b407ebeb1e1885,4,8,train,11003428499416291461,pointer,J,J,,,J,True,True,,,6.625,6.625,0.07310144840541904,,J T D,J,,True,,0.7734375,0.6842640042304993,,
train-025068-98b407ebeb1e1885,4,9,train,11003428499416291461,pointer,J,F,,,J,False,True,,,-9.0625,8.8125,0.009894167511987007,,F C J,F,,True,,0.92578125,0.7162185907363892,,
train-025068-98b407ebeb1e1885,4,10,train,11003428499416291461,pointer,J,Z,,,J,False,True,,,-4.5625,4.5625,0.2790654202683334,,Z J A,Z,,True,,0.90625,0.7122321724891663,,
train-025068-98b407ebeb1e1885,4,11,train,11003428499416291461,pointer,J,S,,,J,False,True,,,-11.75,8.875,0.01364853663828592,,S R Q,S,,True,,1.046875,0.740174412727356,,
train-025068-98b407ebeb1e1885,4,12,train,11003428499416291461,pointer,J,J,,,J,True,True,,,6.5,6.5,0.08093747570041802,,J T D,J,,True,,0.91015625,0.7130321860313416,,
train-024799-9b5a7074237022e7,5,1,train,11194383467895857895,pointer,W,E,E,True,L,False,False,2.8490614567999728e-05,11.5,-14.09375,11.5,0.00038406850490093264,1,E G A,E,True,True,9.417489309271332e-06,-0.408203125,0.3993430435657501,False,0.5097313523292542
train-024799-9b5a7074237022e7,5,2,train,11194383467895857895,pointer,W,I,I,True,L,False,False,4.887569048150908e-06,13.625,-15.0625,13.625,7.983741932429481e-05,1,I S O,I,True,True,5.924526340095326e-05,-0.33203125,0.4177464544773102,False,0.5408493280410767
train-024799-9b5a7074237022e7,5,3,train,11194383467895857895,pointer,W,L,L,True,L,True,False,0.00047231485950760543,9.5625,9.5625,9.5625,0.005488159808218444,1,L N I,L,True,True,0.005282491911202669,0.013427734375,0.5033568739891052,False,0.6998835802078247
train-024799-9b5a7074237022e7,5,4,train,11194383467895857895,pointer,W,N,N,True,L,False,False,0.0010382506297901273,8.75,-8.75,8.75,0.011158407408462257,1,N L M,N,True,True,0.0032523376867175102,0.33203125,0.5822535157203674,False,0.8728805780410767
train-024799-9b5a7074237022e7,5,5,train,11194383467895857895,pointer,W,L,L,True,L,True,False,0.01429190393537283,4.4375,4.4375,4.4375,0.08876433420769218,1,L N D,L,True,True,0.24380746483802795,0.66796875,0.6610482335090637,True,0.4139285385608673
train-024799-9b5a7074237022e7,5,6,train,11194383467895857895,pointer,W,N,,,L,False,True,,,-7.125,7.125,0.026814345739939963,,N L M,N,,True,,0.83203125,0.696784257888794,,
train-024799-9b5a7074237022e7,5,7,train,11194383467895857895,pointer,W,L,,,L,True,True,,,4.9375,4.9375,0.06759181217052065,,L N B,L,,True,,1.0078125,0.7325918078422546,,
train-024799-9b5a7074237022e7,5,8,train,11194383467895857895,pointer,W,N,,,L,False,True,,,-7.0625,7.0625,0.028213174807142794,,N L M,N,,True,,1.0625,0.7431680560112,,
train-024799-9b5a7074237022e7,5,9,train,11194383467895857895,pointer,W,L,,,L,True,True,,,5.0,5.0,0.06612516288099417,,L N C,L,,True,,1.15625,0.7606506943702698,,
train-024799-9b5a7074237022e7,5,10,train,11194383467895857895,pointer,W,N,,,L,False,True,,,-7.0,7.0,0.028544572158747113,,N L M,N,,True,,1.15625,0.7606506943702698,,
train-024799-9b5a7074237022e7,5,11,train,11194383467895857895,pointer,W,L,,,L,True,True,,,4.875,4.875,0.07130980362437082,,L N B,L,,True,,1.2265625,0.7732163667678833,,
train-024799-9b5a7074237022e7,5,12,train,11194383467895857895,pointer,W,N,,,L,False,True,,,-7.0,7.0,0.02861854305080493,,N L M,N,,True,,1.203125,0.7690802216529846,,
train-030524-a6e7463bb3d9a60b,6,1,train,12026658552150599179,pointer,M,P,P,True,Y,False,False,2.9802276912960224e-06,13.9375,-21.3046875,13.9375,4.755379960009755e-05,1,P C G,P,True,True,2.3841855067985307e-07,-0.5859375,0.3575674891471863,False,0.4424935579299927
train-030524-a6e7463bb3d9a60b,6,2,train,12026658552150599179,pointer,M,B,B,True,Y,False,False,1.3828182090946939e-05,11.3125,-22.84375,11.3125,0.0001757933484237664,1,B P C,B,True,True,2.253030106658116e-05,-0.515625,0.37387579679489136,False,0.468206524848938
train-030524-a6e7463bb3d9a60b,6,3,train,12026658552150599179,pointer,M,O,O,True,Y,False,False,0.0007624103454872966,7.6875,-12.59375,7.6875,0.007605223686329705,1,O Q P,O,True,True,0.013041086494922638,-0.13671875,0.46587347984313965,False,0.6271225214004517
train-030524-a6e7463bb3d9a60b,6,4,train,12026658552150599179,pointer,M,C,C,True,Y,False,False,0.005819876212626696,6.125,-11.9375,6.125,0.04877835937190778,1,C M Q,C,True,True,0.2390625923871994,0.275390625,0.5684158205986023,False,0.8402926921844482
train-030524-a6e7463bb3d9a60b,6,5,train,12026658552150599179,pointer,M,V,V,True,Y,False,False,0.0009298768127337098,8.6875,-10.125,8.6875,0.01001500385241196,1,V F C,V,True,True,0.0005472592893056571,0.62109375,0.6504672765731812,False,1.05115807056427
train-030524-a6e7463bb3d9a60b,6,6,train,12026658552150599179,pointer,M,Y,Y,True,Y,True,False,0.00436282716691494,6.625,6.625,6.625,0.03921642956445385,1,Y X O,Y,True,True,0.16770654916763306,0.7109375,0.6706082820892334,True,0.399570107460022
train-030524-a6e7463bb3d9a60b,6,7,train,12026658552150599179,pointer,M,K,,,Y,False,True,,,-11.75,8.25,0.01959451009522353,,K N J,K,,True,,0.74609375,0.6783269643783569,,
train-030524-a6e7463bb3d9a60b,6,8,train,12026658552150599179,pointer,M,L,,,Y,False,True,,,-11.46875,6.125,0.0465508115494403,,L N D,L,,True,,0.8203125,0.6943026781082153,,
train-030524-a6e7463bb3d9a60b,6,9,train,12026658552150599179,pointer,M,A,,,Y,False,True,,,-11.84375,8.4375,0.011886474769846882,,A N E,A,,True,,0.94921875,0.7209580540657043,,
train-030524-a6e7463bb3d9a60b,6,10,train,12026658552150599179,pointer,M,E,,,Y,False,True,,,-9.34375,4.875,0.1816830286366646,,E D A,E,,True,,0.9765625,0.7264255881309509,,
train-030524-a6e7463bb3d9a60b,6,11,train,12026658552150599179,pointer,M,I,,,Y,False,True,,,-11.375,7.125,0.03986144238811765,,I P S,I,,True,,0.9765625,0.7264255881309509,,
train-030524-a6e7463bb3d9a60b,6,12,train,12026658552150599179,pointer,M,D,,,Y,False,True,,,-9.0,5.3125,0.09497890713026637,,D E C,D,,True,,0.9765625,0.7264255881309509,,
train-020796-d564dde7c3497331,8,1,train,15376659015233270577,pointer,K,E,E,True,B,False,False,1.2636104656849056e-05,12.53125,-15.40625,12.53125,0.00018389150803881706,1,E A G,E,True,True,5.125986263010418e-06,-0.423828125,0.3956010639667511,False,0.5035208463668823
train-020796-d564dde7c3497331,8,2,train,15376659015233270577,pointer,K,Q,Q,True,B,False,False,3.3378546504536644e-06,13.1875,-19.0,13.1875,4.877733058704767e-05,1,Q P O,Q,True,True,2.5033637939486653e-05,-0.384765625,0.40497803688049316,False,0.5191568732261658
train-020796-d564dde7c3497331,8,3,train,15376659015233270577,pointer,K,O,O,True,B,False,False,0.0011366104008629918,8.3125,-11.125,8.3125,0.011959897234455199,1,O N A,O,True,True,0.1968548744916916,-0.0791015625,0.48023492097854614,False,0.654378354549408
train-020796-d564dde7c3497331,8,4,train,15376659015233270577,pointer,K,P,P,True,B,False,False,0.0015608996618539095,6.8125,-11.6875,6.8125,0.013929725217164998,1,P Y C,P,True,True,0.181939959526062,0.240234375,0.5597714185714722,False,0.8204611539840698
train-020796-d564dde7c3497331,8,5,train,15376659015233270577,pointer,K,Y,Y,True,B,False,False,0.0019527667900547385,8.5,-10.0625,8.5,0.020000561083296814,1,Y K X,Y,True,True,0.0035097922664135695,0.55859375,0.6361271142959595,False,1.0109505653381348
train-020796-d564dde7c3497331,8,6,train,15376659015233270577,pointer,K,G,G,True,B,False,False,0.005852823611348867,6.25,-8.9375,6.25,0.051027175824583874,1,G E C,G,True,True,0.06052689254283905,0.8203125,0.6943026781082153,False,1.1851598024368286
train-020796-d564dde7c3497331,8,7,train,15376659015233270577,pointer,K,M,M,True,B,False,False,0.006894371006637812,6.5,-9.5,6.5,0.05898963652754687,1,M L N,M,True,True,0.1619427502155304,0.984375,0.7279754281044006,False,1.3018629550933838
train-020796-d564dde7c3497331,8,8,train,15376659015233270577,pointer,K,B,B,True,B,True,False,0.0012051946250721812,8.0,8.0,8.0,0.012389016436241754,1,B C A,B,True,True,0.0032004110980778933,0.99609375,0.730289876461029,True,0.31431373953819275
train-020796-d564dde7c3497331,8,9,train,15376659015233270577,pointer,K,C,,,B,False,True,,,-9.9375,7.875,0.016958368076292887,,C D R,C,,True,,1.078125,0.7461389899253845,,
train-020796-d564dde7c3497331,8,10,train,15376659015233270577,pointer,K,U,,,B,False,True,,,-9.0625,7.75,0.015574198005906844,,U A L,U,,True,,1.0546875,0.74167400598526,,
train-020796-d564dde7c3497331,8,11,train,15376659015233270577,pointer,K,F,,,B,False,True,,,-7.125,6.375,0.07720577595189387,,F G B,F,,True,,1.1171875,0.7534666657447815,,
train-020796-d564dde7c3497331,8,12,train,15376659015233270577,pointer,K,Z,,,B,False,True,,,-8.6875,7.0,0.06360892599371487,,Z Q A,Z,,True,,1.203125,0.7690802216529846,,
train-001933-375e70f2ba504574,10,1,train,3989750507707057524,pointer,J,K,K,True,R,False,False,2.3841855067985307e-07,15.84375,-15.84375,15.84375,5.712520073399747e-06,1,K R J,K,True,True,1.0728830375228426e-06,-0.3984375,0.4016878008842468,False,0.5136426091194153
train-001933-375e70f2ba504574,10,2,train,3989750507707057524,pointer,J,U,U,True,R,False,False,8.344646857949556e-07,15.1875,-18.3125,15.1875,1.1970914275892572e-05,1,U T D,U,True,True,2.634490556374658e-05,-0.3984375,0.4016878008842468,False,0.5136426091194153
train-001933-375e70f2ba504574,10,3,train,3989750507707057524,pointer,J,G,G,True,R,False,False,0.0014178233686834574,8.4375,-9.125,8.4375,0.014759042361206589,1,G M F,G,True,True,0.0046434905380010605,-0.034423828125,0.49139487743377686,False,0.6760833859443665
train-001933-375e70f2ba504574,10,4,train,3989750507707057524,pointer,J,M,M,True,R,False,False,0.0010406322544440627,8.4375,-9.6875,8.4375,0.010987792603601528,1,M S L,M,True,True,1.0546818971633911,0.318359375,0.5789243578910828,False,0.8649427890777588
train-001933-375e70f2ba504574,10,5,train,3989750507707057524,pointer,J,A,A,True,R,False,False,0.0018237876938655972,7.6875,-11.625,7.6875,0.01791908920819153,1,A L B,A,True,True,0.03296224772930145,0.5078125,0.6242935657501221,False,0.9789471626281738
train-001933-375e70f2ba504574,10,6,train,3989750507707057524,pointer,J,X,X,True,R,False,False,0.005144097842276096,6.3125,-9.65625,6.3125,0.04500141811950869,1,X A U,X,True,True,0.015737267211079597,0.66796875,0.6610482335090637,False,1.081897258758545
train-001933-375e70f2ba504574,10,7,train,3989750507707057524,pointer,J,O,O,True,R,False,False,0.0010638536186888814,8.0,-12.625,8.0,0.010613313784793948,1,O A N,O,True,True,0.08895396441221237,0.67578125,0.6627964973449707,False,1.0870685577392578
train-001933-375e70f2ba504574,10,8,train,3989750507707057524,pointer,J,I,I,True,R,False,False,0.011821689084172249,6.0,-7.4375,6.0,0.0966863714814012,1,I C T,I,True,True,0.0018408034229651093,0.87890625,0.7065955400466919,False,1.226203203201294
train-001933-375e70f2ba504574,10,9,train,3989750507707057524,pointer,J,C,C,True,R,False,False,0.002033786615356803,7.375,-9.125,7.375,0.01981440907908945,1,C D S,C,True,True,0.06189635023474693,0.9921875,0.729519784450531,False,1.3075562715530396
train-001933-375e70f2ba504574,10,10,train,3989750507707057524,pointer,J,R,R,True,R,True,False,0.003453008132055402,8.0,8.0,8.0,0.03317701603139587,1,R A L,R,True,True,0.007274094969034195,1.015625,0.7341195344924927,True,0.3090834319591522
train-001933-375e70f2ba504574,10,11,train,3989750507707057524,pointer,J,D,,,R,False,True,,,-9.5,7.375,0.03252835141811846,,D C S,D,,True,,1.1328125,0.7563575506210327,,
train-001933-375e70f2ba504574,10,12,train,3989750507707057524,pointer,J,V,,,R,False,True,,,-6.5,5.5,0.21223390211846607,,V X L,V,,True,,1.15625,0.7606506943702698,,
train-009746-13fede6ce2c0ace2,12,1,train,1440833490047249634,pointer,I,M,M,True,A,False,False,5.8412379075889476e-06,13.71875,-14.28125,13.71875,9.19916237296279e-05,1,M C R,M,True,True,2.145764938177308e-06,-0.26171875,0.43494126200675964,False,0.5708255767822266
train-009746-13fede6ce2c0ace2,12,2,train,1440833490047249634,pointer,I,J,J,True,A,False,False,4.172316494077677e-06,13.625,-15.4375,13.625,6.594809852001296e-05,1,J T B,J,True,True,1.1801649634435307e-05,-0.34765625,0.4139508903026581,False,0.5343517065048218
train-009746-13fede6ce2c0ace2,12,3,train,1440833490047249634,pointer,I,O,O,True,A,False,False,0.00015889335190877318,10.25,-10.8125,10.25,0.0019096213224050703,1,O P U,O,True,True,0.0016268364852294326,-0.017822265625,0.49554455280303955,False,0.68427574634552
train-009746-13fede6ce2c0ace2,12,4,train,1440833490047249634,pointer,I,G,G,True,A,False,False,0.002948106499388814,7.625,-9.90625,7.625,0.028778571583881772,1,G F W,G,True,True,0.0015343570848926902,0.3671875,0.590779185295105,False,0.8935004472732544
train-009746-13fede6ce2c0ace2,12,5,train,1440833490047249634,pointer,I,C,C,True,A,False,False,0.003101303242146969,6.875,-9.375,6.875,0.028602839416298587,1,C D S,C,True,True,0.16884055733680725,0.66796875,0.6610482335090637,False,1.081897258758545
train-009746-13fede6ce2c0ace2,12,6,train,1440833490047249634,pointer,I,V,V,True,A,False,False,0.0021975908894091845,7.6875,-9.3125,7.6875,0.021879232542872332,1,V D C,V,True,True,0.004485664423555136,0.83984375,0.6984323263168335,False,1.198760747909546
train-009746-13fede6ce2c0ace2,12,7,train,1440833490047249634,pointer,I,R,R,True,A,False,False,0.00225242436863482,8.375,-10.0625,8.375,0.022501980204543897,1,R D P,R,True,True,0.003184250323101878,1.0,0.7310585975646973,False,1.3132617473602295
train-009746-13fede6ce2c0ace2,12,8,train,1440833490047249634,pointer,I,F,F,True,A,False,False,0.001580062322318554,8.3125,-9.875,8.3125,0.01616170020895032,1,F G S,F,True,True,0.11485414952039719,1.03125,0.7371581792831421,False,1.33620285987854
train-009746-13fede6ce2c0ace2,12,9,train,1440833490047249634,pointer,I,U,U,True,A,False,False,0.0007857572636567056,8.5,-8.5,8.5,0.008454393405799118,1,U A E,U,True,True,0.001995835453271866,1.0390625,0.7386690378189087,False,1.3419678211212158
train-009746-13fede6ce2c0ace2,12,10,train,1440833490047249634,pointer,I,Y,Y,True,A,False,False,0.0015519729349762201,7.8125,-8.8125,7.8125,0.015604555857505434,1,Y X U,Y,True,True,0.004546780604869127,1.09375,0.7490872144699097,False,1.3826498985290527
train-009746-13fede6ce2c0ace2,12,11,train,1440833490047249634,pointer,I,X,X,True,A,False,False,0.010444268584251404,6.375,-6.375,6.375,0.08731869433862408,1,X A Y,X,True,True,0.03928348794579506,1.03125,0.7371581792831421,False,1.33620285987854
train-009746-13fede6ce2c0ace2,12,12,train,1440833490047249634,pointer,I,A,A,True,A,True,False,0.0021029042545706034,7.6875,7.6875,7.6875,0.02090629283146526,1,A O I,A,True,True,0.0013066334649920464,1.09375,0.7490872144699097,True,0.28889986872673035
train-003015-7ce6850f491efb56,1,1,train,9000027206044285782,pointer,M,I,I,True,I,True,False,3.4570634852570947e-06,14.15625,14.15625,14.15625,5.584659034166103e-05,1,I O S,I,True,True,1.311301275563892e-06,0.07421875,0.5185461640357971,True,0.6567261815071106
train-003015-7ce6850f491efb56,1,2,train,9000027206044285782,pointer,M,F,,,I,False,True,,,-15.1875,11.1875,0.00025073357136101205,,F T C,F,,True,,-0.027587890625,0.4931034445762634,,
train-003015-7ce6850f491efb56,1,3,train,9000027206044285782,pointer,M,G,,,I,False,True,,,-12.28125,9.625,0.005415744014143699,,G A J,G,,True,,0.255859375,0.5636181831359863,,
train-003015-7ce6850f491efb56,1,4,train,9000027206044285782,pointer,M,Z,,,I,False,True,,,-11.21875,7.6875,0.029052911165855035,,Z F A,Z,,True,,0.419921875,0.6034645438194275,,
train-003015-7ce6850f491efb56,1,5,train,9000027206044285782,pointer,M,V,,,I,False,True,,,-10.125,8.0,0.015461136943247215,,V F D,V,,True,,0.7421875,0.6774740219116211,,
train-003015-7ce6850f491efb56,1,6,train,9000027206044285782,pointer,M,X,,,I,False,True,,,-8.3125,5.875,0.05340368690168424,,X U V,X,,True,,0.82421875,0.6951311230659485,,
train-003015-7ce6850f491efb56,1,7,train,9000027206044285782,pointer,M,P,,,I,False,True,,,-10.0625,9.5625,0.004530491818075234,,P A I,P,,True,,0.828125,0.6959583163261414,,
train-003015-7ce6850f491efb56,1,8,train,9000027206044285782,pointer,M,C,,,I,False,True,,,-11.03125,7.875,0.018240997003641693,,C S R,C,,True,,0.9296875,0.7170118689537048,,
train-003015-7ce6850f491efb56,1,9,train,9000027206044285782,pointer,M,L,,,I,False,True,,,-9.5625,7.0625,0.023203125088021553,,L N D,L,,True,,0.9453125,0.7201715111732483,,
train-003015-7ce6850f491efb56,1,10,train,9000027206044285782,pointer,M,O,,,I,False,True,,,-12.09375,9.0625,0.0066798881320696045,,O P U,O,,True,,0.9609375,0.7233095169067383,,
train-003015-7ce6850f491efb56,1,11,train,9000027206044285782,pointer,M,U,,,I,False,True,,,-7.75,5.625,0.14810752998024407,,U Q X,U,,True,,0.94921875,0.7209580540657043,,
train-003015-7ce6850f491efb56,1,12,train,9000027206044285782,pointer,M,Q,,,I,False,True,,,-10.5,8.5,0.010705369938079096,,Q Y K,Q,,True,,0.9609375,0.7233095169067383,,
train-032401-0d39fad330c459ca,2,1,train,953068581128788426,pointer,C,R,R,True,K,False,False,2.3841830625315197e-06,14.5625,-16.8125,14.5625,4.205226242699183e-05,1,R T Q,R,True,True,1.4305104514278355e-06,-0.328125,0.41869693994522095,False,0.5424830317497253
train-032401-0d39fad330c459ca,2,2,train,953068581128788426,pointer,C,K,K,True,K,True,False,4.6491513785440475e-06,13.75,13.75,13.75,7.469388661744264e-05,1,K R A,K,True,True,3.814689989667386e-06,-0.3203125,0.4205995798110962,True,0.8660739660263062
train-032401-0d39fad330c459ca,2,3,train,953068581128788426,pointer,C,T,,,K,False,True,,,-10.6875,10.5625,0.002500488870579625,,T S K,T,,True,,-0.01177978515625,0.4970550835132599,,
train-032401-0d39fad330c459ca,2,4,train,953068581128788426,pointer,C,B,,,K,False,True,,,-7.75,6.9375,0.04318504052874971,,B X A,B,,True,,0.345703125,0.5855752229690552,,
train-032401-0d39fad330c459ca,2,5,train,953068581128788426,pointer,C,X,,,K,False,True,,,-9.125,7.75,0.02759857086563557,,X A Y,X,,True,,0.69921875,0.6680145263671875,,
train-032401-0d39fad330c459ca,2,6,train,953068581128788426,pointer,C,P,,,K,False,True,,,-8.875,5.8125,0.03954604456669525,,P A S,P,,True,,0.828125,0.6959583163261414,,
train-032401-0d39fad330c459ca,2,7,train,953068581128788426,pointer,C,A,,,K,False,True,,,-7.9375,7.625,0.025072608138419827,,A B K,A,,True,,0.97265625,0.7256485819816589,,
train-032401-0d39fad330c459ca,2,8,train,953068581128788426,pointer,C,W,,,K,False,True,,,-8.4375,7.125,0.03841986535830203,,W Y D,W,,True,,1.0234375,0.735641598701477,,
train-032401-0d39fad330c459ca,2,9,train,953068581128788426,pointer,C,M,,,K,False,True,,,-8.90625,6.6875,0.05046539791241712,,M S T,M,,True,,1.09375,0.7490872144699097,,
train-032401-0d39fad330c459ca,2,10,train,953068581128788426,pointer,C,Y,,,K,False,True,,,-9.125,8.0,0.01574836077130045,,Y A K,Y,,True,,1.1484375,0.7592254281044006,,
train-032401-0d39fad330c459ca,2,11,train,953068581128788426,pointer,C,H,,,K,False,True,,,-9.25,8.75,0.018071857331746904,,H A T,H,,True,,1.1875,0.7662936449050903,,
train-032401-0d39fad330c459ca,2,12,train,953068581128788426,pointer,C,Q,,,K,False,True,,,-11.28125,6.5,0.019034889780520727,,Q P R,Q,,True,,1.203125,0.7690802216529846,,
train-015518-030d53432fdc1f7e,3,1,train,219923504841891710,pointer,P,O,O,True,Y,False,False,6.198863957251888e-06,12.59375,-18.2421875,12.59375,9.135644481009441e-05,1,O A P,O,True,True,2.3841830625315197e-06,-0.353515625,0.41253018379211426,False,0.5319303274154663
train-015518-030d53432fdc1f7e,3,2,train,219923504841891710,pointer,P,X,X,True,Y,False,False,1.0728830375228426e-06,15.25,-16.5625,15.25,1.9494156047125783e-05,1,X A K,X,True,True,1.811964830267243e-05,-0.333984375,0.4172714650630951,False,0.5400338768959045
train-015518-030d53432fdc1f7e,3,3,train,219923504841891710,pointer,P,Y,Y,True,Y,True,False,7.903263758635148e-05,11.25,11.25,11.25,0.0010384626001169225,1,Y I A,Y,True,True,0.0008118432597257197,1.4603137969970703e-06,0.5000003576278687,True,0.6931464672088623
train-015518-030d53432fdc1f7e,3,4,train,219923504841891710,pointer,P,T,,,Y,False,True,,,-9.625,7.5,0.032142543083970576,,T S A,T,,True,,0.33203125,0.5822535157203674,,
train-015518-030d53432fdc1f7e,3,5,train,219923504841891710,pointer,P,J,,,Y,False,True,,,-9.625,7.125,0.04543419170175846,,J F Q,J,,True,,0.5390625,0.6315943002700806,,
train-015518-030d53432fdc1f7e,3,6,train,219923504841891710,pointer,P,L,,,Y,False,True,,,-10.5,7.75,0.03629052620562158,,L D J,L,,True,,0.75,0.6791787147521973,,
train-015518-030d53432fdc1f7e,3,7,train,219923504841891710,pointer,P,P,,,Y,False,True,,,-12.84375,8.1875,0.011207971469199345,,P M C,P,,True,,0.8203125,0.6943026781082153,,
train-015518-030d53432fdc1f7e,3,8,train,219923504841891710,pointer,P,O,,,Y,False,True,,,-10.875,8.125,0.012837344566435352,,O A U,O,,True,,0.9375,0.7185943722724915,,
train-015518-030d53432fdc1f7e,3,9,train,219923504841891710,pointer,P,X,,,Y,False,True,,,-7.1875,5.875,0.09797508390281322,,X K F,X,,True,,0.92578125,0.7162185907363892,,
train-015518-030d53432fdc1f7e,3,10,train,219923504841891710,pointer,P,Y,,,Y,True,True,,,5.875,5.875,0.15865599709569453,,Y K L,Y,,True,,1.03125,0.7371581792831421,,
train-015518-030d53432fdc1f7e,3,11,train,219923504841891710,pointer,P,T,,,Y,False,True,,,-8.59375,6.75,0.06409774825152434,,T S A,T,,True,,1.078125,0.7461389899253845,,
train-015518-030d53432fdc1f7e,3,12,train,219923504841891710,pointer,P,J,,,Y,False,True,,,-9.4375,7.0,0.05132358973329974,,J F M,J,,True,,1.0546875,0.74167400598526,,
train-005862-0a7c4a6df369611f,4,1,train,755560673587061023,pointer,N,U,U,True,I,False,False,2.264974000354414e-06,14.40625,-17.171875,14.40625,3.8698091417101436e-05,1,U A V,U,True,True,9.536738616588991e-07,-0.431640625,0.3937346339225769,False,0.5004374980926514
train-005862-0a7c4a6df369611f,4,2,train,755560673587061023,pointer,N,T,T,True,I,False,False,5.960462772236497e-07,15.375,-18.46875,15.375,1.0437431037851698e-05,1,T U S,T,True,True,5.304672595229931e-05,-0.427734375,0.39466747641563416,False,0.5019773244857788
train-005862-0a7c4a6df369611f,4,3,train,755560673587061023,pointer,N,O,O,True,I,False,False,7.116541382856667e-05,10.375,-16.09375,10.375,0.0008953244819311901,1,O N U,O,True,True,0.04305346682667732,-0.095703125,0.47609245777130127,False,0.6464400887489319
train-005862-0a7c4a6df369611f,4,4,train,755560673587061023,pointer,N,I,I,True,I,True,False,0.0035756006836891174,7.9375,7.9375,7.9375,0.03445249104011602,1,I S K,I,True,True,0.06259812414646149,0.267578125,0.5664982199668884,True,0.5682812929153442
train-005862-0a7c4a6df369611f,4,5,train,755560673587061023,pointer,N,F,,,I,False,True,,,-8.875,7.4375,0.03213517254416201,,F G T,F,,True,,0.5703125,0.6388352513313293,,
train-005862-0a7c4a6df369611f,4,6,train,755560673587061023,pointer,N,A,,,I,False,True,,,-7.90625,5.6875,0.1862264239500008,,A L D,A,,True,,0.6953125,0.6671476364135742,,
train-005862-0a7c4a6df369611f,4,7,train,755560673587061023,pointer,N,B,,,I,False,True,,,-9.9375,7.1875,0.022918705209780652,,B A C,B,,True,,0.8046875,0.6909762620925903,,
train-005862-0a7c4a6df369611f,4,8,train,755560673587061023,pointer,N,D,,,I,False,True,,,-10.03125,6.0625,0.0647048304659024,,D E L,D,,True,,1.046875,0.740174412727356,,
train-005862-0a7c4a6df369611f,4,9,train,755560673587061023,pointer,N,L,,,I,False,True,,,-9.0,8.0,0.021176197601819133,,L N W,L,,True,,1.09375,0.7490872144699097,,
train-005862-0a7c4a6df369611f,4,10,train,755560673587061023,pointer,N,W,,,I,False,True,,,-11.0625,8.375,0.013771001227224555,,W X A,W,,True,,1.15625,0.7606506943702698,,
train-005862-0a7c4a6df369611f,4,11,train,755560673587061023,pointer,N,Q,,,I,False,True,,,-11.71875,6.6875,0.019816562444939397,,Q P O,Q,,True,,1.15625,0.7606506943702698,,
train-005862-0a7c4a6df369611f,4,12,train,755560673587061023,pointer,N,R,,,I,False,True,,,-10.3125,8.0,0.020222653920315078,,R S D,R,,True,,1.171875,0.7634837031364441,,
train-026770-0c5aad758e55ff71,5,1,train,890214596769873777,pointer,R,W,W,True,E,False,False,4.6491513785440475e-06,12.59375,-16.84375,12.59375,6.774042477543492e-05,1,W V A,W,True,True,2.0265558760002023e-06,-0.46875,0.3849121630191803,False,0.48599016666412354
train-026770-0c5aad758e55ff71,5,2,train,890214596769873777,pointer,R,L,L,True,E,False,False,8.4638240878121e-06,12.9375,-16.40625,12.9375,0.0001255872747274359,1,L I C,L,True,True,9.894321920000948e-06,-0.419921875,0.3965354859828949,False,0.5050680041313171
train-026770-0c5aad758e55ff71,5,3,train,890214596769873777,pointer,R,S,S,True,E,False,False,0.00030214988510124385,10.125,-12.78125,10.125,0.0036149133190380746,1,S R T,S,True,True,0.001259129960089922,0.0047607421875,0.501190185546875,False,0.695530354976654
train-026770-0c5aad758e55ff71,5,4,train,890214596769873777,pointer,R,C,C,True,E,False,False,0.0025475923903286457,7.75,-10.0625,7.75,0.02501524537768274,1,C A D,C,True,True,0.03211076185107231,0.376953125,0.5931380391120911,False,0.8992812633514404
train-026770-0c5aad758e55ff71,5,5,train,890214596769873777,pointer,R,E,E,True,E,True,False,0.0018305702833458781,8.0,8.0,8.0,0.01834018500120334,1,E A F,E,True,True,0.009620139375329018,0.609375,0.6477982401847839,True,0.4341760277748108
train-026770-0c5aad758e55ff71,5,6,train,890214596769873777,pointer,R,L,,,E,False,True,,,-9.4375,5.625,0.06649344175197798,,L S R,L,,True,,0.8125,0.6926419734954834,,
train-026770-0c5aad758e55ff71,5,7,train,890214596769873777,pointer,R,S,,,E,False,True,,,-10.5625,8.125,0.02256979220509557,,S T R,S,,True,,0.95703125,0.722527027130127,,
train-026770-0c5aad758e55ff71,5,8,train,890214596769873777,pointer,R,C,,,E,False,True,,,-9.625,7.4375,0.034283382942737174,,C A D,C,,True,,1.046875,0.740174412727356,,
train-026770-0c5aad758e55ff71,5,9,train,890214596769873777,pointer,R,E,,,E,True,True,,,7.875,7.875,0.020846282905118637,,E A F,E,,True,,1.078125,0.7461389899253845,,
train-026770-0c5aad758e55ff71,5,10,train,890214596769873777,pointer,R,L,,,E,False,True,,,-9.375,5.625,0.06712082752591923,,L S R,L,,True,,1.125,0.7549149990081787,,
train-026770-0c5aad758e55ff71,5,11,train,890214596769873777,pointer,R,S,,,E,False,True,,,-10.59375,8.1875,0.021873518535779388,,S T R,S,,True,,1.1640625,0.7620701193809509,,
train-026770-0c5aad758e55ff71,5,12,train,890214596769873777,pointer,R,C,,,E,False,True,,,-9.625,7.4375,0.03429850214422997,,C A D,C,,True,,1.1875,0.7662936449050903,,
train-023198-6d4afa17a35b5954,6,1,train,7875381877842598228,pointer,O,T,T,True,J,False,False,2.0265558760002023e-06,14.46875,-17.734375,14.46875,3.480617011657762e-05,1,T W R,T,True,True,9.536738616588991e-07,-0.5625,0.36296918988227844,False,0.45093727111816406
train-023198-6d4afa17a35b5954,6,2,train,7875381877842598228,pointer,O,G,G,True,J,False,False,1.5497195136049413e-06,14.1875,-17.25,14.1875,2.5075251995311834e-05,1,G C E,G,True,True,2.3483953555114567e-05,-0.5625,0.36296918988227844,False,0.45093727111816406
train-023198-6d4afa17a35b5954,6,3,train,7875381877842598228,pointer,O,V,V,True,J,False,False,0.0009439303539693356,8.75,-9.5,8.75,0.010144075800975056,1,V L E,V,True,True,0.006624641828238964,-0.0419921875,0.48950350284576416,False,0.672371506690979
train-023198-6d4afa17a35b5954,6,4,train,7875381877842598228,pointer,O,U,U,True,J,False,False,0.00044252615771256387,9.75,-12.40625,9.75,0.005132307714562674,1,U L A,U,True,True,0.0011686407960951328,0.279296875,0.5693738460540771,False,0.8425149321556091
train-023198-6d4afa17a35b5954,6,5,train,7875381877842598228,pointer,O,F,F,True,J,False,False,0.0005497612874023616,9.4375,-11.1875,9.4375,0.006281907461004469,1,F A C,F,True,True,0.9632564783096313,0.5390625,0.6315943002700806,False,0.9985705614089966
train-023198-6d4afa17a35b5954,6,6,train,7875381877842598228,pointer,O,J,J,True,J,True,False,0.008667940273880959,6.75,6.75,6.75,0.07449962489356891,1,J G K,J,True,True,0.026795437559485435,0.58203125,0.6415346264839172,True,0.44389206171035767
train-023198-6d4afa17a35b5954,6,7,train,7875381877842598228,pointer,O,W,,,J,False,True,,,-8.9375,6.8125,0.05813860879643221,,W V A,W,,True,,0.79296875,0.6884684562683105,,
train-023198-6d4afa17a35b5954,6,8,train,7875381877842598228,pointer,O,A,,,J,False,True,,,-8.53125,5.8125,0.13219325678405772,,A S F,A,,True,,0.9296875,0.7170118689537048,,
train-023198-6d4afa17a35b5954,6,9,train,7875381877842598228,pointer,O,M,,,J,False,True,,,-8.375,4.9375,0.1112734450066471,,M P S,M,,True,,0.95703125,0.722527027130127,,
train-023198-6d4afa17a35b5954,6,10,train,7875381877842598228,pointer,O,Z,,,J,False,True,,,-10.59375,7.75,0.03575889708933868,,Z X S,Z,,True,,0.98046875,0.7272012233734131,,
train-023198-6d4afa17a35b5954,6,11,train,7875381877842598228,pointer,O,K,,,J,False,True,,,-9.8125,8.375,0.01989603596643878,,K D G,K,,True,,0.97265625,0.7256485819816589,,
train-023198-6d4afa17a35b5954,6,12,train,7875381877842598228,pointer,O,D,,,J,False,True,,,-9.5625,6.3125,0.09471581448269673,,D S E,D,,True,,1.0078125,0.7325918078422546,,
train-000132-034de662d04de031,8,1,train,238099667396452401,pointer,S,U,U,True,E,False,False,2.264974000354414e-06,14.125,-17.75,14.125,3.7626459725641394e-05,1,U V A,U,True,True,8.344646857949556e-07,-0.5078125,0.3757064640522003,False,0.47113466262817383
train-000132-034de662d04de031,8,2,train,238099667396452401,pointer,S,X,X,True,E,False,False,5.960462772236497e-07,15.1875,-19.875,15.1875,1.0577442002653664e-05,1,X U C,X,True,True,1.9192511899746023e-05,-0.431640625,0.3937346339225769,False,0.5004374980926514
train-000132-034de662d04de031,8,3,train,238099667396452401,pointer,S,J,J,True,E,False,False,0.00025674383505247533,9.625,-13.375,9.625,0.0030903331271252936,1,J K Q,J,True,True,0.07176852971315384,-0.1572265625,0.46077415347099304,False,0.6176207661628723
train-000132-034de662d04de031,8,4,train,238099667396452401,pointer,S,C,C,True,E,False,False,0.0005944392178207636,9.0,-11.625,9.0,0.006607345919133963,1,C D S,C,True,True,0.021781977266073227,0.234375,0.5583270192146301,False,0.8171855211257935
train-000132-034de662d04de031,8,5,train,238099667396452401,pointer,S,B,B,True,E,False,False,0.0014300844632089138,7.75,-11.40625,7.75,0.014104644067677976,1,B A C,B,True,True,0.0633363351225853,0.52734375,0.6288633942604065,False,0.9911850094795227
train-000132-034de662d04de031,8,6,train,238099667396452401,pointer,S,F,F,True,E,False,False,0.0021308590658009052,8.0625,-9.9375,8.0625,0.021318044800845117,1,F T G,F,True,True,0.011197817511856556,0.84375,0.6992544531822205,False,1.2014906406402588
train-000132-034de662d04de031,8,7,train,238099667396452401,pointer,S,R,R,True,E,False,False,0.002241005888208747,8.125,-8.5,8.125,0.02232540663065422,1,R T S,R,True,True,0.18437525629997253,0.98046875,0.7272012233734131,False,1.299020767211914
train-000132-034de662d04de031,8,8,train,238099667396452401,pointer,S,E,E,True,E,True,False,0.0015100754098966718,8.3125,8.3125,8.3125,0.015333990016340794,1,E C F,E,True,True,0.004031389020383358,1.125,0.7549149990081787,True,0.28115013241767883
train-000132-034de662d04de031,8,9,train,238099667396452401,pointer,S,T,,,E,False,True,,,-13.0625,9.1875,0.007223304877130407,,T R S,T,,True,,1.09375,0.7490872144699097,,
train-000132-034de662d04de031,8,10,train,238099667396452401,pointer,S,L,,,E,False,True,,,-9.4375,4.875,0.09402484484829318,,L N Q,L,,True,,1.171875,0.7634837031364441,,
train-000132-034de662d04de031,8,11,train,238099667396452401,pointer,S,H,,,E,False,True,,,-10.25,8.0625,0.019482776542191025,,H X A,H,,True,,1.1796875,0.7648916244506836,,
train-000132-034de662d04de031,8,12,train,238099667396452401,pointer,S,O,,,E,False,True,,,-10.15625,7.3125,0.025682196809560416,,O P A,O,,True,,1.2109375,0.7704647779464722,,
train-005758-cbaafe03cdd0b3ab,10,1,train,14675821628031546283,pointer,T,M,M,True,F,False,False,1.0013530300057027e-05,13.0625,-15.421875,13.0625,0.00015186606097511568,1,M C A,M,True,True,2.50339189733495e-06,-0.3203125,0.4205995798110962,False,0.5457614660263062
train-005758-cbaafe03cdd0b3ab,10,2,train,14675821628031546283,pointer,T,N,N,True,F,False,False,4.172316494077677e-06,12.9375,-18.90625,12.9375,6.31177022489544e-05,1,N M S,N,True,True,3.9934315282152966e-05,-0.33984375,0.41584745049476624,False,0.5375931262969971
train-005758-cbaafe03cdd0b3ab,10,3,train,14675821628031546283,pointer,T,W,W,True,F,False,False,8.713819261174649e-05,11.0,-12.9375,11.0,0.0011410202230850229,1,W A X,W,True,True,0.0016317160334438086,-0.08154296875,0.47962552309036255,False,0.6532065868377686
train-005758-cbaafe03cdd0b3ab,10,4,train,14675821628031546283,pointer,T,X,X,True,F,False,False,0.002369217574596405,7.8125,-11.0625,7.8125,0.023516419135130265,1,X A E,X,True,True,0.018145278096199036,0.376953125,0.5931380391120911,False,0.8992812633514404
train-005758-cbaafe03cdd0b3ab,10,5,train,14675821628031546283,pointer,T,I,I,True,F,False,False,0.002748642349615693,7.4375,-10.0,7.4375,0.026789479293793668,1,I J X,I,True,True,0.014501064084470272,0.66796875,0.6610482335090637,False,1.081897258758545
train-005758-cbaafe03cdd0b3ab,10,6,train,14675821628031546283,pointer,T,J,J,True,F,False,False,0.003654232481494546,7.8125,-9.6875,7.8125,0.03494439054093224,1,J Y Q,J,True,True,0.9216117858886719,0.6875,0.665410578250885,False,1.094851016998291
train-005758-cbaafe03cdd0b3ab,10,7,train,14675821628031546283,pointer,T,O,O,True,F,False,False,0.0036157488357275724,6.375,-9.25,6.375,0.031523826463256646,1,O P N,O,True,True,0.01643981598317623,0.75,0.6791787147521973,False,1.136871099472046
train-005758-cbaafe03cdd0b3ab,10,8,train,14675821628031546283,pointer,T,P,P,True,F,False,False,0.0010742137674242258,8.75,-10.1875,8.75,0.011566239930624621,1,P A T,P,True,True,0.003814683761447668,0.8203125,0.6943026781082153,False,1.1851598024368286
train-005758-cbaafe03cdd0b3ab,10,9,train,14675821628031546283,pointer,T,E,E,True,F,False,False,0.006389901507645845,6.5,-7.5625,6.5,0.05433867171784567,1,E D C,E,True,True,0.2005746066570282,0.94921875,0.7209580540657043,False,1.276393175125122
train-005758-cbaafe03cdd0b3ab,10,10,train,14675821628031546283,pointer,T,F,F,True,F,True,False,0.002381704980507493,8.125,8.125,8.125,0.02338862086484725,1,F A G,F,True,True,0.12192167341709137,1.0625,0.7431680560112,True,0.2968331575393677
train-005758-cbaafe03cdd0b3ab,10,11,train,14675821628031546283,pointer,T,U,,,F,False,True,,,-10.40625,6.9375,0.026219841136909533,,U A L,U,,True,,1.0703125,0.7446563243865967,,
train-005758-cbaafe03cdd0b3ab,10,12,train,14675821628031546283,pointer,T,L,,,F,False,True,,,-8.6875,7.5,0.048479251847360294,,L W D,L,,True,,1.109375,0.7520126104354858,,
train-018719-95574bc6546993de,12,1,train,10761153149816902622,pointer,G,J,J,True,D,False,False,8.344646857949556e-07,15.40625,-15.59375,15.40625,1.437589907326982e-05,1,J B D,J,True,True,1.9073468138230965e-06,-0.51953125,0.3729618489742279,False,0.4667479395866394
train-018719-95574bc6546993de,12,2,train,10761153149816902622,pointer,G,W,W,True,D,False,False,5.125986263010418e-06,13.0,-16.1875,13.0,8.032018550875101e-05,1,W V X,W,True,True,5.018585216021165e-05,-0.46484375,0.3858373761177063,False,0.4874955415725708
train-018719-95574bc6546993de,12,3,train,10761153149816902622,pointer,G,M,E,False,D,False,False,1.4085710048675537,-1.125,-8.5625,1.125,0.5786535406397124,2,M E P,M,False,True,1.0638713836669922,0.0247802734375,0.5061947703361511,False,0.7056140899658203
train-018719-95574bc6546993de,12,4,train,10761153149816902622,pointer,G,M,M,True,D,False,False,0.010927360504865646,5.0,-8.0,5.0,0.0799160053355632,1,M V L,M,True,True,0.551037609577179,0.435546875,0.6071974039077759,False,0.9344481825828552
train-018719-95574bc6546993de,12,5,train,10761153149816902622,pointer,G,V,V,True,D,False,False,0.005449914373457432,7.0,-7.5,7.0,0.049607738234292174,1,V F D,V,True,True,0.050640691071748734,0.77734375,0.6851073503494263,False,1.1555235385894775
train-018719-95574bc6546993de,12,6,train,10761153149816902622,pointer,G,K,K,True,D,False,False,0.004056321922689676,7.875,-8.6875,7.875,0.03875950990992427,1,K R Y,K,True,True,0.022842727601528168,0.91796875,0.7146279811859131,False,1.2539618015289307
train-018719-95574bc6546993de,12,7,train,10761153149816902622,pointer,G,Y,Y,True,D,False,False,0.002288105897605419,8.125,-8.5,8.125,0.023019888773994576,1,Y A D,Y,True,True,0.1694868803024292,0.9296875,0.7170118689537048,False,1.26235032081604
train-018719-95574bc6546993de,12,8,train,10761153149816902622,pointer,G,D,D,True,D,True,False,0.005795224104076624,6.75,6.75,6.75,0.05175988811844265,1,D E S,D,True,True,0.013818196021020412,1.046875,0.740174412727356,False,1.3477444648742676
train-018719-95574bc6546993de,12,9,train,10761153149816902622,pointer,G,V,V,True,D,False,False,0.002442711964249611,8.0625,-10.53125,8.0625,0.024065737361558686,1,V E I,V,True,True,0.15872709453105927,1.1484375,0.7592254281044006,False,1.4238940477371216
train-018719-95574bc6546993de,12,10,train,10761153149816902622,pointer,G,K,K,True,D,False,False,0.0035709680523723364,7.8125,-8.5625,7.8125,0.034518800737393794,1,K R A,K,True,True,0.011319699697196484,1.1484375,0.7592254281044006,False,1.4238940477371216
train-018719-95574bc6546993de,12,11,train,10761153149816902622,pointer,G,Y,Y,True,D,False,False,0.0026138208340853453,8.125,-8.3125,8.125,0.02596871690000076,1,Y A D,Y,True,True,0.17065243422985077,1.078125,0.7461389899253845,False,1.3709683418273926
train-018719-95574bc6546993de,12,12,train,10761153149816902622,pointer,G,D,D,True,D,True,False,0.005653937812894583,6.75,6.75,6.75,0.05058772052344868,1,D E F,D,True,True,0.01259868685156107,1.1484375,0.7592254281044006,True,0.27545657753944397
train-004320-7008cf8753f864b3,1,1,train,8072930512197936307,pointer,A,Z,Z,True,Z,True,False,2.634490556374658e-05,11.8125,11.8125,11.8125,0.000357570969149489,1,Z X Q,Z,True,True,-0.0,0.0771484375,0.5192775726318359,True,0.6553167700767517
train-004320-7008cf8753f864b3,1,2,train,8072930512197936307,pointer,A,N,,,Z,False,True,,,-17.53125,7.6875,0.004027756889158781,,N Q O,N,,True,,-0.06884765625,0.4827949106693268,,
train-004320-7008cf8753f864b3,1,3,train,8072930512197936307,pointer,A,Q,,,Z,False,True,,,-14.09375,11.8125,0.0002311446229364054,,Q K Y,Q,,True,,0.07958984375,0.5198869705200195,,
train-004320-7008cf8753f864b3,1,4,train,8072930512197936307,pointer,A,F,,,Z,False,True,,,-11.4375,8.3125,0.010922483922782611,,F T C,F,,True,,0.462890625,0.6136996746063232,,
train-004320-7008cf8753f864b3,1,5,train,8072930512197936307,pointer,A,R,,,Z,False,True,,,-9.75,7.125,0.049886020207978256,,R P C,R,,True,,0.7578125,0.6808785796165466,,
train-004320-7008cf8753f864b3,1,6,train,8072930512197936307,pointer,A,M,,,Z,False,True,,,-10.0,8.3125,0.013723350090995672,,M N F,M,,True,,0.91015625,0.7130321860313416,,
train-004320-7008cf8753f864b3,1,7,train,8072930512197936307,pointer,A,P,,,Z,False,True,,,-13.78125,10.125,0.0029898899664456565,,P A I,P,,True,,0.90234375,0.7114308476448059,,
train-004320-7008cf8753f864b3,1,8,train,8072930512197936307,pointer,A,H,,,Z,False,True,,,-9.375,8.1875,0.025484790665226603,,H D F,H,,True,,0.97265625,0.7256485819816589,,
train-004320-7008cf8753f864b3,1,9,train,8072930512197936307,pointer,A,E,,,Z,False,True,,,-10.8125,7.5625,0.02718015721900677,,E D C,E,,True,,0.984375,0.7279754281044006,,
train-004320-7008cf8753f864b3,1,10,train,8072930512197936307,pointer,A,T,,,Z,False,True,,,-5.5,3.75,0.37533992145070244,,T A P,T,,True,,0.95703125,0.722527027130127,,
train-004320-7008cf8753f864b3,1,11,train,8072930512197936307,pointer,A,Z,,,Z,True,True,,,5.5625,5.5625,0.05653164243350392,,Z Y U,Z,,True,,0.9140625,0.7138307690620422,,
train-004320-7008cf8753f864b3,1,12,train,8072930512197936307,pointer,A,N,,,Z,False,True,,,-11.0625,7.75,0.015323130955874514,,N Q K,N,,True,,0.9375,0.7185943722724915,,
train-016372-780dfa594c957f04,2,1,train,8650845720692489988,pointer,C,J,J,True,E,False,False,4.768370445162873e-07,16.34375,-19.078125,16.34375,7.8840547100884e-06,1,J D R,J,True,True,7.152555099310121e-07,-0.357421875,0.411583811044693,False,0.5303207635879517
train-016372-780dfa594c957f04,2,2,train,8650845720692489988,pointer,C,E,E,True,E,True,False,2.7418097943154862e-06,13.8125,13.8125,13.8125,4.514207606217831e-05,1,E C D,E,True,True,8.821448318485636e-06,-0.345703125,0.4144248068332672,True,0.8808637857437134
train-016372-780dfa594c957f04,2,3,train,8650845720692489988,pointer,C,S,,,E,False,True,,,-13.34375,7.875,0.006794109773967219,,S A P,S,,True,,0.07763671875,0.5193994045257568,,
train-016372-780dfa594c957f04,2,4,train,8650845720692489988,pointer,C,B,,,E,False,True,,,-11.0,9.0,0.004766601409830104,,B C F,B,,True,,0.35546875,0.5879431366920471,,
train-016372-780dfa594c957f04,2,5,train,8650845720692489988,pointer,C,T,,,E,False,True,,,-13.09375,9.125,0.008684844884211661,,T S R,T,,True,,0.6484375,0.6566582322120667,,
train-016372-780dfa594c957f04,2,6,train,8650845720692489988,pointer,C,O,,,E,False,True,,,-8.375,6.5625,0.0561392720946149,,O A P,O,,True,,0.80078125,0.6901415586471558,,
train-016372-780dfa594c957f04,2,7,train,8650845720692489988,pointer,C,W,,,E,False,True,,,-8.5625,7.125,0.042612265108285106,,W T C,W,,True,,0.9609375,0.7233095169067383,,
train-016372-780dfa594c957f04,2,8,train,8650845720692489988,pointer,C,Q,,,E,False,True,,,-10.90625,6.625,0.019020359818725744,,Q P O,Q,,True,,1.0625,0.7431680560112,,
train-016372-780dfa594c957f04,2,9,train,8650845720692489988,pointer,C,L,,,E,False,True,,,-9.6875,7.3125,0.029163001729531162,,L S N,L,,True,,1.1640625,0.7620701193809509,,
train-016372-780dfa594c957f04,2,10,train,8650845720692489988,pointer,C,K,,,E,False,True,,,-11.28125,8.125,0.012070165933917817,,K Q R,K,,True,,1.140625,0.7577943801879883,,
train-016372-780dfa594c957f04,2,11,train,8650845720692489988,pointer,C,N,,,E,False,True,,,-9.5,7.875,0.017390489783075842,,N A M,N,,True,,1.046875,0.740174412727356,,
train-016372-780dfa594c957f04,2,12,train,8650845720692489988,pointer,C,M,,,E,False,True,,,-10.59375,7.625,0.01751686331796186,,M N D,M,,True,,1.0625,0.7431680560112,,
train-001469-4d0859df4e005851,3,1,train,5550785356355360849,pointer,N,G,G,True,H,False,False,1.311301275563892e-06,14.8125,-23.0390625,14.8125,2.2314860215785424e-05,1,G C R,G,True,True,9.536738616588991e-07,-0.37890625,0.4063906967639923,False,0.5215339660644531
train-001469-4d0859df4e005851,3,2,train,5550785356355360849,pointer,N,R,R,True,H,False,False,2.5152843591058627e-05,11.5625,-17.03125,11.5625,0.00035184234071634224,1,R T C,R,True,True,1.645074735279195e-05,-0.345703125,0.4144248068332672,False,0.5351606607437134
train-001469-4d0859df4e005851,3,3,train,5550785356355360849,pointer,N,H,H,True,H,True,False,0.00194193993229419,7.9375,7.9375,7.9375,0.019570656476887355,1,H Y K,H,True,True,0.0678272470831871,0.05078125,0.5126925706863403,True,0.6680788993835449
train-001469-4d0859df4e005851,3,4,train,5550785356355360849,pointer,N,Q,,,H,False,True,,,-14.59375,9.9375,0.0015797344616969805,,Q P R,Q,,True,,0.3359375,0.5832033753395081,,
train-001469-4d0859df4e005851,3,5,train,5550785356355360849,pointer,N,M,,,H,False,True,,,-10.5625,7.75,0.020897558451155502,,M N D,M,,True,,0.609375,0.6477982401847839,,
train-001469-4d0859df4e005851,3,6,train,5550785356355360849,pointer,N,E,,,H,False,True,,,-9.53125,7.1875,0.038188062132499485,,E C D,E,,True,,0.7734375,0.6842640042304993,,
train-001469-4d0859df4e005851,3,7,train,5550785356355360849,pointer,N,U,,,H,False,True,,,-11.03125,8.8125,0.010161218358006706,,U A T,U,,True,,0.90234375,0.7114308476448059,,
train-001469-4d0859df4e005851,3,8,train,5550785356355360849,pointer,N,T,,,H,False,True,,,-10.0625,8.0625,0.016955283819984606,,T S R,T,,True,,0.96484375,0.724090576171875,,
train-001469-4d0859df4e005851,3,9,train,5550785356355360849,pointer,N,O,,,H,False,True,,,-11.34375,7.875,0.016570723569726088,,O N A,O,,True,,0.87890625,0.7065955400466919,,
train-001469-4d0859df4e005851,3,10,train,5550785356355360849,pointer,N,S,,,H,False,True,,,-9.65625,7.6875,0.032360670196443765,,S T A,S,,True,,1.0,0.7310585975646973,,
train-001469-4d0859df4e005851,3,11,train,5550785356355360849,pointer,N,C,,,H,False,True,,,-8.9375,7.0,0.047285409063516526,,C D R,C,,True,,1.0625,0.7431680560112,,
train-001469-4d0859df4e005851,3,12,train,5550785356355360849,pointer,N,K,,,H,False,True,,,-10.5,8.625,0.009458820110741138,,K A N,K,,True,,1.0234375,0.735641598701477,,
train-001308-035f69439b51029a,4,1,train,243028643990799002,pointer,K,A,A,True,A,True,False,1.311301275563892e-06,14.875,14.875,14.875,2.3413258586429637e-05,1,A B I,A,True,True,1.9073468138230965e-06,-0.39453125,0.40262696146965027,False,0.5152135491371155
train-001308-035f69439b51029a,4,2,train,243028643990799002,pointer,K,Q,Q,True,A,False,False,6.639736966462806e-05,10.1875,-11.375,10.1875,0.0008060551368218967,1,Q K A,Q,True,True,3.302042750874534e-05,-0.361328125,0.41063809394836426,False,0.5287148356437683
train-001308-035f69439b51029a,4,3,train,243028643990799002,pointer,K,K,K,True,A,False,False,0.00013433984713628888,10.3125,-10.3125,10.3125,0.0016956726121742656,1,K A L,K,True,True,0.16941401362419128,0.015380859375,0.5038451552391052,False,0.7008671760559082
train-001308-035f69439b51029a,4,4,train,243028643990799002,pointer,K,A,A,True,A,True,False,0.0011838816571980715,8.375,8.375,8.375,0.012284757875431984,1,A B D,A,True,True,0.06443865597248077,0.296875,0.5736784338951111,True,0.5556862950325012
train-001308-035f69439b51029a,4,5,train,243028643990799002,pointer,K,Q,,,A,False,True,,,-7.5,6.75,0.039649121855170805,,Q K A,Q,,True,,0.5078125,0.6242935657501221,,
train-001308-035f69439b51029a,4,6,train,243028643990799002,pointer,K,K,,,A,False,True,,,-9.0,8.8125,0.014197523487084902,,K L A,K,,True,,0.71484375,0.671470582485199,,
train-001308-035f69439b51029a,4,7,train,243028643990799002,pointer,K,A,,,A,True,True,,,8.1875,8.1875,0.01460856785490981,,A B D,A,,True,,0.8046875,0.6909762620925903,,
train-001308-035f69439b51029a,4,8,train,243028643990799002,pointer,K,Q,,,A,False,True,,,-7.1875,6.5,0.049055553481095915,,Q K A,Q,,True,,0.87109375,0.7049732804298401,,
train-001308-035f69439b51029a,4,9,train,243028643990799002,pointer,K,K,,,A,False,True,,,-9.0,8.8125,0.014354858700602189,,K L D,K,,True,,0.95703125,0.722527027130127,,
train-001308-035f69439b51029a,4,10,train,243028643990799002,pointer,K,A,,,A,True,True,,,8.3125,8.3125,0.013270319094260425,,A B D,A,,True,,0.96484375,0.724090576171875,,
train-001308-035f69439b51029a,4,11,train,243028643990799002,pointer,K,Q,,,A,False,True,,,-7.3125,6.625,0.04396526218445254,,Q K A,Q,,True,,0.98046875,0.7272012233734131,,
train-001308-035f69439b51029a,4,12,train,243028643990799002,pointer,K,K,,,A,False,True,,,-9.0,8.8125,0.014348533547657924,,K L D,K,,True,,1.03125,0.7371581792831421,,
train-002830-3c02bf0b4b385ab8,5,1,train,4324228647456627384,pointer,D,I,I,True,T,False,False,3.933898824470816e-06,14.0625,-16.46875,14.0625,6.43567171228966e-05,1,I M R,I,True,True,1.6689286894688848e-06,-0.3515625,0.4130035638809204,False,0.5327365398406982
train-002830-3c02bf0b4b385ab8,5,2,train,4324228647456627384,pointer,D,M,M,True,T,False,False,7.760223525110632e-05,11.3125,-12.34375,11.3125,0.0010213221685172343,1,M C X,M,True,True,5.8410845667822286e-05,-0.33203125,0.4177464544773102,False,0.5408493280410767
train-002830-3c02bf0b4b385ab8,5,3,train,4324228647456627384,pointer,D,X,X,True,T,False,False,0.00040415700641460717,9.0,-11.65625,9.0,0.004555477934321969,1,X A Y,X,True,True,0.0012816318776458502,-0.02978515625,0.49255427718162537,False,0.6783655285835266
train-002830-3c02bf0b4b385ab8,5,4,train,4324228647456627384,pointer,D,W,W,True,T,False,False,0.003979502711445093,6.5625,-9.5,6.5625,0.03629004243150288,1,W O A,W,True,True,0.5368923544883728,0.306640625,0.5760650634765625,False,0.8581752777099609
train-002830-3c02bf0b4b385ab8,5,5,train,4324228647456627384,pointer,D,T,T,True,T,True,False,0.00777835538610816,6.4375,6.4375,6.4375,0.06554312284472746,1,T P B,T,True,True,0.0011599486460909247,0.5703125,0.6388352513313293,True,0.44810864329338074
train-002830-3c02bf0b4b385ab8,5,6,train,4324228647456627384,pointer,D,P,,,T,False,True,,,-7.875,3.8125,0.17117573634010208,,P X A,P,,True,,0.796875,0.6893056035041809,,
train-002830-3c02bf0b4b385ab8,5,7,train,4324228647456627384,pointer,D,O,,,T,False,True,,,-9.5625,7.6875,0.028375373359591123,,O U A,O,,True,,0.8515625,0.700894832611084,,
train-002830-3c02bf0b4b385ab8,5,8,train,4324228647456627384,pointer,D,R,,,T,False,True,,,-7.625,7.1875,0.030386051980180923,,R S T,R,,True,,0.953125,0.7217432260513306,,
train-002830-3c02bf0b4b385ab8,5,9,train,4324228647456627384,pointer,D,V,,,T,False,True,,,-9.625,7.25,0.02402381474013393,,V Y F,V,,True,,1.1484375,0.7592254281044006,,
train-002830-3c02bf0b4b385ab8,5,10,train,4324228647456627384,pointer,D,F,,,T,False,True,,,-9.1875,8.5625,0.01497690543470824,,F G Z,F,,True,,1.1484375,0.7592254281044006,,
train-002830-3c02bf0b4b385ab8,5,11,train,4324228647456627384,pointer,D,Z,,,T,False,True,,,-9.125,7.4375,0.04030216336758102,,Z R A,Z,,True,,1.1171875,0.7534666657447815,,
train-002830-3c02bf0b4b385ab8,5,12,train,4324228647456627384,pointer,D,N,,,T,False,True,,,-10.5625,7.8125,0.01988829722562536,,N U O,N,,True,,1.09375,0.7490872144699097,,
train-028436-0b0c4740a9c337c2,6,1,train,796089577189357506,pointer,T,G,G,True,M,False,False,8.344646857949556e-07,14.9375,-19.3125,14.9375,1.5220360583382123e-05,1,G R C,G,True,True,4.0531076592742465e-06,-0.466796875,0.38537469506263733,False,0.48674237728118896
train-028436-0b0c4740a9c337c2,6,2,train,796089577189357506,pointer,T,B,B,True,M,False,False,3.576272320060525e-06,12.8125,-18.40625,12.8125,5.352920058631949e-05,1,B C A,B,True,True,1.1444026313256472e-05,-0.451171875,0.3890821933746338,False,0.49279284477233887
train-028436-0b0c4740a9c337c2,6,3,train,796089577189357506,pointer,T,Q,Q,True,M,False,False,2.1576648578047752e-05,12.25,-15.5,12.25,0.00030832329205797806,1,Q A P,Q,True,True,0.0013184197014197707,-0.0279541015625,0.4930119514465332,False,0.6792678236961365
train-028436-0b0c4740a9c337c2,6,4,train,796089577189357506,pointer,T,V,V,True,M,False,False,0.0020077326335012913,8.25,-11.0625,8.25,0.02023065967535556,1,V F X,V,True,True,0.010261869058012962,0.45703125,0.6123096346855164,False,0.9475483894348145
train-028436-0b0c4740a9c337c2,6,5,train,796089577189357506,pointer,T,O,O,True,M,False,False,0.0008945039589889348,8.5625,-10.75,8.5625,0.009608799694946251,1,O P U,O,True,True,0.27154508233070374,0.6171875,0.6495786309242249,False,1.0486189126968384
train-028436-0b0c4740a9c337c2,6,6,train,796089577189357506,pointer,T,M,M,True,M,True,False,0.0074920631013810635,6.5625,6.5625,6.5625,0.06425789016316644,1,M S N,M,True,True,0.0012406755704432726,0.765625,0.6825737357139587,True,0.38188475370407104
train-028436-0b0c4740a9c337c2,6,7,train,796089577189357506,pointer,T,A,,,M,False,True,,,-9.90625,7.8125,0.027804608028145404,,A I U,A,,True,,0.92578125,0.7162185907363892,,
train-028436-0b0c4740a9c337c2,6,8,train,796089577189357506,pointer,T,N,,,M,False,True,,,-8.75,8.125,0.016845650088193158,,N P A,N,,True,,0.97265625,0.7256485819816589,,
train-028436-0b0c4740a9c337c2,6,9,train,796089577189357506,pointer,T,P,,,M,False,True,,,-9.4375,9.4375,0.005261798145639209,,P M L,P,,True,,0.96484375,0.724090576171875,,
train-028436-0b0c4740a9c337c2,6,10,train,796089577189357506,pointer,T,S,,,M,False,True,,,-9.5,8.3125,0.02072998835511776,,S R T,S,,True,,1.0078125,0.7325918078422546,,
train-028436-0b0c4740a9c337c2,6,11,train,796089577189357506,pointer,T,F,,,M,False,True,,,-7.875,6.375,0.08004083714066686,,F C G,F,,True,,1.015625,0.7341195344924927,,
train-028436-0b0c4740a9c337c2,6,12,train,796089577189357506,pointer,T,J,,,M,False,True,,,-9.5,8.625,0.018593034540520567,,J T U,J,,True,,0.94921875,0.7209580540657043,,
train-031938-0b5b595e7a83e1a3,8,1,train,818346019615138211,pointer,Q,K,K,True,M,False,False,9.536738616588991e-07,16.15625,-17.171875,16.15625,1.3863488195530921e-05,1,K C B,K,True,True,2.3841855067985307e-07,-0.435546875,0.39280253648757935,False,0.4989013075828552
train-031938-0b5b595e7a83e1a3,8,2,train,818346019615138211,pointer,Q,O,O,True,M,False,False,8.940656698541716e-06,12.625,-14.625,12.625,0.00013442660445982095,1,O P K,O,True,True,4.625213477993384e-05,-0.443359375,0.39094078540802,False,0.49583977460861206
train-031938-0b5b595e7a83e1a3,8,3,train,818346019615138211,pointer,Q,M,M,True,M,True,False,0.3491886556148529,0.875,0.875,0.875,0.6136205086355957,1,M P C,M,True,True,0.3194827437400818,-0.08642578125,0.47840696573257446,False,0.6508677005767822
train-031938-0b5b595e7a83e1a3,8,4,train,818346019615138211,pointer,Q,P,P,True,M,False,False,0.030996238812804222,3.5,-9.5,3.5,0.14522222176860858,1,P G C,P,True,True,0.024187130853533745,0.2314453125,0.5576044321060181,False,0.8155508041381836
train-031938-0b5b595e7a83e1a3,8,5,train,818346019615138211,pointer,Q,G,G,True,M,False,False,0.010700350627303123,4.875,-8.5625,4.875,0.0742895100024691,1,G K D,G,True,True,0.008566300384700298,0.578125,0.6406359076499939,False,1.0234191417694092
train-031938-0b5b595e7a83e1a3,8,6,train,818346019615138211,pointer,Q,K,K,True,M,False,False,0.0025247621815651655,7.625,-9.75,7.625,0.024821815715155356,1,K A Q,K,True,True,0.0019461041083559394,0.6484375,0.6566582322120667,False,1.0690290927886963
train-031938-0b5b595e7a83e1a3,8,7,train,818346019615138211,pointer,Q,O,O,True,M,False,False,0.03698702156543732,4.875,-5.5625,4.875,0.2553104477792872,1,O P K,O,True,True,0.009638439863920212,0.7109375,0.6706082820892334,False,1.110507607460022
train-031938-0b5b595e7a83e1a3,8,8,train,818346019615138211,pointer,Q,M,M,True,M,True,False,0.008316528052091599,5.75,5.75,5.75,0.06807567765253712,1,M P N,M,True,True,0.018341578543186188,0.82421875,0.6951311230659485,True,0.3636547923088074
train-031938-0b5b595e7a83e1a3,8,9,train,818346019615138211,pointer,Q,P,,,M,False,True,,,-11.4375,9.9375,0.0030920098561262694,,P A C,P,,True,,0.81640625,0.6934729218482971,,
train-031938-0b5b595e7a83e1a3,8,10,train,818346019615138211,pointer,Q,G,,,M,False,True,,,-8.625,7.1875,0.02978909143129721,,G K C,G,,True,,0.9296875,0.7170118689537048,,
train-031938-0b5b595e7a83e1a3,8,11,train,818346019615138211,pointer,Q,K,,,M,False,True,,,-9.9375,7.75,0.020435562356960237,,K A Q,K,,True,,0.875,0.7057850360870361,,
train-031938-0b5b595e7a83e1a3,8,12,train,818346019615138211,pointer,Q,O,,,M,False,True,,,-5.375,4.6875,0.27669307188906844,,O P M,O,,True,,0.859375,0.7025300860404968,,
train-034333-6300b5d8654b6802,10,1,train,7133901750771869698,pointer,K,M,M,True,O,False,False,6.079655122448457e-06,13.53125,-14.46875,13.53125,9.721644090334766e-05,1,M C R,M,True,True,9.536738616588991e-07,-0.337890625,0.4163219630718231,False,0.5384057760238647
train-034333-6300b5d8654b6802,10,2,train,7133901750771869698,pointer,K,R,R,True,O,False,False,1.1801649634435307e-05,12.625,-17.1875,12.625,0.00017471241705301874,1,R T P,R,True,True,3.290122185717337e-05,-0.330078125,0.4182216227054596,False,0.5416656732559204
train-034333-6300b5d8654b6802,10,3,train,7133901750771869698,pointer,K,S,S,True,O,False,False,0.00015531764074694365,10.0625,-14.4375,10.0625,0.0019284221591450575,1,S T W,S,True,True,0.12010486423969269,0.050048828125,0.5125095844268799,False,0.7184846997261047
train-034333-6300b5d8654b6802,10,4,train,7133901750771869698,pointer,K,G,G,True,O,False,False,0.001158400671556592,8.0,-11.15625,8.0,0.012031085304407796,1,G W F,G,True,True,0.018611209467053413,0.365234375,0.5903069376945496,False,0.892346978187561
train-034333-6300b5d8654b6802,10,5,train,7133901750771869698,pointer,K,T,T,True,O,False,False,0.0018140303436666727,8.125,-9.9375,8.125,0.01841315551750839,1,T D S,T,True,True,0.004981961566954851,0.6171875,0.6495786309242249,False,1.0486189126968384
train-034333-6300b5d8654b6802,10,6,train,7133901750771869698,pointer,K,I,I,True,O,False,False,0.011423418298363686,5.625,-8.71875,5.625,0.08678119537476055,1,I N R,I,True,True,0.30212831497192383,0.78515625,0.6867902874946594,False,1.1608824729919434
train-034333-6300b5d8654b6802,10,7,train,7133901750771869698,pointer,K,E,E,True,O,False,False,0.007127691060304642,6.5,-9.0,6.5,0.061790524268114565,1,E D G,E,True,True,0.006645483896136284,0.8984375,0.7106282711029053,False,1.24004328250885
train-034333-6300b5d8654b6802,10,8,train,7133901750771869698,pointer,K,N,N,True,O,False,False,0.02444693073630333,5.5,-6.1875,5.5,0.18049689336286448,1,N S M,N,True,True,0.056683801114559174,0.875,0.7057850360870361,False,1.2234445810317993
train-034333-6300b5d8654b6802,10,9,train,7133901750771869698,pointer,K,D,D,True,O,False,False,0.005001296289265156,7.0625,-7.75,7.0625,0.04524686265457137,1,D C B,D,True,True,0.010909083299338818,0.9375,0.7185943722724915,False,1.267958164215088
train-034333-6300b5d8654b6802,10,10,train,7133901750771869698,pointer,K,O,O,True,O,True,False,0.0012693690368905663,8.1875,8.1875,8.1875,0.013070305968255421,1,O A U,O,True,True,0.018843214958906174,0.91015625,0.7130321860313416,True,0.3382287919521332
train-034333-6300b5d8654b6802,10,11,train,7133901750771869698,pointer,K,Q,,,O,False,True,,,-9.8125,8.0,0.017615084000645945,,Q K Z,Q,,True,,0.9296875,0.7170118689537048,,
train-034333-6300b5d8654b6802,10,12,train,7133901750771869698,pointer,K,K,,,O,False,True,,,-9.78125,6.9375,0.03343977233056802,,K M A,K,,True,,1.0390625,0.7386690378189087,,
train-029222-9b7ef553bedd9688,12,1,train,11204662662977656456,pointer,W,B,B,True,W,False,False,2.622600959512056e-06,13.25,-17.65625,13.25,4.015712794166445e-05,1,B C A,B,True,True,1.311301275563892e-06,-0.5703125,0.36116471886634827,False,0.4481086730957031
train-029222-9b7ef553bedd9688,12,2,train,11204662662977656456,pointer,W,V,V,True,W,False,False,1.1920922133867862e-06,14.3125,-18.3125,14.3125,1.892189097324041e-05,1,V C F,V,True,True,6.6756979322235566e-06,-0.41796875,0.3970029056072235,False,0.505842924118042
train-029222-9b7ef553bedd9688,12,3,train,11204662662977656456,pointer,W,I,I,True,W,False,False,0.0005384425749070942,9.5625,-12.4375,9.5625,0.006163727296706846,1,I D S,I,True,True,0.04469912871718407,-0.0213623046875,0.4946596324443817,False,0.6825230717658997
train-029222-9b7ef553bedd9688,12,4,train,11204662662977656456,pointer,W,W,W,True,W,True,False,0.004475933033972979,6.5,6.5,6.5,0.040072222301175554,1,W I B,W,True,True,0.20108580589294434,0.318359375,0.5789243578910828,False,0.8649427890777588
train-029222-9b7ef553bedd9688,12,5,train,11204662662977656456,pointer,W,B,B,True,W,False,False,0.0052668387070298195,6.6875,-9.25,6.6875,0.04734024142081664,1,B C D,B,True,True,1.2466623783111572,0.69921875,0.6680145263671875,False,1.1026641130447388
train-029222-9b7ef553bedd9688,12,6,train,11204662662977656456,pointer,W,V,V,True,W,False,False,0.004647643771022558,6.875,-7.75,6.875,0.042355301150334645,1,V F Z,V,True,True,0.0016024379292503,1.0,0.7310585975646973,False,1.3132617473602295
train-029222-9b7ef553bedd9688,12,7,train,11204662662977656456,pointer,W,I,I,True,W,False,False,0.009502182714641094,6.625,-9.65625,6.625,0.08054866726520211,1,I D S,I,True,True,0.08287937939167023,1.0625,0.7431680560112,False,1.3593331575393677
train-029222-9b7ef553bedd9688,12,8,train,11204662662977656456,pointer,W,W,W,True,W,True,False,0.007521524094045162,6.1875,6.1875,6.1875,0.06435535280207756,1,W I B,W,True,True,0.13391928374767303,1.0859375,0.7476159334182739,False,1.3768033981323242
train-029222-9b7ef553bedd9688,12,9,train,11204662662977656456,pointer,W,B,B,True,W,False,False,0.005840261001139879,6.625,-9.0625,6.625,0.05191948278126578,1,B C D,B,True,True,1.17577064037323,1.1953125,0.7676898241043091,False,1.4596819877624512
train-029222-9b7ef553bedd9688,12,10,train,11204662662977656456,pointer,W,V,V,True,W,False,False,0.0055774785578250885,6.6875,-7.5625,6.6875,0.049806793936749465,1,V F Z,V,True,True,0.0016949110431596637,1.328125,0.7905303239822388,False,1.5631762742996216
train-029222-9b7ef553bedd9688,12,11,train,11204662662977656456,pointer,W,I,I,True,W,False,False,0.009382794611155987,6.625,-9.6875,6.625,0.07966754758764376,1,I D S,I,True,True,0.08281376212835312,1.2734375,0.7813306450843811,False,1.520194411277771
train-029222-9b7ef553bedd9688,12,12,train,11204662662977656456,pointer,W,W,W,True,W,True,False,0.007415744010359049,6.25,6.25,6.25,0.06376365975668818,1,W I B,W,True,True,0.1337837278842926,1.2265625,0.7732163667678833,True,0.2571963667869568
train-023994-7b530fa831d97e35,1,1,train,8886463704797380149,pointer,G,Z,Z,True,Z,True,False,2.169585604860913e-05,11.5,11.5,11.5,0.0002975784567907172,1,Z X U,Z,True,True,3.576278118089249e-07,0.01202392578125,0.5030059218406677,True,0.6871532797813416
train-023994-7b530fa831d97e35,1,2,train,8886463704797380149,pointer,G,O,,,Z,False,True,,,-14.625,13.875,7.315904946174202e-05,,O A D,O,,True,,-0.11474609375,0.47134488821029663,,
train-023994-7b530fa831d97e35,1,3,train,8886463704797380149,pointer,G,A,,,Z,False,True,,,-13.46875,10.3125,0.0029909482025990307,,A S B,A,,True,,0.1689453125,0.5421361327171326,,
train-023994-7b530fa831d97e35,1,4,train,8886463704797380149,pointer,G,T,,,Z,False,True,,,-11.875,7.125,0.02449068914264884,,T A S,T,,True,,0.365234375,0.5903069376945496,,
train-023994-7b530fa831d97e35,1,5,train,8886463704797380149,pointer,G,N,,,Z,False,True,,,-9.375,5.9375,0.08586860595768614,,N F M,N,,True,,0.54296875,0.6325027346611023,,
train-023994-7b530fa831d97e35,1,6,train,8886463704797380149,pointer,G,F,,,Z,False,True,,,-9.1875,5.25,0.13832003210141727,,F T C,F,,True,,0.71875,0.672331690788269,,
train-023994-7b530fa831d97e35,1,7,train,8886463704797380149,pointer,G,M,,,Z,False,True,,,-10.03125,7.8125,0.03254695596619949,,M N A,M,,True,,0.8671875,0.7041601538658142,,
train-023994-7b530fa831d97e35,1,8,train,8886463704797380149,pointer,G,B,,,Z,False,True,,,-11.75,8.6875,0.010721402102147119,,B A C,B,,True,,0.9609375,0.7233095169067383,,
train-023994-7b530fa831d97e35,1,9,train,8886463704797380149,pointer,G,K,,,Z,False,True,,,-11.90625,8.625,0.013435408383537613,,K Q R,K,,True,,1.078125,0.7461389899253845,,
train-023994-7b530fa831d97e35,1,10,train,8886463704797380149,pointer,G,O,,,Z,False,True,,,-9.75,7.8125,0.025819827254386613,,O A U,O,,True,,0.95703125,0.722527027130127,,
train-023994-7b530fa831d97e35,1,11,train,8886463704797380149,pointer,G,A,,,Z,False,True,,,-9.375,7.3125,0.0409685727076381,,A F S,A,,True,,1.0546875,0.74167400598526,,
train-023994-7b530fa831d97e35,1,12,train,8886463704797380149,pointer,G,T,,,Z,False,True,,,-11.25,6.4375,0.03943883553864051,,T A S,T,,True,,1.015625,0.7341195344924927,,
train-020791-96695dc76ed46aeb,2,1,train,10838297089383099115,pointer,E,W,W,True,V,False,False,2.7418097943154862e-06,13.59375,-13.59375,13.59375,4.449927789097593e-05,1,W V A,W,True,True,9.536738616588991e-07,-0.345703125,0.4144248068332672,False,0.5351606607437134
train-020791-96695dc76ed46aeb,2,2,train,10838297089383099115,pointer,E,V,V,True,V,True,False,3.2186455882765586e-06,13.9375,13.9375,13.9375,5.1876794910418484e-05,1,V C Z,V,True,True,2.622600959512056e-06,-0.291015625,0.4277552366256714,True,0.8492041230201721
train-020791-96695dc76ed46aeb,2,3,train,10838297089383099115,pointer,E,H,,,V,False,True,,,-14.59375,11.9375,0.0008374313230566217,,H L M,H,,True,,0.08740234375,0.5218366980552673,,
train-020791-96695dc76ed46aeb,2,4,train,10838297089383099115,pointer,E,C,,,V,False,True,,,-10.84375,7.75,0.02171354000868947,,C D A,C,,True,,0.431640625,0.6062653660774231,,
train-020791-96695dc76ed46aeb,2,5,train,10838297089383099115,pointer,E,U,,,V,False,True,,,-8.6875,7.0,0.02952803990009821,,U A L,U,,True,,0.5546875,0.6352224349975586,,
train-020791-96695dc76ed46aeb,2,6,train,10838297089383099115,pointer,E,M,,,V,False,True,,,-9.90625,7.5,0.03448332746117683,,M S I,M,,True,,0.6796875,0.6636689305305481,,
train-020791-96695dc76ed46aeb,2,7,train,10838297089383099115,pointer,E,P,,,V,False,True,,,-12.5625,9.4375,0.002757064752838349,,P A C,P,,True,,0.70703125,0.6697448492050171,,
train-020791-96695dc76ed46aeb,2,8,train,10838297089383099115,pointer,E,B,,,V,False,True,,,-12.8125,8.25,0.009996312073778211,,B C A,B,,True,,0.80859375,0.6918097138404846,,
train-020791-96695dc76ed46aeb,2,9,train,10838297089383099115,pointer,E,G,,,V,False,True,,,-10.90625,8.0625,0.01710930277738711,,G W R,G,,True,,0.96484375,0.724090576171875,,
train-020791-96695dc76ed46aeb,2,10,train,10838297089383099115,pointer,E,R,,,V,False,True,,,-11.625,9.4375,0.0075058454533736135,,R C L,R,,True,,1.0390625,0.7386690378189087,,
train-020791-96695dc76ed46aeb,2,11,train,10838297089383099115,pointer,E,O,,,V,False,True,,,-12.3125,9.4375,0.00458057065215734,,O U P,O,,True,,1.0703125,0.7446563243865967,,
train-020791-96695dc76ed46aeb,2,12,train,10838297089383099115,pointer,E,K,,,V,False,True,,,-9.375,6.25,0.09485483123120224,,K Y F,K,,True,,1.046875,0.740174412727356,,
train-003971-c5f6362c2374a558,3,1,train,14264648432943932760,pointer,T,N,N,True,N,True,False,5.006777428206988e-06,13.78125,13.78125,13.78125,7.711296559993782e-05,1,N M Q,N,True,True,1.6689286894688848e-06,-0.306640625,0.4239349663257599,False,0.5515346527099609
train-003971-c5f6362c2374a558,3,2,train,14264648432943932760,pointer,T,T,T,True,N,False,False,1.4543427823809907e-05,11.875,-11.875,11.875,0.00020774428509230328,1,T N M,T,True,True,0.00015496007108595222,-0.361328125,0.41063809394836426,False,0.5287148356437683
train-003971-c5f6362c2374a558,3,3,train,14264648432943932760,pointer,T,N,N,True,N,True,False,0.006280447356402874,5.125,5.125,5.125,0.04032678669918969,1,N T Z,N,True,True,0.0018820922123268247,-0.05517578125,0.48620954155921936,True,0.7211155295372009
train-003971-c5f6362c2374a558,3,4,train,14264648432943932760,pointer,T,T,,,N,False,True,,,-2.4375,2.4375,0.36681714928956527,,T N Z,N,,False,,0.267578125,0.5664982199668884,,
train-003971-c5f6362c2374a558,3,5,train,14264648432943932760,pointer,T,N,,,N,True,True,,,2.875,2.875,0.4161347705694614,,N T Z,Z,,False,,0.5625,0.6370307803153992,,
train-003971-c5f6362c2374a558,3,6,train,14264648432943932760,pointer,T,T,,,N,False,True,,,-4.25,4.25,0.17534617569853014,,T N Z,N,,False,,0.7578125,0.6808785796165466,,
train-003971-c5f6362c2374a558,3,7,train,14264648432943932760,pointer,T,N,,,N,True,True,,,6.9375,6.9375,0.02814236731543692,,N Z T,N,,True,,0.90234375,0.7114308476448059,,
train-003971-c5f6362c2374a558,3,8,train,14264648432943932760,pointer,T,T,,,N,False,True,,,-7.0625,7.0625,0.03740354766378233,,T N D,T,,True,,0.98828125,0.7287483215332031,,
train-003971-c5f6362c2374a558,3,9,train,14264648432943932760,pointer,T,N,,,N,True,True,,,8.125,8.125,0.016149103355956825,,N Z A,N,,True,,1.046875,0.740174412727356,,
train-003971-c5f6362c2374a558,3,10,train,14264648432943932760,pointer,T,T,,,N,False,True,,,-7.8125,7.8125,0.02695771296440778,,T N D,T,,True,,1.0859375,0.7476159334182739,,
train-003971-c5f6362c2374a558,3,11,train,14264648432943932760,pointer,T,N,,,N,True,True,,,8.0625,8.0625,0.01646033150876708,,N Z A,N,,True,,1.109375,0.7520126104354858,,
train-003971-c5f6362c2374a558,3,12,train,14264648432943932760,pointer,T,T,,,N,False,True,,,-7.8125,7.8125,0.02678210798814997,,T N D,T,,True,,1.125,0.7549149990081787,,
train-005709-276642cdfa2b90a2,4,1,train,2839030067536564386,pointer,I,G,G,True,L,False,False,1.5497195136049413e-06,14.9375,-16.90625,14.9375,2.5367706100567823e-05,1,G C R,G,True,True,4.768370445162873e-07,-0.390625,0.403566837310791,False,0.516788125038147
train-005709-276642cdfa2b90a2,4,2,train,2839030067536564386,pointer,I,O,O,True,L,False,False,4.291525328881107e-06,14.25,-15.5625,14.25,6.900890687817882e-05,1,O N A,O,True,True,2.407998726994265e-05,-0.33984375,0.41584745049476624,False,0.5375931262969971
train-005709-276642cdfa2b90a2,4,3,train,2839030067536564386,pointer,I,C,C,True,L,False,False,2.5629668016335927e-05,12.75,-13.5625,12.75,0.0003722418275656162,1,C A S,C,True,True,0.0050104293040931225,0.031494140625,0.5078728795051575,False,0.7090182304382324
train-005709-276642cdfa2b90a2,4,4,train,2839030067536564386,pointer,I,L,L,True,L,True,False,0.0010437285527586937,7.625,7.625,7.625,0.010324838203670647,1,L O N,L,True,True,0.002247785683721304,0.3125,0.5774953961372375,True,0.5490548610687256
train-005709-276642cdfa2b90a2,4,5,train,2839030067536564386,pointer,I,W,,,L,False,True,,,-11.84375,9.0625,0.008013691555896107,,W V A,W,,True,,0.59375,0.6442250609397888,,
train-005709-276642cdfa2b90a2,4,6,train,2839030067536564386,pointer,I,Y,,,L,False,True,,,-10.90625,8.0625,0.014743433113034846,,Y O A,Y,,True,,0.734375,0.6757646203041077,,
train-005709-276642cdfa2b90a2,4,7,train,2839030067536564386,pointer,I,N,,,L,False,True,,,-11.46875,8.5,0.013977793463583004,,N I O,N,,True,,0.8125,0.6926419734954834,,
train-005709-276642cdfa2b90a2,4,8,train,2839030067536564386,pointer,I,R,,,L,False,True,,,-8.0625,8.0625,0.015841102869583536,,R L K,R,,True,,0.91796875,0.7146279811859131,,
train-005709-276642cdfa2b90a2,4,9,train,2839030067536564386,pointer,I,K,,,L,False,True,,,-9.0625,8.3125,0.021710741133243488,,K A J,K,,True,,0.9921875,0.729519784450531,,
train-005709-276642cdfa2b90a2,4,10,train,2839030067536564386,pointer,I,C,,,L,False,True,,,-9.25,7.6875,0.023805444932074076,,C D B,C,,True,,1.0625,0.7431680560112,,
train-005709-276642cdfa2b90a2,4,11,train,2839030067536564386,pointer,I,L,,,L,True,True,,,7.5,7.5,0.024040364416416934,,L N D,L,,True,,1.109375,0.7520126104354858,,
train-005709-276642cdfa2b90a2,4,12,train,2839030067536564386,pointer,I,W,,,L,False,True,,,-10.90625,8.5625,0.011457317586980816,,W V A,W,,True,,1.1484375,0.7592254281044006,,
train-023377-86e7f9e2cbcec1d3,5,1,train,9721013073179754963,pointer,J,C,C,True,K,False,False,1.0847986231965479e-05,12.5,-15.625,12.5,0.00015759874094802286,1,C D A,C,True,True,2.3841855067985307e-07,-0.38671875,0.40450745820999146,False,0.5183663964271545
train-023377-86e7f9e2cbcec1d3,5,2,train,9721013073179754963,pointer,J,Q,Q,True,K,False,False,2.95634672511369e-05,11.0,-11.0,11.0,0.0003851588755329801,1,Q K C,Q,True,True,2.062299427052494e-05,-0.359375,0.41111087799072266,False,0.5295173525810242
train-023377-86e7f9e2cbcec1d3,5,3,train,9721013073179754963,pointer,J,K,K,True,K,True,False,2.9444261599564925e-05,12.8125,12.8125,12.8125,0.00042335976690638675,1,K S C,K,True,True,0.0009606037638150156,-0.062255859375,0.48444104194641113,False,0.6625036597251892
train-023377-86e7f9e2cbcec1d3,5,4,train,9721013073179754963,pointer,J,K,K,True,K,True,False,0.0024211874697357416,6.4375,6.4375,6.4375,0.020798961133925185,1,K C N,K,True,True,0.004693325143307447,0.263671875,0.5655387043952942,False,0.8336484432220459
train-023377-86e7f9e2cbcec1d3,5,5,train,9721013073179754963,pointer,J,K,K,True,K,True,False,0.0009139174944721162,8.6875,8.6875,8.6875,0.009666173164237993,1,K C R,K,True,True,0.002174871740862727,0.478515625,0.6173973083496094,True,0.48224252462387085
train-023377-86e7f9e2cbcec1d3,5,6,train,9721013073179754963,pointer,J,K,,,K,True,True,,,8.3125,8.3125,0.012732581585186501,,K C R,K,,True,,0.625,0.6513549089431763,,
train-023377-86e7f9e2cbcec1d3,5,7,train,9721013073179754963,pointer,J,K,,,K,True,True,,,8.0,8.0,0.016325310751907032,,K C R,K,,True,,0.71875,0.672331690788269,,
train-023377-86e7f9e2cbcec1d3,5,8,train,9721013073179754963,pointer,J,K,,,K,True,True,,,7.9375,7.9375,0.016452115209977154,,K C R,K,,True,,0.77734375,0.6851073503494263,,
train-023377-86e7f9e2cbcec1d3,5,9,train,9721013073179754963,pointer,J,K,,,K,True,True,,,7.9375,7.9375,0.01657148540016128,,K C R,K,,True,,0.8125,0.6926419734954834,,
train-023377-86e7f9e2cbcec1d3,5,10,train,9721013073179754963,pointer,J,K,,,K,True,True,,,8.0,8.0,0.01594752535688588,,K C R,K,,True,,0.83203125,0.696784257888794,,
train-023377-86e7f9e2cbcec1d3,5,11,train,9721013073179754963,pointer,J,K,,,K,True,True,,,7.9375,7.9375,0.01640854898473494,,K C R,K,,True,,0.84765625,0.7000752091407776,,
train-023377-86e7f9e2cbcec1d3,5,12,train,9721013073179754963,pointer,J,K,,,K,True,True,,,7.9375,7.9375,0.016310424130533966,,K C R,K,,True,,0.85546875,0.7017130851745605,,
train-008492-240e76925130107c,6,1,train,2598144405838762108,pointer,D,I,I,True,Y,False,False,6.437280717364047e-06,13.875,-18.87109375,13.875,0.00010039486503179202,1,I S M,I,True,True,2.145764938177308e-06,-0.365234375,0.40969306230545044,False,0.527112603187561
train-008492-240e76925130107c,6,2,train,2598144405838762108,pointer,D,G,G,True,Y,False,False,6.318072337307967e-06,12.9375,-18.625,12.9375,9.503476084765875e-05,1,G C X,G,True,True,2.062299427052494e-05,-0.392578125,0.4030968248844147,False,0.5160003900527954
train-008492-240e76925130107c,6,3,train,2598144405838762108,pointer,D,X,X,True,Y,False,False,0.0006079017766751349,9.375,-11.3125,9.375,0.006898548590987954,1,X A R,X,True,True,0.0012191252317279577,-0.000335693359375,0.49991607666015625,False,0.6929793357849121
train-008492-240e76925130107c,6,4,train,2598144405838762108,pointer,D,R,R,True,Y,False,False,0.0012754409108310938,8.1875,-12.28125,8.1875,0.013266344232488594,1,R P Q,P,False,False,1.8890591859817505,0.337890625,0.5836780667304993,False,0.8762964010238647
train-008492-240e76925130107c,6,5,train,2598144405838762108,pointer,D,K,K,True,Y,False,False,0.001291394466534257,8.75,-11.71875,8.75,0.013520022884531066,1,K D Q,K,True,True,0.01760241389274597,0.5234375,0.6279512047767639,False,0.9887303113937378
train-008492-240e76925130107c,6,6,train,2598144405838762108,pointer,D,Y,Y,True,Y,True,False,0.0031931623816490173,7.625,7.625,7.625,0.030672708088745743,1,Y K O,Y,True,True,0.002516200765967369,0.74609375,0.6783269643783569,True,0.3881258964538574
train-008492-240e76925130107c,6,7,train,2598144405838762108,pointer,D,P,,,Y,False,True,,,-10.0625,7.8125,0.025627232878000922,,P T Q,P,,True,,0.82421875,0.6951311230659485,,
train-008492-240e76925130107c,6,8,train,2598144405838762108,pointer,D,T,,,Y,False,True,,,-10.75,7.8125,0.027403155650055376,,T S D,T,,True,,0.94140625,0.7193835973739624,,
train-008492-240e76925130107c,6,9,train,2598144405838762108,pointer,D,L,,,Y,False,True,,,-10.96875,7.625,0.03348860191994084,,L N S,L,,True,,1.0703125,0.7446563243865967,,
train-008492-240e76925130107c,6,10,train,2598144405838762108,pointer,D,B,,,Y,False,True,,,-12.15625,8.4375,0.012366579116949938,,B A C,B,,True,,1.0859375,0.7476159334182739,,
train-008492-240e76925130107c,6,11,train,2598144405838762108,pointer,D,J,,,Y,False,True,,,-6.5,5.9375,0.1490401223439703,,J K D,J,,True,,1.078125,0.7461389899253845,,
train-008492-240e76925130107c,6,12,train,2598144405838762108,pointer,D,O,,,Y,False,True,,,-6.125,5.75,0.07246740802049097,,O U Y,O,,True,,1.0234375,0.735641598701477,,
train-020229-7c9aa3f3c6e63bb1,8,1,train,8978669074525862833,pointer,X,K,K,True,J,False,False,5.960462772236497e-07,15.3125,-16.734375,15.3125,1.1210401985845458e-05,1,K R W,K,True,True,5.960462772236497e-07,-0.46484375,0.3858373761177063,False,0.4874955415725708
train-020229-7c9aa3f3c6e63bb1,8,2,train,8978669074525862833,pointer,X,W,W,True,J,False,False,2.145764938177308e-06,14.0,-18.34375,14.0,3.6198706357551546e-05,1,W X A,W,True,True,2.455681169521995e-05,-0.453125,0.3886180520057678,False,0.49203336238861084
train-020229-7c9aa3f3c6e63bb1,8,3,train,8978669074525862833,pointer,X,R,R,True,J,False,False,0.00024029705673456192,10.1875,-12.1875,10.1875,0.0028913388213554236,1,R T P,R,True,True,0.0031091466080397367,-0.03369140625,0.4915779232978821,False,0.6764433979988098
train-020229-7c9aa3f3c6e63bb1,8,4,train,8978669074525862833,pointer,X,M,M,True,J,False,False,0.0011233931872993708,8.375,-11.625,8.375,0.011922092796094371,1,M N L,M,True,True,0.29217568039894104,0.341796875,0.5846269726753235,False,0.878578245639801
train-020229-7c9aa3f3c6e63bb1,8,5,train,8978669074525862833,pointer,X,Q,Q,True,J,False,False,0.0007658647373318672,8.5,-11.8125,8.5,0.008162274456323273,1,Q P A,Q,True,True,0.0075166733004152775,0.62109375,0.6504672765731812,False,1.05115807056427
train-020229-7c9aa3f3c6e63bb1,8,6,train,8978669074525862833,pointer,X,Y,Y,True,J,False,False,0.011658629402518272,5.3125,-8.6875,5.3125,0.08937768178394473,1,Y Q X,Y,True,True,0.25689631700515747,0.75390625,0.6800292134284973,False,1.1395256519317627
train-020229-7c9aa3f3c6e63bb1,8,7,train,8978669074525862833,pointer,X,D,D,True,J,False,False,0.006403049454092979,6.625,-9.5625,6.625,0.05597429430159023,1,D E S,D,True,True,0.007802248932421207,0.90234375,0.7114308476448059,False,1.2428207397460938
train-020229-7c9aa3f3c6e63bb1,8,8,train,8978669074525862833,pointer,X,J,J,True,J,True,False,0.006184369325637817,7.0,7.0,7.0,0.05581460542792189,1,J Y A,J,True,True,0.011815092526376247,0.9375,0.7185943722724915,True,0.3304581940174103
train-020229-7c9aa3f3c6e63bb1,8,9,train,8978669074525862833,pointer,X,C,,,J,False,True,,,-8.375,7.125,0.046886168449157946,,C D S,C,,True,,1.03125,0.7371581792831421,,
train-020229-7c9aa3f3c6e63bb1,8,10,train,8978669074525862833,pointer,X,V,,,J,False,True,,,-10.46875,7.75,0.02634561076133869,,V F L,V,,True,,1.1171875,0.7534666657447815,,
train-020229-7c9aa3f3c6e63bb1,8,11,train,8978669074525862833,pointer,X,G,,,J,False,True,,,-8.9375,7.875,0.04073353457702914,,G R E,G,,True,,1.1328125,0.7563575506210327,,
train-020229-7c9aa3f3c6e63bb1,8,12,train,8978669074525862833,pointer,X,I,,,J,False,True,,,-8.8125,6.0,0.09561841546930389,,I P L,I,,True,,1.0703125,0.7446563243865967,,
train-014821-3183b84ebac7680b,10,1,train,3567897978088155147,pointer,K,S,S,True,L,False,False,8.106198947643861e-06,13.15625,-16.921875,13.15625,0.00012235695340050495,1,S R V,S,True,True,1.9073468138230965e-06,-0.345703125,0.4144248068332672,False,0.5351606607437134
train-014821-3183b84ebac7680b,10,2,train,3567897978088155147,pointer,K,H,H,True,L,False,False,2.5987286790041253e-05,10.8125,-14.125,10.8125,0.00033059737522982005,1,H M L,H,True,True,3.862306402879767e-05,-0.37109375,0.40827676653862,False,0.5247162580490112
train-014821-3183b84ebac7680b,10,3,train,3567897978088155147,pointer,K,V,V,True,L,False,False,0.0023890782613307238,7.5625,-8.375,7.5625,0.0234029650530098,1,V E P,V,True,True,0.019498812034726143,0.001983642578125,0.5004959106445312,False,0.6941394805908203
train-014821-3183b84ebac7680b,10,4,train,3567897978088155147,pointer,K,R,R,True,L,False,False,0.0008918836829252541,9.0625,-9.5625,9.0625,0.0097922775561004,1,R Q P,R,True,True,0.002438668627291918,0.435546875,0.6071974039077759,False,0.9344481825828552
train-014821-3183b84ebac7680b,10,5,train,3567897978088155147,pointer,K,B,B,True,L,False,False,0.001292346976697445,8.0625,-10.5625,8.0625,0.013263694078686427,1,B C M,B,True,True,0.16741237044334412,0.6171875,0.6495786309242249,False,1.0486189126968384
train-014821-3183b84ebac7680b,10,6,train,3567897978088155147,pointer,K,E,E,True,L,False,False,0.002931228606030345,7.1875,-8.75,7.1875,0.027757495866611914,1,E D G,E,True,True,0.005831371992826462,0.859375,0.7025300860404968,False,1.21244215965271
train-014821-3183b84ebac7680b,10,7,train,3567897978088155147,pointer,K,O,O,True,L,False,False,0.002107305685058236,8.0,-9.1875,8.0,0.02105505532016748,1,O P N,O,True,True,0.10483911633491516,0.90234375,0.7114308476448059,False,1.2428207397460938
train-014821-3183b84ebac7680b,10,8,train,3567897978088155147,pointer,K,Z,Z,True,L,False,False,0.008820027112960815,6.0,-9.0625,6.0,0.07289451630040825,1,Z X Y,Z,True,True,0.002875243779271841,1.0546875,0.74167400598526,False,1.3535330295562744
train-014821-3183b84ebac7680b,10,9,train,3567897978088155147,pointer,K,P,P,True,L,False,False,0.00025960413040593266,10.0,-10.625,10.0,0.0031480194789103304,1,P G C,P,True,True,0.007427103351801634,1.0390625,0.7386690378189087,False,1.3419678211212158
train-014821-3183b84ebac7680b,10,10,train,3567897978088155147,pointer,K,L,L,True,L,True,False,0.004030676558613777,6.75,6.75,6.75,0.03648808487229416,1,L S M,L,True,True,0.1960902214050293,1.1015625,0.7505527138710022,True,0.28694531321525574
train-014821-3183b84ebac7680b,10,11,train,3567897978088155147,pointer,K,G,,,L,False,True,,,-9.84375,7.0625,0.03716286801543493,,G E D,G,,True,,1.109375,0.7520126104354858,,
train-014821-3183b84ebac7680b,10,12,train,3567897978088155147,pointer,K,T,,,L,False,True,,,-8.6875,7.25,0.03224104323103428,,T D M,T,,True,,1.140625,0.7577943801879883,,
train-010574-c0bb923f113f8b6c,12,1,train,13887854675497028460,pointer,G,Z,Z,True,D,False,False,9.536697689327411e-06,12.125,-15.28125,12.125,0.00013736758068312057,1,Z X U,Z,True,True,4.768370445162873e-07,-0.388671875,0.4040370583534241,False,0.5175768136978149
train-010574-c0bb923f113f8b6c,12,2,train,13887854675497028460,pointer,G,L,L,True,D,False,False,6.437280717364047e-06,12.8125,-14.1875,12.8125,9.805461478701063e-05,1,L C D,L,True,True,5.245195097813848e-06,-0.38671875,0.40450745820999146,False,0.5183663964271545
train-010574-c0bb923f113f8b6c,12,3,train,13887854675497028460,pointer,G,U,U,True,D,False,False,3.3854863431770355e-05,12.125,-13.0,12.125,0.0004805283707822485,1,U A T,U,True,True,0.0003293210465926677,-0.1015625,0.474631130695343,False,0.6436547636985779
train-010574-c0bb923f113f8b6c,12,4,train,13887854675497028460,pointer,G,H,H,True,D,False,False,0.004808173049241304,7.5,-8.625,7.5,0.04449783302580522,1,H X F,H,True,True,0.12806527316570282,0.275390625,0.5684158205986023,False,0.8402926921844482
train-010574-c0bb923f113f8b6c,12,5,train,13887854675497028460,pointer,G,P,P,True,D,False,False,0.0005115154199302197,9.8125,-9.875,9.8125,0.005855540576985856,1,P C A,P,True,True,0.0014735327567905188,0.5,0.622459352016449,False,0.9740769863128662
train-010574-c0bb923f113f8b6c,12,6,train,13887854675497028460,pointer,G,X,X,True,D,False,False,0.003709461074322462,6.75,-8.5,6.75,0.034246855618265654,1,X A U,X,True,True,0.08995770663022995,0.6484375,0.6566582322120667,False,1.0690290927886963
train-010574-c0bb923f113f8b6c,12,7,train,13887854675497028460,pointer,G,J,J,True,D,False,False,0.006750871893018484,6.75,-7.8125,6.75,0.058978475274149525,1,J K I,J,True,True,0.05640881136059761,0.68359375,0.6645402908325195,False,1.0922534465789795
train-010574-c0bb923f113f8b6c,12,8,train,13887854675497028460,pointer,G,O,O,True,D,False,False,0.004507381934672594,6.6875,-8.25,6.6875,0.040258584863268304,1,O P A,O,True,True,0.002741033909842372,0.78125,0.6859495043754578,False,1.1582013368606567
train-010574-c0bb923f113f8b6c,12,9,train,13887854675497028460,pointer,G,M,M,True,D,False,False,0.003063511336222291,7.0,-8.9375,7.0,0.0287901921844872,1,M C N,M,True,True,0.007884333841502666,0.91796875,0.7146279811859131,False,1.2539618015289307
train-010574-c0bb923f113f8b6c,12,10,train,13887854675497028460,pointer,G,C,C,True,D,False,False,0.002929921029135585,7.4375,-7.9375,7.4375,0.028091632607662877,1,C A D,C,True,True,0.0005750194541178644,0.984375,0.7279754281044006,False,1.3018629550933838
train-010574-c0bb923f113f8b6c,12,11,train,13887854675497028460,pointer,G,S,S,True,D,False,False,0.002325094770640135,8.0,-8.875,8.0,0.023267052587696,1,S R Q,S,True,True,0.025292757898569107,1.0859375,0.7476159334182739,False,1.3768033981323242
train-010574-c0bb923f113f8b6c,12,12,train,13887854675497028460,pointer,G,D,D,True,D,True,False,0.0173320434987545,5.125,5.125,5.125,0.12233318266540101,1,D E L,D,True,True,0.17606402933597565,1.1484375,0.7592254281044006,True,0.27545657753944397
train-002061-c2d311c993169188,1,1,train,14038584020897796488,pointer,U,B,B,True,B,True,False,5.960446742392378e-06,12.375,12.375,12.375,8.410541324363558e-05,1,B C A,B,True,True,1.5497195136049413e-06,-0.130859375,0.46733176708221436,True,0.7607158422470093
train-002061-c2d311c993169188,1,2,train,14038584020897796488,pointer,U,K,,,B,False,True,,,-16.125,14.4375,3.8251109545311526e-05,,K F C,K,,True,,-0.166015625,0.45859116315841675,,
train-002061-c2d311c993169188,1,3,train,14038584020897796488,pointer,U,X,,,B,False,True,,,-14.53125,10.3125,0.000754243247674913,,X A K,X,,True,,0.054931640625,0.513729453086853,,
train-002061-c2d311c993169188,1,4,train,14038584020897796488,pointer,U,A,,,B,False,True,,,-10.0,10.0,0.002118173686181974,,A B G,A,,True,,0.4375,0.6076632142066956,,
train-002061-c2d311c993169188,1,5,train,14038584020897796488,pointer,U,F,,,B,False,True,,,-11.65625,9.0,0.011659406607620397,,F A S,F,,True,,0.6875,0.665410578250885,,
train-002061-c2d311c993169188,1,6,train,14038584020897796488,pointer,U,M,,,B,False,True,,,-10.0,7.375,0.038922500418005955,,M L N,M,,True,,0.8125,0.6926419734954834,,
train-002061-c2d311c993169188,1,7,train,14038584020897796488,pointer,U,Y,,,B,False,True,,,-11.09375,8.125,0.013539948378168708,,Y A O,Y,,True,,0.90625,0.7122321724891663,,
train-002061-c2d311c993169188,1,8,train,14038584020897796488,pointer,U,G,,,B,False,True,,,-9.40625,7.4375,0.04183261996749371,,G W F,G,,True,,1.0390625,0.7386690378189087,,
train-002061-c2d311c993169188,1,9,train,14038584020897796488,pointer,U,N,,,B,False,True,,,-8.25,7.625,0.042425386546989914,,N D F,N,,True,,1.03125,0.7371581792831421,,
train-002061-c2d311c993169188,1,10,train,14038584020897796488,pointer,U,D,,,B,False,True,,,-7.0625,6.6875,0.07481423849730798,,D E L,D,,True,,1.046875,0.740174412727356,,
train-002061-c2d311c993169188,1,11,train,14038584020897796488,pointer,U,V,,,B,False,True,,,-10.53125,7.375,0.04279942409162586,,V L Z,V,,True,,1.125,0.7549149990081787,,
train-002061-c2d311c993169188,1,12,train,14038584020897796488,pointer,U,I,,,B,False,True,,,-9.5,7.375,0.054183795036404,,I P N,I,,True,,1.171875,0.7634837031364441,,
train-021745-58b55edc60d51af4,2,1,train,6392119546732681972,pointer,V,Z,Z,True,T,False,False,1.0251946150674485e-05,12.25,-15.84375,12.25,0.0001468590568677047,1,Z X U,Z,True,True,1.0728830375228426e-06,-0.2734375,0.43206343054771423,False,0.56574547290802
train-021745-58b55edc60d51af4,2,2,train,6392119546732681972,pointer,V,T,T,True,T,True,False,1.311301275563892e-06,15.125,15.125,15.125,2.475038725470129e-05,1,T W M,T,True,True,2.777537883957848e-05,-0.3046875,0.42441198229789734,True,0.8570506572723389
train-021745-58b55edc60d51af4,2,3,train,6392119546732681972,pointer,V,B,,,T,False,True,,,-12.4375,9.5,0.0018130603309281994,,B C A,B,,True,,0.03173828125,0.5079339146614075,,
train-021745-58b55edc60d51af4,2,4,train,6392119546732681972,pointer,V,H,,,T,False,True,,,-9.90625,8.9375,0.01419675088185993,,H X N,H,,True,,0.4609375,0.6132366061210632,,
train-021745-58b55edc60d51af4,2,5,train,6392119546732681972,pointer,V,N,,,T,False,True,,,-10.5625,8.625,0.01149471269378666,,N A Q,N,,True,,0.58203125,0.6415346264839172,,
train-021745-58b55edc60d51af4,2,6,train,6392119546732681972,pointer,V,F,,,T,False,True,,,-9.75,7.625,0.013652390014416932,,F G C,F,,True,,0.73046875,0.6749081611633301,,
train-021745-58b55edc60d51af4,2,7,train,6392119546732681972,pointer,V,R,,,T,False,True,,,-7.75,5.625,0.07484261961285624,,R P L,R,,True,,0.8984375,0.7106282711029053,,
train-021745-58b55edc60d51af4,2,8,train,6392119546732681972,pointer,V,Y,,,T,False,True,,,-10.1875,9.375,0.011013548681565765,,Y O D,Y,,True,,1.0859375,0.7476159334182739,,
train-021745-58b55edc60d51af4,2,9,train,6392119546732681972,pointer,V,O,,,T,False,True,,,-9.6875,6.75,0.026347987007563196,,O Y U,Y,,False,,1.03125,0.7371581792831421,,
train-021745-58b55edc60d51af4,2,10,train,6392119546732681972,pointer,V,A,,,T,False,True,,,-9.125,7.75,0.036385554858715585,,A D S,A,,True,,1.1015625,0.7505527138710022,,
train-021745-58b55edc60d51af4,2,11,train,6392119546732681972,pointer,V,K,,,T,False,True,,,-9.28125,3.6875,0.15001567452259892,,K Q X,K,,True,,1.0625,0.7431680560112,,
train-021745-58b55edc60d51af4,2,12,train,6392119546732681972,pointer,V,U,,,T,False,True,,,-9.0,7.125,0.04531653865571082,,U A O,U,,True,,1.0625,0.7431680560112,,
train-024518-66e0df9bb1707859,3,1,train,7413170846441699417,pointer,X,Z,Z,True,F,False,False,9.417489309271332e-06,12.3125,-17.78125,12.3125,0.00013521074881320654,1,Z X R,Z,True,True,3.576278118089249e-07,-0.29296875,0.42727720737457275,False,0.5573534965515137
train-024518-66e0df9bb1707859,3,2,train,7413170846441699417,pointer,X,P,P,True,F,False,False,1.311301275563892e-06,15.0625,-16.875,15.0625,2.2488944034512254e-05,1,P C A,P,True,True,4.529942543740617e-06,-0.3828125,0.4054487347602844,False,0.5199483633041382
train-024518-66e0df9bb1707859,3,3,train,7413170846441699417,pointer,X,F,F,True,F,True,False,0.00011729506513802335,10.8125,10.8125,10.8125,0.0015013222820620797,1,F C G,F,True,True,0.08323758095502853,-0.004425048828125,0.49889373779296875,True,0.6953621506690979
train-024518-66e0df9bb1707859,3,4,train,7413170846441699417,pointer,X,E,,,F,False,True,,,-9.9375,8.125,0.015182586551914554,,E D C,E,,True,,0.36328125,0.5898345112800598,,
train-024518-66e0df9bb1707859,3,5,train,7413170846441699417,pointer,X,X,,,F,False,True,,,-8.8125,5.8125,0.050810310107526846,,X Q Z,X,,True,,0.59765625,0.6451199054718018,,
train-024518-66e0df9bb1707859,3,6,train,7413170846441699417,pointer,X,Z,,,F,False,True,,,-6.375,5.5,0.11304669056890562,,Z D R,Z,,True,,0.79296875,0.6884684562683105,,
train-024518-66e0df9bb1707859,3,7,train,7413170846441699417,pointer,X,P,,,F,False,True,,,-10.3125,9.6875,0.005842954299122186,,P A L,P,,True,,0.828125,0.6959583163261414,,
train-024518-66e0df9bb1707859,3,8,train,7413170846441699417,pointer,X,F,,,F,True,True,,,8.25,8.25,0.02094018624877778,,F G E,F,,True,,0.9609375,0.7233095169067383,,
train-024518-66e0df9bb1707859,3,9,train,7413170846441699417,pointer,X,E,,,F,False,True,,,-9.375,7.75,0.0215443001924288,,E D C,E,,True,,1.0703125,0.7446563243865967,,
train-024518-66e0df9bb1707859,3,10,train,7413170846441699417,pointer,X,X,,,F,False,True,,,-8.75,5.6875,0.05578848968787691,,X Q Z,X,,True,,1.0859375,0.7476159334182739,,
train-024518-66e0df9bb1707859,3,11,train,7413170846441699417,pointer,X,Z,,,F,False,True,,,-6.25,5.4375,0.12454227199352563,,Z D R,Z,,True,,1.1171875,0.7534666657447815,,
train-024518-66e0df9bb1707859,3,12,train,7413170846441699417,pointer,X,P,,,F,False,True,,,-10.3125,9.6875,0.005889640261598055,,P A L,P,,True,,1.046875,0.740174412727356,,
train-035184-285d48899940e5a1,4,1,train,2908560690170095009,pointer,M,Z,Z,True,U,False,False,6.198863957251888e-06,12.6875,-14.625,12.6875,9.172653645329518e-05,1,Z X R,Z,True,True,1.311301275563892e-06,-0.369140625,0.40874868631362915,False,0.5255141258239746
train-035184-285d48899940e5a1,4,2,train,2908560690170095009,pointer,M,C,C,True,U,False,False,2.7418097943154862e-06,13.5,-16.0625,13.5,4.334506425121234e-05,1,C I D,C,True,True,1.4066597032069694e-05,-0.3046875,0.42441198229789734,False,0.5523631572723389
train-035184-285d48899940e5a1,4,3,train,2908560690170095009,pointer,M,I,I,True,U,False,False,0.00022802136663813144,10.0625,-11.8125,10.0625,0.002777149165394025,1,I N S,I,True,True,0.0008172033121809363,-0.0067138671875,0.4983215928077698,False,0.6897958517074585
train-035184-285d48899940e5a1,4,4,train,2908560690170095009,pointer,M,U,U,True,U,True,False,0.0010564705589786172,8.9375,8.9375,8.9375,0.011428011984204152,1,U N T,U,True,True,0.0018310461891815066,0.232421875,0.5578453540802002,True,0.5836735963821411
train-035184-285d48899940e5a1,4,5,train,2908560690170095009,pointer,M,T,,,U,False,True,,,-11.3125,9.8125,0.004711502846988162,,T S F,T,,True,,0.462890625,0.6136996746063232,,
train-035184-285d48899940e5a1,4,6,train,2908560690170095009,pointer,M,H,,,U,False,True,,,-10.875,6.4375,0.08226911718974174,,H A P,H,,True,,0.7265625,0.6740504503250122,,
train-035184-285d48899940e5a1,4,7,train,2908560690170095009,pointer,M,K,,,U,False,True,,,-11.46875,7.9375,0.023570253498234026,,K R L,K,,True,,0.84765625,0.7000752091407776,,
train-035184-285d48899940e5a1,4,8,train,2908560690170095009,pointer,M,S,,,U,False,True,,,-10.625,8.5625,0.0194839725517951,,S Q K,S,,True,,1.0078125,0.7325918078422546,,
train-035184-285d48899940e5a1,4,9,train,2908560690170095009,pointer,M,W,,,U,False,True,,,-9.25,6.375,0.06669062135226098,,W L X,W,,True,,1.078125,0.7461389899253845,,
train-035184-285d48899940e5a1,4,10,train,2908560690170095009,pointer,M,Q,,,U,False,True,,,-11.25,8.25,0.00843871790158402,,Q P K,Q,,True,,1.1328125,0.7563575506210327,,
train-035184-285d48899940e5a1,4,11,train,2908560690170095009,pointer,M,N,,,U,False,True,,,-7.0,5.875,0.16227356515912647,,N F Q,N,,True,,1.03125,0.7371581792831421,,
train-035184-285d48899940e5a1,4,12,train,2908560690170095009,pointer,M,F,,,U,False,True,,,-9.6875,8.625,0.01830122651956571,,F L G,F,,True,,1.046875,0.740174412727356,,
train-015151-5a91fc41fae73eb8,5,1,train,6526274695349092024,pointer,Y,U,U,True,B,False,False,3.576272320060525e-06,13.53125,-15.71875,13.53125,5.773775351450459e-05,1,U V A,U,True,True,7.152555099310121e-07,-0.55078125,0.3656831681728363,False,0.4552067518234253
train-015151-5a91fc41fae73eb8,5,2,train,6526274695349092024,pointer,Y,A,A,True,B,False,False,1.7881377516459906e-06,14.4375,-14.8125,14.4375,2.994172733047484e-05,1,A O B,A,True,True,1.3589766240329482e-05,-0.431640625,0.3937346339225769,False,0.5004374980926514
train-015151-5a91fc41fae73eb8,5,3,train,6526274695349092024,pointer,Y,P,P,True,B,False,False,8.356221951544285e-05,10.875,-12.625,10.875,0.0011057393487367143,1,P A C,P,True,True,0.0008977196994237602,-0.111328125,0.47219666838645935,False,0.6390315890312195
train-015151-5a91fc41fae73eb8,5,4,train,6526274695349092024,pointer,Y,W,W,True,B,False,False,0.0019340872531756759,8.3125,-10.375,8.3125,0.019729596248330483,1,W L D,W,True,True,0.6571875810623169,0.306640625,0.5760650634765625,False,0.8581752777099609
train-015151-5a91fc41fae73eb8,5,5,train,6526274695349092024,pointer,Y,B,B,True,B,True,False,0.001420323271304369,7.875,7.875,7.875,0.014435736314094519,1,B C A,B,True,True,0.016364647075533867,0.6484375,0.6566582322120667,True,0.4205915629863739
train-015151-5a91fc41fae73eb8,5,6,train,6526274695349092024,pointer,Y,E,,,B,False,True,,,-9.25,4.5,0.10726499711327729,,E Q D,E,,True,,0.87890625,0.7065955400466919,,
train-015151-5a91fc41fae73eb8,5,7,train,6526274695349092024,pointer,Y,G,,,B,False,True,,,-9.59375,6.875,0.04863165442812126,,G K X,G,,True,,1.0078125,0.7325918078422546,,
train-015151-5a91fc41fae73eb8,5,8,train,6526274695349092024,pointer,Y,K,,,B,False,True,,,-9.71875,8.1875,0.021325243207459547,,K D R,K,,True,,1.0546875,0.74167400598526,,
train-015151-5a91fc41fae73eb8,5,9,train,6526274695349092024,pointer,Y,V,,,B,False,True,,,-8.75,6.375,0.07237205832838733,,V D P,V,,True,,1.078125,0.7461389899253845,,
train-015151-5a91fc41fae73eb8,5,10,train,6526274695349092024,pointer,Y,D,,,B,False,True,,,-8.625,5.3125,0.10515859886225923,,D E L,D,,True,,1.21875,0.7718434929847717,,
train-015151-5a91fc41fae73eb8,5,11,train,6526274695349092024,pointer,Y,L,,,B,False,True,,,-9.25,7.125,0.03626709145373931,,L N I,L,,True,,1.171875,0.7634837031364441,,
train-015151-5a91fc41fae73eb8,5,12,train,6526274695349092024,pointer,Y,H,,,B,False,True,,,-8.28125,5.4375,0.09420929024113621,,H I X,H,,True,,1.1484375,0.7592254281044006,,
train-005837-e176bcc34fcb5b38,6,1,train,16246380252829014840,pointer,D,P,P,True,V,False,False,2.9802276912960224e-06,14.0,-17.03125,14.0,4.704357554325457e-05,1,P C G,P,True,True,2.3841855067985307e-07,-0.5859375,0.3575674891471863,False,0.4424935579299927
train-005837-e176bcc34fcb5b38,6,2,train,16246380252829014840,pointer,D,L,L,True,V,False,False,7.510157047363464e-06,12.9375,-15.09375,12.9375,0.00011464081776286403,1,L C B,L,True,True,2.372236667724792e-05,-0.49609375,0.378459095954895,False,0.4755535125732422
train-005837-e176bcc34fcb5b38,6,3,train,16246380252829014840,pointer,D,F,F,True,V,False,False,6.580135959666222e-05,11.25,-14.21875,11.25,0.0008765662931201243,1,F M E,F,True,True,0.1614624708890915,-0.1337890625,0.46660250425338745,False,0.6284884214401245
train-005837-e176bcc34fcb5b38,6,4,train,16246380252829014840,pointer,D,B,B,True,V,False,False,0.0006586528033949435,8.875,-11.5,8.875,0.00725474221268332,1,B A C,B,True,True,0.00725326593965292,0.26171875,0.5650587677955627,False,0.8325443267822266
train-005837-e176bcc34fcb5b38,6,5,train,16246380252829014840,pointer,D,Y,Y,True,V,False,False,0.0008977196994237602,9.1875,-11.125,9.1875,0.009886785111770572,1,Y A D,Y,True,True,0.16081997752189636,0.5390625,0.6315943002700806,False,0.9985705614089966
train-005837-e176bcc34fcb5b38,6,6,train,16246380252829014840,pointer,D,V,V,True,V,True,False,0.008062673732638359,6.8125,6.8125,6.8125,0.07047947791080088,1,V F E,V,True,True,0.005324468482285738,0.84765625,0.7000752091407776,True,0.35656747221946716
train-005837-e176bcc34fcb5b38,6,7,train,16246380252829014840,pointer,D,U,,,V,False,True,,,-9.5,7.875,0.019589249406391018,,U A L,U,,True,,0.95703125,0.722527027130127,,
train-005837-e176bcc34fcb5b38,6,8,train,16246380252829014840,pointer,D,E,,,V,False,True,,,-9.3125,7.25,0.027626220690728003,,E D A,E,,True,,0.984375,0.7279754281044006,,
train-005837-e176bcc34fcb5b38,6,9,train,16246380252829014840,pointer,D,S,,,V,False,True,,,-8.5,7.25,0.030963799763569156,,S Q T,S,,True,,1.015625,0.7341195344924927,,
train-005837-e176bcc34fcb5b38,6,10,train,16246380252829014840,pointer,D,J,,,V,False,True,,,-8.3125,6.125,0.11448887779726308,,J F T,J,,True,,0.9296875,0.7170118689537048,,
train-005837-e176bcc34fcb5b38,6,11,train,16246380252829014840,pointer,D,O,,,V,False,True,,,-9.8125,7.1875,0.03263566584098626,,O U J,O,,True,,0.91796875,0.7146279811859131,,
train-005837-e176bcc34fcb5b38,6,12,train,16246380252829014840,pointer,D,I,,,V,False,True,,,-8.0,6.125,0.09304083533212236,,I S M,I,,True,,1.0390625,0.7386690378189087,,
train-007467-5e3ed60da32ede03,8,1,train,6791100642181963267,pointer,X,G,G,True,B,False,False,2.3841855067985307e-07,16.0625,-19.03125,16.0625,6.319188194833565e-06,1,G R C,G,True,True,2.9802276912960224e-06,-0.5234375,0.3720487952232361,False,0.4652928113937378
train-007467-5e3ed60da32ede03,8,2,train,6791100642181963267,pointer,X,U,U,True,B,False,False,4.887569048150908e-06,12.5625,-16.6875,12.5625,7.242954307602624e-05,1,U T D,U,True,True,1.4781842764932662e-05,-0.439453125,0.39187127351760864,False,0.4973686933517456
train-007467-5e3ed60da32ede03,8,3,train,6791100642181963267,pointer,X,L,L,True,B,False,False,0.00033361115492880344,9.5625,-11.625,9.5625,0.003924364404805028,1,L I D,L,True,True,0.0009896624833345413,-0.06494140625,0.48377037048339844,False,0.6612035632133484
train-007467-5e3ed60da32ede03,8,4,train,6791100642181963267,pointer,X,D,D,True,B,False,False,0.0013467537937685847,8.5625,-8.875,8.5625,0.01402948833416671,1,D L E,D,True,True,0.001505671301856637,0.337890625,0.5836780667304993,False,0.8762964010238647
train-007467-5e3ed60da32ede03,8,5,train,6791100642181963267,pointer,X,C,C,True,B,False,False,0.0013256819220259786,8.4375,-9.5,8.4375,0.013993688847517633,1,C A L,C,True,True,0.4850594997406006,0.55859375,0.6361271142959595,False,1.0109505653381348
train-007467-5e3ed60da32ede03,8,6,train,6791100642181963267,pointer,X,Q,Q,True,B,False,False,0.00011944057769142091,10.4375,-12.125,10.4375,0.0014856677346753522,1,Q A K,Q,True,True,0.00866415910422802,0.6328125,0.6531268954277039,False,1.0587962865829468
train-007467-5e3ed60da32ede03,8,7,train,6791100642181963267,pointer,X,H,H,True,B,False,False,0.005720790475606918,6.6875,-9.09375,6.6875,0.05139699442839149,1,H O K,H,True,True,0.0630931630730629,0.83203125,0.696784257888794,False,1.1933107376098633
train-007467-5e3ed60da32ede03,8,8,train,6791100642181963267,pointer,X,B,B,True,B,True,False,0.00025733973598107696,9.3125,9.3125,9.3125,0.002946669745454185,1,B A C,B,True,True,0.07373801618814468,0.8515625,0.700894832611084,True,0.35539746284484863
train-007467-5e3ed60da32ede03,8,9,train,6791100642181963267,pointer,X,O,,,B,False,True,,,-11.1875,8.125,0.011032962302452008,,O A P,O,,True,,0.9375,0.7185943722724915,,
train-007467-5e3ed60da32ede03,8,10,train,6791100642181963267,pointer,X,S,,,B,False,True,,,-10.03125,7.9375,0.01669897003780547,,S T K,S,,True,,1.0,0.7310585975646973,,
train-007467-5e3ed60da32ede03,8,11,train,6791100642181963267,pointer,X,N,,,B,False,True,,,-10.3125,7.5625,0.024025639077337374,,N L M,N,,True,,0.93359375,0.7178038358688354,,
train-007467-5e3ed60da32ede03,8,12,train,6791100642181963267,pointer,X,J,,,B,False,True,,,-9.8125,9.3125,0.008892399380444308,,J D K,J,,True,,0.95703125,0.722527027130127,,
train-001096-afd3f792c3f400f4,10,1,train,12669742386448171252,pointer,M,N,N,True,V,False,False,6.6756979322235566e-06,13.3125,-17.8125,13.3125,0.00010321002004587992,1,N M Q,N,True,True,2.3007127310847864e-05,-0.37109375,0.40827676653862,False,0.5247162580490112
train-001096-afd3f792c3f400f4,10,2,train,12669742386448171252,pointer,M,B,B,True,V,False,False,3.6954811548639555e-06,12.875,-18.1875,12.875,5.376607860889517e-05,1,B C A,B,True,True,2.13382354559144e-05,-0.43359375,0.39326852560043335,False,0.4996689558029175
train-001096-afd3f792c3f400f4,10,3,train,12669742386448171252,pointer,M,O,O,True,V,False,False,0.0002320735511602834,9.75,-12.75,9.75,0.0027837918041119943,1,O A P,O,True,True,0.002941093873232603,-0.046630859375,0.4883444011211395,False,0.6701035499572754
train-001096-afd3f792c3f400f4,10,4,train,12669742386448171252,pointer,M,E,E,True,V,False,False,0.002084465464577079,8.3125,-9.875,8.3125,0.020958185641669253,1,E S C,E,True,True,0.10261514782905579,0.35546875,0.5879431366920471,False,0.8865938782691956
train-001096-afd3f792c3f400f4,10,5,train,12669742386448171252,pointer,M,S,S,True,V,False,False,0.0007240534760057926,8.75,-10.75,8.75,0.007944899344034528,1,S T R,S,True,True,0.7089226841926575,0.671875,0.6619228720664978,False,1.0844812393188477
train-001096-afd3f792c3f400f4,10,6,train,12669742386448171252,pointer,M,A,A,True,V,False,False,0.012650716118514538,5.25,-8.1875,5.25,0.09715132375693808,1,A F D,A,True,True,0.031896937638521194,0.78125,0.6859495043754578,False,1.1582013368606567
train-001096-afd3f792c3f400f4,10,7,train,12669742386448171252,pointer,M,P,P,True,V,False,False,0.0006414977833628654,8.9375,-11.53125,8.9375,0.007049928203892594,1,P A C,P,True,True,0.00028761065914295614,0.78515625,0.6867902874946594,False,1.1608824729919434
train-001096-afd3f792c3f400f4,10,8,train,12669742386448171252,pointer,M,C,C,True,V,False,False,0.003950886894017458,7.4375,-11.09375,7.4375,0.0372122563602666,1,C D S,C,True,True,0.0026126320008188486,0.9375,0.7185943722724915,False,1.267958164215088
train-001096-afd3f792c3f400f4,10,9,train,12669742386448171252,pointer,M,T,T,True,V,False,False,0.004084459971636534,7.6875,-8.59375,7.6875,0.03848845479318058,1,T X D,T,True,True,0.04199783131480217,0.9765625,0.7264255881309509,False,1.2961816787719727
train-001096-afd3f792c3f400f4,10,10,train,12669742386448171252,pointer,M,V,V,True,V,True,False,0.008138115517795086,6.875,6.875,6.875,0.07102290503360911,1,V P J,V,True,True,0.17259253561496735,1.078125,0.7461389899253845,True,0.29284340143203735
train-001096-afd3f792c3f400f4,10,11,train,12669742386448171252,pointer,M,G,,,V,False,True,,,-9.5625,6.5625,0.06986169216250457,,G C R,G,,True,,1.1640625,0.7620701193809509,,
train-001096-afd3f792c3f400f4,10,12,train,12669742386448171252,pointer,M,F,,,V,False,True,,,-10.25,7.4375,0.03766555449809197,,F C D,F,,True,,1.1484375,0.7592254281044006,,
train-029762-5ead6e74952c175c,12,1,train,6822230457534125916,pointer,C,D,D,True,B,False,False,2.7418097943154862e-06,13.96875,-15.09375,13.96875,4.208191647972447e-05,1,D C B,D,True,True,5.125986263010418e-06,-0.455078125,0.3881540596485138,False,0.4912748336791992
train-029762-5ead6e74952c175c,12,2,train,6822230457534125916,pointer,C,S,S,True,B,False,False,7.748573807475623e-06,13.625,-16.125,13.625,0.00011971718572768474,1,S C D,S,True,True,2.753696753643453e-05,-0.353515625,0.41253018379211426,False,0.5319303274154663
train-029762-5ead6e74952c175c,12,3,train,6822230457534125916,pointer,C,H,H,True,B,False,False,0.00017212340026162565,10.3125,-13.875,10.3125,0.002133522316037116,1,H X L,H,True,True,0.14210139214992523,-0.0203857421875,0.49490371346473694,False,0.683006227016449
train-029762-5ead6e74952c175c,12,4,train,6822230457534125916,pointer,C,X,X,True,B,False,False,0.00136461085639894,8.125,-10.46875,8.125,0.014184362805874706,1,X A S,X,True,True,0.0076508354395627975,0.3828125,0.5945512652397156,False,0.9027608633041382
train-029762-5ead6e74952c175c,12,5,train,6822230457534125916,pointer,C,N,N,True,B,False,False,0.007759192958474159,6.8125,-8.25,6.8125,0.06682255434610852,1,N A M,N,True,True,0.01864631101489067,0.51953125,0.6270381808280945,False,0.9862791895866394
train-029762-5ead6e74952c175c,12,6,train,6822230457534125916,pointer,C,R,R,True,B,False,False,0.0018285474507138133,8.4375,-9.75,8.4375,0.018583655113054893,1,R C D,R,True,True,0.0032471094746142626,0.6875,0.665410578250885,False,1.094851016998291
train-029762-5ead6e74952c175c,12,7,train,6822230457534125916,pointer,C,G,G,True,B,False,False,0.0019207615405321121,8.3125,-9.90625,8.3125,0.019539994514214426,1,G F C,G,True,True,0.0013152052415534854,0.87109375,0.7049732804298401,False,1.2206891775131226
train-029762-5ead6e74952c175c,12,8,train,6822230457534125916,pointer,C,P,P,True,B,False,False,0.0006926044588908553,8.9375,-10.4375,8.9375,0.007577231730663874,1,P C L,P,True,True,0.09009814262390137,0.8984375,0.7106282711029053,False,1.24004328250885
train-029762-5ead6e74952c175c,12,9,train,6822230457534125916,pointer,C,T,T,True,B,False,False,0.001311871805228293,8.3125,-10.3125,8.3125,0.013824882797349938,1,T S D,T,True,True,0.020874449983239174,0.9453125,0.7201715111732483,False,1.273578405380249
train-029762-5ead6e74952c175c,12,10,train,6822230457534125916,pointer,C,J,J,True,B,False,False,0.004721920005977154,7.4375,-9.1875,7.4375,0.04399216530163683,1,J P T,J,True,True,1.4383841753005981,0.96484375,0.724090576171875,False,1.2876825332641602
train-029762-5ead6e74952c175c,12,11,train,6822230457534125916,pointer,C,L,L,True,B,False,False,0.01141493208706379,6.5,-9.0,6.5,0.0945783287267742,1,L S N,L,True,True,0.5121451020240784,1.0546875,0.74167400598526,False,1.3535330295562744
train-029762-5ead6e74952c175c,12,12,train,6822230457534125916,pointer,C,B,B,True,B,True,False,0.06666675955057144,2.875,2.875,2.875,0.29971770698965255,1,B X A,X,False,False,1.1712186336517334,1.1484375,0.7592254281044006,True,0.27545657753944397
train-017631-0c0e1af9e4d5891d,1,1,train,868661438717462813,pointer,K,W,W,True,W,True,False,3.3378546504536644e-06,13.1875,13.1875,13.1875,5.1423936302256896e-05,1,W V A,W,True,True,1.4305104514278355e-06,0.0096435546875,0.502410888671875,True,0.6883370280265808
train-017631-0c0e1af9e4d5891d,1,2,train,868661438717462813,pointer,K,L,,,W,False,True,,,-15.1875,8.5,0.002082219737704287,,L T C,L,,True,,-0.0849609375,0.47877252101898193,,
train-017631-0c0e1af9e4d5891d,1,3,train,868661438717462813,pointer,K,T,,,W,False,True,,,-10.6875,10.6875,0.0014346529161807758,,T W P,T,,True,,0.1015625,0.5253688097000122,,
train-017631-0c0e1af9e4d5891d,1,4,train,868661438717462813,pointer,K,C,,,W,False,True,,,-9.78125,7.8125,0.015953736221590742,,C A D,C,,True,,0.5078125,0.6242935657501221,,
train-017631-0c0e1af9e4d5891d,1,5,train,868661438717462813,pointer,K,O,,,W,False,True,,,-11.5625,8.375,0.01246788909531443,,O A N,O,,True,,0.55859375,0.6361271142959595,,
train-017631-0c0e1af9e4d5891d,1,6,train,868661438717462813,pointer,K,M,,,W,False,True,,,-8.0,7.125,0.06453425332469603,,M R T,M,,True,,0.77734375,0.6851073503494263,,
train-017631-0c0e1af9e4d5891d,1,7,train,868661438717462813,pointer,K,A,,,W,False,True,,,-11.25,6.875,0.023390732490995915,,A G B,A,,True,,0.96484375,0.724090576171875,,
train-017631-0c0e1af9e4d5891d,1,8,train,868661438717462813,pointer,K,G,,,W,False,True,,,-5.8125,5.375,0.19020054541355016,,G Q W,G,,True,,1.09375,0.7490872144699097,,
train-017631-0c0e1af9e4d5891d,1,9,train,868661438717462813,pointer,K,Y,,,W,False,True,,,-10.1875,7.75,0.03072412401632126,,Y O E,Y,,True,,1.109375,0.7520126104354858,,
train-017631-0c0e1af9e4d5891d,1,10,train,868661438717462813,pointer,K,V,,,W,False,True,,,-8.375,6.8125,0.06327574838921882,,V F D,V,,True,,1.234375,0.7745833992958069,,
train-017631-0c0e1af9e4d5891d,1,11,train,868661438717462813,pointer,K,S,,,W,False,True,,,-9.1875,7.6875,0.032016717098076956,,S T Q,S,,True,,1.2421875,0.7759445905685425,,
train-017631-0c0e1af9e4d5891d,1,12,train,868661438717462813,pointer,K,P,,,W,False,True,,,-10.1875,8.1875,0.015861301922124142,,P M A,P,,True,,1.140625,0.7577943801879883,,
train-034921-ba5b9a7ba9e212de,2,1,train,13428496569857086174,pointer,J,W,W,True,Z,False,False,4.6491513785440475e-06,13.53125,-16.53125,13.53125,7.094075254415008e-05,1,W A V,W,True,True,5.960462772236497e-07,-0.349609375,0.4134771525859833,False,0.5335437059402466
train-034921-ba5b9a7ba9e212de,2,2,train,13428496569857086174,pointer,J,Z,Z,True,Z,True,False,9.011816291604191e-05,10.375,10.375,10.375,0.0011161917576255139,1,Z U C,Z,True,True,7.748303323751315e-05,-0.279296875,0.43062615394592285,True,0.8425149321556091
train-034921-ba5b9a7ba9e212de,2,3,train,13428496569857086174,pointer,J,C,,,Z,False,True,,,-13.3125,8.875,0.006040460580255055,,C A D,C,,True,,0.15234375,0.5380124449729919,,
train-034921-ba5b9a7ba9e212de,2,4,train,13428496569857086174,pointer,J,U,,,Z,False,True,,,-9.96875,7.625,0.009869906388100586,,U A B,U,,True,,0.318359375,0.5789243578910828,,
train-034921-ba5b9a7ba9e212de,2,5,train,13428496569857086174,pointer,J,Z,,,Z,True,True,,,5.375,5.375,0.21891759743131772,,Z X R,Z,,True,,0.56640625,0.6379335522651672,,
train-034921-ba5b9a7ba9e212de,2,6,train,13428496569857086174,pointer,J,C,,,Z,False,True,,,-10.59375,6.9375,0.02850236020798184,,C D A,C,,True,,0.828125,0.6959583163261414,,
train-034921-ba5b9a7ba9e212de,2,7,train,13428496569857086174,pointer,J,U,,,Z,False,True,,,-9.46875,7.3125,0.01419187101049479,,U A B,U,,True,,0.83203125,0.696784257888794,,
train-034921-ba5b9a7ba9e212de,2,8,train,13428496569857086174,pointer,J,Z,,,Z,True,True,,,5.375,5.375,0.22391083479881857,,Z X R,Z,,True,,0.92578125,0.7162185907363892,,
train-034921-ba5b9a7ba9e212de,2,9,train,13428496569857086174,pointer,J,C,,,Z,False,True,,,-10.46875,6.875,0.02984771047151054,,C D A,C,,True,,1.0703125,0.7446563243865967,,
train-034921-ba5b9a7ba9e212de,2,10,train,13428496569857086174,pointer,J,U,,,Z,False,True,,,-9.46875,7.25,0.01484794775045884,,U A B,U,,True,,0.9921875,0.729519784450531,,
train-034921-ba5b9a7ba9e212de,2,11,train,13428496569857086174,pointer,J,Z,,,Z,True,True,,,5.375,5.375,0.22042278037972046,,Z X R,Z,,True,,1.03125,0.7371581792831421,,
train-034921-ba5b9a7ba9e212de,2,12,train,13428496569857086174,pointer,J,C,,,Z,False,True,,,-10.46875,6.875,0.029944044453018327,,C D A,C,,True,,1.140625,0.7577943801879883,,
train-023258-7662a793ea592b7a,3,1,train,8530564897926884218,pointer,A,M,M,True,L,False,False,6.9141146923357155e-06,13.46875,-15.1875,13.46875,0.00010591523899113215,1,M A O,M,True,True,8.344646857949556e-07,-0.263671875,0.4344612956047058,False,0.5699765682220459
train-023258-7662a793ea592b7a,3,2,train,8530564897926884218,pointer,A,G,G,True,L,False,False,1.2874520507466514e-05,12.4375,-16.5,12.4375,0.00018556524832543194,1,G C E,G,True,True,1.2636104656849056e-05,-0.337890625,0.4163219630718231,False,0.5384057760238647
train-023258-7662a793ea592b7a,3,3,train,8530564897926884218,pointer,A,L,L,True,L,True,False,0.00012242044613230973,10.6875,10.6875,10.6875,0.0015570965663029336,1,L M N,L,True,True,0.002113372553139925,0.044921875,0.511228621006012,True,0.6709384322166443
train-023258-7662a793ea592b7a,3,4,train,8530564897926884218,pointer,A,F,,,L,False,True,,,-9.5625,8.4375,0.014819400368539024,,F T E,F,,True,,0.375,0.5926666259765625,,
train-023258-7662a793ea592b7a,3,5,train,8530564897926884218,pointer,A,D,,,L,False,True,,,-6.0,6.0,0.09031716024187096,,D L E,D,,True,,0.703125,0.66888028383255,,
train-023258-7662a793ea592b7a,3,6,train,8530564897926884218,pointer,A,D,,,L,False,True,,,-6.5625,6.125,0.10796477980726113,,D E X,D,,True,,0.921875,0.7154240012168884,,
train-023258-7662a793ea592b7a,3,7,train,8530564897926884218,pointer,A,D,,,L,False,True,,,-8.3125,7.5625,0.03665483089395914,,D E P,D,,True,,1.1171875,0.7534666657447815,,
train-023258-7662a793ea592b7a,3,8,train,8530564897926884218,pointer,A,D,,,L,False,True,,,-7.8125,6.875,0.06148583230290764,,D E F,D,,True,,1.25,0.7772998809814453,,
train-023258-7662a793ea592b7a,3,9,train,8530564897926884218,pointer,A,D,,,L,False,True,,,-7.6875,6.75,0.06646077036957138,,D E F,D,,True,,1.3125,0.7879312038421631,,
train-023258-7662a793ea592b7a,3,10,train,8530564897926884218,pointer,A,D,,,L,False,True,,,-7.75,6.75,0.06597111035940845,,D E F,D,,True,,1.3515625,0.7943849563598633,,
train-023258-7662a793ea592b7a,3,11,train,8530564897926884218,pointer,A,D,,,L,False,True,,,-7.75,6.6875,0.06664570124232153,,D E F,D,,True,,1.3671875,0.7969253659248352,,
train-023258-7662a793ea592b7a,3,12,train,8530564897926884218,pointer,A,D,,,L,False,True,,,-7.75,6.75,0.06589744525045935,,D E F,D,,True,,1.3828125,0.7994422912597656,,
train-003846-77a1b1fc3e664ee7,4,1,train,8620366858700607207,pointer,S,W,W,True,D,False,False,4.0531076592742465e-06,12.84375,-16.1875,12.84375,5.9889486209312126e-05,1,W V A,W,True,True,7.033323527139146e-06,-0.5,0.3775406777858734,False,0.4740769863128662
train-003846-77a1b1fc3e664ee7,4,2,train,8620366858700607207,pointer,S,C,C,True,D,False,False,2.264974000354414e-06,14.875,-15.25,14.875,3.724278267851722e-05,1,C A F,C,True,True,1.597391747054644e-05,-0.35546875,0.41205689311027527,False,0.5311251282691956
train-003846-77a1b1fc3e664ee7,4,3,train,8620366858700607207,pointer,S,G,G,True,D,False,False,0.0001292145170737058,10.5625,-11.4375,10.5625,0.0016409912670110997,1,G C K,C,False,False,0.9327099323272705,0.0888671875,0.52220219373703,False,0.7385676503181458
train-003846-77a1b1fc3e664ee7,4,4,train,8620366858700607207,pointer,S,D,D,True,D,True,False,0.0004472924047149718,9.0,9.0,9.0,0.004964349151210112,1,D E C,D,True,True,0.4050568640232086,0.44140625,0.6085940599441528,True,0.4966038465499878
train-003846-77a1b1fc3e664ee7,4,5,train,8620366858700607207,pointer,S,P,,,D,False,True,,,-12.15625,9.3125,0.008239837790906306,,P M A,P,,True,,0.5234375,0.6279512047767639,,
train-003846-77a1b1fc3e664ee7,4,6,train,8620366858700607207,pointer,S,E,,,D,False,True,,,-8.375,8.375,0.014560443419742402,,E D G,E,,True,,0.77734375,0.6851073503494263,,
train-003846-77a1b1fc3e664ee7,4,7,train,8620366858700607207,pointer,S,Y,,,D,False,True,,,-10.25,8.25,0.009552862814544883,,Y E Q,E,,False,,0.921875,0.7154240012168884,,
train-003846-77a1b1fc3e664ee7,4,8,train,8620366858700607207,pointer,S,T,,,D,False,True,,,-7.75,6.0,0.08467168763131609,,T Q P,T,,True,,0.99609375,0.730289876461029,,
train-003846-77a1b1fc3e664ee7,4,9,train,8620366858700607207,pointer,S,Q,,,D,False,True,,,-9.1875,7.1875,0.033321044790533015,,Q R P,Q,,True,,1.0390625,0.7386690378189087,,
train-003846-77a1b1fc3e664ee7,4,10,train,8620366858700607207,pointer,S,M,,,D,False,True,,,-8.6875,8.21875,0.026134484615168815,,M S C,M,,True,,1.1328125,0.7563575506210327,,
train-003846-77a1b1fc3e664ee7,4,11,train,8620366858700607207,pointer,S,R,,,D,False,True,,,-9.875,8.3125,0.015387881029470422,,R T C,R,,True,,1.1328125,0.7563575506210327,,
train-003846-77a1b1fc3e664ee7,4,12,train,8620366858700607207,pointer,S,H,,,D,False,True,,,-7.8125,7.5625,0.04467483950196042,,H X Y,H,,True,,1.1953125,0.7676898241043091,,
train-010822-e426975e2bc53ca7,5,1,train,16439993920479640743,pointer,N,H,H,True,R,False,False,1.9073468138230965e-06,14.5,-16.515625,14.5,2.983130432928579e-05,1,H M I,H,True,True,1.9073468138230965e-06,-0.44921875,0.38954654335975647,False,0.4935532212257385
train-010822-e426975e2bc53ca7,5,2,train,16439993920479640743,pointer,N,E,E,True,R,False,False,4.339123915997334e-05,11.3125,-14.71875,11.3125,0.0005743799773656006,1,E C D,E,True,True,3.2066785934148356e-05,-0.40234375,0.4007493853569031,False,0.5120753049850464
train-010822-e426975e2bc53ca7,5,3,train,16439993920479640743,pointer,N,P,P,True,R,False,False,0.00011169286881340668,11.125,-12.375,11.125,0.0014503421604678541,1,P T V,P,True,True,0.001053255284205079,-0.12060546875,0.4698851704597473,False,0.6346615552902222
train-010822-e426975e2bc53ca7,5,4,train,16439993920479640743,pointer,N,T,T,True,R,False,False,0.0014302035560831428,8.4375,-8.75,8.4375,0.01485370871452705,1,T S R,T,True,True,0.20641835033893585,0.29296875,0.5727227926254272,False,0.8503222465515137
train-010822-e426975e2bc53ca7,5,5,train,16439993920479640743,pointer,N,R,R,True,R,True,False,0.004763327073305845,7.375,7.375,7.375,0.04432411533392924,1,R C A,R,True,True,0.0014900782844051719,0.59375,0.6442250609397888,True,0.43970704078674316
train-010822-e426975e2bc53ca7,5,6,train,16439993920479640743,pointer,N,A,,,R,False,True,,,-11.21875,8.4375,0.019720273201410062,,A P D,A,,True,,0.87890625,0.7065955400466919,,
train-010822-e426975e2bc53ca7,5,7,train,16439993920479640743,pointer,N,L,,,R,False,True,,,-8.6875,6.5,0.04912755125667147,,L S D,L,,True,,1.0,0.7310585975646973,,
train-010822-e426975e2bc53ca7,5,8,train,16439993920479640743,pointer,N,S,,,R,False,True,,,-8.25,8.25,0.0220763441474053,,S R T,S,,True,,1.0390625,0.7386690378189087,,
train-010822-e426975e2bc53ca7,5,9,train,16439993920479640743,pointer,N,O,,,R,False,True,,,-9.65625,7.625,0.026929207262787618,,O A N,O,,True,,1.0859375,0.7476159334182739,,
train-010822-e426975e2bc53ca7,5,10,train,16439993920479640743,pointer,N,I,,,R,False,True,,,-7.0,4.625,0.19930653355010464,,I C S,I,,True,,1.1015625,0.7505527138710022,,
train-010822-e426975e2bc53ca7,5,11,train,16439993920479640743,pointer,N,M,,,R,False,True,,,-7.8125,4.875,0.1421327429587235,,M P S,M,,True,,1.125,0.7549149990081787,,
train-010822-e426975e2bc53ca7,5,12,train,16439993920479640743,pointer,N,Z,,,R,False,True,,,-8.5,7.125,0.06537185365937263,,Z Y D,Z,,True,,1.2265625,0.7732163667678833,,
train-021839-a8126bab7a20118d,6,1,train,12110860732185186701,pointer,V,V,V,True,V,True,False,3.576278118089249e-07,15.34375,15.34375,15.34375,6.938203302856183e-06,1,V F W,V,True,True,9.536738616588991e-07,-0.408203125,0.3993430435657501,False,0.5097313523292542
train-021839-a8126bab7a20118d,6,2,train,12110860732185186701,pointer,V,V,V,True,V,True,False,1.0371154530730564e-05,12.5,12.5,12.5,0.0001522546829797628,1,V F C,V,True,True,3.4570634852570947e-06,-0.32421875,0.4196479320526123,False,0.5441204309463501
train-021839-a8126bab7a20118d,6,3,train,12110860732185186701,pointer,V,V,V,True,V,True,False,0.0003601856005843729,8.5,8.5,8.5,0.0038717498679563924,1,V F D,V,True,True,0.0010108605492860079,0.09619140625,0.5240293145179749,False,0.7423990368843079
train-021839-a8126bab7a20118d,6,4,train,12110860732185186701,pointer,V,V,V,True,V,True,False,0.001105412608012557,7.5,7.5,7.5,0.010822737196240289,1,V F D,V,True,True,0.0005197366117499769,0.47265625,0.6160122752189636,False,0.9571446776390076
train-021839-a8126bab7a20118d,6,5,train,12110860732185186701,pointer,V,V,V,True,V,True,False,0.003529392648488283,6.375,6.375,6.375,0.0299933567474419,1,V F D,V,True,True,0.0007089247228577733,0.76171875,0.6817268133163452,False,1.1448451280593872
train-021839-a8126bab7a20118d,6,6,train,12110860732185186701,pointer,V,U,V,False,V,False,False,6.074223518371582,-6.0625,-6.0625,6.0625,0.09413086328220396,2,U V R,U,False,True,2.0862207412719727,0.90234375,0.7114308476448059,True,0.34047701954841614
train-021839-a8126bab7a20118d,6,7,train,12110860732185186701,pointer,V,S,,,V,False,True,,,-3.9375,3.9375,0.12511561318964398,,S V R,S,,True,,1.0234375,0.735641598701477,,
train-021839-a8126bab7a20118d,6,8,train,12110860732185186701,pointer,V,U,,,V,False,True,,,-9.875,9.0,0.007091515611061439,,U A D,U,,True,,1.1015625,0.7505527138710022,,
train-021839-a8126bab7a20118d,6,9,train,12110860732185186701,pointer,V,S,,,V,False,True,,,-9.125,7.9375,0.01666639748317865,,S U T,S,,True,,1.171875,0.7634837031364441,,
train-021839-a8126bab7a20118d,6,10,train,12110860732185186701,pointer,V,U,,,V,False,True,,,-9.6875,8.9375,0.008575951653842149,,U A D,U,,True,,1.203125,0.7690802216529846,,
train-021839-a8126bab7a20118d,6,11,train,12110860732185186701,pointer,V,S,,,V,False,True,,,-9.0625,7.9375,0.01696794304007098,,S U T,S,,True,,1.234375,0.7745833992958069,,
train-021839-a8126bab7a20118d,6,12,train,12110860732185186701,pointer,V,U,,,V,False,True,,,-9.5625,8.8125,0.009618683928664,,U A D,U,,True,,1.25,0.7772998809814453,,
train-012543-834c2b5c27b34d3a,8,1,train,9460984592001617210,pointer,N,Y,Y,True,K,False,False,1.1920928244535389e-07,16.4375,-19.5,16.4375,2.7530275382174036e-06,1,Y R Q,Y,True,True,3.2186455882765586e-06,-0.4375,0.3923368453979492,False,0.4981345534324646
train-012543-834c2b5c27b34d3a,8,2,train,9460984592001617210,pointer,N,Z,Z,True,K,False,False,0.00012754580529872328,10.0,-15.5625,10.0,0.001459182642175141,1,Z U T,Z,True,True,0.00013362467871047556,-0.318359375,0.42107561230659485,False,0.5465834140777588
train-012543-834c2b5c27b34d3a,8,3,train,9460984592001617210,pointer,N,T,T,True,K,False,False,0.00016592556494288146,10.5,-12.15625,10.5,0.002058755499103967,1,T R P,T,True,True,0.018021181225776672,0.043701171875,0.5109235644340515,False,0.7152364253997803
train-012543-834c2b5c27b34d3a,8,4,train,9460984592001617210,pointer,N,C,C,True,K,False,False,0.00135925377253443,8.5625,-10.28125,8.5625,0.014201680086371977,1,C D A,C,True,True,0.0035103862173855305,0.43359375,0.6067315340042114,False,0.9332627058029175
train-012543-834c2b5c27b34d3a,8,5,train,9460984592001617210,pointer,N,G,G,True,K,False,False,0.0006761648692190647,9.6875,-9.6875,9.6875,0.007623350477524398,1,G K F,G,True,True,0.04129837453365326,0.703125,0.66888028383255,False,1.1052751541137695
train-012543-834c2b5c27b34d3a,8,6,train,9460984592001617210,pointer,N,R,R,True,K,False,False,0.002526545897126198,7.9375,-9.8125,7.9375,0.024764607525377257,1,R C Q,R,True,True,0.0031911423429846764,0.953125,0.7217432260513306,False,1.2792108058929443
train-012543-834c2b5c27b34d3a,8,7,train,9460984592001617210,pointer,N,M,M,True,K,False,False,0.003970122430473566,7.375,-9.125,7.375,0.037355040651568396,1,M N R,M,True,True,0.21828825771808624,1.0390625,0.7386690378189087,False,1.3419678211212158
train-012543-834c2b5c27b34d3a,8,8,train,9460984592001617210,pointer,N,K,K,True,K,True,False,0.0016020808834582567,8.6875,8.6875,8.6875,0.016675576130194672,1,K Q R,K,True,True,0.0005831210291944444,1.0234375,0.735641598701477,True,0.3070122003555298
train-012543-834c2b5c27b34d3a,8,9,train,9460984592001617210,pointer,N,J,,,K,False,True,,,-8.125,8.125,0.02453864173279454,,J K D,J,,True,,1.0390625,0.7386690378189087,,
train-012543-834c2b5c27b34d3a,8,10,train,9460984592001617210,pointer,N,L,,,K,False,True,,,-8.5,5.5625,0.07195952534491862,,L S D,L,,True,,1.09375,0.7490872144699097,,
train-012543-834c2b5c27b34d3a,8,11,train,9460984592001617210,pointer,N,H,,,K,False,True,,,-7.4375,7.0625,0.0646554663548663,,H I X,H,,True,,1.15625,0.7606506943702698,,
train-012543-834c2b5c27b34d3a,8,12,train,9460984592001617210,pointer,N,W,,,K,False,True,,,-10.03125,5.6875,0.06805710416050202,,W D A,W,,True,,1.1953125,0.7676898241043091,,
train-028564-75bd4b6667af7a64,10,1,train,8484020176234183268,pointer,B,P,P,True,E,False,False,1.0728830375228426e-06,15.34375,-18.59375,15.34375,1.7625708038807544e-05,1,P C B,P,True,True,1.1920928244535389e-07,-0.498046875,0.37799978256225586,False,0.47481483221054077
train-028564-75bd4b6667af7a64,10,2,train,8484020176234183268,pointer,B,M,M,True,E,False,False,9.595887240720913e-05,9.3125,-17.1875,9.3125,0.0010198064230819925,1,M P C,M,True,True,8.451581379631534e-05,-0.44140625,0.39140594005584717,False,0.4966038465499878
train-028564-75bd4b6667af7a64,10,3,train,8484020176234183268,pointer,B,O,O,True,E,False,False,2.7656173188006505e-05,11.375,-14.75,11.375,0.0003718630722130942,1,O P U,O,True,True,0.002793697640299797,-0.1982421875,0.45060113072395325,False,0.5989305973052979
train-028564-75bd4b6667af7a64,10,4,train,8484020176234183268,pointer,B,Q,Q,True,E,False,False,0.0004974558250978589,8.25,-12.3125,8.25,0.005278042378559108,1,Q P U,Q,True,True,0.008977052755653858,0.208984375,0.5520567893981934,False,0.8030887842178345
train-028564-75bd4b6667af7a64,10,5,train,8484020176234183268,pointer,B,D,D,True,E,False,False,0.0026096594519913197,7.125,-7.125,7.125,0.024806842745144116,1,D E C,D,True,True,0.13418544828891754,0.546875,0.6334102749824524,False,1.003511905670166
train-028564-75bd4b6667af7a64,10,6,train,8484020176234183268,pointer,B,H,H,True,E,False,False,0.016473939642310143,5.8125,-8.96875,5.8125,0.12574900364534475,1,H Y A,H,True,True,0.0018184330547228456,0.7109375,0.6706082820892334,False,1.110507607460022
train-028564-75bd4b6667af7a64,10,7,train,8484020176234183268,pointer,B,K,K,True,E,False,False,0.0024958669673651457,7.9375,-10.9375,7.9375,0.02448639286161391,1,K N L,K,True,True,0.015297114849090576,0.828125,0.6959583163261414,False,1.190590500831604
train-028564-75bd4b6667af7a64,10,8,train,8484020176234183268,pointer,B,V,V,True,E,False,False,0.002547711366787553,8.0,-8.9375,8.0,0.025297609707073856,1,V D F,V,True,True,0.004701512400060892,0.9765625,0.7264255881309509,False,1.2961816787719727
train-028564-75bd4b6667af7a64,10,9,train,8484020176234183268,pointer,B,L,L,True,E,False,False,0.001601009746082127,8.1875,-8.1875,8.1875,0.016452255647591018,1,L E P,L,True,True,0.5377911329269409,1.09375,0.7490872144699097,False,1.3826498985290527
train-028564-75bd4b6667af7a64,10,10,train,8484020176234183268,pointer,B,E,E,True,E,True,False,0.0017163321608677506,7.3125,7.3125,7.3125,0.01651143172401222,1,E D A,E,True,True,0.2550573945045471,1.140625,0.7577943801879883,True,0.277343213558197
train-028564-75bd4b6667af7a64,10,11,train,8484020176234183268,pointer,B,G,,,E,False,True,,,-9.5,7.6875,0.040353237043732955,,G K X,G,,True,,1.1875,0.7662936449050903,,
train-028564-75bd4b6667af7a64,10,12,train,8484020176234183268,pointer,B,R,,,E,False,True,,,-9.4375,8.0625,0.02175603995297461,,R C D,R,,True,,1.2578125,0.7786493301391602,,
train-023165-f27f1ac5fcee0813,12,1,train,17473714516875151379,pointer,D,K,K,True,G,False,False,1.5497195136049413e-06,15.09375,-16.578125,15.09375,2.603731632452855e-05,1,K B J,K,True,True,2.3841855067985307e-07,-0.4765625,0.3830641508102417,False,0.4829902648925781
train-023165-f27f1ac5fcee0813,12,2,train,17473714516875151379,pointer,D,F,F,True,G,False,False,1.9073304429184645e-05,11.125,-15.8125,11.125,0.0002477123359169794,1,F T C,F,True,True,1.883488948806189e-05,-0.421875,0.39606815576553345,False,0.5042939186096191
train-023165-f27f1ac5fcee0813,12,3,train,17473714516875151379,pointer,D,V,V,True,G,False,False,0.0005022218101657927,8.75,-11.90625,8.75,0.005526472116694841,1,V P L,V,True,True,0.0017322786152362823,0.06787109375,0.5169612765312195,False,0.7276583909988403
train-023165-f27f1ac5fcee0813,12,4,train,17473714516875151379,pointer,D,P,P,True,G,False,False,0.00015221867943182588,10.6875,-11.84375,10.6875,0.0019300184288220078,1,P A Q,P,True,True,0.0003532739356160164,0.2275390625,0.5566405653953552,False,0.8133745789527893
train-023165-f27f1ac5fcee0813,12,5,train,17473714516875151379,pointer,D,Q,Q,True,G,False,False,0.0006260104128159583,8.25,-12.34375,8.25,0.006677779248276029,1,Q K P,Q,True,True,0.2540108263492584,0.4375,0.6076632142066956,False,0.9356345534324646
train-023165-f27f1ac5fcee0813,12,6,train,17473714516875151379,pointer,D,U,U,True,G,False,False,0.0025660227984189987,8.0,-9.3125,8.0,0.025484365242880433,1,U A L,U,True,True,0.0069165099412202835,0.65234375,0.6575384140014648,False,1.0715957880020142
train-023165-f27f1ac5fcee0813,12,7,train,17473714516875151379,pointer,D,J,J,True,G,False,False,0.0017285895301029086,8.0,-10.6875,8.0,0.017697738148425266,1,J U K,J,True,True,0.06772676855325699,0.70703125,0.6697448492050171,False,1.1078897714614868
train-023165-f27f1ac5fcee0813,12,8,train,17473714516875151379,pointer,D,I,I,True,G,False,False,0.010572376661002636,6.25,-8.9375,6.25,0.08739906193182274,1,I P V,I,True,True,0.018386872485280037,0.82421875,0.6951311230659485,False,1.1878736019134521
train-023165-f27f1ac5fcee0813,12,9,train,17473714516875151379,pointer,D,X,X,True,G,False,False,0.006187331397086382,6.3125,-10.3125,6.3125,0.05395909383881276,1,X Y A,X,True,True,0.025246264412999153,0.90234375,0.7114308476448059,False,1.2428207397460938
train-023165-f27f1ac5fcee0813,12,10,train,17473714516875151379,pointer,D,Y,Y,True,G,False,False,0.0013604442356154323,8.1875,-11.03125,8.1875,0.014123124095082332,1,Y K A,Y,True,True,0.004968557972460985,0.953125,0.7217432260513306,False,1.2792108058929443
train-023165-f27f1ac5fcee0813,12,11,train,17473714516875151379,pointer,D,C,C,True,G,False,False,0.0034639376681298018,7.5,-9.46875,7.5,0.03243357840181676,1,C D N,C,True,True,0.3169362246990204,1.0078125,0.7325918078422546,False,1.318979024887085
train-023165-f27f1ac5fcee0813,12,12,train,17473714516875151379,pointer,D,G,G,True,G,True,False,0.001500314916484058,8.375,8.375,8.375,0.01559881855390677,1,G E D,G,True,True,0.0012142435880377889,1.0234375,0.735641598701477,True,0.3070122003555298
train-029871-67b857cb3a4ad356,1,1,train,7473820111989298006,pointer,Y,E,E,True,E,True,False,2.1934269170742482e-05,11.9375,11.9375,11.9375,0.0003053251885099093,1,E G A,E,True,True,4.172316494077677e-06,0.0250244140625,0.5062557458877563,True,0.6807132363319397
train-029871-67b857cb3a4ad356,1,2,train,7473820111989298006,pointer,Y,R,,,E,False,True,,,-15.71875,12.0625,0.00019543591556106635,,R T C,R,,True,,-0.1005859375,0.47487467527389526,,
train-029871-67b857cb3a4ad356,1,3,train,7473820111989298006,pointer,Y,M,,,E,False,True,,,-12.625,9.5625,0.0037055775122156473,,M N T,M,,True,,0.1708984375,0.5426208972930908,,
train-029871-67b857cb3a4ad356,1,4,train,7473820111989298006,pointer,Y,T,,,E,False,True,,,-11.0,8.625,0.016030245279891525,,T A D,T,,True,,0.453125,0.6113819479942322,,
train-029871-67b857cb3a4ad356,1,5,train,7473820111989298006,pointer,Y,Q,,,E,False,True,,,-10.78125,7.875,0.016239497950822742,,Q P K,Q,,True,,0.59375,0.6442250609397888,,
train-029871-67b857cb3a4ad356,1,6,train,7473820111989298006,pointer,Y,K,,,E,False,True,,,-9.9375,8.3125,0.024409963050128908,,K J N,K,,True,,0.77734375,0.6851073503494263,,
train-029871-67b857cb3a4ad356,1,7,train,7473820111989298006,pointer,Y,D,,,E,False,True,,,-8.25,6.3125,0.06515298627979092,,D K N,K,,False,,0.9140625,0.7138307690620422,,
train-029871-67b857cb3a4ad356,1,8,train,7473820111989298006,pointer,Y,L,,,E,False,True,,,-8.875,4.75,0.08434889045457562,,L W A,L,,True,,1.0625,0.7431680560112,,
train-029871-67b857cb3a4ad356,1,9,train,7473820111989298006,pointer,Y,W,,,E,False,True,,,-9.9375,8.0,0.015103458618953628,,W L D,W,,True,,1.1171875,0.7534666657447815,,
train-029871-67b857cb3a4ad356,1,10,train,7473820111989298006,pointer,Y,R,,,E,False,True,,,-8.8125,7.5,0.029525480803453713,,R T W,R,,True,,1.15625,0.7606506943702698,,
train-029871-67b857cb3a4ad356,1,11,train,7473820111989298006,pointer,Y,M,,,E,False,True,,,-10.53125,7.6875,0.020830583057542325,,M N S,M,,True,,1.1328125,0.7563575506210327,,
train-029871-67b857cb3a4ad356,1,12,train,7473820111989298006,pointer,Y,T,,,E,False,True,,,-12.375,8.625,0.01136871832823077,,T R S,T,,True,,1.109375,0.7520126104354858,,
train-003367-3209c55cf82ad8de,2,1,train,3605629979778013406,pointer,G,T,T,True,O,False,False,2.3841830625315197e-06,13.6875,-17.640625,13.6875,3.746051864384412e-05,1,T R W,T,True,True,1.0728830375228426e-06,-0.369140625,0.40874868631362915,False,0.5255141258239746
train-003367-3209c55cf82ad8de,2,2,train,3605629979778013406,pointer,G,O,O,True,O,True,False,2.5748875486897305e-05,10.6875,10.6875,10.6875,0.000312027501685063,1,O I P,O,True,True,6.818538531661034e-05,-0.353515625,0.41253018379211426,True,0.8854459524154663
train-003367-3209c55cf82ad8de,2,3,train,3605629979778013406,pointer,G,Q,,,O,False,True,,,-12.875,11.5625,0.0005644435792256721,,Q P K,Q,,True,,-0.0341796875,0.49145591259002686,,
train-003367-3209c55cf82ad8de,2,4,train,3605629979778013406,pointer,G,N,,,O,False,True,,,-10.03125,8.0,0.022213508471375976,,N Z S,N,,True,,0.369140625,0.5912513136863708,,
train-003367-3209c55cf82ad8de,2,5,train,3605629979778013406,pointer,G,V,,,O,False,True,,,-7.8125,6.25,0.07273734616653582,,V F D,V,,True,,0.60546875,0.6469064354896545,,
train-003367-3209c55cf82ad8de,2,6,train,3605629979778013406,pointer,G,U,,,O,False,True,,,-9.5,8.25,0.018620252902324413,,U A I,U,,True,,0.73828125,0.6766199469566345,,
train-003367-3209c55cf82ad8de,2,7,train,3605629979778013406,pointer,G,M,,,O,False,True,,,-9.6875,8.3125,0.019011790091247396,,M N F,M,,True,,0.8359375,0.6976089477539062,,
train-003367-3209c55cf82ad8de,2,8,train,3605629979778013406,pointer,G,W,,,O,False,True,,,-11.9375,8.3125,0.011851758168594333,,W A P,W,,True,,0.93359375,0.7178038358688354,,
train-003367-3209c55cf82ad8de,2,9,train,3605629979778013406,pointer,G,Y,,,O,False,True,,,-8.5,8.375,0.016439062906679944,,Y X O,Y,,True,,0.9609375,0.7233095169067383,,
train-003367-3209c55cf82ad8de,2,10,train,3605629979778013406,pointer,G,K,,,O,False,True,,,-10.75,5.75,0.0405024115738667,,K C N,K,,True,,0.96875,0.7248703241348267,,
train-003367-3209c55cf82ad8de,2,11,train,3605629979778013406,pointer,G,A,,,O,False,True,,,-8.9375,6.3125,0.04615443740591683,,A C N,A,,True,,1.0703125,0.7446563243865967,,
train-003367-3209c55cf82ad8de,2,12,train,3605629979778013406,pointer,G,D,,,O,False,True,,,-7.875,5.75,0.1604142299508631,,D A E,D,,True,,1.171875,0.7634837031364441,,
train-016841-cdf31b3615b95ae3,3,1,train,14840235116222569187,pointer,P,Y,Y,True,Z,False,False,7.152555099310121e-07,15.0,-16.96875,15.0,1.1511803403686616e-05,1,Y R Q,Y,True,True,3.576278118089249e-07,-0.376953125,0.4068619906902313,False,0.5223281383514404
train-016841-cdf31b3615b95ae3,3,2,train,14840235116222569187,pointer,P,N,N,True,Z,False,False,2.50339189733495e-06,13.75,-17.59375,13.75,3.9715441227397767e-05,1,N O S,N,True,True,2.9801878554280847e-05,-0.333984375,0.4172714650630951,False,0.5400338768959045
train-016841-cdf31b3615b95ae3,3,3,train,14840235116222569187,pointer,P,Z,Z,True,Z,True,False,9.131014667218551e-05,10.125,10.125,10.125,0.0011471630867635571,1,Z X Q,Z,True,True,0.11177147924900055,-0.027587890625,0.4931034445762634,True,0.7070361971855164
train-016841-cdf31b3615b95ae3,3,4,train,14840235116222569187,pointer,P,R,,,Z,False,True,,,-9.75,8.125,0.018626790458882467,,R C D,R,,True,,0.369140625,0.5912513136863708,,
train-016841-cdf31b3615b95ae3,3,5,train,14840235116222569187,pointer,P,M,,,Z,False,True,,,-10.40625,7.375,0.03839365572796043,,M N S,M,,True,,0.62109375,0.6504672765731812,,
train-016841-cdf31b3615b95ae3,3,6,train,14840235116222569187,pointer,P,B,,,Z,False,True,,,-11.15625,8.0625,0.015046050616207752,,B C A,B,,True,,0.77734375,0.6851073503494263,,
train-016841-cdf31b3615b95ae3,3,7,train,14840235116222569187,pointer,P,W,,,Z,False,True,,,-8.9375,8.4375,0.018087578457995003,,W D A,W,,True,,1.03125,0.7371581792831421,,
train-016841-cdf31b3615b95ae3,3,8,train,14840235116222569187,pointer,P,A,,,Z,False,True,,,-9.03125,6.0625,0.09921479554762651,,A D F,A,,True,,0.9921875,0.729519784450531,,
train-016841-cdf31b3615b95ae3,3,9,train,14840235116222569187,pointer,P,J,,,Z,False,True,,,-10.28125,8.4375,0.016705042774414845,,J I U,J,,True,,0.9609375,0.7233095169067383,,
train-016841-cdf31b3615b95ae3,3,10,train,14840235116222569187,pointer,P,O,,,Z,False,True,,,-10.0625,5.875,0.06274280050836564,,O U A,O,,True,,0.9140625,0.7138307690620422,,
train-016841-cdf31b3615b95ae3,3,11,train,14840235116222569187,pointer,P,X,,,Z,False,True,,,-7.1875,6.5,0.07169421644861014,,X Y K,X,,True,,0.9765625,0.7264255881309509,,
train-016841-cdf31b3615b95ae3,3,12,train,14840235116222569187,pointer,P,C,,,Z,False,True,,,-9.875,8.6875,0.009719959785352937,,C A D,C,,True,,1.0625,0.7431680560112,,
train-028929-aed53e9833f9c666,4,1,train,12598044356066788966,pointer,B,N,N,True,T,False,False,6.079655122448457e-06,13.46875,-16.546875,13.46875,9.414057335307273e-05,1,N O Q,N,True,True,1.311301275563892e-06,-0.376953125,0.4068619906902313,False,0.5223281383514404
train-028929-aed53e9833f9c666,4,2,train,12598044356066788966,pointer,B,H,H,True,T,False,False,5.245195097813848e-06,13.9375,-17.15625,13.9375,8.229595120653091e-05,1,H U X,H,True,True,4.362964682513848e-05,-0.357421875,0.411583811044693,False,0.5303207635879517
train-028929-aed53e9833f9c666,4,3,train,12598044356066788966,pointer,B,U,U,True,T,False,False,0.0002112165529979393,9.75,-12.9375,9.75,0.0024739294701722043,1,U A E,U,True,True,0.02386091835796833,-0.12060546875,0.4698851704597473,False,0.6346615552902222
train-028929-aed53e9833f9c666,4,4,train,12598044356066788966,pointer,B,T,T,True,T,True,False,0.0007372760446742177,8.75,8.75,8.75,0.008106619189539296,1,T S R,T,True,True,0.004051928874105215,0.171875,0.5428633093833923,True,0.6108977794647217
train-028929-aed53e9833f9c666,4,5,train,12598044356066788966,pointer,B,A,,,T,False,True,,,-9.875,8.0625,0.023214372960380772,,A B N,A,,True,,0.451171875,0.6109178066253662,,
train-028929-aed53e9833f9c666,4,6,train,12598044356066788966,pointer,B,Z,,,T,False,True,,,-8.0,6.375,0.09565677244720598,,Z U A,Z,,True,,0.68359375,0.6645402908325195,,
train-028929-aed53e9833f9c666,4,7,train,12598044356066788966,pointer,B,X,,,T,False,True,,,-9.65625,6.4375,0.0563612556649007,,X A O,X,,True,,0.73828125,0.6766199469566345,,
train-028929-aed53e9833f9c666,4,8,train,12598044356066788966,pointer,B,W,,,T,False,True,,,-11.0,8.0625,0.015191111637519773,,W V A,W,,True,,0.89453125,0.7098243832588196,,
train-028929-aed53e9833f9c666,4,9,train,12598044356066788966,pointer,B,S,,,T,False,True,,,-9.125,8.3125,0.013047606743923718,,S R C,S,,True,,1.046875,0.740174412727356,,
train-028929-aed53e9833f9c666,4,10,train,12598044356066788966,pointer,B,R,,,T,False,True,,,-8.6875,7.5625,0.03728012979344208,,R D L,R,,True,,1.125,0.7549149990081787,,
train-028929-aed53e9833f9c666,4,11,train,12598044356066788966,pointer,B,D,,,T,False,True,,,-9.6875,8.6875,0.009576896640517972,,D S E,D,,True,,1.203125,0.7690802216529846,,
train-028929-aed53e9833f9c666,4,12,train,12598044356066788966,pointer,B,O,,,T,False,True,,,-11.15625,8.875,0.010470223475560505,,O P A,O,,True,,1.125,0.7549149990081787,,
train-001498-b9ff9c1a1c2b8105,5,1,train,13402602652033581317,pointer,X,L,L,True,B,False,False,9.536738616588991e-07,15.09375,-16.65625,15.09375,1.54809431298561e-05,1,L I C,L,True,True,7.152555099310121e-07,-0.388671875,0.4040370583534241,False,0.5175768136978149
train-001498-b9ff9c1a1c2b8105,5,2,train,13402602652033581317,pointer,X,V,V,True,B,False,False,8.344646857949556e-07,16.0,-19.71875,16.0,1.3020899692844416e-05,1,V I F,V,True,True,2.50339189733495e-06,-0.37109375,0.40827676653862,False,0.5247162580490112
train-001498-b9ff9c1a1c2b8105,5,3,train,13402602652033581317,pointer,X,M,M,True,B,False,False,0.0002406545972917229,10.3125,-12.875,10.3125,0.0029462557455850994,1,M S P,M,True,True,0.0007410878897644579,-0.00677490234375,0.4983063042163849,False,0.6897655129432678
train-001498-b9ff9c1a1c2b8105,5,4,train,13402602652033581317,pointer,X,W,W,True,B,False,False,0.004411845467984676,7.25,-9.40625,7.25,0.04123557008636696,1,W Z S,W,True,True,0.20350414514541626,0.349609375,0.5865228176116943,False,0.8831530809402466
train-001498-b9ff9c1a1c2b8105,5,5,train,13402602652033581317,pointer,X,B,B,True,B,True,False,0.0005302215577103198,9.0625,9.0625,9.0625,0.0058835232640944615,1,B A C,B,True,True,0.2636774182319641,0.58203125,0.6415346264839172,True,0.44389206171035767
train-001498-b9ff9c1a1c2b8105,5,6,train,13402602652033581317,pointer,X,R,,,B,False,True,,,-9.5,8.125,0.026782082897341814,,R A D,R,,True,,0.7890625,0.6876299977302551,,
train-001498-b9ff9c1a1c2b8105,5,7,train,13402602652033581317,pointer,X,A,,,B,False,True,,,-8.5,7.375,0.02857629998745023,,A D F,A,,True,,1.0,0.7310585975646973,,
train-001498-b9ff9c1a1c2b8105,5,8,train,13402602652033581317,pointer,X,C,,,B,False,True,,,-9.125,6.375,0.0290263014764587,,C A D,C,,True,,1.078125,0.7461389899253845,,
train-001498-b9ff9c1a1c2b8105,5,9,train,13402602652033581317,pointer,X,Z,,,B,False,True,,,-9.0625,7.375,0.03972931042055229,,Z X R,Z,,True,,1.078125,0.7461389899253845,,
train-001498-b9ff9c1a1c2b8105,5,10,train,13402602652033581317,pointer,X,S,,,B,False,True,,,-9.46875,7.9375,0.022109806362564287,,S P R,S,,True,,1.1015625,0.7505527138710022,,
train-001498-b9ff9c1a1c2b8105,5,11,train,13402602652033581317,pointer,X,I,,,B,False,True,,,-10.6875,6.6875,0.05182731335225343,,I N L,I,,True,,1.0078125,0.7325918078422546,,
train-001498-b9ff9c1a1c2b8105,5,12,train,13402602652033581317,pointer,X,X,,,B,False,True,,,-10.21875,7.5,0.03886444870120826,,X Y A,X,,True,,1.0546875,0.74167400598526,,
train-009185-0259c718e550a631,6,1,train,169385370743514673,pointer,I,S,S,True,F,False,False,9.65590606938349e-06,12.875,-15.46875,12.875,0.0001426752061615592,1,S V R,S,True,True,3.933898824470816e-06,-0.37890625,0.4063906967639923,False,0.5215339660644531
train-009185-0259c718e550a631,6,2,train,169385370743514673,pointer,I,G,G,True,F,False,False,3.2186455882765586e-06,13.375,-14.875,13.375,5.196010527535719e-05,1,G C E,G,True,True,1.0609570381348021e-05,-0.44921875,0.38954654335975647,False,0.4935532212257385
train-009185-0259c718e550a631,6,3,train,169385370743514673,pointer,I,U,U,True,F,False,False,4.672895011026412e-05,11.75,-12.75,11.75,0.000641395426066325,1,U L R,U,True,True,0.0007858763565309346,-0.0673828125,0.4831606447696686,False,0.6600232124328613
train-009185-0259c718e550a631,6,4,train,169385370743514673,pointer,I,H,H,True,F,False,False,0.002271930454298854,8.0625,-8.0625,8.0625,0.02276754342164088,1,H F T,H,True,True,0.462047278881073,0.330078125,0.5817784070968628,False,0.8717437982559204
train-009185-0259c718e550a631,6,5,train,169385370743514673,pointer,I,Z,Z,True,F,False,False,0.0031811606604605913,7.75,-8.625,7.75,0.03058120131914834,1,Z X D,Z,True,True,0.009141968563199043,0.53125,0.6297746300697327,False,0.9936432838439941
train-009185-0259c718e550a631,6,6,train,169385370743514673,pointer,I,F,F,True,F,True,False,0.0015217402251437306,8.6875,8.6875,8.6875,0.01585082783339912,1,F R G,F,True,True,0.0029812674038112164,0.7421875,0.6774740219116211,True,0.38938409090042114
train-009185-0259c718e550a631,6,7,train,169385370743514673,pointer,I,A,,,F,False,True,,,-10.71875,8.1875,0.021657927698089434,,A U D,A,,True,,0.89453125,0.7098243832588196,,
train-009185-0259c718e550a631,6,8,train,169385370743514673,pointer,I,D,,,F,False,True,,,-8.625,6.6875,0.05794817126129361,,D E A,D,,True,,1.09375,0.7490872144699097,,
train-009185-0259c718e550a631,6,9,train,169385370743514673,pointer,I,I,,,F,False,True,,,-9.71875,7.3125,0.053210195847956415,,I S A,I,,True,,1.125,0.7549149990081787,,
train-009185-0259c718e550a631,6,10,train,169385370743514673,pointer,I,S,,,F,False,True,,,-8.875,7.6875,0.03151258648086584,,S U A,P,,False,,1.1484375,0.7592254281044006,,
train-009185-0259c718e550a631,6,11,train,169385370743514673,pointer,I,G,,,F,False,True,,,-8.0625,7.375,0.0344020770383693,,G R W,G,,True,,1.109375,0.7520126104354858,,
train-009185-0259c718e550a631,6,12,train,169385370743514673,pointer,I,U,,,F,False,True,,,-9.875,8.875,0.010767480165166177,,U L R,U,,True,,1.1640625,0.7620701193809509,,
train-012210-97996b7238ffee47,8,1,train,10923880509490589255,pointer,R,Q,Q,True,V,False,False,2.9802276912960224e-06,13.25,-20.490234375,13.25,4.498530279760883e-05,1,Q K A,Q,True,True,8.344646857949556e-07,-0.52734375,0.3711366057395935,False,0.4638412594795227
train-012210-97996b7238ffee47,8,2,train,10923880509490589255,pointer,R,M,M,True,V,False,False,0.00037174468161538243,8.6875,-13.3125,8.6875,0.003981622148967128,1,M R P,M,True,True,3.325883881188929e-05,-0.44921875,0.38954654335975647,False,0.4935532212257385
train-012210-97996b7238ffee47,8,3,train,10923880509490589255,pointer,R,U,U,True,V,False,False,0.00024923557066358626,9.0625,-12.15625,9.0625,0.002868007677347422,1,U A F,U,True,True,0.11501184850931168,-0.06982421875,0.48255106806755066,False,0.6588444113731384
train-012210-97996b7238ffee47,8,4,train,10923880509490589255,pointer,R,Y,Y,True,V,False,False,0.004716936498880386,5.9375,-10.0,5.9375,0.038510812459908894,1,Y U I,Y,True,True,0.10309775918722153,0.21875,0.5544704794883728,False,0.8084917664527893
train-012210-97996b7238ffee47,8,5,train,10923880509490589255,pointer,R,B,B,True,V,False,False,0.0021533414255827665,7.375,-10.875,7.375,0.020641065163308676,1,B A C,B,True,True,0.005249999929219484,0.4609375,0.6132366061210632,False,0.9499419927597046
train-012210-97996b7238ffee47,8,6,train,10923880509490589255,pointer,R,S,S,True,V,False,False,0.004863100592046976,7.3125,-8.84375,7.3125,0.0445053318190428,1,S D T,S,True,True,0.011256992816925049,0.77734375,0.6851073503494263,False,1.1555235385894775
train-012210-97996b7238ffee47,8,7,train,10923880509490589255,pointer,R,C,C,True,V,False,False,0.004504295997321606,6.625,-10.5625,6.625,0.0398593578766754,1,C D L,C,True,True,0.6423258781433105,0.96484375,0.724090576171875,False,1.2876825332641602
train-012210-97996b7238ffee47,8,8,train,10923880509490589255,pointer,R,V,V,True,V,True,False,0.0022040142212063074,8.0625,8.0625,8.0625,0.02209188897126248,1,V I C,V,True,True,0.012656130827963352,1.09375,0.7490872144699097,True,0.28889986872673035
train-012210-97996b7238ffee47,8,9,train,10923880509490589255,pointer,R,P,,,V,False,True,,,-10.1875,8.75,0.01423283388552677,,P Q I,P,,True,,1.0234375,0.735641598701477,,
train-012210-97996b7238ffee47,8,10,train,10923880509490589255,pointer,R,K,,,V,False,True,,,-11.1875,8.8125,0.0142366572144591,,K D U,K,,True,,1.015625,0.7341195344924927,,
train-012210-97996b7238ffee47,8,11,train,10923880509490589255,pointer,R,G,,,V,False,True,,,-9.96875,8.0625,0.03073777992426405,,G F B,G,,True,,1.0234375,0.735641598701477,,
train-012210-97996b7238ffee47,8,12,train,10923880509490589255,pointer,R,E,,,V,False,True,,,-10.3125,7.0,0.03198837206594286,,E D C,E,,True,,1.125,0.7549149990081787,,
train-034999-4841f772dd44612d,10,1,train,5206714716927582509,pointer,N,R,R,True,U,False,False,5.722029527532868e-06,13.46875,-19.4453125,13.46875,8.675420755366858e-05,1,R T C,R,True,True,1.1920922133867862e-06,-0.4140625,0.3979383707046509,False,0.5073955655097961
train-034999-4841f772dd44612d,10,2,train,5206714716927582509,pointer,N,H,H,True,U,False,False,4.768360213347478e-06,14.25,-16.25,14.25,7.564440675891832e-05,1,H L X,H,True,True,2.2411095415009186e-05,-0.376953125,0.4068619906902313,False,0.5223281383514404
train-034999-4841f772dd44612d,10,3,train,5206714716927582509,pointer,N,G,G,True,U,False,False,0.00024232311989180744,10.3125,-13.5625,10.3125,0.0029524851861105457,1,G L W,G,True,True,0.34188657999038696,0.036865234375,0.509215235710144,False,0.7117496728897095
train-034999-4841f772dd44612d,10,4,train,5206714716927582509,pointer,N,V,V,True,U,False,False,0.0018167671514675021,8.25,-11.53125,8.25,0.018200523014827334,1,V F E,V,True,True,0.0024252308066934347,0.4375,0.6076632142066956,False,0.9356345534324646
train-034999-4841f772dd44612d,10,5,train,5206714716927582509,pointer,N,P,P,True,U,False,False,0.00016378014697693288,10.9375,-12.3125,10.9375,0.0020752306164075343,1,P C G,P,True,True,0.0013049667468294501,0.6015625,0.6460136771202087,False,1.0384970903396606
train-034999-4841f772dd44612d,10,6,train,5206714716927582509,pointer,N,O,O,True,U,False,False,0.004547255113720894,6.75,-7.6875,6.75,0.04082993782279943,1,O N A,O,True,True,0.16476976871490479,0.66796875,0.6610482335090637,False,1.081897258758545
train-034999-4841f772dd44612d,10,7,train,5206714716927582509,pointer,N,B,B,True,U,False,False,0.0003513672563713044,9.4375,-11.4375,9.4375,0.004077629703811739,1,B A C,B,True,True,0.017217453569173813,0.80078125,0.6901415586471558,False,1.1716398000717163
train-034999-4841f772dd44612d,10,8,train,5206714716927582509,pointer,N,W,W,True,U,False,False,0.002642593812197447,7.5,-11.1875,7.5,0.02490882515831708,1,W Y Z,W,True,True,0.057350970804691315,0.9609375,0.7233095169067383,False,1.284855604171753
train-034999-4841f772dd44612d,10,9,train,5206714716927582509,pointer,N,L,L,True,U,False,False,0.00449622655287385,7.0,-11.28125,7.0,0.04118274012600987,1,L N D,L,True,True,0.002301545813679695,1.09375,0.7490872144699097,False,1.3826498985290527
train-034999-4841f772dd44612d,10,10,train,5206714716927582509,pointer,N,U,U,True,U,True,False,0.0006466205231845379,8.8125,8.8125,8.8125,0.007154525083195199,1,U A V,U,True,True,0.049705907702445984,1.03125,0.7371581792831421,True,0.30495283007621765
train-034999-4841f772dd44612d,10,11,train,5206714716927582509,pointer,N,Y,,,U,False,True,,,-8.125,7.25,0.032340885496841686,,Y I X,Y,,True,,1.0078125,0.7325918078422546,,
train-034999-4841f772dd44612d,10,12,train,5206714716927582509,pointer,N,N,,,U,False,True,,,-8.75,8.25,0.021808875779548122,,N O I,N,,True,,1.015625,0.7341195344924927,,
train-011564-7762883a563e37c9,12,1,train,8602588022367467465,pointer,E,N,N,True,T,False,False,6.198863957251888e-06,12.875,-16.15625,12.875,9.457740629328845e-05,1,N M Q,N,True,True,7.152555099310121e-07,-0.33984375,0.41584745049476624,False,0.5375931262969971
train-011564-7762883a563e37c9,12,2,train,8602588022367467465,pointer,E,V,V,True,T,False,False,8.106198947643861e-06,12.8125,-14.8125,12.8125,0.0001214765818255965,1,V X C,V,True,True,1.3112935448589269e-05,-0.306640625,0.4239349663257599,False,0.5515346527099609
train-011564-7762883a563e37c9,12,3,train,8602588022367467465,pointer,E,M,M,True,T,False,False,0.003938181791454554,5.875,-9.25,5.875,0.03130031309408212,1,M P N,M,True,True,0.0002637753786984831,-0.0130615234375,0.496734619140625,False,0.6866377592086792
train-011564-7762883a563e37c9,12,4,train,8602588022367467465,pointer,E,M,T,False,T,False,False,3.7353978157043457,-2.71875,-2.71875,0.875,2.3417054735833647,10,M P A,M,False,True,4.316159725189209,0.205078125,0.5510905981063843,False,0.8009341955184937
train-011564-7762883a563e37c9,12,5,train,8602588022367467465,pointer,E,D,D,True,T,False,False,0.16853299736976624,2.375,-7.21875,2.375,0.735256053623469,1,D C S,S,False,False,5.075517177581787,0.58984375,0.6433292627334595,False,1.0309423208236694
train-011564-7762883a563e37c9,12,6,train,8602588022367467465,pointer,E,T,V,False,T,True,False,6.870872497558594,-6.84375,5.4375,5.4375,0.19855442518702862,12,T P S,T,False,True,5.558543682098389,0.734375,0.6757646203041077,False,1.1262855529785156
train-011564-7762883a563e37c9,12,7,train,8602588022367467465,pointer,E,D,M,False,T,False,False,8.078351020812988,-8.0,-8.5625,2.6875,0.3364904104051143,14,D C S,D,False,True,3.1616709232330322,1.03125,0.7371581792831421,False,1.33620285987854
train-011564-7762883a563e37c9,12,8,train,8602588022367467465,pointer,E,V,T,False,T,False,False,8.07169246673584,-8.0625,-8.0625,6.5,0.07858066381827,13,V L P,V,False,True,8.279115676879883,1.1484375,0.7592254281044006,False,1.4238940477371216
train-011564-7762883a563e37c9,12,9,train,8602588022367467465,pointer,E,M,D,False,T,False,False,7.570895671844482,-7.5625,-7.625,6.75,0.07320972770788997,5,M S P,M,False,True,10.302552223205566,1.1875,0.7662936449050903,False,1.4536898136138916
train-011564-7762883a563e37c9,12,10,train,8602588022367467465,pointer,E,T,V,False,T,True,False,10.631058692932129,-10.625,7.0,7.0,0.05380477914596173,24,T F S,T,False,True,6.6980485916137695,1.125,0.7549149990081787,False,1.4061501026153564
train-011564-7762883a563e37c9,12,11,train,8602588022367467465,pointer,E,D,M,False,T,False,False,9.566932678222656,-9.5625,-9.9375,7.0625,0.04029823020147055,14,D C B,D,False,True,6.345919609069824,1.21875,0.7718434929847717,False,1.477723479270935
train-011564-7762883a563e37c9,12,12,train,8602588022367467465,pointer,E,V,T,False,T,False,False,8.692051887512207,-8.6875,-8.6875,7.375,0.042209314904871335,11,V E L,V,False,True,8.383746147155762,1.2421875,0.7759445905685425,True,0.2536742389202118
train-009225-e6d88a97d91644e8,1,1,train,16634197608479737064,pointer,S,U,U,True,U,True,False,2.9802276912960224e-06,13.8125,13.8125,13.8125,4.783180607218729e-05,1,U V A,U,True,True,5.960462772236497e-07,-0.064453125,0.4838923215866089,True,0.725892961025238
train-009225-e6d88a97d91644e8,1,2,train,16634197608479737064,pointer,S,J,,,U,False,True,,,-15.875,15.375,1.2540351205622554e-05,,J T D,J,,True,,-0.1884765625,0.4530198276042938,,
train-009225-e6d88a97d91644e8,1,3,train,16634197608479737064,pointer,S,Y,,,U,False,True,,,-11.6875,10.375,0.0022197744005016833,,Y V K,Y,,True,,0.0927734375,0.5231767296791077,,
train-009225-e6d88a97d91644e8,1,4,train,16634197608479737064,pointer,S,W,,,U,False,True,,,-12.0,10.3125,0.00520457008846887,,W A L,W,,True,,0.46484375,0.6141626238822937,,
train-009225-e6d88a97d91644e8,1,5,train,16634197608479737064,pointer,S,H,,,U,False,True,,,-12.5625,8.3125,0.017641871970383038,,H L R,H,,True,,0.76953125,0.6834195256233215,,
train-009225-e6d88a97d91644e8,1,6,train,16634197608479737064,pointer,S,I,,,U,False,True,,,-9.40625,6.4375,0.09944809675294125,,I S P,I,,True,,0.91796875,0.7146279811859131,,
train-009225-e6d88a97d91644e8,1,7,train,16634197608479737064,pointer,S,B,,,U,False,True,,,-9.75,7.875,0.023566334760281585,,B A C,B,,True,,0.91015625,0.7130321860313416,,
train-009225-e6d88a97d91644e8,1,8,train,16634197608479737064,pointer,S,N,,,U,False,True,,,-9.5625,7.6875,0.023721912758864348,,N S A,N,,True,,0.96875,0.7248703241348267,,
train-009225-e6d88a97d91644e8,1,9,train,16634197608479737064,pointer,S,M,,,U,False,True,,,-9.84375,8.0625,0.0224189707542701,,M S N,M,,True,,0.9765625,0.7264255881309509,,
train-009225-e6d88a97d91644e8,1,10,train,16634197608479737064,pointer,S,T,,,U,False,True,,,-10.3125,8.3125,0.01585859036933023,,T S K,T,,True,,0.9765625,0.7264255881309509,,
train-009225-e6d88a97d91644e8,1,11,train,16634197608479737064,pointer,S,K,,,U,False,True,,,-9.1875,8.3125,0.016218580598405325,,K A J,K,,True,,1.015625,0.7341195344924927,,
train-009225-e6d88a97d91644e8,1,12,train,16634197608479737064,pointer,S,V,,,U,False,True,,,-10.3125,7.4375,0.04185493405342012,,V K L,V,,True,,1.1640625,0.7620701193809509,,
train-001306-18fe11ce3b98c489,2,1,train,1800896478455579785,pointer,E,N,N,True,I,False,False,5.125986263010418e-06,13.125,-19.234375,13.125,7.890779592753499e-05,1,N M O,N,True,True,9.536738616588991e-07,-0.28125,0.43014734983444214,False,0.5623774528503418
train-001306-18fe11ce3b98c489,2,2,train,1800896478455579785,pointer,E,I,I,True,I,True,False,3.3378546504536644e-06,14.625,14.625,14.625,5.508075957252958e-05,1,I N S,I,True,True,0.00010680581908673048,-0.302734375,0.4248892068862915,True,0.8559269309043884
train-001306-18fe11ce3b98c489,2,3,train,1800896478455579785,pointer,E,F,,,I,False,True,,,-13.96875,10.5625,0.0019037436448170022,,F G A,F,,True,,0.034423828125,0.5086051225662231,,
train-001306-18fe11ce3b98c489,2,4,train,1800896478455579785,pointer,E,A,,,I,False,True,,,-9.125,8.125,0.022593649784414988,,A L N,A,,True,,0.404296875,0.5997195839881897,,
train-001306-18fe11ce3b98c489,2,5,train,1800896478455579785,pointer,E,L,,,I,False,True,,,-8.75,8.25,0.026322588293671064,,L N A,L,,True,,0.703125,0.66888028383255,,
train-001306-18fe11ce3b98c489,2,6,train,1800896478455579785,pointer,E,J,,,I,False,True,,,-9.75,8.375,0.011440288253710138,,J U R,Y,,False,,0.609375,0.6477982401847839,,
train-001306-18fe11ce3b98c489,2,7,train,1800896478455579785,pointer,E,O,,,I,False,True,,,-9.125,5.9375,0.07043784644002722,,O U A,O,,True,,0.7109375,0.6706082820892334,,
train-001306-18fe11ce3b98c489,2,8,train,1800896478455579785,pointer,E,P,,,I,False,True,,,-10.1875,8.875,0.009644842274286816,,P C A,P,,True,,0.75390625,0.6800292134284973,,
train-001306-18fe11ce3b98c489,2,9,train,1800896478455579785,pointer,E,Q,,,I,False,True,,,-11.71875,8.4375,0.013707780101406029,,Q K L,Q,,True,,0.90625,0.7122321724891663,,
train-001306-18fe11ce3b98c489,2,10,train,1800896478455579785,pointer,E,W,,,I,False,True,,,-10.0625,7.5625,0.024665674241017607,,W X V,W,,True,,1.046875,0.740174412727356,,
train-001306-18fe11ce3b98c489,2,11,train,1800896478455579785,pointer,E,D,,,I,False,True,,,-9.71875,7.1875,0.07540370057319136,,D N E,D,,True,,1.1953125,0.7676898241043091,,
train-001306-18fe11ce3b98c489,2,12,train,1800896478455579785,pointer,E,K,,,I,False,True,,,-10.0,7.375,0.035924072520645375,,K L Q,K,,True,,1.140625,0.7577943801879883,,
train-016049-a073b77648266286,3,1,train,11561786387034694278,pointer,G,A,A,True,E,False,False,2.145764938177308e-06,14.765625,-15.890625,14.765625,3.749968508331261e-05,1,A I B,A,True,True,1.6689286894688848e-06,-0.38671875,0.40450745820999146,False,0.5183663964271545
train-016049-a073b77648266286,3,2,train,11561786387034694278,pointer,G,M,M,True,E,False,False,9.953480184776708e-05,10.75,-13.09375,10.75,0.0012751152339674319,1,M C F,M,True,True,8.976056415122002e-05,-0.3671875,0.40922078490257263,False,0.5263129472732544
train-016049-a073b77648266286,3,3,train,11561786387034694278,pointer,G,E,E,True,E,True,False,0.0002286172821186483,9.9375,9.9375,9.9375,0.002741655861440276,1,E A D,E,True,True,0.0927610769867897,-0.06298828125,0.48425814509391785,True,0.7251372337341309
train-016049-a073b77648266286,3,4,train,11561786387034694278,pointer,G,K,,,E,False,True,,,-13.28125,7.75,0.012762672318434585,,K P N,K,,True,,0.236328125,0.5588085651397705,,
train-016049-a073b77648266286,3,5,train,11561786387034694278,pointer,G,V,,,E,False,True,,,-8.5,8.25,0.023904752709314955,,V F P,V,,True,,0.62109375,0.6504672765731812,,
train-016049-a073b77648266286,3,6,train,11561786387034694278,pointer,G,Q,,,E,False,True,,,-11.625,9.0625,0.00928114872346638,,Q A R,Q,,True,,0.7578125,0.6808785796165466,,
train-016049-a073b77648266286,3,7,train,11561786387034694278,pointer,G,W,,,E,False,True,,,-6.5625,6.5625,0.047176525707199136,,W E V,W,,True,,0.953125,0.7217432260513306,,
train-016049-a073b77648266286,3,8,train,11561786387034694278,pointer,G,I,,,E,False,True,,,-7.4375,6.75,0.07202560455950288,,I N Q,I,,True,,1.078125,0.7461389899253845,,
train-016049-a073b77648266286,3,9,train,11561786387034694278,pointer,G,N,,,E,False,True,,,-8.0625,6.25,0.09958999237059869,,N O M,N,,True,,1.125,0.7549149990081787,,
train-016049-a073b77648266286,3,10,train,11561786387034694278,pointer,G,X,,,E,False,True,,,-8.875,7.6875,0.02445549703067304,,X A U,X,,True,,1.1484375,0.7592254281044006,,
train-016049-a073b77648266286,3,11,train,11561786387034694278,pointer,G,B,,,E,False,True,,,-11.28125,8.5625,0.011768861982098323,,B C A,B,,True,,1.0703125,0.7446563243865967,,
train-016049-a073b77648266286,3,12,train,11561786387034694278,pointer,G,C,,,E,False,True,,,-10.34375,7.625,0.025611394529170904,,C D S,C,,True,,1.15625,0.7606506943702698,,
train-010893-54a61a1968f8e7bf,4,1,train,6099591441757562815,pointer,F,N,N,True,Q,False,False,5.602820692729438e-06,13.03125,-13.65625,13.03125,8.64678337426687e-05,1,N M Q,N,True,True,1.4305104514278355e-06,-0.39453125,0.40262696146965027,False,0.5152135491371155
train-010893-54a61a1968f8e7bf,4,2,train,6099591441757562815,pointer,F,J,J,True,Q,False,False,3.576278118089249e-07,16.3125,-19.125,16.3125,7.573234618613092e-06,1,J D U,J,True,True,7.10462118149735e-05,-0.419921875,0.3965354859828949,False,0.5050680041313171
train-010893-54a61a1968f8e7bf,4,3,train,6099591441757562815,pointer,F,P,P,True,Q,False,False,6.842378934379667e-05,10.125,-10.125,10.125,0.0008427458120742167,1,P Q C,P,True,True,0.01650865003466606,-0.12158203125,0.46964189410209656,False,0.634202778339386
train-010893-54a61a1968f8e7bf,4,4,train,6099591441757562815,pointer,F,Q,Q,True,Q,True,False,0.0003623305819928646,9.5,9.5,9.5,0.004133839821842197,1,Q K P,Q,True,True,0.006619312800467014,0.2890625,0.5717666149139404,True,0.5590243935585022
train-010893-54a61a1968f8e7bf,4,5,train,6099591441757562815,pointer,F,K,,,Q,False,True,,,-10.21875,8.5,0.019734225348851255,,K A D,K,,True,,0.52734375,0.6288633942604065,,
train-010893-54a61a1968f8e7bf,4,6,train,6099591441757562815,pointer,F,W,,,Q,False,True,,,-11.75,9.375,0.008223933638930226,,W A D,W,,True,,0.70703125,0.6697448492050171,,
train-010893-54a61a1968f8e7bf,4,7,train,6099591441757562815,pointer,F,O,,,Q,False,True,,,-9.625,7.8125,0.01640719482107814,,O P N,O,,True,,0.9140625,0.7138307690620422,,
train-010893-54a61a1968f8e7bf,4,8,train,6099591441757562815,pointer,F,G,,,Q,False,True,,,-5.9375,5.9375,0.04404646636966227,,G Q X,G,,True,,1.0859375,0.7476159334182739,,
train-010893-54a61a1968f8e7bf,4,9,train,6099591441757562815,pointer,F,I,,,Q,False,True,,,-7.3125,6.125,0.07861962417190566,,I E P,I,,True,,1.09375,0.7490872144699097,,
train-010893-54a61a1968f8e7bf,4,10,train,6099591441757562815,pointer,F,S,,,Q,False,True,,,-7.1875,7.1875,0.037357269544553325,,S Q R,S,,True,,1.1171875,0.7534666657447815,,
train-010893-54a61a1968f8e7bf,4,11,train,6099591441757562815,pointer,F,Y,,,Q,False,True,,,-7.625,5.625,0.19643097418716302,,Y X O,Y,,True,,1.03125,0.7371581792831421,,
train-010893-54a61a1968f8e7bf,4,12,train,6099591441757562815,pointer,F,R,,,Q,False,True,,,-7.4375,6.875,0.08615329882371454,,R N T,R,,True,,1.109375,0.7520126104354858,,
train-035347-804f37ed051ea6d8,5,1,train,9245670051147589336,pointer,B,Y,Y,True,J,False,False,2.622600959512056e-06,13.375,-16.4375,13.375,4.0974131961400965e-05,1,Y R K,Y,True,True,7.152555099310121e-07,-0.4296875,0.3942009508609772,False,0.5012069344520569
train-035347-804f37ed051ea6d8,5,2,train,9245670051147589336,pointer,B,K,K,True,J,False,False,1.5497195136049413e-06,15.125,-15.6875,15.125,2.7599840229882396e-05,1,K C I,K,True,True,9.298280929215252e-06,-0.388671875,0.4040370583534241,False,0.5175768136978149
train-035347-804f37ed051ea6d8,5,3,train,9245670051147589336,pointer,B,I,I,True,J,False,False,0.0004219118563923985,9.8125,-10.5,9.8125,0.0049028103024648904,1,I N S,I,True,True,0.003066007047891617,-0.00885009765625,0.4977875351905823,False,0.6887319087982178
train-035347-804f37ed051ea6d8,5,4,train,9245670051147589336,pointer,B,V,V,True,J,False,False,0.015696898102760315,4.5,-8.75,4.5,0.10309094099323712,1,V Z X,V,True,True,0.002611799631267786,0.408203125,0.6006569266319275,False,0.9179344773292542
train-035347-804f37ed051ea6d8,5,5,train,9245670051147589336,pointer,B,J,J,True,J,True,False,0.027892159298062325,5.0625,5.0625,5.0625,0.1992132483972934,1,J M U,J,True,True,0.15127097070217133,0.50390625,0.6233768463134766,True,0.47260403633117676
train-035347-804f37ed051ea6d8,5,6,train,9245670051147589336,pointer,B,U,,,J,False,True,,,-11.65625,8.3125,0.018593319887394846,,U A D,U,,True,,0.6484375,0.6566582322120667,,
train-035347-804f37ed051ea6d8,5,7,train,9245670051147589336,pointer,B,O,,,J,False,True,,,-11.03125,7.9375,0.013952400911287164,,O U N,O,,True,,0.71484375,0.671470582485199,,
train-035347-804f37ed051ea6d8,5,8,train,9245670051147589336,pointer,B,X,,,J,False,True,,,-10.5,8.4375,0.01618811569381738,,X E S,X,,True,,0.90625,0.7122321724891663,,
train-035347-804f37ed051ea6d8,5,9,train,9245670051147589336,pointer,B,C,,,J,False,True,,,-9.53125,7.8125,0.026299287694604975,,C A S,C,,True,,1.015625,0.7341195344924927,,
train-035347-804f37ed051ea6d8,5,10,train,9245670051147589336,pointer,B,Z,,,J,False,True,,,-9.8125,7.375,0.03724778939239618,,Z Y X,Z,,True,,1.1484375,0.7592254281044006,,
train-035347-804f37ed051ea6d8,5,11,train,9245670051147589336,pointer,B,W,,,J,False,True,,,-10.15625,6.125,0.06164305011352821,,W Q O,W,,True,,1.1484375,0.7592254281044006,,
train-035347-804f37ed051ea6d8,5,12,train,9245670051147589336,pointer,B,Q,,,J,False,True,,,-11.96875,9.4375,0.004479006792717773,,Q O S,Q,,True,,1.1640625,0.7620701193809509,,
train-012677-fa476f934299767c,6,1,train,18034505911096669820,pointer,N,N,N,True,N,True,False,1.8000440832111053e-05,12.0,12.0,12.0,0.00025076372382774165,1,N M O,N,True,True,3.814689989667386e-06,-0.4140625,0.3979383707046509,False,0.5073955655097961
train-012677-fa476f934299767c,6,2,train,18034505911096669820,pointer,N,N,N,True,N,True,False,1.4305104514278355e-06,14.875,14.875,14.875,2.602274306436476e-05,1,N M O,N,True,True,1.1920858014491387e-05,-0.359375,0.41111087799072266,False,0.5295173525810242
train-012677-fa476f934299767c,6,3,train,18034505911096669820,pointer,N,N,N,True,N,True,False,4.029192859889008e-05,10.6875,10.6875,10.6875,0.0005202855719821139,1,N O M,N,True,True,7.10462118149735e-05,-0.0849609375,0.47877252101898193,False,0.6515687108039856
train-012677-fa476f934299767c,6,4,train,18034505911096669820,pointer,N,N,N,True,N,True,False,6.496695277746767e-05,10.25,10.25,10.25,0.0008186755622916818,1,N O M,N,True,True,2.729855441430118e-05,0.158203125,0.53946852684021,False,0.7753739953041077
train-012677-fa476f934299767c,6,5,train,18034505911096669820,pointer,N,N,N,True,N,True,False,8.010543388081715e-05,10.125,10.125,10.125,0.0010004282134037125,1,N O M,N,True,True,2.47952248173533e-05,0.341796875,0.5846269726753235,False,0.878578245639801
train-012677-fa476f934299767c,6,6,train,18034505911096669820,pointer,N,N,N,True,N,True,False,8.904537389753386e-05,10.0625,10.0625,10.0625,0.0011095766838985653,1,N O M,N,True,True,2.5510462364763953e-05,0.4765625,0.6169358491897583,True,0.4829902946949005
train-012677-fa476f934299767c,6,7,train,18034505911096669820,pointer,N,N,,,N,True,True,,,10.125,10.125,0.0011094224403137857,,N O M,N,,True,,0.5703125,0.6388352513313293,,
train-012677-fa476f934299767c,6,8,train,18034505911096669820,pointer,N,N,,,N,True,True,,,10.1875,10.1875,0.0010542640903244257,,N O M,N,,True,,0.62890625,0.6522414088249207,,
train-012677-fa476f934299767c,6,9,train,18034505911096669820,pointer,N,N,,,N,True,True,,,10.0625,10.0625,0.0011290982446149646,,N O M,N,,True,,0.671875,0.6619228720664978,,
train-012677-fa476f934299767c,6,10,train,18034505911096669820,pointer,N,N,,,N,True,True,,,10.125,10.125,0.0011044272842247354,,N O M,N,,True,,0.6953125,0.6671476364135742,,
train-012677-fa476f934299767c,6,11,train,18034505911096669820,pointer,N,N,,,N,True,True,,,10.0625,10.0625,0.0011311532384854657,,N O M,N,,True,,0.71484375,0.671470582485199,,
train-012677-fa476f934299767c,6,12,train,18034505911096669820,pointer,N,N,,,N,True,True,,,10.125,10.125,0.0011076677029024681,,N O M,N,,True,,0.7265625,0.6740504503250122,,
train-011589-e2ac7a4572e7f3c6,8,1,train,16333564387265082310,pointer,J,L,L,True,U,False,False,1.0728830375228426e-06,15.09375,-17.40625,15.09375,1.9380589581286404e-05,1,L C I,L,True,True,3.576278118089249e-07,-0.51171875,0.3747906982898712,False,0.46966880559921265
train-011589-e2ac7a4572e7f3c6,8,2,train,16333564387265082310,pointer,J,B,B,True,U,False,False,1.4305104514278355e-06,14.375,-18.96875,14.375,2.3835104587523424e-05,1,B C F,B,True,True,6.925819616299123e-05,-0.494140625,0.3789186179637909,False,0.47629314661026
train-011589-e2ac7a4572e7f3c6,8,3,train,16333564387265082310,pointer,J,K,K,True,U,False,False,0.0004365683125797659,8.6875,-13.875,8.6875,0.004843287747040075,1,K Q L,K,True,True,0.213322713971138,-0.0137939453125,0.4965515732765198,False,0.686273992061615
train-011589-e2ac7a4572e7f3c6,8,4,train,16333564387265082310,pointer,J,Q,Q,True,U,False,False,0.001091599464416504,8.0,-11.25,8.0,0.011150986582126193,1,Q P K,Q,True,True,0.009491673670709133,0.35546875,0.5879431366920471,False,0.8865938782691956
train-011589-e2ac7a4572e7f3c6,8,5,train,16333564387265082310,pointer,J,I,I,True,U,False,False,0.00340679450891912,7.75,-8.90625,7.75,0.032820791147178854,1,I E S,I,True,True,0.3290367126464844,0.640625,0.6548947095870972,False,1.0639058351516724
train-011589-e2ac7a4572e7f3c6,8,6,train,16333564387265082310,pointer,J,S,S,True,U,False,False,0.006262322422116995,7.375,-7.75,7.375,0.05682881646591757,1,S T D,S,True,True,0.7471941113471985,0.83203125,0.696784257888794,False,1.1933107376098633
train-011589-e2ac7a4572e7f3c6,8,7,train,16333564387265082310,pointer,J,Z,Z,True,U,False,False,0.00637876708060503,6.75,-7.625,6.75,0.057153202884760494,1,Z X K,Z,True,True,0.004540253430604935,1.0390625,0.7386690378189087,False,1.3419678211212158
train-011589-e2ac7a4572e7f3c6,8,8,train,16333564387265082310,pointer,J,U,U,True,U,True,False,0.0012873465893790126,7.8125,7.8125,7.8125,0.013190608180180832,1,U O S,U,True,True,0.3106933832168579,1.0859375,0.7476159334182739,True,0.29086586833000183
train-011589-e2ac7a4572e7f3c6,8,9,train,16333564387265082310,pointer,J,D,,,U,False,True,,,-7.25,3.6875,0.23108082528921653,,D E S,D,,True,,1.21875,0.7718434929847717,,
train-011589-e2ac7a4572e7f3c6,8,10,train,16333564387265082310,pointer,J,E,,,U,False,True,,,-10.375,6.625,0.08402642055912703,,E A G,E,,True,,1.2109375,0.7704647779464722,,
train-011589-e2ac7a4572e7f3c6,8,11,train,16333564387265082310,pointer,J,X,,,U,False,True,,,-10.625,8.1875,0.014807797830244666,,X A Z,X,,True,,1.1328125,0.7563575506210327,,
train-011589-e2ac7a4572e7f3c6,8,12,train,16333564387265082310,pointer,J,O,,,U,False,True,,,-8.25,5.75,0.04586890759410168,,O A N,O,,True,,1.109375,0.7520126104354858,,
train-009844-241dc1586a630f61,10,1,train,2602448745176174433,pointer,R,F,F,True,P,False,False,4.291525328881107e-06,13.0,-15.65625,13.0,6.506298370151789e-05,1,F T C,F,True,True,5.960462772236497e-07,-0.37109375,0.40827676653862,False,0.5247162580490112
train-009844-241dc1586a630f61,10,2,train,2602448745176174433,pointer,R,E,E,True,P,False,False,0.0001387499796692282,9.8125,-12.5625,9.8125,0.0016409539252320395,1,E R F,E,True,True,0.00017724849749356508,-0.357421875,0.411583811044693,False,0.5303207635879517
train-009844-241dc1586a630f61,10,3,train,2602448745176174433,pointer,R,A,A,True,P,False,False,0.0001515035255579278,10.75,-13.65625,10.75,0.0019054906492466399,1,A S L,A,True,True,0.008304587565362453,-0.0213623046875,0.4946596324443817,False,0.6825230717658997
train-009844-241dc1586a630f61,10,4,train,2602448745176174433,pointer,R,Y,Y,True,P,False,False,0.00039843725971877575,9.4375,-12.53125,9.4375,0.004579361360302595,1,Y A U,Y,True,True,0.002302735112607479,0.28125,0.5698526501655579,False,0.8436274528503418
train-009844-241dc1586a630f61,10,5,train,2602448745176174433,pointer,R,D,D,True,P,False,False,0.008741210214793682,5.5625,-8.5625,5.5625,0.06941050039722445,1,D E A,D,True,True,0.16506078839302063,0.640625,0.6548947095870972,False,1.0639058351516724
train-009844-241dc1586a630f61,10,6,train,2602448745176174433,pointer,R,Q,Q,True,P,False,False,0.0018725732807070017,7.5625,-9.25,7.5625,0.018043219761232798,1,Q R O,Q,True,True,0.0027800267562270164,0.75390625,0.6800292134284973,False,1.1395256519317627
train-009844-241dc1586a630f61,10,7,train,2602448745176174433,pointer,R,J,J,True,P,False,False,0.004616673570126295,7.125,-9.5,7.125,0.042997316025975146,1,J Q D,J,True,True,0.4445802569389343,0.8515625,0.700894832611084,False,1.2069599628448486
train-009844-241dc1586a630f61,10,8,train,2602448745176174433,pointer,R,H,H,True,P,False,False,0.0028891509864479303,7.875,-8.1875,7.875,0.028287982276971217,1,H D K,H,True,True,0.4415329396724701,1.03125,0.7371581792831421,False,1.33620285987854
train-009844-241dc1586a630f61,10,9,train,2602448745176174433,pointer,R,G,G,True,P,False,False,0.0022109129931777716,8.5,-8.5,8.5,0.0223784289066132,1,G P W,G,True,True,0.009037541225552559,1.09375,0.7490872144699097,False,1.3826498985290527
train-009844-241dc1586a630f61,10,10,train,2602448745176174433,pointer,R,P,P,True,P,True,False,0.0005026984144933522,9.4375,9.4375,9.4375,0.005750924052309419,1,P C A,P,True,True,0.0002441108226776123,1.0859375,0.7476159334182739,True,0.29086586833000183
train-009844-241dc1586a630f61,10,11,train,2602448745176174433,pointer,R,M,,,P,False,True,,,-11.875,9.125,0.006169610087951043,,M F L,M,,True,,1.0625,0.7431680560112,,
train-009844-241dc1586a630f61,10,12,train,2602448745176174433,pointer,R,L,,,P,False,True,,,-10.125,8.8125,0.010236586986093024,,L D N,L,,True,,1.0,0.7310585975646973,,
train-005516-e9fcb22782d02811,12,1,train,16860546987736442897,pointer,J,M,M,True,U,False,False,4.887569048150908e-06,13.96875,-15.0,13.96875,7.626699112019144e-05,1,M O C,M,True,True,1.0728830375228426e-06,-0.392578125,0.4030968248844147,False,0.5160003900527954
train-005516-e9fcb22782d02811,12,2,train,16860546987736442897,pointer,J,Z,Z,True,U,False,False,3.7431014789035544e-05,10.625,-12.5625,10.625,0.00047484608791409453,1,Z X U,Z,True,True,5.483612312673358e-06,-0.34765625,0.4139508903026581,False,0.5343517065048218
train-005516-e9fcb22782d02811,12,3,train,16860546987736442897,pointer,J,K,K,True,U,False,False,9.393251093570143e-05,11.1875,-12.25,11.1875,0.0012331282012233078,1,K R D,K,True,True,0.00038378025055862963,-0.02490234375,0.4937747120857239,False,0.6807735562324524
train-005516-e9fcb22782d02811,12,4,train,16860546987736442897,pointer,J,P,P,True,U,False,False,0.0004593271005433053,9.375,-12.125,9.375,0.005238607049924736,1,P C M,P,True,True,0.040486130863428116,0.166015625,0.5414088368415833,False,0.779596209526062
train-005516-e9fcb22782d02811,12,5,train,16860546987736442897,pointer,J,G,G,True,U,False,False,0.002677667187526822,7.5,-9.875,7.5,0.025889283501030924,1,G F C,G,True,True,0.0006810491322539747,0.51953125,0.6270381808280945,False,0.9862791895866394
train-005516-e9fcb22782d02811,12,6,train,16860546987736442897,pointer,J,Y,Y,True,U,False,False,0.0038666974287480116,7.5,-8.3125,7.5,0.03643338472475958,1,Y E O,Y,True,True,0.029221460223197937,0.6328125,0.6531268954277039,False,1.0587962865829468
train-005516-e9fcb22782d02811,12,7,train,16860546987736442897,pointer,J,W,W,True,U,False,False,0.0049838596023619175,7.375,-11.03125,7.375,0.045862309985457185,1,W V S,W,True,True,0.0008590107318013906,0.85546875,0.7017130851745605,False,1.2096993923187256
train-005516-e9fcb22782d02811,12,8,train,16860546987736442897,pointer,J,X,X,True,U,False,False,0.008344192057847977,6.875,-8.625,6.875,0.07253989351665673,1,X D E,X,True,True,0.14515437185764313,1.046875,0.740174412727356,False,1.3477444648742676
train-005516-e9fcb22782d02811,12,9,train,16860546987736442897,pointer,J,F,F,True,U,False,False,0.010343280620872974,6.125,-7.125,6.125,0.0856616449387153,1,F J T,F,True,True,0.006787695921957493,1.1796875,0.7648916244506836,False,1.4477086067199707
train-005516-e9fcb22782d02811,12,10,train,16860546987736442897,pointer,J,S,S,True,U,False,False,0.0030140706803649664,7.8125,-9.3125,7.8125,0.029021678660518923,1,S T P,S,True,True,0.19316409528255463,1.1796875,0.7648916244506836,False,1.4477086067199707
train-005516-e9fcb22782d02811,12,11,train,16860546987736442897,pointer,J,L,L,True,U,False,False,0.011901560239493847,6.1875,-7.4375,6.1875,0.09825839743355028,1,L D N,L,True,True,0.0010161004029214382,1.1796875,0.7648916244506836,False,1.4477086067199707
train-005516-e9fcb22782d02811,12,12,train,16860546987736442897,pointer,J,U,U,True,U,True,False,0.00021491125517059118,10.1875,10.1875,10.1875,0.0026113387123999706,1,U A V,U,True,True,0.042392224073410034,1.1328125,0.7563575506210327,True,0.27924108505249023
train-023310-77aa2a9eabeba03a,1,1,train,8622751297531781178,pointer,V,I,I,True,I,True,False,6.079655122448457e-06,13.40625,13.40625,13.40625,9.450744516610562e-05,1,I R A,I,True,True,8.940656698541716e-06,0.11279296875,0.5281683802604675,True,0.6383401155471802
train-023310-77aa2a9eabeba03a,1,2,train,8622751297531781178,pointer,V,E,,,I,False,True,,,-14.3125,13.125,9.794123091213389e-05,,E D C,E,,True,,-0.03466796875,0.49133387207984924,,
train-023310-77aa2a9eabeba03a,1,3,train,8622751297531781178,pointer,V,R,,,I,False,True,,,-11.5625,9.5625,0.0035436732783622324,,R T P,R,,True,,0.236328125,0.5588085651397705,,
train-023310-77aa2a9eabeba03a,1,4,train,8622751297531781178,pointer,V,L,,,I,False,True,,,-10.9375,8.1875,0.018389182656021734,,L S Q,L,,True,,0.52734375,0.6288633942604065,,
train-023310-77aa2a9eabeba03a,1,5,train,8622751297531781178,pointer,V,Z,,,I,False,True,,,-10.46875,7.375,0.04157793657612767,,Z R X,Z,,True,,0.77734375,0.6851073503494263,,
train-023310-77aa2a9eabeba03a,1,6,train,8622751297531781178,pointer,V,A,,,I,False,True,,,-9.4375,6.75,0.06475524845355876,,A B L,A,,True,,0.87109375,0.7049732804298401,,
train-023310-77aa2a9eabeba03a,1,7,train,8622751297531781178,pointer,V,D,,,I,False,True,,,-7.0,5.75,0.19551712065123034,,D E C,D,,True,,1.0,0.7310585975646973,,
train-023310-77aa2a9eabeba03a,1,8,train,8622751297531781178,pointer,V,H,,,I,False,True,,,-8.1875,7.375,0.03655061909859565,,H A P,H,,True,,1.0859375,0.7476159334182739,,
train-023310-77aa2a9eabeba03a,1,9,train,8622751297531781178,pointer,V,C,,,I,False,True,,,-11.1875,7.5,0.019583882347039522,,C D B,C,,True,,1.1796875,0.7648916244506836,,
train-023310-77aa2a9eabeba03a,1,10,train,8622751297531781178,pointer,V,Y,,,I,False,True,,,-9.5,7.875,0.015268656497803585,,Y A L,Y,,True,,1.1328125,0.7563575506210327,,
train-023310-77aa2a9eabeba03a,1,11,train,8622751297531781178,pointer,V,K,,,I,False,True,,,-9.3125,7.5,0.0251903655485556,,K W C,K,,True,,1.0625,0.7431680560112,,
train-023310-77aa2a9eabeba03a,1,12,train,8622751297531781178,pointer,V,W,,,I,False,True,,,-10.46875,5.25,0.048518719489962024,,W M V,W,,True,,1.046875,0.740174412727356,,
train-022978-13ba08dce2929565,2,1,train,1421458377175897445,pointer,R,B,B,True,S,False,False,2.0265558760002023e-06,13.4375,-19.109375,13.4375,3.0666060855229785e-05,1,B C R,B,True,True,2.3841830625315197e-06,-0.447265625,0.3900110721588135,False,0.4943144917488098
train-022978-13ba08dce2929565,2,2,train,1421458377175897445,pointer,R,S,S,True,S,True,False,5.006777428206988e-06,13.5625,13.5625,13.5625,7.913112242972665e-05,1,S T C,S,True,True,8.22540732769994e-06,-0.34375,0.4148988723754883,True,0.8797205090522766
train-022978-13ba08dce2929565,2,3,train,1421458377175897445,pointer,R,M,,,S,False,True,,,-10.25,9.5,0.004603004685686319,,M N L,M,,True,,0.033203125,0.5083000063896179,,
train-022978-13ba08dce2929565,2,4,train,1421458377175897445,pointer,R,R,,,S,False,True,,,-9.75,9.6875,0.00696811465057694,,R C A,R,,True,,0.3828125,0.5945512652397156,,
train-022978-13ba08dce2929565,2,5,train,1421458377175897445,pointer,R,B,,,S,False,True,,,-9.5625,9.0625,0.005410801468542415,,B C S,B,,True,,0.625,0.6513549089431763,,
train-022978-13ba08dce2929565,2,6,train,1421458377175897445,pointer,R,S,,,S,True,True,,,7.25,7.25,0.026016658512551062,,S R T,S,,True,,0.8359375,0.6976089477539062,,
train-022978-13ba08dce2929565,2,7,train,1421458377175897445,pointer,R,M,,,S,False,True,,,-7.0625,7.0,0.05903778649783768,,M L S,M,,True,,0.9453125,0.7201715111732483,,
train-022978-13ba08dce2929565,2,8,train,1421458377175897445,pointer,R,R,,,S,False,True,,,-8.9375,8.9375,0.012192725161911805,,R S C,R,,True,,1.046875,0.740174412727356,,
train-022978-13ba08dce2929565,2,9,train,1421458377175897445,pointer,R,B,,,S,False,True,,,-9.375,8.875,0.006322822519399705,,B C S,B,,True,,1.078125,0.7461389899253845,,
train-022978-13ba08dce2929565,2,10,train,1421458377175897445,pointer,R,S,,,S,True,True,,,7.125,7.125,0.029208150127851322,,S R T,S,,True,,1.1328125,0.7563575506210327,,
train-022978-13ba08dce2929565,2,11,train,1421458377175897445,pointer,R,M,,,S,False,True,,,-7.0625,6.9375,0.05979784236582372,,M L S,M,,True,,1.140625,0.7577943801879883,,
train-022978-13ba08dce2929565,2,12,train,1421458377175897445,pointer,R,R,,,S,False,True,,,-8.9375,8.9375,0.012322400430091246,,R S C,R,,True,,1.171875,0.7634837031364441,,
train-027047-98f17e966822d0ca,3,1,train,11020728947609620682,pointer,D,C,C,True,R,False,False,1.9311717551317997e-05,11.4375,-13.875,11.4375,0.00025994364896669934,1,C A D,C,True,True,1.1920928244535389e-07,-0.2890625,0.42823341488838196,False,0.5590243935585022
train-027047-98f17e966822d0ca,3,2,train,11020728947609620682,pointer,D,E,E,True,R,False,False,3.433168603805825e-05,11.0625,-13.96875,11.0625,0.0004491277324568874,1,E D C,E,True,True,6.556489552167477e-06,-0.3046875,0.42441198229789734,False,0.5523631572723389
train-027047-98f17e966822d0ca,3,3,train,11020728947609620682,pointer,D,R,R,True,R,True,False,0.0017602439038455486,7.0,7.0,7.0,0.01651590848690378,1,R E T,R,True,True,0.10100505501031876,0.0595703125,0.5148881673812866,True,0.6638055443763733
train-027047-98f17e966822d0ca,3,4,train,11020728947609620682,pointer,D,C,,,R,False,True,,,-9.75,7.6875,0.02215538132194301,,C E D,C,,True,,0.44140625,0.6085940599441528,,
train-027047-98f17e966822d0ca,3,5,train,11020728947609620682,pointer,D,E,,,R,False,True,,,-8.625,7.6875,0.021330256219186595,,E A D,E,,True,,0.703125,0.66888028383255,,
train-027047-98f17e966822d0ca,3,6,train,11020728947609620682,pointer,D,R,,,R,True,True,,,6.9375,6.9375,0.051092486174586,,R T P,R,,True,,0.859375,0.7025300860404968,,
train-027047-98f17e966822d0ca,3,7,train,11020728947609620682,pointer,D,C,,,R,False,True,,,-9.5,7.0625,0.03831727761382488,,C E D,C,,True,,1.0390625,0.7386690378189087,,
train-027047-98f17e966822d0ca,3,8,train,11020728947609620682,pointer,D,E,,,R,False,True,,,-8.5625,7.625,0.022921493349607195,,E A D,E,,True,,1.125,0.7549149990081787,,
train-027047-98f17e966822d0ca,3,9,train,11020728947609620682,pointer,D,R,,,R,True,True,,,6.875,6.875,0.05267458188004137,,R T P,R,,True,,1.140625,0.7577943801879883,,
train-027047-98f17e966822d0ca,3,10,train,11020728947609620682,pointer,D,C,,,R,False,True,,,-9.5,7.0625,0.03751770303507531,,C E D,C,,True,,1.21875,0.7718434929847717,,
train-027047-98f17e966822d0ca,3,11,train,11020728947609620682,pointer,D,E,,,R,False,True,,,-8.5625,7.625,0.022958772979191962,,E A D,E,,True,,1.25,0.7772998809814453,,
train-027047-98f17e966822d0ca,3,12,train,11020728947609620682,pointer,D,R,,,R,True,True,,,6.875,6.875,0.05356868639802784,,R T P,R,,True,,1.21875,0.7718434929847717,,
train-025995-6972db8fde5b4f70,4,1,train,7598376932284780400,pointer,F,A,A,True,R,False,False,1.4305104514278355e-06,14.5625,-17.9375,14.5625,2.3568367582339433e-05,1,A B I,A,True,True,2.9802276912960224e-06,-0.40625,0.39981165528297424,False,0.5105117559432983
train-025995-6972db8fde5b4f70,4,2,train,7598376932284780400,pointer,F,H,H,True,R,False,False,6.389413465512916e-05,10.9375,-14.96875,10.9375,0.0008337850976455934,1,H I O,H,True,True,6.437280717364047e-06,-0.400390625,0.4012185037136078,False,0.512858510017395
train-025995-6972db8fde5b4f70,4,3,train,7598376932284780400,pointer,F,N,N,True,R,False,False,8.940297266235575e-05,11.625,-11.75,11.625,0.0011831655082917127,1,N M O,N,True,True,0.002714879112318158,-0.016357421875,0.49591073393821716,False,0.6850019097328186
train-025995-6972db8fde5b4f70,4,4,train,7598376932284780400,pointer,F,R,R,True,R,True,False,0.0009751332108862698,8.125,8.125,8.125,0.010245464486474636,1,R D C,R,True,True,0.29847002029418945,0.35546875,0.5879431366920471,True,0.5311251282691956
train-025995-6972db8fde5b4f70,4,5,train,7598376932284780400,pointer,F,N,,,R,False,True,,,-10.6875,7.75,0.0344237826322761,,N M K,N,,True,,0.45703125,0.6123096346855164,,
train-025995-6972db8fde5b4f70,4,6,train,7598376932284780400,pointer,F,R,,,R,True,True,,,8.625,8.625,0.011834649546999455,,R C D,R,,True,,0.703125,0.66888028383255,,
train-025995-6972db8fde5b4f70,4,7,train,7598376932284780400,pointer,F,N,,,R,False,True,,,-10.6875,7.6875,0.036622631309089895,,N K M,N,,True,,0.703125,0.66888028383255,,
train-025995-6972db8fde5b4f70,4,8,train,7598376932284780400,pointer,F,R,,,R,True,True,,,8.75,8.75,0.010649005888718525,,R C D,R,,True,,0.8828125,0.7074047327041626,,
train-025995-6972db8fde5b4f70,4,9,train,7598376932284780400,pointer,F,N,,,R,False,True,,,-10.65625,7.625,0.03743403091208833,,N K M,N,,True,,0.83203125,0.696784257888794,,
train-025995-6972db8fde5b4f70,4,10,train,7598376932284780400,pointer,F,R,,,R,True,True,,,8.5625,8.5625,0.012075278174676669,,R C D,R,,True,,0.96875,0.7248703241348267,,
train-025995-6972db8fde5b4f70,4,11,train,7598376932284780400,pointer,F,N,,,R,False,True,,,-10.59375,7.625,0.03910350519741779,,N K M,N,,True,,0.88671875,0.7082125544548035,,
train-025995-6972db8fde5b4f70,4,12,train,7598376932284780400,pointer,F,R,,,R,True,True,,,8.6875,8.6875,0.010766079072120687,,R C D,R,,True,,1.0078125,0.7325918078422546,,
train-030946-0b1c810a2e9eca08,5,1,train,800656714496920072,pointer,F,H,H,True,Z,False,False,3.099436753473128e-06,13.9375,-18.837890625,13.9375,5.118816194707863e-05,1,H M A,H,True,True,4.768370445162873e-07,-0.396484375,0.4021573066711426,False,0.5144276022911072
train-030946-0b1c810a2e9eca08,5,2,train,800656714496920072,pointer,F,O,O,True,Z,False,False,3.099436753473128e-06,13.9375,-19.03125,13.9375,4.826576038312287e-05,1,O P Q,O,True,True,1.9907753085135482e-05,-0.322265625,0.4201236963272095,False,0.5449404716491699
train-030946-0b1c810a2e9eca08,5,3,train,800656714496920072,pointer,F,N,N,True,Z,False,False,0.0006899837171658874,9.3125,-9.9375,9.3125,0.0077236598785144685,1,N M K,N,True,True,0.042077500373125076,0.0008087158203125,0.5002021789550781,False,0.6935516595840454
train-030946-0b1c810a2e9eca08,5,4,train,800656714496920072,pointer,F,M,M,True,Z,False,False,0.015435989014804363,4.5625,-8.5625,4.5625,0.10406775249868716,1,M G D,M,True,True,0.1720401793718338,0.400390625,0.5987815260887146,False,0.913249135017395
train-030946-0b1c810a2e9eca08,5,5,train,800656714496920072,pointer,F,Z,Z,True,Z,True,False,0.004838543478399515,7.3125,7.3125,7.3125,0.04454498406648968,1,Z U X,Z,True,True,0.2874208092689514,0.640625,0.6548947095870972,True,0.42328080534935
train-030946-0b1c810a2e9eca08,5,6,train,800656714496920072,pointer,F,G,,,Z,False,True,,,-11.03125,8.25,0.024768671493475496,,G U F,G,,True,,0.8515625,0.700894832611084,,
train-030946-0b1c810a2e9eca08,5,7,train,800656714496920072,pointer,F,W,,,Z,False,True,,,-8.0,7.5625,0.03508199581000878,,W S O,W,,True,,0.96875,0.7248703241348267,,
train-030946-0b1c810a2e9eca08,5,8,train,800656714496920072,pointer,F,X,,,Z,False,True,,,-9.09375,7.5,0.039805866969512375,,X E V,X,,True,,1.078125,0.7461389899253845,,
train-030946-0b1c810a2e9eca08,5,9,train,800656714496920072,pointer,F,V,,,Z,False,True,,,-7.1875,5.125,0.25604637319999374,,V J F,V,,True,,1.1484375,0.7592254281044006,,
train-030946-0b1c810a2e9eca08,5,10,train,800656714496920072,pointer,F,J,,,Z,False,True,,,-10.375,7.875,0.02216481592607832,,J Y T,J,,True,,1.109375,0.7520126104354858,,
train-030946-0b1c810a2e9eca08,5,11,train,800656714496920072,pointer,F,T,,,Z,False,True,,,-10.53125,7.6875,0.03989838903840082,,T D P,T,,True,,1.109375,0.7520126104354858,,
train-030946-0b1c810a2e9eca08,5,12,train,800656714496920072,pointer,F,P,,,Z,False,True,,,-10.25,8.1875,0.01693045933730082,,P M C,P,,True,,1.1171875,0.7534666657447815,,
train-018032-ffcd7200291d2b07,6,1,train,18432514194912652039,pointer,L,O,O,True,E,False,False,3.4570634852570947e-06,13.3125,-16.40625,13.3125,5.298004084209766e-05,1,O A P,O,True,True,1.1920922133867862e-06,-0.5078125,0.3757064640522003,False,0.47113466262817383
train-018032-ffcd7200291d2b07,6,2,train,18432514194912652039,pointer,L,H,H,True,E,False,False,3.1470757676288486e-05,11.0625,-16.875,11.0625,0.00041830854258775895,1,H O I,H,True,True,1.645074735279195e-05,-0.46484375,0.3858373761177063,False,0.4874955415725708
train-018032-ffcd7200291d2b07,6,3,train,18432514194912652039,pointer,L,K,K,True,E,False,False,0.0005606033373624086,8.25,-12.8125,8.25,0.005958303685387903,1,K R Q,K,True,True,0.0007024919614195824,-0.09130859375,0.47718870639801025,False,0.6485347151756287
train-018032-ffcd7200291d2b07,6,4,train,18432514194912652039,pointer,L,A,A,True,E,False,False,0.004205075558274984,6.9375,-7.875,6.9375,0.03777742977029742,1,A B D,A,True,True,0.05011722818017006,0.169921875,0.5423785448074341,False,0.7817129492759705
train-018032-ffcd7200291d2b07,6,5,train,18432514194912652039,pointer,L,N,N,True,E,False,False,0.001007645158097148,8.625,-10.5625,8.625,0.010816659765594315,1,N O A,N,True,True,0.001401038491167128,0.39453125,0.5973730087280273,False,0.9097447991371155
train-018032-ffcd7200291d2b07,6,6,train,18432514194912652039,pointer,L,E,E,True,E,True,False,0.003768486902117729,6.3125,6.3125,6.3125,0.0327424922076661,1,E D A,E,True,True,0.10291042178869247,0.55859375,0.6361271142959595,True,0.45235687494277954
train-018032-ffcd7200291d2b07,6,7,train,18432514194912652039,pointer,L,T,,,E,False,True,,,-11.78125,7.25,0.02283420512786454,,T Q S,T,,True,,0.6875,0.665410578250885,,
train-018032-ffcd7200291d2b07,6,8,train,18432514194912652039,pointer,L,B,,,E,False,True,,,-9.5625,7.875,0.015056986255615154,,B C A,B,,True,,0.87890625,0.7065955400466919,,
train-018032-ffcd7200291d2b07,6,9,train,18432514194912652039,pointer,L,Z,,,E,False,True,,,-10.71875,7.6875,0.035955373715493566,,Z R A,Z,,True,,1.1015625,0.7505527138710022,,
train-018032-ffcd7200291d2b07,6,10,train,18432514194912652039,pointer,L,C,,,E,False,True,,,-11.0625,8.625,0.013783676590694393,,C L D,C,,True,,1.125,0.7549149990081787,,
train-018032-ffcd7200291d2b07,6,11,train,18432514194912652039,pointer,L,W,,,E,False,True,,,-7.9375,7.1875,0.05284479189191608,,W D A,W,,True,,1.1640625,0.7620701193809509,,
train-018032-ffcd7200291d2b07,6,12,train,18432514194912652039,pointer,L,I,,,E,False,True,,,-6.5625,6.25,0.1065025911125631,,I D L,I,,True,,1.21875,0.7718434929847717,,
train-035304-861d797911c2a0e4,8,1,train,9664013936302924004,pointer,B,J,J,True,B,False,False,1.0728830375228426e-06,14.84375,-15.5625,14.84375,1.8919149228321784e-05,1,J K B,J,True,True,5.483612312673358e-06,-0.5859375,0.3575674891471863,False,0.4424935579299927
train-035304-861d797911c2a0e4,8,2,train,9664013936302924004,pointer,B,B,B,True,B,True,False,2.50339189733495e-06,12.9375,12.9375,12.9375,3.7467976735825384e-05,1,B C A,B,True,True,1.2159273865108844e-05,-0.54296875,0.3674972355365753,False,0.4580707550048828
train-035304-861d797911c2a0e4,8,3,train,9664013936302924004,pointer,B,J,J,True,B,False,False,0.0003057250869460404,8.25,-11.9375,8.25,0.0030264967713886787,1,J K B,J,True,True,0.0023478104267269373,-0.11767578125,0.4706149399280548,False,0.6360392570495605
train-035304-861d797911c2a0e4,8,4,train,9664013936302924004,pointer,B,B,B,True,B,True,False,0.0017116909148171544,6.75,6.75,6.75,0.014620908917812508,1,B C M,B,True,True,0.9413139820098877,0.248046875,0.5616956949234009,False,0.8248418569564819
train-035304-861d797911c2a0e4,8,5,train,9664013936302924004,pointer,B,J,J,True,B,False,False,0.003035701345652342,6.0625,-9.5,6.0625,0.02429017973822405,1,J K D,J,True,True,0.004191186279058456,0.53515625,0.6306849718093872,False,0.9961051344871521
train-035304-861d797911c2a0e4,8,6,train,9664013936302924004,pointer,B,B,B,True,B,True,False,0.0029103087726980448,6.0625,6.0625,6.0625,0.02259757147690835,1,B C M,B,True,True,0.5714931488037109,0.71484375,0.671470582485199,False,1.113128900527954
train-035304-861d797911c2a0e4,8,7,train,9664013936302924004,pointer,B,J,J,True,B,False,False,0.003107482800260186,6.0625,-9.3125,6.0625,0.02501793032946307,1,J K B,J,True,True,0.004155453760176897,0.859375,0.7025300860404968,False,1.21244215965271
train-035304-861d797911c2a0e4,8,8,train,9664013936302924004,pointer,B,B,B,True,B,True,False,0.002920768689364195,6.0625,6.0625,6.0625,0.022710048491276797,1,B C M,B,True,True,0.5846465826034546,0.9375,0.7185943722724915,True,0.3304581940174103
train-035304-861d797911c2a0e4,8,9,train,9664013936302924004,pointer,B,J,,,B,False,True,,,-9.3125,6.0,0.02589513335910863,,J K B,J,,True,,1.0078125,0.7325918078422546,,
train-035304-861d797911c2a0e4,8,10,train,9664013936302924004,pointer,B,B,,,B,True,True,,,6.0625,6.0625,0.0225761269041159,,B C M,B,,True,,1.03125,0.7371581792831421,,
train-035304-861d797911c2a0e4,8,11,train,9664013936302924004,pointer,B,J,,,B,False,True,,,-9.25,5.9375,0.027407586085529515,,J K B,J,,True,,1.0703125,0.7446563243865967,,
train-035304-861d797911c2a0e4,8,12,train,9664013936302924004,pointer,B,B,,,B,True,True,,,6.125,6.125,0.021765999384689406,,B C M,B,,True,,1.0703125,0.7446563243865967,,
train-026224-313af4c6f8dc8c97,10,1,train,3547416791923592343,pointer,Q,W,W,True,Q,False,False,8.821448318485636e-06,12.25,-17.78125,12.25,0.0001264352080684088,1,W V A,W,True,True,2.3841830625315197e-06,-0.359375,0.41111087799072266,False,0.5295173525810242
train-026224-313af4c6f8dc8c97,10,2,train,3547416791923592343,pointer,Q,Z,Z,True,Q,False,False,7.319182623177767e-05,9.875,-13.6875,9.875,0.0008635000457900629,1,Z X U,Z,True,True,2.8490614567999728e-05,-0.279296875,0.43062615394592285,False,0.5632180571556091
train-026224-313af4c6f8dc8c97,10,3,train,3547416791923592343,pointer,Q,T,T,True,Q,False,False,7.903263758635148e-05,11.1875,-14.625,11.1875,0.0010395942323198992,1,T R P,T,True,True,0.0030455656815320253,0.048828125,0.5122045874595642,False,0.7178592085838318
train-026224-313af4c6f8dc8c97,10,4,train,3547416791923592343,pointer,Q,L,L,True,Q,False,False,0.0015869655180722475,8.1875,-9.1875,8.1875,0.01641098604557771,1,L N A,L,True,True,0.0039046963211148977,0.45703125,0.6123096346855164,False,0.9475483894348145
train-026224-313af4c6f8dc8c97,10,5,train,3547416791923592343,pointer,Q,Q,Q,True,Q,True,False,0.001022769371047616,8.3125,8.3125,8.3125,0.010848664417603671,1,Q A P,Q,True,True,0.030945153906941414,0.6953125,0.6671476364135742,False,1.1000564098358154
train-026224-313af4c6f8dc8c97,10,6,train,3547416791923592343,pointer,Q,W,W,True,Q,False,False,0.003152522025629878,7.3125,-9.5625,7.3125,0.029748337408268908,1,W X V,W,True,True,0.0015764916315674782,0.93359375,0.7178038358688354,False,1.2651526927947998
train-026224-313af4c6f8dc8c97,10,7,train,3547416791923592343,pointer,Q,Z,Z,True,Q,False,False,0.003671692218631506,7.5,-8.0625,7.5,0.03487871243980177,1,Z T F,Z,True,True,0.4855225086212158,1.0390625,0.7386690378189087,False,1.3419678211212158
train-026224-313af4c6f8dc8c97,10,8,train,3547416791923592343,pointer,Q,T,T,True,Q,False,False,0.0029226704500615597,7.625,-10.40625,7.625,0.02792267184123596,1,T P S,T,True,True,0.0038302408065646887,1.078125,0.7461389899253845,False,1.3709683418273926
train-026224-313af4c6f8dc8c97,10,9,train,3547416791923592343,pointer,Q,L,L,True,Q,False,False,0.003963117022067308,7.75,-8.625,7.75,0.0377766182400705,1,L N A,L,True,True,0.027320576831698418,1.1875,0.7662936449050903,False,1.4536898136138916
train-026224-313af4c6f8dc8c97,10,10,train,3547416791923592343,pointer,Q,Q,Q,True,Q,True,False,0.0015174552099779248,8.0625,8.0625,8.0625,0.015605786269108397,1,Q A P,Q,True,True,0.05611751228570938,1.21875,0.7718434929847717,True,0.25897347927093506
train-026224-313af4c6f8dc8c97,10,11,train,3547416791923592343,pointer,Q,W,,,Q,False,True,,,-9.375,7.3125,0.030663513657018106,,W X V,W,,True,,1.2734375,0.7813306450843811,,
train-026224-313af4c6f8dc8c97,10,12,train,3547416791923592343,pointer,Q,Z,,,Q,False,True,,,-8.0625,7.5,0.034713088654160645,,Z T F,Z,,True,,1.25,0.7772998809814453,,
train-026081-f3d0094b2f6203a7,12,1,train,17568552364894454695,pointer,F,N,N,True,G,False,False,4.529942543740617e-06,13.75,-16.890625,13.75,7.070336594509294e-05,1,N M Q,N,True,True,2.264974000354414e-06,-0.423828125,0.3956010639667511,False,0.5035208463668823
train-026081-f3d0094b2f6203a7,12,2,train,17568552364894454695,pointer,F,D,D,True,G,False,False,4.708655978902243e-05,10.5,-14.375,10.5,0.0005918763266741788,1,D C B,D,True,True,0.0001532914029667154,-0.41796875,0.3970029056072235,False,0.505842924118042
train-026081-f3d0094b2f6203a7,12,3,train,17568552364894454695,pointer,F,S,S,True,G,False,False,0.0003524397616274655,9.3125,-12.59375,9.3125,0.004083214403389179,1,S R T,S,True,True,0.0005460678366944194,-0.059814453125,0.48505085706710815,False,0.6636871099472046
train-026081-f3d0094b2f6203a7,12,4,train,17568552364894454695,pointer,F,X,X,True,G,False,False,0.002284300047904253,8.25,-9.25,8.25,0.023082716294169827,1,X A L,X,True,True,0.09738532453775406,0.255859375,0.5636181831359863,False,0.8292376399040222
train-026081-f3d0094b2f6203a7,12,5,train,17568552364894454695,pointer,F,G,G,True,G,True,False,0.003493992844596505,7.5625,7.5625,7.5625,0.033400634431330525,1,G S K,M,False,False,1.7511699199676514,0.62109375,0.6504672765731812,False,1.05115807056427
train-026081-f3d0094b2f6203a7,12,6,train,17568552364894454695,pointer,F,C,C,True,G,False,False,0.01147385872900486,4.875,-9.625,4.875,0.08061964047915904,1,C S D,C,True,True,0.16730880737304688,0.8125,0.6926419734954834,False,1.1797420978546143
train-026081-f3d0094b2f6203a7,12,7,train,17568552364894454695,pointer,F,M,M,True,G,False,False,0.0050423359498381615,7.0,-9.53125,7.0,0.04549432951733739,1,M N S,M,True,True,0.002218168694525957,0.8984375,0.7106282711029053,False,1.24004328250885
train-026081-f3d0094b2f6203a7,12,8,train,17568552364894454695,pointer,F,N,N,True,G,False,False,0.0007460909546352923,9.25,-11.46875,9.25,0.008377163973003697,1,N A B,N,True,True,0.007502593565732241,0.97265625,0.7256485819816589,False,1.29334557056427
train-026081-f3d0094b2f6203a7,12,9,train,17568552364894454695,pointer,F,D,D,True,G,False,False,0.030062567442655563,5.0625,-7.8125,5.0625,0.21265986668329276,1,D E L,D,True,True,0.053610432893037796,1.0390625,0.7386690378189087,False,1.3419678211212158
train-026081-f3d0094b2f6203a7,12,10,train,17568552364894454695,pointer,F,S,S,True,G,False,False,0.004136221949011087,7.3125,-9.8125,7.3125,0.03874189714068801,1,S T R,S,True,True,0.001210195361636579,1.0390625,0.7386690378189087,False,1.3419678211212158
train-026081-f3d0094b2f6203a7,12,11,train,17568552364894454695,pointer,F,X,X,True,G,False,False,0.003271111287176609,8.0,-8.9375,8.0,0.03192885984170269,1,X A L,X,True,True,0.09526186436414719,1.046875,0.740174412727356,False,1.3477444648742676
train-026081-f3d0094b2f6203a7,12,12,train,17568552364894454695,pointer,F,G,G,True,G,True,False,0.003979265224188566,7.4375,7.4375,7.4375,0.037525755398802776,1,G S K,M,False,False,1.8210865259170532,1.1484375,0.7592254281044006,True,0.27545657753944397
train-031041-98064af06d1fae93,1,1,train,10954525540108709523,pointer,K,C,C,True,C,True,False,1.1444026313256472e-05,12.5625,12.5625,12.5625,0.0001628646637595342,1,C Q D,C,True,True,2.3841855067985307e-07,0.10498046875,0.5262210369110107,True,0.6420339345932007
train-031041-98064af06d1fae93,1,2,train,10954525540108709523,pointer,K,Q,,,C,False,True,,,-13.8125,10.5,0.0004383917149464754,,Q K O,Q,,True,,-0.06787109375,0.4830387234687805,,
train-031041-98064af06d1fae93,1,3,train,10954525540108709523,pointer,K,K,,,C,False,True,,,-11.875,10.625,0.0008337077281012639,,K Q C,K,,True,,0.19140625,0.5477060079574585,,
train-031041-98064af06d1fae93,1,4,train,10954525540108709523,pointer,K,C,,,C,True,True,,,10.0625,10.0625,0.0025035374825944103,,C D B,C,,True,,0.49609375,0.621540904045105,,
train-031041-98064af06d1fae93,1,5,train,10954525540108709523,pointer,K,Q,,,C,False,True,,,-9.8125,8.125,0.012177197657790387,,Q O K,Q,,True,,0.64453125,0.6557770371437073,,
train-031041-98064af06d1fae93,1,6,train,10954525540108709523,pointer,K,K,,,C,False,True,,,-8.625,8.625,0.014013034018985947,,K C Q,K,,True,,0.8046875,0.6909762620925903,,
train-031041-98064af06d1fae93,1,7,train,10954525540108709523,pointer,K,C,,,C,True,True,,,9.4375,9.4375,0.004438414067719972,,C D B,C,,True,,0.94921875,0.7209580540657043,,
train-031041-98064af06d1fae93,1,8,train,10954525540108709523,pointer,K,Q,,,C,False,True,,,-9.65625,8.0,0.01364127135102166,,Q O K,Q,,True,,0.9765625,0.7264255881309509,,
train-031041-98064af06d1fae93,1,9,train,10954525540108709523,pointer,K,K,,,C,False,True,,,-8.625,8.625,0.014252635106632902,,K C Q,K,,True,,1.03125,0.7371581792831421,,
train-031041-98064af06d1fae93,1,10,train,10954525540108709523,pointer,K,C,,,C,True,True,,,9.4375,9.4375,0.004484029987232705,,C D B,C,,True,,1.09375,0.7490872144699097,,
train-031041-98064af06d1fae93,1,11,train,10954525540108709523,pointer,K,Q,,,C,False,True,,,-9.65625,8.0,0.013612509897983424,,Q O K,Q,,True,,1.078125,0.7461389899253845,,
train-031041-98064af06d1fae93,1,12,train,10954525540108709523,pointer,K,K,,,C,False,True,,,-8.625,8.625,0.01406148964109958,,K C Q,K,,True,,1.09375,0.7490872144699097,,
train-012970-ffb20a14f8264d55,2,1,train,18424800110705003861,pointer,C,D,D,True,J,False,False,1.9073468138230965e-06,14.15625,-15.65625,14.15625,3.0778026238154914e-05,1,D C A,D,True,True,1.0490362910786644e-05,-0.330078125,0.4182216227054596,False,0.5416656732559204
train-012970-ffb20a14f8264d55,2,2,train,18424800110705003861,pointer,C,J,J,True,J,True,False,1.168244216387393e-05,12.3125,12.3125,12.3125,0.00016643274242642982,1,J D C,J,True,True,2.288792165927589e-05,-0.36328125,0.4101654887199402,True,0.8911945223808289
train-012970-ffb20a14f8264d55,2,3,train,18424800110705003861,pointer,C,H,,,J,False,True,,,-12.6875,9.125,0.009859874884963038,,H D X,H,,True,,0.01336669921875,0.5033416152000427,,
train-012970-ffb20a14f8264d55,2,4,train,18424800110705003861,pointer,C,L,,,J,False,True,,,-10.15625,7.9375,0.023717263660661115,,L N D,L,,True,,0.392578125,0.5969031453132629,,
train-012970-ffb20a14f8264d55,2,5,train,18424800110705003861,pointer,C,Y,,,J,False,True,,,-9.0625,5.9375,0.06752949710230169,,Y U A,Y,,True,,0.474609375,0.6164741516113281,,
train-012970-ffb20a14f8264d55,2,6,train,18424800110705003861,pointer,C,B,,,J,False,True,,,-9.3125,6.875,0.03359115290501912,,B A C,B,,True,,0.65625,0.6584175229072571,,
train-012970-ffb20a14f8264d55,2,7,train,18424800110705003861,pointer,C,R,,,J,False,True,,,-9.25,6.6875,0.04546843284559805,,R Q C,R,,True,,0.91796875,0.7146279811859131,,
train-012970-ffb20a14f8264d55,2,8,train,18424800110705003861,pointer,C,T,,,J,False,True,,,-9.75,7.25,0.05130726767608785,,T P S,T,,True,,1.015625,0.7341195344924927,,
train-012970-ffb20a14f8264d55,2,9,train,18424800110705003861,pointer,C,W,,,J,False,True,,,-10.90625,7.75,0.02483306645463793,,W V A,W,,True,,1.1171875,0.7534666657447815,,
train-012970-ffb20a14f8264d55,2,10,train,18424800110705003861,pointer,C,F,,,J,False,True,,,-10.375,8.25,0.012418840908297164,,F T C,F,,True,,1.1875,0.7662936449050903,,
train-012970-ffb20a14f8264d55,2,11,train,18424800110705003861,pointer,C,A,,,J,False,True,,,-10.4375,6.5,0.060284163765898104,,A S F,A,,True,,1.1640625,0.7620701193809509,,
train-012970-ffb20a14f8264d55,2,12,train,18424800110705003861,pointer,C,C,,,J,False,True,,,-12.375,7.1875,0.011089315841054374,,C A D,C,,True,,1.171875,0.7634837031364441,,
train-021881-2be446dd51237528,3,1,train,3162730754683925800,pointer,B,P,P,True,J,False,False,1.5497195136049413e-06,15.03125,-16.65625,15.03125,2.5189136798149633e-05,1,P C G,P,True,True,2.50339189733495e-06,-0.458984375,0.38722676038742065,False,0.4897603988647461
train-021881-2be446dd51237528,3,2,train,3162730754683925800,pointer,B,S,S,True,J,False,False,3.4570634852570947e-06,13.875,-18.9375,13.875,5.4663857113648e-05,1,S T U,S,True,True,1.5735502529423684e-05,-0.38671875,0.40450745820999146,False,0.5183663964271545
train-021881-2be446dd51237528,3,3,train,3162730754683925800,pointer,B,J,J,True,J,True,False,0.0002549561613705009,10.3125,10.3125,10.3125,0.0030783102485501465,1,J U A,J,True,True,0.0031042741611599922,-0.05712890625,0.4857217073440552,True,0.7221195697784424
train-021881-2be446dd51237528,3,4,train,3162730754683925800,pointer,B,K,,,J,False,True,,,-12.5,8.625,0.003965134403787328,,K R U,K,,True,,0.265625,0.5660185217857361,,
train-021881-2be446dd51237528,3,5,train,3162730754683925800,pointer,B,R,,,J,False,True,,,-10.3125,8.5,0.011623467272256686,,R C D,R,,True,,0.58984375,0.6433292627334595,,
train-021881-2be446dd51237528,3,6,train,3162730754683925800,pointer,B,L,,,J,False,True,,,-9.78125,7.3125,0.040363154539968124,,L T N,L,,True,,0.828125,0.6959583163261414,,
train-021881-2be446dd51237528,3,7,train,3162730754683925800,pointer,B,B,,,J,False,True,,,-11.6875,8.4375,0.011571757404705686,,B C A,L,,False,,0.97265625,0.7256485819816589,,
train-021881-2be446dd51237528,3,8,train,3162730754683925800,pointer,B,P,,,J,False,True,,,-11.0,8.875,0.010606757399586603,,P A C,P,,True,,1.0234375,0.735641598701477,,
train-021881-2be446dd51237528,3,9,train,3162730754683925800,pointer,B,S,,,J,False,True,,,-10.6875,7.5,0.02527941268197104,,S R U,S,,True,,1.0546875,0.74167400598526,,
train-021881-2be446dd51237528,3,10,train,3162730754683925800,pointer,B,J,,,J,True,True,,,7.3125,7.3125,0.0511864489026011,,J K Q,J,,True,,1.0703125,0.7446563243865967,,
train-021881-2be446dd51237528,3,11,train,3162730754683925800,pointer,B,K,,,J,False,True,,,-11.4375,7.875,0.00887571831007715,,K R U,K,,True,,1.078125,0.7461389899253845,,
train-021881-2be446dd51237528,3,12,train,3162730754683925800,pointer,B,R,,,J,False,True,,,-10.125,8.3125,0.013928126585801616,,R C D,R,,True,,1.1484375,0.7592254281044006,,
train-018354-7a90cb4389406756,4,1,train,8831782360199489366,pointer,F,I,I,True,H,False,False,3.4570634852570947e-06,14.4375,-18.296875,14.4375,5.6294370278806924e-05,1,I O M,I,True,True,1.5497195136049413e-06,-0.3828125,0.4054487347602844,False,0.5199483633041382
train-018354-7a90cb4389406756,4,2,train,8831782360199489366,pointer,F,N,N,True,H,False,False,4.6491513785440475e-06,13.6875,-18.0,13.6875,7.168555017478716e-05,1,N O S,N,True,True,1.680836794548668e-05,-0.314453125,0.42202815413475037,False,0.5482301115989685
train-018354-7a90cb4389406756,4,3,train,8831782360199489366,pointer,F,W,W,True,H,False,False,8.427741704508662e-05,10.75,-14.78125,10.75,0.0010991793299092532,1,W L X,W,True,True,0.03090805374085903,-0.0615234375,0.4846239387989044,False,0.6628585457801819
train-018354-7a90cb4389406756,4,4,train,8831782360199489366,pointer,F,H,H,True,H,True,False,0.002235058695077896,7.875,7.875,7.875,0.02234636117677448,1,H L X,H,True,True,0.02148963324725628,0.404296875,0.5997195839881897,True,0.5112930536270142
train-018354-7a90cb4389406756,4,5,train,8831782360199489366,pointer,F,A,,,H,False,True,,,-9.84375,6.4375,0.05155490042078218,,A D B,A,,True,,0.59765625,0.6451199054718018,,
train-018354-7a90cb4389406756,4,6,train,8831782360199489366,pointer,F,E,,,H,False,True,,,-10.75,7.3125,0.019454936302165205,,E A D,E,,True,,0.7265625,0.6740504503250122,,
train-018354-7a90cb4389406756,4,7,train,8831782360199489366,pointer,F,Y,,,H,False,True,,,-12.0,9.6875,0.0043039828634944405,,Y A I,Y,,True,,0.8359375,0.6976089477539062,,
train-018354-7a90cb4389406756,4,8,train,8831782360199489366,pointer,F,J,,,H,False,True,,,-11.0,7.5,0.02152089830851368,,J E I,J,,True,,0.87109375,0.7049732804298401,,
train-018354-7a90cb4389406756,4,9,train,8831782360199489366,pointer,F,L,,,H,False,True,,,-9.125,6.5,0.08646091211598503,,L N D,L,,True,,0.96875,0.7248703241348267,,
train-018354-7a90cb4389406756,4,10,train,8831782360199489366,pointer,F,S,,,H,False,True,,,-10.625,7.5625,0.03365346807319689,,S R T,S,,True,,1.0078125,0.7325918078422546,,
train-018354-7a90cb4389406756,4,11,train,8831782360199489366,pointer,F,C,,,H,False,True,,,-10.84375,7.625,0.023688298641311806,,C R D,C,,True,,1.0625,0.7431680560112,,
train-018354-7a90cb4389406756,4,12,train,8831782360199489366,pointer,F,R,,,H,False,True,,,-10.71875,7.8125,0.02112670688507021,,R T L,R,,True,,1.0234375,0.735641598701477,,
train-015907-e7c1df0f00dd6b57,5,1,train,16699874148798524247,pointer,P,Y,Y,True,A,False,False,5.960462772236497e-07,14.9375,-18.71875,14.9375,9.882543060237409e-06,1,Y R Q,Y,True,True,4.768370445162873e-07,-0.42578125,0.3951341509819031,False,0.5027486681938171
train-015907-e7c1df0f00dd6b57,5,2,train,16699874148798524247,pointer,P,N,N,True,A,False,False,1.5497195136049413e-06,14.0,-18.78125,14.0,2.7954563551248843e-05,1,N O C,N,True,True,5.400034933700226e-05,-0.384765625,0.40497803688049316,False,0.5191568732261658
train-015907-e7c1df0f00dd6b57,5,3,train,16699874148798524247,pointer,P,F,F,True,A,False,False,8.689979586051777e-05,10.8125,-12.125,10.8125,0.0011345021488911348,1,F G C,F,True,True,0.3828836679458618,0.023681640625,0.5059201121330261,False,0.7050580978393555
train-015907-e7c1df0f00dd6b57,5,4,train,16699874148798524247,pointer,P,X,X,True,A,False,False,0.002050441922619939,8.0,-8.0,8.0,0.020685873581310504,1,X A U,X,True,True,0.0056069958955049515,0.37890625,0.5936092734336853,False,0.9004402160644531
train-015907-e7c1df0f00dd6b57,5,5,train,16699874148798524247,pointer,P,A,A,True,A,True,False,0.00636384217068553,7.0,7.0,7.0,0.056995687090152604,1,A F B,A,True,True,0.0472920686006546,0.59375,0.6442250609397888,True,0.43970704078674316
train-015907-e7c1df0f00dd6b57,5,6,train,16699874148798524247,pointer,P,U,,,A,False,True,,,-6.9375,6.9375,0.02444334728578956,,U A Y,U,,True,,0.70703125,0.6697448492050171,,
train-015907-e7c1df0f00dd6b57,5,7,train,16699874148798524247,pointer,P,C,,,A,False,True,,,-8.6875,7.625,0.02448261067908746,,C X U,C,,True,,0.8984375,0.7106282711029053,,
train-015907-e7c1df0f00dd6b57,5,8,train,16699874148798524247,pointer,P,P,,,A,False,True,,,-8.125,8.0625,0.016939493767176066,,P M A,P,,True,,0.94921875,0.7209580540657043,,
train-015907-e7c1df0f00dd6b57,5,9,train,16699874148798524247,pointer,P,Y,,,A,False,True,,,-8.25,7.625,0.03139721235809908,,Y Z K,Y,,True,,1.0234375,0.735641598701477,,
train-015907-e7c1df0f00dd6b57,5,10,train,16699874148798524247,pointer,P,N,,,A,False,True,,,-8.8125,7.875,0.03818555798488163,,N F C,N,,True,,1.03125,0.7371581792831421,,
train-015907-e7c1df0f00dd6b57,5,11,train,16699874148798524247,pointer,P,F,,,A,False,True,,,-8.9375,8.375,0.012541583850469221,,F G C,F,,True,,1.1640625,0.7620701193809509,,
train-015907-e7c1df0f00dd6b57,5,12,train,16699874148798524247,pointer,P,X,,,A,False,True,,,-7.75,7.75,0.028560987389516436,,X A U,X,,True,,1.171875,0.7634837031364441,,
train-020372-d4bfc952f0acc23f,6,1,train,15330193014654812735,pointer,P,G,G,True,N,False,False,4.768370445162873e-07,15.96875,-22.30078125,15.96875,7.32121985410142e-06,1,G C R,G,True,True,1.311301275563892e-06,-0.435546875,0.39280253648757935,False,0.4989013075828552
train-020372-d4bfc952f0acc23f,6,2,train,15330193014654812735,pointer,P,S,S,True,N,False,False,3.576272320060525e-06,14.0625,-17.875,14.0625,5.771831242526424e-05,1,S U T,S,True,True,1.9907753085135482e-05,-0.3359375,0.41679665446281433,False,0.5392193794250488
train-020372-d4bfc952f0acc23f,6,3,train,15330193014654812735,pointer,P,O,O,True,N,False,False,4.5536911784438416e-05,11.125,-11.125,11.125,0.0005981660656283857,1,O N P,O,True,True,0.004640286788344383,-0.083984375,0.4790162444114685,False,0.6520364284515381
train-020372-d4bfc952f0acc23f,6,4,train,15330193014654812735,pointer,P,J,J,True,N,False,False,0.001177571015432477,8.6875,-10.5,8.6875,0.012511277554034642,1,J X U,J,True,True,0.003377568442374468,0.275390625,0.5684158205986023,False,0.8402926921844482
train-020372-d4bfc952f0acc23f,6,5,train,15330193014654812735,pointer,P,H,H,True,N,False,False,0.0015217402251437306,8.5,-8.8125,8.5,0.015982789465835014,1,H X N,H,True,True,0.49321264028549194,0.59765625,0.6451199054718018,False,1.0359753370285034
train-020372-d4bfc952f0acc23f,6,6,train,15330193014654812735,pointer,P,N,N,True,N,True,False,0.0009835887467488647,9.125,9.125,9.125,0.010662126177207786,1,N Q C,N,True,True,0.027041450142860413,0.734375,0.6757646203041077,True,0.39191049337387085
train-020372-d4bfc952f0acc23f,6,7,train,15330193014654812735,pointer,P,R,,,N,False,True,,,-9.0625,7.75,0.021550005791296012,,R C D,R,,True,,0.78125,0.6859495043754578,,
train-020372-d4bfc952f0acc23f,6,8,train,15330193014654812735,pointer,P,K,,,N,False,True,,,-8.25,8.25,0.018241665334655807,,K N D,K,,True,,0.87109375,0.7049732804298401,,
train-020372-d4bfc952f0acc23f,6,9,train,15330193014654812735,pointer,P,Z,,,N,False,True,,,-9.5,7.3125,0.042418573601750886,,Z X Y,Z,,True,,1.015625,0.7341195344924927,,
train-020372-d4bfc952f0acc23f,6,10,train,15330193014654812735,pointer,P,C,,,N,False,True,,,-8.8125,7.4375,0.02567916210325372,,C L D,C,,True,,1.03125,0.7371581792831421,,
train-020372-d4bfc952f0acc23f,6,11,train,15330193014654812735,pointer,P,I,,,N,False,True,,,-9.625,8.625,0.009887083382749698,,I P J,I,,True,,0.96875,0.7248703241348267,,
train-020372-d4bfc952f0acc23f,6,12,train,15330193014654812735,pointer,P,L,,,N,False,True,,,-8.25,6.5625,0.05319084870820886,,L X D,L,,True,,0.98046875,0.7272012233734131,,
train-018951-3cc74311f97bca09,8,1,train,4379542907120241161,pointer,B,J,J,True,B,False,False,8.344646857949556e-07,15.3125,-15.3125,15.3125,1.6549174315538156e-05,1,J B K,J,True,True,8.344646857949556e-07,-0.59375,0.3557748794555664,False,0.43970704078674316
train-018951-3cc74311f97bca09,8,2,train,4379542907120241161,pointer,B,B,B,True,B,True,False,0.0019348012283444405,6.25,6.25,6.25,0.014067104389059911,1,B J C,B,True,True,0.0019954785238951445,-0.5703125,0.36116471886634827,False,0.4481086730957031
train-018951-3cc74311f97bca09,8,3,train,4379542907120241161,pointer,B,J,J,True,B,False,False,0.0030473482329398394,7.4375,-8.5625,7.4375,0.028631182238372393,1,J D Q,J,True,True,0.16801829636096954,-0.267578125,0.4335017800331116,False,0.5682812929153442
train-018951-3cc74311f97bca09,8,4,train,4379542907120241161,pointer,B,B,B,True,B,True,False,0.0022479044273495674,7.5625,7.5625,7.5625,0.02150026672651671,1,B J A,J,False,False,3.5705037117004395,0.0615234375,0.5153759717941284,False,0.7243819832801819
train-018951-3cc74311f97bca09,8,5,train,4379542907120241161,pointer,B,J,J,True,B,False,False,0.0013056810712441802,8.5625,-10.71875,8.5625,0.013661038893377537,1,J D L,J,True,True,0.00589027302339673,0.322265625,0.5798763036727905,False,0.8672060966491699
train-018951-3cc74311f97bca09,8,6,train,4379542907120241161,pointer,B,B,B,True,B,True,False,0.0009492897079326212,8.1875,8.1875,8.1875,0.009839931257411295,1,B A C,B,True,True,0.14619795978069305,0.515625,0.6261242032051086,False,0.983831524848938
train-018951-3cc74311f97bca09,8,7,train,4379542907120241161,pointer,B,J,J,True,B,False,False,0.0012334127677604556,8.625,-10.75,8.625,0.013000631625182389,1,J D L,J,True,True,0.005816794466227293,0.66796875,0.6610482335090637,False,1.081897258758545
train-018951-3cc74311f97bca09,8,8,train,4379542907120241161,pointer,B,B,B,True,B,True,False,0.0009265420376323164,8.1875,8.1875,8.1875,0.009617273074189055,1,B A C,B,True,True,0.09964694082736969,0.7578125,0.6808785796165466,True,0.38437125086784363
train-018951-3cc74311f97bca09,8,9,train,4379542907120241161,pointer,B,J,,,B,False,True,,,-10.8125,8.6875,0.01268043133618646,,J D L,J,,True,,0.83203125,0.696784257888794,,
train-018951-3cc74311f97bca09,8,10,train,4379542907120241161,pointer,B,B,,,B,True,True,,,8.125,8.125,0.009877796969820428,,B A C,B,,True,,0.87109375,0.7049732804298401,,
train-018951-3cc74311f97bca09,8,11,train,4379542907120241161,pointer,B,J,,,B,False,True,,,-10.78125,8.6875,0.01266435675815679,,J D L,J,,True,,0.90625,0.7122321724891663,,
train-018951-3cc74311f97bca09,8,12,train,4379542907120241161,pointer,B,B,,,B,True,True,,,8.1875,8.1875,0.009573831036589233,,B A C,B,,True,,0.91796875,0.7146279811859131,,
train-015190-27a5287bbddd9c8a,10,1,train,2856734050567953546,pointer,T,Z,Z,True,K,False,False,1.2040065485052764e-05,12.4375,-15.5,12.4375,0.00017350113538458012,1,Z X U,Z,True,True,1.311301275563892e-06,-0.36328125,0.4101654887199402,False,0.5279132723808289
train-015190-27a5287bbddd9c8a,10,2,train,2856734050567953546,pointer,T,C,C,True,K,False,False,4.410734163684538e-06,13.4375,-16.0625,13.4375,6.831948118993202e-05,1,C B A,C,True,True,1.5139465176616795e-05,-0.26953125,0.4330222010612488,False,0.567435085773468
train-015190-27a5287bbddd9c8a,10,3,train,2856734050567953546,pointer,T,B,B,True,K,False,False,0.00010084597306558862,10.1875,-12.875,10.1875,0.00121178954676156,1,B A C,B,True,True,0.007457868196070194,0.0081787109375,0.502044677734375,False,0.6972448825836182
train-015190-27a5287bbddd9c8a,10,4,train,2856734050567953546,pointer,T,M,M,True,K,False,False,0.003130656434223056,6.8125,-9.15625,6.8125,0.028735948168263806,1,M N S,M,True,True,0.0003461238811723888,0.3359375,0.5832033753395081,False,0.8751568794250488
train-015190-27a5287bbddd9c8a,10,5,train,2856734050567953546,pointer,T,N,N,True,K,False,False,0.000342191313393414,9.3125,-11.5625,9.3125,0.004009921296075498,1,N M B,N,True,True,0.009568543173372746,0.578125,0.6406359076499939,False,1.0234191417694092
train-015190-27a5287bbddd9c8a,10,6,train,2856734050567953546,pointer,T,V,V,True,K,False,False,0.0017313265707343817,7.75,-9.9375,7.75,0.017467551947837993,1,V F L,V,True,True,0.009075107984244823,0.83203125,0.696784257888794,False,1.1933107376098633
train-015190-27a5287bbddd9c8a,10,7,train,2856734050567953546,pointer,T,A,A,True,K,False,False,0.047465790063142776,4.8125,-6.9375,4.8125,0.3150927392218912,1,A L F,A,True,True,0.0878935232758522,0.96875,0.7248703241348267,False,1.2905125617980957
train-015190-27a5287bbddd9c8a,10,8,train,2856734050567953546,pointer,T,L,L,True,K,False,False,0.004355231299996376,6.9375,-9.25,6.9375,0.04001629531437127,1,L Q A,L,True,True,0.017253659665584564,1.078125,0.7461389899253845,False,1.3709683418273926
train-015190-27a5287bbddd9c8a,10,9,train,2856734050567953546,pointer,T,Q,Q,True,K,False,False,0.00020394629973452538,10.0625,-10.625,10.0625,0.0025013812623309855,1,Q O K,Q,True,True,0.5419021248817444,1.0234375,0.735641598701477,False,1.3304497003555298
train-015190-27a5287bbddd9c8a,10,10,train,2856734050567953546,pointer,T,K,K,True,K,True,False,0.002151795197278261,8.5625,8.5625,8.5625,0.02179074676800058,1,K N W,K,True,True,0.005195093806833029,1.0625,0.7431680560112,True,0.2968331575393677
train-015190-27a5287bbddd9c8a,10,11,train,2856734050567953546,pointer,T,X,,,K,False,True,,,-6.5,5.5625,0.10942656007327287,,X A Y,X,,True,,1.015625,0.7341195344924927,,
train-015190-27a5287bbddd9c8a,10,12,train,2856734050567953546,pointer,T,K,,,K,True,True,,,8.375,8.375,0.013415328850181402,,K N A,K,,True,,0.9765625,0.7264255881309509,,
train-034658-7ce362f19e5da916,12,1,train,8999145270299961622,pointer,J,M,M,True,D,False,False,1.0371154530730564e-05,13.21875,-14.34375,13.21875,0.00015730494393093467,1,M O C,M,True,True,8.344646857949556e-07,-0.404296875,0.4002804160118103,False,0.5112930536270142
train-034658-7ce362f19e5da916,12,2,train,8999145270299961622,pointer,J,N,N,True,D,False,False,2.7418097943154862e-06,13.8125,-17.46875,13.8125,4.212402734810157e-05,1,N M S,N,True,True,0.00037400881410576403,-0.369140625,0.40874868631362915,False,0.5255141258239746
train-034658-7ce362f19e5da916,12,3,train,8999145270299961622,pointer,J,Q,Q,True,D,False,False,1.4662635294371285e-05,11.4375,-15.6875,11.4375,0.00019709415709131203,1,Q K L,Q,True,True,0.01099515799432993,-0.1328125,0.4668455719947815,False,0.6289442181587219
train-034658-7ce362f19e5da916,12,4,train,8999145270299961622,pointer,J,A,A,True,D,False,False,0.0006968930247239769,8.875,-8.875,8.875,0.0076864737693676435,1,A D B,A,True,True,0.0002743821241892874,0.3359375,0.5832033753395081,False,0.8751568794250488
train-034658-7ce362f19e5da916,12,5,train,8999145270299961622,pointer,J,B,B,True,D,False,False,0.0030355823691934347,6.6875,-9.8125,6.6875,0.02756708579671863,1,B A C,B,True,True,0.040056511759757996,0.5625,0.6370307803153992,False,1.013437271118164
train-034658-7ce362f19e5da916,12,6,train,8999145270299961622,pointer,J,X,X,True,D,False,False,0.004555799067020416,6.1875,-8.4375,6.1875,0.03943892780450403,1,X Y K,X,True,True,0.2289866805076599,0.7734375,0.6842640042304993,False,1.1528489589691162
train-034658-7ce362f19e5da916,12,7,train,8999145270299961622,pointer,J,K,K,True,D,False,False,0.002829597797244787,7.5,-8.6875,7.5,0.027230438991714435,1,K N M,K,True,True,0.09574922919273376,0.8515625,0.700894832611084,False,1.2069599628448486
train-034658-7ce362f19e5da916,12,8,train,8999145270299961622,pointer,J,I,I,True,D,False,False,0.007444142363965511,6.3125,-8.5,6.3125,0.06377775680144068,1,I N S,I,True,True,0.001996787264943123,0.890625,0.709019124507904,False,1.2344977855682373
train-034658-7ce362f19e5da916,12,9,train,8999145270299961622,pointer,J,F,F,True,D,False,False,0.0018772137118503451,8.1875,-9.75,8.1875,0.019033499420967978,1,F B E,F,True,True,0.03803820163011551,0.99609375,0.730289876461029,False,1.3104075193405151
train-034658-7ce362f19e5da916,12,10,train,8999145270299961622,pointer,J,S,S,True,D,False,False,0.003990426659584045,7.0,-8.8125,7.0,0.03684539386657813,1,S T Q,S,True,True,0.0028965207748115063,1.078125,0.7461389899253845,False,1.3709683418273926
train-034658-7ce362f19e5da916,12,11,train,8999145270299961622,pointer,J,O,O,True,D,False,False,0.0015525680501013994,7.625,-9.875,7.625,0.015345115102671942,1,O N F,O,True,True,0.1337130218744278,0.98828125,0.7287483215332031,False,1.3047081232070923
train-034658-7ce362f19e5da916,12,12,train,8999145270299961622,pointer,J,D,D,True,D,True,False,0.003306519240140915,7.375,7.375,7.375,0.031172471761706462,1,D E C,D,True,True,0.0027281944639980793,1.015625,0.7341195344924927,True,0.3090834319591522
