example_id,task_depth,loop,split,seed,family,initial_state,prediction,intermediate_target,intermediate_correct,final_target,final_correct,post_completion,intermediate_loss,intermediate_margin,final_margin,predicted_margin,answer_entropy,target_rank,top_symbols,r_prediction,r_intermediate_correct,r_c_agree,r_intermediate_loss,stop_logit,stop_probability,stop_target,stop_loss
train-017550-2da9fdf39c01ec4c,1,1,train,3290440225507109964,pointer,I,T,T,True,T,True,False,1.5497195136049413e-06,14.5625,14.5625,14.5625,2.6832748298269997e-05,1,T M R,T,True,True,3.576278118089249e-07,0.08740234375,0.5218366980552673,True,0.6504005789756775
train-017550-2da9fdf39c01ec4c,1,2,train,3290440225507109964,pointer,I,V,,,T,False,True,,,-14.6875,14.0625,3.3583139717736404e-05,,V Z T,V,,True,,-0.0400390625,0.48999154567718506,,
train-017550-2da9fdf39c01ec4c,1,3,train,3290440225507109964,pointer,I,K,,,T,False,True,,,-12.75,10.4375,0.0013010949724377124,,K R A,K,,True,,0.2041015625,0.5508489608764648,,
train-017550-2da9fdf39c01ec4c,1,4,train,3290440225507109964,pointer,I,P,,,T,False,True,,,-13.40625,10.3125,0.0018586144862238667,,P M C,P,,True,,0.35546875,0.5879431366920471,,
train-017550-2da9fdf39c01ec4c,1,5,train,3290440225507109964,pointer,I,Z,,,T,False,True,,,-11.0625,9.1875,0.005543459582475806,,Z U X,Z,,True,,0.62109375,0.6504672765731812,,
train-017550-2da9fdf39c01ec4c,1,6,train,3290440225507109964,pointer,I,W,,,T,False,True,,,-12.0625,8.4375,0.009347454973268545,,W Z X,W,,True,,0.87109375,0.7049732804298401,,
train-017550-2da9fdf39c01ec4c,1,7,train,3290440225507109964,pointer,I,N,,,T,False,True,,,-11.5,11.3125,0.000920291353251865,,N M T,N,,True,,0.90625,0.7122321724891663,,
train-017550-2da9fdf39c01ec4c,1,8,train,3290440225507109964,pointer,I,X,,,T,False,True,,,-11.25,9.625,0.004285864691697361,,X A S,X,,True,,0.9453125,0.7201715111732483,,
train-017550-2da9fdf39c01ec4c,1,9,train,3290440225507109964,pointer,I,P,,,T,False,True,,,-10.1875,8.9375,0.009627697308092912,,P I U,P,,True,,0.95703125,0.722527027130127,,
train-017550-2da9fdf39c01ec4c,1,10,train,3290440225507109964,pointer,I,Z,,,T,False,True,,,-10.1875,9.125,0.008385290292979656,,Z U X,Z,,True,,1.1015625,0.7505527138710022,,
train-017550-2da9fdf39c01ec4c,1,11,train,3290440225507109964,pointer,I,W,,,T,False,True,,,-11.6875,8.25,0.01169161595939926,,W Z X,W,,True,,1.2109375,0.7704647779464722,,
train-017550-2da9fdf39c01ec4c,1,12,train,3290440225507109964,pointer,I,N,,,T,False,True,,,-11.4375,11.25,0.001016956455968591,,N M T,N,,True,,1.1328125,0.7563575506210327,,
train-028513-482db515c5465556,2,1,train,5201012249791452502,pointer,E,H,H,True,X,False,False,3.2186455882765586e-06,13.65625,-15.125,13.65625,5.114232276131698e-05,1,H M A,H,True,True,7.152555099310121e-07,-0.28515625,0.42919009923934937,False,0.5606991052627563
train-028513-482db515c5465556,2,2,train,5201012249791452502,pointer,E,X,X,True,X,True,False,1.1920928244535389e-07,17.4375,17.4375,17.4375,2.7193417304426263e-06,1,X A E,X,True,True,9.775113539944869e-06,-0.287109375,0.4287116527557373,True,0.8469706773757935
train-028513-482db515c5465556,2,3,train,5201012249791452502,pointer,E,Q,,,X,False,True,,,-15.84375,13.5625,9.036263830608933e-05,,Q K A,Q,,True,,-0.03515625,0.4912118911743164,,
train-028513-482db515c5465556,2,4,train,5201012249791452502,pointer,E,J,,,X,False,True,,,-11.125,10.625,0.002362751466811637,,J D K,J,,True,,0.27734375,0.5688949227333069,,
train-028513-482db515c5465556,2,5,train,5201012249791452502,pointer,E,E,,,X,False,True,,,-13.65625,10.1875,0.001990949029511553,,E A D,E,,True,,0.46484375,0.6141626238822937,,
train-028513-482db515c5465556,2,6,train,5201012249791452502,pointer,E,H,,,X,False,True,,,-9.75,9.75,0.003921454859729819,,H X A,H,,True,,0.765625,0.6825737357139587,,
train-028513-482db515c5465556,2,7,train,5201012249791452502,pointer,E,X,,,X,True,True,,,10.875,10.875,0.0015768706796502156,,X A R,X,,True,,0.8125,0.6926419734954834,,
train-028513-482db515c5465556,2,8,train,5201012249791452502,pointer,E,Q,,,X,False,True,,,-12.1875,10.5625,0.0014672133695966061,,Q A K,Q,,True,,0.86328125,0.703345775604248,,
train-028513-482db515c5465556,2,9,train,5201012249791452502,pointer,E,J,,,X,False,True,,,-10.8125,10.125,0.0037197932075595658,,J D K,J,,True,,0.91796875,0.7146279811859131,,
train-028513-482db515c5465556,2,10,train,5201012249791452502,pointer,E,E,,,X,False,True,,,-13.5,10.0,0.0024076378497969284,,E A D,E,,True,,0.92578125,0.7162185907363892,,
train-028513-482db515c5465556,2,11,train,5201012249791452502,pointer,E,H,,,X,False,True,,,-9.8125,9.8125,0.0037095363586611397,,H X A,H,,True,,1.078125,0.7461389899253845,,
train-028513-482db515c5465556,2,12,train,5201012249791452502,pointer,E,X,,,X,True,True,,,10.9375,10.9375,0.0015502340283866814,,X A R,X,,True,,1.0234375,0.735641598701477,,
train-027434-d400c0bd81dcd93e,3,1,train,15276421856200808766,pointer,D,D,D,True,D,True,False,1.168244216387393e-05,12.78125,12.78125,12.78125,0.00017410321975777857,1,D I C,D,True,True,1.156323378381785e-05,-0.26953125,0.4330222010612488,False,0.567435085773468
train-027434-d400c0bd81dcd93e,3,2,train,15276421856200808766,pointer,D,D,D,True,D,True,False,2.264974000354414e-06,14.1875,14.1875,14.1875,3.69512743832519e-05,1,D C B,D,True,True,0.00012313561455812305,-0.259765625,0.435421347618103,False,0.5716755390167236
train-027434-d400c0bd81dcd93e,3,3,train,15276421856200808766,pointer,D,D,D,True,D,True,False,4.23184028477408e-05,11.875,11.875,11.875,0.0005846664895051379,1,D L E,D,True,True,0.0001225396408699453,0.053466796875,0.5133634805679321,True,0.6667711138725281
train-027434-d400c0bd81dcd93e,3,4,train,15276421856200808766,pointer,D,D,,,D,True,True,,,10.75,10.75,0.0014980764928441048,,D L F,D,,True,,0.322265625,0.5798763036727905,,
train-027434-d400c0bd81dcd93e,3,5,train,15276421856200808766,pointer,D,D,,,D,True,True,,,10.625,10.625,0.0017983488546633503,,D L C,D,,True,,0.515625,0.6261242032051086,,
train-027434-d400c0bd81dcd93e,3,6,train,15276421856200808766,pointer,D,D,,,D,True,True,,,10.6875,10.6875,0.0017350187820786673,,D L C,D,,True,,0.64453125,0.6557770371437073,,
train-027434-d400c0bd81dcd93e,3,7,train,15276421856200808766,pointer,D,D,,,D,True,True,,,10.6875,10.6875,0.0017407497045022616,,D L C,D,,True,,0.734375,0.6757646203041077,,
train-027434-d400c0bd81dcd93e,3,8,train,15276421856200808766,pointer,D,D,,,D,True,True,,,10.625,10.625,0.0018053504378952564,,D L B,D,,True,,0.7890625,0.6876299977302551,,
train-027434-d400c0bd81dcd93e,3,9,train,15276421856200808766,pointer,D,D,,,D,True,True,,,10.625,10.625,0.0017899613951002956,,D L B,D,,True,,0.828125,0.6959583163261414,,
train-027434-d400c0bd81dcd93e,3,10,train,15276421856200808766,pointer,D,D,,,D,True,True,,,10.6875,10.6875,0.0017374450177862237,,D L C,D,,True,,0.85546875,0.7017130851745605,,
train-027434-d400c0bd81dcd93e,3,11,train,15276421856200808766,pointer,D,D,,,D,True,True,,,10.625,10.625,0.0017629789050446678,,D L B,D,,True,,0.87109375,0.7049732804298401,,
train-027434-d400c0bd81dcd93e,3,12,train,15276421856200808766,pointer,D,D,,,D,True,True,,,10.625,10.625,0.0017488407862387748,,D L C,D,,True,,0.8828125,0.7074047327041626,,
train-011064-51a24a3d90468f93,4,1,train,5882345691573292947,pointer,X,J,J,True,D,False,False,2.145764938177308e-06,13.65625,-15.53125,13.65625,3.410763118494639e-05,1,J B C,J,True,True,4.768370445162873e-07,-0.412109375,0.39840641617774963,False,0.5081732273101807
train-011064-51a24a3d90468f93,4,2,train,5882345691573292947,pointer,X,D,D,True,D,True,False,1.1920922133867862e-06,14.4375,14.4375,14.4375,2.2422673297752116e-05,1,D C B,D,True,True,0.0003700763627421111,-0.380859375,0.4059196412563324,False,0.5207406878471375
train-011064-51a24a3d90468f93,4,3,train,5882345691573292947,pointer,X,B,B,True,D,False,False,3.814624506048858e-05,11.0625,-12.5625,11.0625,0.000498333330909991,1,B R C,B,True,True,0.0023719528689980507,-0.0986328125,0.47536173462867737,False,0.6450462937355042
train-011064-51a24a3d90468f93,4,4,train,5882345691573292947,pointer,X,D,D,True,D,True,False,0.0005827635759487748,8.625,8.625,8.625,0.006335457199585516,1,D B C,D,True,True,0.0006725909770466387,0.337890625,0.5836780667304993,True,0.5384057760238647
train-011064-51a24a3d90468f93,4,5,train,5882345691573292947,pointer,X,B,,,D,False,True,,,-11.75,9.8125,0.0020372911878560576,,B C A,B,,True,,0.455078125,0.6118459105491638,,
train-011064-51a24a3d90468f93,4,6,train,5882345691573292947,pointer,X,D,,,D,True,True,,,8.25,8.25,0.008437365755627615,,D B C,D,,True,,0.734375,0.6757646203041077,,
train-011064-51a24a3d90468f93,4,7,train,5882345691573292947,pointer,X,B,,,D,False,True,,,-11.625,9.75,0.0022007479856744326,,B C A,B,,True,,0.7265625,0.6740504503250122,,
train-011064-51a24a3d90468f93,4,8,train,5882345691573292947,pointer,X,D,,,D,True,True,,,8.25,8.25,0.008384694970192062,,D B C,D,,True,,0.91796875,0.7146279811859131,,
train-011064-51a24a3d90468f93,4,9,train,5882345691573292947,pointer,X,B,,,D,False,True,,,-11.5,9.6875,0.002387286237066851,,B C A,B,,True,,0.84765625,0.7000752091407776,,
train-011064-51a24a3d90468f93,4,10,train,5882345691573292947,pointer,X,D,,,D,True,True,,,8.25,8.25,0.00829151592009983,,D B C,D,,True,,1.0,0.7310585975646973,,
train-011064-51a24a3d90468f93,4,11,train,5882345691573292947,pointer,X,B,,,D,False,True,,,-11.5,9.6875,0.0023881078858053106,,B C A,B,,True,,0.8984375,0.7106282711029053,,
train-011064-51a24a3d90468f93,4,12,train,5882345691573292947,pointer,X,D,,,D,True,True,,,8.25,8.25,0.008272062669240831,,D B C,D,,True,,1.03125,0.7371581792831421,,
train-015196-13d4b272449f280f,5,1,train,1428963185630586895,pointer,N,K,K,True,O,False,False,1.1920928244535389e-07,16.875,-21.28125,16.875,2.9119711055702954e-06,1,K R Q,K,True,True,2.3841855067985307e-07,-0.447265625,0.3900110721588135,False,0.4943144917488098
train-015196-13d4b272449f280f,5,2,train,1428963185630586895,pointer,N,X,X,True,O,False,False,1.1920928244535389e-07,17.8125,-19.75,17.8125,2.1760283649395094e-06,1,X A S,X,True,True,1.2874520507466514e-05,-0.4140625,0.3979383707046509,False,0.5073955655097961
train-015196-13d4b272449f280f,5,3,train,1428963185630586895,pointer,N,B,B,True,O,False,False,1.2874520507466514e-05,12.0625,-17.5,12.0625,0.00018581562543476985,1,B C A,B,True,True,0.0037785815075039864,-0.2109375,0.4474602937698364,False,0.5932300090789795
train-015196-13d4b272449f280f,5,4,train,1428963185630586895,pointer,N,A,A,True,O,False,False,0.00015364897262770683,10.125,-12.34375,10.125,0.0019180115280907654,1,A B C,A,True,True,0.0002335037279408425,0.240234375,0.5597714185714722,False,0.8204611539840698
train-015196-13d4b272449f280f,5,5,train,1428963185630586895,pointer,N,O,O,True,O,True,False,0.00032026408007368445,8.625,8.625,8.625,0.003512850972595178,1,O A U,O,True,True,0.0037973453290760517,0.466796875,0.6146253347396851,True,0.48674237728118896
train-015196-13d4b272449f280f,5,6,train,1428963185630586895,pointer,N,W,,,O,False,True,,,-12.0,10.6875,0.0016990000157751596,,W Z X,W,,True,,0.66796875,0.6610482335090637,,
train-015196-13d4b272449f280f,5,7,train,1428963185630586895,pointer,N,M,,,O,False,True,,,-10.5625,8.0,0.01252970178807852,,M S N,M,,True,,0.859375,0.7025300860404968,,
train-015196-13d4b272449f280f,5,8,train,1428963185630586895,pointer,N,V,,,O,False,True,,,-11.09375,8.5,0.013297881244428036,,V U L,V,,True,,1.0625,0.7431680560112,,
train-015196-13d4b272449f280f,5,9,train,1428963185630586895,pointer,N,Q,,,O,False,True,,,-10.5,9.875,0.0023051062914469784,,Q P O,Q,,True,,1.09375,0.7490872144699097,,
train-015196-13d4b272449f280f,5,10,train,1428963185630586895,pointer,N,Y,,,O,False,True,,,-9.1875,8.5,0.010648483243823925,,Y X K,Y,,True,,1.0234375,0.735641598701477,,
train-015196-13d4b272449f280f,5,11,train,1428963185630586895,pointer,N,P,,,O,False,True,,,-13.125,12.5,0.000497666651223854,,P C A,P,,True,,0.98046875,0.7272012233734131,,
train-015196-13d4b272449f280f,5,12,train,1428963185630586895,pointer,N,T,,,O,False,True,,,-11.71875,9.125,0.0048902228170545105,,T S D,T,,True,,1.015625,0.7341195344924927,,
train-031010-3b402ed8c72d2397,6,1,train,4269463955336668055,pointer,J,V,V,True,C,False,False,-0.0,17.09375,-20.3125,17.09375,1.3980971243773989e-06,1,V Z X,V,True,True,1.1920928244535389e-07,-0.47265625,0.3839877247810364,False,0.48448842763900757
train-031010-3b402ed8c72d2397,6,2,train,4269463955336668055,pointer,J,B,B,True,C,False,False,1.6689286894688848e-06,13.875,-13.875,13.875,2.8527991199252694e-05,1,B C S,B,True,True,1.1444026313256472e-05,-0.44921875,0.38954654335975647,False,0.4935532212257385
train-031010-3b402ed8c72d2397,6,3,train,4269463955336668055,pointer,J,I,I,True,C,False,False,0.0001954841281985864,10.0625,-11.125,10.0625,0.002411026965836096,1,I S C,I,True,True,0.0008874768391251564,0.0830078125,0.5207400918006897,False,0.7355121374130249
train-031010-3b402ed8c72d2397,6,4,train,4269463955336668055,pointer,J,H,H,True,C,False,False,0.00025817399728111923,10.0,-11.625,10.0,0.0030898644908942214,1,H X K,H,True,True,0.0006625840906053782,0.3828125,0.5945512652397156,False,0.9027608633041382
train-031010-3b402ed8c72d2397,6,5,train,4269463955336668055,pointer,J,Q,Q,True,C,False,False,6.961580220377073e-05,10.9375,-12.75,10.9375,0.0009132695434931497,1,Q P R,Q,True,True,0.0018856617389246821,0.6484375,0.6566582322120667,False,1.0690290927886963
train-031010-3b402ed8c72d2397,6,6,train,4269463955336668055,pointer,J,C,C,True,C,True,False,0.0003625689132604748,9.875,9.875,9.875,0.004290291246904398,1,C D S,C,True,True,0.0006525770877487957,0.796875,0.6893056035041809,True,0.3720705509185791
train-031010-3b402ed8c72d2397,6,7,train,4269463955336668055,pointer,J,C,,,C,True,True,,,10.0,10.0,0.003779077294602961,,C D Q,C,,True,,0.95703125,0.722527027130127,,
train-031010-3b402ed8c72d2397,6,8,train,4269463955336668055,pointer,J,C,,,C,True,True,,,9.625,9.625,0.0032442461805152704,,C B A,C,,True,,1.015625,0.7341195344924927,,
train-031010-3b402ed8c72d2397,6,9,train,4269463955336668055,pointer,J,C,,,C,True,True,,,9.75,9.75,0.002958935961912263,,C A B,C,,True,,1.03125,0.7371581792831421,,
train-031010-3b402ed8c72d2397,6,10,train,4269463955336668055,pointer,J,C,,,C,True,True,,,9.5625,9.5625,0.003273990910362627,,C A B,C,,True,,1.0234375,0.735641598701477,,
train-031010-3b402ed8c72d2397,6,11,train,4269463955336668055,pointer,J,C,,,C,True,True,,,9.4375,9.4375,0.0036091820620414365,,C A B,C,,True,,1.0234375,0.735641598701477,,
train-031010-3b402ed8c72d2397,6,12,train,4269463955336668055,pointer,J,C,,,C,True,True,,,9.5,9.5,0.0035591101504316137,,C A B,C,,True,,1.0234375,0.735641598701477,,
train-015747-f1c88e83dad8868c,8,1,train,17422331855446247052,pointer,P,L,L,True,O,False,False,5.960462772236497e-07,15.625,-18.765625,15.625,1.0888273650364567e-05,1,L C I,L,True,True,3.576278118089249e-07,-0.380859375,0.4059196412563324,False,0.5207406878471375
train-015747-f1c88e83dad8868c,8,2,train,17422331855446247052,pointer,P,O,O,True,O,True,False,4.529942543740617e-06,12.75,12.75,12.75,6.881403540961855e-05,1,O P F,O,True,True,1.8715683836489916e-05,-0.3515625,0.4130035638809204,False,0.5327365398406982
train-015747-f1c88e83dad8868c,8,3,train,17422331855446247052,pointer,P,P,P,True,O,False,False,8.344646857949556e-07,16.0625,-17.625,16.0625,1.514590837594952e-05,1,P C A,P,True,True,0.03262988477945328,-0.0732421875,0.48169761896133423,False,0.6571964621543884
train-015747-f1c88e83dad8868c,8,4,train,17422331855446247052,pointer,P,L,L,True,O,False,False,6.97350042173639e-05,11.3125,-13.875,11.3125,0.0009275338615353137,1,L D N,L,True,True,0.0006136203301139176,0.302734375,0.5751108527183533,False,0.8559269309043884
train-015747-f1c88e83dad8868c,8,5,train,17422331855446247052,pointer,P,O,O,True,O,True,False,0.00016759421851020306,10.125,10.125,10.125,0.0020642265501344768,1,O P A,O,True,True,0.00044216870446689427,0.50390625,0.6233768463134766,False,0.9765102863311768
train-015747-f1c88e83dad8868c,8,6,train,17422331855446247052,pointer,P,P,P,True,O,False,False,2.2411095415009186e-05,12.5625,-14.125,12.5625,0.0003291596466495573,1,P A C,P,True,True,0.011110227555036545,0.65625,0.6584175229072571,False,1.0741660594940186
train-015747-f1c88e83dad8868c,8,7,train,17422331855446247052,pointer,P,L,L,True,O,False,False,0.00012313561455812305,10.625,-13.15625,10.625,0.001562967059884188,1,L D N,L,True,True,0.0008245882345363498,0.8359375,0.6976089477539062,False,1.1960341930389404
train-015747-f1c88e83dad8868c,8,8,train,17422331855446247052,pointer,P,O,O,True,O,True,False,0.000198821333469823,9.9375,9.9375,9.9375,0.0024153191405820174,1,O P A,O,True,True,0.0004949536523781717,0.890625,0.709019124507904,True,0.3438727557659149
train-015747-f1c88e83dad8868c,8,9,train,17422331855446247052,pointer,P,P,,,O,False,True,,,-14.125,12.5,0.00034250516843568456,,P A C,P,,True,,0.921875,0.7154240012168884,,
train-015747-f1c88e83dad8868c,8,10,train,17422331855446247052,pointer,P,L,,,O,False,True,,,-13.0625,10.5,0.0017155040883434739,,L D N,L,,True,,1.015625,0.7341195344924927,,
train-015747-f1c88e83dad8868c,8,11,train,17422331855446247052,pointer,P,O,,,O,True,True,,,9.9375,9.9375,0.002426695112686915,,O P A,O,,True,,1.0078125,0.7325918078422546,,
train-015747-f1c88e83dad8868c,8,12,train,17422331855446247052,pointer,P,P,,,O,False,True,,,-14.0625,12.375,0.00037031394008075574,,P A C,P,,True,,1.0,0.7310585975646973,,
train-025342-c6089c0814d91af7,10,1,train,14269826977846860535,pointer,Y,J,J,True,V,False,False,3.576278118089249e-07,16.5,-20.9609375,16.5,6.501067856759188e-06,1,J U C,J,True,True,9.536738616588991e-07,-0.38671875,0.40450745820999146,False,0.5183663964271545
train-025342-c6089c0814d91af7,10,2,train,14269826977846860535,pointer,Y,Q,Q,True,V,False,False,4.768370445162873e-07,14.8125,-23.4140625,14.8125,8.19524747531204e-06,1,Q P K,Q,True,True,7.271740287251305e-06,-0.384765625,0.40497803688049316,False,0.5191568732261658
train-025342-c6089c0814d91af7,10,3,train,14269826977846860535,pointer,Y,A,A,True,V,False,False,2.9802276912960224e-06,14.4375,-17.59375,14.4375,4.773790182677639e-05,1,A B D,A,True,True,0.002562693553045392,-0.02197265625,0.4945070445537567,False,0.6822211742401123
train-025342-c6089c0814d91af7,10,4,train,14269826977846860535,pointer,Y,W,W,True,V,False,False,0.00021228920377325267,10.0,-11.65625,10.0,0.0025488724682310743,1,W S A,W,True,True,0.0009120118920691311,0.263671875,0.5655387043952942,False,0.8336484432220459
train-025342-c6089c0814d91af7,10,5,train,14269826977846860535,pointer,Y,T,T,True,V,False,False,0.0002714027068577707,10.3125,-12.1875,10.3125,0.003268643661545911,1,T D S,T,True,True,0.00016032364510465413,0.56640625,0.6379335522651672,False,1.0159274339675903
train-025342-c6089c0814d91af7,10,6,train,14269826977846860535,pointer,Y,B,B,True,V,False,False,0.0002985746832564473,9.6875,-12.5625,9.6875,0.003485929719876944,1,B C T,B,True,True,0.0014323461800813675,0.73046875,0.6749081611633301,False,1.1236474514007568
train-025342-c6089c0814d91af7,10,7,train,14269826977846860535,pointer,Y,U,U,True,V,False,False,0.0007556205382570624,7.625,-11.0625,7.625,0.0073923716628492,1,U A L,U,True,True,0.0004888770054094493,0.765625,0.6825737357139587,False,1.1475098133087158
train-025342-c6089c0814d91af7,10,8,train,14269826977846860535,pointer,Y,Z,Z,True,V,False,False,0.0004961451631970704,9.125,-10.75,9.125,0.005559857478367765,1,Z X U,Z,True,True,0.0010243174619972706,0.91796875,0.7146279811859131,False,1.2539618015289307
train-025342-c6089c0814d91af7,10,9,train,14269826977846860535,pointer,Y,L,L,True,V,False,False,4.60137271147687e-05,11.9375,-14.09375,11.9375,0.0006347164676257917,1,L P D,L,True,True,0.00020418466010596603,1.0390625,0.7386690378189087,False,1.3419678211212158
train-025342-c6089c0814d91af7,10,10,train,14269826977846860535,pointer,Y,V,V,True,V,True,False,0.00047600860125385225,8.5,8.5,8.5,0.005216103968099838,1,V Z L,V,True,True,0.00014077626110520214,1.125,0.7549149990081787,True,0.28115013241767883
train-025342-c6089c0814d91af7,10,11,train,14269826977846860535,pointer,Y,C,,,V,False,True,,,-11.25,8.625,0.01180278404097338,,C D Q,C,,True,,1.1953125,0.7676898241043091,,
train-025342-c6089c0814d91af7,10,12,train,14269826977846860535,pointer,Y,S,,,V,False,True,,,-9.625,8.375,0.016527725781815168,,S R T,S,,True,,1.234375,0.7745833992958069,,
train-021284-2eb9e31042c7173f,12,1,train,3366971855415482175,pointer,V,T,T,True,Y,False,False,1.1920922133867862e-06,15.28125,-21.6953125,15.28125,2.0367250607391037e-05,1,T M R,T,True,True,5.960462772236497e-07,-0.48046875,0.3821414113044739,False,0.48149573802948
train-021284-2eb9e31042c7173f,12,2,train,3366971855415482175,pointer,V,Y,Y,True,Y,True,False,2.50339189733495e-06,14.6875,14.6875,14.6875,4.1750485933602905e-05,1,Y T Z,Y,True,True,1.823885577323381e-05,-0.4296875,0.3942009508609772,False,0.5012069344520569
train-021284-2eb9e31042c7173f,12,3,train,3366971855415482175,pointer,V,S,S,True,Y,False,False,1.2516897186287679e-05,12.625,-17.984375,12.625,0.00018903459405263272,1,S T R,S,True,True,0.0017764277290552855,0.01904296875,0.5047605633735657,False,0.7027140259742737
train-021284-2eb9e31042c7173f,12,4,train,3366971855415482175,pointer,V,U,U,True,Y,False,False,6.8662193370983e-05,10.75,-14.1875,10.75,0.0008749571646088099,1,U L V,U,True,True,0.010530619882047176,0.341796875,0.5846269726753235,False,0.878578245639801
train-021284-2eb9e31042c7173f,12,5,train,3366971855415482175,pointer,V,V,V,True,Y,False,False,0.0003203832311555743,10.0,-11.25,10.0,0.0038380439900604934,1,V Z S,V,True,True,0.01732185110449791,0.70703125,0.6697448492050171,False,1.1078897714614868
train-021284-2eb9e31042c7173f,12,6,train,3366971855415482175,pointer,V,T,T,True,Y,False,False,0.00011300401820335537,11.125,-14.96875,11.125,0.001459724232832905,1,T R D,T,True,True,0.0012010273057967424,0.81640625,0.6934729218482971,False,1.1824493408203125
train-021284-2eb9e31042c7173f,12,7,train,3366971855415482175,pointer,V,Y,Y,True,Y,True,False,0.0007752750534564257,9.3125,9.3125,9.3125,0.008650510554269745,1,Y E A,Y,True,True,0.004065820015966892,1.03125,0.7371581792831421,False,1.33620285987854
train-021284-2eb9e31042c7173f,12,8,train,3366971855415482175,pointer,V,S,S,True,Y,False,False,0.009543628431856632,5.8125,-10.9375,5.8125,0.0777453380691587,1,S I T,I,False,False,1.2561947107315063,1.125,0.7549149990081787,False,1.4061501026153564
train-021284-2eb9e31042c7173f,12,9,train,3366971855415482175,pointer,V,U,U,True,Y,False,False,0.0003564914222806692,9.0,-12.875,9.0,0.003967236739363405,1,U L V,U,True,True,0.05364082381129265,1.1484375,0.7592254281044006,False,1.4238940477371216
train-021284-2eb9e31042c7173f,12,10,train,3366971855415482175,pointer,V,V,V,True,Y,False,False,0.00039426659350283444,9.8125,-11.0625,9.8125,0.0046408684993445234,1,V Z S,V,True,True,0.022058960050344467,1.265625,0.7799928784370422,False,1.514095425605774
train-021284-2eb9e31042c7173f,12,11,train,3366971855415482175,pointer,V,T,T,True,Y,False,False,0.00012754580529872328,11.0625,-14.8125,11.0625,0.0016326628503995544,1,T D R,T,True,True,0.0012076949933543801,1.1875,0.7662936449050903,False,1.4536898136138916
train-021284-2eb9e31042c7173f,12,12,train,3366971855415482175,pointer,V,Y,Y,True,Y,True,False,0.0007605044520460069,9.3125,9.3125,9.3125,0.008502160572447813,1,Y E A,Y,True,True,0.0038220465648919344,1.28125,0.7826625108718872,True,0.2450537383556366
train-015642-d231c1cbe0efdf6b,1,1,train,15146100103220027243,pointer,M,E,E,True,E,True,False,1.2636104656849056e-05,12.78125,12.78125,12.78125,0.0001811007467968982,1,E A C,E,True,True,2.9802276912960224e-06,0.04541015625,0.5113505721092224,True,0.6706998944282532
train-015642-d231c1cbe0efdf6b,1,2,train,15146100103220027243,pointer,M,D,,,E,False,True,,,-11.625,11.625,0.00020376167018537473,,D E C,D,,True,,-0.045654296875,0.48858842253685,,
train-015642-d231c1cbe0efdf6b,1,3,train,15146100103220027243,pointer,M,S,,,E,False,True,,,-15.1875,10.875,0.0007561171099925765,,S R T,S,,True,,0.150390625,0.5375269651412964,,
train-015642-d231c1cbe0efdf6b,1,4,train,15146100103220027243,pointer,M,K,,,E,False,True,,,-14.1875,10.1875,0.0026823093281951016,,K N H,K,,True,,0.34375,0.5851011276245117,,
train-015642-d231c1cbe0efdf6b,1,5,train,15146100103220027243,pointer,M,I,,,E,False,True,,,-11.53125,8.9375,0.010376312957775831,,I S L,I,,True,,0.6484375,0.6566582322120667,,
train-015642-d231c1cbe0efdf6b,1,6,train,15146100103220027243,pointer,M,W,,,E,False,True,,,-11.78125,9.0625,0.00554271582122398,,W V Z,W,,True,,0.77734375,0.6851073503494263,,
train-015642-d231c1cbe0efdf6b,1,7,train,15146100103220027243,pointer,M,T,,,E,False,True,,,-13.1875,9.6875,0.004740039315106979,,T P S,T,,True,,0.9140625,0.7138307690620422,,
train-015642-d231c1cbe0efdf6b,1,8,train,15146100103220027243,pointer,M,B,,,E,False,True,,,-13.6875,10.4375,0.0009725784414856554,,B C F,B,,True,,0.9296875,0.7170118689537048,,
train-015642-d231c1cbe0efdf6b,1,9,train,15146100103220027243,pointer,M,V,,,E,False,True,,,-11.84375,8.875,0.009889000433494742,,V Z P,V,,True,,1.171875,0.7634837031364441,,
train-015642-d231c1cbe0efdf6b,1,10,train,15146100103220027243,pointer,M,J,,,E,False,True,,,-12.375,9.625,0.005374532989418713,,J P T,J,,True,,1.0625,0.7431680560112,,
train-015642-d231c1cbe0efdf6b,1,11,train,15146100103220027243,pointer,M,X,,,E,False,True,,,-10.4375,9.9375,0.004161103617043712,,X A S,X,,True,,1.0703125,0.7446563243865967,,
train-015642-d231c1cbe0efdf6b,1,12,train,15146100103220027243,pointer,M,N,,,E,False,True,,,-14.71875,9.8125,0.0024043239008958973,,N M O,N,,True,,0.984375,0.7279754281044006,,
train-028585-3f6604f1450c38de,2,1,train,4568344306306005214,pointer,T,R,R,True,K,False,False,2.8013790142722428e-05,10.625,-16.25,10.625,0.00034314928210717335,1,R T C,R,True,True,5.960462772236497e-07,-0.26171875,0.43494126200675964,False,0.5708255767822266
train-028585-3f6604f1450c38de,2,2,train,4568344306306005214,pointer,T,K,K,True,K,True,False,8.344646857949556e-07,14.9375,14.9375,14.9375,1.4634886416788758e-05,1,K R L,K,True,True,5.722029527532868e-06,-0.236328125,0.4411914050579071,True,0.8182764053344727
train-028585-3f6604f1450c38de,2,3,train,4568344306306005214,pointer,T,Z,,,K,False,True,,,-15.4375,13.1875,0.00011396464840321561,,Z X D,Z,,True,,0.07177734375,0.517936646938324,,
train-028585-3f6604f1450c38de,2,4,train,4568344306306005214,pointer,T,N,,,K,False,True,,,-12.9375,11.4375,0.0005963725636441253,,N O M,N,,True,,0.37109375,0.5917232036590576,,
train-028585-3f6604f1450c38de,2,5,train,4568344306306005214,pointer,T,G,,,K,False,True,,,-10.3125,10.3125,0.0015801164054887445,,G K L,G,,True,,0.60546875,0.6469064354896545,,
train-028585-3f6604f1450c38de,2,6,train,4568344306306005214,pointer,T,B,,,K,False,True,,,-11.1875,9.9375,0.003489118679258209,,B C L,B,,True,,0.75,0.6791787147521973,,
train-028585-3f6604f1450c38de,2,7,train,4568344306306005214,pointer,T,F,,,K,False,True,,,-12.90625,10.625,0.0012273190161822055,,F G L,F,,True,,0.984375,0.7279754281044006,,
train-028585-3f6604f1450c38de,2,8,train,4568344306306005214,pointer,T,V,,,K,False,True,,,-10.0,8.9375,0.009486629511724019,,V L P,V,,True,,1.1953125,0.7676898241043091,,
train-028585-3f6604f1450c38de,2,9,train,4568344306306005214,pointer,T,A,,,K,False,True,,,-12.46875,10.1875,0.002461949787250039,,A D L,A,,True,,1.1484375,0.7592254281044006,,
train-028585-3f6604f1450c38de,2,10,train,4568344306306005214,pointer,T,M,,,K,False,True,,,-10.375,8.125,0.012503753669952194,,M S N,M,,True,,1.09375,0.7490872144699097,,
train-028585-3f6604f1450c38de,2,11,train,4568344306306005214,pointer,T,X,,,K,False,True,,,-10.375,8.8125,0.014549561957802513,,X A M,X,,True,,1.140625,0.7577943801879883,,
train-028585-3f6604f1450c38de,2,12,train,4568344306306005214,pointer,T,I,,,K,False,True,,,-12.90625,11.3125,0.001205911011914253,,I N J,I,,True,,1.15625,0.7606506943702698,,
train-002378-c2ee5efb159808df,3,1,train,14046268720307243231,pointer,J,B,B,True,F,False,False,9.536738616588991e-07,14.5,-18.609375,14.5,1.4200793803429565e-05,1,B C A,B,True,True,4.172316494077677e-06,-0.427734375,0.39466747641563416,False,0.5019773244857788
train-002378-c2ee5efb159808df,3,2,train,14046268720307243231,pointer,J,Y,Y,True,F,False,False,1.311301275563892e-06,15.1875,-18.71875,15.1875,2.1981360901984084e-05,1,Y Z K,Y,True,True,7.390948667307384e-06,-0.34375,0.4148988723754883,False,0.5359705090522766
train-002378-c2ee5efb159808df,3,3,train,14046268720307243231,pointer,J,F,F,True,F,True,False,5.94836674281396e-05,10.6875,10.6875,10.6875,0.0007759161275356128,1,F T S,F,True,True,0.000539634027518332,0.1259765625,0.5314525961875916,True,0.6321413516998291
train-002378-c2ee5efb159808df,3,4,train,14046268720307243231,pointer,J,Q,,,F,False,True,,,-17.03125,12.625,0.00025658453991762035,,Q P R,Q,,True,,0.396484375,0.5978426933288574,,
train-002378-c2ee5efb159808df,3,5,train,14046268720307243231,pointer,J,S,,,F,False,True,,,-11.0,10.25,0.0026845093038618943,,S T V,S,,True,,0.671875,0.6619228720664978,,
train-002378-c2ee5efb159808df,3,6,train,14046268720307243231,pointer,J,A,,,F,False,True,,,-8.8125,8.0,0.018085807264264838,,A L K,A,,True,,0.74609375,0.6783269643783569,,
train-002378-c2ee5efb159808df,3,7,train,14046268720307243231,pointer,J,J,,,F,False,True,,,-10.8125,9.25,0.00743970026896781,,J K A,J,,True,,0.8359375,0.6976089477539062,,
train-002378-c2ee5efb159808df,3,8,train,14046268720307243231,pointer,J,B,,,F,False,True,,,-12.0,11.0625,0.0015625896137990865,,B C Q,B,,True,,0.8515625,0.700894832611084,,
train-002378-c2ee5efb159808df,3,9,train,14046268720307243231,pointer,J,Y,,,F,False,True,,,-13.125,11.0625,0.0012813065506451671,,Y K Z,Y,,True,,0.94140625,0.7193835973739624,,
train-002378-c2ee5efb159808df,3,10,train,14046268720307243231,pointer,J,F,,,F,True,True,,,9.3125,9.3125,0.003896730282787493,,F T S,F,,True,,1.109375,0.7520126104354858,,
train-002378-c2ee5efb159808df,3,11,train,14046268720307243231,pointer,J,Q,,,F,False,True,,,-16.0,11.875,0.0004960861015084199,,Q P R,Q,,True,,1.1015625,0.7505527138710022,,
train-002378-c2ee5efb159808df,3,12,train,14046268720307243231,pointer,J,S,,,F,False,True,,,-10.9375,10.1875,0.002886712260173626,,S T V,S,,True,,1.15625,0.7606506943702698,,
train-016086-7de91ce81b5ccfe6,4,1,train,9072814707531632614,pointer,W,B,B,True,U,False,False,1.4305104514278355e-06,14.0,-21.578125,14.0,2.196306768189488e-05,1,B C A,B,True,True,3.576278118089249e-07,-0.515625,0.37387579679489136,False,0.468206524848938
train-016086-7de91ce81b5ccfe6,4,2,train,9072814707531632614,pointer,W,J,J,True,U,False,False,8.344646857949556e-07,15.625,-16.5,15.625,1.4249220299054703e-05,1,J T B,J,True,True,1.0371154530730564e-05,-0.4453125,0.3904758393764496,False,0.49507665634155273
train-016086-7de91ce81b5ccfe6,4,3,train,9072814707531632614,pointer,W,M,M,True,U,False,False,1.6569954823353328e-05,12.5,-13.875,12.5,0.0002442413974676542,1,M N S,M,True,True,0.022316981106996536,-0.00299072265625,0.4992523193359375,False,0.6916528940200806
train-016086-7de91ce81b5ccfe6,4,4,train,9072814707531632614,pointer,W,U,U,True,U,True,False,0.00010263393050990999,9.625,9.625,9.625,0.0012181071166604109,1,U A Y,U,True,True,0.0027322364039719105,0.310546875,0.5770187377929688,True,0.5498805046081543
train-016086-7de91ce81b5ccfe6,4,5,train,9072814707531632614,pointer,W,X,,,U,False,True,,,-10.8125,10.375,0.0014743280789901443,,X S U,X,,True,,0.58203125,0.6415346264839172,,
train-016086-7de91ce81b5ccfe6,4,6,train,9072814707531632614,pointer,W,Y,,,U,False,True,,,-12.375,11.125,0.0009768710392139136,,Y X K,Y,,True,,0.74609375,0.6783269643783569,,
train-016086-7de91ce81b5ccfe6,4,7,train,9072814707531632614,pointer,W,N,,,U,False,True,,,-11.8125,10.0625,0.0030148421761148876,,N M O,N,,True,,0.77734375,0.6851073503494263,,
train-016086-7de91ce81b5ccfe6,4,8,train,9072814707531632614,pointer,W,O,,,U,False,True,,,-10.875,9.625,0.00348488973382748,,O A N,O,,True,,0.8359375,0.6976089477539062,,
train-016086-7de91ce81b5ccfe6,4,9,train,9072814707531632614,pointer,W,E,,,U,False,True,,,-12.125,9.9375,0.004581868746175813,,E D A,E,,True,,0.93359375,0.7178038358688354,,
train-016086-7de91ce81b5ccfe6,4,10,train,9072814707531632614,pointer,W,S,,,U,False,True,,,-10.6875,9.625,0.004686861817311443,,S T R,S,,True,,1.015625,0.7341195344924927,,
train-016086-7de91ce81b5ccfe6,4,11,train,9072814707531632614,pointer,W,P,,,U,False,True,,,-13.0625,11.375,0.0012909135846919328,,P M D,P,,True,,1.03125,0.7371581792831421,,
train-016086-7de91ce81b5ccfe6,4,12,train,9072814707531632614,pointer,W,Z,,,U,False,True,,,-11.0,11.0,0.001193194054467812,,Z U A,Z,,True,,1.046875,0.740174412727356,,
train-019318-c12f5dafacec505e,5,1,train,13920447982327320670,pointer,V,P,P,True,X,False,False,2.264974000354414e-06,14.625,-19.5,14.625,3.7299589986075257e-05,1,P C M,P,True,True,2.3841855067985307e-07,-0.498046875,0.37799978256225586,False,0.47481483221054077
train-019318-c12f5dafacec505e,5,2,train,13920447982327320670,pointer,V,B,B,True,X,False,False,1.5497195136049413e-06,14.5625,-18.625,14.5625,2.4745199166511433e-05,1,B C R,B,True,True,9.179073458653875e-06,-0.47265625,0.3839877247810364,False,0.48448842763900757
train-019318-c12f5dafacec505e,5,3,train,13920447982327320670,pointer,V,D,D,True,X,False,False,7.867782187531702e-06,13.25,-17.125,13.25,0.00012127793377844583,1,D C F,D,True,True,0.006312668789178133,0.11083984375,0.5276816487312317,False,0.7501019835472107
train-019318-c12f5dafacec505e,5,4,train,13920447982327320670,pointer,V,J,J,True,X,False,False,0.00041797960875555873,9.375,-11.25,9.375,0.00484712267739943,1,J D L,J,True,True,0.00395266804844141,0.255859375,0.5636181831359863,False,0.8292376399040222
train-019318-c12f5dafacec505e,5,5,train,13920447982327320670,pointer,V,X,X,True,X,True,False,0.00026592056383378804,10.0,10.0,10.0,0.0032269634230386026,1,X A S,X,True,True,0.000568228424526751,0.5,0.622459352016449,True,0.4740769863128662
train-019318-c12f5dafacec505e,5,6,train,13920447982327320670,pointer,V,T,,,X,False,True,,,-11.71875,9.4375,0.005468701116091974,,T K A,T,,True,,0.66796875,0.6610482335090637,,
train-019318-c12f5dafacec505e,5,7,train,13920447982327320670,pointer,V,I,,,X,False,True,,,-11.0625,8.25,0.020994036474667122,,I S M,I,,True,,0.86328125,0.703345775604248,,
train-019318-c12f5dafacec505e,5,8,train,13920447982327320670,pointer,V,L,,,X,False,True,,,-10.6875,9.875,0.0031201593134812114,,L I X,L,,True,,0.96875,0.7248703241348267,,
train-019318-c12f5dafacec505e,5,9,train,13920447982327320670,pointer,V,S,,,X,False,True,,,-10.0,9.8125,0.005008933931686644,,S R T,S,,True,,1.046875,0.740174412727356,,
train-019318-c12f5dafacec505e,5,10,train,13920447982327320670,pointer,V,A,,,X,False,True,,,-12.625,10.6875,0.002026713378155012,,A B D,A,,True,,1.109375,0.7520126104354858,,
train-019318-c12f5dafacec505e,5,11,train,13920447982327320670,pointer,V,Y,,,X,False,True,,,-11.8125,8.75,0.003387177015306015,,Y A K,Y,,True,,1.046875,0.740174412727356,,
train-019318-c12f5dafacec505e,5,12,train,13920447982327320670,pointer,V,O,,,X,False,True,,,-14.125,10.9375,0.0011873061138854264,,O P U,O,,True,,1.015625,0.7341195344924927,,
train-010256-0193e5dec0fb9cba,6,1,train,113687160497609914,pointer,V,Q,Q,True,Z,False,False,7.510157047363464e-06,11.875,-22.3125,11.875,9.882541046813582e-05,1,Q K R,Q,True,True,4.768370445162873e-07,-0.498046875,0.37799978256225586,False,0.47481483221054077
train-010256-0193e5dec0fb9cba,6,2,train,113687160497609914,pointer,V,B,B,True,Z,False,False,6.079655122448457e-06,13.0625,-19.28125,13.0625,8.98113848891335e-05,1,B C L,B,True,True,7.748573807475623e-06,-0.48046875,0.3821414113044739,False,0.48149573802948
train-010256-0193e5dec0fb9cba,6,3,train,113687160497609914,pointer,V,F,F,True,Z,False,False,3.349725011503324e-05,12.125,-14.625,12.125,0.00047202865866725197,1,F T C,F,True,True,0.00028546550311148167,0.000911712646484375,0.5002279281616211,False,0.6936031579971313
train-010256-0193e5dec0fb9cba,6,4,train,113687160497609914,pointer,V,K,K,True,Z,False,False,5.352353764465079e-05,11.75,-15.03125,11.75,0.0007306904400577606,1,K L N,K,True,True,0.000780635280534625,0.2470703125,0.5614553093910217,False,0.8242934942245483
train-010256-0193e5dec0fb9cba,6,5,train,113687160497609914,pointer,V,W,W,True,Z,False,False,0.0001928620331455022,9.875,-12.5,9.875,0.0023381392634479864,1,W V L,W,True,True,0.001191621064208448,0.52734375,0.6288633942604065,False,0.9911850094795227
train-010256-0193e5dec0fb9cba,6,6,train,113687160497609914,pointer,V,Z,Z,True,Z,True,False,0.00011312322021694854,10.8125,10.8125,10.8125,0.0014480419006636734,1,Z Q U,Z,True,True,0.0044478061608970165,0.76171875,0.6817268133163452,True,0.3831263482570648
train-010256-0193e5dec0fb9cba,6,7,train,113687160497609914,pointer,V,O,,,Z,False,True,,,-15.3125,11.4375,0.000567800187717715,,O A N,O,,True,,0.79296875,0.6884684562683105,,
train-010256-0193e5dec0fb9cba,6,8,train,113687160497609914,pointer,V,N,,,Z,False,True,,,-12.65625,10.4375,0.001772077748050862,,N M O,N,,True,,0.875,0.7057850360870361,,
train-010256-0193e5dec0fb9cba,6,9,train,113687160497609914,pointer,V,G,,,Z,False,True,,,-12.4375,10.75,0.0023744032785438934,,G F C,G,,True,,0.9921875,0.729519784450531,,
train-010256-0193e5dec0fb9cba,6,10,train,113687160497609914,pointer,V,A,,,Z,False,True,,,-12.625,10.1875,0.0018433017403454172,,A L B,A,,True,,0.9140625,0.7138307690620422,,
train-010256-0193e5dec0fb9cba,6,11,train,113687160497609914,pointer,V,H,,,Z,False,True,,,-9.875,8.3125,0.0063947692636753635,,H K A,H,,True,,0.94140625,0.7193835973739624,,
train-010256-0193e5dec0fb9cba,6,12,train,113687160497609914,pointer,V,S,,,Z,False,True,,,-12.46875,10.0625,0.0028655738643434923,,S T R,S,,True,,1.03125,0.7371581792831421,,
train-021156-e914cb09a14d891e,8,1,train,16795272152592779550,pointer,M,J,J,True,R,False,False,1.1920928244535389e-07,17.21875,-18.59375,17.21875,3.6613536234950008e-06,1,J B K,J,True,True,8.344646857949556e-07,-0.51171875,0.3747906982898712,False,0.46966880559921265
train-021156-e914cb09a14d891e,8,2,train,16795272152592779550,pointer,M,T,T,True,R,False,False,1.1920928244535389e-07,16.40625,-17.875,16.40625,5.345895407640232e-06,1,T M D,T,True,True,7.033323527139146e-06,-0.48046875,0.3821414113044739,False,0.48149573802948
train-021156-e914cb09a14d891e,8,3,train,16795272152592779550,pointer,M,G,G,True,R,False,False,2.4676019165781327e-05,12.5,-13.9375,12.5,0.0003557485073550895,1,G F M,G,True,True,0.0027813343331217766,0.0101318359375,0.502532958984375,False,0.6982259154319763
train-021156-e914cb09a14d891e,8,4,train,16795272152592779550,pointer,M,S,S,True,R,False,False,0.00022396916756406426,10.125,-10.125,10.125,0.002735554399267222,1,S R T,S,True,True,6.806619057897478e-05,0.466796875,0.6146253347396851,False,0.953539252281189
train-021156-e914cb09a14d891e,8,5,train,16795272152592779550,pointer,M,D,D,True,R,False,False,0.00021765247220173478,10.375,-10.8125,10.375,0.002638743637275403,1,D L E,D,True,True,0.00017081231635529548,0.76953125,0.6834195256233215,False,1.1501777172088623
train-021156-e914cb09a14d891e,8,6,train,16795272152592779550,pointer,M,E,E,True,R,False,False,0.0003587556129787117,9.0625,-10.625,9.0625,0.004115996545585526,1,E A D,E,True,True,0.0017207353375852108,0.81640625,0.6934729218482971,False,1.1824493408203125
train-021156-e914cb09a14d891e,8,7,train,16795272152592779550,pointer,M,W,W,True,R,False,False,0.0002882065309677273,10.0,-11.25,10.0,0.00344833316666744,1,W S A,W,True,True,0.0016229089815169573,0.93359375,0.7178038358688354,False,1.2651526927947998
train-021156-e914cb09a14d891e,8,8,train,16795272152592779550,pointer,M,R,R,True,R,True,False,5.1377883210079744e-05,11.875,11.875,11.875,0.000702986368577842,1,R C P,R,True,True,0.005055501591414213,1.015625,0.7341195344924927,True,0.3090834319591522
train-021156-e914cb09a14d891e,8,9,train,16795272152592779550,pointer,M,U,,,R,False,True,,,-10.875,10.875,0.0018797017669454226,,U R L,U,,True,,1.0546875,0.74167400598526,,
train-021156-e914cb09a14d891e,8,10,train,16795272152592779550,pointer,M,A,,,R,False,True,,,-10.9375,9.25,0.005410048942845914,,A B H,A,,True,,1.1171875,0.7534666657447815,,
train-021156-e914cb09a14d891e,8,11,train,16795272152592779550,pointer,M,H,,,R,False,True,,,-11.8125,9.625,0.005693612195550491,,H A M,H,,True,,1.078125,0.7461389899253845,,
train-021156-e914cb09a14d891e,8,12,train,16795272152592779550,pointer,M,C,,,R,False,True,,,-10.25,9.0625,0.006995034370866134,,C D S,C,,True,,1.0859375,0.7476159334182739,,
train-001303-fd214e8dbbeeda20,10,1,train,18239946336477567520,pointer,H,C,C,True,C,True,False,1.0847986231965479e-05,12.25,12.25,12.25,0.00015763922723891773,1,C A D,C,True,True,2.3841855067985307e-07,-0.333984375,0.4172714650630951,False,0.5400338768959045
train-001303-fd214e8dbbeeda20,10,2,train,18239946336477567520,pointer,H,Z,Z,True,C,False,False,8.689979586051777e-05,10.375,-11.4375,10.375,0.0010641806577534258,1,Z X U,Z,True,True,1.168244216387393e-05,-0.27734375,0.4311051070690155,False,0.5640596151351929
train-001303-fd214e8dbbeeda20,10,3,train,18239946336477567520,pointer,H,R,R,True,C,False,False,8.583032467868179e-06,13.625,-13.875,13.625,0.00013415311461084133,1,R T C,R,True,True,0.0021437061950564384,0.09375,0.5234203934669495,False,0.7411203980445862
train-001303-fd214e8dbbeeda20,10,4,train,18239946336477567520,pointer,H,C,C,True,C,True,False,0.0006860524881631136,8.3125,8.3125,8.3125,0.007391913027424685,1,C Z D,C,True,True,0.0001740304142003879,0.40234375,0.5992506742477417,False,0.9144190549850464
train-001303-fd214e8dbbeeda20,10,5,train,18239946336477567520,pointer,H,Z,Z,True,C,False,False,0.0007639588438905776,8.8125,-9.5,8.8125,0.008307030236178592,1,Z X A,Z,True,True,6.389413465512916e-05,0.6953125,0.6671476364135742,False,1.1000564098358154
train-001303-fd214e8dbbeeda20,10,6,train,18239946336477567520,pointer,H,R,R,True,C,False,False,8.868777513271198e-05,11.3125,-12.125,11.3125,0.001174570811798289,1,R K V,R,True,True,0.01169939711689949,0.8984375,0.7106282711029053,False,1.24004328250885
train-001303-fd214e8dbbeeda20,10,7,train,18239946336477567520,pointer,H,C,C,True,C,True,False,0.0009199915803037584,8.1875,8.1875,8.1875,0.009738302096855403,1,C Z D,C,True,True,0.00030286493711173534,0.99609375,0.730289876461029,False,1.3104075193405151
train-001303-fd214e8dbbeeda20,10,8,train,18239946336477567520,pointer,H,Z,Z,True,C,False,False,0.0007938570925034583,8.875,-9.4375,8.875,0.008627002751402353,1,Z X A,Z,True,True,8.022463589441031e-05,1.1171875,0.7534666657447815,False,1.4002580642700195
train-001303-fd214e8dbbeeda20,10,9,train,18239946336477567520,pointer,H,R,R,True,C,False,False,8.987976616481319e-05,11.3125,-12.125,11.3125,0.001187639837238542,1,R K V,R,True,True,0.01129105780273676,1.1796875,0.7648916244506836,False,1.4477086067199707
train-001303-fd214e8dbbeeda20,10,10,train,18239946336477567520,pointer,H,C,C,True,C,True,False,0.0009413101943209767,8.125,8.125,8.125,0.009920020265613371,1,C Z D,C,True,True,0.00030298411729745567,1.1796875,0.7648916244506836,True,0.2680211365222931
train-001303-fd214e8dbbeeda20,10,11,train,18239946336477567520,pointer,H,Z,,,C,False,True,,,-9.375,8.8125,0.008870863045543468,,Z X A,Z,,True,,1.2421875,0.7759445905685425,,
train-001303-fd214e8dbbeeda20,10,12,train,18239946336477567520,pointer,H,R,,,C,False,True,,,-12.0625,11.3125,0.0011943207870154166,,R K V,R,,True,,1.265625,0.7799928784370422,,
train-002996-f0560e0587b8eb9f,12,1,train,17318044834014489503,pointer,R,W,W,True,Z,False,False,2.3841830625315197e-06,13.46875,-16.984375,13.46875,3.7362588457918914e-05,1,W V A,W,True,True,1.0728830375228426e-06,-0.453125,0.3886180520057678,False,0.49203336238861084
train-002996-f0560e0587b8eb9f,12,2,train,17318044834014489503,pointer,R,D,D,True,Z,False,False,3.814689989667386e-06,13.0625,-18.46875,13.0625,5.6888550845070534e-05,1,D C A,D,True,True,3.886147169396281e-05,-0.36328125,0.4101654887199402,False,0.5279132723808289
train-002996-f0560e0587b8eb9f,12,3,train,17318044834014489503,pointer,R,G,G,True,Z,False,False,2.062299427052494e-05,12.375,-14.75,12.375,0.00030219240666655325,1,G R C,G,True,True,0.0015460216673091054,0.038818359375,0.5097033381462097,False,0.7127447128295898
train-002996-f0560e0587b8eb9f,12,4,train,17318044834014489503,pointer,R,Q,Q,True,Z,False,False,8.22540732769994e-06,13.125,-15.75,13.125,0.00012672190881919934,1,Q O R,Q,True,True,0.0005488081369549036,0.314453125,0.5779718160629272,False,0.8626832365989685
train-002996-f0560e0587b8eb9f,12,5,train,17318044834014489503,pointer,R,C,C,True,Z,False,False,0.00019929806876461953,9.8125,-13.4375,9.8125,0.0024036956344598267,1,C Q D,C,True,True,0.0009141556802205741,0.60546875,0.6469064354896545,False,1.0410223007202148
train-002996-f0560e0587b8eb9f,12,6,train,17318044834014489503,pointer,R,K,K,True,Z,False,False,8.141662692651153e-05,11.125,-14.53125,11.125,0.0010719565719406587,1,K L D,K,True,True,0.0022264947183430195,0.6875,0.665410578250885,False,1.094851016998291
train-002996-f0560e0587b8eb9f,12,7,train,17318044834014489503,pointer,R,J,J,True,Z,False,False,0.0004379982128739357,9.0,-12.25,9.0,0.0049654316601830195,1,J K T,J,True,True,0.0001934579631779343,0.734375,0.6757646203041077,False,1.1262855529785156
train-002996-f0560e0587b8eb9f,12,8,train,17318044834014489503,pointer,R,T,T,True,Z,False,False,0.0004306104383431375,9.3125,-12.1875,9.3125,0.0049769655272960765,1,T S D,T,True,True,0.0005947966128587723,0.8203125,0.6943026781082153,False,1.1851598024368286
train-002996-f0560e0587b8eb9f,12,9,train,17318044834014489503,pointer,R,O,O,True,Z,False,False,8.201262971851975e-05,11.125,-13.53125,11.125,0.0010838066383405019,1,O A U,O,True,True,0.00045885046711191535,0.8203125,0.6943026781082153,False,1.1851598024368286
train-002996-f0560e0587b8eb9f,12,10,train,17318044834014489503,pointer,R,I,I,True,Z,False,False,0.000427274004323408,9.6875,-12.375,9.6875,0.004966006987061359,1,I S O,I,True,True,0.000161038784426637,0.953125,0.7217432260513306,False,1.2792108058929443
train-002996-f0560e0587b8eb9f,12,11,train,17318044834014489503,pointer,R,P,P,True,Z,False,False,7.128461584215984e-05,11.75,-15.0625,11.75,0.0009580856231526592,1,P I A,P,True,True,0.00028272447525523603,0.97265625,0.7256485819816589,False,1.29334557056427
train-002996-f0560e0587b8eb9f,12,12,train,17318044834014489503,pointer,R,Z,Z,True,Z,True,False,0.0002580548170953989,9.875,9.875,9.875,0.0030992744830012136,1,Z U R,Z,True,True,0.00012110930401831865,1.0,0.7310585975646973,True,0.3132617175579071
train-011475-e455092e4f2301cf,1,1,train,16453066908168815055,pointer,D,N,N,True,N,True,False,8.4638240878121e-06,12.5625,12.5625,12.5625,0.00012356377834826608,1,N Q M,N,True,True,1.311301275563892e-06,0.06298828125,0.5157418847084045,True,0.6621489524841309
train-011475-e455092e4f2301cf,1,2,train,16453066908168815055,pointer,D,G,,,N,False,True,,,-20.21875,15.6875,8.123334028904361e-06,,G C X,G,,True,,-0.154296875,0.4615021347999573,,
train-011475-e455092e4f2301cf,1,3,train,16453066908168815055,pointer,D,P,,,N,False,True,,,-13.1875,12.125,0.0005268401248072642,,P C M,P,,True,,0.0107421875,0.502685546875,,
train-011475-e455092e4f2301cf,1,4,train,16453066908168815055,pointer,D,K,,,N,False,True,,,-11.9375,11.375,0.0013235816558962155,,K U Q,K,,True,,0.30078125,0.5746335387229919,,
train-011475-e455092e4f2301cf,1,5,train,16453066908168815055,pointer,D,Z,,,N,False,True,,,-13.78125,10.875,0.0015141340355919266,,Z X Q,Z,,True,,0.59375,0.6442250609397888,,
train-011475-e455092e4f2301cf,1,6,train,16453066908168815055,pointer,D,W,,,N,False,True,,,-13.71875,10.0625,0.0013192379664654869,,W V L,W,,True,,0.84375,0.6992544531822205,,
train-011475-e455092e4f2301cf,1,7,train,16453066908168815055,pointer,D,M,,,N,False,True,,,-9.8125,9.625,0.0041674355853658,,M S N,M,,True,,0.96484375,0.724090576171875,,
train-011475-e455092e4f2301cf,1,8,train,16453066908168815055,pointer,D,V,,,N,False,True,,,-10.6875,7.4375,0.01815532421877798,,V P L,V,,True,,1.1640625,0.7620701193809509,,
train-011475-e455092e4f2301cf,1,9,train,16453066908168815055,pointer,D,E,,,N,False,True,,,-11.25,8.3125,0.007627301152905456,,E D A,E,,True,,1.1875,0.7662936449050903,,
train-011475-e455092e4f2301cf,1,10,train,16453066908168815055,pointer,D,N,,,N,True,True,,,8.9375,8.9375,0.008048813295769466,,N M O,N,,True,,1.1640625,0.7620701193809509,,
train-011475-e455092e4f2301cf,1,11,train,16453066908168815055,pointer,D,G,,,N,False,True,,,-11.84375,10.625,0.002486269916032715,,G E L,G,,True,,1.1640625,0.7620701193809509,,
train-011475-e455092e4f2301cf,1,12,train,16453066908168815055,pointer,D,P,,,N,False,True,,,-11.3125,9.75,0.0038454181450439636,,P C A,P,,True,,0.98828125,0.7287483215332031,,
train-026488-25c07310c4572ad5,2,1,train,2720300690782497493,pointer,V,C,C,True,O,False,False,1.8000440832111053e-05,11.4375,-19.28125,11.4375,0.0002422205691132079,1,C A D,C,True,True,2.3841855067985307e-07,-0.1435546875,0.4641728699207306,False,0.6239436268806458
train-026488-25c07310c4572ad5,2,2,train,2720300690782497493,pointer,V,O,O,True,O,True,False,3.6954811548639555e-06,13.875,13.875,13.875,6.018907322874746e-05,1,O P D,O,True,True,6.186770770000294e-05,-0.205078125,0.44890937209129333,True,0.8009341955184937
train-026488-25c07310c4572ad5,2,3,train,2720300690782497493,pointer,V,W,,,O,False,True,,,-14.3125,12.5625,0.00020911580090629672,,W Z V,W,,True,,0.1904296875,0.5474640727043152,,
train-026488-25c07310c4572ad5,2,4,train,2720300690782497493,pointer,V,K,,,O,False,True,,,-14.1875,11.75,0.0007461224485922018,,K H W,K,,True,,0.43359375,0.6067315340042114,,
train-026488-25c07310c4572ad5,2,5,train,2720300690782497493,pointer,V,U,,,O,False,True,,,-11.25,9.1875,0.006848650834677471,,U L A,U,,True,,0.61328125,0.6486889719963074,,
train-026488-25c07310c4572ad5,2,6,train,2720300690782497493,pointer,V,I,,,O,False,True,,,-11.40625,7.9375,0.008173592251796808,,I U X,I,,True,,0.77734375,0.6851073503494263,,
train-026488-25c07310c4572ad5,2,7,train,2720300690782497493,pointer,V,X,,,O,False,True,,,-9.875,9.1875,0.005992795479565495,,X Y O,X,,True,,0.8984375,0.7106282711029053,,
train-026488-25c07310c4572ad5,2,8,train,2720300690782497493,pointer,V,Z,,,O,False,True,,,-10.875,9.4375,0.00670522660259366,,Z V X,Z,,True,,1.0703125,0.7446563243865967,,
train-026488-25c07310c4572ad5,2,9,train,2720300690782497493,pointer,V,R,,,O,False,True,,,-14.0625,11.5625,0.0003732940111117094,,R Q C,R,,True,,1.0390625,0.7386690378189087,,
train-026488-25c07310c4572ad5,2,10,train,2720300690782497493,pointer,V,F,,,O,False,True,,,-14.625,10.125,0.0017522020386685762,,F G D,F,,True,,1.1171875,0.7534666657447815,,
train-026488-25c07310c4572ad5,2,11,train,2720300690782497493,pointer,V,A,,,O,False,True,,,-12.0,10.25,0.003961214149881985,,A H L,A,,True,,1.2265625,0.7732163667678833,,
train-026488-25c07310c4572ad5,2,12,train,2720300690782497493,pointer,V,H,,,O,False,True,,,-10.5625,9.0,0.006473918651042392,,H K M,H,,True,,1.1875,0.7662936449050903,,
train-018632-67d576e62d08797d,3,1,train,7482017086916032893,pointer,Y,E,E,True,G,False,False,1.1086402082582936e-05,12.90625,-12.90625,12.90625,0.00016165115727290104,1,E G A,E,True,True,3.814689989667386e-06,-0.298828125,0.4258439540863037,False,0.5548540949821472
train-018632-67d576e62d08797d,3,2,train,7482017086916032893,pointer,Y,D,D,True,G,False,False,8.4638240878121e-06,12.375,-16.21875,12.375,0.0001202247558716001,1,D E C,D,True,True,9.63164638960734e-05,-0.263671875,0.4344612956047058,False,0.5699765682220459
train-018632-67d576e62d08797d,3,3,train,7482017086916032893,pointer,Y,G,G,True,G,True,False,1.0490362910786644e-05,13.0625,13.0625,13.0625,0.00015801618288794033,1,G M C,G,True,True,0.000954649003688246,0.053466796875,0.5133634805679321,True,0.6667711138725281
train-018632-67d576e62d08797d,3,4,train,7482017086916032893,pointer,Y,M,,,G,False,True,,,-14.21875,10.3125,0.0020711696504182257,,M S P,M,,True,,0.353515625,0.5874698758125305,,
train-018632-67d576e62d08797d,3,5,train,7482017086916032893,pointer,Y,R,,,G,False,True,,,-11.375,8.0625,0.006418856253314957,,R T C,R,,True,,0.53125,0.6297746300697327,,
train-018632-67d576e62d08797d,3,6,train,7482017086916032893,pointer,Y,L,,,G,False,True,,,-12.96875,10.375,0.0016800456250485676,,L D C,L,,True,,0.76171875,0.6817268133163452,,
train-018632-67d576e62d08797d,3,7,train,7482017086916032893,pointer,Y,F,,,G,False,True,,,-11.375,11.3125,0.0010636264560650568,,F T G,F,,True,,0.890625,0.709019124507904,,
train-018632-67d576e62d08797d,3,8,train,7482017086916032893,pointer,Y,H,,,G,False,True,,,-10.6875,8.3125,0.007231171094792829,,H L X,H,,True,,1.0546875,0.74167400598526,,
train-018632-67d576e62d08797d,3,9,train,7482017086916032893,pointer,Y,I,,,G,False,True,,,-12.59375,10.125,0.0038819694953499003,,I N E,I,,True,,1.0625,0.7431680560112,,
train-018632-67d576e62d08797d,3,10,train,7482017086916032893,pointer,Y,X,,,G,False,True,,,-12.6875,10.4375,0.002736846677774069,,X S Z,X,,True,,1.0859375,0.7476159334182739,,
train-018632-67d576e62d08797d,3,11,train,7482017086916032893,pointer,Y,C,,,G,False,True,,,-12.71875,10.5,0.0013801340261371802,,C D A,C,,True,,1.0703125,0.7446563243865967,,
train-018632-67d576e62d08797d,3,12,train,7482017086916032893,pointer,Y,T,,,G,False,True,,,-12.71875,10.0625,0.003717267751650722,,T D S,T,,True,,1.015625,0.7341195344924927,,
train-032574-a1752cdb7c3395bf,4,1,train,11634254533574759871,pointer,Z,B,B,True,S,False,False,1.311301275563892e-06,14.125,-18.859375,14.125,1.956778964508259e-05,1,B C R,B,True,True,1.1920922133867862e-06,-0.5234375,0.3720487952232361,False,0.4652928113937378
train-032574-a1752cdb7c3395bf,4,2,train,11634254533574759871,pointer,Z,V,V,True,S,False,False,5.960462772236497e-07,15.3125,-18.875,15.3125,1.1389575390192192e-05,1,V Z C,V,True,True,2.9802276912960224e-06,-0.3984375,0.4016878008842468,False,0.5136426091194153
train-032574-a1752cdb7c3395bf,4,3,train,11634254533574759871,pointer,Z,H,H,True,S,False,False,1.1801649634435307e-05,12.875,-15.375,12.875,0.0001782006292101313,1,H X L,H,True,True,0.013844884932041168,0.039794921875,0.5099474191665649,False,0.7132425904273987
train-032574-a1752cdb7c3395bf,4,4,train,11634254533574759871,pointer,Z,S,S,True,S,True,False,0.00019691436318680644,10.125,10.125,10.125,0.0024275736185043455,1,S T R,S,True,True,0.0004368066438473761,0.423828125,0.6043989062309265,True,0.5035208463668823
train-032574-a1752cdb7c3395bf,4,5,train,11634254533574759871,pointer,Z,D,,,S,False,True,,,-10.9375,9.3125,0.0042725152592113244,,D B G,D,,True,,0.67578125,0.6627964973449707,,
train-032574-a1752cdb7c3395bf,4,6,train,11634254533574759871,pointer,Z,G,,,S,False,True,,,-11.125,9.5,0.005165907565962759,,G E D,G,,True,,0.84375,0.6992544531822205,,
train-032574-a1752cdb7c3395bf,4,7,train,11634254533574759871,pointer,Z,B,,,S,False,True,,,-10.625,9.875,0.0028285851166800916,,B C S,B,,True,,0.8984375,0.7106282711029053,,
train-032574-a1752cdb7c3395bf,4,8,train,11634254533574759871,pointer,Z,V,,,S,False,True,,,-10.0,8.6875,0.010589305995418647,,V Z F,V,,True,,1.1328125,0.7563575506210327,,
train-032574-a1752cdb7c3395bf,4,9,train,11634254533574759871,pointer,Z,H,,,S,False,True,,,-12.84375,9.875,0.0028070817385990403,,H X L,H,,True,,1.1484375,0.7592254281044006,,
train-032574-a1752cdb7c3395bf,4,10,train,11634254533574759871,pointer,Z,S,,,S,True,True,,,9.5625,9.5625,0.004007670965389659,,S T R,S,,True,,1.1953125,0.7676898241043091,,
train-032574-a1752cdb7c3395bf,4,11,train,11634254533574759871,pointer,Z,D,,,S,False,True,,,-10.4375,9.375,0.004764103232627943,,D B G,D,,True,,1.203125,0.7690802216529846,,
train-032574-a1752cdb7c3395bf,4,12,train,11634254533574759871,pointer,Z,G,,,S,False,True,,,-11.0625,9.5,0.005223093058647031,,G E D,G,,True,,1.1953125,0.7676898241043091,,
train-014071-5dc5b5981dba5e10,5,1,train,6757006480877706768,pointer,Y,S,S,True,Q,False,False,4.184158387943171e-05,11.1875,-15.046875,11.1875,0.0005408254318454033,1,S V U,S,True,True,3.2186455882765586e-06,-0.388671875,0.4040370583534241,False,0.5175768136978149
train-014071-5dc5b5981dba5e10,5,2,train,6757006480877706768,pointer,Y,U,U,True,Q,False,False,2.3841855067985307e-07,16.0,-22.375,16.0,7.65581412012374e-06,1,U T L,U,True,True,9.775113539944869e-06,-0.353515625,0.41253018379211426,False,0.5319303274154663
train-014071-5dc5b5981dba5e10,5,3,train,6757006480877706768,pointer,Y,G,G,True,Q,False,False,4.970903682988137e-05,11.8125,-14.46875,11.8125,0.0006830716382984831,1,G C R,G,True,True,0.000406301929615438,0.0311279296875,0.5077813863754272,False,0.7088322639465332
train-014071-5dc5b5981dba5e10,5,4,train,6757006480877706768,pointer,Y,H,H,True,Q,False,False,0.00012706902634818107,10.6875,-12.9375,10.6875,0.0016295057756314669,1,H X L,H,True,True,8.332382276421413e-05,0.4140625,0.6020615696907043,False,0.9214580655097961
train-014071-5dc5b5981dba5e10,5,5,train,6757006480877706768,pointer,Y,Q,Q,True,Q,True,False,0.00010859376925509423,9.6875,9.6875,9.6875,0.0012714175334475025,1,Q P R,Q,True,True,0.000350175570929423,0.62109375,0.6504672765731812,True,0.43006429076194763
train-014071-5dc5b5981dba5e10,5,6,train,6757006480877706768,pointer,Y,R,,,Q,False,True,,,-10.25,10.25,0.0013120321476229899,,R Q S,R,,True,,0.81640625,0.6934729218482971,,
train-014071-5dc5b5981dba5e10,5,7,train,6757006480877706768,pointer,Y,D,,,Q,False,True,,,-14.21875,11.0625,0.0007395571210047849,,D E C,D,,True,,0.9921875,0.729519784450531,,
train-014071-5dc5b5981dba5e10,5,8,train,6757006480877706768,pointer,Y,O,,,Q,False,True,,,-12.5,11.1875,0.001035523750699,,O P A,O,,True,,0.97265625,0.7256485819816589,,
train-014071-5dc5b5981dba5e10,5,9,train,6757006480877706768,pointer,Y,L,,,Q,False,True,,,-11.625,10.6875,0.0016824148052306275,,L D W,L,,True,,1.0546875,0.74167400598526,,
train-014071-5dc5b5981dba5e10,5,10,train,6757006480877706768,pointer,Y,N,,,Q,False,True,,,-11.9375,10.5,0.0019234832498979642,,N M S,N,,True,,1.046875,0.740174412727356,,
train-014071-5dc5b5981dba5e10,5,11,train,6757006480877706768,pointer,Y,T,,,Q,False,True,,,-12.46875,9.9375,0.0040178873037764575,,T N S,T,,True,,1.015625,0.7341195344924927,,
train-014071-5dc5b5981dba5e10,5,12,train,6757006480877706768,pointer,Y,K,,,Q,False,True,,,-12.375,10.5625,0.0030151878637358896,,K J A,K,,True,,1.0390625,0.7386690378189087,,
train-018230-909d2eb973e88a60,6,1,train,10420536486853642848,pointer,C,O,O,True,B,False,False,1.5497195136049413e-06,13.875,-17.47265625,13.875,2.317726512262625e-05,1,O A P,O,True,True,9.536738616588991e-07,-0.48828125,0.38029852509498596,False,0.47851741313934326
train-018230-909d2eb973e88a60,6,2,train,10420536486853642848,pointer,C,T,T,True,B,False,False,8.344646857949556e-07,15.71875,-18.03125,15.71875,1.6266718785505332e-05,1,T O M,T,True,True,4.529942543740617e-06,-0.453125,0.3886180520057678,False,0.49203336238861084
train-018230-909d2eb973e88a60,6,3,train,10420536486853642848,pointer,C,Z,Z,True,B,False,False,5.602820692729438e-06,13.25,-17.625,13.25,8.723747745404729e-05,1,Z X U,Z,True,True,0.0009273757459595799,-0.07470703125,0.48133188486099243,False,0.6564911603927612
train-018230-909d2eb973e88a60,6,4,train,10420536486853642848,pointer,C,Y,Y,True,B,False,False,0.00033766290289349854,9.75,-13.65625,9.75,0.003926024233033706,1,Y K O,Y,True,True,0.0030359390657395124,0.2353515625,0.5585678219795227,False,0.8177308440208435
train-018230-909d2eb973e88a60,6,5,train,10420536486853642848,pointer,C,D,D,True,B,False,False,0.0006494796834886074,8.75,-10.125,8.75,0.0071380318593504645,1,D E C,D,True,True,0.0002113357331836596,0.55078125,0.6343168616294861,False,1.0059880018234253
train-018230-909d2eb973e88a60,6,6,train,10420536486853642848,pointer,C,B,B,True,B,True,False,0.00017248096992261708,10.25,10.25,10.25,0.002109944149573272,1,B C A,B,True,True,0.0001530530134914443,0.68359375,0.6645402908325195,True,0.4086597263813019
train-018230-909d2eb973e88a60,6,7,train,10420536486853642848,pointer,C,G,,,B,False,True,,,-13.125,10.5,0.003422430145234059,,G E D,G,,True,,0.8984375,0.7106282711029053,,
train-018230-909d2eb973e88a60,6,8,train,10420536486853642848,pointer,C,H,,,B,False,True,,,-12.0625,9.4375,0.004460386201738915,,H L O,H,,True,,1.0390625,0.7386690378189087,,
train-018230-909d2eb973e88a60,6,9,train,10420536486853642848,pointer,C,W,,,B,False,True,,,-12.3125,11.3125,0.0011598540273997761,,W L D,W,,True,,1.078125,0.7461389899253845,,
train-018230-909d2eb973e88a60,6,10,train,10420536486853642848,pointer,C,J,,,B,False,True,,,-11.375,10.375,0.0029904624085601247,,J K D,J,,True,,1.109375,0.7520126104354858,,
train-018230-909d2eb973e88a60,6,11,train,10420536486853642848,pointer,C,K,,,B,False,True,,,-14.34375,11.8125,0.0007760949647609676,,K I D,K,,True,,1.046875,0.740174412727356,,
train-018230-909d2eb973e88a60,6,12,train,10420536486853642848,pointer,C,I,,,B,False,True,,,-12.09375,8.5625,0.009176823170836344,,I S P,I,,True,,1.0703125,0.7446563243865967,,
train-019860-bdb691eb438723a7,8,1,train,13670274158565991335,pointer,S,O,O,True,W,False,False,1.311301275563892e-06,14.421875,-19.96875,14.421875,2.127426567246165e-05,1,O A P,O,True,True,1.311301275563892e-06,-0.4140625,0.3979383707046509,False,0.5073955655097961
train-019860-bdb691eb438723a7,8,2,train,13670274158565991335,pointer,S,E,E,True,W,False,False,3.397406908334233e-05,10.75,-16.875,10.75,0.0004382453805576096,1,E O C,E,True,True,2.276871418871451e-05,-0.404296875,0.4002804160118103,False,0.5112930536270142
train-019860-bdb691eb438723a7,8,3,train,13670274158565991335,pointer,S,K,K,True,W,False,False,1.2040065485052764e-05,12.875,-14.6875,12.875,0.00018169099955978962,1,K Q J,K,True,True,0.0009134411229752004,-0.01300048828125,0.4967499375343323,False,0.6866680383682251
train-019860-bdb691eb438723a7,8,4,train,13670274158565991335,pointer,S,M,M,True,W,False,False,0.00047886825632303953,9.6875,-12.03125,9.6875,0.005503227090013887,1,M N B,M,True,True,0.003611116437241435,0.404296875,0.5997195839881897,False,0.9155899286270142
train-019860-bdb691eb438723a7,8,5,train,13670274158565991335,pointer,S,B,B,True,W,False,False,0.0001864259538706392,10.0625,-12.53125,10.0625,0.002300795139489962,1,B C K,B,True,True,0.0024937265552580357,0.609375,0.6477982401847839,False,1.043550968170166
train-019860-bdb691eb438723a7,8,6,train,13670274158565991335,pointer,S,J,J,True,W,False,False,0.0001629458274692297,10.0625,-13.25,10.0625,0.0019825581422756528,1,J L Q,J,True,True,0.016535969451069832,0.6953125,0.6671476364135742,False,1.1000564098358154
train-019860-bdb691eb438723a7,8,7,train,13670274158565991335,pointer,S,Z,Z,True,W,False,False,0.0005069877952337265,9.1875,-12.78125,9.1875,0.005710237580236198,1,Z U X,Z,True,True,0.0004211969207972288,0.8125,0.6926419734954834,False,1.1797420978546143
train-019860-bdb691eb438723a7,8,8,train,13670274158565991335,pointer,S,W,W,True,W,True,False,0.0008208957733586431,7.9375,7.9375,7.9375,0.00833224586479896,1,W Z V,W,True,True,0.0013344916515052319,0.99609375,0.730289876461029,True,0.31431373953819275
train-019860-bdb691eb438723a7,8,9,train,13670274158565991335,pointer,S,V,,,W,False,True,,,-10.5625,9.0,0.006329454300137554,,V Z L,V,,True,,1.1953125,0.7676898241043091,,
train-019860-bdb691eb438723a7,8,10,train,13670274158565991335,pointer,S,C,,,W,False,True,,,-12.1875,8.9375,0.005563948298425588,,C D S,C,,True,,1.2890625,0.7839884757995605,,
train-019860-bdb691eb438723a7,8,11,train,13670274158565991335,pointer,S,U,,,W,False,True,,,-11.9375,9.4375,0.004588691912385378,,U D A,U,,True,,1.234375,0.7745833992958069,,
train-019860-bdb691eb438723a7,8,12,train,13670274158565991335,pointer,S,T,,,W,False,True,,,-10.4375,10.0625,0.0034535640965969983,,T U R,T,,True,,1.1015625,0.7505527138710022,,
train-025720-61b231b44159fe6e,10,1,train,7039743817793797742,pointer,P,F,F,True,G,False,False,6.079655122448457e-06,12.8125,-15.0625,12.8125,9.094742114600104e-05,1,F T C,F,True,True,2.3841855067985307e-07,-0.3671875,0.40922078490257263,False,0.5263129472732544
train-025720-61b231b44159fe6e,10,2,train,7039743817793797742,pointer,P,D,D,True,G,False,False,6.198863957251888e-06,12.75,-17.1875,12.75,9.196061915847172e-05,1,D C F,D,True,True,5.400034933700226e-05,-0.34375,0.4148988723754883,False,0.5359705090522766
train-025720-61b231b44159fe6e,10,3,train,7039743817793797742,pointer,P,X,X,True,G,False,False,3.659658250398934e-05,12.0625,-16.21875,12.0625,0.0005039374927014293,1,X Q U,X,True,True,0.0011676882859319448,-0.07177734375,0.482063353061676,False,0.6579023599624634
train-025720-61b231b44159fe6e,10,4,train,7039743817793797742,pointer,P,G,G,True,G,True,False,0.00013279033009894192,10.3125,10.3125,10.3125,0.0016576127427621221,1,G E F,G,True,True,0.00024291902082040906,0.267578125,0.5664982199668884,False,0.8358594179153442
train-025720-61b231b44159fe6e,10,5,train,7039743817793797742,pointer,P,E,E,True,G,False,False,0.0003817544784396887,9.1875,-10.875,9.1875,0.0043371365520756735,1,E D C,E,True,True,0.0009198724874295294,0.44140625,0.6085940599441528,False,0.9380100965499878
train-025720-61b231b44159fe6e,10,6,train,7039743817793797742,pointer,P,P,P,True,G,False,False,4.279521817807108e-05,11.8125,-13.5,11.8125,0.0005922558011497243,1,P S A,P,True,True,0.0013861581683158875,0.5625,0.6370307803153992,False,1.013437271118164
train-025720-61b231b44159fe6e,10,7,train,7039743817793797742,pointer,P,F,F,True,G,False,False,0.0001411338453181088,10.75,-11.25,10.75,0.0017887134539216005,1,F T C,F,True,True,0.00019596086349338293,0.7890625,0.6876299977302551,False,1.1635668277740479
train-025720-61b231b44159fe6e,10,8,train,7039743817793797742,pointer,P,D,D,True,G,False,False,0.0004260824352968484,9.6875,-10.75,9.6875,0.004946980555269044,1,D L A,D,True,True,0.0015672078588977456,0.90625,0.7122321724891663,False,1.2456012964248657
train-025720-61b231b44159fe6e,10,9,train,7039743817793797742,pointer,P,X,X,True,G,False,False,0.00022635281493421644,10.125,-13.46875,10.125,0.0027612143580687983,1,X A Z,X,True,True,0.0009447640040889382,0.921875,0.7154240012168884,False,1.2567548751831055
train-025720-61b231b44159fe6e,10,10,train,7039743817793797742,pointer,P,G,G,True,G,True,False,0.00020454221521504223,9.875,9.875,9.875,0.0024700407684850193,1,G E F,G,True,True,0.00029690624796785414,0.96875,0.7248703241348267,True,0.3217625617980957
train-025720-61b231b44159fe6e,10,11,train,7039743817793797742,pointer,P,E,,,G,False,True,,,-10.875,9.1875,0.004333651340586555,,E D C,E,,True,,0.9296875,0.7170118689537048,,
train-025720-61b231b44159fe6e,10,12,train,7039743817793797742,pointer,P,P,,,G,False,True,,,-13.375,11.6875,0.0006538281082178671,,P S A,P,,True,,0.8984375,0.7106282711029053,,
train-030608-c1f077d0bf70e845,12,1,train,13974801382179399749,pointer,C,E,E,True,W,False,False,7.986990567587782e-06,12.75,-19.39892578125,12.75,0.00011902106488517437,1,E G C,E,True,True,1.4543427823809907e-05,-0.330078125,0.4182216227054596,False,0.5416656732559204
train-030608-c1f077d0bf70e845,12,2,train,13974801382179399749,pointer,C,X,X,True,W,False,False,1.0728830375228426e-06,15.125,-21.03125,15.125,1.8379311892068658e-05,1,X C E,X,True,True,1.8715683836489916e-05,-0.31640625,0.42155182361602783,False,0.5474063158035278
train-030608-c1f077d0bf70e845,12,3,train,13974801382179399749,pointer,C,I,I,True,W,False,False,1.7881377516459906e-06,14.875,-18.59375,14.875,2.9757915245202136e-05,1,I N J,I,True,True,0.0006655623437836766,-0.01397705078125,0.4965057671070099,False,0.6861830949783325
train-030608-c1f077d0bf70e845,12,4,train,13974801382179399749,pointer,C,J,J,True,W,False,False,0.00016246906307060272,10.9375,-13.65625,10.9375,0.002065099950678344,1,J E U,J,True,True,0.003283706260845065,0.271484375,0.5674572587013245,False,0.8380742073059082
train-030608-c1f077d0bf70e845,12,5,train,13974801382179399749,pointer,C,V,V,True,W,False,False,0.0006611545104533434,9.125,-11.875,9.125,0.007354938974568293,1,V F Z,V,True,True,0.00028451209072954953,0.58203125,0.6415346264839172,False,1.025923252105713
train-030608-c1f077d0bf70e845,12,6,train,13974801382179399749,pointer,C,U,U,True,W,False,False,0.00025376438861712813,10.0625,-12.25,10.0625,0.0030422931591447123,1,U L I,U,True,True,0.000972155889030546,0.796875,0.6893056035041809,False,1.168945550918579
train-030608-c1f077d0bf70e845,12,7,train,13974801382179399749,pointer,C,W,W,True,W,True,False,0.00033301531220786273,9.875,9.875,9.875,0.003980386501872611,1,W S X,W,True,True,0.002466019708663225,0.94140625,0.7193835973739624,False,1.2707667350769043
train-030608-c1f077d0bf70e845,12,8,train,13974801382179399749,pointer,C,I,I,True,W,False,False,0.0007214327342808247,8.875,-10.625,8.875,0.007988328482553745,1,I P S,I,True,True,0.006514976732432842,1.140625,0.7577943801879883,False,1.4179682731628418
train-030608-c1f077d0bf70e845,12,9,train,13974801382179399749,pointer,C,J,J,True,W,False,False,0.00030501006403937936,10.1875,-12.96875,10.1875,0.003669014665113943,1,J I U,J,True,True,0.0037336894311010838,1.1484375,0.7592254281044006,False,1.4238940477371216
train-030608-c1f077d0bf70e845,12,10,train,13974801382179399749,pointer,C,V,V,True,W,False,False,0.0009107018122449517,8.875,-11.5,8.875,0.009866146451156424,1,V F Z,V,True,True,0.00025090406415984035,1.1875,0.7662936449050903,False,1.4536898136138916
train-030608-c1f077d0bf70e845,12,11,train,13974801382179399749,pointer,C,U,U,True,W,False,False,0.0002755738969426602,10.0,-12.125,10.0,0.0032849980525400933,1,U L I,U,True,True,0.0011133907828480005,1.21875,0.7718434929847717,False,1.477723479270935
train-030608-c1f077d0bf70e845,12,12,train,13974801382179399749,pointer,C,W,W,True,W,True,False,0.0003519630990922451,9.8125,9.8125,9.8125,0.004190270194370293,1,W S X,W,True,True,0.002455436158925295,1.21875,0.7718434929847717,True,0.25897347927093506
train-009711-ec4ff622dab94905,1,1,train,17028099345670031621,pointer,B,S,S,True,S,True,False,3.099436753473128e-06,14.0625,14.0625,14.0625,5.0647979908582674e-05,1,S V T,S,True,True,8.344646857949556e-07,0.0439453125,0.5109845995903015,True,0.6714159250259399
train-009711-ec4ff622dab94905,1,2,train,17028099345670031621,pointer,B,C,,,S,False,True,,,-14.0,13.75,9.451165182516606e-05,,C F D,C,,True,,-0.060302734375,0.4849288761615753,,
train-009711-ec4ff622dab94905,1,3,train,17028099345670031621,pointer,B,K,,,S,False,True,,,-14.5625,12.1875,0.0005707005180546266,,K R A,K,,True,,0.17578125,0.543832540512085,,
train-009711-ec4ff622dab94905,1,4,train,17028099345670031621,pointer,B,X,,,S,False,True,,,-12.25,10.9375,0.0010368280438025305,,X A Z,X,,True,,0.29296875,0.5727227926254272,,
train-009711-ec4ff622dab94905,1,5,train,17028099345670031621,pointer,B,I,,,S,False,True,,,-11.25,10.75,0.0017554171702876965,,I J N,I,,True,,0.53515625,0.6306849718093872,,
train-009711-ec4ff622dab94905,1,6,train,17028099345670031621,pointer,B,F,,,S,False,True,,,-11.25,9.75,0.005243917048896201,,F G E,F,,True,,0.75390625,0.6800292134284973,,
train-009711-ec4ff622dab94905,1,7,train,17028099345670031621,pointer,B,U,,,S,False,True,,,-11.9375,9.1875,0.005712802547715222,,U Z V,U,,True,,0.79296875,0.6884684562683105,,
train-009711-ec4ff622dab94905,1,8,train,17028099345670031621,pointer,B,Z,,,S,False,True,,,-10.3125,8.9375,0.007091713158329726,,Z X U,Z,,True,,0.98046875,0.7272012233734131,,
train-009711-ec4ff622dab94905,1,9,train,17028099345670031621,pointer,B,H,,,S,False,True,,,-13.5,10.0,0.0024214896238063453,,H K G,H,,True,,1.078125,0.7461389899253845,,
train-009711-ec4ff622dab94905,1,10,train,17028099345670031621,pointer,B,Y,,,S,False,True,,,-12.125,10.0625,0.002092239232065749,,Y A E,Y,,True,,1.109375,0.7520126104354858,,
train-009711-ec4ff622dab94905,1,11,train,17028099345670031621,pointer,B,G,,,S,False,True,,,-10.375,9.0,0.007243616856306406,,G W F,G,,True,,1.15625,0.7606506943702698,,
train-009711-ec4ff622dab94905,1,12,train,17028099345670031621,pointer,B,V,,,S,False,True,,,-10.75,10.375,0.002082190147272835,,V F E,V,,True,,1.21875,0.7718434929847717,,
train-031816-da025afc549ac38f,2,1,train,15709218490019398543,pointer,Q,P,P,True,N,False,False,1.5497195136049413e-06,15.15625,-19.25,15.15625,2.675585141482403e-05,1,P C Q,P,True,True,1.1920928244535389e-07,-0.291015625,0.4277552366256714,False,0.5581884980201721
train-031816-da025afc549ac38f,2,2,train,15709218490019398543,pointer,Q,N,N,True,N,True,False,1.5497195136049413e-06,14.0,14.0,14.0,2.6074783870047053e-05,1,N M O,N,True,True,1.0013530300057027e-05,-0.267578125,0.4335017800331116,True,0.8358594179153442
train-031816-da025afc549ac38f,2,3,train,15709218490019398543,pointer,Q,L,,,N,False,True,,,-14.625,14.0625,8.831658923138237e-05,,L M D,L,,True,,0.037353515625,0.509337306022644,,
train-031816-da025afc549ac38f,2,4,train,15709218490019398543,pointer,Q,S,,,N,False,True,,,-12.25,10.0625,0.0025300799273780946,,S T R,S,,True,,0.388671875,0.5959629416465759,,
train-031816-da025afc549ac38f,2,5,train,15709218490019398543,pointer,Q,K,,,N,False,True,,,-10.9375,9.4375,0.004589453242868807,,K L D,K,,True,,0.59765625,0.6451199054718018,,
train-031816-da025afc549ac38f,2,6,train,15709218490019398543,pointer,Q,U,,,N,False,True,,,-11.125,9.0625,0.005085988342030252,,U A Y,U,,True,,0.703125,0.66888028383255,,
train-031816-da025afc549ac38f,2,7,train,15709218490019398543,pointer,Q,X,,,N,False,True,,,-12.28125,10.875,0.0016010558366809152,,X S U,X,,True,,0.875,0.7057850360870361,,
train-031816-da025afc549ac38f,2,8,train,15709218490019398543,pointer,Q,R,,,N,False,True,,,-12.46875,9.8125,0.0016268338040831725,,R Q P,R,,True,,0.953125,0.7217432260513306,,
train-031816-da025afc549ac38f,2,9,train,15709218490019398543,pointer,Q,F,,,N,False,True,,,-10.8125,9.8125,0.003909338553528928,,F T G,F,,True,,1.1015625,0.7505527138710022,,
train-031816-da025afc549ac38f,2,10,train,15709218490019398543,pointer,Q,D,,,N,False,True,,,-13.1875,10.0,0.0022374321731584647,,D F E,D,,True,,1.2109375,0.7704647779464722,,
train-031816-da025afc549ac38f,2,11,train,15709218490019398543,pointer,Q,G,,,N,False,True,,,-10.625,7.8125,0.02351018861175471,,G F A,G,,True,,1.28125,0.7826625108718872,,
train-031816-da025afc549ac38f,2,12,train,15709218490019398543,pointer,Q,A,,,N,False,True,,,-10.5,9.375,0.004180621377610537,,A D B,A,,True,,1.2734375,0.7813306450843811,,
train-028415-3026a5791fe89900,3,1,train,3469642502580508928,pointer,T,K,K,True,C,False,False,1.1920928244535389e-07,17.75,-18.6875,17.75,1.7065959264776994e-06,1,K R J,K,True,True,7.152555099310121e-07,-0.36328125,0.4101654887199402,False,0.5279132723808289
train-028415-3026a5791fe89900,3,2,train,3469642502580508928,pointer,T,H,H,True,C,False,False,2.0265558760002023e-06,15.0625,-16.1875,15.0625,3.5006625659614066e-05,1,H Y X,H,True,True,4.291525328881107e-06,-0.359375,0.41111087799072266,False,0.5295173525810242
train-028415-3026a5791fe89900,3,3,train,3469642502580508928,pointer,T,C,C,True,C,True,False,1.6569954823353328e-05,12.5625,12.5625,12.5625,0.00024369347402449046,1,C D B,C,True,True,0.0038333283737301826,0.007049560546875,0.5017623901367188,True,0.6896286010742188
train-028415-3026a5791fe89900,3,4,train,3469642502580508928,pointer,T,W,,,C,False,True,,,-10.53125,8.6875,0.0069222702927712555,,W A B,W,,True,,0.34765625,0.5860491394996643,,
train-028415-3026a5791fe89900,3,5,train,3469642502580508928,pointer,T,E,,,C,False,True,,,-8.5,8.5,0.011610367362313924,,E C D,E,,True,,0.65625,0.6584175229072571,,
train-028415-3026a5791fe89900,3,6,train,3469642502580508928,pointer,T,J,,,C,False,True,,,-11.875,10.9375,0.0017366795492210004,,J Q Z,J,,True,,0.70703125,0.6697448492050171,,
train-028415-3026a5791fe89900,3,7,train,3469642502580508928,pointer,T,L,,,C,False,True,,,-11.125,10.1875,0.0019230531390249733,,L Q W,L,,True,,0.84765625,0.7000752091407776,,
train-028415-3026a5791fe89900,3,8,train,3469642502580508928,pointer,T,O,,,C,False,True,,,-14.6875,10.75,0.0007138104350404285,,O A N,O,,True,,0.76171875,0.6817268133163452,,
train-028415-3026a5791fe89900,3,9,train,3469642502580508928,pointer,T,V,,,C,False,True,,,-10.375,10.375,0.0033342095002352164,,V C F,V,,True,,0.984375,0.7279754281044006,,
train-028415-3026a5791fe89900,3,10,train,3469642502580508928,pointer,T,X,,,C,False,True,,,-12.0625,10.5625,0.002278041325861602,,X U A,X,,True,,1.0078125,0.7325918078422546,,
train-028415-3026a5791fe89900,3,11,train,3469642502580508928,pointer,T,Q,,,C,False,True,,,-13.03125,10.5,0.0022855508237645036,,Q K A,Q,,True,,1.015625,0.7341195344924927,,
train-028415-3026a5791fe89900,3,12,train,3469642502580508928,pointer,T,Z,,,C,False,True,,,-11.8125,10.375,0.0018584671552249366,,Z X U,Z,,True,,1.0546875,0.74167400598526,,
train-013062-80ac3cea47323079,4,1,train,9271852709763494009,pointer,Y,M,M,True,A,False,False,7.510157047363464e-06,13.5625,-14.40625,13.5625,0.00011559598222097073,1,M N O,M,True,True,8.344646857949556e-07,-0.2431640625,0.43950676918029785,False,0.5789381265640259
train-013062-80ac3cea47323079,4,2,train,9271852709763494009,pointer,Y,Z,Z,True,A,False,False,2.610649426060263e-05,11.375,-15.5,11.375,0.00034951888544356704,1,Z X M,Z,True,True,1.2874520507466514e-05,-0.240234375,0.4402286112308502,False,0.5802267789840698
train-013062-80ac3cea47323079,4,3,train,9271852709763494009,pointer,Y,O,O,True,A,False,False,3.0636318115284666e-05,11.125,-12.5625,11.125,0.000413771955474298,1,O U A,O,True,True,0.0012474621180444956,0.06201171875,0.5154979825019836,False,0.7246336340904236
train-013062-80ac3cea47323079,4,4,train,9271852709763494009,pointer,Y,A,A,True,A,True,False,0.0003713871701620519,9.3125,9.3125,9.3125,0.004306988179887859,1,A F X,A,True,True,0.00012838016846217215,0.353515625,0.5874698758125305,True,0.5319303274154663
train-013062-80ac3cea47323079,4,5,train,9271852709763494009,pointer,Y,S,,,A,False,True,,,-9.8125,9.25,0.005424972841604367,,S B F,S,,True,,0.58203125,0.6415346264839172,,
train-013062-80ac3cea47323079,4,6,train,9271852709763494009,pointer,Y,J,,,A,False,True,,,-11.0625,9.6875,0.002797949440170639,,J K B,J,,True,,0.72265625,0.6731916666030884,,
train-013062-80ac3cea47323079,4,7,train,9271852709763494009,pointer,Y,U,,,A,False,True,,,-10.0,9.75,0.005547522363709251,,U D A,U,,True,,0.8828125,0.7074047327041626,,
train-013062-80ac3cea47323079,4,8,train,9271852709763494009,pointer,Y,C,,,A,False,True,,,-10.3125,9.0,0.005762938087991639,,C D X,C,,True,,1.0390625,0.7386690378189087,,
train-013062-80ac3cea47323079,4,9,train,9271852709763494009,pointer,Y,V,,,A,False,True,,,-10.6875,8.9375,0.009500740840097518,,V F C,V,,True,,1.21875,0.7718434929847717,,
train-013062-80ac3cea47323079,4,10,train,9271852709763494009,pointer,Y,X,,,A,False,True,,,-10.3125,9.25,0.004097343820929946,,X U Z,X,,True,,1.1484375,0.7592254281044006,,
train-013062-80ac3cea47323079,4,11,train,9271852709763494009,pointer,Y,B,,,A,False,True,,,-9.6875,9.6875,0.003351647541036742,,B A C,B,,True,,1.109375,0.7520126104354858,,
train-013062-80ac3cea47323079,4,12,train,9271852709763494009,pointer,Y,E,,,A,False,True,,,-10.125,9.25,0.0063402959029126805,,E G D,E,,True,,1.171875,0.7634837031364441,,
train-007672-91e9f28a20ed0a35,5,1,train,10514201480144947765,pointer,V,E,E,True,R,False,False,8.106198947643861e-06,13.03125,-15.375,13.03125,0.000122681556080115,1,E F G,E,True,True,6.556489552167477e-06,-0.384765625,0.40497803688049316,False,0.5191568732261658
train-007672-91e9f28a20ed0a35,5,2,train,10514201480144947765,pointer,V,L,L,True,R,False,False,1.168244216387393e-05,12.1875,-16.09375,12.1875,0.00016652648756114403,1,L I C,L,True,True,6.6756979322235566e-06,-0.361328125,0.41063809394836426,False,0.5287148356437683
train-007672-91e9f28a20ed0a35,5,3,train,10514201480144947765,pointer,V,O,O,True,R,False,False,1.2993727978027891e-05,12.6875,-14.84375,12.6875,0.0001941388514748678,1,O U P,O,True,True,0.00010275312524754554,-0.0576171875,0.48559966683387756,False,0.6647534966468811
train-007672-91e9f28a20ed0a35,5,4,train,10514201480144947765,pointer,V,W,W,True,R,False,False,0.00012587709352374077,10.625,-12.46875,10.625,0.0016001150459752209,1,W V X,W,True,True,0.0006543640629388392,0.30859375,0.5765419602394104,False,0.8593009114265442
train-007672-91e9f28a20ed0a35,5,5,train,10514201480144947765,pointer,V,R,R,True,R,True,False,0.00013839241000823677,10.625,10.625,10.625,0.0017470054909929627,1,R Q T,R,True,True,0.001973587553948164,0.6328125,0.6531268954277039,True,0.42598381638526917
train-007672-91e9f28a20ed0a35,5,6,train,10514201480144947765,pointer,V,H,,,R,False,True,,,-12.0625,9.4375,0.004025920094579206,,H D X,H,,True,,0.87890625,0.7065955400466919,,
train-007672-91e9f28a20ed0a35,5,7,train,10514201480144947765,pointer,V,D,,,R,False,True,,,-10.8125,10.6875,0.0017755124314963733,,D E R,D,,True,,0.9921875,0.729519784450531,,
train-007672-91e9f28a20ed0a35,5,8,train,10514201480144947765,pointer,V,J,,,R,False,True,,,-10.5625,10.1875,0.003985625725293574,,J I L,J,,True,,0.8984375,0.7106282711029053,,
train-007672-91e9f28a20ed0a35,5,9,train,10514201480144947765,pointer,V,F,,,R,False,True,,,-10.8125,9.625,0.006189617818350473,,F T C,F,,True,,0.98046875,0.7272012233734131,,
train-007672-91e9f28a20ed0a35,5,10,train,10514201480144947765,pointer,V,Z,,,R,False,True,,,-11.3125,9.6875,0.0036306470229338873,,Z V S,Z,,True,,1.140625,0.7577943801879883,,
train-007672-91e9f28a20ed0a35,5,11,train,10514201480144947765,pointer,V,N,,,R,False,True,,,-13.125,7.3125,0.006556059474683625,,N Q O,N,,True,,1.09375,0.7490872144699097,,
train-007672-91e9f28a20ed0a35,5,12,train,10514201480144947765,pointer,V,Q,,,R,False,True,,,-12.3125,9.375,0.0017025554029238411,,Q K A,Q,,True,,1.03125,0.7371581792831421,,
train-004010-e0a0c6ae1c61d00c,6,1,train,16186155511872344076,pointer,D,S,S,True,N,False,False,5.245195097813848e-06,13.21875,-18.830078125,13.21875,7.906023027635418e-05,1,S V R,S,True,True,1.0728830375228426e-06,-0.40625,0.39981165528297424,False,0.5105117559432983
train-004010-e0a0c6ae1c61d00c,6,2,train,16186155511872344076,pointer,D,E,E,True,N,False,False,3.6954811548639555e-06,13.3125,-17.28125,13.3125,5.916090646339261e-05,1,E C D,E,True,True,2.253030106658116e-05,-0.37890625,0.4063906967639923,False,0.5215339660644531
train-004010-e0a0c6ae1c61d00c,6,3,train,16186155511872344076,pointer,D,B,B,True,N,False,False,2.253030106658116e-05,11.8125,-16.3125,11.8125,0.00031287880154431654,1,B C A,B,True,True,0.0027300964575260878,-0.08251953125,0.479381799697876,False,0.6527383923530579
train-004010-e0a0c6ae1c61d00c,6,4,train,16186155511872344076,pointer,D,M,M,True,N,False,False,0.00035041390219703317,9.6875,-10.125,9.6875,0.00412439695547437,1,M S N,M,True,True,0.00027736154152080417,0.3046875,0.5755879878997803,False,0.8570506572723389
train-004010-e0a0c6ae1c61d00c,6,5,train,16186155511872344076,pointer,D,C,C,True,N,False,False,0.0007522851810790598,8.8125,-10.375,8.8125,0.008285871680595299,1,C D A,C,True,True,0.0022607501596212387,0.65625,0.6584175229072571,False,1.0741660594940186
train-004010-e0a0c6ae1c61d00c,6,6,train,16186155511872344076,pointer,D,N,N,True,N,True,False,0.00019870213873218745,9.3125,9.3125,9.3125,0.002326800535598695,1,N O M,N,True,True,0.0005474975914694369,0.68359375,0.6645402908325195,True,0.4086597263813019
train-004010-e0a0c6ae1c61d00c,6,7,train,16186155511872344076,pointer,D,K,,,N,False,True,,,-9.1875,9.1875,0.0034484818958746104,,K N D,K,,True,,0.7734375,0.6842640042304993,,
train-004010-e0a0c6ae1c61d00c,6,8,train,16186155511872344076,pointer,D,H,,,N,False,True,,,-10.875,9.9375,0.004416666066495442,,H L X,H,,True,,0.90625,0.7122321724891663,,
train-004010-e0a0c6ae1c61d00c,6,9,train,16186155511872344076,pointer,D,V,,,N,False,True,,,-12.75,8.8125,0.0048904362245340265,,V E L,V,,True,,1.0390625,0.7386690378189087,,
train-004010-e0a0c6ae1c61d00c,6,10,train,16186155511872344076,pointer,D,U,,,N,False,True,,,-11.5625,10.1875,0.0025964106177795627,,U R L,U,,True,,1.125,0.7549149990081787,,
train-004010-e0a0c6ae1c61d00c,6,11,train,16186155511872344076,pointer,D,Y,,,N,False,True,,,-13.125,10.1875,0.00199681075555941,,Y X U,Y,,True,,1.1015625,0.7505527138710022,,
train-004010-e0a0c6ae1c61d00c,6,12,train,16186155511872344076,pointer,D,A,,,N,False,True,,,-11.8125,10.25,0.0027230416353805843,,A L U,A,,True,,1.1796875,0.7648916244506836,,
train-028239-adf422ec4d4ce5fa,8,1,train,12534682061183444474,pointer,S,V,V,True,T,False,False,-0.0,17.4375,-21.140625,17.4375,1.3442744385439593e-06,1,V Z U,V,True,True,1.4305104514278355e-06,-0.447265625,0.3900110721588135,False,0.4943144917488098
train-028239-adf422ec4d4ce5fa,8,2,train,12534682061183444474,pointer,S,J,J,True,T,False,False,2.3841855067985307e-07,16.6875,-16.6875,16.6875,4.198582294285289e-06,1,J T D,J,True,True,9.536697689327411e-06,-0.396484375,0.4021573066711426,False,0.5144276022911072
train-028239-adf422ec4d4ce5fa,8,3,train,12534682061183444474,pointer,S,Y,Y,True,T,False,False,2.610649426060263e-05,12.4375,-15.5,12.4375,0.00037232496268867313,1,Y Z K,Y,True,True,0.0002469711471349001,-0.0556640625,0.4860875904560089,False,0.6657024025917053
train-028239-adf422ec4d4ce5fa,8,4,train,12534682061183444474,pointer,S,I,I,True,T,False,False,0.00011073929636040702,11.125,-12.1875,11.125,0.0014447851132087554,1,I N S,I,True,True,0.00152757263276726,0.31640625,0.5784481763839722,False,0.8638125658035278
train-028239-adf422ec4d4ce5fa,8,5,train,12534682061183444474,pointer,S,C,C,True,T,False,False,6.0437283536884934e-05,11.0625,-13.8125,11.0625,0.0008070084356260407,1,C D A,C,True,True,0.0009689403814263642,0.57421875,0.6397360563278198,False,1.020918369293213
train-028239-adf422ec4d4ce5fa,8,6,train,12534682061183444474,pointer,S,B,B,True,T,False,False,9.333651541965082e-05,10.3125,-13.65625,10.3125,0.0011506258353362114,1,B A C,B,True,True,0.0012717501958832145,0.6484375,0.6566582322120667,False,1.0690290927886963
train-028239-adf422ec4d4ce5fa,8,7,train,12534682061183444474,pointer,S,K,K,True,T,False,False,0.00022957073815632612,10.1875,-11.125,10.1875,0.0028049722908760366,1,K R L,K,True,True,8.11782301752828e-05,0.75,0.6791787147521973,False,1.136871099472046
train-028239-adf422ec4d4ce5fa,8,8,train,12534682061183444474,pointer,S,T,T,True,T,True,False,0.0005616756388917565,9.4375,9.4375,9.4375,0.006322587522675418,1,T K M,T,True,True,0.00026782741770148277,0.84765625,0.7000752091407776,True,0.35656747221946716
train-028239-adf422ec4d4ce5fa,8,9,train,12534682061183444474,pointer,S,A,,,T,False,True,,,-13.1875,10.9375,0.0013463504117133226,,A F B,A,,True,,0.87109375,0.7049732804298401,,
train-028239-adf422ec4d4ce5fa,8,10,train,12534682061183444474,pointer,S,X,,,T,False,True,,,-11.0625,8.625,0.005868642364751112,,X A S,X,,True,,0.88671875,0.7082125544548035,,
train-028239-adf422ec4d4ce5fa,8,11,train,12534682061183444474,pointer,S,M,,,T,False,True,,,-11.875,9.6875,0.0035977478106563347,,M I N,M,,True,,0.9921875,0.729519784450531,,
train-028239-adf422ec4d4ce5fa,8,12,train,12534682061183444474,pointer,S,R,,,T,False,True,,,-9.5,8.625,0.010940404278592518,,R M S,R,,True,,1.109375,0.7520126104354858,,
train-024028-87d3f9ab188b0397,10,1,train,9787440928452707223,pointer,N,V,V,True,M,False,False,1.1920928244535389e-07,16.65625,-20.03125,16.65625,3.1167794864106914e-06,1,V Z X,V,True,True,7.152555099310121e-07,-0.3515625,0.4130035638809204,False,0.5327365398406982
train-024028-87d3f9ab188b0397,10,2,train,9787440928452707223,pointer,N,M,M,True,M,True,False,1.0847986231965479e-05,13.0625,13.0625,13.0625,0.00016276089259950158,1,M T C,M,True,True,1.4781842764932662e-05,-0.30859375,0.4234579801559448,False,0.5507071614265442
train-024028-87d3f9ab188b0397,10,3,train,9787440928452707223,pointer,N,T,T,True,M,False,False,6.16293036728166e-05,11.25,-11.6875,11.25,0.0008175778431193029,1,T S A,T,True,True,0.00035696811391972005,0.01055908203125,0.5026397705078125,False,0.698440670967102
train-024028-87d3f9ab188b0397,10,4,train,9787440928452707223,pointer,N,N,N,True,M,False,False,0.0002374367177253589,10.0,-10.0,10.0,0.002824189873851554,1,N A M,N,True,True,0.0004913791781291366,0.28515625,0.5708099007606506,False,0.8458553552627563
train-024028-87d3f9ab188b0397,10,5,train,9787440928452707223,pointer,N,V,V,True,M,False,False,0.00032658010604791343,9.9375,-11.75,9.9375,0.0038703608894393483,1,V Z F,V,True,True,0.0009004590683616698,0.578125,0.6406359076499939,False,1.0234191417694092
train-024028-87d3f9ab188b0397,10,6,train,9787440928452707223,pointer,N,M,M,True,M,True,False,0.0012475810945034027,8.25,8.25,8.25,0.013046633850760417,1,M N S,M,True,True,0.003275151364505291,0.84765625,0.7000752091407776,False,1.2042237520217896
train-024028-87d3f9ab188b0397,10,7,train,9787440928452707223,pointer,N,T,T,True,M,False,False,0.0012319840025156736,8.25,-8.4375,8.25,0.012683850384555256,1,T S M,T,True,True,0.0006255338666960597,0.96484375,0.724090576171875,False,1.2876825332641602
train-024028-87d3f9ab188b0397,10,8,train,9787440928452707223,pointer,N,N,N,True,M,False,False,0.00036197309964336455,9.625,-9.625,9.625,0.0041867858617500595,1,N M O,N,True,True,0.000701658078469336,0.95703125,0.722527027130127,False,1.282031774520874
train-024028-87d3f9ab188b0397,10,9,train,9787440928452707223,pointer,N,V,V,True,M,False,False,0.0003829461056739092,9.8125,-11.5625,9.8125,0.004481473893310443,1,V Z F,V,True,True,0.0010184821439906955,1.0546875,0.74167400598526,False,1.3535330295562744
train-024028-87d3f9ab188b0397,10,10,train,9787440928452707223,pointer,N,M,M,True,M,True,False,0.0012440093560144305,8.25,8.25,8.25,0.013014498489698833,1,M N S,M,True,True,0.0030529340729117393,1.171875,0.7634837031364441,True,0.26986342668533325
train-024028-87d3f9ab188b0397,10,11,train,9787440928452707223,pointer,N,T,,,M,False,True,,,-8.4375,8.1875,0.012842658034400482,,T S M,T,,True,,1.1796875,0.7648916244506836,,
train-024028-87d3f9ab188b0397,10,12,train,9787440928452707223,pointer,N,N,,,M,False,True,,,-9.625,9.625,0.004161680067098208,,N M O,N,,True,,1.1015625,0.7505527138710022,,
train-021266-d3d042fb23253b94,12,1,train,15262772783552478100,pointer,B,A,A,True,A,True,False,3.576278118089249e-07,15.875,15.875,15.875,6.5637551655574125e-06,1,A B O,A,True,True,3.933898824470816e-06,-0.373046875,0.40780502557754517,False,0.5239193439483643
train-021266-d3d042fb23253b94,12,2,train,15262772783552478100,pointer,B,T,T,True,A,False,False,1.1920922133867862e-06,15.0625,-15.71875,15.0625,1.988298671118038e-05,1,T S A,T,True,True,1.7881377516459906e-06,-0.369140625,0.40874868631362915,False,0.5255141258239746
train-021266-d3d042fb23253b94,12,3,train,15262772783552478100,pointer,B,S,S,True,A,False,False,3.182837463100441e-05,11.5,-13.90625,11.5,0.0004428185993049154,1,S R T,S,True,True,0.00017987063620239496,0.0849609375,0.5212274789810181,False,0.7365296483039856
train-021266-d3d042fb23253b94,12,4,train,15262772783552478100,pointer,B,D,D,True,A,False,False,0.0002022777043748647,10.0625,-12.1875,10.0625,0.0024517578738583283,1,D L E,D,True,True,0.0003507714136503637,0.408203125,0.6006569266319275,False,0.9179344773292542
train-021266-d3d042fb23253b94,12,5,train,15262772783552478100,pointer,B,C,C,True,A,False,False,0.0006767605082131922,9.4375,-9.4375,9.4375,0.007615700867870408,1,C A R,C,True,True,0.00036900385748595,0.64453125,0.6557770371437073,False,1.0664656162261963
train-021266-d3d042fb23253b94,12,6,train,15262772783552478100,pointer,B,G,G,True,A,False,False,9.202533692587167e-05,10.75,-11.5625,10.75,0.0011919097301913814,1,G K A,G,True,True,0.005120496731251478,0.828125,0.6959583163261414,False,1.190590500831604
train-021266-d3d042fb23253b94,12,7,train,15262772783552478100,pointer,B,M,M,True,A,False,False,0.0002112165529979393,10.125,-11.625,10.125,0.0025733151245064412,1,M D N,M,True,True,0.006747082807123661,0.8984375,0.7106282711029053,False,1.24004328250885
train-021266-d3d042fb23253b94,12,8,train,15262772783552478100,pointer,B,V,V,True,A,False,False,0.0006815256201662123,9.0,-10.5625,9.0,0.00753758663306614,1,V Z L,V,True,True,0.003818840254098177,1.0625,0.7431680560112,False,1.3593331575393677
train-021266-d3d042fb23253b94,12,9,train,15262772783552478100,pointer,B,Q,Q,True,A,False,False,1.4424220353248529e-05,12.6875,-13.75,12.6875,0.0002131090122750615,1,Q O R,Q,True,True,0.0025874252896755934,1.03125,0.7371581792831421,False,1.33620285987854
train-021266-d3d042fb23253b94,12,10,train,15262772783552478100,pointer,B,E,E,True,A,False,False,0.00017820201173890382,9.6875,-9.6875,9.6875,0.002123745828631488,1,E A D,E,True,True,0.00175453198608011,0.98828125,0.7287483215332031,False,1.3047081232070923
train-021266-d3d042fb23253b94,12,11,train,15262772783552478100,pointer,B,B,B,True,A,False,False,0.00014351768186315894,10.1875,-10.25,10.1875,0.001771841091433013,1,B C A,B,True,True,0.003870853688567877,0.9765625,0.7264255881309509,False,1.2961816787719727
train-021266-d3d042fb23253b94,12,12,train,15262772783552478100,pointer,B,A,A,True,A,True,False,0.0001817776501411572,10.1875,10.1875,10.1875,0.002215336235896643,1,A B Q,A,True,True,0.002266221446916461,1.0703125,0.7446563243865967,True,0.2948324382305145
train-030429-0536e84ed28563f3,1,1,train,375743044169065459,pointer,H,Q,Q,True,Q,True,False,1.1920922133867862e-06,14.03125,14.03125,14.03125,1.900121566533686e-05,1,Q K P,Q,True,True,8.344646857949556e-07,-0.0712890625,0.4821852743625641,True,0.7294268608093262
train-030429-0536e84ed28563f3,1,2,train,375743044169065459,pointer,H,I,,,Q,False,True,,,-17.90625,15.0625,1.881402031256429e-05,,I S O,I,,True,,-0.1318359375,0.4670886695384979,,
train-030429-0536e84ed28563f3,1,3,train,375743044169065459,pointer,H,G,,,Q,False,True,,,-15.125,11.375,0.0003630187078533319,,G W K,G,,True,,0.169921875,0.5423785448074341,,
train-030429-0536e84ed28563f3,1,4,train,375743044169065459,pointer,H,W,,,Q,False,True,,,-14.75,11.0625,0.000988292098202052,,W V S,W,,True,,0.498046875,0.6220002174377441,,
train-030429-0536e84ed28563f3,1,5,train,375743044169065459,pointer,H,E,,,Q,False,True,,,-11.34375,9.5,0.004560692944709146,,E C D,E,,True,,0.76953125,0.6834195256233215,,
train-030429-0536e84ed28563f3,1,6,train,375743044169065459,pointer,H,O,,,Q,False,True,,,-11.4375,11.125,0.0014157750207884627,,O P A,O,,True,,0.84375,0.6992544531822205,,
train-030429-0536e84ed28563f3,1,7,train,375743044169065459,pointer,H,J,,,Q,False,True,,,-11.5625,10.3125,0.0018308842752845838,,J Z T,J,,True,,0.89453125,0.7098243832588196,,
train-030429-0536e84ed28563f3,1,8,train,375743044169065459,pointer,H,Z,,,Q,False,True,,,-10.0,9.0,0.00807084331891848,,Z X U,Z,,True,,1.0390625,0.7386690378189087,,
train-030429-0536e84ed28563f3,1,9,train,375743044169065459,pointer,H,D,,,Q,False,True,,,-15.21875,11.5,0.0007878979352804919,,D B C,D,,True,,1.125,0.7549149990081787,,
train-030429-0536e84ed28563f3,1,10,train,375743044169065459,pointer,H,Y,,,Q,False,True,,,-14.28125,11.9375,0.0005896306679008536,,Y A R,Y,,True,,1.0390625,0.7386690378189087,,
train-030429-0536e84ed28563f3,1,11,train,375743044169065459,pointer,H,B,,,Q,False,True,,,-13.375,10.125,0.0013137147254552275,,B C A,B,,True,,0.96875,0.7248703241348267,,
train-030429-0536e84ed28563f3,1,12,train,375743044169065459,pointer,H,X,,,Q,False,True,,,-10.6875,9.5625,0.0060730209285847665,,X A S,X,,True,,1.0546875,0.74167400598526,,
train-026632-d8895a6b8b0a9677,2,1,train,15603101801942521463,pointer,R,K,K,True,E,False,False,2.3841855067985307e-07,15.90625,-21.7900390625,15.90625,5.7774583555745865e-06,1,K R J,K,True,True,7.152555099310121e-07,-0.291015625,0.4277552366256714,False,0.5581884980201721
train-026632-d8895a6b8b0a9677,2,2,train,15603101801942521463,pointer,R,E,E,True,E,True,False,1.9073468138230965e-06,14.3125,14.3125,14.3125,3.0926659660378e-05,1,E C D,E,True,True,4.768360213347478e-06,-0.33203125,0.4177464544773102,True,0.8728805780410767
train-026632-d8895a6b8b0a9677,2,3,train,15603101801942521463,pointer,R,H,,,E,False,True,,,-17.421875,12.4375,0.00031383972335702993,,H X L,H,,True,,0.028076171875,0.5070185661315918,,
train-026632-d8895a6b8b0a9677,2,4,train,15603101801942521463,pointer,R,K,,,E,False,True,,,-16.09375,12.6875,0.00016352294478673925,,K R Q,K,,True,,0.326171875,0.5808276534080505,,
train-026632-d8895a6b8b0a9677,2,5,train,15603101801942521463,pointer,R,E,,,E,True,True,,,10.8125,10.8125,0.0009604234899466647,,E A D,E,,True,,0.474609375,0.6164741516113281,,
train-026632-d8895a6b8b0a9677,2,6,train,15603101801942521463,pointer,R,H,,,E,False,True,,,-14.5,10.8125,0.001683645203815059,,H X L,H,,True,,0.6875,0.665410578250885,,
train-026632-d8895a6b8b0a9677,2,7,train,15603101801942521463,pointer,R,K,,,E,False,True,,,-16.0,12.4375,0.00020491037141375198,,K R Q,K,,True,,0.8046875,0.6909762620925903,,
train-026632-d8895a6b8b0a9677,2,8,train,15603101801942521463,pointer,R,E,,,E,True,True,,,10.8125,10.8125,0.0009655320429922989,,E A D,E,,True,,0.8046875,0.6909762620925903,,
train-026632-d8895a6b8b0a9677,2,9,train,15603101801942521463,pointer,R,H,,,E,False,True,,,-14.5,10.8125,0.001692602477561418,,H X L,H,,True,,0.9140625,0.7138307690620422,,
train-026632-d8895a6b8b0a9677,2,10,train,15603101801942521463,pointer,R,K,,,E,False,True,,,-15.96875,12.4375,0.0002064176045230038,,K R Q,K,,True,,0.94921875,0.7209580540657043,,
train-026632-d8895a6b8b0a9677,2,11,train,15603101801942521463,pointer,R,E,,,E,True,True,,,10.8125,10.8125,0.0009654492341671532,,E A D,E,,True,,0.8984375,0.7106282711029053,,
train-026632-d8895a6b8b0a9677,2,12,train,15603101801942521463,pointer,R,H,,,E,False,True,,,-14.5,10.75,0.0017218331203761959,,H X L,H,,True,,0.9765625,0.7264255881309509,,
train-024617-ae255de3918cedd9,3,1,train,12548539168718646745,pointer,E,J,J,True,U,False,False,4.768370445162873e-07,16.21875,-17.25,16.21875,8.901141054948478e-06,1,J K B,J,True,True,4.768370445162873e-07,-0.390625,0.403566837310791,False,0.516788125038147
train-024617-ae255de3918cedd9,3,2,train,12548539168718646745,pointer,E,D,D,True,U,False,False,2.861018856492592e-06,13.25,-15.40625,13.25,4.65453184223103e-05,1,D C U,D,True,True,0.0001394651480950415,-0.3515625,0.4130035638809204,False,0.5327365398406982
train-024617-ae255de3918cedd9,3,3,train,12548539168718646745,pointer,E,U,U,True,U,True,False,4.136476854910143e-05,10.875,10.875,10.875,0.0005459271479082223,1,U Z C,U,True,True,0.01919012889266014,-0.00127410888671875,0.4996814429759979,True,0.6937844753265381
train-024617-ae255de3918cedd9,3,4,train,12548539168718646745,pointer,E,C,,,U,False,True,,,-10.8125,10.1875,0.004040125168978022,,C X N,C,,True,,0.353515625,0.5874698758125305,,
train-024617-ae255de3918cedd9,3,5,train,12548539168718646745,pointer,E,Q,,,U,False,True,,,-12.3125,9.4375,0.0033322020173694577,,Q A O,Q,,True,,0.66796875,0.6610482335090637,,
train-024617-ae255de3918cedd9,3,6,train,12548539168718646745,pointer,E,V,,,U,False,True,,,-12.59375,8.75,0.006405861950064469,,V Z L,V,,True,,0.8984375,0.7106282711029053,,
train-024617-ae255de3918cedd9,3,7,train,12548539168718646745,pointer,E,V,,,U,False,True,,,-11.75,9.625,0.005143474115352291,,V L F,V,,True,,1.109375,0.7520126104354858,,
train-024617-ae255de3918cedd9,3,8,train,12548539168718646745,pointer,E,V,,,U,False,True,,,-11.3125,7.5,0.011327430223127603,,V F E,V,,True,,1.203125,0.7690802216529846,,
train-024617-ae255de3918cedd9,3,9,train,12548539168718646745,pointer,E,V,,,U,False,True,,,-11.5625,7.0,0.013179689696846034,,V F E,V,,True,,1.234375,0.7745833992958069,,
train-024617-ae255de3918cedd9,3,10,train,12548539168718646745,pointer,E,V,,,U,False,True,,,-11.8125,6.9375,0.012752903506976157,,V F E,V,,True,,1.234375,0.7745833992958069,,
train-024617-ae255de3918cedd9,3,11,train,12548539168718646745,pointer,E,V,,,U,False,True,,,-11.9375,6.9375,0.012533423704186624,,V F E,V,,True,,1.234375,0.7745833992958069,,
train-024617-ae255de3918cedd9,3,12,train,12548539168718646745,pointer,E,V,,,U,False,True,,,-11.9375,7.0,0.011955117515749927,,V F E,V,,True,,1.234375,0.7745833992958069,,
train-012801-7782f5cb5ee87a60,4,1,train,8611715691305269856,pointer,N,F,F,True,V,False,False,2.861018856492592e-06,13.5625,-20.5625,13.5625,4.557213266848228e-05,1,F T C,F,True,True,3.576278118089249e-07,-0.35546875,0.41205689311027527,False,0.5311251282691956
train-012801-7782f5cb5ee87a60,4,2,train,8611715691305269856,pointer,N,T,T,True,V,False,False,1.311301275563892e-06,15.3125,-17.0625,15.3125,2.0926762113137893e-05,1,T F M,T,True,True,1.7881233361549675e-05,-0.361328125,0.41063809394836426,False,0.5287148356437683
train-012801-7782f5cb5ee87a60,4,3,train,8611715691305269856,pointer,N,H,H,True,V,False,False,1.490105023549404e-05,13.0,-15.6875,13.0,0.00022328198629306605,1,H K L,H,True,True,0.009760159067809582,0.0498046875,0.5124486088752747,False,0.7183595299720764
train-012801-7782f5cb5ee87a60,4,4,train,8611715691305269856,pointer,N,V,V,True,V,True,False,0.0006635371246375144,8.8125,8.8125,8.8125,0.007361549178766662,1,V F D,V,True,True,0.0003541081096045673,0.494140625,0.6210813522338867,True,0.47629314661026
train-012801-7782f5cb5ee87a60,4,5,train,8611715691305269856,pointer,N,N,,,V,False,True,,,-13.3125,10.6875,0.0019148202541916211,,N M O,N,,True,,0.640625,0.6548947095870972,,
train-012801-7782f5cb5ee87a60,4,6,train,8611715691305269856,pointer,N,F,,,V,False,True,,,-13.75,9.6875,0.0050463527585923405,,F T C,F,,True,,0.78515625,0.6867902874946594,,
train-012801-7782f5cb5ee87a60,4,7,train,8611715691305269856,pointer,N,T,,,V,False,True,,,-10.65625,8.6875,0.007733134104521289,,T S D,T,,True,,0.90625,0.7122321724891663,,
train-012801-7782f5cb5ee87a60,4,8,train,8611715691305269856,pointer,N,H,,,V,False,True,,,-12.78125,9.0,0.003957938703634198,,H K L,H,,True,,0.98828125,0.7287483215332031,,
train-012801-7782f5cb5ee87a60,4,9,train,8611715691305269856,pointer,N,V,,,V,True,True,,,8.25,8.25,0.012856686731144778,,V F D,V,,True,,1.1640625,0.7620701193809509,,
train-012801-7782f5cb5ee87a60,4,10,train,8611715691305269856,pointer,N,N,,,V,False,True,,,-13.125,10.625,0.002029524108586418,,N M O,N,,True,,1.0859375,0.7476159334182739,,
train-012801-7782f5cb5ee87a60,4,11,train,8611715691305269856,pointer,N,F,,,V,False,True,,,-13.71875,9.6875,0.005127368156279343,,F T C,F,,True,,1.0859375,0.7476159334182739,,
train-012801-7782f5cb5ee87a60,4,12,train,8611715691305269856,pointer,N,T,,,V,False,True,,,-10.6875,8.75,0.007331710704794849,,T S D,T,,True,,1.109375,0.7520126104354858,,
train-025312-1c1829dd54e630f6,5,1,train,2024414063091921142,pointer,Z,I,I,True,H,False,False,1.1920922133867862e-06,15.28125,-18.640625,15.28125,2.302600241832556e-05,1,I M S,I,True,True,3.3378546504536644e-06,-0.337890625,0.4163219630718231,False,0.5384057760238647
train-025312-1c1829dd54e630f6,5,2,train,2024414063091921142,pointer,Z,U,U,True,H,False,False,8.344646857949556e-07,15.0,-20.25,15.0,1.4167754545529494e-05,1,U D I,U,True,True,1.5735502529423684e-05,-0.318359375,0.42107561230659485,False,0.5465834140777588
train-025312-1c1829dd54e630f6,5,3,train,2024414063091921142,pointer,Z,A,A,True,H,False,False,7.510157047363464e-06,13.3125,-15.3125,13.3125,0.00011646643958560572,1,A B U,A,True,True,0.0004555141495075077,0.07421875,0.5185461640357971,False,0.7309449315071106
train-025312-1c1829dd54e630f6,5,4,train,2024414063091921142,pointer,Z,C,C,True,H,False,False,0.00017510310863144696,9.9375,-13.9375,9.9375,0.0021041824403661485,1,C D A,C,True,True,2.1219027985353023e-05,0.392578125,0.5969031453132629,False,0.9085785150527954
train-025312-1c1829dd54e630f6,5,5,train,2024414063091921142,pointer,Z,H,H,True,H,True,False,0.0005787128466181457,8.875,8.875,8.875,0.006378802044270714,1,H L X,H,True,True,0.00010275312524754554,0.53515625,0.6306849718093872,True,0.4609488844871521
train-025312-1c1829dd54e630f6,5,6,train,2024414063091921142,pointer,Z,W,,,H,False,True,,,-12.46875,8.9375,0.005019701254406756,,W S D,W,,True,,0.7578125,0.6808785796165466,,
train-025312-1c1829dd54e630f6,5,7,train,2024414063091921142,pointer,Z,K,,,H,False,True,,,-11.4375,9.9375,0.0036855229181769027,,K R W,K,,True,,0.85546875,0.7017130851745605,,
train-025312-1c1829dd54e630f6,5,8,train,2024414063091921142,pointer,Z,R,,,H,False,True,,,-13.90625,9.0625,0.006066717315741219,,R Q C,R,,True,,0.94140625,0.7193835973739624,,
train-025312-1c1829dd54e630f6,5,9,train,2024414063091921142,pointer,Z,Y,,,H,False,True,,,-11.75,10.0,0.003451831840761418,,Y Z Q,Y,,True,,1.1171875,0.7534666657447815,,
train-025312-1c1829dd54e630f6,5,10,train,2024414063091921142,pointer,Z,V,,,H,False,True,,,-11.125,8.6875,0.006822871568697882,,V P F,V,,True,,1.2578125,0.7786493301391602,,
train-025312-1c1829dd54e630f6,5,11,train,2024414063091921142,pointer,Z,P,,,H,False,True,,,-13.125,11.25,0.001185486852368801,,P Q V,P,,True,,1.2109375,0.7704647779464722,,
train-025312-1c1829dd54e630f6,5,12,train,2024414063091921142,pointer,Z,D,,,H,False,True,,,-15.0625,10.8125,0.0011027890234762527,,D C E,D,,True,,1.2265625,0.7732163667678833,,
train-007979-3014314f22a9dfea,6,1,train,3464448229308489706,pointer,F,H,H,True,L,False,False,8.344646857949556e-07,15.65625,-16.9375,15.65625,1.6239221148175674e-05,1,H M X,H,True,True,3.576278118089249e-07,-0.4765625,0.3830641508102417,False,0.4829902648925781
train-007979-3014314f22a9dfea,6,2,train,3464448229308489706,pointer,F,D,D,True,L,False,False,1.4424220353248529e-05,12.0625,-16.3125,12.0625,0.00020119356594672618,1,D C I,D,True,True,4.494089080253616e-05,-0.40625,0.39981165528297424,False,0.5105117559432983
train-007979-3014314f22a9dfea,6,3,train,3464448229308489706,pointer,F,B,B,True,L,False,False,1.3947389561508317e-05,12.6875,-14.0,12.6875,0.00020603084450219845,1,B R C,B,True,True,0.000376034586224705,-0.126953125,0.46830427646636963,False,0.631683886051178
train-007979-3014314f22a9dfea,6,4,train,3464448229308489706,pointer,F,Y,Y,True,L,False,False,6.270212179515511e-05,11.25,-12.5625,11.25,0.0008399262812242067,1,Y Q O,Y,True,True,0.00020037073409184813,0.203125,0.5506073832511902,False,0.7998583316802979
train-007979-3014314f22a9dfea,6,5,train,3464448229308489706,pointer,F,N,N,True,L,False,False,0.00010656742961145937,10.8125,-13.40625,10.8125,0.0013725876102595785,1,N O S,N,True,True,0.00046266341814771295,0.4609375,0.6132366061210632,False,0.9499419927597046
train-007979-3014314f22a9dfea,6,6,train,3464448229308489706,pointer,F,L,L,True,L,True,False,6.8662193370983e-05,11.25,11.25,11.25,0.000901117152611541,1,L N D,L,True,True,0.00034362133010290563,0.6875,0.665410578250885,True,0.4073510468006134
train-007979-3014314f22a9dfea,6,7,train,3464448229308489706,pointer,F,W,,,L,False,True,,,-6.125,6.125,0.024050249991158006,,W L A,W,,True,,0.8671875,0.7041601538658142,,
train-007979-3014314f22a9dfea,6,8,train,3464448229308489706,pointer,F,J,,,L,False,True,,,-10.8125,9.875,0.003469323972478151,,J T D,J,,True,,0.77734375,0.6851073503494263,,
train-007979-3014314f22a9dfea,6,9,train,3464448229308489706,pointer,F,K,,,L,False,True,,,-11.125,8.9375,0.004243029064659682,,K J R,K,,True,,0.8515625,0.700894832611084,,
train-007979-3014314f22a9dfea,6,10,train,3464448229308489706,pointer,F,J,,,L,False,True,,,-12.0,11.4375,0.001218550235110793,,J K D,J,,True,,0.80859375,0.6918097138404846,,
train-007979-3014314f22a9dfea,6,11,train,3464448229308489706,pointer,F,K,,,L,False,True,,,-11.5625,10.375,0.001852000001034329,,K R J,K,,True,,0.8671875,0.7041601538658142,,
train-007979-3014314f22a9dfea,6,12,train,3464448229308489706,pointer,F,J,,,L,False,True,,,-12.0,11.4375,0.0012176194997445273,,J K D,J,,True,,0.8203125,0.6943026781082153,,
train-014001-e563bec2467cb922,8,1,train,16529264798995364130,pointer,L,S,S,True,C,False,False,4.410734163684538e-06,13.625,-15.21875,13.625,6.746234937861852e-05,1,S V R,S,True,True,9.536738616588991e-07,-0.458984375,0.38722676038742065,False,0.4897603988647461
train-014001-e563bec2467cb922,8,2,train,16529264798995364130,pointer,L,C,C,True,C,True,False,9.894321920000948e-06,12.75,12.75,12.75,0.00015040711926287293,1,C S F,C,True,True,5.364403477869928e-06,-0.37890625,0.4063906967639923,False,0.5215339660644531
train-014001-e563bec2467cb922,8,3,train,16529264798995364130,pointer,L,V,V,True,C,False,False,8.415821503149346e-05,10.8125,-11.9375,10.8125,0.0010868510498783317,1,V F Z,V,True,True,0.00020919041708111763,0.04052734375,0.5101304650306702,False,0.7136161923408508
train-014001-e563bec2467cb922,8,4,train,16529264798995364130,pointer,L,C,C,True,C,True,False,7.545663538621739e-05,11.3125,11.3125,11.3125,0.0009947399838252146,1,C A D,C,True,True,0.0025535377208143473,0.34375,0.5851011276245117,False,0.8797205090522766
train-014001-e563bec2467cb922,8,5,train,16529264798995364130,pointer,L,V,V,True,C,False,False,0.0004898302140645683,8.8125,-9.8125,8.8125,0.005480481320604099,1,V F C,V,True,True,0.00015698630886618048,0.6796875,0.6636689305305481,False,1.089659333229065
train-014001-e563bec2467cb922,8,6,train,16529264798995364130,pointer,L,C,C,True,C,True,False,0.00011228884250158444,10.875,10.875,10.875,0.001432067550410177,1,C A D,C,True,True,0.003849122440442443,0.81640625,0.6934729218482971,False,1.1824493408203125
train-014001-e563bec2467cb922,8,7,train,16529264798995364130,pointer,L,V,V,True,C,False,False,0.0005418977816589177,8.6875,-9.6875,8.6875,0.0060007332531955785,1,V F C,V,True,True,0.00018726025882642716,1.015625,0.7341195344924927,False,1.3247084617614746
train-014001-e563bec2467cb922,8,8,train,16529264798995364130,pointer,L,C,C,True,C,True,False,0.0001113352773245424,10.875,10.875,10.875,0.001420044831231678,1,C A D,C,True,True,0.003775256220251322,1.0390625,0.7386690378189087,True,0.30290526151657104
train-014001-e563bec2467cb922,8,9,train,16529264798995364130,pointer,L,V,,,C,False,True,,,-9.5,8.5625,0.006774144433823184,,V F C,V,,True,,1.171875,0.7634837031364441,,
train-014001-e563bec2467cb922,8,10,train,16529264798995364130,pointer,L,C,,,C,True,True,,,10.875,10.875,0.0014571578076602856,,C A D,C,,True,,1.1484375,0.7592254281044006,,
train-014001-e563bec2467cb922,8,11,train,16529264798995364130,pointer,L,V,,,C,False,True,,,-9.625,8.6875,0.006003380274590226,,V F C,V,,True,,1.2421875,0.7759445905685425,,
train-014001-e563bec2467cb922,8,12,train,16529264798995364130,pointer,L,C,,,C,True,True,,,10.8125,10.8125,0.0014722574691056992,,C A D,C,,True,,1.1953125,0.7676898241043091,,
train-004660-7b216b0ca8bd5f27,10,1,train,8872490443011350311,pointer,A,O,O,True,H,False,False,1.9073468138230965e-06,13.6875,-18.744140625,13.6875,3.1207003340016016e-05,1,O A U,O,True,True,2.622600959512056e-06,-0.3359375,0.41679665446281433,False,0.5392193794250488
train-004660-7b216b0ca8bd5f27,10,2,train,8872490443011350311,pointer,A,K,K,True,H,False,False,3.576278118089249e-07,16.6875,-17.5625,16.6875,6.702756665197026e-06,1,K C B,K,True,True,1.0728830375228426e-06,-0.291015625,0.4277552366256714,False,0.5581884980201721
train-004660-7b216b0ca8bd5f27,10,3,train,8872490443011350311,pointer,A,B,B,True,H,False,False,5.364403477869928e-06,12.5625,-17.25,12.5625,7.862008108682697e-05,1,B C A,B,True,True,0.009593809954822063,0.00130462646484375,0.5003261566162109,False,0.6937997341156006
train-004660-7b216b0ca8bd5f27,10,4,train,8872490443011350311,pointer,A,X,X,True,H,False,False,0.00015793983766343445,10.5,-14.03125,10.5,0.001983019242841583,1,X S R,X,True,True,0.0001512651506345719,0.345703125,0.5855752229690552,False,0.8808637857437134
train-004660-7b216b0ca8bd5f27,10,5,train,8872490443011350311,pointer,A,Y,Y,True,H,False,False,7.30726242181845e-05,11.0625,-13.59375,11.0625,0.0009551790900550962,1,Y O X,Y,True,True,0.0031304187141358852,0.5859375,0.642432451248169,False,1.0284310579299927
train-004660-7b216b0ca8bd5f27,10,6,train,8872490443011350311,pointer,A,R,R,True,H,False,False,0.00157803890760988,8.1875,-10.53125,8.1875,0.01630773323512201,1,R S T,R,True,True,0.0051089925691485405,0.76953125,0.6834195256233215,False,1.1501777172088623
train-004660-7b216b0ca8bd5f27,10,7,train,8872490443011350311,pointer,A,V,V,True,H,False,False,0.0004848258395213634,9.4375,-11.6875,9.4375,0.005572678525428535,1,V Z E,V,True,True,0.0005865760613232851,1.0078125,0.7325918078422546,False,1.318979024887085
train-004660-7b216b0ca8bd5f27,10,8,train,8872490443011350311,pointer,A,L,L,True,H,False,False,0.00016819016309455037,10.6875,-12.625,10.6875,0.00212029258873019,1,L C D,L,True,True,0.0005305789527483284,1.1171875,0.7534666657447815,False,1.4002580642700195
train-004660-7b216b0ca8bd5f27,10,9,train,8872490443011350311,pointer,A,G,G,True,H,False,False,0.0006173135479912162,9.25,-11.75,9.25,0.006958637112269854,1,G E F,G,True,True,0.0001951265730895102,1.15625,0.7606506943702698,False,1.4298310279846191
train-004660-7b216b0ca8bd5f27,10,10,train,8872490443011350311,pointer,A,H,H,True,H,True,False,0.00035482310340739787,9.75,9.75,9.75,0.0041272413861057474,1,H X L,H,True,True,0.00030012393835932016,1.1015625,0.7505527138710022,True,0.28694531321525574
train-004660-7b216b0ca8bd5f27,10,11,train,8872490443011350311,pointer,A,S,,,H,False,True,,,-11.25,9.3125,0.005497019510705476,,S T R,S,,True,,1.15625,0.7606506943702698,,
train-004660-7b216b0ca8bd5f27,10,12,train,8872490443011350311,pointer,A,I,,,H,False,True,,,-11.53125,8.5,0.010653974683902499,,I L A,I,,True,,1.1640625,0.7620701193809509,,
train-013643-7083889b3b2dc152,12,1,train,8107473954491187538,pointer,C,E,E,True,C,False,False,1.5616295058862306e-05,11.84375,-11.84375,11.84375,0.00021469391944170337,1,E C G,E,True,True,2.145764938177308e-06,-0.3359375,0.41679665446281433,False,0.5392193794250488
train-013643-7083889b3b2dc152,12,2,train,8107473954491187538,pointer,C,C,C,True,C,True,False,2.0265558760002023e-06,14.84375,14.84375,14.84375,3.485290581041968e-05,1,C A D,C,True,True,1.311301275563892e-06,-0.25,0.43782350420951843,False,0.575939416885376
train-013643-7083889b3b2dc152,12,3,train,8107473954491187538,pointer,C,E,E,True,C,False,False,1.1086402082582936e-05,12.0625,-13.8125,12.0625,0.00015789760125777994,1,E A D,E,True,True,0.00038187362952157855,-0.03515625,0.4912118911743164,False,0.6757235527038574
train-013643-7083889b3b2dc152,12,4,train,8107473954491187538,pointer,C,C,C,True,C,True,False,5.8530047681415454e-05,10.6875,10.6875,10.6875,0.0007689345919923989,1,C A D,C,True,True,0.0005081792478449643,0.291015625,0.5722447633743286,False,0.8492041230201721
train-013643-7083889b3b2dc152,12,5,train,8107473954491187538,pointer,C,E,E,True,C,False,False,5.817244164063595e-05,10.5,-12.3125,10.5,0.0007272310394954028,1,E A D,E,True,True,0.00023636408150196075,0.4453125,0.6095241904258728,False,0.9403891563415527
train-013643-7083889b3b2dc152,12,6,train,8107473954491187538,pointer,C,C,C,True,C,True,False,8.356221951544285e-05,10.375,10.375,10.375,0.0010695445159790626,1,C A D,C,True,True,0.000794214429333806,0.6640625,0.6601723432540894,False,1.0793168544769287
train-013643-7083889b3b2dc152,12,7,train,8107473954491187538,pointer,C,E,E,True,C,False,False,6.5205356804654e-05,10.375,-12.25,10.375,0.0008072075548722994,1,E A D,E,True,True,0.0002810560108628124,0.71875,0.672331690788269,False,1.115753412246704
train-013643-7083889b3b2dc152,12,8,train,8107473954491187538,pointer,C,C,C,True,C,True,False,9.727005090098828e-05,10.1875,10.1875,10.1875,0.00122786883781601,1,C A D,C,True,True,0.0008465044084005058,0.85546875,0.7017130851745605,False,1.2096993923187256
train-013643-7083889b3b2dc152,12,9,train,8107473954491187538,pointer,C,E,E,True,C,False,False,6.937739817658439e-05,10.3125,-12.1875,10.3125,0.0008555258335583503,1,E A D,E,True,True,0.0002798642381094396,0.8515625,0.700894832611084,False,1.2069599628448486
train-013643-7083889b3b2dc152,12,10,train,8107473954491187538,pointer,C,C,C,True,C,True,False,9.738924563862383e-05,10.1875,10.1875,10.1875,0.0012280363475782787,1,C A D,C,True,True,0.0008475763606838882,0.94140625,0.7193835973739624,False,1.2707667350769043
train-013643-7083889b3b2dc152,12,11,train,8107473954491187538,pointer,C,E,E,True,C,False,False,6.222531374078244e-05,10.4375,-12.25,10.4375,0.0007753847378024118,1,E A D,E,True,True,0.00026222606538794935,0.90625,0.7122321724891663,False,1.2456012964248657
train-013643-7083889b3b2dc152,12,12,train,8107473954491187538,pointer,C,C,C,True,C,True,False,9.83428253675811e-05,10.1875,10.1875,10.1875,0.001238332263386119,1,C A D,C,True,True,0.0008459088858217001,0.98046875,0.7272012233734131,True,0.31855207681655884
train-009819-ea3721f54f8df566,1,1,train,16876995466079630694,pointer,L,E,E,True,E,True,False,7.867782187531702e-06,13.25,13.25,13.25,0.00011884675901503861,1,E A F,E,True,True,3.814689989667386e-06,0.00701904296875,0.5017547607421875,True,0.6896438002586365
train-009819-ea3721f54f8df566,1,2,train,16876995466079630694,pointer,L,J,,,E,False,True,,,-16.8125,7.5,0.0047908283130253,,J X U,J,,True,,-0.08837890625,0.47791963815689087,,
train-009819-ea3721f54f8df566,1,3,train,16876995466079630694,pointer,L,X,,,E,False,True,,,-13.15625,11.875,0.0005925263354653829,,X S A,X,,True,,0.1884765625,0.5469801425933838,,
train-009819-ea3721f54f8df566,1,4,train,16876995466079630694,pointer,L,D,,,E,False,True,,,-10.6875,10.5625,0.0015184987836551857,,D B E,D,,True,,0.515625,0.6261242032051086,,
train-009819-ea3721f54f8df566,1,5,train,16876995466079630694,pointer,L,K,,,E,False,True,,,-12.03125,9.5625,0.0051134829276476956,,K R L,K,,True,,0.65625,0.6584175229072571,,
train-009819-ea3721f54f8df566,1,6,train,16876995466079630694,pointer,L,Z,,,E,False,True,,,-12.71875,9.4375,0.00572974425975396,,Z X U,Z,,True,,0.8671875,0.7041601538658142,,
train-009819-ea3721f54f8df566,1,7,train,16876995466079630694,pointer,L,A,,,E,False,True,,,-13.375,11.75,0.0008086320931710252,,A B K,A,,True,,0.87109375,0.7049732804298401,,
train-009819-ea3721f54f8df566,1,8,train,16876995466079630694,pointer,L,C,,,E,False,True,,,-11.6875,8.75,0.006336969170937082,,C A D,C,,True,,0.9765625,0.7264255881309509,,
train-009819-ea3721f54f8df566,1,9,train,16876995466079630694,pointer,L,D,,,E,False,True,,,-12.5,11.5,0.000603642496262659,,D B C,D,,True,,1.0,0.7310585975646973,,
train-009819-ea3721f54f8df566,1,10,train,16876995466079630694,pointer,L,K,,,E,False,True,,,-12.5,9.6875,0.0038752926582171976,,K R L,K,,True,,0.9140625,0.7138307690620422,,
train-009819-ea3721f54f8df566,1,11,train,16876995466079630694,pointer,L,Z,,,E,False,True,,,-12.65625,9.625,0.005093627546748358,,Z X U,Z,,True,,1.03125,0.7371581792831421,,
train-009819-ea3721f54f8df566,1,12,train,16876995466079630694,pointer,L,A,,,E,False,True,,,-13.4375,11.75,0.0008035516552489296,,A B K,A,,True,,0.96875,0.7248703241348267,,
train-032293-df1a7f6a1875f360,2,1,train,16076301913506050912,pointer,K,E,E,True,V,False,False,1.0609570381348021e-05,12.9375,-18.46875,12.9375,0.00015507050837460624,1,E A G,E,True,True,2.7418097943154862e-06,-0.1591796875,0.4602888524532318,False,0.6167212724685669
train-032293-df1a7f6a1875f360,2,2,train,16076301913506050912,pointer,K,V,V,True,V,True,False,1.5497195136049413e-06,14.375,14.375,14.375,2.4726102762383076e-05,1,V Z C,V,True,True,3.576272320060525e-06,-0.138671875,0.4653875231742859,True,0.7648849487304688
train-032293-df1a7f6a1875f360,2,3,train,16076301913506050912,pointer,K,W,,,V,False,True,,,-13.6875,12.375,0.00027658002045468397,,W L Z,W,,True,,0.1953125,0.5486735105514526,,
train-032293-df1a7f6a1875f360,2,4,train,16076301913506050912,pointer,K,Q,,,V,False,True,,,-14.15625,9.25,0.0017824370195965399,,Q P O,Q,,True,,0.515625,0.6261242032051086,,
train-032293-df1a7f6a1875f360,2,5,train,16076301913506050912,pointer,K,D,,,V,False,True,,,-13.6875,10.4375,0.0015204737087054787,,D E C,D,,True,,0.77734375,0.6851073503494263,,
train-032293-df1a7f6a1875f360,2,6,train,16076301913506050912,pointer,K,I,,,V,False,True,,,-12.6875,10.1875,0.0027597572968415737,,I P X,I,,True,,0.85546875,0.7017130851745605,,
train-032293-df1a7f6a1875f360,2,7,train,16076301913506050912,pointer,K,U,,,V,False,True,,,-12.6875,9.5625,0.0015762173559144602,,U A I,U,,True,,0.84375,0.6992544531822205,,
train-032293-df1a7f6a1875f360,2,8,train,16076301913506050912,pointer,K,F,,,V,False,True,,,-12.875,9.375,0.004824972967089866,,F T R,F,,True,,0.95703125,0.722527027130127,,
train-032293-df1a7f6a1875f360,2,9,train,16076301913506050912,pointer,K,H,,,V,False,True,,,-11.75,9.625,0.006283711920814113,,H X A,H,,True,,1.0078125,0.7325918078422546,,
train-032293-df1a7f6a1875f360,2,10,train,16076301913506050912,pointer,K,T,,,V,False,True,,,-11.1875,9.0,0.005429630044320206,,T W Q,T,,True,,1.0078125,0.7325918078422546,,
train-032293-df1a7f6a1875f360,2,11,train,16076301913506050912,pointer,K,X,,,V,False,True,,,-12.21875,9.625,0.004035959739763798,,X A S,X,,True,,1.046875,0.740174412727356,,
train-032293-df1a7f6a1875f360,2,12,train,16076301913506050912,pointer,K,N,,,V,False,True,,,-14.03125,10.9375,0.0010783528122310752,,N M O,N,,True,,1.0546875,0.74167400598526,,
train-034436-256b6d7f82ba5763,3,1,train,2696369196332898147,pointer,P,Q,Q,True,T,False,False,2.145764938177308e-06,13.5625,-20.4296875,13.5625,3.3254642587738266e-05,1,Q P K,Q,True,True,3.099436753473128e-06,-0.419921875,0.3965354859828949,False,0.5050680041313171
train-034436-256b6d7f82ba5763,3,2,train,2696369196332898147,pointer,P,X,X,True,T,False,False,-0.0,18.9375,-19.8125,18.9375,7.056384209360096e-07,1,X A Q,X,True,True,6.9141146923357155e-06,-0.37109375,0.40827676653862,False,0.5247162580490112
train-034436-256b6d7f82ba5763,3,3,train,2696369196332898147,pointer,P,T,T,True,T,True,False,2.7656173188006505e-05,12.25,12.25,12.25,0.000395275954314878,1,T A S,T,True,True,0.0012821081327274442,-0.000926971435546875,0.4997682571411133,True,0.6936107873916626
train-034436-256b6d7f82ba5763,3,4,train,2696369196332898147,pointer,P,H,,,T,False,True,,,-11.1875,10.375,0.003732331087256192,,H L I,H,,True,,0.357421875,0.5884162187576294,,
train-034436-256b6d7f82ba5763,3,5,train,2696369196332898147,pointer,P,M,,,T,False,True,,,-10.4375,9.0,0.008300571505788326,,M S N,M,,True,,0.6484375,0.6566582322120667,,
train-034436-256b6d7f82ba5763,3,6,train,2696369196332898147,pointer,P,K,,,T,False,True,,,-12.65625,11.25,0.0010014545299645752,,K F L,K,,True,,0.7578125,0.6808785796165466,,
train-034436-256b6d7f82ba5763,3,7,train,2696369196332898147,pointer,P,E,,,T,False,True,,,-12.9375,9.6875,0.004689152400408973,,E F G,E,,True,,0.8984375,0.7106282711029053,,
train-034436-256b6d7f82ba5763,3,8,train,2696369196332898147,pointer,P,R,,,T,False,True,,,-10.8125,10.8125,0.0018678386292633007,,R T S,R,,True,,1.015625,0.7341195344924927,,
train-034436-256b6d7f82ba5763,3,9,train,2696369196332898147,pointer,P,F,,,T,False,True,,,-11.8125,11.5625,0.000939632916836794,,F G M,F,,True,,1.0703125,0.7446563243865967,,
train-034436-256b6d7f82ba5763,3,10,train,2696369196332898147,pointer,P,C,,,T,False,True,,,-10.9375,9.3125,0.006683339606697695,,C D S,C,,True,,1.171875,0.7634837031364441,,
train-034436-256b6d7f82ba5763,3,11,train,2696369196332898147,pointer,P,W,,,T,False,True,,,-10.625,9.3125,0.009080958029834881,,W V L,W,,True,,1.2421875,0.7759445905685425,,
train-034436-256b6d7f82ba5763,3,12,train,2696369196332898147,pointer,P,O,,,T,False,True,,,-14.03125,11.6875,0.0007008764964901218,,O P A,O,,True,,1.125,0.7549149990081787,,
train-001236-2b1edb1fa7ee3309,4,1,train,3107161721940095753,pointer,L,V,V,True,P,False,False,-0.0,17.90625,-22.828125,17.90625,1.2678121190556183e-06,1,V Z U,V,True,True,1.5497195136049413e-06,-0.375,0.4073334038257599,False,0.5231232643127441
train-001236-2b1edb1fa7ee3309,4,2,train,3107161721940095753,pointer,L,G,G,True,P,False,False,2.50339189733495e-06,13.625,-19.859375,13.625,4.07105513191379e-05,1,G C E,G,True,True,1.0609570381348021e-05,-0.3671875,0.40922078490257263,False,0.5263129472732544
train-001236-2b1edb1fa7ee3309,4,3,train,3107161721940095753,pointer,L,T,T,True,P,False,False,5.745722592109814e-05,11.375,-12.65625,11.375,0.0007720871622912723,1,T D S,T,True,True,0.005511564668267965,-0.00970458984375,0.4975738823413849,False,0.6883066892623901
train-001236-2b1edb1fa7ee3309,4,4,train,3107161721940095753,pointer,L,P,P,True,P,True,False,0.00016318420239258558,10.9375,10.9375,10.9375,0.002067511299041402,1,P A M,P,True,True,0.0009979988681152463,0.37890625,0.5936092734336853,True,0.5215339660644531
train-001236-2b1edb1fa7ee3309,4,5,train,3107161721940095753,pointer,L,Z,,,P,False,True,,,-14.40625,11.3125,0.0010057710067130526,,Z U X,Z,,True,,0.58203125,0.6415346264839172,,
train-001236-2b1edb1fa7ee3309,4,6,train,3107161721940095753,pointer,L,C,,,P,False,True,,,-10.75,8.5,0.007850168661112156,,C D A,C,,True,,0.80859375,0.6918097138404846,,
train-001236-2b1edb1fa7ee3309,4,7,train,3107161721940095753,pointer,L,J,,,P,False,True,,,-12.5625,10.9375,0.0015135792232338686,,J D L,J,,True,,0.7578125,0.6808785796165466,,
train-001236-2b1edb1fa7ee3309,4,8,train,3107161721940095753,pointer,L,D,,,P,False,True,,,-9.5625,7.4375,0.02908359022403843,,D C S,D,,True,,0.83984375,0.6984323263168335,,
train-001236-2b1edb1fa7ee3309,4,9,train,3107161721940095753,pointer,L,H,,,P,False,True,,,-11.46875,9.125,0.005579533924250256,,H X L,H,,True,,0.9140625,0.7138307690620422,,
train-001236-2b1edb1fa7ee3309,4,10,train,3107161721940095753,pointer,L,Y,,,P,False,True,,,-11.75,10.0,0.003485664781503445,,Y L X,Y,,True,,1.0234375,0.735641598701477,,
train-001236-2b1edb1fa7ee3309,4,11,train,3107161721940095753,pointer,L,N,,,P,False,True,,,-14.53125,11.25,0.0008858258594536017,,N M O,N,,True,,0.953125,0.7217432260513306,,
train-001236-2b1edb1fa7ee3309,4,12,train,3107161721940095753,pointer,L,A,,,P,False,True,,,-13.25,6.125,0.037375704607139376,,A Z X,A,,True,,0.96875,0.7248703241348267,,
train-004081-a94953a1e320f07a,5,1,train,12198373020475125882,pointer,S,Q,Q,True,X,False,False,3.576278118089249e-07,15.5625,-22.7784423828125,15.5625,6.815432938166132e-06,1,Q K R,Q,True,True,8.34461570775602e-06,-0.4765625,0.3830641508102417,False,0.4829902648925781
train-004081-a94953a1e320f07a,5,2,train,12198373020475125882,pointer,S,L,L,True,X,False,False,2.3841830625315197e-06,13.9375,-18.34375,13.9375,3.7347880397476527e-05,1,L C I,L,True,True,5.602820692729438e-06,-0.447265625,0.3900110721588135,False,0.4943144917488098
train-004081-a94953a1e320f07a,5,3,train,12198373020475125882,pointer,S,H,H,True,X,False,False,8.40390202938579e-05,10.625,-12.0625,10.625,0.0010922529542295952,1,H L I,H,True,True,0.00018142008048016578,-0.03369140625,0.4915779232978821,False,0.6764433979988098
train-004081-a94953a1e320f07a,5,4,train,12198373020475125882,pointer,S,V,V,True,X,False,False,0.00011526874004630372,10.875,-13.125,10.875,0.0014735874227680692,1,V E L,V,True,True,0.0002525725867599249,0.33984375,0.5841525793075562,False,0.8774368762969971
train-004081-a94953a1e320f07a,5,5,train,12198373020475125882,pointer,S,X,X,True,X,True,False,0.00028046013903804123,10.25,10.25,10.25,0.0033643022080431157,1,X I U,X,True,True,0.002781928749755025,0.59765625,0.6451199054718018,True,0.4383190870285034
train-004081-a94953a1e320f07a,5,6,train,12198373020475125882,pointer,S,S,,,X,False,True,,,-11.65625,9.875,0.003091300877817527,,S I T,S,,True,,0.73046875,0.6749081611633301,,
train-004081-a94953a1e320f07a,5,7,train,12198373020475125882,pointer,S,Q,,,X,False,True,,,-13.6875,10.0,0.00214848357774484,,Q A K,Q,,True,,0.8671875,0.7041601538658142,,
train-004081-a94953a1e320f07a,5,8,train,12198373020475125882,pointer,S,L,,,X,False,True,,,-11.75,10.6875,0.002186686422141943,,L D N,L,,True,,1.0078125,0.7325918078422546,,
train-004081-a94953a1e320f07a,5,9,train,12198373020475125882,pointer,S,H,,,X,False,True,,,-9.875,8.75,0.00648950730089191,,H L I,H,,True,,1.109375,0.7520126104354858,,
train-004081-a94953a1e320f07a,5,10,train,12198373020475125882,pointer,S,V,,,X,False,True,,,-12.4375,10.125,0.0026497852326092513,,V E L,V,,True,,1.15625,0.7606506943702698,,
train-004081-a94953a1e320f07a,5,11,train,12198373020475125882,pointer,S,X,,,X,True,True,,,10.125,10.125,0.003869480333728653,,X I U,X,,True,,1.15625,0.7606506943702698,,
train-004081-a94953a1e320f07a,5,12,train,12198373020475125882,pointer,S,S,,,X,False,True,,,-11.65625,9.875,0.003151182532356944,,S I T,S,,True,,1.109375,0.7520126104354858,,
train-033557-44eacc919581c788,6,1,train,4966006464780027784,pointer,Y,P,P,True,O,False,False,5.960462772236497e-07,16.03125,-17.90625,16.03125,1.1150872850564258e-05,1,P C B,P,True,True,1.1920928244535389e-07,-0.5859375,0.3575674891471863,False,0.4424935579299927
train-033557-44eacc919581c788,6,2,train,4966006464780027784,pointer,Y,H,H,True,O,False,False,1.6689286894688848e-06,14.6875,-15.6875,14.6875,2.687021324483848e-05,1,H X I,H,True,True,5.8412379075889476e-06,-0.51171875,0.3747906982898712,False,0.46966880559921265
train-033557-44eacc919581c788,6,3,train,4966006464780027784,pointer,Y,E,E,True,O,False,False,2.276871418871451e-05,11.6875,-14.8125,11.6875,0.00031042537943038557,1,E C D,E,True,True,0.0002790300059132278,-0.1396484375,0.4651445150375366,False,0.625758707523346
train-033557-44eacc919581c788,6,4,train,4966006464780027784,pointer,Y,J,J,True,O,False,False,1.4662635294371285e-05,13.0,-15.40625,13.0,0.00022085064132352188,1,J Z T,J,True,True,0.0024091764353215694,0.1396484375,0.5348554849624634,False,0.765407145023346
train-033557-44eacc919581c788,6,5,train,4966006464780027784,pointer,Y,U,U,True,O,False,False,0.0001070442158379592,11.25,-12.75,11.25,0.0013983282144604313,1,U D A,U,True,True,0.0004343043256085366,0.373046875,0.5921949744224548,False,0.8969662189483643
train-033557-44eacc919581c788,6,6,train,4966006464780027784,pointer,Y,O,O,True,O,True,False,5.209310256759636e-05,10.4375,10.4375,10.4375,0.0006580985094038022,1,O U N,O,True,True,0.0041558099910616875,0.53515625,0.6306849718093872,True,0.4609488844871521
train-033557-44eacc919581c788,6,7,train,4966006464780027784,pointer,Y,A,,,O,False,True,,,-11.25,10.9375,0.0027209046826702434,,A U D,A,,True,,0.75390625,0.6800292134284973,,
train-033557-44eacc919581c788,6,8,train,4966006464780027784,pointer,Y,S,,,O,False,True,,,-13.3125,9.9375,0.0031282172689824526,,S A T,S,,True,,0.86328125,0.703345775604248,,
train-033557-44eacc919581c788,6,9,train,4966006464780027784,pointer,Y,L,,,O,False,True,,,-11.625,10.5625,0.0014380648591286436,,L N D,L,,True,,0.95703125,0.722527027130127,,
train-033557-44eacc919581c788,6,10,train,4966006464780027784,pointer,Y,K,,,O,False,True,,,-15.15625,13.0625,0.00031287078365716344,,K R H,K,,True,,0.921875,0.7154240012168884,,
train-033557-44eacc919581c788,6,11,train,4966006464780027784,pointer,Y,Z,,,O,False,True,,,-12.15625,9.75,0.004153991301078284,,Z Q U,Z,,True,,1.015625,0.7341195344924927,,
train-033557-44eacc919581c788,6,12,train,4966006464780027784,pointer,Y,M,,,O,False,True,,,-11.65625,10.125,0.0028217171798425016,,M N L,M,,True,,1.0234375,0.735641598701477,,
train-004074-469e2a776b001a6f,8,1,train,5088551321359882863,pointer,A,H,H,True,N,False,False,1.311301275563892e-06,15.125,-17.90625,15.125,2.480304489298858e-05,1,H M I,H,True,True,4.768370445162873e-07,-0.4453125,0.3904758393764496,False,0.49507665634155273
train-004074-469e2a776b001a6f,8,2,train,5088551321359882863,pointer,A,O,O,True,N,False,False,7.152555099310121e-07,14.875,-17.1875,14.875,1.3133275316607585e-05,1,O A M,O,True,True,1.1205610462639015e-05,-0.392578125,0.4030968248844147,False,0.5160003900527954
train-004074-469e2a776b001a6f,8,3,train,5088551321359882863,pointer,A,M,M,True,N,False,False,0.00015186110977083445,10.25,-11.3125,10.25,0.0019018345488070207,1,M S N,M,True,True,0.0009682258241809905,0.048828125,0.5122045874595642,False,0.7178592085838318
train-004074-469e2a776b001a6f,8,4,train,5088551321359882863,pointer,A,F,F,True,N,False,False,0.03630497306585312,4.8125,-8.0625,4.8125,0.24699765466768667,1,F A X,F,True,True,0.0014456784119829535,0.37109375,0.5917232036590576,False,0.8958100080490112
train-004074-469e2a776b001a6f,8,5,train,5088551321359882863,pointer,A,L,L,True,N,False,False,0.00018821375851985067,10.3125,-11.5,10.3125,0.0023436306631660305,1,L A D,L,True,True,0.0010458719916641712,0.67578125,0.6627964973449707,False,1.0870685577392578
train-004074-469e2a776b001a6f,8,6,train,5088551321359882863,pointer,A,Z,Z,True,N,False,False,0.00021514961554203182,9.4375,-13.46875,9.4375,0.0025426903134215403,1,Z X T,Z,True,True,0.0002914242504630238,0.78515625,0.6867902874946594,False,1.1608824729919434
train-004074-469e2a776b001a6f,8,7,train,5088551321359882863,pointer,A,K,K,True,N,False,False,0.00020597243565134704,10.6875,-10.875,10.6875,0.0025365398811406626,1,K M R,K,True,True,0.0003846143954433501,0.85546875,0.7017130851745605,False,1.2096993923187256
train-004074-469e2a776b001a6f,8,8,train,5088551321359882863,pointer,A,N,N,True,N,True,False,0.00011085849109804258,10.8125,10.8125,10.8125,0.0014226952179741937,1,N O M,N,True,True,0.0021305023692548275,0.875,0.7057850360870361,True,0.3484445810317993
train-004074-469e2a776b001a6f,8,9,train,5088551321359882863,pointer,A,G,,,N,False,True,,,-12.5,10.0625,0.003476434393152116,,G K X,G,,True,,0.92578125,0.7162185907363892,,
train-004074-469e2a776b001a6f,8,10,train,5088551321359882863,pointer,A,W,,,N,False,True,,,-11.375,8.5625,0.0112670234896435,,W V S,W,,True,,1.0859375,0.7476159334182739,,
train-004074-469e2a776b001a6f,8,11,train,5088551321359882863,pointer,A,I,,,N,False,True,,,-10.375,9.8125,0.003760069769609279,,I P T,I,,True,,1.1328125,0.7563575506210327,,
train-004074-469e2a776b001a6f,8,12,train,5088551321359882863,pointer,A,S,,,N,False,True,,,-10.625,8.3125,0.013824177915595258,,S V U,S,,True,,1.21875,0.7718434929847717,,
train-026854-5873933bbf314402,10,1,train,6373599782479414274,pointer,Q,N,N,True,N,True,False,2.145764938177308e-06,13.9375,13.9375,13.9375,3.4081250523895914e-05,1,N Q M,N,True,True,3.576278118089249e-07,-0.298828125,0.4258439540863037,False,0.5548540949821472
train-026854-5873933bbf314402,10,2,train,6373599782479414274,pointer,Q,E,E,True,N,False,False,1.7881233361549675e-05,12.25,-13.5,12.25,0.0002587369314653728,1,E D C,E,True,True,4.7205765440594405e-05,-0.326171875,0.41917234659194946,False,0.5433012247085571
train-026854-5873933bbf314402,10,3,train,6373599782479414274,pointer,Q,Q,Q,True,N,False,False,1.311301275563892e-06,15.3125,-19.59375,15.3125,2.288317035990842e-05,1,Q O A,Q,True,True,0.008370554074645042,0.01153564453125,0.5028838515281677,False,0.6989316344261169
train-026854-5873933bbf314402,10,4,train,6373599782479414274,pointer,Q,N,N,True,N,True,False,0.00017069313616957515,9.5625,9.5625,9.5625,0.0020257913123658123,1,N Q K,N,True,True,0.0002982171718031168,0.28515625,0.5708099007606506,False,0.8458553552627563
train-026854-5873933bbf314402,10,5,train,6373599782479414274,pointer,Q,E,E,True,N,False,False,0.0006789048202335835,8.9375,-9.375,8.9375,0.0074623801879174076,1,E D N,E,True,True,0.0005158047424629331,0.51171875,0.6252092719078064,False,0.9813875555992126
train-026854-5873933bbf314402,10,6,train,6373599782479414274,pointer,Q,Q,Q,True,N,False,False,5.94836674281396e-05,11.4375,-15.09375,11.4375,0.0008000531298253113,1,Q O A,Q,True,True,0.0016455217264592648,0.67578125,0.6627964973449707,False,1.0870685577392578
train-026854-5873933bbf314402,10,7,train,6373599782479414274,pointer,Q,N,N,True,N,True,False,0.00022504181833937764,9.5,9.5,9.5,0.002653743159627793,1,N Q K,N,True,True,0.0005181877058930695,0.75390625,0.6800292134284973,False,1.1395256519317627
train-026854-5873933bbf314402,10,8,train,6373599782479414274,pointer,Q,E,E,True,N,False,False,0.0006817638641223311,8.9375,-9.375,8.9375,0.007494188564987967,1,E D N,E,True,True,0.0005532164941541851,0.84375,0.6992544531822205,False,1.2014906406402588
train-026854-5873933bbf314402,10,9,train,6373599782479414274,pointer,Q,Q,Q,True,N,False,False,5.972207145532593e-05,11.4375,-15.125,11.4375,0.0008028212138724256,1,Q O A,Q,True,True,0.0019701372366398573,0.90234375,0.7114308476448059,False,1.2428207397460938
train-026854-5873933bbf314402,10,10,train,6373599782479414274,pointer,Q,N,N,True,N,True,False,0.00021646064124070108,9.5625,9.5625,9.5625,0.0025681388145830553,1,N Q K,N,True,True,0.0005479741375893354,0.90234375,0.7114308476448059,True,0.34047701954841614
train-026854-5873933bbf314402,10,11,train,6373599782479414274,pointer,Q,E,,,N,False,True,,,-9.3125,8.875,0.007835861400684352,,E D N,E,,True,,0.94921875,0.7209580540657043,,
train-026854-5873933bbf314402,10,12,train,6373599782479414274,pointer,Q,Q,,,N,False,True,,,-15.125,11.4375,0.0008076352082982375,,Q O A,Q,,True,,0.97265625,0.7256485819816589,,
train-011168-87293f2ee627e44d,12,1,train,9739385139827827789,pointer,X,N,N,True,C,False,False,3.576272320060525e-06,13.8125,-16.09375,13.8125,5.71472837561187e-05,1,N Q M,N,True,True,1.0728830375228426e-06,-0.404296875,0.4002804160118103,False,0.5112930536270142
train-011168-87293f2ee627e44d,12,2,train,9739385139827827789,pointer,X,U,U,True,C,False,False,5.125986263010418e-06,12.8125,-15.875,12.8125,7.80438048046079e-05,1,U N D,U,True,True,4.589452510117553e-05,-0.365234375,0.40969306230545044,False,0.527112603187561
train-011168-87293f2ee627e44d,12,3,train,9739385139827827789,pointer,X,A,A,True,C,False,False,1.2040065485052764e-05,13.0,-14.9375,13.0,0.00018070772347720363,1,A U B,A,True,True,0.0006470970110967755,-0.052734375,0.48681944608688354,False,0.6671276092529297
train-011168-87293f2ee627e44d,12,4,train,9739385139827827789,pointer,X,I,I,True,C,False,False,0.0002138386043952778,10.0625,-12.28125,10.0625,0.0026206193624657135,1,I S A,I,True,True,0.00023815179883968085,0.287109375,0.5712883472442627,False,0.8469706773757935
train-011168-87293f2ee627e44d,12,5,train,9739385139827827789,pointer,X,J,J,True,C,False,False,3.290122185717337e-05,11.75,-13.9375,11.75,0.00046601344127738474,1,J K D,J,True,True,0.003411784302443266,0.41015625,0.6011253595352173,False,0.9191080331802368
train-011168-87293f2ee627e44d,12,6,train,9739385139827827789,pointer,X,G,G,True,C,False,False,0.00048375347978435457,9.5,-10.5625,9.5,0.005549635867741672,1,G E F,G,True,True,0.0004936429904773831,0.6875,0.665410578250885,False,1.094851016998291
train-011168-87293f2ee627e44d,12,7,train,9739385139827827789,pointer,X,V,V,True,C,False,False,0.00026055757189169526,9.9375,-12.4375,9.9375,0.0031110248666198605,1,V E D,V,True,True,0.0002802217786666006,0.88671875,0.7082125544548035,False,1.2317297458648682
train-011168-87293f2ee627e44d,12,8,train,9739385139827827789,pointer,X,R,R,True,C,False,False,0.000303818320389837,10.4375,-10.875,10.4375,0.0036667708695862365,1,R D Q,R,True,True,0.0006711614551022649,1.0859375,0.7476159334182739,False,1.3768033981323242
train-011168-87293f2ee627e44d,12,9,train,9739385139827827789,pointer,X,B,B,True,C,False,False,0.0001705739414319396,9.875,-9.875,9.875,0.0020709553526467254,1,B C D,B,True,True,0.000486970558995381,1.1015625,0.7505527138710022,False,1.3885078430175781
train-011168-87293f2ee627e44d,12,10,train,9739385139827827789,pointer,X,Y,Y,True,C,False,False,0.00014757021563127637,10.625,-12.28125,10.625,0.0018747353620319626,1,Y Z K,Y,True,True,0.000871040450874716,1.078125,0.7461389899253845,False,1.3709683418273926
train-011168-87293f2ee627e44d,12,11,train,9739385139827827789,pointer,X,W,W,True,C,False,False,7.795983401592821e-05,11.0,-13.40625,11.0,0.0010290923271059525,1,W S V,W,True,True,0.00042381841922178864,1.1328125,0.7563575506210327,False,1.4120535850524902
train-011168-87293f2ee627e44d,12,12,train,9739385139827827789,pointer,X,C,C,True,C,True,False,8.77341881277971e-05,11.0625,11.0625,11.0625,0.0011414583953206206,1,C D A,C,True,True,0.0009603655780665576,1.125,0.7549149990081787,True,0.28115013241767883
train-024255-99b2b8f40a41b8fb,1,1,train,11075117791941081339,pointer,L,J,J,True,J,True,False,7.152555099310121e-07,15.125,15.125,15.125,1.2437877867701695e-05,1,J B C,J,True,True,5.960462772236497e-07,-0.038818359375,0.4902966022491455,True,0.7127447128295898
train-024255-99b2b8f40a41b8fb,1,2,train,11075117791941081339,pointer,L,U,,,J,False,True,,,-17.59375,15.0,2.4283643886313612e-05,,U L D,U,,True,,-0.10009765625,0.4749964475631714,,
train-024255-99b2b8f40a41b8fb,1,3,train,11075117791941081339,pointer,L,R,,,J,False,True,,,-15.09375,12.0625,0.00032744028981047864,,R Q S,R,,True,,0.17578125,0.543832540512085,,
train-024255-99b2b8f40a41b8fb,1,4,train,11075117791941081339,pointer,L,L,,,J,False,True,,,-13.125,10.75,0.0016998556274238086,,L W D,L,,True,,0.462890625,0.6136996746063232,,
train-024255-99b2b8f40a41b8fb,1,5,train,11075117791941081339,pointer,L,J,,,J,True,True,,,8.6875,8.6875,0.006676145110428013,,J L K,J,,True,,0.61328125,0.6486889719963074,,
train-024255-99b2b8f40a41b8fb,1,6,train,11075117791941081339,pointer,L,U,,,J,False,True,,,-12.09375,9.125,0.006461250157760106,,U A L,U,,True,,0.73046875,0.6749081611633301,,
train-024255-99b2b8f40a41b8fb,1,7,train,11075117791941081339,pointer,L,R,,,J,False,True,,,-12.5625,9.9375,0.003564218970473415,,R Q S,R,,True,,0.84375,0.6992544531822205,,
train-024255-99b2b8f40a41b8fb,1,8,train,11075117791941081339,pointer,L,L,,,J,False,True,,,-12.5625,10.3125,0.0026569294538597668,,L D W,L,,True,,0.96484375,0.724090576171875,,
train-024255-99b2b8f40a41b8fb,1,9,train,11075117791941081339,pointer,L,J,,,J,True,True,,,8.4375,8.4375,0.007949199454438147,,J L K,J,,True,,0.97265625,0.7256485819816589,,
train-024255-99b2b8f40a41b8fb,1,10,train,11075117791941081339,pointer,L,U,,,J,False,True,,,-12.09375,9.125,0.006604858113870471,,U A L,U,,True,,0.984375,0.7279754281044006,,
train-024255-99b2b8f40a41b8fb,1,11,train,11075117791941081339,pointer,L,R,,,J,False,True,,,-12.5625,9.875,0.003657870210244005,,R S Q,R,,True,,1.015625,0.7341195344924927,,
train-024255-99b2b8f40a41b8fb,1,12,train,11075117791941081339,pointer,L,L,,,J,False,True,,,-12.59375,10.3125,0.002586419559914958,,L D W,L,,True,,1.078125,0.7461389899253845,,
train-015292-8519a988adcd4869,2,1,train,9590883285958740073,pointer,W,P,P,True,I,False,False,7.152555099310121e-07,15.8125,-19.53125,15.8125,1.2741977951094289e-05,1,P C G,P,True,True,1.1920928244535389e-07,-0.33203125,0.4177464544773102,False,0.5408493280410767
train-015292-8519a988adcd4869,2,2,train,9590883285958740073,pointer,W,I,I,True,I,True,False,3.576278118089249e-07,16.3125,16.3125,16.3125,7.304472814803325e-06,1,I S O,I,True,True,1.0251946150674485e-05,-0.306640625,0.4239349663257599,True,0.8581752777099609
train-015292-8519a988adcd4869,2,3,train,9590883285958740073,pointer,W,F,,,I,False,True,,,-16.40625,11.6875,0.0005818252911439419,,F C D,F,,True,,0.0634765625,0.515863835811615,,
train-015292-8519a988adcd4869,2,4,train,9590883285958740073,pointer,W,Y,,,I,False,True,,,-14.375,9.625,0.003158390837571117,,Y Z V,Y,,True,,0.41015625,0.6011253595352173,,
train-015292-8519a988adcd4869,2,5,train,9590883285958740073,pointer,W,Q,,,I,False,True,,,-12.6875,9.9375,0.003703015375431665,,Q R P,Q,,True,,0.6171875,0.6495786309242249,,
train-015292-8519a988adcd4869,2,6,train,9590883285958740073,pointer,W,A,,,I,False,True,,,-11.125,9.9375,0.002860129654770085,,A D X,A,,True,,0.72265625,0.6731916666030884,,
train-015292-8519a988adcd4869,2,7,train,9590883285958740073,pointer,W,T,,,I,False,True,,,-12.625,9.0625,0.0029981840276310586,,T S A,T,,True,,0.7265625,0.6740504503250122,,
train-015292-8519a988adcd4869,2,8,train,9590883285958740073,pointer,W,B,,,I,False,True,,,-15.40625,10.3125,0.0009425310360651558,,B C R,B,,True,,0.76171875,0.6817268133163452,,
train-015292-8519a988adcd4869,2,9,train,9590883285958740073,pointer,W,J,,,I,False,True,,,-11.75,10.875,0.001726735220042597,,J T K,J,,True,,0.8984375,0.7106282711029053,,
train-015292-8519a988adcd4869,2,10,train,9590883285958740073,pointer,W,C,,,I,False,True,,,-11.96875,8.9375,0.005784836826810711,,C D S,C,,True,,1.015625,0.7341195344924927,,
train-015292-8519a988adcd4869,2,11,train,9590883285958740073,pointer,W,H,,,I,False,True,,,-11.78125,9.75,0.003493884196241229,,H D A,H,,True,,1.03125,0.7371581792831421,,
train-015292-8519a988adcd4869,2,12,train,9590883285958740073,pointer,W,V,,,I,False,True,,,-11.25,9.0,0.004747240875804598,,V E L,V,,True,,1.1015625,0.7505527138710022,,
train-016931-8160259db0a157c6,3,1,train,9322492587860383686,pointer,B,P,P,True,R,False,False,1.1920922133867862e-06,15.375,-16.75,15.375,2.047653643660477e-05,1,P C L,P,True,True,3.576278118089249e-07,-0.421875,0.39606815576553345,False,0.5042939186096191
train-016931-8160259db0a157c6,3,2,train,9322492587860383686,pointer,B,L,L,True,R,False,False,1.6689286894688848e-06,14.6875,-17.71875,14.6875,2.7514039055929214e-05,1,L B C,L,True,True,1.0251946150674485e-05,-0.353515625,0.41253018379211426,False,0.5319303274154663
train-016931-8160259db0a157c6,3,3,train,9322492587860383686,pointer,B,R,R,True,R,True,False,8.702239938429557e-06,12.6875,12.6875,12.6875,0.00013071235932139662,1,R L K,R,True,True,0.01496693305671215,-0.0498046875,0.48755136132240295,True,0.7183595299720764
train-016931-8160259db0a157c6,3,4,train,9322492587860383686,pointer,B,W,,,R,False,True,,,-11.1875,10.0,0.003433945651851205,,W S A,W,,True,,0.349609375,0.5865228176116943,,
train-016931-8160259db0a157c6,3,5,train,9322492587860383686,pointer,B,G,,,R,False,True,,,-10.9375,10.125,0.002415630724135345,,G T W,G,,True,,0.71484375,0.671470582485199,,
train-016931-8160259db0a157c6,3,6,train,9322492587860383686,pointer,B,T,,,R,False,True,,,-11.5,10.875,0.0018429191667803733,,T D F,T,,True,,0.796875,0.6893056035041809,,
train-016931-8160259db0a157c6,3,7,train,9322492587860383686,pointer,B,U,,,R,False,True,,,-11.0,9.8125,0.0034659904606541957,,U A V,U,,True,,0.890625,0.709019124507904,,
train-016931-8160259db0a157c6,3,8,train,9322492587860383686,pointer,B,U,,,R,False,True,,,-12.09375,9.875,0.002970749609963791,,U V L,U,,True,,0.98828125,0.7287483215332031,,
train-016931-8160259db0a157c6,3,9,train,9322492587860383686,pointer,B,U,,,R,False,True,,,-11.0,9.4375,0.00594735349283407,,U A V,U,,True,,1.0390625,0.7386690378189087,,
train-016931-8160259db0a157c6,3,10,train,9322492587860383686,pointer,B,U,,,R,False,True,,,-10.9375,9.5625,0.005775446478804625,,U V A,U,,True,,1.046875,0.740174412727356,,
train-016931-8160259db0a157c6,3,11,train,9322492587860383686,pointer,B,U,,,R,False,True,,,-10.875,9.4375,0.0062705128954892286,,U V A,U,,True,,1.046875,0.740174412727356,,
train-016931-8160259db0a157c6,3,12,train,9322492587860383686,pointer,B,U,,,R,False,True,,,-10.875,9.5,0.006237823772083244,,U V A,U,,True,,1.046875,0.740174412727356,,
train-025068-98b407ebeb1e1885,4,1,train,11003428499416291461,pointer,J,F,F,True,J,False,False,6.198863957251888e-06,14.0,-14.59375,14.0,9.552289096209623e-05,1,F T C,F,True,True,5.960462772236497e-07,-0.392578125,0.4030968248844147,False,0.5160003900527954
train-025068-98b407ebeb1e1885,4,2,train,11003428499416291461,pointer,J,Z,Z,True,J,False,False,5.006777428206988e-06,12.875,-16.1875,12.875,7.326514677127051e-05,1,Z X U,Z,True,True,3.933898824470816e-06,-0.322265625,0.4201236963272095,False,0.5449404716491699
train-025068-98b407ebeb1e1885,4,3,train,11003428499416291461,pointer,J,S,S,True,J,False,False,2.6702524337451905e-05,12.3125,-15.375,12.3125,0.00038241115110946303,1,S U R,S,True,True,0.0005625095800496638,0.03955078125,0.5098863840103149,False,0.7131180763244629
train-025068-98b407ebeb1e1885,4,4,train,11003428499416291461,pointer,J,J,J,True,J,True,False,0.00010847456724150106,10.875,10.875,10.875,0.0013924141443337316,1,J K T,J,True,True,0.0020887479186058044,0.189453125,0.5472221374511719,True,0.602900505065918
train-025068-98b407ebeb1e1885,4,5,train,11003428499416291461,pointer,J,F,,,J,False,True,,,-9.4375,9.4375,0.006036660504707564,,F J T,F,,True,,0.55859375,0.6361271142959595,,
train-025068-98b407ebeb1e1885,4,6,train,11003428499416291461,pointer,J,Z,,,J,False,True,,,-11.4375,9.6875,0.0032760445967009878,,Z A U,Z,,True,,0.703125,0.66888028383255,,
train-025068-98b407ebeb1e1885,4,7,train,11003428499416291461,pointer,J,S,,,J,False,True,,,-13.21875,10.1875,0.002812333941126247,,S R V,S,,True,,0.90234375,0.7114308476448059,,
train-025068-98b407ebeb1e1885,4,8,train,11003428499416291461,pointer,J,J,,,J,True,True,,,10.3125,10.3125,0.002345883193720759,,J K T,J,,True,,0.8359375,0.6976089477539062,,
train-025068-98b407ebeb1e1885,4,9,train,11003428499416291461,pointer,J,F,,,J,False,True,,,-9.3125,9.3125,0.006255687891112279,,F J T,F,,True,,1.015625,0.7341195344924927,,
train-025068-98b407ebeb1e1885,4,10,train,11003428499416291461,pointer,J,Z,,,J,False,True,,,-11.375,9.5625,0.003673882256168843,,Z A U,Z,,True,,1.0234375,0.735641598701477,,
train-025068-98b407ebeb1e1885,4,11,train,11003428499416291461,pointer,J,S,,,J,False,True,,,-13.15625,10.125,0.0030453934298895194,,S R V,S,,True,,1.109375,0.7520126104354858,,
train-025068-98b407ebeb1e1885,4,12,train,11003428499416291461,pointer,J,J,,,J,True,True,,,10.1875,10.1875,0.0025565491051725685,,J K T,J,,True,,0.97265625,0.7256485819816589,,
train-024799-9b5a7074237022e7,5,1,train,11194383467895857895,pointer,W,E,E,True,L,False,False,1.5258672647178173e-05,12.25,-14.859375,12.25,0.00021678764397200807,1,E G A,E,True,True,4.410734163684538e-06,-0.388671875,0.4040370583534241,False,0.5175768136978149
train-024799-9b5a7074237022e7,5,2,train,11194383467895857895,pointer,W,I,I,True,L,False,False,2.3841830625315197e-06,14.1875,-15.875,14.1875,3.8773435635678115e-05,1,I S O,I,True,True,2.7894584491150454e-05,-0.306640625,0.4239349663257599,False,0.5515346527099609
train-024799-9b5a7074237022e7,5,3,train,11194383467895857895,pointer,W,L,L,True,L,True,False,2.3603161025675945e-05,11.9375,11.9375,11.9375,0.00033817767574093017,1,L I D,L,True,True,0.0003303935518488288,0.032470703125,0.5081169605255127,False,0.709514319896698
train-024799-9b5a7074237022e7,5,4,train,11194383467895857895,pointer,W,N,N,True,L,False,False,0.00020954797219019383,10.25,-10.375,10.25,0.0025665420309271135,1,N M L,N,True,True,0.0013848486123606563,0.353515625,0.5874698758125305,False,0.8854459524154663
train-024799-9b5a7074237022e7,5,5,train,11194383467895857895,pointer,W,L,L,True,L,True,False,0.0004204819560982287,8.5,8.5,8.5,0.004603947965260209,1,L N D,L,True,True,0.0022150760050863028,0.64453125,0.6557770371437073,True,0.42193442583084106
train-024799-9b5a7074237022e7,5,6,train,11194383467895857895,pointer,W,N,,,L,False,True,,,-8.4375,8.4375,0.00507740755191117,,N L M,N,,True,,0.85546875,0.7017130851745605,,
train-024799-9b5a7074237022e7,5,7,train,11194383467895857895,pointer,W,L,,,L,True,True,,,8.625,8.625,0.005085029095054485,,L N D,L,,True,,0.99609375,0.730289876461029,,
train-024799-9b5a7074237022e7,5,8,train,11194383467895857895,pointer,W,N,,,L,False,True,,,-8.5625,8.5625,0.004855155664669563,,N L M,N,,True,,1.09375,0.7490872144699097,,
train-024799-9b5a7074237022e7,5,9,train,11194383467895857895,pointer,W,L,,,L,True,True,,,8.6875,8.6875,0.005006592493182733,,L N D,L,,True,,1.15625,0.7606506943702698,,
train-024799-9b5a7074237022e7,5,10,train,11194383467895857895,pointer,W,N,,,L,False,True,,,-8.5625,8.5625,0.004928508986942521,,N L M,N,,True,,1.1953125,0.7676898241043091,,
train-024799-9b5a7074237022e7,5,11,train,11194383467895857895,pointer,W,L,,,L,True,True,,,8.625,8.625,0.005031301342234806,,L N D,L,,True,,1.21875,0.7718434929847717,,
train-024799-9b5a7074237022e7,5,12,train,11194383467895857895,pointer,W,N,,,L,False,True,,,-8.5625,8.5625,0.004917364865637557,,N L M,N,,True,,1.234375,0.7745833992958069,,
train-030524-a6e7463bb3d9a60b,6,1,train,12026658552150599179,pointer,M,P,P,True,Y,False,False,1.6689286894688848e-06,14.84375,-22.05078125,14.84375,2.9450698715440033e-05,1,P C G,P,True,True,1.1920928244535389e-07,-0.55078125,0.3656831681728363,False,0.4552067518234253
train-030524-a6e7463bb3d9a60b,6,2,train,12026658552150599179,pointer,M,B,B,True,Y,False,False,2.145764938177308e-06,13.6875,-23.171875,13.6875,3.272683050737088e-05,1,B P C,B,True,True,6.6756979322235566e-06,-0.5,0.3775406777858734,False,0.4740769863128662
train-030524-a6e7463bb3d9a60b,6,3,train,12026658552150599179,pointer,M,O,O,True,Y,False,False,7.986990567587782e-06,13.25,-16.5625,13.25,0.00012152745689177301,1,O Q P,O,True,True,0.006159489508718252,-0.115234375,0.47122326493263245,False,0.6371889710426331
train-030524-a6e7463bb3d9a60b,6,4,train,12026658552150599179,pointer,M,C,C,True,Y,False,False,5.8053239627042785e-05,11.9375,-15.09375,11.9375,0.0007899608834407778,1,C S A,C,True,True,0.0009155849111266434,0.26171875,0.5650587677955627,False,0.8325443267822266
train-030524-a6e7463bb3d9a60b,6,5,train,12026658552150599179,pointer,M,V,V,True,Y,False,False,0.000278195773717016,9.625,-11.3125,9.625,0.003294085905655045,1,V Z C,V,True,True,0.0001774868869688362,0.6484375,0.6566582322120667,False,1.0690290927886963
train-030524-a6e7463bb3d9a60b,6,6,train,12026658552150599179,pointer,M,Y,Y,True,Y,True,False,0.00013219437096267939,11.0,11.0,11.0,0.0016649545394432225,1,Y K R,Y,True,True,0.002317601814866066,0.78515625,0.6867902874946594,True,0.37572622299194336
train-030524-a6e7463bb3d9a60b,6,7,train,12026658552150599179,pointer,M,K,,,Y,False,True,,,-15.21875,11.0625,0.0011953884722524205,,K F D,K,,True,,0.8125,0.6926419734954834,,
train-030524-a6e7463bb3d9a60b,6,8,train,12026658552150599179,pointer,M,L,,,Y,False,True,,,-14.90625,9.9375,0.0027115249363314233,,L D N,L,,True,,0.8984375,0.7106282711029053,,
train-030524-a6e7463bb3d9a60b,6,9,train,12026658552150599179,pointer,M,A,,,Y,False,True,,,-13.78125,10.0,0.0040669861817859265,,A N R,A,,True,,0.953125,0.7217432260513306,,
train-030524-a6e7463bb3d9a60b,6,10,train,12026658552150599179,pointer,M,E,,,Y,False,True,,,-14.1875,7.875,0.014337916797323163,,E D C,E,,True,,0.9453125,0.7201715111732483,,
train-030524-a6e7463bb3d9a60b,6,11,train,12026658552150599179,pointer,M,I,,,Y,False,True,,,-14.875,10.9375,0.0016532864812385253,,I S Z,I,,True,,0.94921875,0.7209580540657043,,
train-030524-a6e7463bb3d9a60b,6,12,train,12026658552150599179,pointer,M,D,,,Y,False,True,,,-12.1875,8.6875,0.007892680116051813,,D E C,D,,True,,0.9453125,0.7201715111732483,,
train-020796-d564dde7c3497331,8,1,train,15376659015233270577,pointer,K,E,E,True,B,False,False,9.179073458653875e-06,12.71875,-15.640625,12.71875,0.00013588429409677267,1,E A G,E,True,True,3.3378546504536644e-06,-0.404296875,0.4002804160118103,False,0.5112930536270142
train-020796-d564dde7c3497331,8,2,train,15376659015233270577,pointer,K,Q,Q,True,B,False,False,3.576278118089249e-07,15.5625,-20.5625,15.5625,6.428460616016913e-06,1,Q P O,Q,True,True,7.986990567587782e-06,-0.34765625,0.4139508903026581,False,0.5343517065048218
train-020796-d564dde7c3497331,8,3,train,15376659015233270577,pointer,K,O,O,True,B,False,False,1.7881233361549675e-05,11.8125,-15.75,11.8125,0.0002530316124979257,1,O U Q,O,True,True,0.0021089711226522923,-0.07421875,0.4814538359642029,False,0.6567261815071106
train-020796-d564dde7c3497331,8,4,train,15376659015233270577,pointer,K,P,P,True,B,False,False,1.9788545614574105e-05,12.5,-14.75,12.5,0.0002915580043712779,1,P Y C,P,True,True,0.013145802542567253,0.1767578125,0.5440747737884521,False,0.7854264378547668
train-020796-d564dde7c3497331,8,5,train,15376659015233270577,pointer,K,Y,Y,True,B,False,False,0.00036030475166626275,9.8125,-12.8125,9.8125,0.004248656458746512,1,Y X K,Y,True,True,0.0004959068610332906,0.48828125,0.6197014451026917,False,0.9667986631393433
train-020796-d564dde7c3497331,8,6,train,15376659015233270577,pointer,K,G,G,True,B,False,False,0.0007717015105299652,8.625,-11.6875,8.625,0.008436069729794786,1,G E F,G,True,True,0.0003601856005843729,0.765625,0.6825737357139587,False,1.1475098133087158
train-020796-d564dde7c3497331,8,7,train,15376659015233270577,pointer,K,M,M,True,B,False,False,0.0008317348547279835,8.75,-12.0625,8.75,0.008925240498723707,1,M N S,M,True,True,0.0018499656580388546,0.8671875,0.7041601538658142,False,1.2179369926452637
train-020796-d564dde7c3497331,8,8,train,15376659015233270577,pointer,K,B,B,True,B,True,False,0.0007643162389285862,8.625,8.625,8.625,0.008302049825883222,1,B C N,B,True,True,0.010312722995877266,0.953125,0.7217432260513306,True,0.3260858654975891
train-020796-d564dde7c3497331,8,9,train,15376659015233270577,pointer,K,C,,,B,False,True,,,-13.15625,9.625,0.0028613456853958693,,C D R,C,,True,,1.0625,0.7431680560112,,
train-020796-d564dde7c3497331,8,10,train,15376659015233270577,pointer,K,U,,,B,False,True,,,-11.0625,10.1875,0.0023566621547094,,U L A,U,,True,,1.046875,0.740174412727356,,
train-020796-d564dde7c3497331,8,11,train,15376659015233270577,pointer,K,F,,,B,False,True,,,-11.1875,8.6875,0.010633675794805673,,F G E,F,,True,,1.1171875,0.7534666657447815,,
train-020796-d564dde7c3497331,8,12,train,15376659015233270577,pointer,K,Z,,,B,False,True,,,-11.75,9.375,0.007508479940569199,,Z S Q,Z,,True,,1.21875,0.7718434929847717,,
train-001933-375e70f2ba504574,10,1,train,3989750507707057524,pointer,J,K,K,True,R,False,False,1.1920928244535389e-07,16.5,-16.5,16.5,3.3849318714464152e-06,1,K R J,K,True,True,1.0728830375228426e-06,-0.369140625,0.40874868631362915,False,0.5255141258239746
train-001933-375e70f2ba504574,10,2,train,3989750507707057524,pointer,J,U,U,True,R,False,False,1.1920928244535389e-07,16.875,-19.03125,16.875,4.089765716174159e-06,1,U D T,U,True,True,2.3364747903542593e-05,-0.373046875,0.40780502557754517,False,0.5239193439483643
train-001933-375e70f2ba504574,10,3,train,3989750507707057524,pointer,J,G,G,True,R,False,False,7.080780778778717e-05,11.3125,-12.0625,11.3125,0.0009478106268602856,1,G M F,G,True,True,0.001669562072493136,-0.01171875,0.4970703423023224,False,0.6873049736022949
train-001933-375e70f2ba504574,10,4,train,3989750507707057524,pointer,J,M,M,True,R,False,False,0.00017915551143232733,10.4375,-11.40625,10.4375,0.002225464331672101,1,M L C,M,True,True,0.0007967158453539014,0.322265625,0.5798763036727905,False,0.8672060966491699
train-001933-375e70f2ba504574,10,5,train,3989750507707057524,pointer,J,A,A,True,R,False,False,9.381330892210826e-05,11.4375,-13.5625,11.4375,0.0012306918013478918,1,A U D,A,True,True,0.0008731843554414809,0.49609375,0.621540904045105,False,0.9716472625732422
train-001933-375e70f2ba504574,10,6,train,3989750507707057524,pointer,J,X,X,True,R,False,False,0.00046206763363443315,8.375,-11.96875,8.375,0.004964029123073756,1,X A S,X,True,True,0.0006910558440722525,0.64453125,0.6557770371437073,False,1.0664656162261963
train-001933-375e70f2ba504574,10,7,train,3989750507707057524,pointer,J,O,O,True,R,False,False,2.95634672511369e-05,11.75,-16.03125,11.75,0.000404228859246308,1,O A P,O,True,True,0.0006611545104533434,0.6640625,0.6601723432540894,False,1.0793168544769287
train-001933-375e70f2ba504574,10,8,train,3989750507707057524,pointer,J,I,I,True,R,False,False,0.0005340342177078128,9.75,-10.375,9.75,0.0061094930938612475,1,I L O,I,True,True,0.00023314618738368154,0.84765625,0.7000752091407776,False,1.2042237520217896
train-001933-375e70f2ba504574,10,9,train,3989750507707057524,pointer,J,C,C,True,R,False,False,0.0002699726028367877,9.6875,-11.375,9.6875,0.0032090937698776544,1,C D A,C,True,True,7.486063259420916e-05,0.9375,0.7185943722724915,False,1.267958164215088
train-001933-375e70f2ba504574,10,10,train,3989750507707057524,pointer,J,R,R,True,R,True,False,0.00029666791670024395,9.875,9.875,9.875,0.003534600783578122,1,R Q C,R,True,True,0.00030048147891648114,1.015625,0.7341195344924927,True,0.3090834319591522
train-001933-375e70f2ba504574,10,11,train,3989750507707057524,pointer,J,D,,,R,False,True,,,-11.875,9.5,0.0034435428681607702,,D C S,D,,True,,1.1015625,0.7505527138710022,,
train-001933-375e70f2ba504574,10,12,train,3989750507707057524,pointer,J,V,,,R,False,True,,,-12.625,10.125,0.0018688108359719788,,V X Z,V,,True,,1.140625,0.7577943801879883,,
train-009746-13fede6ce2c0ace2,12,1,train,1440833490047249634,pointer,I,M,M,True,A,False,False,3.4570634852570947e-06,14.28125,-14.9375,14.28125,5.718504829215891e-05,1,M R C,M,True,True,1.1920922133867862e-06,-0.216796875,0.44601210951805115,False,0.5906123518943787
train-009746-13fede6ce2c0ace2,12,2,train,1440833490047249634,pointer,I,J,J,True,A,False,False,1.1920922133867862e-06,15.0,-16.5,15.0,2.102013077379469e-05,1,J T B,J,True,True,4.887569048150908e-06,-0.30078125,0.42536652088165283,False,0.5540228486061096
train-009746-13fede6ce2c0ace2,12,3,train,1440833490047249634,pointer,I,O,O,True,A,False,False,1.6212332411669195e-05,12.6875,-12.9375,12.6875,0.00023703896161631738,1,O U A,O,True,True,0.00042512916843406856,-0.00191497802734375,0.4995212256908417,False,0.6921901702880859
train-009746-13fede6ce2c0ace2,12,4,train,1440833490047249634,pointer,I,G,G,True,A,False,False,0.00026782741770148277,10.3125,-12.96875,10.3125,0.003249817283854411,1,G E F,G,True,True,0.00020382710499688983,0.369140625,0.5912513136863708,False,0.8946547508239746
train-009746-13fede6ce2c0ace2,12,5,train,1440833490047249634,pointer,I,C,C,True,A,False,False,8.844937838148326e-05,10.9375,-13.0,10.9375,0.0011549987001647434,1,C D Q,C,True,True,0.0011687598889693618,0.6875,0.665410578250885,False,1.094851016998291
train-009746-13fede6ce2c0ace2,12,6,train,1440833490047249634,pointer,I,V,V,True,A,False,False,9.131014667218551e-05,10.75,-12.8125,10.75,0.0011786864112778546,1,V D Z,V,True,True,0.00042358008795417845,0.84765625,0.7000752091407776,False,1.2042237520217896
train-009746-13fede6ce2c0ace2,12,7,train,1440833490047249634,pointer,I,R,R,True,A,False,False,0.00014077626110520214,10.625,-12.9375,10.625,0.001783056669643598,1,R Q D,R,True,True,0.00036995718255639076,1.015625,0.7341195344924927,False,1.3247084617614746
train-009746-13fede6ce2c0ace2,12,8,train,1440833490047249634,pointer,I,F,F,True,A,False,False,0.00017426878912374377,10.5,-12.0,10.5,0.00215163392123785,1,F G T,F,True,True,0.001568279112689197,1.046875,0.740174412727356,False,1.3477444648742676
train-009746-13fede6ce2c0ace2,12,9,train,1440833490047249634,pointer,I,U,U,True,A,False,False,0.0001530530134914443,10.1875,-10.75,10.1875,0.001919548303956635,1,U L A,U,True,True,0.00103265349753201,1.09375,0.7490872144699097,False,1.3826498985290527
train-009746-13fede6ce2c0ace2,12,10,train,1440833490047249634,pointer,I,Y,Y,True,A,False,False,0.0003914067056030035,9.125,-11.0625,9.125,0.00436718755224432,1,Y X U,Y,True,True,0.001016576774418354,1.1484375,0.7592254281044006,False,1.4238940477371216
train-009746-13fede6ce2c0ace2,12,11,train,1440833490047249634,pointer,I,X,X,True,A,False,False,9.7508447652217e-05,10.625,-10.625,10.625,0.001264923078321719,1,X A Y,X,True,True,0.0010776671115309,1.078125,0.7461389899253845,False,1.3709683418273926
train-009746-13fede6ce2c0ace2,12,12,train,1440833490047249634,pointer,I,A,A,True,A,True,False,0.00010466027742950246,11.0,11.0,11.0,0.0013600476096632228,1,A X G,A,True,True,0.00029476112104021013,1.1171875,0.7534666657447815,True,0.28307050466537476
train-003015-7ce6850f491efb56,1,1,train,9000027206044285782,pointer,M,I,I,True,I,True,False,1.0728830375228426e-06,15.5,15.5,15.5,1.791533249546442e-05,1,I O S,I,True,True,1.0728830375228426e-06,0.1279296875,0.5319388508796692,True,0.6312267184257507
train-003015-7ce6850f491efb56,1,2,train,9000027206044285782,pointer,M,F,,,I,False,True,,,-15.875,12.1875,0.00010719849256720428,,F T C,F,,True,,0.0213623046875,0.5053403973579407,,
train-003015-7ce6850f491efb56,1,3,train,9000027206044285782,pointer,M,G,,,I,False,True,,,-14.125,12.125,0.0005056532422461828,,G W P,G,,True,,0.330078125,0.5817784070968628,,
train-003015-7ce6850f491efb56,1,4,train,9000027206044285782,pointer,M,Z,,,I,False,True,,,-14.1875,11.5,0.0009727888367034503,,Z A U,Z,,True,,0.5,0.622459352016449,,
train-003015-7ce6850f491efb56,1,5,train,9000027206044285782,pointer,M,V,,,I,False,True,,,-12.375,9.5625,0.004093758308577333,,V F D,V,,True,,0.8046875,0.6909762620925903,,
train-003015-7ce6850f491efb56,1,6,train,9000027206044285782,pointer,M,X,,,I,False,True,,,-11.4375,10.3125,0.0020016263570489883,,X U Z,X,,True,,0.87109375,0.7049732804298401,,
train-003015-7ce6850f491efb56,1,7,train,9000027206044285782,pointer,M,P,,,I,False,True,,,-12.375,11.6875,0.0008499464673566731,,P A M,P,,True,,0.8515625,0.700894832611084,,
train-003015-7ce6850f491efb56,1,8,train,9000027206044285782,pointer,M,C,,,I,False,True,,,-13.09375,10.0625,0.0033599969946182338,,C D S,C,,True,,0.9453125,0.7201715111732483,,
train-003015-7ce6850f491efb56,1,9,train,9000027206044285782,pointer,M,L,,,I,False,True,,,-12.0,9.625,0.002770158475232293,,L D C,L,,True,,0.9921875,0.729519784450531,,
train-003015-7ce6850f491efb56,1,10,train,9000027206044285782,pointer,M,O,,,I,False,True,,,-13.59375,10.75,0.001539476301765274,,O U P,O,,True,,0.9765625,0.7264255881309509,,
train-003015-7ce6850f491efb56,1,11,train,9000027206044285782,pointer,M,U,,,I,False,True,,,-14.03125,10.875,0.0015244001556443427,,U Y V,U,,True,,0.98828125,0.7287483215332031,,
train-003015-7ce6850f491efb56,1,12,train,9000027206044285782,pointer,M,Q,,,I,False,True,,,-13.5625,10.25,0.000969757911454089,,Q U K,Q,,True,,0.98828125,0.7287483215332031,,
train-032401-0d39fad330c459ca,2,1,train,953068581128788426,pointer,C,R,R,True,K,False,False,1.5497195136049413e-06,14.65625,-17.1875,14.65625,2.7280163028118538e-05,1,R Q T,R,True,True,3.576278118089249e-07,-0.30078125,0.42536652088165283,False,0.5540228486061096
train-032401-0d39fad330c459ca,2,2,train,953068581128788426,pointer,C,K,K,True,K,True,False,1.5497195136049413e-06,15.0625,15.0625,15.0625,2.5599691602735805e-05,1,K R C,K,True,True,3.6954811548639555e-06,-0.291015625,0.4277552366256714,True,0.8492041230201721
train-032401-0d39fad330c459ca,2,3,train,953068581128788426,pointer,C,T,,,K,False,True,,,-12.125,11.8125,0.0007737233799575886,,T S D,T,,True,,-0.0042724609375,0.4989319145679474,,
train-032401-0d39fad330c459ca,2,4,train,953068581128788426,pointer,C,B,,,K,False,True,,,-11.8125,10.625,0.001186050699885436,,B C K,B,,True,,0.283203125,0.570331335067749,,
train-032401-0d39fad330c459ca,2,5,train,953068581128788426,pointer,C,X,,,K,False,True,,,-11.21875,9.8125,0.005086214393547876,,X Z A,X,,True,,0.6484375,0.6566582322120667,,
train-032401-0d39fad330c459ca,2,6,train,953068581128788426,pointer,C,P,,,K,False,True,,,-13.4375,10.875,0.0006716682281532819,,P A Q,P,,True,,0.68359375,0.6645402908325195,,
train-032401-0d39fad330c459ca,2,7,train,953068581128788426,pointer,C,A,,,K,False,True,,,-10.75,9.625,0.0033176908265855516,,A B D,A,,True,,0.86328125,0.703345775604248,,
train-032401-0d39fad330c459ca,2,8,train,953068581128788426,pointer,C,W,,,K,False,True,,,-12.625,10.6875,0.0017907114302212548,,W Z Y,W,,True,,0.95703125,0.722527027130127,,
train-032401-0d39fad330c459ca,2,9,train,953068581128788426,pointer,C,M,,,K,False,True,,,-11.3125,8.6875,0.006267414938436765,,M S N,M,,True,,1.0625,0.7431680560112,,
train-032401-0d39fad330c459ca,2,10,train,953068581128788426,pointer,C,Y,,,K,False,True,,,-10.1875,9.3125,0.007103694990702458,,Y A V,Y,,True,,1.15625,0.7606506943702698,,
train-032401-0d39fad330c459ca,2,11,train,953068581128788426,pointer,C,H,,,K,False,True,,,-10.875,10.375,0.0031343101772698004,,H L P,H,,True,,1.171875,0.7634837031364441,,
train-032401-0d39fad330c459ca,2,12,train,953068581128788426,pointer,C,Q,,,K,False,True,,,-13.125,8.125,0.0037912115767033475,,Q P R,Q,,True,,1.1796875,0.7648916244506836,,
train-015518-030d53432fdc1f7e,3,1,train,219923504841891710,pointer,P,O,O,True,Y,False,False,2.3841830625315197e-06,13.5625,-18.9296875,13.5625,3.856831848351058e-05,1,O A P,O,True,True,2.7418097943154862e-06,-0.318359375,0.42107561230659485,False,0.5465834140777588
train-015518-030d53432fdc1f7e,3,2,train,219923504841891710,pointer,P,X,X,True,Y,False,False,3.576278118089249e-07,16.78125,-18.46875,16.78125,5.248956366497428e-06,1,X A Z,X,True,True,3.576272320060525e-06,-0.30078125,0.42536652088165283,False,0.5540228486061096
train-015518-030d53432fdc1f7e,3,3,train,219923504841891710,pointer,P,Y,Y,True,Y,True,False,1.1801649634435307e-05,12.125,12.125,12.125,0.00016841754081152398,1,Y X A,Y,True,True,0.00026294111739844084,0.032958984375,0.5082390308380127,True,0.676803469657898
train-015518-030d53432fdc1f7e,3,4,train,219923504841891710,pointer,P,T,,,Y,False,True,,,-12.59375,9.625,0.0033718809424581656,,T S D,T,,True,,0.3125,0.5774953961372375,,
train-015518-030d53432fdc1f7e,3,5,train,219923504841891710,pointer,P,J,,,Y,False,True,,,-13.75,10.375,0.0024831872851810237,,J C A,J,,True,,0.4921875,0.6206216216087341,,
train-015518-030d53432fdc1f7e,3,6,train,219923504841891710,pointer,P,L,,,Y,False,True,,,-13.78125,10.5,0.0019351961265930487,,L W J,L,,True,,0.73828125,0.6766199469566345,,
train-015518-030d53432fdc1f7e,3,7,train,219923504841891710,pointer,P,P,,,Y,False,True,,,-14.96875,10.3125,0.0018812283007397883,,P M U,P,,True,,0.7578125,0.6808785796165466,,
train-015518-030d53432fdc1f7e,3,8,train,219923504841891710,pointer,P,O,,,Y,False,True,,,-12.78125,10.375,0.001637660226757248,,O A U,O,,True,,0.88671875,0.7082125544548035,,
train-015518-030d53432fdc1f7e,3,9,train,219923504841891710,pointer,P,X,,,Y,False,True,,,-11.875,11.125,0.000740843672079175,,X K Y,X,,True,,0.921875,0.7154240012168884,,
train-015518-030d53432fdc1f7e,3,10,train,219923504841891710,pointer,P,Y,,,Y,True,True,,,8.4375,8.4375,0.00476204318984388,,Y X A,Y,,True,,1.0234375,0.735641598701477,,
train-015518-030d53432fdc1f7e,3,11,train,219923504841891710,pointer,P,T,,,Y,False,True,,,-11.71875,8.8125,0.007128007630560326,,T S D,T,,True,,1.046875,0.740174412727356,,
train-015518-030d53432fdc1f7e,3,12,train,219923504841891710,pointer,P,J,,,Y,False,True,,,-13.625,10.375,0.0027711883031927144,,J C A,J,,True,,1.0078125,0.7325918078422546,,
train-005862-0a7c4a6df369611f,4,1,train,755560673587061023,pointer,N,U,U,True,I,False,False,1.1920922133867862e-06,15.09375,-17.640625,15.09375,1.9992857460298316e-05,1,U V A,U,True,True,8.344646857949556e-07,-0.392578125,0.4030968248844147,False,0.5160003900527954
train-005862-0a7c4a6df369611f,4,2,train,755560673587061023,pointer,N,T,T,True,I,False,False,5.960462772236497e-07,15.6875,-18.5625,15.6875,1.1016282980346918e-05,1,T U M,T,True,True,1.2874520507466514e-05,-0.38671875,0.40450745820999146,False,0.5183663964271545
train-005862-0a7c4a6df369611f,4,3,train,755560673587061023,pointer,N,O,O,True,I,False,False,5.245195097813848e-06,13.4375,-19.09375,13.4375,8.013946297586625e-05,1,O N P,O,True,True,0.0008728270186111331,-0.0615234375,0.4846239387989044,False,0.6628585457801819
train-005862-0a7c4a6df369611f,4,4,train,755560673587061023,pointer,N,I,I,True,I,True,False,0.00014876213390380144,10.5625,10.5625,10.5625,0.0018920838849336603,1,I S N,I,True,True,0.0009461931767873466,0.255859375,0.5636181831359863,True,0.5733782649040222
train-005862-0a7c4a6df369611f,4,5,train,755560673587061023,pointer,N,F,,,I,False,True,,,-10.25,8.6875,0.00746327419321332,,F G D,F,,True,,0.5625,0.6370307803153992,,
train-005862-0a7c4a6df369611f,4,6,train,755560673587061023,pointer,N,A,,,I,False,True,,,-10.9375,9.125,0.00705787099200543,,A L S,A,,True,,0.6875,0.665410578250885,,
train-005862-0a7c4a6df369611f,4,7,train,755560673587061023,pointer,N,B,,,I,False,True,,,-12.5625,8.625,0.003913990548943462,,B A C,B,,True,,0.76171875,0.6817268133163452,,
train-005862-0a7c4a6df369611f,4,8,train,755560673587061023,pointer,N,D,,,I,False,True,,,-13.65625,9.75,0.0019002045480889368,,D E C,D,,True,,1.0546875,0.74167400598526,,
train-005862-0a7c4a6df369611f,4,9,train,755560673587061023,pointer,N,L,,,I,False,True,,,-12.0,11.0,0.0014841047137904863,,L P N,L,,True,,1.078125,0.7461389899253845,,
train-005862-0a7c4a6df369611f,4,10,train,755560673587061023,pointer,N,W,,,I,False,True,,,-12.90625,9.4375,0.004310235371738098,,W S X,W,,True,,1.125,0.7549149990081787,,
train-005862-0a7c4a6df369611f,4,11,train,755560673587061023,pointer,N,Q,,,I,False,True,,,-14.75,9.25,0.002542001510152203,,Q P O,Q,,True,,1.1328125,0.7563575506210327,,
train-005862-0a7c4a6df369611f,4,12,train,755560673587061023,pointer,N,R,,,I,False,True,,,-14.03125,10.5,0.0016901865994567,,R L T,R,,True,,1.15625,0.7606506943702698,,
train-026770-0c5aad758e55ff71,5,1,train,890214596769873777,pointer,R,W,W,True,E,False,False,3.2186455882765586e-06,13.0625,-16.890625,13.0625,4.892972680941171e-05,1,W V A,W,True,True,8.344646857949556e-07,-0.44921875,0.38954654335975647,False,0.4935532212257385
train-026770-0c5aad758e55ff71,5,2,train,890214596769873777,pointer,R,L,L,True,E,False,False,1.0728830375228426e-06,14.875,-18.46875,14.875,1.9171040562701022e-05,1,L C I,L,True,True,9.417489309271332e-06,-0.396484375,0.4021573066711426,False,0.5144276022911072
train-026770-0c5aad758e55ff71,5,3,train,890214596769873777,pointer,R,S,S,True,E,False,False,5.6622808187967166e-05,11.6875,-14.65625,11.6875,0.0007732937764117475,1,S R T,S,True,True,0.0002494739310350269,0.01031494140625,0.5025787353515625,False,0.6983179450035095
train-026770-0c5aad758e55ff71,5,4,train,890214596769873777,pointer,R,C,C,True,E,False,False,0.00034409802174195647,9.8125,-12.28125,9.8125,0.004067727464989935,1,C D S,C,True,True,0.001110890181735158,0.3671875,0.590779185295105,False,0.8935004472732544
train-026770-0c5aad758e55ff71,5,5,train,890214596769873777,pointer,R,E,E,True,E,True,False,0.0004109491710551083,9.5625,9.5625,9.5625,0.004689195354455751,1,E C A,E,True,True,0.00048780461656861007,0.62890625,0.6522414088249207,True,0.4273405075073242
train-026770-0c5aad758e55ff71,5,6,train,890214596769873777,pointer,R,L,,,E,False,True,,,-14.46875,10.9375,0.0013132541613481586,,L P A,L,,True,,0.80859375,0.6918097138404846,,
train-026770-0c5aad758e55ff71,5,7,train,890214596769873777,pointer,R,S,,,E,False,True,,,-13.0,10.125,0.0032939246655378225,,S R T,S,,True,,0.94921875,0.7209580540657043,,
train-026770-0c5aad758e55ff71,5,8,train,890214596769873777,pointer,R,C,,,E,False,True,,,-12.0,9.5625,0.005121071711079776,,C D S,C,,True,,1.0390625,0.7386690378189087,,
train-026770-0c5aad758e55ff71,5,9,train,890214596769873777,pointer,R,E,,,E,True,True,,,9.5625,9.5625,0.0047262365524598435,,E C A,E,,True,,1.09375,0.7490872144699097,,
train-026770-0c5aad758e55ff71,5,10,train,890214596769873777,pointer,R,L,,,E,False,True,,,-14.5,10.9375,0.0012853368591579095,,L P A,L,,True,,1.1171875,0.7534666657447815,,
train-026770-0c5aad758e55ff71,5,11,train,890214596769873777,pointer,R,S,,,E,False,True,,,-13.0,10.125,0.0032656618981147874,,S R T,S,,True,,1.15625,0.7606506943702698,,
train-026770-0c5aad758e55ff71,5,12,train,890214596769873777,pointer,R,C,,,E,False,True,,,-12.0,9.5625,0.0051017161692371495,,C D S,C,,True,,1.171875,0.7634837031364441,,
train-023198-6d4afa17a35b5954,6,1,train,7875381877842598228,pointer,O,T,T,True,J,False,False,1.311301275563892e-06,15.09375,-18.21875,15.09375,2.2568098056273192e-05,1,T M W,T,True,True,4.768370445162873e-07,-0.546875,0.3665897250175476,False,0.456636905670166
train-023198-6d4afa17a35b5954,6,2,train,7875381877842598228,pointer,O,G,G,True,J,False,False,7.152555099310121e-07,15.0,-18.125,15.0,1.1973669595290748e-05,1,G C E,G,True,True,6.6756979322235566e-06,-0.52734375,0.3711366057395935,False,0.4638412594795227
train-023198-6d4afa17a35b5954,6,3,train,7875381877842598228,pointer,O,V,V,True,J,False,False,2.4199192921514623e-05,12.0625,-14.0,12.0625,0.00034520715470570093,1,V L F,V,True,True,0.00032014489988796413,-0.017333984375,0.49566659331321716,False,0.6845177412033081
train-023198-6d4afa17a35b5954,6,4,train,7875381877842598228,pointer,O,U,U,True,J,False,False,5.507317473529838e-05,11.625,-14.5625,11.625,0.0007502135880944268,1,U V L,U,True,True,0.0007266741595230997,0.3359375,0.5832033753395081,False,0.8751568794250488
train-023198-6d4afa17a35b5954,6,5,train,7875381877842598228,pointer,O,F,F,True,J,False,False,4.339123915997334e-05,12.125,-12.75,12.125,0.0006071063766539749,1,F G A,F,True,True,0.007908578962087631,0.65234375,0.6575384140014648,False,1.0715957880020142
train-023198-6d4afa17a35b5954,6,6,train,7875381877842598228,pointer,O,J,J,True,J,True,False,7.915183232398704e-05,11.1875,11.1875,11.1875,0.0010541436309075521,1,J K L,J,True,True,0.003918233327567577,0.68359375,0.6645402908325195,True,0.4086597263813019
train-023198-6d4afa17a35b5954,6,7,train,7875381877842598228,pointer,O,W,,,J,False,True,,,-11.6875,9.3125,0.004137481725900384,,W V S,W,,True,,0.875,0.7057850360870361,,
train-023198-6d4afa17a35b5954,6,8,train,7875381877842598228,pointer,O,A,,,J,False,True,,,-9.0625,9.0625,0.00786818649036327,,A J F,A,,True,,0.98046875,0.7272012233734131,,
train-023198-6d4afa17a35b5954,6,9,train,7875381877842598228,pointer,O,M,,,J,False,True,,,-9.9375,3.8125,0.13150456045646583,,M P S,P,,False,,0.9921875,0.729519784450531,,
train-023198-6d4afa17a35b5954,6,10,train,7875381877842598228,pointer,O,Z,,,J,False,True,,,-13.8125,11.125,0.0010609407012079413,,Z X A,Z,,True,,1.015625,0.7341195344924927,,
train-023198-6d4afa17a35b5954,6,11,train,7875381877842598228,pointer,O,K,,,J,False,True,,,-12.875,11.0,0.001718925032315639,,K R D,K,,True,,1.0,0.7310585975646973,,
train-023198-6d4afa17a35b5954,6,12,train,7875381877842598228,pointer,O,D,,,J,False,True,,,-12.53125,8.625,0.012011287728955324,,D B A,D,,True,,1.078125,0.7461389899253845,,
train-000132-034de662d04de031,8,1,train,238099667396452401,pointer,S,U,U,True,E,False,False,1.4305104514278355e-06,14.34375,-18.21875,14.34375,2.4938507334861232e-05,1,U V A,U,True,True,1.1920922133867862e-06,-0.478515625,0.382602721452713,False,0.48224252462387085
train-000132-034de662d04de031,8,2,train,238099667396452401,pointer,S,X,X,True,E,False,False,2.3841855067985307e-07,15.875,-20.9375,15.875,4.968063149709221e-06,1,X U S,X,True,True,1.3708974620385561e-05,-0.41015625,0.3988746404647827,False,0.5089517831802368
train-000132-034de662d04de031,8,3,train,238099667396452401,pointer,S,J,J,True,E,False,False,1.311301275563892e-06,15.375,-18.90625,15.375,2.217650257291187e-05,1,J K I,J,True,True,0.0005026984144933522,-0.12353515625,0.4691554307937622,False,0.6332859992980957
train-000132-034de662d04de031,8,4,train,238099667396452401,pointer,S,C,C,True,E,False,False,0.0003592322755139321,9.5,-12.5625,9.5,0.004171660722240435,1,C D S,C,True,True,0.0009550062823109329,0.23828125,0.5592900514602661,False,0.8193683624267578
train-000132-034de662d04de031,8,5,train,238099667396452401,pointer,S,B,B,True,E,False,False,0.00013433984713628888,10.0625,-13.8125,10.0625,0.0016266794067101155,1,B C A,B,True,True,0.0005691815749742091,0.462890625,0.6136996746063232,False,0.9511401653289795
train-000132-034de662d04de031,8,6,train,238099667396452401,pointer,S,F,F,True,E,False,False,0.0004300146538298577,9.5,-11.3125,9.5,0.0049424470374951875,1,F T G,F,True,True,0.0004836343287024647,0.796875,0.6893056035041809,False,1.168945550918579
train-000132-034de662d04de031,8,7,train,238099667396452401,pointer,S,R,R,True,E,False,False,0.00030763185350224376,9.6875,-11.625,9.6875,0.0036332283738832434,1,R T P,R,True,True,0.002457219874486327,0.921875,0.7154240012168884,False,1.2567548751831055
train-000132-034de662d04de031,8,8,train,238099667396452401,pointer,S,E,E,True,E,True,False,0.00025733973598107696,9.9375,9.9375,9.9375,0.003061900780089772,1,E D C,E,True,True,0.0010300336871296167,1.0859375,0.7476159334182739,True,0.29086586833000183
train-000132-034de662d04de031,8,9,train,238099667396452401,pointer,S,T,,,E,False,True,,,-14.90625,10.9375,0.001413143489687971,,T S D,T,,True,,1.046875,0.740174412727356,,
train-000132-034de662d04de031,8,10,train,238099667396452401,pointer,S,L,,,E,False,True,,,-14.03125,10.0,0.001945917171167297,,L N W,L,,True,,1.140625,0.7577943801879883,,
train-000132-034de662d04de031,8,11,train,238099667396452401,pointer,S,H,,,E,False,True,,,-13.5,9.5625,0.003267367024677855,,H X I,H,,True,,1.140625,0.7577943801879883,,
train-000132-034de662d04de031,8,12,train,238099667396452401,pointer,S,O,,,E,False,True,,,-12.1875,9.625,0.004101865107920613,,O P A,O,,True,,1.171875,0.7634837031364441,,
train-005758-cbaafe03cdd0b3ab,10,1,train,14675821628031546283,pointer,T,M,M,True,F,False,False,5.483612312673358e-06,13.75,-16.0625,13.75,8.50895004679728e-05,1,M C R,M,True,True,2.0265558760002023e-06,-0.283203125,0.4296686351299286,False,0.5615378022193909
train-005758-cbaafe03cdd0b3ab,10,2,train,14675821628031546283,pointer,T,N,N,True,F,False,False,2.264974000354414e-06,13.375,-19.78125,13.375,3.545066547850283e-05,1,N M O,N,True,True,2.1576648578047752e-05,-0.298828125,0.4258439540863037,False,0.5548540949821472
train-005758-cbaafe03cdd0b3ab,10,3,train,14675821628031546283,pointer,T,W,W,True,F,False,False,4.649054244509898e-05,12.0,-13.53125,12.0,0.0006359768040479267,1,W S X,W,True,True,0.0006380429258570075,-0.044189453125,0.48895445466041565,False,0.6712965369224548
train-005758-cbaafe03cdd0b3ab,10,4,train,14675821628031546283,pointer,T,X,X,True,F,False,False,0.00017188502533826977,10.5,-13.4375,10.5,0.0021552711605373137,1,X A S,X,True,True,0.000645429186988622,0.37890625,0.5936092734336853,False,0.9004402160644531
train-005758-cbaafe03cdd0b3ab,10,5,train,14675821628031546283,pointer,T,I,I,True,F,False,False,0.0004711233195848763,9.25,-11.5625,9.25,0.005384122115616039,1,I X J,I,True,True,0.0007098776986822486,0.68359375,0.6645402908325195,False,1.0922534465789795
train-005758-cbaafe03cdd0b3ab,10,6,train,14675821628031546283,pointer,T,J,J,True,F,False,False,0.00011717586312443018,10.875,-13.5,10.875,0.0015169929593475049,1,J O K,J,True,True,0.011138403788208961,0.671875,0.6619228720664978,False,1.0844812393188477
train-005758-cbaafe03cdd0b3ab,10,7,train,14675821628031546283,pointer,T,O,O,True,F,False,False,0.0002766464895103127,9.25,-12.375,9.25,0.0032115335341582458,1,O P A,O,True,True,0.002261701738461852,0.76953125,0.6834195256233215,False,1.1501777172088623
train-005758-cbaafe03cdd0b3ab,10,8,train,14675821628031546283,pointer,T,P,P,True,F,False,False,8.11782301752828e-05,11.625,-13.0,11.625,0.0010919186253916919,1,P A C,P,True,True,0.0006375664379447699,0.8203125,0.6943026781082153,False,1.1851598024368286
train-005758-cbaafe03cdd0b3ab,10,9,train,14675821628031546283,pointer,T,E,E,True,F,False,False,0.0005553610390052199,9.0625,-10.0,9.0625,0.00608218923876655,1,E D C,E,True,True,0.0015261442167684436,0.9765625,0.7264255881309509,False,1.2961816787719727
train-005758-cbaafe03cdd0b3ab,10,10,train,14675821628031546283,pointer,T,F,F,True,F,True,False,9.357491217087954e-05,11.5,11.5,11.5,0.0012256829760669324,1,F G A,F,True,True,0.014047202654182911,1.0625,0.7431680560112,True,0.2968331575393677
train-005758-cbaafe03cdd0b3ab,10,11,train,14675821628031546283,pointer,T,U,,,F,False,True,,,-11.9375,9.0,0.003742180647555958,,U L A,U,,True,,1.09375,0.7490872144699097,,
train-005758-cbaafe03cdd0b3ab,10,12,train,14675821628031546283,pointer,T,L,,,F,False,True,,,-11.25,10.125,0.004581339903763531,,L Q W,L,,True,,1.125,0.7549149990081787,,
train-018719-95574bc6546993de,12,1,train,10761153149816902622,pointer,G,J,J,True,D,False,False,3.576278118089249e-07,16.375,-16.71875,16.375,6.013700752471337e-06,1,J B K,J,True,True,1.0728830375228426e-06,-0.49609375,0.378459095954895,False,0.4755535125732422
train-018719-95574bc6546993de,12,2,train,10761153149816902622,pointer,G,W,W,True,D,False,False,1.0728830375228426e-06,14.6875,-17.4375,14.6875,1.8007121578955398e-05,1,W V J,W,True,True,2.932505594799295e-05,-0.443359375,0.39094078540802,False,0.49583977460861206
train-018719-95574bc6546993de,12,3,train,10761153149816902622,pointer,G,E,E,True,D,False,False,0.00028939827461726964,8.375,-12.3125,8.375,0.002945846277358513,1,E M C,E,True,True,0.005408772733062506,-0.00171661376953125,0.4995708465576172,False,0.6922892332077026
train-018719-95574bc6546993de,12,4,train,10761153149816902622,pointer,G,M,M,True,D,False,False,0.0008300673216581345,8.5625,-10.3125,8.5625,0.008999325967621827,1,M V S,M,True,True,0.002645209664478898,0.412109375,0.601593554019928,False,0.9202826023101807
train-018719-95574bc6546993de,12,5,train,10761153149816902622,pointer,G,V,V,True,D,False,False,0.00024005869636312127,10.0625,-11.0625,10.0625,0.0029235829427031526,1,V Z F,V,True,True,0.0013819915475323796,0.7578125,0.6808785796165466,False,1.142183780670166
train-018719-95574bc6546993de,12,6,train,10761153149816902622,pointer,G,K,K,True,D,False,False,0.0004444326623342931,9.875,-10.5625,9.875,0.005224470120730895,1,K R L,K,True,True,0.006942199543118477,0.92578125,0.7162185907363892,False,1.2595510482788086
train-018719-95574bc6546993de,12,7,train,10761153149816902622,pointer,G,Y,Y,True,D,False,False,0.00109112320933491,9.0,-9.0,9.0,0.011716754099235635,1,Y D U,Y,True,True,0.01589895971119404,1.0390625,0.7386690378189087,False,1.3419678211212158
train-018719-95574bc6546993de,12,8,train,10761153149816902622,pointer,G,D,D,True,D,True,False,0.0006425699684768915,9.0625,9.0625,9.0625,0.007128263299132187,1,D S E,D,True,True,0.0007666985620744526,1.09375,0.7490872144699097,False,1.3826498985290527
train-018719-95574bc6546993de,12,9,train,10761153149816902622,pointer,G,V,V,True,D,False,False,7.045020902296528e-05,10.5625,-13.0625,10.5625,0.0009178346811530016,1,V Z X,V,True,True,0.0005988473421894014,1.171875,0.7634837031364441,False,1.4417383670806885
train-018719-95574bc6546993de,12,10,train,10761153149816902622,pointer,G,K,K,True,D,False,False,0.00040391870425082743,9.8125,-10.625,9.8125,0.004779011123085236,1,K R L,K,True,True,0.00649235537275672,1.1875,0.7662936449050903,False,1.4536898136138916
train-018719-95574bc6546993de,12,11,train,10761153149816902622,pointer,G,Y,Y,True,D,False,False,0.0010757618583738804,8.8125,-8.8125,8.8125,0.011524177043632882,1,Y D A,Y,True,True,0.01726572774350643,1.2109375,0.7704647779464722,False,1.4716987609863281
train-018719-95574bc6546993de,12,12,train,10761153149816902622,pointer,G,D,D,True,D,True,False,0.0006133820279501379,9.125,9.125,9.125,0.006832449874476167,1,D S E,D,True,True,0.0007684853626415133,1.2109375,0.7704647779464722,True,0.2607613205909729
train-004320-7008cf8753f864b3,1,1,train,8072930512197936307,pointer,A,Z,Z,True,Z,True,False,5.722029527532868e-06,13.1875,13.1875,13.1875,8.421318392285476e-05,1,Z X Q,Z,True,True,-0.0,0.1396484375,0.5348554849624634,True,0.625758707523346
train-004320-7008cf8753f864b3,1,2,train,8072930512197936307,pointer,A,N,,,Z,False,True,,,-17.71875,7.375,0.005272599699785054,,N Q M,N,,True,,-0.01416015625,0.49646005034446716,,
train-004320-7008cf8753f864b3,1,3,train,8072930512197936307,pointer,A,Q,,,Z,False,True,,,-16.09375,12.8125,5.866054844701365e-05,,Q K L,Q,,True,,0.138671875,0.5346124768257141,,
train-004320-7008cf8753f864b3,1,4,train,8072930512197936307,pointer,A,F,,,Z,False,True,,,-13.4375,11.1875,0.0011840897845194662,,F T J,F,,True,,0.4765625,0.6169358491897583,,
train-004320-7008cf8753f864b3,1,5,train,8072930512197936307,pointer,A,R,,,Z,False,True,,,-11.625,9.5625,0.006285574609552844,,R P C,R,,True,,0.76171875,0.6817268133163452,,
train-004320-7008cf8753f864b3,1,6,train,8072930512197936307,pointer,A,M,,,Z,False,True,,,-13.15625,10.0,0.0017137390564980184,,M N C,M,,True,,0.86328125,0.703345775604248,,
train-004320-7008cf8753f864b3,1,7,train,8072930512197936307,pointer,A,P,,,Z,False,True,,,-14.78125,11.0625,0.0010827667061735003,,P M A,P,,True,,0.89453125,0.7098243832588196,,
train-004320-7008cf8753f864b3,1,8,train,8072930512197936307,pointer,A,H,,,Z,False,True,,,-11.0625,9.75,0.006529772825820442,,H D L,H,,True,,1.0234375,0.735641598701477,,
train-004320-7008cf8753f864b3,1,9,train,8072930512197936307,pointer,A,E,,,Z,False,True,,,-12.03125,8.9375,0.007934518353568187,,E D C,E,,True,,1.046875,0.740174412727356,,
train-004320-7008cf8753f864b3,1,10,train,8072930512197936307,pointer,A,T,,,Z,False,True,,,-10.59375,9.0625,0.00798522020398838,,T S D,T,,True,,1.0390625,0.7386690378189087,,
train-004320-7008cf8753f864b3,1,11,train,8072930512197936307,pointer,A,C,,,Z,False,True,,,-12.53125,10.125,0.0028960815720363024,,C F A,C,,True,,1.09375,0.7490872144699097,,
train-004320-7008cf8753f864b3,1,12,train,8072930512197936307,pointer,A,I,,,Z,False,True,,,-10.0625,8.6875,0.019701153950496757,,I S L,I,,True,,1.2265625,0.7732163667678833,,
train-016372-780dfa594c957f04,2,1,train,8650845720692489988,pointer,C,J,J,True,E,False,False,1.1920928244535389e-07,17.0625,-19.921875,17.0625,4.258739861287507e-06,1,J D U,J,True,True,3.576278118089249e-07,-0.330078125,0.4182216227054596,False,0.5416656732559204
train-016372-780dfa594c957f04,2,2,train,8650845720692489988,pointer,C,E,E,True,E,True,False,1.311301275563892e-06,14.4375,14.4375,14.4375,2.2467387018809744e-05,1,E C D,E,True,True,3.933898824470816e-06,-0.3203125,0.4205995798110962,True,0.8660739660263062
train-016372-780dfa594c957f04,2,3,train,8650845720692489988,pointer,C,S,,,E,False,True,,,-16.21875,13.0625,0.00019206604790225257,,S R T,S,,True,,0.06494140625,0.5162296295166016,,
train-016372-780dfa594c957f04,2,4,train,8650845720692489988,pointer,C,B,,,E,False,True,,,-12.8125,11.0625,0.0011400398361832542,,B C L,B,,True,,0.265625,0.5660185217857361,,
train-016372-780dfa594c957f04,2,5,train,8650845720692489988,pointer,C,T,,,E,False,True,,,-14.03125,10.0,0.003909216148475664,,T D A,T,,True,,0.58203125,0.6415346264839172,,
train-016372-780dfa594c957f04,2,6,train,8650845720692489988,pointer,C,O,,,E,False,True,,,-12.21875,9.125,0.004593655621594862,,O P A,O,,True,,0.7578125,0.6808785796165466,,
train-016372-780dfa594c957f04,2,7,train,8650845720692489988,pointer,C,W,,,E,False,True,,,-11.90625,10.0,0.002634416042804986,,W X L,W,,True,,0.90625,0.7122321724891663,,
train-016372-780dfa594c957f04,2,8,train,8650845720692489988,pointer,C,Q,,,E,False,True,,,-14.25,9.375,0.0018322802018044843,,Q P K,Q,,True,,1.03125,0.7371581792831421,,
train-016372-780dfa594c957f04,2,9,train,8650845720692489988,pointer,C,L,,,E,False,True,,,-13.65625,11.1875,0.0009470724572239327,,L D N,L,,True,,1.109375,0.7520126104354858,,
train-016372-780dfa594c957f04,2,10,train,8650845720692489988,pointer,C,K,,,E,False,True,,,-13.75,10.0625,0.0018974300818918547,,K R D,K,,True,,1.046875,0.740174412727356,,
train-016372-780dfa594c957f04,2,11,train,8650845720692489988,pointer,C,N,,,E,False,True,,,-12.3125,9.625,0.004377454120209924,,N O Q,N,,True,,0.96484375,0.724090576171875,,
train-016372-780dfa594c957f04,2,12,train,8650845720692489988,pointer,C,M,,,E,False,True,,,-11.75,9.8125,0.003774812949678197,,M D N,M,,True,,1.0546875,0.74167400598526,,
train-001469-4d0859df4e005851,3,1,train,5550785356355360849,pointer,N,G,G,True,H,False,False,5.960462772236497e-07,15.6875,-22.8955078125,15.6875,1.0520475114928141e-05,1,G C R,G,True,True,7.152555099310121e-07,-0.341796875,0.4153730273246765,False,0.536781370639801
train-001469-4d0859df4e005851,3,2,train,5550785356355360849,pointer,N,R,R,True,H,False,False,6.6756979322235566e-06,13.0625,-18.0625,13.0625,0.00010252866942683672,1,R T C,R,True,True,4.291525328881107e-06,-0.306640625,0.4239349663257599,False,0.5515346527099609
train-001469-4d0859df4e005851,3,3,train,5550785356355360849,pointer,N,H,H,True,H,True,False,0.00013314791431184858,10.5,10.5,10.5,0.0016788437097036344,1,H Y X,H,True,True,0.0010589712765067816,0.0859375,0.5214711427688599,True,0.651101291179657
train-001469-4d0859df4e005851,3,4,train,5550785356355360849,pointer,N,Q,,,H,False,True,,,-16.8125,11.875,0.00034722739276076594,,Q R P,Q,,True,,0.349609375,0.5865228176116943,,
train-001469-4d0859df4e005851,3,5,train,5550785356355360849,pointer,N,M,,,H,False,True,,,-13.6875,10.0,0.0021678850158556614,,M N D,M,,True,,0.56640625,0.6379335522651672,,
train-001469-4d0859df4e005851,3,6,train,5550785356355360849,pointer,N,E,,,H,False,True,,,-11.21875,8.9375,0.009394097725454157,,E C D,E,,True,,0.73828125,0.6766199469566345,,
train-001469-4d0859df4e005851,3,7,train,5550785356355360849,pointer,N,U,,,H,False,True,,,-12.25,10.375,0.003730547559689238,,U L A,U,,True,,0.89453125,0.7098243832588196,,
train-001469-4d0859df4e005851,3,8,train,5550785356355360849,pointer,N,T,,,H,False,True,,,-12.09375,10.0625,0.002660438153625474,,T S R,T,,True,,0.93359375,0.7178038358688354,,
train-001469-4d0859df4e005851,3,9,train,5550785356355360849,pointer,N,O,,,H,False,True,,,-14.03125,10.5625,0.0013893166736033055,,O P N,O,,True,,0.8671875,0.7041601538658142,,
train-001469-4d0859df4e005851,3,10,train,5550785356355360849,pointer,N,S,,,H,False,True,,,-11.75,9.625,0.004234054781499763,,S T R,S,,True,,0.984375,0.7279754281044006,,
train-001469-4d0859df4e005851,3,11,train,5550785356355360849,pointer,N,C,,,H,False,True,,,-11.5625,8.9375,0.009299151136871383,,C D R,C,,True,,1.0625,0.7431680560112,,
train-001469-4d0859df4e005851,3,12,train,5550785356355360849,pointer,N,K,,,H,False,True,,,-11.9375,10.5625,0.0020656618330618126,,K N A,K,,True,,1.0234375,0.735641598701477,,
train-001308-035f69439b51029a,4,1,train,243028643990799002,pointer,K,A,A,True,A,True,False,7.152555099310121e-07,15.59375,15.59375,15.59375,1.1598764109717644e-05,1,A B I,A,True,True,1.1920922133867862e-06,-0.375,0.4073334038257599,False,0.5231232643127441
train-001308-035f69439b51029a,4,2,train,243028643990799002,pointer,K,Q,Q,True,A,False,False,2.5510462364763953e-05,11.1875,-11.75,11.1875,0.0003284719515055053,1,Q K A,Q,True,True,1.5258672647178173e-05,-0.328125,0.41869693994522095,False,0.5424830317497253
train-001308-035f69439b51029a,4,3,train,243028643990799002,pointer,K,K,K,True,A,False,False,1.1920922133867862e-06,15.6875,-16.875,15.6875,2.068272217360474e-05,1,K Q J,K,True,True,0.0008415018673986197,0.00567626953125,0.5014190673828125,False,0.6959893107414246
train-001308-035f69439b51029a,4,4,train,243028643990799002,pointer,K,A,A,True,A,True,False,5.2927523938706145e-05,11.6875,11.6875,11.6875,0.0007134742340425939,1,A U B,A,True,True,0.0012385324807837605,0.271484375,0.5674572587013245,True,0.5665898323059082
train-001308-035f69439b51029a,4,5,train,243028643990799002,pointer,K,Q,,,A,False,True,,,-8.4375,8.3125,0.0067180164950569445,,Q K A,Q,,True,,0.482421875,0.6183196306228638,,
train-001308-035f69439b51029a,4,6,train,243028643990799002,pointer,K,K,,,A,False,True,,,-13.6875,12.875,0.00029006774411213115,,K D F,K,,True,,0.6484375,0.6566582322120667,,
train-001308-035f69439b51029a,4,7,train,243028643990799002,pointer,K,A,,,A,True,True,,,11.0,11.0,0.0014146631241395116,,A U B,A,,True,,0.734375,0.6757646203041077,,
train-001308-035f69439b51029a,4,8,train,243028643990799002,pointer,K,Q,,,A,False,True,,,-8.3125,8.3125,0.007311358495174916,,Q A K,Q,,True,,0.81640625,0.6934729218482971,,
train-001308-035f69439b51029a,4,9,train,243028643990799002,pointer,K,K,,,A,False,True,,,-13.5625,12.75,0.000327757891812428,,K D F,K,,True,,0.875,0.7057850360870361,,
train-001308-035f69439b51029a,4,10,train,243028643990799002,pointer,K,A,,,A,True,True,,,11.0,11.0,0.0014053054468830728,,A U B,A,,True,,0.88671875,0.7082125544548035,,
train-001308-035f69439b51029a,4,11,train,243028643990799002,pointer,K,Q,,,A,False,True,,,-8.25,8.25,0.0076290241061779986,,Q A K,Q,,True,,0.921875,0.7154240012168884,,
train-001308-035f69439b51029a,4,12,train,243028643990799002,pointer,K,K,,,A,False,True,,,-13.6875,12.875,0.00029596307058770007,,K D F,K,,True,,0.9453125,0.7201715111732483,,
train-002830-3c02bf0b4b385ab8,5,1,train,4324228647456627384,pointer,D,I,I,True,T,False,False,1.4305104514278355e-06,15.125,-17.28125,15.125,2.4712829387181624e-05,1,I M R,I,True,True,1.7881377516459906e-06,-0.33203125,0.4177464544773102,False,0.5408493280410767
train-002830-3c02bf0b4b385ab8,5,2,train,4324228647456627384,pointer,D,M,M,True,T,False,False,2.074220174108632e-05,12.6875,-13.65625,12.6875,0.0003034924424722668,1,M C D,M,True,True,4.124556289752945e-05,-0.296875,0.4263215959072113,False,0.5556862950325012
train-002830-3c02bf0b4b385ab8,5,3,train,4324228647456627384,pointer,D,X,X,True,T,False,False,0.00011896379146492109,10.625,-12.78125,10.625,0.0015198500791147422,1,X A S,X,True,True,0.00020704510097857565,0.019775390625,0.5049436688423157,False,0.7030837535858154
train-002830-3c02bf0b4b385ab8,5,4,train,4324228647456627384,pointer,D,W,W,True,T,False,False,6.794698856538162e-05,11.6875,-13.25,11.6875,0.000915175765357334,1,W A O,W,True,True,0.001624099095351994,0.365234375,0.5903069376945496,False,0.892346978187561
train-002830-3c02bf0b4b385ab8,5,5,train,4324228647456627384,pointer,D,T,T,True,T,True,False,0.0003334919747430831,9.6875,9.6875,9.6875,0.003904025593867869,1,T S P,T,True,True,0.00021526881027966738,0.60546875,0.6469064354896545,True,0.43555358052253723
train-002830-3c02bf0b4b385ab8,5,6,train,4324228647456627384,pointer,D,P,,,T,False,True,,,-11.0625,10.6875,0.0023630006782108153,,P A X,P,,True,,0.80859375,0.6918097138404846,,
train-002830-3c02bf0b4b385ab8,5,7,train,4324228647456627384,pointer,D,O,,,T,False,True,,,-13.3125,9.0625,0.003388183616294415,,O U A,O,,True,,0.85546875,0.7017130851745605,,
train-002830-3c02bf0b4b385ab8,5,8,train,4324228647456627384,pointer,D,R,,,T,False,True,,,-10.4375,10.25,0.002608765379282341,,R S T,R,,True,,0.921875,0.7154240012168884,,
train-002830-3c02bf0b4b385ab8,5,9,train,4324228647456627384,pointer,D,V,,,T,False,True,,,-12.125,8.3125,0.004634332799906584,,V Y F,V,,True,,1.1484375,0.7592254281044006,,
train-002830-3c02bf0b4b385ab8,5,10,train,4324228647456627384,pointer,D,F,,,T,False,True,,,-11.25,11.125,0.0016217148505804323,,F G T,F,,True,,1.2265625,0.7732163667678833,,
train-002830-3c02bf0b4b385ab8,5,11,train,4324228647456627384,pointer,D,Z,,,T,False,True,,,-12.4375,11.0625,0.0016444869515639254,,Z A R,Z,,True,,1.2109375,0.7704647779464722,,
train-002830-3c02bf0b4b385ab8,5,12,train,4324228647456627384,pointer,D,N,,,T,False,True,,,-11.875,9.625,0.004296818206841342,,N O M,N,,True,,1.1796875,0.7648916244506836,,
train-028436-0b0c4740a9c337c2,6,1,train,796089577189357506,pointer,T,G,G,True,M,False,False,3.576278118089249e-07,15.6875,-19.8125,15.6875,7.711139774831574e-06,1,G R C,G,True,True,2.7418097943154862e-06,-0.4375,0.3923368453979492,False,0.4981345534324646
train-028436-0b0c4740a9c337c2,6,2,train,796089577189357506,pointer,T,B,B,True,M,False,False,2.0265558760002023e-06,13.4375,-18.9375,13.4375,3.1886596131447096e-05,1,B C L,B,True,True,4.291525328881107e-06,-0.431640625,0.3937346339225769,False,0.5004374980926514
train-028436-0b0c4740a9c337c2,6,3,train,796089577189357506,pointer,T,Q,Q,True,M,False,False,2.50339189733495e-06,14.5,-18.25,14.5,4.138370582040637e-05,1,Q R P,Q,True,True,0.00032074074260890484,-0.0277099609375,0.49307289719581604,False,0.679388165473938
train-028436-0b0c4740a9c337c2,6,4,train,796089577189357506,pointer,T,V,V,True,M,False,False,0.00015686711412854493,10.4375,-13.28125,10.4375,0.001965090225783449,1,V F C,V,True,True,0.00021944021864328533,0.47265625,0.6160122752189636,False,0.9571446776390076
train-028436-0b0c4740a9c337c2,6,5,train,796089577189357506,pointer,T,O,O,True,M,False,False,2.5748875486897305e-05,11.75,-14.65625,11.75,0.0003599375161409782,1,O U A,O,True,True,0.003697702893987298,0.57421875,0.6397360563278198,False,1.020918369293213
train-028436-0b0c4740a9c337c2,6,6,train,796089577189357506,pointer,T,M,M,True,M,True,False,0.0008335214806720614,8.5,8.5,8.5,0.008996752059357313,1,M S N,M,True,True,0.0006274400511756539,0.75,0.6791787147521973,True,0.3868710398674011
train-028436-0b0c4740a9c337c2,6,7,train,796089577189357506,pointer,T,A,,,M,False,True,,,-10.8125,9.75,0.00406019042313433,,A S G,A,,True,,0.93359375,0.7178038358688354,,
train-028436-0b0c4740a9c337c2,6,8,train,796089577189357506,pointer,T,N,,,M,False,True,,,-10.125,9.625,0.0033894070072353235,,N A M,N,,True,,0.98046875,0.7272012233734131,,
train-028436-0b0c4740a9c337c2,6,9,train,796089577189357506,pointer,T,P,,,M,False,True,,,-10.4375,10.4375,0.001057056826905117,,P M C,P,,True,,0.93359375,0.7178038358688354,,
train-028436-0b0c4740a9c337c2,6,10,train,796089577189357506,pointer,T,S,,,M,False,True,,,-10.75,9.1875,0.007245556014521817,,S R T,S,,True,,0.99609375,0.730289876461029,,
train-028436-0b0c4740a9c337c2,6,11,train,796089577189357506,pointer,T,F,,,M,False,True,,,-10.3125,9.875,0.004664512202746483,,F G B,F,,True,,1.0546875,0.74167400598526,,
train-028436-0b0c4740a9c337c2,6,12,train,796089577189357506,pointer,T,J,,,M,False,True,,,-12.6875,11.25,0.0013080865983443337,,J T K,J,,True,,0.9765625,0.7264255881309509,,
train-031938-0b5b595e7a83e1a3,8,1,train,818346019615138211,pointer,Q,K,K,True,M,False,False,1.1920928244535389e-07,17.53125,-18.234375,17.53125,4.238041292312677e-06,1,K C A,K,True,True,2.3841855067985307e-07,-0.41015625,0.3988746404647827,False,0.5089517831802368
train-031938-0b5b595e7a83e1a3,8,2,train,818346019615138211,pointer,Q,O,O,True,M,False,False,2.0265558760002023e-06,14.625,-16.40625,14.625,3.445197702010177e-05,1,O P K,O,True,True,2.5033637939486653e-05,-0.416015625,0.3974705636501312,False,0.5066187977790833
train-031938-0b5b595e7a83e1a3,8,3,train,818346019615138211,pointer,Q,M,M,True,M,True,False,1.2278481335670222e-05,12.1875,12.1875,12.1875,0.00017839808245682598,1,M N C,M,True,True,0.029044536873698235,0.00168609619140625,0.5004215240478516,False,0.6939905881881714
train-031938-0b5b595e7a83e1a3,8,4,train,818346019615138211,pointer,Q,P,P,True,M,False,False,7.4741430580616e-05,11.25,-11.25,11.25,0.000991738649024884,1,P M C,P,True,True,6.389413465512916e-05,0.2734375,0.5679365992546082,False,0.83918297290802
train-031938-0b5b595e7a83e1a3,8,5,train,818346019615138211,pointer,Q,G,G,True,M,False,False,0.000580499938223511,9.0625,-9.8125,9.0625,0.0065023479241973665,1,G E D,G,True,True,0.00013767725613433868,0.58984375,0.6433292627334595,False,1.0309423208236694
train-031938-0b5b595e7a83e1a3,8,6,train,818346019615138211,pointer,Q,K,K,True,M,False,False,0.0002592465898487717,10.5625,-11.8125,10.5625,0.0031526710902101645,1,K A L,K,True,True,0.0003890234511345625,0.71484375,0.671470582485199,False,1.113128900527954
train-031938-0b5b595e7a83e1a3,8,7,train,818346019615138211,pointer,Q,O,O,True,M,False,False,0.005739280954003334,6.8125,-8.1875,6.8125,0.050713432458557035,1,O P U,O,True,True,0.0010308672208338976,0.76953125,0.6834195256233215,False,1.1501777172088623
train-031938-0b5b595e7a83e1a3,8,8,train,818346019615138211,pointer,Q,M,M,True,M,True,False,0.00021801002731081098,10.0625,10.0625,10.0625,0.002677276263999005,1,M N S,M,True,True,0.007478219456970692,0.91015625,0.7130321860313416,True,0.3382287919521332
train-031938-0b5b595e7a83e1a3,8,9,train,818346019615138211,pointer,Q,P,,,M,False,True,,,-10.5625,10.5625,0.0016717921689502807,,P M C,P,,True,,0.921875,0.7154240012168884,,
train-031938-0b5b595e7a83e1a3,8,10,train,818346019615138211,pointer,Q,G,,,M,False,True,,,-9.8125,9.0625,0.006588656772989326,,G E D,G,,True,,1.03125,0.7371581792831421,,
train-031938-0b5b595e7a83e1a3,8,11,train,818346019615138211,pointer,Q,K,,,M,False,True,,,-11.75,10.5,0.003268623243794139,,K A D,K,,True,,1.0078125,0.7325918078422546,,
train-031938-0b5b595e7a83e1a3,8,12,train,818346019615138211,pointer,Q,O,,,M,False,True,,,-8.3125,6.8125,0.04912137278413875,,O U P,O,,True,,0.96875,0.7248703241348267,,
train-034333-6300b5d8654b6802,10,1,train,7133901750771869698,pointer,K,M,M,True,O,False,False,4.291525328881107e-06,14.15625,-14.9375,14.15625,6.633108039737453e-05,1,M C R,M,True,True,4.768370445162873e-07,-0.30078125,0.42536652088165283,False,0.5540228486061096
train-034333-6300b5d8654b6802,10,2,train,7133901750771869698,pointer,K,R,R,True,O,False,False,4.0531076592742465e-06,13.9375,-18.4375,13.9375,6.306965358799985e-05,1,R P T,R,True,True,8.702239938429557e-06,-0.296875,0.4263215959072113,False,0.5556862950325012
train-034333-6300b5d8654b6802,10,3,train,7133901750771869698,pointer,K,S,S,True,O,False,False,2.539125671319198e-05,12.0625,-16.4375,12.0625,0.00036367213125859915,1,S T R,S,True,True,0.0013529442949220538,0.08203125,0.5204963088035583,False,0.7350037097930908
train-034333-6300b5d8654b6802,10,4,train,7133901750771869698,pointer,K,G,G,True,O,False,False,0.00018606838420964777,9.375,-13.40625,9.375,0.002209039096812939,1,G W F,G,True,True,0.0020328350365161896,0.412109375,0.601593554019928,False,0.9202826023101807
train-034333-6300b5d8654b6802,10,5,train,7133901750771869698,pointer,K,T,T,True,O,False,False,0.0005766874528490007,9.25,-11.25,9.25,0.006501544472090592,1,T D S,T,True,True,0.0008283997885882854,0.66015625,0.6592954993247986,False,1.0767396688461304
train-034333-6300b5d8654b6802,10,6,train,7133901750771869698,pointer,K,I,I,True,O,False,False,0.0011238694423809648,7.3125,-11.96875,7.3125,0.010758515124407488,1,I T N,I,True,True,0.003557307878509164,0.8046875,0.6909762620925903,False,1.1743372678756714
train-034333-6300b5d8654b6802,10,7,train,7133901750771869698,pointer,K,E,E,True,O,False,False,0.000486970558995381,9.0625,-11.125,9.0625,0.005505906932385325,1,E D G,E,True,True,0.001335086883045733,0.92578125,0.7162185907363892,False,1.2595510482788086
train-034333-6300b5d8654b6802,10,8,train,7133901750771869698,pointer,K,N,N,True,O,False,False,0.000552263343706727,9.125,-9.5625,9.125,0.006094230064985226,1,N S M,N,True,True,0.0006434039096347988,0.89453125,0.7098243832588196,False,1.2372689247131348
train-034333-6300b5d8654b6802,10,9,train,7133901750771869698,pointer,K,D,D,True,O,False,False,0.0008506731828674674,8.5625,-9.875,8.5625,0.009078500077522042,1,D C B,D,True,True,0.001033010776154697,0.90234375,0.7114308476448059,False,1.2428207397460938
train-034333-6300b5d8654b6802,10,10,train,7133901750771869698,pointer,K,O,O,True,O,True,False,0.00023493390472140163,10.0625,10.0625,10.0625,0.002834860250189448,1,O A U,O,True,True,0.002066264161840081,0.8984375,0.7106282711029053,True,0.3416057825088501
train-034333-6300b5d8654b6802,10,11,train,7133901750771869698,pointer,K,Q,,,O,False,True,,,-10.375,9.0625,0.002624268125540053,,Q K O,Q,,True,,0.875,0.7057850360870361,,
train-034333-6300b5d8654b6802,10,12,train,7133901750771869698,pointer,K,K,,,O,False,True,,,-11.65625,9.625,0.005558508231712942,,K H D,K,,True,,0.97265625,0.7256485819816589,,
train-029222-9b7ef553bedd9688,12,1,train,11204662662977656456,pointer,W,B,B,True,W,False,False,1.7881377516459906e-06,13.625,-18.234375,13.625,2.7756064459963734e-05,1,B C A,B,True,True,4.768370445162873e-07,-0.55859375,0.3638729155063629,False,0.45235681533813477
train-029222-9b7ef553bedd9688,12,2,train,11204662662977656456,pointer,W,V,V,True,W,False,False,3.576278118089249e-07,15.6875,-19.125,15.6875,6.4877046323870835e-06,1,V C F,V,True,True,4.0531076592742465e-06,-0.38671875,0.40450745820999146,False,0.5183663964271545
train-029222-9b7ef553bedd9688,12,3,train,11204662662977656456,pointer,W,I,I,True,W,False,False,1.966933996300213e-05,13.0625,-16.03125,13.0625,0.0002898568278925741,1,I N L,I,True,True,0.0019596675410866737,0.017822265625,0.5044554471969604,False,0.70209801197052
train-029222-9b7ef553bedd9688,12,4,train,11204662662977656456,pointer,W,W,W,True,W,True,False,0.0002506657037883997,10.125,10.125,10.125,0.0030319162330586812,1,W I X,W,True,True,0.003080743597820401,0.33203125,0.5822535157203674,False,0.8728805780410767
train-029222-9b7ef553bedd9688,12,5,train,11204662662977656456,pointer,W,B,B,True,W,False,False,0.00036566724884323776,9.1875,-10.6875,9.1875,0.004243227035156764,1,B C D,B,True,True,0.018317935988307,0.6171875,0.6495786309242249,False,1.0486189126968384
train-029222-9b7ef553bedd9688,12,6,train,11204662662977656456,pointer,W,V,V,True,W,False,False,0.00045908879837952554,9.3125,-10.5625,9.3125,0.005252149978741836,1,V Z F,V,True,True,0.0014285369543358684,0.9296875,0.7170118689537048,False,1.26235032081604
train-029222-9b7ef553bedd9688,12,7,train,11204662662977656456,pointer,W,I,I,True,W,False,False,0.00025185750564560294,10.5625,-13.40625,10.5625,0.0030723188191141703,1,I E S,I,True,True,0.0019254018552601337,1.0,0.7310585975646973,False,1.3132617473602295
train-029222-9b7ef553bedd9688,12,8,train,11204662662977656456,pointer,W,W,W,True,W,True,False,0.0005446380819194019,9.4375,9.4375,9.4375,0.0061736154970722665,1,W I X,W,True,True,0.00306018372066319,1.0390625,0.7386690378189087,False,1.3419678211212158
train-029222-9b7ef553bedd9688,12,9,train,11204662662977656456,pointer,W,B,B,True,W,False,False,0.0004686211177613586,8.9375,-10.625,8.9375,0.005323652133206037,1,B C D,B,True,True,0.026502002030611038,1.09375,0.7490872144699097,False,1.3826498985290527
train-029222-9b7ef553bedd9688,12,10,train,11204662662977656456,pointer,W,V,V,True,W,False,False,0.0004704084130935371,9.3125,-10.5625,9.3125,0.00537765679930572,1,V Z F,V,True,True,0.0015041239093989134,1.2578125,0.7786493301391602,False,1.5080070495605469
train-029222-9b7ef553bedd9688,12,11,train,11204662662977656456,pointer,W,I,I,True,W,False,False,0.00025602878304198384,10.5625,-13.4375,10.5625,0.003115815804013952,1,I E S,I,True,True,0.001919690752401948,1.2109375,0.7704647779464722,False,1.4716987609863281
train-029222-9b7ef553bedd9688,12,12,train,11204662662977656456,pointer,W,W,W,True,W,True,False,0.000491021724883467,9.5625,9.5625,9.5625,0.005623249705745954,1,W I X,W,True,True,0.0030629171524196863,1.1796875,0.7648916244506836,True,0.2680211365222931
train-023994-7b530fa831d97e35,1,1,train,8886463704797380149,pointer,G,Z,Z,True,Z,True,False,5.364403477869928e-06,12.75,12.75,12.75,8.021861064344195e-05,1,Z X U,Z,True,True,3.576278118089249e-07,0.06591796875,0.5164735317230225,True,0.6607312560081482
train-023994-7b530fa831d97e35,1,2,train,8886463704797380149,pointer,G,O,,,Z,False,True,,,-16.9375,15.375,1.74016636859544e-05,,O A D,O,,True,,-0.07470703125,0.48133188486099243,,
train-023994-7b530fa831d97e35,1,3,train,8886463704797380149,pointer,G,A,,,Z,False,True,,,-15.6875,12.6875,0.00036566454032144045,,A B S,A,,True,,0.1982421875,0.5493988990783691,,
train-023994-7b530fa831d97e35,1,4,train,8886463704797380149,pointer,G,T,,,Z,False,True,,,-13.3125,8.8125,0.0036899775572726713,,T A S,T,,True,,0.3828125,0.5945512652397156,,
train-023994-7b530fa831d97e35,1,5,train,8886463704797380149,pointer,G,N,,,Z,False,True,,,-13.125,8.9375,0.004240487158265959,,N O M,N,,True,,0.55078125,0.6343168616294861,,
train-023994-7b530fa831d97e35,1,6,train,8886463704797380149,pointer,G,F,,,Z,False,True,,,-10.4375,6.5,0.06590271656795085,,F T O,F,,True,,0.7421875,0.6774740219116211,,
train-023994-7b530fa831d97e35,1,7,train,8886463704797380149,pointer,G,M,,,Z,False,True,,,-10.1875,8.125,0.01495970886725395,,M S N,M,,True,,0.9375,0.7185943722724915,,
train-023994-7b530fa831d97e35,1,8,train,8886463704797380149,pointer,G,B,,,Z,False,True,,,-12.125,8.8125,0.008995085258209032,,B C M,B,,True,,0.9921875,0.729519784450531,,
train-023994-7b530fa831d97e35,1,9,train,8886463704797380149,pointer,G,K,,,Z,False,True,,,-14.375,10.8125,0.002045419889713189,,K L R,K,,True,,1.0703125,0.7446563243865967,,
train-023994-7b530fa831d97e35,1,10,train,8886463704797380149,pointer,G,O,,,Z,False,True,,,-11.84375,9.4375,0.0063078352451259815,,O Y U,O,,True,,0.9609375,0.7233095169067383,,
train-023994-7b530fa831d97e35,1,11,train,8886463704797380149,pointer,G,A,,,Z,False,True,,,-12.90625,10.0625,0.003617887073657144,,A S F,A,,True,,1.03125,0.7371581792831421,,
train-023994-7b530fa831d97e35,1,12,train,8886463704797380149,pointer,G,T,,,Z,False,True,,,-13.0,8.4375,0.005120829279061212,,T A S,T,,True,,0.9921875,0.729519784450531,,
train-020791-96695dc76ed46aeb,2,1,train,10838297089383099115,pointer,E,W,W,True,V,False,False,2.9802276912960224e-06,13.625,-13.625,13.625,4.61465329074695e-05,1,W V A,W,True,True,5.960462772236497e-07,-0.30859375,0.4234579801559448,False,0.5507071614265442
train-020791-96695dc76ed46aeb,2,2,train,10838297089383099115,pointer,E,V,V,True,V,True,False,8.344646857949556e-07,15.5625,15.5625,15.5625,1.3525655865399556e-05,1,V Z C,V,True,True,1.6689286894688848e-06,-0.25390625,0.4368622601032257,True,0.8281373381614685
train-020791-96695dc76ed46aeb,2,3,train,10838297089383099115,pointer,E,H,,,V,False,True,,,-16.34375,13.9375,9.558371184293767e-05,,H L X,H,,True,,0.12158203125,0.5303581357002258,,
train-020791-96695dc76ed46aeb,2,4,train,10838297089383099115,pointer,E,C,,,V,False,True,,,-12.78125,9.1875,0.005526674247801222,,C D S,C,,True,,0.4765625,0.6169358491897583,,
train-020791-96695dc76ed46aeb,2,5,train,10838297089383099115,pointer,E,U,,,V,False,True,,,-11.5625,10.5625,0.0015343133901315757,,U B A,U,,True,,0.59375,0.6442250609397888,,
train-020791-96695dc76ed46aeb,2,6,train,10838297089383099115,pointer,E,M,,,V,False,True,,,-11.15625,8.1875,0.013917595615738342,,M S N,M,,True,,0.7265625,0.6740504503250122,,
train-020791-96695dc76ed46aeb,2,7,train,10838297089383099115,pointer,E,P,,,V,False,True,,,-12.90625,10.6875,0.0013571840782189981,,P A M,P,,True,,0.7890625,0.6876299977302551,,
train-020791-96695dc76ed46aeb,2,8,train,10838297089383099115,pointer,E,B,,,V,False,True,,,-15.0625,10.0,0.001675343316755019,,B A C,B,,True,,0.81640625,0.6934729218482971,,
train-020791-96695dc76ed46aeb,2,9,train,10838297089383099115,pointer,E,G,,,V,False,True,,,-12.6875,10.125,0.0032122412019179457,,G R W,G,,True,,0.98046875,0.7272012233734131,,
train-020791-96695dc76ed46aeb,2,10,train,10838297089383099115,pointer,E,R,,,V,False,True,,,-13.3125,9.625,0.0017931501654525905,,R O T,R,,True,,1.0546875,0.74167400598526,,
train-020791-96695dc76ed46aeb,2,11,train,10838297089383099115,pointer,E,O,,,V,False,True,,,-13.90625,10.75,0.0008686978524621212,,O U P,O,,True,,1.0703125,0.7446563243865967,,
train-020791-96695dc76ed46aeb,2,12,train,10838297089383099115,pointer,E,K,,,V,False,True,,,-14.53125,10.9375,0.0012343304663356535,,K J F,K,,True,,1.0390625,0.7386690378189087,,
train-003971-c5f6362c2374a558,3,1,train,14264648432943932760,pointer,T,N,N,True,N,True,False,2.50339189733495e-06,14.09375,14.09375,14.09375,4.28283032366284e-05,1,N M Q,N,True,True,1.4305104514278355e-06,-0.279296875,0.43062615394592285,False,0.5632180571556091
train-003971-c5f6362c2374a558,3,2,train,14264648432943932760,pointer,T,T,T,True,N,False,False,1.07287787614041e-05,12.0,-12.0,12.0,0.00015343892805719754,1,T N S,T,True,True,0.00027700403006747365,-0.3359375,0.41679665446281433,False,0.5392193794250488
train-003971-c5f6362c2374a558,3,3,train,14264648432943932760,pointer,T,N,N,True,N,True,False,2.098061486321967e-05,12.125,12.125,12.125,0.00029610135908306895,1,N T M,N,True,True,0.00023803261865396053,-0.0115966796875,0.4971008598804474,True,0.6989623308181763
train-003971-c5f6362c2374a558,3,4,train,14264648432943932760,pointer,T,T,,,N,False,True,,,-9.625,9.3125,0.005330871267808421,,T S N,T,,True,,0.232421875,0.5578453540802002,,
train-003971-c5f6362c2374a558,3,5,train,14264648432943932760,pointer,T,N,,,N,True,True,,,10.0,10.0,0.0024599578411221255,,N T M,N,,True,,0.5,0.622459352016449,,
train-003971-c5f6362c2374a558,3,6,train,14264648432943932760,pointer,T,T,,,N,False,True,,,-9.125,8.875,0.007715877192427675,,T S N,T,,True,,0.62890625,0.6522414088249207,,
train-003971-c5f6362c2374a558,3,7,train,14264648432943932760,pointer,T,N,,,N,True,True,,,9.875,9.875,0.002777504652859042,,N T M,N,,True,,0.78515625,0.6867902874946594,,
train-003971-c5f6362c2374a558,3,8,train,14264648432943932760,pointer,T,T,,,N,False,True,,,-9.0,8.75,0.00865421335893206,,T S N,T,,True,,0.83203125,0.696784257888794,,
train-003971-c5f6362c2374a558,3,9,train,14264648432943932760,pointer,T,N,,,N,True,True,,,10.0,10.0,0.002500418387133345,,N T M,N,,True,,0.91796875,0.7146279811859131,,
train-003971-c5f6362c2374a558,3,10,train,14264648432943932760,pointer,T,T,,,N,False,True,,,-9.0625,8.8125,0.008042578889905125,,T S N,T,,True,,0.921875,0.7154240012168884,,
train-003971-c5f6362c2374a558,3,11,train,14264648432943932760,pointer,T,N,,,N,True,True,,,9.875,9.875,0.0027859437879541606,,N T M,N,,True,,0.98046875,0.7272012233734131,,
train-003971-c5f6362c2374a558,3,12,train,14264648432943932760,pointer,T,T,,,N,False,True,,,-9.0,8.75,0.008633425489249589,,T S N,T,,True,,0.9609375,0.7233095169067383,,
train-005709-276642cdfa2b90a2,4,1,train,2839030067536564386,pointer,I,G,G,True,L,False,False,5.960462772236497e-07,15.71875,-17.40625,15.71875,1.276591285110692e-05,1,G C R,G,True,True,4.768370445162873e-07,-0.36328125,0.4101654887199402,False,0.5279132723808289
train-005709-276642cdfa2b90a2,4,2,train,2839030067536564386,pointer,I,O,O,True,L,False,False,7.152555099310121e-07,16.1875,-17.09375,16.1875,1.299007178202965e-05,1,O D N,O,True,True,2.074220174108632e-05,-0.3203125,0.4205995798110962,False,0.5457614660263062
train-005709-276642cdfa2b90a2,4,3,train,2839030067536564386,pointer,I,C,C,True,L,False,False,4.291525328881107e-06,14.5,-14.8125,14.5,6.970144870309867e-05,1,C A D,C,True,True,0.0025352262891829014,0.040283203125,0.5100694298744202,False,0.7134916186332703
train-005709-276642cdfa2b90a2,4,4,train,2839030067536564386,pointer,I,L,L,True,L,True,False,7.390703103737906e-05,11.375,11.375,11.375,0.0009780058334635862,1,L N O,L,True,True,0.000717025191988796,0.380859375,0.5940803289413452,True,0.5207406878471375
train-005709-276642cdfa2b90a2,4,5,train,2839030067536564386,pointer,I,W,,,L,False,True,,,-11.0,9.75,0.0037418141515995484,,W S V,W,,True,,0.65625,0.6584175229072571,,
train-005709-276642cdfa2b90a2,4,6,train,2839030067536564386,pointer,I,Y,,,L,False,True,,,-12.375,9.25,0.002558076244381748,,Y O A,Y,,True,,0.7734375,0.6842640042304993,,
train-005709-276642cdfa2b90a2,4,7,train,2839030067536564386,pointer,I,N,,,L,False,True,,,-13.21875,10.4375,0.00221583819800196,,N O Y,N,,True,,0.84375,0.6992544531822205,,
train-005709-276642cdfa2b90a2,4,8,train,2839030067536564386,pointer,I,R,,,L,False,True,,,-10.8125,10.6875,0.00202440887583615,,R Q L,R,,True,,0.9453125,0.7201715111732483,,
train-005709-276642cdfa2b90a2,4,9,train,2839030067536564386,pointer,I,K,,,L,False,True,,,-10.1875,9.125,0.005710371790524051,,K R L,K,,True,,1.0234375,0.735641598701477,,
train-005709-276642cdfa2b90a2,4,10,train,2839030067536564386,pointer,I,C,,,L,False,True,,,-11.21875,9.3125,0.0054356761985424025,,C D A,C,,True,,1.1015625,0.7505527138710022,,
train-005709-276642cdfa2b90a2,4,11,train,2839030067536564386,pointer,I,L,,,L,True,True,,,10.6875,10.6875,0.001498346417380582,,L N C,L,,True,,1.1171875,0.7534666657447815,,
train-005709-276642cdfa2b90a2,4,12,train,2839030067536564386,pointer,I,W,,,L,False,True,,,-10.75,9.6875,0.0038878529080922245,,W V S,W,,True,,1.15625,0.7606506943702698,,
train-023377-86e7f9e2cbcec1d3,5,1,train,9721013073179754963,pointer,J,C,C,True,K,False,False,9.298280929215252e-06,12.625,-15.78125,12.625,0.00013365780045002676,1,C A D,C,True,True,-0.0,-0.36328125,0.4101654887199402,False,0.5279132723808289
train-023377-86e7f9e2cbcec1d3,5,2,train,9721013073179754963,pointer,J,Q,Q,True,K,False,False,1.0371154530730564e-05,11.6875,-11.6875,11.6875,0.00013936466872215805,1,Q K C,Q,True,True,1.3828182090946939e-05,-0.345703125,0.4144248068332672,False,0.5351606607437134
train-023377-86e7f9e2cbcec1d3,5,3,train,9721013073179754963,pointer,J,K,K,True,K,True,False,3.3378546504536644e-06,14.5625,14.5625,14.5625,5.464689086815028e-05,1,K F H,K,True,True,0.0004745787591673434,-0.04248046875,0.4893815219402313,False,0.6721324920654297
train-023377-86e7f9e2cbcec1d3,5,4,train,9721013073179754963,pointer,J,K,K,True,K,True,False,0.0005536930402740836,7.625,7.625,7.625,0.0050834318507766915,1,K C Q,K,True,True,0.0007823029300197959,0.2734375,0.5679365992546082,False,0.83918297290802
train-023377-86e7f9e2cbcec1d3,5,5,train,9721013073179754963,pointer,J,K,K,True,K,True,False,0.00011514954530866817,10.0625,10.0625,10.0625,0.0014235514687124457,1,K C R,K,True,True,0.0012902038870379329,0.470703125,0.61555016040802,True,0.48523885011672974
train-023377-86e7f9e2cbcec1d3,5,6,train,9721013073179754963,pointer,J,K,,,K,True,True,,,9.75,9.75,0.0017737748920126327,,K C R,K,,True,,0.609375,0.6477982401847839,,
train-023377-86e7f9e2cbcec1d3,5,7,train,9721013073179754963,pointer,J,K,,,K,True,True,,,9.6875,9.6875,0.0017898953833404305,,K C R,K,,True,,0.6953125,0.6671476364135742,,
train-023377-86e7f9e2cbcec1d3,5,8,train,9721013073179754963,pointer,J,K,,,K,True,True,,,9.625,9.625,0.0018359217961416974,,K C R,K,,True,,0.75390625,0.6800292134284973,,
train-023377-86e7f9e2cbcec1d3,5,9,train,9721013073179754963,pointer,J,K,,,K,True,True,,,9.6875,9.6875,0.0017774673750464564,,K C R,K,,True,,0.7890625,0.6876299977302551,,
train-023377-86e7f9e2cbcec1d3,5,10,train,9721013073179754963,pointer,J,K,,,K,True,True,,,9.625,9.625,0.0018478316529919438,,K C R,K,,True,,0.8125,0.6926419734954834,,
train-023377-86e7f9e2cbcec1d3,5,11,train,9721013073179754963,pointer,J,K,,,K,True,True,,,9.6875,9.6875,0.0017801026060165603,,K C R,K,,True,,0.828125,0.6959583163261414,,
train-023377-86e7f9e2cbcec1d3,5,12,train,9721013073179754963,pointer,J,K,,,K,True,True,,,9.625,9.625,0.001868154587086722,,K C R,K,,True,,0.83984375,0.6984323263168335,,
train-008492-240e76925130107c,6,1,train,2598144405838762108,pointer,D,I,I,True,Y,False,False,2.145764938177308e-06,14.9375,-19.96484375,14.9375,3.54428907548979e-05,1,I R S,I,True,True,2.0265558760002023e-06,-0.337890625,0.4163219630718231,False,0.5384057760238647
train-008492-240e76925130107c,6,2,train,2598144405838762108,pointer,D,G,G,True,Y,False,False,1.311301275563892e-06,14.4375,-20.578125,14.4375,2.1138669676179354e-05,1,G C E,G,True,True,1.4543427823809907e-05,-0.357421875,0.411583811044693,False,0.5303207635879517
train-008492-240e76925130107c,6,3,train,2598144405838762108,pointer,D,X,X,True,Y,False,False,5.793403761344962e-05,11.6875,-13.9375,11.6875,0.0007914714161197818,1,X R Z,X,True,True,0.0005345107638277113,0.04638671875,0.5115945935249329,False,0.7166094779968262
train-008492-240e76925130107c,6,4,train,2598144405838762108,pointer,D,R,R,True,Y,False,False,6.151010165922344e-05,10.5,-15.78125,10.5,0.0007957216399582549,1,R Q K,R,True,True,0.0027978583239018917,0.400390625,0.5987815260887146,False,0.913249135017395
train-008492-240e76925130107c,6,5,train,2598144405838762108,pointer,D,K,K,True,Y,False,False,0.00018249277491122484,10.25,-14.34375,10.25,0.002252869315939392,1,K Q D,K,True,True,0.001769763883203268,0.5546875,0.6352224349975586,False,1.0084675550460815
train-008492-240e76925130107c,6,6,train,2598144405838762108,pointer,D,Y,Y,True,Y,True,False,0.0003400462737772614,9.8125,9.8125,9.8125,0.003995652151611949,1,Y X O,Y,True,True,0.0006145734223537147,0.79296875,0.6884684562683105,True,0.37328583002090454
train-008492-240e76925130107c,6,7,train,2598144405838762108,pointer,D,P,,,Y,False,True,,,-14.875,9.9375,0.002231265231804072,,P O Q,P,,True,,0.78515625,0.6867902874946594,,
train-008492-240e76925130107c,6,8,train,2598144405838762108,pointer,D,T,,,Y,False,True,,,-13.28125,9.125,0.005922240257845462,,T S D,T,,True,,0.8984375,0.7106282711029053,,
train-008492-240e76925130107c,6,9,train,2598144405838762108,pointer,D,L,,,Y,False,True,,,-15.1875,10.5625,0.001744655694764876,,L N M,L,,True,,1.0546875,0.74167400598526,,
train-008492-240e76925130107c,6,10,train,2598144405838762108,pointer,D,B,,,Y,False,True,,,-15.09375,10.5,0.0019745774931686825,,B C L,B,,True,,1.0546875,0.74167400598526,,
train-008492-240e76925130107c,6,11,train,2598144405838762108,pointer,D,J,,,Y,False,True,,,-10.90625,9.25,0.006966111039126155,,J K L,J,,True,,1.078125,0.7461389899253845,,
train-008492-240e76925130107c,6,12,train,2598144405838762108,pointer,D,O,,,Y,False,True,,,-9.4375,9.4375,0.004262153934147659,,O U Y,O,,True,,1.0625,0.7431680560112,,
train-020229-7c9aa3f3c6e63bb1,8,1,train,8978669074525862833,pointer,X,K,K,True,J,False,False,1.1920928244535389e-07,16.4375,-18.046875,16.4375,4.448352736374172e-06,1,K R W,K,True,True,4.768370445162873e-07,-0.443359375,0.39094078540802,False,0.49583977460861206
train-020229-7c9aa3f3c6e63bb1,8,2,train,8978669074525862833,pointer,X,W,W,True,J,False,False,1.0728830375228426e-06,14.625,-19.03125,14.625,1.8265216991546542e-05,1,W X S,W,True,True,1.5735502529423684e-05,-0.435546875,0.39280253648757935,False,0.4989013075828552
train-020229-7c9aa3f3c6e63bb1,8,3,train,8978669074525862833,pointer,X,R,R,True,J,False,False,1.9311717551317997e-05,12.875,-15.0,12.875,0.00028231900641095586,1,R D T,R,True,True,0.00025090406415984035,-0.04052734375,0.48986953496932983,False,0.6730888485908508
train-020229-7c9aa3f3c6e63bb1,8,4,train,8978669074525862833,pointer,X,M,M,True,J,False,False,0.00012206286191940308,10.1875,-13.84375,10.1875,0.0015454553781102422,1,M N S,M,True,True,0.0025586506817489862,0.314453125,0.5779718160629272,False,0.8626832365989685
train-020229-7c9aa3f3c6e63bb1,8,5,train,8978669074525862833,pointer,X,Q,Q,True,J,False,False,0.00023123928986024112,10.1875,-12.46875,10.1875,0.002769827139702576,1,Q P A,Q,True,True,0.004973658360540867,0.625,0.6513549089431763,False,1.0537006855010986
train-020229-7c9aa3f3c6e63bb1,8,6,train,8978669074525862833,pointer,X,Y,Y,True,J,False,False,0.006638615392148495,5.5625,-10.1875,5.5625,0.051236107447149924,1,Y Q X,Y,True,True,0.0006262486567720771,0.7421875,0.6774740219116211,False,1.1315715312957764
train-020229-7c9aa3f3c6e63bb1,8,7,train,8978669074525862833,pointer,X,D,D,True,J,False,False,0.0004234609368722886,9.125,-13.1875,9.125,0.004757576110130341,1,D E S,D,True,True,0.00020823694649152458,0.8828125,0.7074047327041626,False,1.2289648056030273
train-020229-7c9aa3f3c6e63bb1,8,8,train,8978669074525862833,pointer,X,J,J,True,J,True,False,0.0002932118659373373,10.5,10.5,10.5,0.003559814653072819,1,J C K,J,True,True,0.0009672730811871588,0.9375,0.7185943722724915,True,0.3304581940174103
train-020229-7c9aa3f3c6e63bb1,8,9,train,8978669074525862833,pointer,X,C,,,J,False,True,,,-9.25,7.8125,0.021879859684083375,,C D S,C,,True,,1.0390625,0.7386690378189087,,
train-020229-7c9aa3f3c6e63bb1,8,10,train,8978669074525862833,pointer,X,V,,,J,False,True,,,-11.4375,9.3125,0.007077200469718686,,V F L,V,,True,,1.171875,0.7634837031364441,,
train-020229-7c9aa3f3c6e63bb1,8,11,train,8978669074525862833,pointer,X,G,,,J,False,True,,,-10.5,9.1875,0.009280368622395741,,G E D,G,,True,,1.2265625,0.7732163667678833,,
train-020229-7c9aa3f3c6e63bb1,8,12,train,8978669074525862833,pointer,X,I,,,J,False,True,,,-9.8125,7.75,0.011236902324080516,,I P X,I,,True,,1.15625,0.7606506943702698,,
train-014821-3183b84ebac7680b,10,1,train,3567897978088155147,pointer,K,S,S,True,L,False,False,4.6491513785440475e-06,13.71875,-17.4453125,13.71875,7.524498494929232e-05,1,S V R,S,True,True,5.960462772236497e-07,-0.33203125,0.4177464544773102,False,0.5408493280410767
train-014821-3183b84ebac7680b,10,2,train,3567897978088155147,pointer,K,H,H,True,L,False,False,3.814689989667386e-06,13.0,-15.375,13.0,5.733698601900375e-05,1,H M L,H,True,True,8.34461570775602e-06,-0.34375,0.4148988723754883,False,0.5359705090522766
train-014821-3183b84ebac7680b,10,3,train,3567897978088155147,pointer,K,V,V,True,L,False,False,2.8967437174287625e-05,12.1875,-12.1875,12.1875,0.00041021688465930217,1,V L E,V,True,True,0.000520570669323206,0.0242919921875,0.5060727000236511,False,0.7053669095039368
train-014821-3183b84ebac7680b,10,4,train,3567897978088155147,pointer,K,R,R,True,L,False,False,0.00012313561455812305,11.0,-11.6875,11.0,0.0015916583334371459,1,R Q P,R,True,True,0.0005913416389375925,0.47265625,0.6160122752189636,False,0.9571446776390076
train-014821-3183b84ebac7680b,10,5,train,3567897978088155147,pointer,K,B,B,True,L,False,False,4.482168878894299e-05,10.9375,-14.28125,10.9375,0.0005969729237737759,1,B C D,B,True,True,0.00681954575702548,0.58984375,0.6433292627334595,False,1.0309423208236694
train-014821-3183b84ebac7680b,10,6,train,3567897978088155147,pointer,K,E,E,True,L,False,False,0.00026306029758416116,9.875,-10.9375,9.875,0.0031371978158907902,1,E D A,E,True,True,0.0006761648692190647,0.84375,0.6992544531822205,False,1.2014906406402588
train-014821-3183b84ebac7680b,10,7,train,3567897978088155147,pointer,K,O,O,True,L,False,False,0.00010942813969450071,11.0,-12.1875,11.0,0.0014083402757143748,1,O A P,O,True,True,0.0012315078638494015,0.8671875,0.7041601538658142,False,1.2179369926452637
train-014821-3183b84ebac7680b,10,8,train,3567897978088155147,pointer,K,Z,Z,True,L,False,False,0.00028772983932867646,8.9375,-13.03125,8.9375,0.003255319485844145,1,Z X U,Z,True,True,0.00010573305189609528,0.99609375,0.730289876461029,False,1.3104075193405151
train-014821-3183b84ebac7680b,10,9,train,3567897978088155147,pointer,K,P,P,True,L,False,False,0.00010466027742950246,11.5625,-11.5625,11.5625,0.0013748625357619336,1,P L M,P,True,True,0.03527820482850075,1.046875,0.740174412727356,False,1.3477444648742676
train-014821-3183b84ebac7680b,10,10,train,3567897978088155147,pointer,K,L,L,True,L,True,False,0.0001770101225702092,10.1875,10.1875,10.1875,0.002162520409444495,1,L D N,L,True,True,0.0005410637822933495,1.0625,0.7431680560112,True,0.2968331575393677
train-014821-3183b84ebac7680b,10,11,train,3567897978088155147,pointer,K,G,,,L,False,True,,,-10.5625,8.1875,0.009488681874948088,,G E D,G,,True,,1.078125,0.7461389899253845,,
train-014821-3183b84ebac7680b,10,12,train,3567897978088155147,pointer,K,T,,,L,False,True,,,-10.3125,8.875,0.008179065560728038,,T D M,T,,True,,1.109375,0.7520126104354858,,
train-010574-c0bb923f113f8b6c,12,1,train,13887854675497028460,pointer,G,Z,Z,True,D,False,False,2.622600959512056e-06,13.3125,-16.84375,13.3125,3.860159789471808e-05,1,Z X U,Z,True,True,3.576278118089249e-07,-0.365234375,0.40969306230545044,False,0.527112603187561
train-010574-c0bb923f113f8b6c,12,2,train,13887854675497028460,pointer,G,L,L,True,D,False,False,1.311301275563892e-06,14.4375,-15.8125,14.4375,2.051227213954371e-05,1,L C D,L,True,True,6.198863957251888e-06,-0.359375,0.41111087799072266,False,0.5295173525810242
train-010574-c0bb923f113f8b6c,12,3,train,13887854675497028460,pointer,G,U,U,True,D,False,False,5.006777428206988e-06,14.3125,-15.0,14.3125,7.980770449127107e-05,1,U T L,U,True,True,0.00015484087634831667,-0.059814453125,0.48505085706710815,False,0.6636871099472046
train-010574-c0bb923f113f8b6c,12,4,train,13887854675497028460,pointer,G,H,H,True,D,False,False,0.0001734344696160406,10.5625,-11.5625,10.5625,0.002183558004713361,1,H X A,H,True,True,0.0010347970528528094,0.302734375,0.5751108527183533,False,0.8559269309043884
train-010574-c0bb923f113f8b6c,12,5,train,13887854675497028460,pointer,G,P,P,True,D,False,False,8.034383063204587e-05,11.6875,-12.0,11.6875,0.0010716269082843022,1,P M C,P,True,True,0.000243634101934731,0.52734375,0.6288633942604065,False,0.9911850094795227
train-010574-c0bb923f113f8b6c,12,6,train,13887854675497028460,pointer,G,X,X,True,D,False,False,0.0001776060671545565,10.25,-11.9375,10.25,0.0022010162820862702,1,X A Z,X,True,True,0.0006132629350759089,0.66796875,0.6610482335090637,False,1.081897258758545
train-010574-c0bb923f113f8b6c,12,7,train,13887854675497028460,pointer,G,J,J,True,D,False,False,5.6622808187967166e-05,11.3125,-12.6875,11.3125,0.0007626997251339998,1,J K Q,J,True,True,0.001877094735391438,0.70703125,0.6697448492050171,False,1.1078897714614868
train-010574-c0bb923f113f8b6c,12,8,train,13887854675497028460,pointer,G,O,O,True,D,False,False,0.0003122795606032014,9.5,-11.0625,9.5,0.0036559085549442774,1,O P A,O,True,True,0.00045313104055821896,0.7890625,0.6876299977302551,False,1.1635668277740479
train-010574-c0bb923f113f8b6c,12,9,train,13887854675497028460,pointer,G,M,M,True,D,False,False,0.000289159914245829,10.0625,-11.0,10.0625,0.0034870462442351457,1,M N S,M,True,True,0.0033150739036500454,0.921875,0.7154240012168884,False,1.2567548751831055
train-010574-c0bb923f113f8b6c,12,10,train,13887854675497028460,pointer,G,C,C,True,D,False,False,0.0008517451351508498,9.1875,-9.1875,9.1875,0.00932536595390661,1,C A D,C,True,True,0.00017438798386137933,1.0234375,0.735641598701477,False,1.3304497003555298
train-010574-c0bb923f113f8b6c,12,11,train,13887854675497028460,pointer,G,S,S,True,D,False,False,0.0009639384225010872,8.875,-9.875,8.875,0.010432468307918817,1,S R T,S,True,True,0.0009358317474834621,1.1171875,0.7534666657447815,False,1.4002580642700195
train-010574-c0bb923f113f8b6c,12,12,train,13887854675497028460,pointer,G,D,D,True,D,True,False,0.0002057340752799064,9.75,9.75,9.75,0.0024580066661383858,1,D E L,D,True,True,0.00224956963211298,1.1796875,0.7648916244506836,True,0.2680211365222931
train-002061-c2d311c993169188,1,1,train,14038584020897796488,pointer,U,B,B,True,B,True,False,2.264974000354414e-06,13.3125,13.3125,13.3125,3.447464032468888e-05,1,B C A,B,True,True,7.152555099310121e-07,-0.08544921875,0.47865068912506104,True,0.7367842197418213
train-002061-c2d311c993169188,1,2,train,14038584020897796488,pointer,U,K,,,B,False,True,,,-17.3125,16.25,1.0892104964474248e-05,,K Q F,K,,True,,-0.11328125,0.4717099070549011,,
train-002061-c2d311c993169188,1,3,train,14038584020897796488,pointer,U,X,,,B,False,True,,,-17.125,12.4375,0.00010697593723511634,,X A K,X,,True,,0.1044921875,0.5260992646217346,,
train-002061-c2d311c993169188,1,4,train,14038584020897796488,pointer,U,A,,,B,False,True,,,-12.1875,11.6875,0.0004297673974515388,,A X B,A,,True,,0.455078125,0.6118459105491638,,
train-002061-c2d311c993169188,1,5,train,14038584020897796488,pointer,U,F,,,B,False,True,,,-14.4375,11.375,0.0010908315517593682,,F M A,F,,True,,0.6875,0.665410578250885,,
train-002061-c2d311c993169188,1,6,train,14038584020897796488,pointer,U,M,,,B,False,True,,,-12.34375,8.9375,0.00723780989806273,,M S N,M,,True,,0.80078125,0.6901415586471558,,
train-002061-c2d311c993169188,1,7,train,14038584020897796488,pointer,U,Y,,,B,False,True,,,-12.84375,9.875,0.004100154908131528,,Y A K,Y,,True,,0.8984375,0.7106282711029053,,
train-002061-c2d311c993169188,1,8,train,14038584020897796488,pointer,U,G,,,B,False,True,,,-10.1875,8.625,0.010192626749702708,,G R E,G,,True,,1.0390625,0.7386690378189087,,
train-002061-c2d311c993169188,1,9,train,14038584020897796488,pointer,U,N,,,B,False,True,,,-11.4375,9.9375,0.0025487667380439533,,N O D,N,,True,,1.0390625,0.7386690378189087,,
train-002061-c2d311c993169188,1,10,train,14038584020897796488,pointer,U,D,,,B,False,True,,,-9.4375,9.4375,0.0032618630028231695,,D B C,D,,True,,1.0703125,0.7446563243865967,,
train-002061-c2d311c993169188,1,11,train,14038584020897796488,pointer,U,V,,,B,False,True,,,-14.59375,10.3125,0.0013153770418215616,,V Z X,V,,True,,1.109375,0.7520126104354858,,
train-002061-c2d311c993169188,1,12,train,14038584020897796488,pointer,U,I,,,B,False,True,,,-12.46875,9.875,0.004491094044738157,,I L P,I,,True,,1.171875,0.7634837031364441,,
train-021745-58b55edc60d51af4,2,1,train,6392119546732681972,pointer,V,Z,Z,True,T,False,False,3.6954811548639555e-06,13.0625,-16.90625,13.0625,5.523045157172681e-05,1,Z X U,Z,True,True,7.152555099310121e-07,-0.2431640625,0.43950676918029785,False,0.5789381265640259
train-021745-58b55edc60d51af4,2,2,train,6392119546732681972,pointer,V,T,T,True,T,True,False,1.1920922133867862e-06,14.5,14.5,14.5,2.3176713318564863e-05,1,T M W,T,True,True,8.4638240878121e-06,-0.28515625,0.42919009923934937,True,0.8458553552627563
train-021745-58b55edc60d51af4,2,3,train,6392119546732681972,pointer,V,B,,,T,False,True,,,-15.03125,11.75,0.00017930209971106015,,B C A,B,,True,,0.0272216796875,0.5068050026893616,,
train-021745-58b55edc60d51af4,2,4,train,6392119546732681972,pointer,V,H,,,T,False,True,,,-12.0625,10.4375,0.0022258130650871454,,H X L,H,,True,,0.453125,0.6113819479942322,,
train-021745-58b55edc60d51af4,2,5,train,6392119546732681972,pointer,V,N,,,T,False,True,,,-12.75,11.5,0.000774379119626808,,N Q A,N,,True,,0.59765625,0.6451199054718018,,
train-021745-58b55edc60d51af4,2,6,train,6392119546732681972,pointer,V,F,,,T,False,True,,,-10.9375,10.3125,0.002243598986399846,,F G M,F,,True,,0.73828125,0.6766199469566345,,
train-021745-58b55edc60d51af4,2,7,train,6392119546732681972,pointer,V,R,,,T,False,True,,,-9.6875,9.125,0.00933019001118598,,R P L,R,,True,,0.921875,0.7154240012168884,,
train-021745-58b55edc60d51af4,2,8,train,6392119546732681972,pointer,V,Y,,,T,False,True,,,-12.125,10.875,0.0022841216720457264,,Y O Z,Y,,True,,1.109375,0.7520126104354858,,
train-021745-58b55edc60d51af4,2,9,train,6392119546732681972,pointer,V,O,,,T,False,True,,,-15.0,11.75,0.00033054601383620706,,O U P,O,,True,,1.0390625,0.7386690378189087,,
train-021745-58b55edc60d51af4,2,10,train,6392119546732681972,pointer,V,A,,,T,False,True,,,-11.875,10.3125,0.003139071191084437,,A D S,A,,True,,1.078125,0.7461389899253845,,
train-021745-58b55edc60d51af4,2,11,train,6392119546732681972,pointer,V,K,,,T,False,True,,,-12.90625,5.0,0.04225139072379635,,K Q A,K,,True,,1.0546875,0.74167400598526,,
train-021745-58b55edc60d51af4,2,12,train,6392119546732681972,pointer,V,U,,,T,False,True,,,-10.875,9.5,0.004028016634521547,,U V Z,U,,True,,1.0625,0.7431680560112,,
train-024518-66e0df9bb1707859,3,1,train,7413170846441699417,pointer,X,Z,Z,True,F,False,False,2.622600959512056e-06,13.4375,-19.75,13.4375,4.203207897557964e-05,1,Z X R,Z,True,True,1.1920928244535389e-07,-0.255859375,0.43638181686401367,False,0.5733782649040222
train-024518-66e0df9bb1707859,3,2,train,7413170846441699417,pointer,X,P,P,True,F,False,False,2.3841855067985307e-07,16.4375,-18.75,16.4375,7.664652284401515e-06,1,P M C,P,True,True,1.0728830375228426e-06,-0.33984375,0.41584745049476624,False,0.5375931262969971
train-024518-66e0df9bb1707859,3,3,train,7413170846441699417,pointer,X,F,F,True,F,True,False,3.1470757676288486e-05,12.0625,12.0625,12.0625,0.0004416678881770114,1,F G M,F,True,True,0.007485200650990009,0.06396484375,0.5159857273101807,True,0.6616761088371277
train-024518-66e0df9bb1707859,3,4,train,7413170846441699417,pointer,X,E,,,F,False,True,,,-11.25,10.0625,0.0025759618783838404,,E D C,E,,True,,0.412109375,0.601593554019928,,
train-024518-66e0df9bb1707859,3,5,train,7413170846441699417,pointer,X,X,,,F,False,True,,,-10.3125,7.8125,0.011312629767700531,,X Q Z,X,,True,,0.6328125,0.6531268954277039,,
train-024518-66e0df9bb1707859,3,6,train,7413170846441699417,pointer,X,Z,,,F,False,True,,,-11.5625,10.25,0.002251348870829477,,Z D R,Z,,True,,0.796875,0.6893056035041809,,
train-024518-66e0df9bb1707859,3,7,train,7413170846441699417,pointer,X,P,,,F,False,True,,,-12.84375,11.3125,0.0012746070826832544,,P M L,P,,True,,0.84765625,0.7000752091407776,,
train-024518-66e0df9bb1707859,3,8,train,7413170846441699417,pointer,X,F,,,F,True,True,,,9.4375,9.4375,0.00626138729626521,,F G D,F,,True,,0.984375,0.7279754281044006,,
train-024518-66e0df9bb1707859,3,9,train,7413170846441699417,pointer,X,E,,,F,False,True,,,-10.8125,9.6875,0.0035884210951747557,,E D C,E,,True,,1.0859375,0.7476159334182739,,
train-024518-66e0df9bb1707859,3,10,train,7413170846441699417,pointer,X,X,,,F,False,True,,,-10.0625,7.3125,0.015607583773567966,,X Q Z,X,,True,,1.109375,0.7520126104354858,,
train-024518-66e0df9bb1707859,3,11,train,7413170846441699417,pointer,X,Z,,,F,False,True,,,-11.5,10.1875,0.0023110995581408673,,Z D R,Z,,True,,1.1171875,0.7534666657447815,,
train-024518-66e0df9bb1707859,3,12,train,7413170846441699417,pointer,X,P,,,F,False,True,,,-12.84375,11.3125,0.0012815131592313614,,P M L,P,,True,,1.0625,0.7431680560112,,
train-035184-285d48899940e5a1,4,1,train,2908560690170095009,pointer,M,Z,Z,True,U,False,False,3.3378546504536644e-06,13.375,-15.5625,13.375,4.9250577538279446e-05,1,Z X R,Z,True,True,8.344646857949556e-07,-0.337890625,0.4163219630718231,False,0.5384057760238647
train-035184-285d48899940e5a1,4,2,train,2908560690170095009,pointer,M,C,C,True,U,False,False,1.6689286894688848e-06,14.1875,-16.28125,14.1875,2.8727921789132798e-05,1,C I D,C,True,True,4.0531076592742465e-06,-0.2734375,0.43206343054771423,False,0.56574547290802
train-035184-285d48899940e5a1,4,3,train,2908560690170095009,pointer,M,I,I,True,U,False,False,1.9073304429184645e-05,12.75,-14.59375,12.75,0.00027961841817057464,1,I S N,I,True,True,0.0002964295563288033,0.0089111328125,0.502227783203125,False,0.6976126432418823
train-035184-285d48899940e5a1,4,4,train,2908560690170095009,pointer,M,U,U,True,U,True,False,8.892617915989831e-05,11.625,11.625,11.625,0.0011810004149021636,1,U I N,U,True,True,0.0002980979916173965,0.2412109375,0.5600120425224304,True,0.5797969698905945
train-035184-285d48899940e5a1,4,5,train,2908560690170095009,pointer,M,T,,,U,False,True,,,-13.0625,11.3125,0.000945697129921293,,T S W,T,,True,,0.458984375,0.6127732396125793,,
train-035184-285d48899940e5a1,4,6,train,2908560690170095009,pointer,M,H,,,U,False,True,,,-13.03125,9.5625,0.007608116386639654,,H A L,H,,True,,0.70703125,0.6697448492050171,,
train-035184-285d48899940e5a1,4,7,train,2908560690170095009,pointer,M,K,,,U,False,True,,,-13.4375,9.6875,0.0032647900615316956,,K R L,K,,True,,0.8359375,0.6976089477539062,,
train-035184-285d48899940e5a1,4,8,train,2908560690170095009,pointer,M,S,,,U,False,True,,,-12.125,9.875,0.004901750989441724,,S T Q,S,,True,,0.98828125,0.7287483215332031,,
train-035184-285d48899940e5a1,4,9,train,2908560690170095009,pointer,M,W,,,U,False,True,,,-12.625,10.0625,0.0028574977840753802,,W X L,W,,True,,1.0390625,0.7386690378189087,,
train-035184-285d48899940e5a1,4,10,train,2908560690170095009,pointer,M,Q,,,U,False,True,,,-13.15625,10.75,0.0013082418083958246,,Q P K,Q,,True,,1.109375,0.7520126104354858,,
train-035184-285d48899940e5a1,4,11,train,2908560690170095009,pointer,M,N,,,U,False,True,,,-10.125,9.25,0.007602794471009482,,N Q K,N,,True,,1.0078125,0.7325918078422546,,
train-035184-285d48899940e5a1,4,12,train,2908560690170095009,pointer,M,F,,,U,False,True,,,-11.0,9.375,0.005480991139044473,,F L T,F,,True,,1.0234375,0.735641598701477,,
train-015151-5a91fc41fae73eb8,5,1,train,6526274695349092024,pointer,Y,U,U,True,B,False,False,1.7881377516459906e-06,14.0625,-16.875,14.0625,2.982242070364556e-05,1,U V A,U,True,True,1.0728830375228426e-06,-0.51953125,0.3729618489742279,False,0.4667479395866394
train-015151-5a91fc41fae73eb8,5,2,train,6526274695349092024,pointer,Y,A,A,True,B,False,False,2.3841855067985307e-07,16.0625,-16.875,16.0625,5.7413634202809435e-06,1,A O B,A,True,True,8.34461570775602e-06,-0.41015625,0.3988746404647827,False,0.5089517831802368
train-015151-5a91fc41fae73eb8,5,3,train,6526274695349092024,pointer,Y,P,P,True,B,False,False,1.4305012882687151e-05,12.25,-14.5,12.25,0.00021023138547424583,1,P A Q,P,True,True,0.0007463291985914111,-0.08203125,0.47950366139411926,False,0.6529724597930908
train-015151-5a91fc41fae73eb8,5,4,train,6526274695349092024,pointer,Y,W,W,True,B,False,False,0.0005470209871418774,8.9375,-12.90625,8.9375,0.006048249466738577,1,W L S,W,True,True,0.0028767890762537718,0.2890625,0.5717666149139404,False,0.8480868935585022
train-015151-5a91fc41fae73eb8,5,5,train,6526274695349092024,pointer,Y,B,B,True,B,True,False,0.00010775939153973013,10.125,10.125,10.125,0.0013577895808490044,1,B C A,B,True,True,0.0006342306733131409,0.5859375,0.642432451248169,True,0.4424935579299927
train-015151-5a91fc41fae73eb8,5,6,train,6526274695349092024,pointer,Y,E,,,B,False,True,,,-13.21875,8.8125,0.004385977698948894,,E Q D,E,,True,,0.8359375,0.6976089477539062,,
train-015151-5a91fc41fae73eb8,5,7,train,6526274695349092024,pointer,Y,G,,,B,False,True,,,-12.40625,9.25,0.005602192250927335,,G K W,G,,True,,0.953125,0.7217432260513306,,
train-015151-5a91fc41fae73eb8,5,8,train,6526274695349092024,pointer,Y,K,,,B,False,True,,,-12.59375,10.4375,0.002254047804189442,,K D L,K,,True,,1.015625,0.7341195344924927,,
train-015151-5a91fc41fae73eb8,5,9,train,6526274695349092024,pointer,Y,V,,,B,False,True,,,-10.9375,8.0,0.01986898973456088,,V Z D,V,,True,,1.09375,0.7490872144699097,,
train-015151-5a91fc41fae73eb8,5,10,train,6526274695349092024,pointer,Y,D,,,B,False,True,,,-11.25,9.4375,0.0030503851112792845,,D E C,D,,True,,1.234375,0.7745833992958069,,
train-015151-5a91fc41fae73eb8,5,11,train,6526274695349092024,pointer,Y,L,,,B,False,True,,,-11.25,10.0625,0.003909217273469172,,L N I,L,,True,,1.203125,0.7690802216529846,,
train-015151-5a91fc41fae73eb8,5,12,train,6526274695349092024,pointer,Y,H,,,B,False,True,,,-10.90625,9.0,0.006207312093968137,,H L X,H,,True,,1.1640625,0.7620701193809509,,
train-005837-e176bcc34fcb5b38,6,1,train,16246380252829014840,pointer,D,P,P,True,V,False,False,1.9073468138230965e-06,14.71875,-17.625,14.71875,3.088442399457103e-05,1,P C M,P,True,True,1.1920928244535389e-07,-0.5390625,0.36840569972991943,False,0.4595080614089966
train-005837-e176bcc34fcb5b38,6,2,train,16246380252829014840,pointer,D,L,L,True,V,False,False,3.4570634852570947e-06,13.625,-16.21875,13.625,5.458042958818271e-05,1,L C I,L,True,True,9.179073458653875e-06,-0.4453125,0.3904758393764496,False,0.49507665634155273
train-005837-e176bcc34fcb5b38,6,3,train,16246380252829014840,pointer,D,F,F,True,V,False,False,5.960446742392378e-06,13.5,-17.28125,13.5,9.463424202574271e-05,1,F M G,F,True,True,0.0028070115949958563,-0.08056640625,0.4798692762851715,False,0.6536751389503479
train-005837-e176bcc34fcb5b38,6,4,train,16246380252829014840,pointer,D,B,B,True,V,False,False,0.00012432756193447858,10.375,-13.1875,10.375,0.001572146698429903,1,B C A,B,True,True,0.0016351675149053335,0.296875,0.5736784338951111,False,0.8525612950325012
train-005837-e176bcc34fcb5b38,6,5,train,16246380252829014840,pointer,D,Y,Y,True,V,False,False,0.00011276562872808427,10.875,-13.28125,10.875,0.0014540391853117426,1,Y Z X,Y,True,True,0.0015519729349762201,0.58203125,0.6415346264839172,False,1.025923252105713
train-005837-e176bcc34fcb5b38,6,6,train,16246380252829014840,pointer,D,V,V,True,V,True,False,0.0003914067056030035,9.5,9.5,9.5,0.004587534558038521,1,V F L,V,True,True,0.0006216024048626423,0.890625,0.709019124507904,True,0.3438727557659149
train-005837-e176bcc34fcb5b38,6,7,train,16246380252829014840,pointer,D,U,,,V,False,True,,,-11.0625,10.6875,0.002044305017179313,,U L R,U,,True,,1.0078125,0.7325918078422546,,
train-005837-e176bcc34fcb5b38,6,8,train,16246380252829014840,pointer,D,E,,,V,False,True,,,-12.96875,10.1875,0.0020361124908644876,,E A D,E,,True,,1.0390625,0.7386690378189087,,
train-005837-e176bcc34fcb5b38,6,9,train,16246380252829014840,pointer,D,S,,,V,False,True,,,-10.25,9.5,0.005103761318189697,,S T Q,S,,True,,1.0546875,0.74167400598526,,
train-005837-e176bcc34fcb5b38,6,10,train,16246380252829014840,pointer,D,J,,,V,False,True,,,-12.8125,10.375,0.0028806031046528357,,J T L,J,,True,,0.92578125,0.7162185907363892,,
train-005837-e176bcc34fcb5b38,6,11,train,16246380252829014840,pointer,D,O,,,V,False,True,,,-11.875,8.75,0.006827393718582488,,O U J,O,,True,,0.953125,0.7217432260513306,,
train-005837-e176bcc34fcb5b38,6,12,train,16246380252829014840,pointer,D,I,,,V,False,True,,,-11.3125,9.6875,0.005140655047666367,,I S M,I,,True,,1.0703125,0.7446563243865967,,
train-007467-5e3ed60da32ede03,8,1,train,6791100642181963267,pointer,X,G,G,True,B,False,False,1.1920928244535389e-07,16.96875,-19.25,16.96875,3.325242170150689e-06,1,G R C,G,True,True,1.9073468138230965e-06,-0.50390625,0.37662312388420105,False,0.47260403633117676
train-007467-5e3ed60da32ede03,8,2,train,6791100642181963267,pointer,X,U,U,True,B,False,False,1.5497195136049413e-06,14.1875,-17.34375,14.1875,2.7083969128842692e-05,1,U T D,U,True,True,1.4781842764932662e-05,-0.412109375,0.39840641617774963,False,0.5081732273101807
train-007467-5e3ed60da32ede03,8,3,train,6791100642181963267,pointer,X,L,L,True,B,False,False,9.536697689327411e-06,13.5,-15.0625,13.5,0.00014795531081542197,1,L I D,L,True,True,0.00025459862081333995,-0.0281982421875,0.4929508566856384,False,0.679147481918335
train-007467-5e3ed60da32ede03,8,4,train,6791100642181963267,pointer,X,D,D,True,B,False,False,0.00033420699764974415,9.75,-10.0625,9.75,0.0039029378944983413,1,D L B,D,True,True,0.00013779645087197423,0.3515625,0.5869964361190796,False,0.8842990398406982
train-007467-5e3ed60da32ede03,8,5,train,6791100642181963267,pointer,X,C,C,True,B,False,False,0.00042060110718011856,8.5625,-11.5,8.5625,0.004632265998656897,1,C Q A,C,True,True,0.0016484970692545176,0.53125,0.6297746300697327,False,0.9936432838439941
train-007467-5e3ed60da32ede03,8,6,train,6791100642181963267,pointer,X,Q,Q,True,B,False,False,2.4914430468925275e-05,11.625,-14.15625,11.625,0.0003382050551493989,1,Q A K,Q,True,True,0.0007571690948680043,0.59375,0.6442250609397888,False,1.0334570407867432
train-007467-5e3ed60da32ede03,8,7,train,6791100642181963267,pointer,X,H,H,True,B,False,False,0.00021860594279132783,10.21875,-12.625,10.21875,0.002687693027147091,1,H X K,H,True,True,0.0005884823040105402,0.7734375,0.6842640042304993,False,1.1528489589691162
train-007467-5e3ed60da32ede03,8,8,train,6791100642181963267,pointer,X,B,B,True,B,True,False,1.680836794548668e-05,12.0,12.0,12.0,0.00023476213061864084,1,B A C,B,True,True,0.004528505261987448,0.73828125,0.6766199469566345,True,0.3906456232070923
train-007467-5e3ed60da32ede03,8,9,train,6791100642181963267,pointer,X,O,,,B,False,True,,,-12.9375,10.4375,0.0012498265338636092,,O A P,O,,True,,0.859375,0.7025300860404968,,
train-007467-5e3ed60da32ede03,8,10,train,6791100642181963267,pointer,X,S,,,B,False,True,,,-12.5625,9.875,0.0026615940762340735,,S T R,S,,True,,0.921875,0.7154240012168884,,
train-007467-5e3ed60da32ede03,8,11,train,6791100642181963267,pointer,X,N,,,B,False,True,,,-13.3125,11.4375,0.0008272830405886897,,N O M,N,,True,,0.89453125,0.7098243832588196,,
train-007467-5e3ed60da32ede03,8,12,train,6791100642181963267,pointer,X,J,,,B,False,True,,,-11.25,11.0,0.0019741263560658106,,J D N,J,,True,,0.94140625,0.7193835973739624,,
train-001096-afd3f792c3f400f4,10,1,train,12669742386448171252,pointer,M,N,N,True,V,False,False,6.318072337307967e-06,12.6875,-18.390625,12.6875,9.222626626036867e-05,1,N M Q,N,True,True,1.6093124941107817e-05,-0.34765625,0.4139508903026581,False,0.5343517065048218
train-001096-afd3f792c3f400f4,10,2,train,12669742386448171252,pointer,M,B,B,True,V,False,False,1.4305104514278355e-06,13.8125,-19.03125,13.8125,2.2427124051713103e-05,1,B C A,B,True,True,9.059865078597795e-06,-0.421875,0.39606815576553345,False,0.5042939186096191
train-001096-afd3f792c3f400f4,10,3,train,12669742386448171252,pointer,M,O,O,True,V,False,False,2.5629668016335927e-05,12.25,-15.0625,12.25,0.0003673293298038932,1,O A P,O,True,True,0.0017602439038455486,-0.046142578125,0.48846644163131714,False,0.6703420281410217
train-001096-afd3f792c3f400f4,10,4,train,12669742386448171252,pointer,M,E,E,True,V,False,False,0.00018952481332235038,10.625,-12.0,10.625,0.0023630153576048767,1,E O C,E,True,True,0.0007077334448695183,0.287109375,0.5712883472442627,False,0.8469706773757935
train-001096-afd3f792c3f400f4,10,5,train,12669742386448171252,pointer,M,S,S,True,V,False,False,0.0001512651506345719,10.375,-11.875,10.375,0.00188128259525155,1,S T Z,S,True,True,0.005443037953227758,0.6015625,0.6460136771202087,False,1.0384970903396606
train-001096-afd3f792c3f400f4,10,6,train,12669742386448171252,pointer,M,A,A,True,V,False,False,0.0006594866863451898,8.9375,-10.96875,8.9375,0.0073257401471139355,1,A F K,A,True,True,0.0008759237825870514,0.7109375,0.6706082820892334,False,1.110507607460022
train-001096-afd3f792c3f400f4,10,7,train,12669742386448171252,pointer,M,P,P,True,V,False,False,0.0001971527235582471,9.875,-12.6875,9.875,0.0023981532777339553,1,P A C,P,True,True,0.00015877417172305286,0.7578125,0.6808785796165466,False,1.142183780670166
train-001096-afd3f792c3f400f4,10,8,train,12669742386448171252,pointer,M,C,C,True,V,False,False,0.0010577804641798139,8.625,-12.03125,8.625,0.011358819211241747,1,C D S,C,True,True,0.0003412379592191428,0.93359375,0.7178038358688354,False,1.2651526927947998
train-001096-afd3f792c3f400f4,10,9,train,12669742386448171252,pointer,M,T,T,True,V,False,False,0.0017360866768285632,8.4375,-9.34375,8.4375,0.017760884554675976,1,T D S,T,True,True,0.0013766345800831914,1.0390625,0.7386690378189087,False,1.3419678211212158
train-001096-afd3f792c3f400f4,10,10,train,12669742386448171252,pointer,M,V,V,True,V,True,False,0.0008522216230630875,9.0625,9.0625,9.0625,0.009347200956959852,1,V L P,V,True,True,0.0006324436399154365,1.109375,0.7520126104354858,True,0.2850022614002228
train-001096-afd3f792c3f400f4,10,11,train,12669742386448171252,pointer,M,G,,,V,False,True,,,-10.9375,9.0625,0.007618642033891118,,G R F,G,,True,,1.2265625,0.7732163667678833,,
train-001096-afd3f792c3f400f4,10,12,train,12669742386448171252,pointer,M,F,,,V,False,True,,,-12.25,10.1875,0.003708194564444853,,F D G,F,,True,,1.1953125,0.7676898241043091,,
train-029762-5ead6e74952c175c,12,1,train,6822230457534125916,pointer,C,D,D,True,B,False,False,1.311301275563892e-06,14.71875,-15.625,14.71875,2.3673672887597664e-05,1,D C B,D,True,True,3.3378546504536644e-06,-0.423828125,0.3956010639667511,False,0.5035208463668823
train-029762-5ead6e74952c175c,12,2,train,6822230457534125916,pointer,C,S,S,True,B,False,False,3.933898824470816e-06,13.875,-17.0625,13.875,6.317011473556887e-05,1,S D U,S,True,True,6.198863957251888e-06,-0.33203125,0.4177464544773102,False,0.5408493280410767
train-029762-5ead6e74952c175c,12,3,train,6822230457534125916,pointer,C,H,H,True,B,False,False,2.2411095415009186e-05,11.6875,-16.46875,11.6875,0.00031026324773686885,1,H L X,H,True,True,0.010655414313077927,0.0157470703125,0.5039367079734802,False,0.7010517120361328
train-029762-5ead6e74952c175c,12,4,train,6822230457534125916,pointer,C,X,X,True,B,False,False,0.00022659118985757232,10.0,-12.40625,10.0,0.00274671173724,1,X S A,X,True,True,0.0013784202747046947,0.369140625,0.5912513136863708,False,0.8946547508239746
train-029762-5ead6e74952c175c,12,5,train,6822230457534125916,pointer,C,N,N,True,B,False,False,0.0006779517862014472,8.75,-11.5,8.75,0.007305126192324337,1,N M O,N,True,True,0.0015459026908501983,0.53125,0.6297746300697327,False,0.9936432838439941
train-029762-5ead6e74952c175c,12,6,train,6822230457534125916,pointer,C,R,R,True,B,False,False,0.00024101213784888387,10.3125,-12.0,10.3125,0.002915170881749784,1,R C N,R,True,True,0.000910106289666146,0.70703125,0.6697448492050171,False,1.1078897714614868
train-029762-5ead6e74952c175c,12,7,train,6822230457534125916,pointer,C,G,G,True,B,False,False,0.0005900310934521258,9.625,-11.6875,9.625,0.006726817667226727,1,G C E,G,True,True,0.00017998983094003052,0.87890625,0.7065955400466919,False,1.226203203201294
train-029762-5ead6e74952c175c,12,8,train,6822230457534125916,pointer,C,P,P,True,B,False,False,9.953480184776708e-05,11.0625,-12.0,11.0625,0.0012953789262184886,1,P A C,P,True,True,0.0013163958210498095,0.83984375,0.6984323263168335,False,1.198760747909546
train-029762-5ead6e74952c175c,12,9,train,6822230457534125916,pointer,C,T,T,True,B,False,False,0.00035041390219703317,9.4375,-12.1875,9.4375,0.004109509135184918,1,T S D,T,True,True,0.0028518266044557095,0.90234375,0.7114308476448059,False,1.2428207397460938
train-029762-5ead6e74952c175c,12,10,train,6822230457534125916,pointer,C,J,J,True,B,False,False,0.00017689094238448888,10.625,-11.75,10.625,0.002224540760411657,1,J T K,J,True,True,0.005912670865654945,0.89453125,0.7098243832588196,False,1.2372689247131348
train-029762-5ead6e74952c175c,12,11,train,6822230457534125916,pointer,C,L,L,True,B,False,False,0.00018094333063345402,10.625,-12.1875,10.625,0.002269313486943861,1,L D M,L,True,True,0.0037398652639240026,1.0390625,0.7386690378189087,False,1.3419678211212158
train-029762-5ead6e74952c175c,12,12,train,6822230457534125916,pointer,C,B,B,True,B,True,False,0.0003687655262183398,9.1875,9.1875,9.1875,0.00415291389823569,1,B C A,B,True,True,0.00015364897262770683,1.015625,0.7341195344924927,True,0.3090834319591522
train-017631-0c0e1af9e4d5891d,1,1,train,868661438717462813,pointer,K,W,W,True,W,True,False,2.7418097943154862e-06,13.46875,13.46875,13.46875,4.313317129905151e-05,1,W V A,W,True,True,1.0728830375228426e-06,0.0634765625,0.515863835811615,True,0.6619125008583069
train-017631-0c0e1af9e4d5891d,1,2,train,868661438717462813,pointer,K,L,,,W,False,True,,,-16.65625,9.625,0.0007345934146264606,,L T C,L,,True,,-0.0257568359375,0.49356111884117126,,
train-017631-0c0e1af9e4d5891d,1,3,train,868661438717462813,pointer,K,T,,,W,False,True,,,-13.0,13.0,0.00018329973929133518,,T W L,T,,True,,0.1455078125,0.5363128781318665,,
train-017631-0c0e1af9e4d5891d,1,4,train,868661438717462813,pointer,K,C,,,W,False,True,,,-11.34375,9.25,0.005091061817621468,,C A D,C,,True,,0.54296875,0.6325027346611023,,
train-017631-0c0e1af9e4d5891d,1,5,train,868661438717462813,pointer,K,O,,,W,False,True,,,-14.375,10.4375,0.0015459689847404363,,O A U,O,,True,,0.59765625,0.6451199054718018,,
train-017631-0c0e1af9e4d5891d,1,6,train,868661438717462813,pointer,K,M,,,W,False,True,,,-11.3125,9.75,0.004740182383695593,,M N S,M,,True,,0.76953125,0.6834195256233215,,
train-017631-0c0e1af9e4d5891d,1,7,train,868661438717462813,pointer,K,A,,,W,False,True,,,-13.03125,9.0,0.005004035196869934,,A G B,A,,True,,0.95703125,0.722527027130127,,
train-017631-0c0e1af9e4d5891d,1,8,train,868661438717462813,pointer,K,G,,,W,False,True,,,-7.5625,7.5625,0.0171880124880154,,G W K,G,,True,,1.078125,0.7461389899253845,,
train-017631-0c0e1af9e4d5891d,1,9,train,868661438717462813,pointer,K,Y,,,W,False,True,,,-13.34375,9.125,0.00462363986720327,,Y O V,Y,,True,,1.0703125,0.7446563243865967,,
train-017631-0c0e1af9e4d5891d,1,10,train,868661438717462813,pointer,K,V,,,W,False,True,,,-10.8125,9.375,0.0065338886592704645,,V L D,V,,True,,1.2265625,0.7732163667678833,,
train-017631-0c0e1af9e4d5891d,1,11,train,868661438717462813,pointer,K,S,,,W,False,True,,,-10.96875,9.125,0.00734545744997413,,S T R,S,,True,,1.25,0.7772998809814453,,
train-017631-0c0e1af9e4d5891d,1,12,train,868661438717462813,pointer,K,P,,,W,False,True,,,-15.15625,11.9375,0.00037854203784434815,,P M C,P,,True,,1.078125,0.7461389899253845,,
train-034921-ba5b9a7ba9e212de,2,1,train,13428496569857086174,pointer,J,W,W,True,Z,False,False,3.576272320060525e-06,13.8125,-16.4375,13.8125,5.617375721239293e-05,1,W V A,W,True,True,3.576278118089249e-07,-0.31640625,0.42155182361602783,False,0.5474063158035278
train-034921-ba5b9a7ba9e212de,2,2,train,13428496569857086174,pointer,J,Z,Z,True,Z,True,False,1.0609570381348021e-05,12.375,12.375,12.375,0.00015152099392272964,1,Z U X,Z,True,True,2.884823152271565e-05,-0.2314453125,0.4423955976963043,True,0.8155508041381836
train-034921-ba5b9a7ba9e212de,2,3,train,13428496569857086174,pointer,J,C,,,Z,False,True,,,-14.1875,10.8125,0.0010775070956728261,,C D A,C,,True,,0.1865234375,0.5464961528778076,,
train-034921-ba5b9a7ba9e212de,2,4,train,13428496569857086174,pointer,J,U,,,Z,False,True,,,-11.34375,9.8125,0.0017776988841179248,,U A B,U,,True,,0.353515625,0.5874698758125305,,
train-034921-ba5b9a7ba9e212de,2,5,train,13428496569857086174,pointer,J,Z,,,Z,True,True,,,8.375,8.375,0.009343061079181723,,Z X U,Z,,True,,0.58984375,0.6433292627334595,,
train-034921-ba5b9a7ba9e212de,2,6,train,13428496569857086174,pointer,J,C,,,Z,False,True,,,-12.4375,9.0625,0.004944198435334725,,C D A,C,,True,,0.83984375,0.6984323263168335,,
train-034921-ba5b9a7ba9e212de,2,7,train,13428496569857086174,pointer,J,U,,,Z,False,True,,,-11.0625,9.6875,0.0021131592335961505,,U A B,U,,True,,0.83203125,0.696784257888794,,
train-034921-ba5b9a7ba9e212de,2,8,train,13428496569857086174,pointer,J,Z,,,Z,True,True,,,8.375,8.375,0.009459199803353404,,Z X U,Z,,True,,0.91796875,0.7146279811859131,,
train-034921-ba5b9a7ba9e212de,2,9,train,13428496569857086174,pointer,J,C,,,Z,False,True,,,-12.375,9.0,0.005281891810506041,,C D A,C,,True,,1.0625,0.7431680560112,,
train-034921-ba5b9a7ba9e212de,2,10,train,13428496569857086174,pointer,J,U,,,Z,False,True,,,-11.0625,9.6875,0.0021669573256558575,,U A B,U,,True,,0.98046875,0.7272012233734131,,
train-034921-ba5b9a7ba9e212de,2,11,train,13428496569857086174,pointer,J,Z,,,Z,True,True,,,8.375,8.375,0.009483099240932272,,Z X U,Z,,True,,1.015625,0.7341195344924927,,
train-034921-ba5b9a7ba9e212de,2,12,train,13428496569857086174,pointer,J,C,,,Z,False,True,,,-12.4375,9.0,0.005172962850631051,,C D A,C,,True,,1.125,0.7549149990081787,,
train-023258-7662a793ea592b7a,3,1,train,8530564897926884218,pointer,A,M,M,True,L,False,False,3.2186455882765586e-06,14.53125,-15.90625,14.53125,5.095982440992725e-05,1,M A O,M,True,True,5.960462772236497e-07,-0.224609375,0.4440825283527374,False,0.5871354341506958
train-023258-7662a793ea592b7a,3,2,train,8530564897926884218,pointer,A,G,G,True,L,False,False,4.172316494077677e-06,13.5,-17.5625,13.5,6.315224592687559e-05,1,G C E,G,True,True,3.6954811548639555e-06,-0.298828125,0.4258439540863037,False,0.5548540949821472
train-023258-7662a793ea592b7a,3,3,train,8530564897926884218,pointer,A,L,L,True,L,True,False,7.986990567587782e-06,13.3125,13.3125,13.3125,0.00012408454720480997,1,L M D,L,True,True,0.0006306566647253931,0.06298828125,0.5157418847084045,True,0.6621489524841309
train-023258-7662a793ea592b7a,3,4,train,8530564897926884218,pointer,A,F,,,L,False,True,,,-10.4375,9.6875,0.004954167431779218,,F T E,F,,True,,0.40625,0.6001883149147034,,
train-023258-7662a793ea592b7a,3,5,train,8530564897926884218,pointer,A,D,,,L,False,True,,,-7.8125,7.8125,0.017979542893363388,,D L F,D,,True,,0.71484375,0.671470582485199,,
train-023258-7662a793ea592b7a,3,6,train,8530564897926884218,pointer,A,D,,,L,False,True,,,-8.75,8.5,0.013070149990252258,,D E L,D,,True,,0.93359375,0.7178038358688354,,
train-023258-7662a793ea592b7a,3,7,train,8530564897926884218,pointer,A,D,,,L,False,True,,,-9.625,8.625,0.009226717033296025,,D E F,D,,True,,1.0546875,0.74167400598526,,
train-023258-7662a793ea592b7a,3,8,train,8530564897926884218,pointer,A,D,,,L,False,True,,,-9.3125,8.375,0.012490795850636633,,D E F,D,,True,,1.109375,0.7520126104354858,,
train-023258-7662a793ea592b7a,3,9,train,8530564897926884218,pointer,A,D,,,L,False,True,,,-9.375,8.4375,0.012011738269901465,,D E F,D,,True,,1.109375,0.7520126104354858,,
train-023258-7662a793ea592b7a,3,10,train,8530564897926884218,pointer,A,D,,,L,False,True,,,-9.4375,8.5625,0.01063236321007533,,D E F,D,,True,,1.09375,0.7490872144699097,,
train-023258-7662a793ea592b7a,3,11,train,8530564897926884218,pointer,A,D,,,L,False,True,,,-9.4375,8.5,0.010701653366640747,,D F E,D,,True,,1.0859375,0.7476159334182739,,
train-023258-7662a793ea592b7a,3,12,train,8530564897926884218,pointer,A,D,,,L,False,True,,,-9.5,8.5625,0.010349871996805501,,D F E,D,,True,,1.0859375,0.7476159334182739,,
train-003846-77a1b1fc3e664ee7,4,1,train,8620366858700607207,pointer,S,W,W,True,D,False,False,3.4570634852570947e-06,12.96875,-16.28125,12.96875,5.2003241663775854e-05,1,W V A,W,True,True,4.172316494077677e-06,-0.46484375,0.3858373761177063,False,0.4874955415725708
train-003846-77a1b1fc3e664ee7,4,2,train,8620366858700607207,pointer,S,C,C,True,D,False,False,1.7881377516459906e-06,15.25,-15.65625,15.25,2.8354007953603294e-05,1,C F A,C,True,True,4.291525328881107e-06,-0.318359375,0.42107561230659485,False,0.5465834140777588
train-003846-77a1b1fc3e664ee7,4,3,train,8620366858700607207,pointer,S,G,G,True,D,False,False,6.794906312279636e-06,13.5625,-14.125,13.5625,0.00010661052162367283,1,G L K,G,True,True,0.05281694978475571,0.08251953125,0.5206181406974792,False,0.7352579236030579
train-003846-77a1b1fc3e664ee7,4,4,train,8620366858700607207,pointer,S,D,D,True,D,True,False,2.610649426060263e-05,12.1875,12.1875,12.1875,0.0003631637814627515,1,D C E,D,True,True,0.006350575014948845,0.43359375,0.6067315340042114,True,0.4996689558029175
train-003846-77a1b1fc3e664ee7,4,5,train,8620366858700607207,pointer,S,P,,,D,False,True,,,-13.71875,10.4375,0.0018840586591469496,,P A M,P,,True,,0.48828125,0.6197014451026917,,
train-003846-77a1b1fc3e664ee7,4,6,train,8620366858700607207,pointer,S,E,,,D,False,True,,,-10.625,10.625,0.0021219903892634715,,E D G,E,,True,,0.70703125,0.6697448492050171,,
train-003846-77a1b1fc3e664ee7,4,7,train,8620366858700607207,pointer,S,Y,,,D,False,True,,,-13.53125,11.9375,0.000588174210245053,,Y O Z,Y,,True,,0.84765625,0.7000752091407776,,
train-003846-77a1b1fc3e664ee7,4,8,train,8620366858700607207,pointer,S,T,,,D,False,True,,,-10.9375,9.0,0.003515146686359058,,T B C,T,,True,,0.953125,0.7217432260513306,,
train-003846-77a1b1fc3e664ee7,4,9,train,8620366858700607207,pointer,S,Q,,,D,False,True,,,-11.53125,9.75,0.0040483227671781075,,Q R P,Q,,True,,0.9921875,0.729519784450531,,
train-003846-77a1b1fc3e664ee7,4,10,train,8620366858700607207,pointer,S,M,,,D,False,True,,,-11.375,9.4375,0.003161346361357437,,M Q S,M,,True,,1.109375,0.7520126104354858,,
train-003846-77a1b1fc3e664ee7,4,11,train,8620366858700607207,pointer,S,R,,,D,False,True,,,-12.3125,10.5625,0.002144460270806479,,R Q T,R,,True,,1.078125,0.7461389899253845,,
train-003846-77a1b1fc3e664ee7,4,12,train,8620366858700607207,pointer,S,H,,,D,False,True,,,-9.875,9.1875,0.007327563886190483,,H X D,H,,True,,1.1796875,0.7648916244506836,,
train-010822-e426975e2bc53ca7,5,1,train,16439993920479640743,pointer,N,H,H,True,R,False,False,8.344646857949556e-07,15.15625,-17.171875,15.15625,1.5247228561809686e-05,1,H M D,H,True,True,1.1920922133867862e-06,-0.421875,0.39606815576553345,False,0.5042939186096191
train-010822-e426975e2bc53ca7,5,2,train,16439993920479640743,pointer,N,E,E,True,R,False,False,1.7046782886609435e-05,12.0625,-15.5,12.0625,0.0002408110814738251,1,E C D,E,True,True,1.07287787614041e-05,-0.376953125,0.4068619906902313,False,0.5223281383514404
train-010822-e426975e2bc53ca7,5,3,train,16439993920479640743,pointer,N,P,P,True,R,False,False,1.0251946150674485e-05,13.5,-14.9375,13.5,0.00015927673417802648,1,P V C,P,True,True,4.8993817472364753e-05,-0.09375,0.4765796363353729,False,0.6473703980445862
train-010822-e426975e2bc53ca7,5,4,train,16439993920479640743,pointer,N,T,T,True,R,False,False,0.00024125049822032452,10.4375,-11.0625,10.4375,0.002942809710500951,1,T W S,T,True,True,0.0014141331193968654,0.236328125,0.5588085651397705,False,0.8182764053344727
train-010822-e426975e2bc53ca7,5,5,train,16439993920479640743,pointer,N,R,R,True,R,True,False,0.0005173536483198404,9.8125,9.8125,9.8125,0.005985175551126685,1,R C L,R,True,True,0.0003256267518736422,0.5703125,0.6388352513313293,True,0.44810864329338074
train-010822-e426975e2bc53ca7,5,6,train,16439993920479640743,pointer,N,A,,,R,False,True,,,-11.0,10.375,0.0033657399381602495,,A D P,A,,True,,0.859375,0.7025300860404968,,
train-010822-e426975e2bc53ca7,5,7,train,16439993920479640743,pointer,N,L,,,R,False,True,,,-13.25,9.0625,0.0027523084381654156,,L P D,L,,True,,0.9609375,0.7233095169067383,,
train-010822-e426975e2bc53ca7,5,8,train,16439993920479640743,pointer,N,S,,,R,False,True,,,-9.9375,9.9375,0.0025911524054980204,,S R T,S,,True,,1.015625,0.7341195344924927,,
train-010822-e426975e2bc53ca7,5,9,train,16439993920479640743,pointer,N,O,,,R,False,True,,,-12.71875,10.8125,0.0018331656888044652,,O A P,O,,True,,1.03125,0.7371581792831421,,
train-010822-e426975e2bc53ca7,5,10,train,16439993920479640743,pointer,N,I,,,R,False,True,,,-10.1875,9.6875,0.005474144886177772,,I S Q,I,,True,,1.046875,0.740174412727356,,
train-010822-e426975e2bc53ca7,5,11,train,16439993920479640743,pointer,N,M,,,R,False,True,,,-9.625,7.875,0.019049213238981504,,M S P,M,,True,,1.1015625,0.7505527138710022,,
train-010822-e426975e2bc53ca7,5,12,train,16439993920479640743,pointer,N,Z,,,R,False,True,,,-10.25,9.1875,0.009537155948762909,,Z D S,Z,,True,,1.2109375,0.7704647779464722,,
train-021839-a8126bab7a20118d,6,1,train,12110860732185186701,pointer,V,V,V,True,V,True,False,1.1920928244535389e-07,16.25,16.25,16.25,3.2243351175670805e-06,1,V F Z,V,True,True,1.311301275563892e-06,-0.380859375,0.4059196412563324,False,0.5207406878471375
train-021839-a8126bab7a20118d,6,2,train,12110860732185186701,pointer,V,V,V,True,V,True,False,4.529942543740617e-06,13.125,13.125,13.125,6.939663434544339e-05,1,V F C,V,True,True,2.622600959512056e-06,-0.287109375,0.4287116527557373,False,0.5598613023757935
train-021839-a8126bab7a20118d,6,3,train,12110860732185186701,pointer,V,V,V,True,V,True,False,5.090107151772827e-05,10.375,10.375,10.375,0.0006389135378463647,1,V F Z,V,True,True,0.0002019201492657885,0.1328125,0.5331544280052185,False,0.7617567181587219
train-021839-a8126bab7a20118d,6,4,train,12110860732185186701,pointer,V,V,V,True,V,True,False,0.00023338454775512218,8.8125,8.8125,8.8125,0.0025697691620469843,1,V F D,V,True,True,2.4199192921514623e-05,0.478515625,0.6173973083496094,False,0.9607581496238708
train-021839-a8126bab7a20118d,6,5,train,12110860732185186701,pointer,V,V,V,True,V,True,False,0.00033122775494121015,8.5,8.5,8.5,0.0035594920773499507,1,V F D,V,True,True,3.111314072157256e-05,0.7421875,0.6774740219116211,False,1.1315715312957764
train-021839-a8126bab7a20118d,6,6,train,12110860732185186701,pointer,V,V,V,True,V,True,False,0.00033384948619641364,8.5625,8.5625,8.5625,0.0036279046507590447,1,V F D,V,True,True,4.184158387943171e-05,0.9375,0.7185943722724915,True,0.3304581940174103
train-021839-a8126bab7a20118d,6,7,train,12110860732185186701,pointer,V,V,,,V,True,True,,,8.5625,8.5625,0.0036270903252094587,,V F D,V,,True,,1.0703125,0.7446563243865967,,
train-021839-a8126bab7a20118d,6,8,train,12110860732185186701,pointer,V,V,,,V,True,True,,,8.4375,8.4375,0.004084446948748331,,V F D,V,,True,,1.1640625,0.7620701193809509,,
train-021839-a8126bab7a20118d,6,9,train,12110860732185186701,pointer,V,V,,,V,True,True,,,8.5,8.5,0.0038310845253350214,,V F D,V,,True,,1.2265625,0.7732163667678833,,
train-021839-a8126bab7a20118d,6,10,train,12110860732185186701,pointer,V,V,,,V,True,True,,,8.5,8.5,0.003784532557763939,,V F D,V,,True,,1.265625,0.7799928784370422,,
train-021839-a8126bab7a20118d,6,11,train,12110860732185186701,pointer,V,V,,,V,True,True,,,8.5625,8.5625,0.0036731585691102808,,V F D,V,,True,,1.296875,0.7853085398674011,,
train-021839-a8126bab7a20118d,6,12,train,12110860732185186701,pointer,V,V,,,V,True,True,,,8.5,8.5,0.0038147062441161454,,V F D,V,,True,,1.3125,0.7879312038421631,,
train-012543-834c2b5c27b34d3a,8,1,train,9460984592001617210,pointer,N,Y,Y,True,K,False,False,1.1920928244535389e-07,16.25,-20.21875,16.25,2.332704143203969e-06,1,Y R Q,Y,True,True,1.7881377516459906e-06,-0.4140625,0.3979383707046509,False,0.5073955655097961
train-012543-834c2b5c27b34d3a,8,2,train,9460984592001617210,pointer,N,Z,Z,True,K,False,False,1.0132738680113107e-05,12.1875,-18.125,12.1875,0.00014073628743755396,1,Z U X,Z,True,True,3.909988299710676e-05,-0.28125,0.43014734983444214,False,0.5623774528503418
train-012543-834c2b5c27b34d3a,8,3,train,9460984592001617210,pointer,N,T,T,True,K,False,False,1.9311717551317997e-05,12.625,-13.8125,12.625,0.0002794238771264071,1,T R P,T,True,True,0.00248873233795166,0.0537109375,0.5134245157241821,False,0.720363199710846
train-012543-834c2b5c27b34d3a,8,4,train,9460984592001617210,pointer,N,C,C,True,K,False,False,0.00031585473334416747,9.75,-11.5,9.75,0.0037484886718123877,1,C D A,C,True,True,0.004234752152115107,0.466796875,0.6146253347396851,False,0.953539252281189
train-012543-834c2b5c27b34d3a,8,5,train,9460984592001617210,pointer,N,G,G,True,K,False,False,9.667406266089529e-05,11.25,-11.25,11.25,0.0012757929775003367,1,G K D,G,True,True,0.0008092227508313954,0.7109375,0.6706082820892334,False,1.110507607460022
train-012543-834c2b5c27b34d3a,8,6,train,9460984592001617210,pointer,N,R,R,True,K,False,False,0.00022230061586014926,10.5,-11.9375,10.5,0.002723531303686509,1,R Q C,R,True,True,0.00014590153296012431,0.94921875,0.7209580540657043,False,1.276393175125122
train-012543-834c2b5c27b34d3a,8,7,train,9460984592001617210,pointer,N,M,M,True,K,False,False,0.0002917817619163543,9.5625,-11.625,9.5625,0.0034752633054977067,1,M N S,M,True,True,0.0034550277050584555,1.0,0.7310585975646973,False,1.3132617473602295
train-012543-834c2b5c27b34d3a,8,8,train,9460984592001617210,pointer,N,K,K,True,K,True,False,0.0001941730733960867,10.4375,10.4375,10.4375,0.002409628059738605,1,K D M,K,True,True,0.0001408954558428377,1.0234375,0.735641598701477,True,0.3070122003555298
train-012543-834c2b5c27b34d3a,8,9,train,9460984592001617210,pointer,N,J,,,K,False,True,,,-9.9375,9.9375,0.003254135878789319,,J K L,J,,True,,1.0625,0.7431680560112,,
train-012543-834c2b5c27b34d3a,8,10,train,9460984592001617210,pointer,N,L,,,K,False,True,,,-12.6875,10.9375,0.0013293762390109351,,L D N,L,,True,,1.0703125,0.7446563243865967,,
train-012543-834c2b5c27b34d3a,8,11,train,9460984592001617210,pointer,N,H,,,K,False,True,,,-10.25,8.6875,0.008907024358645014,,H L I,H,,True,,1.1171875,0.7534666657447815,,
train-012543-834c2b5c27b34d3a,8,12,train,9460984592001617210,pointer,N,W,,,K,False,True,,,-13.25,10.375,0.003006977899455101,,W D X,W,,True,,1.1328125,0.7563575506210327,,
train-028564-75bd4b6667af7a64,10,1,train,8484020176234183268,pointer,B,P,P,True,E,False,False,5.960462772236497e-07,16.15625,-18.9375,16.15625,1.1056714518589199e-05,1,P C Q,P,True,True,-0.0,-0.45703125,0.38769033551216125,False,0.49051713943481445
train-028564-75bd4b6667af7a64,10,2,train,8484020176234183268,pointer,B,M,M,True,E,False,False,1.764281842042692e-05,11.0625,-18.0625,11.0625,0.00022138379327647152,1,M P C,M,True,True,5.125868119648658e-05,-0.392578125,0.4030968248844147,False,0.5160003900527954
train-028564-75bd4b6667af7a64,10,3,train,8484020176234183268,pointer,B,O,O,True,E,False,False,3.576272320060525e-06,13.9375,-16.46875,13.9375,5.6523560994281595e-05,1,O P A,O,True,True,0.0006058764411136508,-0.150390625,0.4624730348587036,False,0.620776355266571
train-028564-75bd4b6667af7a64,10,4,train,8484020176234183268,pointer,B,Q,Q,True,E,False,False,3.8980677345534787e-05,11.4375,-14.9375,11.4375,0.0005332890669934301,1,Q P R,Q,True,True,0.0008835464250296354,0.17578125,0.543832540512085,False,0.7848952412605286
train-028564-75bd4b6667af7a64,10,5,train,8484020176234183268,pointer,B,D,D,True,E,False,False,4.815939246327616e-05,11.25,-11.75,11.25,0.0006471372129530285,1,D C E,D,True,True,0.0006447143969126046,0.5546875,0.6352224349975586,False,1.0084675550460815
train-028564-75bd4b6667af7a64,10,6,train,8484020176234183268,pointer,B,H,H,True,E,False,False,0.000321336614433676,9.375,-13.5625,9.375,0.0037335357617095076,1,H X L,H,True,True,0.00022349244682118297,0.7109375,0.6706082820892334,False,1.110507607460022
train-028564-75bd4b6667af7a64,10,7,train,8484020176234183268,pointer,B,K,K,True,E,False,False,0.00011467275908216834,10.5625,-14.4375,10.5625,0.0014609907320507686,1,K R L,K,True,True,0.0017694068374112248,0.8046875,0.6909762620925903,False,1.1743372678756714
train-028564-75bd4b6667af7a64,10,8,train,8484020176234183268,pointer,B,V,V,True,E,False,False,0.000603493710514158,9.3125,-11.0,9.3125,0.006836589900841067,1,V F L,V,True,True,0.0005653690313920379,0.9921875,0.729519784450531,False,1.3075562715530396
train-028564-75bd4b6667af7a64,10,9,train,8484020176234183268,pointer,B,L,L,True,E,False,False,0.0001137191939051263,11.0,-12.0,11.0,0.001473107071731137,1,L P D,L,True,True,0.004540253430604935,1.0859375,0.7476159334182739,False,1.3768033981323242
train-028564-75bd4b6667af7a64,10,10,train,8484020176234183268,pointer,B,E,E,True,E,True,False,0.00017498392844572663,9.6875,9.6875,9.6875,0.002090297981400907,1,E D A,E,True,True,0.002627256326377392,1.0859375,0.7476159334182739,True,0.29086586833000183
train-028564-75bd4b6667af7a64,10,11,train,8484020176234183268,pointer,B,G,,,E,False,True,,,-12.0,9.4375,0.005937346822772627,,G K R,G,,True,,1.140625,0.7577943801879883,,
train-028564-75bd4b6667af7a64,10,12,train,8484020176234183268,pointer,B,R,,,E,False,True,,,-12.5625,10.4375,0.0027741733773868744,,R P C,R,,True,,1.2421875,0.7759445905685425,,
train-023165-f27f1ac5fcee0813,12,1,train,17473714516875151379,pointer,D,K,K,True,G,False,False,7.152555099310121e-07,15.78125,-17.609375,15.78125,1.288650109677702e-05,1,K J R,K,True,True,2.3841855067985307e-07,-0.458984375,0.38722676038742065,False,0.4897603988647461
train-023165-f27f1ac5fcee0813,12,2,train,17473714516875151379,pointer,D,F,F,True,G,False,False,6.437280717364047e-06,12.25,-16.1875,12.25,9.198405303591323e-05,1,F T C,F,True,True,7.390948667307384e-06,-0.40625,0.39981165528297424,False,0.5105117559432983
train-023165-f27f1ac5fcee0813,12,3,train,17473714516875151379,pointer,D,V,V,True,G,False,False,3.6000557884108275e-05,11.5,-14.5625,11.5,0.0004964252324765705,1,V L P,V,True,True,0.0025673306081444025,0.064453125,0.5161076784133911,False,0.725892961025238
train-023165-f27f1ac5fcee0813,12,4,train,17473714516875151379,pointer,D,P,P,True,G,False,False,4.8993817472364753e-05,11.5,-13.0,11.5,0.0006744338134954751,1,P Q A,P,True,True,0.0003719830128829926,0.279296875,0.5693738460540771,False,0.8425149321556091
train-023165-f27f1ac5fcee0813,12,5,train,17473714516875151379,pointer,D,Q,Q,True,G,False,False,4.7205765440594405e-05,10.5,-15.40625,10.5,0.0005957613537005879,1,Q K P,Q,True,True,0.003735352074727416,0.482421875,0.6183196306228638,False,0.963171660900116
train-023165-f27f1ac5fcee0813,12,6,train,17473714516875151379,pointer,D,U,U,True,G,False,False,0.0001760566228767857,10.625,-12.125,10.625,0.0022163673920466737,1,U L Z,U,True,True,0.0007015389273874462,0.68359375,0.6645402908325195,False,1.0922534465789795
train-023165-f27f1ac5fcee0813,12,7,train,17473714516875151379,pointer,D,J,J,True,G,False,False,6.05564855504781e-05,10.375,-14.9375,10.375,0.0007757116933444734,1,J U K,J,True,True,0.0012296028435230255,0.6953125,0.6671476364135742,False,1.1000564098358154
train-023165-f27f1ac5fcee0813,12,8,train,17473714516875151379,pointer,D,I,I,True,G,False,False,0.0007917130133137107,8.5625,-11.375,8.5625,0.00862078998410687,1,I J P,I,True,True,0.004486969672143459,0.83203125,0.696784257888794,False,1.1933107376098633
train-023165-f27f1ac5fcee0813,12,9,train,17473714516875151379,pointer,D,X,X,True,G,False,False,0.00020072828920092434,9.8125,-14.03125,9.8125,0.002438585362592813,1,X Z U,X,True,True,0.00047791501856409013,0.90625,0.7122321724891663,False,1.2456012964248657
train-023165-f27f1ac5fcee0813,12,10,train,17473714516875151379,pointer,D,Y,Y,True,G,False,False,0.00018892886873800308,10.0625,-13.5625,10.0625,0.002297993886054144,1,Y K X,Y,True,True,0.0009441685397177935,0.9765625,0.7264255881309509,False,1.2961816787719727
train-023165-f27f1ac5fcee0813,12,11,train,17473714516875151379,pointer,D,C,C,True,G,False,False,0.00013684290752280504,10.25,-12.9375,10.25,0.0017091113419141469,1,C D S,C,True,True,0.0010705222375690937,1.0,0.7310585975646973,False,1.3132617473602295
train-023165-f27f1ac5fcee0813,12,12,train,17473714516875151379,pointer,D,G,G,True,G,True,False,0.00025340684805996716,10.125,10.125,10.125,0.003075127472011834,1,G D E,G,True,True,9.119095193454996e-05,1.0625,0.7431680560112,True,0.2968331575393677
train-029871-67b857cb3a4ad356,1,1,train,7473820111989298006,pointer,Y,E,E,True,E,True,False,9.775113539944869e-06,12.90625,12.90625,12.90625,0.00014486830231495175,1,E G A,E,True,True,2.9802276912960224e-06,0.0693359375,0.517327070236206,True,0.6590800285339355
train-029871-67b857cb3a4ad356,1,2,train,7473820111989298006,pointer,Y,R,,,E,False,True,,,-17.375,14.0625,4.008743193796756e-05,,R T C,R,,True,,-0.052001953125,0.48700249195098877,,
train-029871-67b857cb3a4ad356,1,3,train,7473820111989298006,pointer,Y,M,,,E,False,True,,,-14.3125,11.3125,0.0006542282049949909,,M N R,M,,True,,0.232421875,0.5578453540802002,,
train-029871-67b857cb3a4ad356,1,4,train,7473820111989298006,pointer,Y,T,,,E,False,True,,,-12.625,9.375,0.005737475481383229,,T D M,T,,True,,0.462890625,0.6136996746063232,,
train-029871-67b857cb3a4ad356,1,5,train,7473820111989298006,pointer,Y,Q,,,E,False,True,,,-13.46875,10.375,0.002124224838141558,,Q R P,Q,,True,,0.6328125,0.6531268954277039,,
train-029871-67b857cb3a4ad356,1,6,train,7473820111989298006,pointer,Y,K,,,E,False,True,,,-13.625,9.75,0.0024557634380062464,,K Q R,K,,True,,0.78125,0.6859495043754578,,
train-029871-67b857cb3a4ad356,1,7,train,7473820111989298006,pointer,Y,D,,,E,False,True,,,-10.75,9.0,0.006129536908422574,,D K C,D,,True,,0.921875,0.7154240012168884,,
train-029871-67b857cb3a4ad356,1,8,train,7473820111989298006,pointer,Y,L,,,E,False,True,,,-14.09375,7.875,0.004129727381660019,,L W C,L,,True,,1.0234375,0.735641598701477,,
train-029871-67b857cb3a4ad356,1,9,train,7473820111989298006,pointer,Y,W,,,E,False,True,,,-13.34375,11.4375,0.0009931741914431154,,W V L,W,,True,,1.078125,0.7461389899253845,,
train-029871-67b857cb3a4ad356,1,10,train,7473820111989298006,pointer,Y,R,,,E,False,True,,,-11.75,10.25,0.0033442761045668363,,R S T,R,,True,,1.1328125,0.7563575506210327,,
train-029871-67b857cb3a4ad356,1,11,train,7473820111989298006,pointer,Y,M,,,E,False,True,,,-11.78125,8.875,0.006808516182722191,,M N S,M,,True,,1.1484375,0.7592254281044006,,
train-029871-67b857cb3a4ad356,1,12,train,7473820111989298006,pointer,Y,T,,,E,False,True,,,-12.4375,8.75,0.008411167459019006,,T M D,T,,True,,1.125,0.7549149990081787,,
train-003367-3209c55cf82ad8de,2,1,train,3605629979778013406,pointer,G,T,T,True,O,False,False,1.1920922133867862e-06,14.4375,-18.4453125,14.4375,2.11917056775306e-05,1,T R M,T,True,True,5.960462772236497e-07,-0.34375,0.4148988723754883,False,0.5359705090522766
train-003367-3209c55cf82ad8de,2,2,train,3605629979778013406,pointer,G,O,O,True,O,True,False,5.960462772236497e-07,15.5625,15.5625,15.5625,9.721227818748801e-06,1,O P Q,O,True,True,3.480850500636734e-05,-0.3203125,0.4205995798110962,True,0.8660739660263062
train-003367-3209c55cf82ad8de,2,3,train,3605629979778013406,pointer,G,Q,,,O,False,True,,,-16.1875,15.5,1.7393507700120173e-05,,Q K R,Q,,True,,-0.043701171875,0.4890764653682709,,
train-003367-3209c55cf82ad8de,2,4,train,3605629979778013406,pointer,G,N,,,O,False,True,,,-11.875,10.75,0.0020265762105364715,,N M S,N,,True,,0.357421875,0.5884162187576294,,
train-003367-3209c55cf82ad8de,2,5,train,3605629979778013406,pointer,G,V,,,O,False,True,,,-11.1875,9.0625,0.006973229962212724,,V F Z,V,,True,,0.59375,0.6442250609397888,,
train-003367-3209c55cf82ad8de,2,6,train,3605629979778013406,pointer,G,U,,,O,False,True,,,-12.1875,10.6875,0.0026223343182343877,,U L V,U,,True,,0.74609375,0.6783269643783569,,
train-003367-3209c55cf82ad8de,2,7,train,3605629979778013406,pointer,G,M,,,O,False,True,,,-11.25,9.6875,0.004812204619398479,,M S N,M,,True,,0.8671875,0.7041601538658142,,
train-003367-3209c55cf82ad8de,2,8,train,3605629979778013406,pointer,G,W,,,O,False,True,,,-12.84375,9.3125,0.0048871648978679435,,W S A,W,,True,,0.98828125,0.7287483215332031,,
train-003367-3209c55cf82ad8de,2,9,train,3605629979778013406,pointer,G,Y,,,O,False,True,,,-10.5,10.5,0.001859991744551286,,Y O U,Y,,True,,1.015625,0.7341195344924927,,
train-003367-3209c55cf82ad8de,2,10,train,3605629979778013406,pointer,G,K,,,O,False,True,,,-14.15625,10.0625,0.0014517608967221807,,K C F,K,,True,,0.99609375,0.730289876461029,,
train-003367-3209c55cf82ad8de,2,11,train,3605629979778013406,pointer,G,A,,,O,False,True,,,-12.1875,8.5,0.0036318849412039274,,A C B,A,,True,,1.0625,0.7431680560112,,
train-003367-3209c55cf82ad8de,2,12,train,3605629979778013406,pointer,G,D,,,O,False,True,,,-11.4375,9.0625,0.006960132801788011,,D E C,D,,True,,1.15625,0.7606506943702698,,
train-016841-cdf31b3615b95ae3,3,1,train,14840235116222569187,pointer,P,Y,Y,True,Z,False,False,2.3841855067985307e-07,15.4375,-17.84375,15.4375,5.721802260496123e-06,1,Y R Q,Y,True,True,2.3841855067985307e-07,-0.34765625,0.4139508903026581,False,0.5343517065048218
train-016841-cdf31b3615b95ae3,3,2,train,14840235116222569187,pointer,P,N,N,True,Z,False,False,1.6689286894688848e-06,14.3125,-17.5625,14.3125,2.6406612653179552e-05,1,N O M,N,True,True,2.8967437174287625e-05,-0.302734375,0.4248892068862915,False,0.5531925559043884
train-016841-cdf31b3615b95ae3,3,3,train,14840235116222569187,pointer,P,Z,Z,True,Z,True,False,8.702239938429557e-06,12.0625,12.0625,12.0625,0.0001236100385983704,1,Z X U,Z,True,True,0.001292942208237946,0.0311279296875,0.5077813863754272,True,0.6777043342590332
train-016841-cdf31b3615b95ae3,3,4,train,14840235116222569187,pointer,P,R,,,Z,False,True,,,-12.6875,9.9375,0.003116691130136204,,R C D,R,,True,,0.373046875,0.5921949744224548,,
train-016841-cdf31b3615b95ae3,3,5,train,14840235116222569187,pointer,P,M,,,Z,False,True,,,-12.40625,9.3125,0.0060827619819235805,,M N S,M,,True,,0.6484375,0.6566582322120667,,
train-016841-cdf31b3615b95ae3,3,6,train,14840235116222569187,pointer,P,B,,,Z,False,True,,,-12.5625,9.1875,0.005656909693717531,,B C L,B,,True,,0.7890625,0.6876299977302551,,
train-016841-cdf31b3615b95ae3,3,7,train,14840235116222569187,pointer,P,W,,,Z,False,True,,,-10.1875,10.0625,0.0035378072800600607,,W V Z,W,,True,,1.015625,0.7341195344924927,,
train-016841-cdf31b3615b95ae3,3,8,train,14840235116222569187,pointer,P,A,,,Z,False,True,,,-13.28125,10.125,0.002902120924947225,,A L D,A,,True,,1.0078125,0.7325918078422546,,
train-016841-cdf31b3615b95ae3,3,9,train,14840235116222569187,pointer,P,J,,,Z,False,True,,,-12.40625,10.6875,0.002388309755138178,,J I T,J,,True,,0.97265625,0.7256485819816589,,
train-016841-cdf31b3615b95ae3,3,10,train,14840235116222569187,pointer,P,O,,,Z,False,True,,,-13.84375,8.875,0.00393781346619852,,O U Y,O,,True,,0.9375,0.7185943722724915,,
train-016841-cdf31b3615b95ae3,3,11,train,14840235116222569187,pointer,P,X,,,Z,False,True,,,-10.375,10.1875,0.0021461465404586126,,X Y Z,X,,True,,0.98828125,0.7287483215332031,,
train-016841-cdf31b3615b95ae3,3,12,train,14840235116222569187,pointer,P,C,,,Z,False,True,,,-13.46875,10.75,0.0009170946122688501,,C D A,C,,True,,1.078125,0.7461389899253845,,
train-028929-aed53e9833f9c666,4,1,train,12598044356066788966,pointer,B,N,N,True,T,False,False,2.7418097943154862e-06,14.25,-17.234375,14.25,4.404528804170962e-05,1,N M Q,N,True,True,5.960462772236497e-07,-0.3515625,0.4130035638809204,False,0.5327365398406982
train-028929-aed53e9833f9c666,4,2,train,12598044356066788966,pointer,B,H,H,True,T,False,False,1.7881377516459906e-06,14.9375,-18.40625,14.9375,2.983922563792561e-05,1,H M X,H,True,True,1.2159273865108844e-05,-0.333984375,0.4172714650630951,False,0.5400338768959045
train-028929-aed53e9833f9c666,4,3,train,12598044356066788966,pointer,B,U,U,True,T,False,False,8.4638240878121e-06,12.9375,-15.5625,12.9375,0.0001283898812461995,1,U A L,U,True,True,0.0006345880683511496,-0.0986328125,0.47536173462867737,False,0.6450462937355042
train-028929-aed53e9833f9c666,4,4,train,12598044356066788966,pointer,B,T,T,True,T,True,False,0.00020203932945150882,10.0,10.0,10.0,0.0024337894017708206,1,T J S,T,True,True,0.0007398966699838638,0.1923828125,0.547947883605957,True,0.6015750169754028
train-028929-aed53e9833f9c666,4,5,train,12598044356066788966,pointer,B,A,,,T,False,True,,,-12.5,11.125,0.0014649530931116063,,A F I,A,,True,,0.47265625,0.6160122752189636,,
train-028929-aed53e9833f9c666,4,6,train,12598044356066788966,pointer,B,Z,,,T,False,True,,,-10.125,8.375,0.010161992550293507,,Z A U,Z,,True,,0.6875,0.665410578250885,,
train-028929-aed53e9833f9c666,4,7,train,12598044356066788966,pointer,B,X,,,T,False,True,,,-14.03125,10.1875,0.0018130298446688276,,X Q Z,X,,True,,0.73828125,0.6766199469566345,,
train-028929-aed53e9833f9c666,4,8,train,12598044356066788966,pointer,B,W,,,T,False,True,,,-13.125,9.75,0.0025251170821749603,,W V A,W,,True,,0.90234375,0.7114308476448059,,
train-028929-aed53e9833f9c666,4,9,train,12598044356066788966,pointer,B,S,,,T,False,True,,,-10.9375,10.9375,0.0015574905474015125,,S T R,S,,True,,1.046875,0.740174412727356,,
train-028929-aed53e9833f9c666,4,10,train,12598044356066788966,pointer,B,R,,,T,False,True,,,-11.125,9.375,0.0033011979037810145,,R S C,R,,True,,1.125,0.7549149990081787,,
train-028929-aed53e9833f9c666,4,11,train,12598044356066788966,pointer,B,D,,,T,False,True,,,-12.875,12.1875,0.0004957853235920744,,D C A,D,,True,,1.1953125,0.7676898241043091,,
train-028929-aed53e9833f9c666,4,12,train,12598044356066788966,pointer,B,O,,,T,False,True,,,-14.03125,11.0,0.0013337051620987733,,O A P,O,,True,,1.109375,0.7520126104354858,,
train-001498-b9ff9c1a1c2b8105,5,1,train,13402602652033581317,pointer,X,L,L,True,B,False,False,5.960462772236497e-07,15.53125,-16.859375,15.53125,1.058694741823868e-05,1,L I C,L,True,True,1.0728830375228426e-06,-0.365234375,0.40969306230545044,False,0.527112603187561
train-001498-b9ff9c1a1c2b8105,5,2,train,13402602652033581317,pointer,X,V,V,True,B,False,False,3.576278118089249e-07,16.5625,-21.15625,16.5625,5.5549330107190014e-06,1,V I Z,V,True,True,1.7881377516459906e-06,-0.33984375,0.41584745049476624,False,0.5375931262969971
train-001498-b9ff9c1a1c2b8105,5,3,train,13402602652033581317,pointer,X,M,M,True,B,False,False,5.924526340095326e-05,11.625,-14.625,11.625,0.0008038878042418025,1,M S N,M,True,True,0.00022289653134066612,0.052490234375,0.5131195783615112,False,0.719736635684967
train-001498-b9ff9c1a1c2b8105,5,4,train,13402602652033581317,pointer,X,W,W,True,B,False,False,0.00018153927521780133,10.375,-12.8125,10.375,0.002232620003963658,1,W Z A,W,True,True,0.0013548490824177861,0.36328125,0.5898345112800598,False,0.8911945223808289
train-001498-b9ff9c1a1c2b8105,5,5,train,13402602652033581317,pointer,X,B,B,True,B,True,False,3.45700973412022e-05,11.25,11.25,11.25,0.0004617207209864031,1,B A C,B,True,True,0.004221219569444656,0.53515625,0.6306849718093872,True,0.4609488844871521
train-001498-b9ff9c1a1c2b8105,5,6,train,13402602652033581317,pointer,X,R,,,B,False,True,,,-11.59375,10.1875,0.0032592761393283325,,R T A,R,,True,,0.734375,0.6757646203041077,,
train-001498-b9ff9c1a1c2b8105,5,7,train,13402602652033581317,pointer,X,A,,,B,False,True,,,-10.625,10.0,0.0029462662595303645,,A F D,A,,True,,0.94921875,0.7209580540657043,,
train-001498-b9ff9c1a1c2b8105,5,8,train,13402602652033581317,pointer,X,C,,,B,False,True,,,-11.5,9.1875,0.0029056710301059306,,C A D,C,,True,,1.03125,0.7371581792831421,,
train-001498-b9ff9c1a1c2b8105,5,9,train,13402602652033581317,pointer,X,Z,,,B,False,True,,,-11.75,9.6875,0.004341036487518462,,Z A Q,Z,,True,,1.078125,0.7461389899253845,,
train-001498-b9ff9c1a1c2b8105,5,10,train,13402602652033581317,pointer,X,S,,,B,False,True,,,-12.15625,10.3125,0.003389882378868997,,S R U,S,,True,,1.109375,0.7520126104354858,,
train-001498-b9ff9c1a1c2b8105,5,11,train,13402602652033581317,pointer,X,I,,,B,False,True,,,-14.0,10.6875,0.0015869683623466857,,I N L,I,,True,,1.0078125,0.7325918078422546,,
train-001498-b9ff9c1a1c2b8105,5,12,train,13402602652033581317,pointer,X,X,,,B,False,True,,,-12.71875,10.0625,0.004401453438561948,,X A S,X,,True,,1.03125,0.7371581792831421,,
train-009185-0259c718e550a631,6,1,train,169385370743514673,pointer,I,S,S,True,F,False,False,6.198863957251888e-06,13.375,-15.921875,13.375,9.706356709292537e-05,1,S V T,S,True,True,8.344646857949556e-07,-0.359375,0.41111087799072266,False,0.5295173525810242
train-009185-0259c718e550a631,6,2,train,169385370743514673,pointer,I,G,G,True,F,False,False,1.1920922133867862e-06,14.5625,-15.8125,14.5625,2.0830043403801433e-05,1,G C E,G,True,True,5.006777428206988e-06,-0.419921875,0.3965354859828949,False,0.5050680041313171
train-009185-0259c718e550a631,6,3,train,169385370743514673,pointer,I,U,U,True,F,False,False,6.318072337307967e-06,13.625,-14.75,13.625,9.908772001258777e-05,1,U L R,U,True,True,0.00041166413575410843,-0.019287109375,0.49517837166786194,False,0.6835501194000244
train-009185-0259c718e550a631,6,4,train,169385370743514673,pointer,I,H,H,True,F,False,False,9.357491217087954e-05,11.4375,-12.25,11.4375,0.0012425185835987116,1,H Z X,H,True,True,0.0035993570927530527,0.384765625,0.5950219631195068,False,0.9039224982261658
train-009185-0259c718e550a631,6,5,train,169385370743514673,pointer,I,Z,Z,True,F,False,False,4.6132929128361866e-05,11.1875,-13.6875,11.1875,0.000625104238788738,1,Z X T,Z,True,True,0.00020358874462544918,0.5625,0.6370307803153992,False,1.013437271118164
train-009185-0259c718e550a631,6,6,train,169385370743514673,pointer,I,F,F,True,F,True,False,0.0002636561985127628,10.1875,10.1875,10.1875,0.0031874458237889525,1,F L R,F,True,True,0.0007553822943009436,0.7578125,0.6808785796165466,True,0.38437125086784363
train-009185-0259c718e550a631,6,7,train,169385370743514673,pointer,I,A,,,F,False,True,,,-11.25,10.3125,0.0032669667957239833,,A U G,A,,True,,0.90625,0.7122321724891663,,
train-009185-0259c718e550a631,6,8,train,169385370743514673,pointer,I,D,,,F,False,True,,,-10.75,8.9375,0.007167336755957677,,D A E,D,,True,,0.9921875,0.729519784450531,,
train-009185-0259c718e550a631,6,9,train,169385370743514673,pointer,I,I,,,F,False,True,,,-11.96875,9.625,0.005867926103808541,,I S R,I,,True,,1.0703125,0.7446563243865967,,
train-009185-0259c718e550a631,6,10,train,169385370743514673,pointer,I,S,,,F,False,True,,,-12.34375,9.75,0.0026335568766998776,,S U R,S,,True,,1.0703125,0.7446563243865967,,
train-009185-0259c718e550a631,6,11,train,169385370743514673,pointer,I,G,,,F,False,True,,,-10.5,9.0625,0.004807192961982485,,G W R,G,,True,,1.078125,0.7461389899253845,,
train-009185-0259c718e550a631,6,12,train,169385370743514673,pointer,I,U,,,F,False,True,,,-11.5625,10.4375,0.002531159961605885,,U L G,U,,True,,1.1875,0.7662936449050903,,
train-012210-97996b7238ffee47,8,1,train,10923880509490589255,pointer,R,Q,Q,True,V,False,False,1.1920922133867862e-06,14.15625,-21.578125,14.15625,1.9612378638310204e-05,1,Q K A,Q,True,True,3.576278118089249e-07,-0.498046875,0.37799978256225586,False,0.47481483221054077
train-012210-97996b7238ffee47,8,2,train,10923880509490589255,pointer,R,M,M,True,V,False,False,0.00044228785554878414,8.125,-13.5,8.125,0.004500822681053912,1,M R P,M,True,True,1.3947389561508317e-05,-0.41015625,0.3988746404647827,False,0.5089517831802368
train-012210-97996b7238ffee47,8,3,train,10923880509490589255,pointer,R,U,U,True,V,False,False,7.033323527139146e-06,13.375,-14.75,13.375,0.00011020970210543847,1,U A F,U,True,True,0.0003040566807612777,-0.03466796875,0.49133387207984924,False,0.6759634613990784
train-012210-97996b7238ffee47,8,4,train,10923880509490589255,pointer,R,Y,Y,True,V,False,False,0.0006235085893422365,8.625,-12.125,8.625,0.006782358617475678,1,Y X Z,Y,True,True,0.004546661861240864,0.271484375,0.5674572587013245,False,0.8380742073059082
train-012210-97996b7238ffee47,8,5,train,10923880509490589255,pointer,R,B,B,True,V,False,False,0.00014053787162993103,10.1875,-13.625,10.1875,0.0017369306862360222,1,B C A,B,True,True,0.0006839081761427224,0.482421875,0.6183196306228638,False,0.963171660900116
train-012210-97996b7238ffee47,8,6,train,10923880509490589255,pointer,R,S,S,True,V,False,False,0.0009604846709407866,8.4375,-10.0625,8.4375,0.01025351876588281,1,S T R,S,True,True,0.00033945043105632067,0.73828125,0.6766199469566345,False,1.1289268732070923
train-012210-97996b7238ffee47,8,7,train,10923880509490589255,pointer,R,C,C,True,V,False,False,0.00022742546570952982,10.0625,-14.28125,10.0625,0.0027689100220348317,1,C D L,C,True,True,0.0015872034709900618,0.91796875,0.7146279811859131,False,1.2539618015289307
train-012210-97996b7238ffee47,8,8,train,10923880509490589255,pointer,R,V,V,True,V,True,False,0.00014101465058047324,10.5625,10.5625,10.5625,0.001789056982459104,1,V Z D,V,True,True,0.00043108707177452743,1.0390625,0.7386690378189087,True,0.30290526151657104
train-012210-97996b7238ffee47,8,9,train,10923880509490589255,pointer,R,P,,,V,False,True,,,-11.75,10.875,0.002089229625273989,,P M Q,P,,True,,1.03125,0.7371581792831421,,
train-012210-97996b7238ffee47,8,10,train,10923880509490589255,pointer,R,K,,,V,False,True,,,-13.125,10.25,0.002790242176380299,,K D R,K,,True,,1.046875,0.740174412727356,,
train-012210-97996b7238ffee47,8,11,train,10923880509490589255,pointer,R,G,,,V,False,True,,,-11.25,10.1875,0.004649739598683475,,G M L,G,,True,,1.0859375,0.7476159334182739,,
train-012210-97996b7238ffee47,8,12,train,10923880509490589255,pointer,R,E,,,V,False,True,,,-12.40625,9.125,0.004491734709608436,,E D C,E,,True,,1.1328125,0.7563575506210327,,
train-034999-4841f772dd44612d,10,1,train,5206714716927582509,pointer,N,R,R,True,U,False,False,4.0531076592742465e-06,13.90625,-19.59375,13.90625,6.280232396582706e-05,1,R T C,R,True,True,2.3841855067985307e-07,-0.396484375,0.4021573066711426,False,0.5144276022911072
train-034999-4841f772dd44612d,10,2,train,5206714716927582509,pointer,N,H,H,True,U,False,False,2.50339189733495e-06,14.5625,-16.46875,14.5625,4.194789917038962e-05,1,H X L,H,True,True,7.033323527139146e-06,-0.353515625,0.41253018379211426,False,0.5319303274154663
train-034999-4841f772dd44612d,10,3,train,5206714716927582509,pointer,N,G,G,True,U,False,False,1.2755313036905136e-05,12.875,-16.03125,12.875,0.00019191817718320072,1,G W L,G,True,True,0.006804627366364002,0.07861328125,0.5196431875228882,False,0.7332261204719543
train-034999-4841f772dd44612d,10,4,train,5206714716927582509,pointer,N,V,V,True,U,False,False,0.00013147920253686607,10.9375,-13.6875,10.9375,0.0016640347159771517,1,V F D,V,True,True,0.0004233417857903987,0.45703125,0.6123096346855164,False,0.9475483894348145
train-034999-4841f772dd44612d,10,5,train,5206714716927582509,pointer,N,P,P,True,U,False,False,3.7431014789035544e-05,12.4375,-14.0625,12.4375,0.0005308899479026175,1,P M C,P,True,True,0.0008592489175498486,0.640625,0.6548947095870972,False,1.0639058351516724
train-034999-4841f772dd44612d,10,6,train,5206714716927582509,pointer,N,O,O,True,U,False,False,0.000105375460407231,10.625,-10.8125,10.625,0.0013325376093666355,1,O A U,O,True,True,0.002748642349615693,0.72265625,0.6731916666030884,False,1.1183815002441406
train-034999-4841f772dd44612d,10,7,train,5206714716927582509,pointer,N,B,B,True,U,False,False,3.516612196108326e-05,11.5,-13.6875,11.5,0.00048755598534074354,1,B C A,B,True,True,0.0011305375955998898,0.7734375,0.6842640042304993,False,1.1528489589691162
train-034999-4841f772dd44612d,10,8,train,5206714716927582509,pointer,N,W,W,True,U,False,False,0.0002811751910485327,9.4375,-13.65625,9.4375,0.0032408958994228966,1,W Z X,W,True,True,0.0059722778387367725,0.96484375,0.724090576171875,False,1.2876825332641602
train-034999-4841f772dd44612d,10,9,train,5206714716927582509,pointer,N,L,L,True,U,False,False,0.00011145447206217796,11.0625,-14.84375,11.0625,0.0014354812290172307,1,L D W,L,True,True,0.00029059001826681197,1.078125,0.7461389899253845,False,1.3709683418273926
train-034999-4841f772dd44612d,10,10,train,5206714716927582509,pointer,N,U,U,True,U,True,False,4.362964682513848e-05,11.375,11.375,11.375,0.000592272716000873,1,U A L,U,True,True,0.0004922132357023656,0.9921875,0.729519784450531,True,0.31536880135536194
train-034999-4841f772dd44612d,10,11,train,5206714716927582509,pointer,N,Y,,,U,False,True,,,-8.75,8.75,0.005312582651619342,,Y U X,Y,,True,,0.9921875,0.729519784450531,,
train-034999-4841f772dd44612d,10,12,train,5206714716927582509,pointer,N,N,,,U,False,True,,,-12.0625,10.1875,0.0024202327608435726,,N M O,N,,True,,1.0078125,0.7325918078422546,,
train-011564-7762883a563e37c9,12,1,train,8602588022367467465,pointer,E,N,N,True,T,False,False,5.245195097813848e-06,13.03125,-16.46875,13.03125,8.087585654961336e-05,1,N M Q,N,True,True,7.152555099310121e-07,-0.31640625,0.42155182361602783,False,0.5474063158035278
train-011564-7762883a563e37c9,12,2,train,8602588022367467465,pointer,E,V,V,True,T,False,False,3.6954811548639555e-06,12.9375,-16.625,12.9375,5.2997440803801915e-05,1,V X Z,V,True,True,2.312633478140924e-05,-0.296875,0.4263215959072113,False,0.5556862950325012
train-011564-7762883a563e37c9,12,3,train,8602588022367467465,pointer,E,M,M,True,T,False,False,0.0004260824352968484,8.4375,-10.9375,8.4375,0.0046185061070206125,1,M P S,M,True,True,0.00022897482267580926,0.0419921875,0.5104964971542358,False,0.714363694190979
train-011564-7762883a563e37c9,12,4,train,8602588022367467465,pointer,E,T,T,True,T,True,False,0.0012811556225642562,8.1875,8.1875,8.1875,0.012980947872346733,1,T S W,T,True,True,0.00033098942367359996,0.2890625,0.5717666149139404,False,0.8480868935585022
train-011564-7762883a563e37c9,12,5,train,8602588022367467465,pointer,E,D,D,True,T,False,False,0.0008191090892069042,9.125,-10.5625,9.125,0.008928297236488681,1,D C F,D,True,True,0.002831618534401059,0.67578125,0.6627964973449707,False,1.0870685577392578
train-011564-7762883a563e37c9,12,6,train,8602588022367467465,pointer,E,V,V,True,T,False,False,0.00026258357684127986,9.75,-11.875,9.75,0.0031189748188824072,1,V X Z,V,True,True,0.0008722314960323274,0.88671875,0.7082125544548035,False,1.2317297458648682
train-011564-7762883a563e37c9,12,7,train,8602588022367467465,pointer,E,M,M,True,T,False,False,0.0013440155889838934,8.625,-9.625,8.625,0.014113437304389952,1,M S P,M,True,True,0.0018446111353114247,1.03125,0.7371581792831421,False,1.33620285987854
train-011564-7762883a563e37c9,12,8,train,8602588022367467465,pointer,E,T,T,True,T,True,False,0.0014897212386131287,7.9375,7.9375,7.9375,0.015047957408943657,1,T Z W,T,True,True,0.0018994638230651617,0.9921875,0.729519784450531,False,1.3075562715530396
train-011564-7762883a563e37c9,12,9,train,8602588022367467465,pointer,E,D,D,True,T,False,False,0.000707971747033298,9.1875,-10.9375,9.1875,0.007796260008510451,1,D C F,D,True,True,0.002430463209748268,1.1484375,0.7592254281044006,False,1.4238940477371216
train-011564-7762883a563e37c9,12,10,train,8602588022367467465,pointer,E,V,V,True,T,False,False,0.0002917817619163543,9.6875,-11.875,9.6875,0.0034205055430760606,1,V X M,V,True,True,0.000943096645642072,1.203125,0.7690802216529846,False,1.4656848907470703
train-011564-7762883a563e37c9,12,11,train,8602588022367467465,pointer,E,M,M,True,T,False,False,0.0013243722496554255,8.625,-9.625,8.625,0.013914316905389267,1,M S P,M,True,True,0.001839375589042902,1.2421875,0.7759445905685425,False,1.4958617687225342
train-011564-7762883a563e37c9,12,12,train,8602588022367467465,pointer,E,T,T,True,T,True,False,0.001529715140350163,7.9375,7.9375,7.9375,0.015407974968786166,1,T Z W,T,True,True,0.0018986309878528118,1.125,0.7549149990081787,True,0.28115013241767883
train-009225-e6d88a97d91644e8,1,1,train,16634197608479737064,pointer,S,U,U,True,U,True,False,1.4305104514278355e-06,14.3125,14.3125,14.3125,2.3841074200299728e-05,1,U V A,U,True,True,8.344646857949556e-07,-0.000362396240234375,0.4999094307422638,True,0.6933283805847168
train-009225-e6d88a97d91644e8,1,2,train,16634197608479737064,pointer,S,J,,,U,False,True,,,-16.9375,16.8125,3.630696396792185e-06,,J T U,J,,True,,-0.11962890625,0.4701283872127533,,
train-009225-e6d88a97d91644e8,1,3,train,16634197608479737064,pointer,S,Y,,,U,False,True,,,-13.125,11.8125,0.000503314028795814,,Y V Z,Y,,True,,0.1630859375,0.5406813621520996,,
train-009225-e6d88a97d91644e8,1,4,train,16634197608479737064,pointer,S,W,,,U,False,True,,,-15.46875,12.4375,0.0002600157594902307,,W V S,W,,True,,0.50390625,0.6233768463134766,,
train-009225-e6d88a97d91644e8,1,5,train,16634197608479737064,pointer,S,H,,,U,False,True,,,-14.6875,10.8125,0.0015958347029751691,,H L W,H,,True,,0.76953125,0.6834195256233215,,
train-009225-e6d88a97d91644e8,1,6,train,16634197608479737064,pointer,S,I,,,U,False,True,,,-11.5,8.75,0.010933081914972633,,I S P,I,,True,,0.93359375,0.7178038358688354,,
train-009225-e6d88a97d91644e8,1,7,train,16634197608479737064,pointer,S,B,,,U,False,True,,,-12.25,10.25,0.002161322919536504,,B A C,B,,True,,0.91015625,0.7130321860313416,,
train-009225-e6d88a97d91644e8,1,8,train,16634197608479737064,pointer,S,N,,,U,False,True,,,-13.03125,8.9375,0.004619721226535112,,N S M,N,,True,,0.9296875,0.7170118689537048,,
train-009225-e6d88a97d91644e8,1,9,train,16634197608479737064,pointer,S,M,,,U,False,True,,,-11.78125,9.9375,0.0031140109719835266,,M D S,M,,True,,0.98046875,0.7272012233734131,,
train-009225-e6d88a97d91644e8,1,10,train,16634197608479737064,pointer,S,T,,,U,False,True,,,-11.5,8.9375,0.006288594845644378,,T M S,T,,True,,0.9765625,0.7264255881309509,,
train-009225-e6d88a97d91644e8,1,11,train,16634197608479737064,pointer,S,K,,,U,False,True,,,-13.28125,11.0,0.0018647193905884307,,K J A,K,,True,,1.03125,0.7371581792831421,,
train-009225-e6d88a97d91644e8,1,12,train,16634197608479737064,pointer,S,V,,,U,False,True,,,-11.8125,8.75,0.011391350630558997,,V F L,V,,True,,1.1875,0.7662936449050903,,
train-001306-18fe11ce3b98c489,2,1,train,1800896478455579785,pointer,E,N,N,True,I,False,False,2.9802276912960224e-06,13.5625,-19.9140625,13.5625,4.675238385512972e-05,1,N M Q,N,True,True,8.344646857949556e-07,-0.25390625,0.4368622601032257,False,0.5742310881614685
train-001306-18fe11ce3b98c489,2,2,train,1800896478455579785,pointer,E,I,I,True,I,True,False,7.152555099310121e-07,16.0,16.0,16.0,1.4077198154564525e-05,1,I S N,I,True,True,5.447716102935374e-05,-0.28125,0.43014734983444214,True,0.8436274528503418
train-001306-18fe11ce3b98c489,2,3,train,1800896478455579785,pointer,E,F,,,I,False,True,,,-15.40625,12.75,0.0002953660636205985,,F C G,F,,True,,0.06640625,0.5165954232215881,,
train-001306-18fe11ce3b98c489,2,4,train,1800896478455579785,pointer,E,A,,,I,False,True,,,-11.71875,10.625,0.0025803430061815797,,A L N,A,,True,,0.42578125,0.6048657894134521,,
train-001306-18fe11ce3b98c489,2,5,train,1800896478455579785,pointer,E,L,,,I,False,True,,,-10.875,9.625,0.004143985662049129,,L A C,L,,True,,0.70703125,0.6697448492050171,,
train-001306-18fe11ce3b98c489,2,6,train,1800896478455579785,pointer,E,J,,,I,False,True,,,-13.0,10.9375,0.0011847162138554257,,J U L,J,,True,,0.63671875,0.6540113687515259,,
train-001306-18fe11ce3b98c489,2,7,train,1800896478455579785,pointer,E,O,,,I,False,True,,,-12.375,8.5625,0.0063692161158496585,,O U P,O,,True,,0.75390625,0.6800292134284973,,
train-001306-18fe11ce3b98c489,2,8,train,1800896478455579785,pointer,E,P,,,I,False,True,,,-12.65625,11.4375,0.0013047418717027832,,P A C,P,,True,,0.8203125,0.6943026781082153,,
train-001306-18fe11ce3b98c489,2,9,train,1800896478455579785,pointer,E,Q,,,I,False,True,,,-14.53125,9.9375,0.0016408571873255623,,Q P L,Q,,True,,0.96484375,0.724090576171875,,
train-001306-18fe11ce3b98c489,2,10,train,1800896478455579785,pointer,E,W,,,I,False,True,,,-12.8125,9.25,0.003790979757415099,,W X D,W,,True,,1.1015625,0.7505527138710022,,
train-001306-18fe11ce3b98c489,2,11,train,1800896478455579785,pointer,E,D,,,I,False,True,,,-12.875,10.125,0.003929973098271217,,D R C,D,,True,,1.1953125,0.7676898241043091,,
train-001306-18fe11ce3b98c489,2,12,train,1800896478455579785,pointer,E,K,,,I,False,True,,,-13.34375,10.75,0.0015656041863978873,,K L R,K,,True,,1.109375,0.7520126104354858,,
train-016049-a073b77648266286,3,1,train,11561786387034694278,pointer,G,A,A,True,E,False,False,1.0728830375228426e-06,15.4375,-16.734375,15.4375,1.7869718759581473e-05,1,A B I,A,True,True,1.1920922133867862e-06,-0.365234375,0.40969306230545044,False,0.527112603187561
train-016049-a073b77648266286,3,2,train,11561786387034694278,pointer,G,M,M,True,E,False,False,4.7801782784517854e-05,11.5625,-13.375,11.5625,0.0006496146576570991,1,M C K,M,True,True,4.362964682513848e-05,-0.333984375,0.4172714650630951,False,0.5400338768959045
train-016049-a073b77648266286,3,3,train,11561786387034694278,pointer,G,E,E,True,E,True,False,1.3232143828645349e-05,12.8125,12.8125,12.8125,0.00019707587371970724,1,E A C,E,True,True,0.0010480155469849706,-0.01483154296875,0.4962921738624573,True,0.7005904316902161
train-016049-a073b77648266286,3,4,train,11561786387034694278,pointer,G,K,,,E,False,True,,,-14.34375,11.75,0.00116362841014959,,K N R,K,,True,,0.259765625,0.564578652381897,,
train-016049-a073b77648266286,3,5,train,11561786387034694278,pointer,G,V,,,E,False,True,,,-11.5625,9.8125,0.003914685906413555,,V F X,V,,True,,0.62109375,0.6504672765731812,,
train-016049-a073b77648266286,3,6,train,11561786387034694278,pointer,G,Q,,,E,False,True,,,-15.0,11.3125,0.0007351372199294871,,Q R K,Q,,True,,0.7265625,0.6740504503250122,,
train-016049-a073b77648266286,3,7,train,11561786387034694278,pointer,G,W,,,E,False,True,,,-11.0,9.75,0.002876793340267017,,W V X,W,,True,,0.91015625,0.7130321860313416,,
train-016049-a073b77648266286,3,8,train,11561786387034694278,pointer,G,I,,,E,False,True,,,-12.0,10.6875,0.0021627479254098664,,I Q T,I,,True,,1.0390625,0.7386690378189087,,
train-016049-a073b77648266286,3,9,train,11561786387034694278,pointer,G,N,,,E,False,True,,,-11.34375,8.0625,0.009847049077976611,,N O M,N,,True,,1.0625,0.7431680560112,,
train-016049-a073b77648266286,3,10,train,11561786387034694278,pointer,G,X,,,E,False,True,,,-10.6875,9.5625,0.0066632432077534135,,X A O,X,,True,,1.0859375,0.7476159334182739,,
train-016049-a073b77648266286,3,11,train,11561786387034694278,pointer,G,B,,,E,False,True,,,-14.59375,10.5625,0.0007179416666084797,,B C A,B,,True,,0.93359375,0.7178038358688354,,
train-016049-a073b77648266286,3,12,train,11561786387034694278,pointer,G,C,,,E,False,True,,,-12.6875,9.5625,0.0037545407729084874,,C D B,C,,True,,1.078125,0.7461389899253845,,
train-010893-54a61a1968f8e7bf,4,1,train,6099591441757562815,pointer,F,N,N,True,Q,False,False,2.9802276912960224e-06,13.53125,-14.5,13.53125,4.8049865920118494e-05,1,N M Q,N,True,True,1.0728830375228426e-06,-0.37109375,0.40827676653862,False,0.5247162580490112
train-010893-54a61a1968f8e7bf,4,2,train,6099591441757562815,pointer,F,J,J,True,Q,False,False,-0.0,18.0,-20.875,18.0,1.4298008381808582e-06,1,J U D,J,True,True,2.1457441107486375e-05,-0.396484375,0.4021573066711426,False,0.5144276022911072
train-010893-54a61a1968f8e7bf,4,3,train,6099591441757562815,pointer,F,P,P,True,Q,False,False,2.9802276912960224e-06,14.4375,-14.875,14.4375,4.8284527180323166e-05,1,P C Q,P,True,True,0.0016534955939278007,-0.146484375,0.4634442627429962,False,0.6225848197937012
train-010893-54a61a1968f8e7bf,4,4,train,6099591441757562815,pointer,F,Q,Q,True,Q,True,False,3.373566141817719e-05,11.625,11.625,11.625,0.0004593394390577866,1,Q P R,Q,True,True,0.0025541323702782393,0.28125,0.5698526501655579,True,0.5623774528503418
train-010893-54a61a1968f8e7bf,4,5,train,6099591441757562815,pointer,F,K,,,Q,False,True,,,-12.6875,10.125,0.002772941758370259,,K H D,K,,True,,0.5234375,0.6279512047767639,,
train-010893-54a61a1968f8e7bf,4,6,train,6099591441757562815,pointer,F,W,,,Q,False,True,,,-13.375,10.875,0.00169078869341127,,W S V,W,,True,,0.71875,0.672331690788269,,
train-010893-54a61a1968f8e7bf,4,7,train,6099591441757562815,pointer,F,O,,,Q,False,True,,,-11.5625,10.75,0.0014539648047507243,,O P A,O,,True,,0.8515625,0.700894832611084,,
train-010893-54a61a1968f8e7bf,4,8,train,6099591441757562815,pointer,F,G,,,Q,False,True,,,-10.9375,10.9375,0.001720956474884781,,G Q W,G,,True,,1.0078125,0.7325918078422546,,
train-010893-54a61a1968f8e7bf,4,9,train,6099591441757562815,pointer,F,I,,,Q,False,True,,,-10.5,10.0,0.0037347144850274523,,I P S,I,,True,,1.046875,0.740174412727356,,
train-010893-54a61a1968f8e7bf,4,10,train,6099591441757562815,pointer,F,S,,,Q,False,True,,,-9.875,9.875,0.004629338541177046,,S Q R,S,,True,,1.078125,0.7461389899253845,,
train-010893-54a61a1968f8e7bf,4,11,train,6099591441757562815,pointer,F,Y,,,Q,False,True,,,-11.125,8.875,0.007260652601964701,,Y X O,Y,,True,,1.0390625,0.7386690378189087,,
train-010893-54a61a1968f8e7bf,4,12,train,6099591441757562815,pointer,F,R,,,Q,False,True,,,-9.6875,9.375,0.00890147072601952,,R S W,R,,True,,1.125,0.7549149990081787,,
train-035347-804f37ed051ea6d8,5,1,train,9245670051147589336,pointer,B,Y,Y,True,J,False,False,1.0728830375228426e-06,14.125,-17.25,14.125,1.6681084584745663e-05,1,Y R Q,Y,True,True,4.768370445162873e-07,-0.40234375,0.4007493853569031,False,0.5120753049850464
train-035347-804f37ed051ea6d8,5,2,train,9245670051147589336,pointer,B,K,K,True,J,False,False,4.768370445162873e-07,16.5625,-16.9375,16.5625,8.220044009247297e-06,1,K C I,K,True,True,5.960446742392378e-06,-0.34765625,0.4139508903026581,False,0.5343517065048218
train-035347-804f37ed051ea6d8,5,3,train,9245670051147589336,pointer,B,I,I,True,J,False,False,5.3881147323409095e-05,11.5,-12.375,11.5,0.0007341923263615559,1,I S N,I,True,True,0.0006827168981544673,0.03662109375,0.5091542601585388,False,0.7116253972053528
train-035347-804f37ed051ea6d8,5,4,train,9245670051147589336,pointer,B,V,V,True,J,False,False,0.0003573255962692201,9.25,-11.9375,9.25,0.004111461483967109,1,V Z F,V,True,True,0.0003399271226953715,0.423828125,0.6043989062309265,False,0.9273489713668823
train-035347-804f37ed051ea6d8,5,5,train,9245670051147589336,pointer,B,J,J,True,J,True,False,6.8662193370983e-05,11.8125,11.8125,11.8125,0.0009289260684608032,1,J U I,J,True,True,0.0009590555564500391,0.498046875,0.6220002174377441,True,0.47481483221054077
train-035347-804f37ed051ea6d8,5,6,train,9245670051147589336,pointer,B,U,,,J,False,True,,,-12.125,9.625,0.004972313501582343,,U V A,U,,True,,0.66796875,0.6610482335090637,,
train-035347-804f37ed051ea6d8,5,7,train,9245670051147589336,pointer,B,O,,,J,False,True,,,-14.1875,10.6875,0.000787509862963956,,O U A,O,,True,,0.7421875,0.6774740219116211,,
train-035347-804f37ed051ea6d8,5,8,train,9245670051147589336,pointer,B,X,,,J,False,True,,,-13.375,10.5,0.001731879477239187,,X E S,X,,True,,0.90625,0.7122321724891663,,
train-035347-804f37ed051ea6d8,5,9,train,9245670051147589336,pointer,B,C,,,J,False,True,,,-11.28125,9.5,0.006048205710264337,,C A S,C,,True,,1.0390625,0.7386690378189087,,
train-035347-804f37ed051ea6d8,5,10,train,9245670051147589336,pointer,B,Z,,,J,False,True,,,-11.875,9.5,0.005856121967210603,,Z X Y,Z,,True,,1.171875,0.7634837031364441,,
train-035347-804f37ed051ea6d8,5,11,train,9245670051147589336,pointer,B,W,,,J,False,True,,,-14.96875,10.625,0.0009701249911972804,,W V X,W,,True,,1.1953125,0.7676898241043091,,
train-035347-804f37ed051ea6d8,5,12,train,9245670051147589336,pointer,B,Q,,,J,False,True,,,-13.96875,11.6875,0.00045125480416212594,,Q P O,Q,,True,,1.1484375,0.7592254281044006,,
train-012677-fa476f934299767c,6,1,train,18034505911096669820,pointer,N,N,N,True,N,True,False,1.3828182090946939e-05,11.8125,11.8125,11.8125,0.00019268001852262994,1,N M O,N,True,True,3.2186455882765586e-06,-0.392578125,0.4030968248844147,False,0.5160003900527954
train-012677-fa476f934299767c,6,2,train,18034505911096669820,pointer,N,N,N,True,N,True,False,7.152555099310121e-07,15.1875,15.1875,15.1875,1.2792291840748667e-05,1,N O M,N,True,True,7.510157047363464e-06,-0.33984375,0.41584745049476624,False,0.5375931262969971
train-012677-fa476f934299767c,6,3,train,18034505911096669820,pointer,N,N,N,True,N,True,False,1.5616295058862306e-05,11.375,11.375,11.375,0.00020612308216102956,1,N O M,N,True,True,2.7656173188006505e-05,-0.08349609375,0.4791381061077118,False,0.6522703170776367
train-012677-fa476f934299767c,6,4,train,18034505911096669820,pointer,N,N,N,True,N,True,False,2.586808113846928e-05,11.0,11.0,11.0,0.0003415447164494064,1,N O M,N,True,True,3.242440288886428e-05,0.1591796875,0.5397111177444458,False,0.7759009599685669
train-012677-fa476f934299767c,6,5,train,18034505911096669820,pointer,N,N,N,True,N,True,False,3.373566141817719e-05,10.8125,10.8125,10.8125,0.00043920637408964347,1,N O M,N,True,True,4.2437604861333966e-05,0.349609375,0.5865228176116943,False,0.8831530809402466
train-012677-fa476f934299767c,6,6,train,18034505911096669820,pointer,N,N,N,True,N,True,False,3.611976353568025e-05,10.75,10.75,10.75,0.0004719472268170116,1,N O M,N,True,True,4.756337511935271e-05,0.486328125,0.6192409992218018,True,0.4792606830596924
train-012677-fa476f934299767c,6,7,train,18034505911096669820,pointer,N,N,,,N,True,True,,,10.75,10.75,0.00047937021131579094,,N O M,N,,True,,0.578125,0.6406359076499939,,
train-012677-fa476f934299767c,6,8,train,18034505911096669820,pointer,N,N,,,N,True,True,,,10.625,10.625,0.0005280572861993378,,N O M,N,,True,,0.64453125,0.6557770371437073,,
train-012677-fa476f934299767c,6,9,train,18034505911096669820,pointer,N,N,,,N,True,True,,,10.75,10.75,0.0004798294770984074,,N O M,N,,True,,0.6875,0.665410578250885,,
train-012677-fa476f934299767c,6,10,train,18034505911096669820,pointer,N,N,,,N,True,True,,,10.75,10.75,0.0004776506731715031,,N O M,N,,True,,0.71484375,0.671470582485199,,
train-012677-fa476f934299767c,6,11,train,18034505911096669820,pointer,N,N,,,N,True,True,,,10.6875,10.6875,0.0004932897885536928,,N O M,N,,True,,0.734375,0.6757646203041077,,
train-012677-fa476f934299767c,6,12,train,18034505911096669820,pointer,N,N,,,N,True,True,,,10.75,10.75,0.0004792517091274894,,N O M,N,,True,,0.74609375,0.6783269643783569,,
train-011589-e2ac7a4572e7f3c6,8,1,train,16333564387265082310,pointer,J,L,L,True,U,False,False,4.768370445162873e-07,15.96875,-17.859375,15.96875,8.904175100061442e-06,1,L C I,L,True,True,8.344646857949556e-07,-0.4921875,0.37937837839126587,False,0.47703373432159424
train-011589-e2ac7a4572e7f3c6,8,2,train,16333564387265082310,pointer,J,B,B,True,U,False,False,7.152555099310121e-07,15.0625,-19.65625,15.0625,1.3379774614485426e-05,1,B C L,B,True,True,1.7523612768854946e-05,-0.49609375,0.378459095954895,False,0.4755535125732422
train-011589-e2ac7a4572e7f3c6,8,3,train,16333564387265082310,pointer,J,K,K,True,U,False,False,4.1483970562694594e-05,11.125,-15.90625,11.125,0.0005590242351011705,1,K Q L,K,True,True,0.00551630649715662,-0.03466796875,0.49133387207984924,False,0.6759634613990784
train-011589-e2ac7a4572e7f3c6,8,4,train,16333564387265082310,pointer,J,Q,Q,True,U,False,False,0.00010942813969450071,10.625,-12.9375,10.625,0.0013820546744829833,1,Q P K,Q,True,True,0.0008949803304858506,0.326171875,0.5808276534080505,False,0.8694730997085571
train-011589-e2ac7a4572e7f3c6,8,5,train,16333564387265082310,pointer,J,I,I,True,U,False,False,0.00038068200228735805,9.5,-10.625,9.5,0.004473496998642805,1,I S E,I,True,True,0.0010969580616801977,0.59375,0.6442250609397888,False,1.0334570407867432
train-011589-e2ac7a4572e7f3c6,8,6,train,16333564387265082310,pointer,J,S,S,True,U,False,False,0.00017641419253777713,10.6875,-10.6875,10.6875,0.0022170991491157832,1,S U T,S,True,True,0.020676778629422188,0.734375,0.6757646203041077,False,1.1262855529785156
train-011589-e2ac7a4572e7f3c6,8,7,train,16333564387265082310,pointer,J,Z,Z,True,U,False,False,0.00048375347978435457,9.0,-10.25,9.0,0.005489471425999666,1,Z X A,Z,True,True,0.0003196682082489133,0.9375,0.7185943722724915,False,1.267958164215088
train-011589-e2ac7a4572e7f3c6,8,8,train,16333564387265082310,pointer,J,U,U,True,U,True,False,2.8490614567999728e-05,12.3125,12.3125,12.3125,0.0004070233233364027,1,U V D,U,True,True,0.0012224590172991157,1.0078125,0.7325918078422546,True,0.31116658449172974
train-011589-e2ac7a4572e7f3c6,8,9,train,16333564387265082310,pointer,J,D,,,U,False,True,,,-11.6875,8.9375,0.006664562775116608,,D S E,D,,True,,1.140625,0.7577943801879883,,
train-011589-e2ac7a4572e7f3c6,8,10,train,16333564387265082310,pointer,J,E,,,U,False,True,,,-12.78125,8.75,0.0116487147752915,,E G C,E,,True,,1.15625,0.7606506943702698,,
train-011589-e2ac7a4572e7f3c6,8,11,train,16333564387265082310,pointer,J,X,,,U,False,True,,,-12.0625,9.875,0.00199803977838324,,X Z A,X,,True,,1.109375,0.7520126104354858,,
train-011589-e2ac7a4572e7f3c6,8,12,train,16333564387265082310,pointer,J,O,,,U,False,True,,,-11.1875,9.875,0.0022385117784109515,,O A P,O,,True,,1.078125,0.7461389899253845,,
train-009844-241dc1586a630f61,10,1,train,2602448745176174433,pointer,R,F,F,True,P,False,False,4.172316494077677e-06,13.0625,-16.09375,13.0625,6.32372453281011e-05,1,F T C,F,True,True,2.3841855067985307e-07,-0.337890625,0.4163219630718231,False,0.5384057760238647
train-009844-241dc1586a630f61,10,2,train,2602448745176174433,pointer,R,E,E,True,P,False,False,3.755022044060752e-05,11.25,-13.96875,11.25,0.0004981333120514547,1,E R C,E,True,True,5.3165931603871286e-05,-0.333984375,0.4172714650630951,False,0.5400338768959045
train-009844-241dc1586a630f61,10,3,train,2602448745176174433,pointer,R,A,A,True,P,False,False,8.106198947643861e-06,13.625,-17.28125,13.625,0.00012534084028732119,1,A D C,A,True,True,0.0006932000978849828,-0.01422119140625,0.4964447617530823,False,0.6860618591308594
train-009844-241dc1586a630f61,10,4,train,2602448745176174433,pointer,R,Y,Y,True,P,False,False,5.638440416078083e-05,11.0625,-14.75,11.0625,0.0007517295931972854,1,Y A U,Y,True,True,0.0004247716860845685,0.28515625,0.5708099007606506,False,0.8458553552627563
train-009844-241dc1586a630f61,10,5,train,2602448745176174433,pointer,R,D,D,True,P,False,False,0.0001679517881711945,10.3125,-13.4375,10.3125,0.002063183207145124,1,D E B,D,True,True,0.0009603655780665576,0.6171875,0.6495786309242249,False,1.0486189126968384
train-009844-241dc1586a630f61,10,6,train,2602448745176174433,pointer,R,Q,Q,True,P,False,False,0.00035482310340739787,9.0625,-11.125,9.0625,0.0039294065757111175,1,Q R O,Q,True,True,0.0008709213580004871,0.7265625,0.6740504503250122,False,1.121012806892395
train-009844-241dc1586a630f61,10,7,train,2602448745176174433,pointer,R,J,J,True,P,False,False,0.0003638797497842461,9.0625,-12.84375,9.0625,0.0041731841072817355,1,J Q D,J,True,True,0.002008922165259719,0.75,0.6791787147521973,False,1.136871099472046
train-009844-241dc1586a630f61,10,8,train,2602448745176174433,pointer,R,H,H,True,P,False,False,0.00023100091493688524,10.6875,-10.9375,10.6875,0.0028550609756445525,1,H N D,H,True,True,0.0006635371246375144,0.87890625,0.7065955400466919,False,1.226203203201294
train-009844-241dc1586a630f61,10,9,train,2602448745176174433,pointer,R,G,G,True,P,False,False,0.00017677174764685333,10.6875,-11.1875,10.6875,0.0022280648346741086,1,G W P,G,True,True,0.0009376181988045573,0.99609375,0.730289876461029,False,1.3104075193405151
train-009844-241dc1586a630f61,10,10,train,2602448745176174433,pointer,R,P,P,True,P,True,False,9.619726915843785e-05,11.25,11.25,11.25,0.0012554747758341262,1,P C A,P,True,True,7.116541382856667e-05,1.0390625,0.7386690378189087,True,0.30290526151657104
train-009844-241dc1586a630f61,10,11,train,2602448745176174433,pointer,R,M,,,P,False,True,,,-14.34375,10.3125,0.0026908215990925303,,M S D,M,,True,,1.0546875,0.74167400598526,,
train-009844-241dc1586a630f61,10,12,train,2602448745176174433,pointer,R,L,,,P,False,True,,,-12.5,10.6875,0.0014040882596982934,,L D M,L,,True,,1.0078125,0.7325918078422546,,
train-005516-e9fcb22782d02811,12,1,train,16860546987736442897,pointer,J,M,M,True,U,False,False,2.861018856492592e-06,14.59375,-15.4375,14.59375,4.8042273301066645e-05,1,M O C,M,True,True,9.536738616588991e-07,-0.361328125,0.41063809394836426,False,0.5287148356437683
train-005516-e9fcb22782d02811,12,2,train,16860546987736442897,pointer,J,Z,Z,True,U,False,False,4.6491513785440475e-06,12.5,-15.125,12.5,6.60655037462086e-05,1,Z X U,Z,True,True,2.9802276912960224e-06,-0.314453125,0.42202815413475037,False,0.5482301115989685
train-005516-e9fcb22782d02811,12,3,train,16860546987736442897,pointer,J,K,K,True,U,False,False,9.059865078597795e-06,13.375,-14.375,13.375,0.0001387006828868626,1,K R L,K,True,True,0.00018737945356406271,0.03369140625,0.5084220767021179,False,0.7101348042488098
train-005516-e9fcb22782d02811,12,4,train,16860546987736442897,pointer,J,P,P,True,U,False,False,0.00012158608296886086,9.9375,-13.78125,9.9375,0.0014975425865267266,1,P M G,P,True,True,0.0006335158832371235,0.1689453125,0.5421361327171326,False,0.7811834216117859
train-005516-e9fcb22782d02811,12,5,train,16860546987736442897,pointer,J,G,G,True,U,False,False,0.0006491222884505987,9.375,-11.0,9.375,0.00727400056428252,1,G F C,G,True,True,0.0003816353273577988,0.515625,0.6261242032051086,False,0.983831524848938
train-005516-e9fcb22782d02811,12,6,train,16860546987736442897,pointer,J,Y,Y,True,U,False,False,0.0003337303060106933,9.625,-10.75,9.625,0.0039012599925194584,1,Y O Z,Y,True,True,0.0001720042055239901,0.6484375,0.6566582322120667,False,1.0690290927886963
train-005516-e9fcb22782d02811,12,7,train,16860546987736442897,pointer,J,W,W,True,U,False,False,0.00034254882484674454,9.75,-13.71875,9.75,0.00399748145814846,1,W V X,W,True,True,0.00027247529942542315,0.86328125,0.703345775604248,False,1.2151880264282227
train-005516-e9fcb22782d02811,12,8,train,16860546987736442897,pointer,J,X,X,True,U,False,False,0.0004714807728305459,9.625,-11.46875,9.625,0.005472896819503229,1,X S D,X,True,True,0.016239624470472336,1.0625,0.7431680560112,False,1.3593331575393677
train-005516-e9fcb22782d02811,12,9,train,16860546987736442897,pointer,J,F,F,True,U,False,False,0.0005957497633062303,8.875,-10.6875,8.875,0.006665681939945799,1,F T J,F,True,True,0.00021753329201601446,1.203125,0.7690802216529846,False,1.4656848907470703
train-005516-e9fcb22782d02811,12,10,train,16860546987736442897,pointer,J,S,S,True,U,False,False,0.0004683827864937484,9.25,-10.25,9.25,0.005316252634859945,1,S T R,S,True,True,0.0007845661020837724,1.2109375,0.7704647779464722,False,1.4716987609863281
train-005516-e9fcb22782d02811,12,11,train,16860546987736442897,pointer,J,L,L,True,U,False,False,0.00019107422849629074,10.25,-11.375,10.25,0.0023649263509400264,1,L D V,L,True,True,0.0001778444420779124,1.2109375,0.7704647779464722,False,1.4716987609863281
train-005516-e9fcb22782d02811,12,12,train,16860546987736442897,pointer,J,U,U,True,U,True,False,2.455681169521995e-05,12.4375,12.4375,12.4375,0.00034990109904915056,1,U V A,U,True,True,0.0004663571889977902,1.1328125,0.7563575506210327,True,0.27924108505249023
train-023310-77aa2a9eabeba03a,1,1,train,8622751297531781178,pointer,V,I,I,True,I,True,False,2.861018856492592e-06,14.0625,14.0625,14.0625,4.6703193487709765e-05,1,I R M,I,True,True,7.510157047363464e-06,0.1650390625,0.541166365146637,True,0.6140285730361938
train-023310-77aa2a9eabeba03a,1,2,train,8622751297531781178,pointer,V,E,,,I,False,True,,,-16.15625,14.4375,2.8476589733641783e-05,,E C D,E,,True,,0.0146484375,0.5036620497703552,,
train-023310-77aa2a9eabeba03a,1,3,train,8622751297531781178,pointer,V,R,,,I,False,True,,,-15.0,12.5625,0.00027765035465447007,,R Q T,R,,True,,0.267578125,0.5664982199668884,,
train-023310-77aa2a9eabeba03a,1,4,train,8622751297531781178,pointer,V,L,,,I,False,True,,,-14.40625,11.5,0.000707362026343036,,L D M,L,,True,,0.5234375,0.6279512047767639,,
train-023310-77aa2a9eabeba03a,1,5,train,8622751297531781178,pointer,V,Z,,,I,False,True,,,-13.40625,9.1875,0.0045694393435458175,,Z X R,Z,,True,,0.7421875,0.6774740219116211,,
train-023310-77aa2a9eabeba03a,1,6,train,8622751297531781178,pointer,V,A,,,I,False,True,,,-14.125,10.6875,0.0013589086610356139,,A B N,A,,True,,0.84375,0.6992544531822205,,
train-023310-77aa2a9eabeba03a,1,7,train,8622751297531781178,pointer,V,D,,,I,False,True,,,-10.375,8.8125,0.010607825396611982,,D C E,D,,True,,0.96875,0.7248703241348267,,
train-023310-77aa2a9eabeba03a,1,8,train,8622751297531781178,pointer,V,H,,,I,False,True,,,-11.4375,10.25,0.002346233013516976,,H L X,H,,True,,0.99609375,0.730289876461029,,
train-023310-77aa2a9eabeba03a,1,9,train,8622751297531781178,pointer,V,C,,,I,False,True,,,-13.8125,9.8125,0.002178815092365488,,C D B,C,,True,,1.0625,0.7431680560112,,
train-023310-77aa2a9eabeba03a,1,10,train,8622751297531781178,pointer,V,Y,,,I,False,True,,,-12.0625,10.0,0.0025572899301140517,,Y L A,Y,,True,,1.0546875,0.74167400598526,,
train-023310-77aa2a9eabeba03a,1,11,train,8622751297531781178,pointer,V,K,,,I,False,True,,,-13.875,11.1875,0.0006283679158311552,,K W F,K,,True,,1.0078125,0.7325918078422546,,
train-023310-77aa2a9eabeba03a,1,12,train,8622751297531781178,pointer,V,W,,,I,False,True,,,-13.21875,10.0625,0.002265727994336497,,W M V,W,,True,,1.03125,0.7371581792831421,,
train-022978-13ba08dce2929565,2,1,train,1421458377175897445,pointer,R,B,B,True,S,False,False,8.344646857949556e-07,14.3125,-19.390625,14.3125,1.4326961356697096e-05,1,B C R,B,True,True,1.0728830375228426e-06,-0.419921875,0.3965354859828949,False,0.5050680041313171
train-022978-13ba08dce2929565,2,2,train,1421458377175897445,pointer,R,S,S,True,S,True,False,2.0265558760002023e-06,14.4375,14.4375,14.4375,3.2467981330372105e-05,1,S T R,S,True,True,2.264974000354414e-06,-0.314453125,0.42202815413475037,True,0.8626832365989685
train-022978-13ba08dce2929565,2,3,train,1421458377175897445,pointer,R,M,,,S,False,True,,,-10.875,10.875,0.0010328583647806,,M S N,M,,True,,0.07275390625,0.5181804895401001,,
train-022978-13ba08dce2929565,2,4,train,1421458377175897445,pointer,R,R,,,S,False,True,,,-10.75,10.5625,0.0028506785951034584,,R C D,R,,True,,0.421875,0.6039317846298218,,
train-022978-13ba08dce2929565,2,5,train,1421458377175897445,pointer,R,B,,,S,False,True,,,-12.5625,10.8125,0.0006357663385238052,,B C D,B,,True,,0.578125,0.6406359076499939,,
train-022978-13ba08dce2929565,2,6,train,1421458377175897445,pointer,R,S,,,S,True,True,,,9.5,9.5,0.00416952563131459,,S R T,S,,True,,0.80078125,0.6901415586471558,,
train-022978-13ba08dce2929565,2,7,train,1421458377175897445,pointer,R,M,,,S,False,True,,,-8.1875,8.1875,0.010449235758860637,,M S N,M,,True,,0.9375,0.7185943722724915,,
train-022978-13ba08dce2929565,2,8,train,1421458377175897445,pointer,R,R,,,S,False,True,,,-10.1875,10.125,0.004430669680929354,,R C D,R,,True,,1.0625,0.7431680560112,,
train-022978-13ba08dce2929565,2,9,train,1421458377175897445,pointer,R,B,,,S,False,True,,,-12.5625,10.8125,0.0006386773146697299,,B C D,B,,True,,1.015625,0.7341195344924927,,
train-022978-13ba08dce2929565,2,10,train,1421458377175897445,pointer,R,S,,,S,True,True,,,9.5,9.5,0.00413661359785095,,S R T,S,,True,,1.1015625,0.7505527138710022,,
train-022978-13ba08dce2929565,2,11,train,1421458377175897445,pointer,R,M,,,S,False,True,,,-8.1875,8.1875,0.010591392226823046,,M S N,M,,True,,1.1328125,0.7563575506210327,,
train-022978-13ba08dce2929565,2,12,train,1421458377175897445,pointer,R,R,,,S,False,True,,,-10.125,10.0,0.004903982338517212,,R D C,R,,True,,1.1875,0.7662936449050903,,
train-027047-98f17e966822d0ca,3,1,train,11020728947609620682,pointer,D,C,C,True,R,False,False,1.7523612768854946e-05,11.625,-13.6875,11.625,0.00024108550590323116,1,C A D,C,True,True,-0.0,-0.251953125,0.4373428225517273,False,0.5750848054885864
train-027047-98f17e966822d0ca,3,2,train,11020728947609620682,pointer,D,E,E,True,R,False,False,1.2874520507466514e-05,12.125,-15.09375,12.125,0.00018096284091541297,1,E D C,E,True,True,3.4570634852570947e-06,-0.28125,0.43014734983444214,False,0.5623774528503418
train-027047-98f17e966822d0ca,3,3,train,11020728947609620682,pointer,D,R,R,True,R,True,False,6.0437283536884934e-05,11.375,11.375,11.375,0.0008112973373859994,1,R T Q,R,True,True,0.0004266782198101282,0.053955078125,0.5134854912757874,True,0.6665334701538086
train-027047-98f17e966822d0ca,3,4,train,11020728947609620682,pointer,D,C,,,R,False,True,,,-13.875,10.6875,0.0014001138850328774,,C D E,C,,True,,0.40625,0.6001883149147034,,
train-027047-98f17e966822d0ca,3,5,train,11020728947609620682,pointer,D,E,,,R,False,True,,,-11.0,9.6875,0.003333248880747369,,E D A,E,,True,,0.66796875,0.6610482335090637,,
train-027047-98f17e966822d0ca,3,6,train,11020728947609620682,pointer,D,R,,,R,True,True,,,9.5,9.5,0.006036601372916164,,R T P,R,,True,,0.84765625,0.7000752091407776,,
train-027047-98f17e966822d0ca,3,7,train,11020728947609620682,pointer,D,C,,,R,False,True,,,-13.15625,10.0625,0.0024515269774243774,,C D E,C,,True,,0.98828125,0.7287483215332031,,
train-027047-98f17e966822d0ca,3,8,train,11020728947609620682,pointer,D,E,,,R,False,True,,,-10.8125,9.5,0.003919267378410744,,E D A,E,,True,,1.0859375,0.7476159334182739,,
train-027047-98f17e966822d0ca,3,9,train,11020728947609620682,pointer,D,R,,,R,True,True,,,9.375,9.375,0.00668227714547788,,R T P,R,,True,,1.125,0.7549149990081787,,
train-027047-98f17e966822d0ca,3,10,train,11020728947609620682,pointer,D,C,,,R,False,True,,,-13.125,10.0,0.0025445724261076857,,C D E,C,,True,,1.171875,0.7634837031364441,,
train-027047-98f17e966822d0ca,3,11,train,11020728947609620682,pointer,D,E,,,R,False,True,,,-10.8125,9.5,0.003944485437092253,,E D A,E,,True,,1.203125,0.7690802216529846,,
train-027047-98f17e966822d0ca,3,12,train,11020728947609620682,pointer,D,R,,,R,True,True,,,9.375,9.375,0.006588998029236039,,R T P,R,,True,,1.203125,0.7690802216529846,,
train-025995-6972db8fde5b4f70,4,1,train,7598376932284780400,pointer,F,A,A,True,R,False,False,4.768370445162873e-07,15.703125,-18.89453125,15.703125,7.978799033484792e-06,1,A B I,A,True,True,2.264974000354414e-06,-0.388671875,0.4040370583534241,False,0.5175768136978149
train-025995-6972db8fde5b4f70,4,2,train,7598376932284780400,pointer,F,H,H,True,R,False,False,1.6212332411669195e-05,12.375,-16.40625,12.375,0.00023335531929335654,1,H I O,H,True,True,2.7418097943154862e-06,-0.375,0.4073334038257599,False,0.5231232643127441
train-025995-6972db8fde5b4f70,4,3,train,7598376932284780400,pointer,F,N,N,True,R,False,False,1.883488948806189e-05,12.25,-13.75,12.25,0.00027382823813159647,1,N O M,N,True,True,0.0004015354788862169,-0.0322265625,0.4919440448284149,False,0.6771637201309204
train-025995-6972db8fde5b4f70,4,4,train,7598376932284780400,pointer,F,R,R,True,R,True,False,9.536288416711614e-05,11.125,11.125,11.125,0.0012487017650874993,1,R D C,R,True,True,0.0005931286723352969,0.318359375,0.5789243578910828,True,0.5465834140777588
train-025995-6972db8fde5b4f70,4,5,train,7598376932284780400,pointer,F,N,,,R,False,True,,,-14.59375,10.4375,0.0022948628437543445,,N O M,N,,True,,0.419921875,0.6034645438194275,,
train-025995-6972db8fde5b4f70,4,6,train,7598376932284780400,pointer,F,R,,,R,True,True,,,11.375,11.375,0.0012393217382777944,,R D Q,R,,True,,0.6484375,0.6566582322120667,,
train-025995-6972db8fde5b4f70,4,7,train,7598376932284780400,pointer,F,N,,,R,False,True,,,-14.09375,10.3125,0.002725142074842379,,N M O,N,,True,,0.6640625,0.6601723432540894,,
train-025995-6972db8fde5b4f70,4,8,train,7598376932284780400,pointer,F,R,,,R,True,True,,,11.3125,11.3125,0.0013136528330999803,,R D Q,R,,True,,0.83203125,0.696784257888794,,
train-025995-6972db8fde5b4f70,4,9,train,7598376932284780400,pointer,F,N,,,R,False,True,,,-14.1875,10.375,0.002594480600969233,,N M O,N,,True,,0.7890625,0.6876299977302551,,
train-025995-6972db8fde5b4f70,4,10,train,7598376932284780400,pointer,F,R,,,R,True,True,,,11.3125,11.3125,0.001325265923348841,,R D Q,R,,True,,0.91796875,0.7146279811859131,,
train-025995-6972db8fde5b4f70,4,11,train,7598376932284780400,pointer,F,N,,,R,False,True,,,-14.125,10.3125,0.002697828881038096,,N M O,N,,True,,0.84765625,0.7000752091407776,,
train-025995-6972db8fde5b4f70,4,12,train,7598376932284780400,pointer,F,R,,,R,True,True,,,11.375,11.375,0.0012867471738920871,,R D Q,R,,True,,0.95703125,0.722527027130127,,
train-030946-0b1c810a2e9eca08,5,1,train,800656714496920072,pointer,F,H,H,True,Z,False,False,1.7881377516459906e-06,14.40625,-19.0576171875,14.40625,3.1767231757993075e-05,1,H M A,H,True,True,2.3841855067985307e-07,-0.375,0.4073334038257599,False,0.5231232643127441
train-030946-0b1c810a2e9eca08,5,2,train,800656714496920072,pointer,F,O,O,True,Z,False,False,5.960462772236497e-07,15.75,-20.5625,15.75,1.2924723707237964e-05,1,O P Q,O,True,True,1.823885577323381e-05,-0.310546875,0.42298123240470886,False,0.5498805046081543
train-030946-0b1c810a2e9eca08,5,3,train,800656714496920072,pointer,F,N,N,True,Z,False,False,4.351044481154531e-05,11.875,-12.75,11.875,0.0006024390229326546,1,N M T,N,True,True,0.00724628334864974,0.0439453125,0.5109845995903015,False,0.7153612375259399
train-030946-0b1c810a2e9eca08,5,4,train,800656714496920072,pointer,F,M,M,True,Z,False,False,0.0014286560472100973,8.75,-9.9375,8.75,0.015010965689291625,1,M N D,M,True,True,0.0006547214579768479,0.3984375,0.5983121991157532,False,0.9120801091194153
train-030946-0b1c810a2e9eca08,5,5,train,800656714496920072,pointer,F,Z,Z,True,Z,True,False,0.00016735584358684719,10.375,10.375,10.375,0.0020719252305583715,1,Z X U,Z,True,True,0.0032447329722344875,0.625,0.6513549089431763,True,0.42870068550109863
train-030946-0b1c810a2e9eca08,5,6,train,800656714496920072,pointer,F,G,,,Z,False,True,,,-11.4375,9.625,0.0049899813534187865,,G U W,G,,True,,0.859375,0.7025300860404968,,
train-030946-0b1c810a2e9eca08,5,7,train,800656714496920072,pointer,F,W,,,Z,False,True,,,-10.5625,10.0625,0.002678993672499786,,W V S,W,,True,,0.9609375,0.7233095169067383,,
train-030946-0b1c810a2e9eca08,5,8,train,800656714496920072,pointer,F,X,,,Z,False,True,,,-11.875,10.625,0.0019683726024010834,,X L E,X,,True,,1.0625,0.7431680560112,,
train-030946-0b1c810a2e9eca08,5,9,train,800656714496920072,pointer,F,V,,,Z,False,True,,,-9.375,8.0625,0.01576963076952589,,V F I,V,,True,,1.1640625,0.7620701193809509,,
train-030946-0b1c810a2e9eca08,5,10,train,800656714496920072,pointer,F,J,,,Z,False,True,,,-12.8125,10.5,0.002619354820936988,,J T U,J,,True,,1.1484375,0.7592254281044006,,
train-030946-0b1c810a2e9eca08,5,11,train,800656714496920072,pointer,F,T,,,Z,False,True,,,-11.5,9.0625,0.010354500978288954,,T D S,T,,True,,1.171875,0.7634837031364441,,
train-030946-0b1c810a2e9eca08,5,12,train,800656714496920072,pointer,F,P,,,Z,False,True,,,-13.53125,9.875,0.002729274558720906,,P M A,P,,True,,1.1328125,0.7563575506210327,,
train-018032-ffcd7200291d2b07,6,1,train,18432514194912652039,pointer,L,O,O,True,E,False,False,1.311301275563892e-06,14.28125,-17.5390625,14.28125,2.116511881663132e-05,1,O A P,O,True,True,1.7881377516459906e-06,-0.484375,0.3812195360660553,False,0.48000478744506836
train-018032-ffcd7200291d2b07,6,2,train,18432514194912652039,pointer,L,H,H,True,E,False,False,5.006777428206988e-06,13.3125,-18.40625,13.3125,7.821214820056378e-05,1,H O I,H,True,True,5.245195097813848e-06,-0.43359375,0.39326852560043335,False,0.4996689558029175
train-018032-ffcd7200291d2b07,6,3,train,18432514194912652039,pointer,L,K,K,True,E,False,False,6.913899414939806e-05,10.125,-15.59375,10.125,0.0008583459835744025,1,K R L,K,True,True,0.0002320735511602834,-0.0712890625,0.4821852743625641,False,0.6581377983093262
train-018032-ffcd7200291d2b07,6,4,train,18432514194912652039,pointer,L,A,A,True,E,False,False,8.380061626667157e-05,11.1875,-12.40625,11.1875,0.0010994084958678451,1,A U N,A,True,True,0.00018034738604910672,0.2060546875,0.5513321757316589,False,0.8014724850654602
train-018032-ffcd7200291d2b07,6,5,train,18432514194912652039,pointer,L,N,N,True,E,False,False,0.0001433984871255234,10.125,-13.78125,10.125,0.0017443652115799275,1,N A O,N,True,True,0.0010518262861296535,0.412109375,0.601593554019928,False,0.9202826023101807
train-018032-ffcd7200291d2b07,6,6,train,18432514194912652039,pointer,L,E,E,True,E,True,False,0.00010859376925509423,10.5625,10.5625,10.5625,0.001365807243206456,1,E D A,E,True,True,0.0014696045545861125,0.5625,0.6370307803153992,True,0.45093727111816406
train-018032-ffcd7200291d2b07,6,7,train,18432514194912652039,pointer,L,T,,,E,False,True,,,-13.53125,9.5625,0.0034149009349852192,,T Q S,T,,True,,0.68359375,0.6645402908325195,,
train-018032-ffcd7200291d2b07,6,8,train,18432514194912652039,pointer,L,B,,,E,False,True,,,-11.15625,4.9375,0.0477874063440441,,B M C,M,,False,,0.8828125,0.7074047327041626,,
train-018032-ffcd7200291d2b07,6,9,train,18432514194912652039,pointer,L,Z,,,E,False,True,,,-13.90625,10.0,0.003759220946537086,,Z X R,Z,,True,,1.1015625,0.7505527138710022,,
train-018032-ffcd7200291d2b07,6,10,train,18432514194912652039,pointer,L,C,,,E,False,True,,,-13.21875,10.5625,0.0023433737817997284,,C D B,C,,True,,1.1328125,0.7563575506210327,,
train-018032-ffcd7200291d2b07,6,11,train,18432514194912652039,pointer,L,W,,,E,False,True,,,-9.75,8.625,0.014108372920082393,,W A V,W,,True,,1.203125,0.7690802216529846,,
train-018032-ffcd7200291d2b07,6,12,train,18432514194912652039,pointer,L,I,,,E,False,True,,,-10.875,7.5625,0.015884856273472008,,I M P,I,,True,,1.21875,0.7718434929847717,,
train-035304-861d797911c2a0e4,8,1,train,9664013936302924004,pointer,B,J,J,True,B,False,False,4.768370445162873e-07,16.15625,-16.15625,16.15625,8.200459650261805e-06,1,J B K,J,True,True,1.7881377516459906e-06,-0.55859375,0.3638729155063629,False,0.45235681533813477
train-035304-861d797911c2a0e4,8,2,train,9664013936302924004,pointer,B,B,B,True,B,True,False,9.536738616588991e-07,13.875,13.875,13.875,1.6020962377743898e-05,1,B C A,B,True,True,4.768360213347478e-06,-0.52734375,0.3711366057395935,False,0.4638412594795227
train-035304-861d797911c2a0e4,8,3,train,9664013936302924004,pointer,B,J,J,True,B,False,False,5.602820692729438e-06,13.3125,-13.875,13.3125,8.712880016088567e-05,1,J K B,J,True,True,0.00043072958942502737,-0.0830078125,0.4792599678039551,False,0.6525043249130249
train-035304-861d797911c2a0e4,8,4,train,9664013936302924004,pointer,B,B,B,True,B,True,False,5.519237674889155e-05,10.125,10.125,10.125,0.0006668896945899254,1,B C K,B,True,True,0.0025918246246874332,0.1787109375,0.5445592403411865,False,0.7864895462989807
train-035304-861d797911c2a0e4,8,5,train,9664013936302924004,pointer,B,J,J,True,B,False,False,0.00015436411194968969,9.8125,-10.6875,9.8125,0.001876896844208646,1,J K B,J,True,True,0.0008856903295964003,0.5078125,0.6242935657501221,False,0.9789471626281738
train-035304-861d797911c2a0e4,8,6,train,9664013936302924004,pointer,B,B,B,True,B,True,False,0.00010585224663373083,9.4375,9.4375,9.4375,0.0012044271446259853,1,B C K,B,True,True,0.0050131576135754585,0.6328125,0.6531268954277039,False,1.0587962865829468
train-035304-861d797911c2a0e4,8,7,train,9664013936302924004,pointer,B,J,J,True,B,False,False,0.0001928620331455022,9.5625,-10.5,9.5625,0.002299353489691675,1,J K B,J,True,True,0.0009597701136954129,0.83203125,0.696784257888794,False,1.1933107376098633
train-035304-861d797911c2a0e4,8,8,train,9664013936302924004,pointer,B,B,B,True,B,True,False,0.00011681827891152352,9.3125,9.3125,9.3125,0.001306956585581064,1,B C K,B,True,True,0.005895368754863739,0.85546875,0.7017130851745605,True,0.354230672121048
train-035304-861d797911c2a0e4,8,9,train,9664013936302924004,pointer,B,J,,,B,False,True,,,-10.5,9.5625,0.0023008091257221515,,J K B,J,,True,,0.98046875,0.7272012233734131,,
train-035304-861d797911c2a0e4,8,10,train,9664013936302924004,pointer,B,B,,,B,True,True,,,9.3125,9.3125,0.0013178854715068479,,B C K,B,,True,,0.953125,0.7217432260513306,,
train-035304-861d797911c2a0e4,8,11,train,9664013936302924004,pointer,B,J,,,B,False,True,,,-10.5625,9.5625,0.0022580999076837575,,J K B,J,,True,,1.046875,0.740174412727356,,
train-035304-861d797911c2a0e4,8,12,train,9664013936302924004,pointer,B,B,,,B,True,True,,,9.375,9.375,0.0012561009925554966,,B C K,B,,True,,1.0,0.7310585975646973,,
train-026224-313af4c6f8dc8c97,10,1,train,3547416791923592343,pointer,Q,W,W,True,Q,False,False,7.152531907195225e-06,12.5,-17.87109375,12.5,0.00010427781968241406,1,W V A,W,True,True,1.5497195136049413e-06,-0.330078125,0.4182216227054596,False,0.5416656732559204
train-026224-313af4c6f8dc8c97,10,2,train,3547416791923592343,pointer,Q,Z,Z,True,Q,False,False,1.3232143828645349e-05,11.5,-15.53125,11.5,0.00017464986996015475,1,Z X U,Z,True,True,7.390948667307384e-06,-0.240234375,0.4402286112308502,False,0.5802267789840698
train-026224-313af4c6f8dc8c97,10,3,train,3547416791923592343,pointer,Q,T,T,True,Q,False,False,1.8358061424805783e-05,12.625,-15.25,12.625,0.0002695512732376459,1,T R P,T,True,True,0.0004291805380489677,0.07421875,0.5185461640357971,False,0.7309449315071106
train-026224-313af4c6f8dc8c97,10,4,train,3547416791923592343,pointer,Q,L,L,True,Q,False,False,0.00013469743134919554,11.0,-11.875,11.0,0.0017327564877318493,1,L N D,L,True,True,0.0002536452084314078,0.443359375,0.60905921459198,False,0.9391991496086121
train-026224-313af4c6f8dc8c97,10,5,train,3547416791923592343,pointer,Q,Q,Q,True,Q,True,False,0.00014482879487331957,10.5,10.5,10.5,0.0018174998898126385,1,Q R L,Q,True,True,0.003427585121244192,0.68359375,0.6645402908325195,False,1.0922534465789795
train-026224-313af4c6f8dc8c97,10,6,train,3547416791923592343,pointer,Q,W,W,True,Q,False,False,0.0006361367995850742,8.75,-9.875,8.75,0.007016877108985514,1,W X D,W,True,True,0.00013267113536130637,0.8828125,0.7074047327041626,False,1.2289648056030273
train-026224-313af4c6f8dc8c97,10,7,train,3547416791923592343,pointer,Q,Z,Z,True,Q,False,False,4.470248313737102e-05,11.625,-12.0,11.625,0.0006158617115915147,1,Z X Q,Z,True,True,0.0045209103263914585,1.015625,0.7341195344924927,False,1.3247084617614746
train-026224-313af4c6f8dc8c97,10,8,train,3547416791923592343,pointer,Q,T,T,True,Q,False,False,0.00035494225448928773,9.6875,-11.75,9.6875,0.00416724817133248,1,T S R,T,True,True,0.0003962923656217754,1.03125,0.7371581792831421,False,1.33620285987854
train-026224-313af4c6f8dc8c97,10,9,train,3547416791923592343,pointer,Q,L,L,True,Q,False,False,0.00021741411183029413,10.5625,-11.5,10.5625,0.002695782568092721,1,L D N,L,True,True,0.00041345154750160873,1.1171875,0.7534666657447815,False,1.4002580642700195
train-026224-313af4c6f8dc8c97,10,10,train,3547416791923592343,pointer,Q,Q,Q,True,Q,True,False,0.0001559135998832062,10.4375,10.4375,10.4375,0.0019472808507426248,1,Q R L,Q,True,True,0.004119245335459709,1.15625,0.7606506943702698,True,0.2735810875892639
train-026224-313af4c6f8dc8c97,10,11,train,3547416791923592343,pointer,Q,W,,,Q,False,True,,,-9.9375,8.9375,0.006041007640452528,,W X Q,W,,True,,1.203125,0.7690802216529846,,
train-026224-313af4c6f8dc8c97,10,12,train,3547416791923592343,pointer,Q,Z,,,Q,False,True,,,-11.9375,11.625,0.0006258591733986133,,Z X Q,Z,,True,,1.2265625,0.7732163667678833,,
train-026081-f3d0094b2f6203a7,12,1,train,17568552364894454695,pointer,F,N,N,True,G,False,False,3.099436753473128e-06,13.875,-17.3125,13.875,4.898113947008869e-05,1,N M Q,N,True,True,1.4305104514278355e-06,-0.40625,0.39981165528297424,False,0.5105117559432983
train-026081-f3d0094b2f6203a7,12,2,train,17568552364894454695,pointer,F,D,D,True,G,False,False,1.168244216387393e-05,11.9375,-15.84375,11.9375,0.00016557314992834233,1,D C B,D,True,True,8.666139910928905e-05,-0.400390625,0.4012185037136078,False,0.512858510017395
train-026081-f3d0094b2f6203a7,12,3,train,17568552364894454695,pointer,F,S,S,True,G,False,False,6.854299135738984e-05,10.875,-14.09375,10.875,0.0009039523504004388,1,S R T,S,True,True,6.270212179515511e-05,-0.052734375,0.48681944608688354,False,0.6671276092529297
train-026081-f3d0094b2f6203a7,12,4,train,17568552364894454695,pointer,F,X,X,True,G,False,False,0.0004223884898237884,9.0,-11.75,9.0,0.004851613052932808,1,X S A,X,True,True,0.0030291646253317595,0.271484375,0.5674572587013245,False,0.8380742073059082
train-026081-f3d0094b2f6203a7,12,5,train,17568552364894454695,pointer,F,G,G,True,G,True,False,0.000311802898067981,9.9375,9.9375,9.9375,0.003720502907281443,1,G K W,G,True,True,0.0016021999763324857,0.62109375,0.6504672765731812,False,1.05115807056427
train-026081-f3d0094b2f6203a7,12,6,train,17568552364894454695,pointer,F,C,C,True,G,False,False,0.00041559641249477863,8.6875,-12.21875,8.6875,0.0046145788749935,1,C S L,C,True,True,0.000615407363511622,0.80859375,0.6918097138404846,False,1.1770379543304443
train-026081-f3d0094b2f6203a7,12,7,train,17568552364894454695,pointer,F,M,M,True,G,False,False,0.0009600082994438708,8.625,-11.125,8.625,0.010189306165413704,1,M S D,M,True,True,0.0008033862104639411,0.9140625,0.7138307690620422,False,1.2511719465255737
train-026081-f3d0094b2f6203a7,12,8,train,17568552364894454695,pointer,F,N,N,True,G,False,False,0.0001728385395836085,9.875,-12.84375,9.875,0.0021217624225308845,1,N M O,N,True,True,0.0028525397647172213,0.98828125,0.7287483215332031,False,1.3047081232070923
train-026081-f3d0094b2f6203a7,12,9,train,17568552364894454695,pointer,F,D,D,True,G,False,False,0.00023100091493688524,9.6875,-12.5,9.6875,0.0027550310222052153,1,D B C,D,True,True,0.00044264530879445374,1.0625,0.7431680560112,False,1.3593331575393677
train-026081-f3d0094b2f6203a7,12,10,train,17568552364894454695,pointer,F,S,S,True,G,False,False,0.0004563482361845672,9.5625,-11.8125,9.5625,0.005274570377800522,1,S R T,S,True,True,5.245071224635467e-05,1.0625,0.7431680560112,False,1.3593331575393677
train-026081-f3d0094b2f6203a7,12,11,train,17568552364894454695,pointer,F,X,X,True,G,False,False,0.0005849081207998097,8.6875,-11.5,8.6875,0.00653875644682855,1,X S A,X,True,True,0.0036004262510687113,1.0625,0.7431680560112,False,1.3593331575393677
train-026081-f3d0094b2f6203a7,12,12,train,17568552364894454695,pointer,F,G,G,True,G,True,False,0.00034374051028862596,9.875,9.875,9.875,0.004070667072963811,1,G K W,G,True,True,0.0022129351273179054,1.15625,0.7606506943702698,True,0.2735810875892639
train-031041-98064af06d1fae93,1,1,train,10954525540108709523,pointer,K,C,C,True,C,True,False,6.556489552167477e-06,13.1875,13.1875,13.1875,9.650473076153384e-05,1,C A D,C,True,True,1.1920928244535389e-07,0.15234375,0.5380124449729919,True,0.619873583316803
train-031041-98064af06d1fae93,1,2,train,10954525540108709523,pointer,K,Q,,,C,False,True,,,-14.9375,11.625,0.00013878355231215417,,Q K O,Q,,True,,-0.0260009765625,0.49350014328956604,,
train-031041-98064af06d1fae93,1,3,train,10954525540108709523,pointer,K,K,,,C,False,True,,,-14.25,12.25,0.00014430302426162,,K Q R,K,,True,,0.1943359375,0.5484316945075989,,
train-031041-98064af06d1fae93,1,4,train,10954525540108709523,pointer,K,C,,,C,True,True,,,12.1875,12.1875,0.0003007695508933006,,C D S,C,,True,,0.470703125,0.61555016040802,,
train-031041-98064af06d1fae93,1,5,train,10954525540108709523,pointer,K,Q,,,C,False,True,,,-11.5625,9.8125,0.002646672140005787,,Q K O,Q,,True,,0.640625,0.6548947095870972,,
train-031041-98064af06d1fae93,1,6,train,10954525540108709523,pointer,K,K,,,C,False,True,,,-11.5625,10.0,0.001414746878683147,,K Q C,K,,True,,0.74609375,0.6783269643783569,,
train-031041-98064af06d1fae93,1,7,train,10954525540108709523,pointer,K,C,,,C,True,True,,,11.6875,11.6875,0.00046643488012589274,,C D S,C,,True,,0.87890625,0.7065955400466919,,
train-031041-98064af06d1fae93,1,8,train,10954525540108709523,pointer,K,Q,,,C,False,True,,,-11.5,9.8125,0.002756230930323062,,Q K O,Q,,True,,0.9453125,0.7201715111732483,,
train-031041-98064af06d1fae93,1,9,train,10954525540108709523,pointer,K,K,,,C,False,True,,,-11.5,9.9375,0.0014765912484459394,,K Q C,K,,True,,0.953125,0.7217432260513306,,
train-031041-98064af06d1fae93,1,10,train,10954525540108709523,pointer,K,C,,,C,True,True,,,11.75,11.75,0.0004436889028107243,,C D S,C,,True,,1.015625,0.7341195344924927,,
train-031041-98064af06d1fae93,1,11,train,10954525540108709523,pointer,K,Q,,,C,False,True,,,-11.5,9.8125,0.0027236871767759912,,Q K O,Q,,True,,1.0390625,0.7386690378189087,,
train-031041-98064af06d1fae93,1,12,train,10954525540108709523,pointer,K,K,,,C,False,True,,,-11.5,10.0,0.0014475611547299912,,K Q C,K,,True,,1.015625,0.7341195344924927,,
train-012970-ffb20a14f8264d55,2,1,train,18424800110705003861,pointer,C,D,D,True,J,False,False,9.536738616588991e-07,14.84375,-16.3125,14.84375,1.6669615382427327e-05,1,D C I,D,True,True,1.0013530300057027e-05,-0.2890625,0.42823341488838196,False,0.5590243935585022
train-012970-ffb20a14f8264d55,2,2,train,18424800110705003861,pointer,C,J,J,True,J,True,False,3.2186455882765586e-06,13.75,13.75,13.75,4.959725689633008e-05,1,J D C,J,True,True,9.536697689327411e-06,-0.326171875,0.41917234659194946,True,0.8694730997085571
train-012970-ffb20a14f8264d55,2,3,train,18424800110705003861,pointer,C,H,,,J,False,True,,,-14.3125,11.5625,0.0007985733882744123,,H X M,H,,True,,0.0206298828125,0.5051572918891907,,
train-012970-ffb20a14f8264d55,2,4,train,18424800110705003861,pointer,C,L,,,J,False,True,,,-13.25,11.25,0.001500693302073947,,L D N,L,,True,,0.390625,0.596433162689209,,
train-012970-ffb20a14f8264d55,2,5,train,18424800110705003861,pointer,C,Y,,,J,False,True,,,-14.25,11.1875,0.0006946310483056681,,Y U A,Y,,True,,0.494140625,0.6210813522338867,,
train-012970-ffb20a14f8264d55,2,6,train,18424800110705003861,pointer,C,B,,,J,False,True,,,-13.34375,9.8125,0.0019331955674583544,,B C A,B,,True,,0.6484375,0.6566582322120667,,
train-012970-ffb20a14f8264d55,2,7,train,18424800110705003861,pointer,C,R,,,J,False,True,,,-11.71875,9.1875,0.0052713839893881904,,R Q C,R,,True,,0.86328125,0.703345775604248,,
train-012970-ffb20a14f8264d55,2,8,train,18424800110705003861,pointer,C,T,,,J,False,True,,,-11.625,9.8125,0.00691157334948888,,T P W,T,,True,,0.90625,0.7122321724891663,,
train-012970-ffb20a14f8264d55,2,9,train,18424800110705003861,pointer,C,W,,,J,False,True,,,-12.28125,9.0,0.006090744167358289,,W V S,W,,True,,1.0703125,0.7446563243865967,,
train-012970-ffb20a14f8264d55,2,10,train,18424800110705003861,pointer,C,F,,,J,False,True,,,-11.3125,10.875,0.00176824040942622,,F T G,F,,True,,1.1796875,0.7648916244506836,,
train-012970-ffb20a14f8264d55,2,11,train,18424800110705003861,pointer,C,A,,,J,False,True,,,-13.65625,9.375,0.004704315915739673,,A L S,A,,True,,1.1484375,0.7592254281044006,,
train-012970-ffb20a14f8264d55,2,12,train,18424800110705003861,pointer,C,C,,,J,False,True,,,-14.40625,10.0625,0.0013043546922350071,,C A D,C,,True,,1.15625,0.7606506943702698,,
train-021881-2be446dd51237528,3,1,train,3162730754683925800,pointer,B,P,P,True,J,False,False,9.536738616588991e-07,15.75,-17.03125,15.75,1.5191159369729008e-05,1,P C M,P,True,True,1.4305104514278355e-06,-0.4140625,0.3979383707046509,False,0.5073955655097961
train-021881-2be446dd51237528,3,2,train,3162730754683925800,pointer,B,S,S,True,J,False,False,1.7881377516459906e-06,14.5,-19.390625,14.5,2.9533582904896033e-05,1,S T V,S,True,True,3.576272320060525e-06,-0.33984375,0.41584745049476624,False,0.5375931262969971
train-021881-2be446dd51237528,3,3,train,3162730754683925800,pointer,B,J,J,True,J,True,False,8.22540732769994e-06,13.875,13.875,13.875,0.00012800452365736687,1,J K U,J,True,True,0.0006070678355172276,-0.0205078125,0.4948732256889343,True,0.7034536600112915
train-021881-2be446dd51237528,3,4,train,3162730754683925800,pointer,B,K,,,J,False,True,,,-12.8125,10.25,0.0012400008430897022,,K R U,K,,True,,0.291015625,0.5722447633743286,,
train-021881-2be446dd51237528,3,5,train,3162730754683925800,pointer,B,R,,,J,False,True,,,-12.78125,10.625,0.001801314521279986,,R Q C,R,,True,,0.5859375,0.642432451248169,,
train-021881-2be446dd51237528,3,6,train,3162730754683925800,pointer,B,L,,,J,False,True,,,-13.1875,11.0,0.0015392411102082431,,L C D,L,,True,,0.796875,0.6893056035041809,,
train-021881-2be446dd51237528,3,7,train,3162730754683925800,pointer,B,B,,,J,False,True,,,-14.71875,10.375,0.0015972941833709321,,B C A,B,,True,,0.9140625,0.7138307690620422,,
train-021881-2be446dd51237528,3,8,train,3162730754683925800,pointer,B,P,,,J,False,True,,,-13.0,10.4375,0.002404464474513268,,P A C,P,,True,,0.9921875,0.729519784450531,,
train-021881-2be446dd51237528,3,9,train,3162730754683925800,pointer,B,S,,,J,False,True,,,-14.28125,10.875,0.0013494126431866959,,S U T,S,,True,,1.03125,0.7371581792831421,,
train-021881-2be446dd51237528,3,10,train,3162730754683925800,pointer,B,J,,,J,True,True,,,9.75,9.75,0.004733286373333133,,J K D,J,,True,,1.046875,0.740174412727356,,
train-021881-2be446dd51237528,3,11,train,3162730754683925800,pointer,B,K,,,J,False,True,,,-12.125,9.75,0.0021658722896872222,,K R U,K,,True,,1.0703125,0.7446563243865967,,
train-021881-2be446dd51237528,3,12,train,3162730754683925800,pointer,B,R,,,J,False,True,,,-12.5625,10.5,0.00214809172969095,,R Q C,R,,True,,1.125,0.7549149990081787,,
train-018354-7a90cb4389406756,4,1,train,8831782360199489366,pointer,F,I,I,True,H,False,False,1.1920922133867862e-06,15.46875,-18.8828125,15.46875,2.2882082295329333e-05,1,I O M,I,True,True,1.4305104514278355e-06,-0.35546875,0.41205689311027527,False,0.5311251282691956
train-018354-7a90cb4389406756,4,2,train,8831782360199489366,pointer,F,N,N,True,H,False,False,2.3841830625315197e-06,14.375,-18.40625,14.375,3.8537535499817504e-05,1,N M O,N,True,True,1.9907753085135482e-05,-0.294921875,0.42679935693740845,False,0.5565193891525269
train-018354-7a90cb4389406756,4,3,train,8831782360199489366,pointer,F,W,W,True,H,False,False,6.6756979322235566e-06,12.9375,-17.8125,12.9375,0.00010170221700824312,1,W X Z,W,True,True,0.001391872181557119,-0.0252685546875,0.49368321895599365,False,0.6805927157402039
train-018354-7a90cb4389406756,4,4,train,8831782360199489366,pointer,F,H,H,True,H,True,False,0.0004667146422434598,9.0625,9.0625,9.0625,0.005293881043296896,1,H L X,H,True,True,0.000854841957334429,0.3828125,0.5945512652397156,True,0.5199483633041382
train-018354-7a90cb4389406756,4,5,train,8831782360199489366,pointer,F,A,,,H,False,True,,,-11.90625,9.625,0.004152598033242939,,A B L,A,,True,,0.546875,0.6334102749824524,,
train-018354-7a90cb4389406756,4,6,train,8831782360199489366,pointer,F,E,,,H,False,True,,,-12.875,9.4375,0.0027447016859624813,,E D A,E,,True,,0.6875,0.665410578250885,,
train-018354-7a90cb4389406756,4,7,train,8831782360199489366,pointer,F,Y,,,H,False,True,,,-14.0,12.0625,0.000628381032014826,,Y A X,Y,,True,,0.83203125,0.696784257888794,,
train-018354-7a90cb4389406756,4,8,train,8831782360199489366,pointer,F,J,,,H,False,True,,,-15.1875,13.0,0.0002599390324037513,,J T Q,J,,True,,0.83984375,0.6984323263168335,,
train-018354-7a90cb4389406756,4,9,train,8831782360199489366,pointer,F,L,,,H,False,True,,,-12.5,10.4375,0.0026794817711757453,,L M N,L,,True,,0.953125,0.7217432260513306,,
train-018354-7a90cb4389406756,4,10,train,8831782360199489366,pointer,F,S,,,H,False,True,,,-12.40625,9.3125,0.005532966570847501,,S R T,S,,True,,1.0078125,0.7325918078422546,,
train-018354-7a90cb4389406756,4,11,train,8831782360199489366,pointer,F,C,,,H,False,True,,,-13.34375,9.5,0.003137730166814187,,C D R,C,,True,,1.0546875,0.74167400598526,,
train-018354-7a90cb4389406756,4,12,train,8831782360199489366,pointer,F,R,,,H,False,True,,,-13.1875,10.25,0.0036377522708323866,,R T D,R,,True,,1.03125,0.7371581792831421,,
train-015907-e7c1df0f00dd6b57,5,1,train,16699874148798524247,pointer,P,Y,Y,True,A,False,False,2.3841855067985307e-07,15.75,-20.0625,15.75,3.883260138664212e-06,1,Y R Q,Y,True,True,4.768370445162873e-07,-0.40234375,0.4007493853569031,False,0.5120753049850464
train-015907-e7c1df0f00dd6b57,5,2,train,16699874148798524247,pointer,P,N,N,True,A,False,False,1.4305104514278355e-06,14.375,-18.875,14.375,2.495892007164727e-05,1,N O M,N,True,True,4.541770613286644e-05,-0.35546875,0.41205689311027527,False,0.5311251282691956
train-015907-e7c1df0f00dd6b57,5,3,train,16699874148798524247,pointer,P,F,F,True,A,False,False,4.100715523236431e-05,11.9375,-13.6875,11.9375,0.0005698608948333622,1,F G N,F,True,True,0.011614561080932617,0.06591796875,0.5164735317230225,False,0.7266492247581482
train-015907-e7c1df0f00dd6b57,5,4,train,16699874148798524247,pointer,P,X,X,True,A,False,False,0.00048756631440483034,9.5625,-9.5625,9.5625,0.005644441538431287,1,X A S,X,True,True,0.0006755692302249372,0.4296875,0.6057990193367004,False,0.9308944344520569
train-015907-e7c1df0f00dd6b57,5,5,train,16699874148798524247,pointer,P,A,A,True,A,True,False,0.00034957972820848227,10.0,10.0,10.0,0.0041346632037940695,1,A E B,A,True,True,0.008516776375472546,0.66015625,0.6592954993247986,True,0.41658341884613037
train-015907-e7c1df0f00dd6b57,5,6,train,16699874148798524247,pointer,P,U,,,A,False,True,,,-8.25,8.25,0.004838459551081627,,U A I,U,,True,,0.765625,0.6825737357139587,,
train-015907-e7c1df0f00dd6b57,5,7,train,16699874148798524247,pointer,P,C,,,A,False,True,,,-9.9375,9.6875,0.006471191412702426,,C F R,C,,True,,0.91796875,0.7146279811859131,,
train-015907-e7c1df0f00dd6b57,5,8,train,16699874148798524247,pointer,P,P,,,A,False,True,,,-9.6875,7.0,0.030749536020699245,,P N F,P,,True,,0.9140625,0.7138307690620422,,
train-015907-e7c1df0f00dd6b57,5,9,train,16699874148798524247,pointer,P,Y,,,A,False,True,,,-9.1875,7.9375,0.017999227679032986,,Y Z O,Y,,True,,1.03125,0.7371581792831421,,
train-015907-e7c1df0f00dd6b57,5,10,train,16699874148798524247,pointer,P,N,,,A,False,True,,,-11.625,9.5625,0.003946987563806877,,N O M,N,,True,,1.03125,0.7371581792831421,,
train-015907-e7c1df0f00dd6b57,5,11,train,16699874148798524247,pointer,P,F,,,A,False,True,,,-11.375,10.3125,0.0029164780728920332,,F T G,F,,True,,1.1171875,0.7534666657447815,,
train-015907-e7c1df0f00dd6b57,5,12,train,16699874148798524247,pointer,P,X,,,A,False,True,,,-9.375,9.375,0.007660368546934276,,X A E,X,,True,,1.1640625,0.7620701193809509,,
train-020372-d4bfc952f0acc23f,6,1,train,15330193014654812735,pointer,P,G,G,True,N,False,False,1.1920928244535389e-07,16.71875,-22.892578125,16.71875,4.148208026236883e-06,1,G C R,G,True,True,8.344646857949556e-07,-0.41015625,0.3988746404647827,False,0.5089517831802368
train-020372-d4bfc952f0acc23f,6,2,train,15330193014654812735,pointer,P,S,S,True,N,False,False,2.145764938177308e-06,14.5625,-18.4375,14.5625,3.4097731855210964e-05,1,S U V,S,True,True,3.814689989667386e-06,-0.302734375,0.4248892068862915,False,0.5531925559043884
train-020372-d4bfc952f0acc23f,6,3,train,15330193014654812735,pointer,P,O,O,True,N,False,False,2.264974000354414e-06,14.125,-14.125,14.125,3.7524609902426985e-05,1,O N P,O,True,True,0.0024261821527034044,-0.041748046875,0.48956453800201416,False,0.6724910140037537
train-020372-d4bfc952f0acc23f,6,4,train,15330193014654812735,pointer,P,J,J,True,N,False,False,0.00012838016846217215,11.0625,-12.9375,11.0625,0.0016541587444888028,1,J U X,J,True,True,0.001649330137297511,0.296875,0.5736784338951111,False,0.8525612950325012
train-020372-d4bfc952f0acc23f,6,5,train,15330193014654812735,pointer,P,H,H,True,N,False,False,0.00026306029758416116,10.3125,-10.875,10.3125,0.0032133161527976885,1,H M X,H,True,True,0.00044228785554878414,0.59375,0.6442250609397888,False,1.0334570407867432
train-020372-d4bfc952f0acc23f,6,6,train,15330193014654812735,pointer,P,N,N,True,N,True,False,7.545663538621739e-05,11.5,11.5,11.5,0.0010063041508873948,1,N Q M,N,True,True,0.0015994624700397253,0.734375,0.6757646203041077,True,0.39191049337387085
train-020372-d4bfc952f0acc23f,6,7,train,15330193014654812735,pointer,P,R,,,N,False,True,,,-11.875,8.625,0.0036567365286418224,,R C D,R,,True,,0.83203125,0.696784257888794,,
train-020372-d4bfc952f0acc23f,6,8,train,15330193014654812735,pointer,P,K,,,N,False,True,,,-9.8125,9.8125,0.004839805619599058,,K D N,K,,True,,0.90625,0.7122321724891663,,
train-020372-d4bfc952f0acc23f,6,9,train,15330193014654812735,pointer,P,Z,,,N,False,True,,,-11.875,10.3125,0.0028576972925829294,,Z X U,Z,,True,,1.0390625,0.7386690378189087,,
train-020372-d4bfc952f0acc23f,6,10,train,15330193014654812735,pointer,P,C,,,N,False,True,,,-9.4375,5.5,0.029909035631074457,,C R N,C,,True,,1.046875,0.740174412727356,,
train-020372-d4bfc952f0acc23f,6,11,train,15330193014654812735,pointer,P,I,,,N,False,True,,,-12.0625,11.5625,0.00118566284723865,,I P S,I,,True,,1.0,0.7310585975646973,,
train-020372-d4bfc952f0acc23f,6,12,train,15330193014654812735,pointer,P,L,,,N,False,True,,,-11.75,9.3125,0.002835961753293016,,L X D,L,,True,,1.0234375,0.735641598701477,,
train-018951-3cc74311f97bca09,8,1,train,4379542907120241161,pointer,B,J,J,True,B,False,False,4.768370445162873e-07,15.78125,-15.78125,15.78125,9.24563652176222e-06,1,J B K,J,True,True,3.576278118089249e-07,-0.57421875,0.36026397347450256,False,0.4466996192932129
train-018951-3cc74311f97bca09,8,2,train,4379542907120241161,pointer,B,B,B,True,B,True,False,0.00018094333063345402,8.625,8.625,8.625,0.0017526460117446982,1,B J C,B,True,True,7.211902266135439e-05,-0.5390625,0.36840569972991943,False,0.4595080614089966
train-018951-3cc74311f97bca09,8,3,train,4379542907120241161,pointer,B,J,J,True,B,False,False,1.0013530300057027e-05,13.375,-14.8125,13.375,0.00015131042522429952,1,J L D,J,True,True,0.0017093108035624027,-0.181640625,0.4547143280506134,False,0.6064453721046448
train-018951-3cc74311f97bca09,8,4,train,4379542907120241161,pointer,B,B,B,True,B,True,False,5.9602869441732764e-05,11.3125,11.3125,11.3125,0.0007956980522304678,1,B C A,B,True,True,0.0021510813385248184,0.11328125,0.5282900333404541,False,0.7513910531997681
train-018951-3cc74311f97bca09,8,5,train,4379542907120241161,pointer,B,J,J,True,B,False,False,0.00014983485743869096,10.625,-12.75,10.625,0.0018775421621073467,1,J Z L,J,True,True,0.001913860673084855,0.419921875,0.6034645438194275,False,0.9249898791313171
train-018951-3cc74311f97bca09,8,6,train,4379542907120241161,pointer,B,B,B,True,B,True,False,9.238292841473594e-05,10.875,10.875,10.875,0.001191940084754754,1,B A C,B,True,True,0.005000109784305096,0.58203125,0.6415346264839172,False,1.025923252105713
train-018951-3cc74311f97bca09,8,7,train,4379542907120241161,pointer,B,J,J,True,B,False,False,0.0001597276859683916,10.6875,-12.625,10.6875,0.0019991238419395842,1,J Z L,J,True,True,0.0017144280718639493,0.7578125,0.6808785796165466,False,1.142183780670166
train-018951-3cc74311f97bca09,8,8,train,4379542907120241161,pointer,B,B,B,True,B,True,False,0.00010489867418073118,10.75,10.75,10.75,0.001341694123238108,1,B A C,B,True,True,0.004937123507261276,0.8125,0.6926419734954834,True,0.3672420382499695
train-018951-3cc74311f97bca09,8,9,train,4379542907120241161,pointer,B,J,,,B,False,True,,,-12.6875,10.6875,0.0020130002111083322,,J Z L,J,,True,,0.91796875,0.7146279811859131,,
train-018951-3cc74311f97bca09,8,10,train,4379542907120241161,pointer,B,B,,,B,True,True,,,10.875,10.875,0.0012056695695501836,,B A C,B,,True,,0.921875,0.7154240012168884,,
train-018951-3cc74311f97bca09,8,11,train,4379542907120241161,pointer,B,J,,,B,False,True,,,-12.6875,10.6875,0.001961992507445002,,J Z L,J,,True,,0.9921875,0.729519784450531,,
train-018951-3cc74311f97bca09,8,12,train,4379542907120241161,pointer,B,B,,,B,True,True,,,10.875,10.875,0.001197329811138595,,B A C,B,,True,,0.96875,0.7248703241348267,,
train-015190-27a5287bbddd9c8a,10,1,train,2856734050567953546,pointer,T,Z,Z,True,K,False,False,3.099436753473128e-06,13.5625,-17.09375,13.5625,4.8869435344500205e-05,1,Z X U,Z,True,True,7.152555099310121e-07,-0.333984375,0.4172714650630951,False,0.5400338768959045
train-015190-27a5287bbddd9c8a,10,2,train,2856734050567953546,pointer,T,C,C,True,K,False,False,2.0265558760002023e-06,14.25,-16.90625,14.25,3.461134276231459e-05,1,C B D,C,True,True,4.6491513785440475e-06,-0.248046875,0.4383043050765991,False,0.5767949819564819
train-015190-27a5287bbddd9c8a,10,3,train,2856734050567953546,pointer,T,B,B,True,K,False,False,1.5735502529423684e-05,11.75,-13.9375,11.75,0.000215786930347412,1,B A C,B,True,True,0.0015141224721446633,-0.01531982421875,0.49617016315460205,False,0.6855165958404541
train-015190-27a5287bbddd9c8a,10,4,train,2856734050567953546,pointer,T,M,M,True,K,False,False,0.00037889453233219683,9.4375,-11.0625,9.4375,0.004372027362465227,1,M S N,M,True,True,0.00014530557382386178,0.333984375,0.5827285051345825,False,0.8740182518959045
train-015190-27a5287bbddd9c8a,10,5,train,2856734050567953546,pointer,T,N,N,True,K,False,False,0.00011765264935093,9.9375,-12.78125,9.9375,0.0014615942898915603,1,N M O,N,True,True,0.0028291221242398024,0.58984375,0.6433292627334595,False,1.0309423208236694
train-015190-27a5287bbddd9c8a,10,6,train,2856734050567953546,pointer,T,V,V,True,K,False,False,0.0005535738891921937,8.9375,-10.875,8.9375,0.0061585522215687315,1,V F Z,V,True,True,0.00018785618885885924,0.859375,0.7025300860404968,False,1.21244215965271
train-015190-27a5287bbddd9c8a,10,7,train,2856734050567953546,pointer,T,A,A,True,K,False,False,0.010579453781247139,6.4375,-8.0625,6.4375,0.08836268490987209,1,A D L,A,True,True,0.004712546709924936,0.99609375,0.730289876461029,False,1.3104075193405151
train-015190-27a5287bbddd9c8a,10,8,train,2856734050567953546,pointer,T,L,L,True,K,False,False,0.0008064831490628421,8.375,-11.0,8.375,0.008688684577904457,1,L A Q,L,True,True,0.0023487620055675507,1.09375,0.7490872144699097,False,1.3826498985290527
train-015190-27a5287bbddd9c8a,10,9,train,2856734050567953546,pointer,T,Q,Q,True,K,False,False,5.352353764465079e-05,10.6875,-12.0,10.6875,0.0006870046707515531,1,Q O A,Q,True,True,0.0026805205270648003,0.9765625,0.7264255881309509,False,1.2961816787719727
train-015190-27a5287bbddd9c8a,10,10,train,2856734050567953546,pointer,T,K,K,True,K,True,False,0.0002317160106031224,10.4375,10.4375,10.4375,0.002833831123744849,1,K Q R,K,True,True,0.0017938013188540936,1.0,0.7310585975646973,True,0.3132617175579071
train-015190-27a5287bbddd9c8a,10,11,train,2856734050567953546,pointer,T,X,,,K,False,True,,,-10.625,9.6875,0.003778008498045205,,X A S,X,,True,,0.9765625,0.7264255881309509,,
train-015190-27a5287bbddd9c8a,10,12,train,2856734050567953546,pointer,T,K,,,K,True,True,,,12.5,12.5,0.0003250238602704875,,K N D,K,,True,,0.9296875,0.7170118689537048,,
train-034658-7ce362f19e5da916,12,1,train,8999145270299961622,pointer,J,M,M,True,D,False,False,4.887569048150908e-06,14.09375,-14.78125,14.09375,7.967151808607047e-05,1,M O C,M,True,True,5.960462772236497e-07,-0.365234375,0.40969306230545044,False,0.527112603187561
train-034658-7ce362f19e5da916,12,2,train,8999145270299961622,pointer,J,N,N,True,D,False,False,2.50339189733495e-06,13.375,-17.9375,13.375,3.8790226508250266e-05,1,N M S,N,True,True,0.0002397011558059603,-0.34375,0.4148988723754883,False,0.5359705090522766
train-034658-7ce362f19e5da916,12,3,train,8999145270299961622,pointer,J,Q,Q,True,D,False,False,3.933898824470816e-06,12.5625,-18.4375,12.5625,5.342289151586315e-05,1,Q K A,Q,True,True,0.0007859955076128244,-0.10546875,0.4736572504043579,False,0.6418026685714722
train-034658-7ce362f19e5da916,12,4,train,8999145270299961622,pointer,J,P,A,False,D,False,False,10.062702178955078,-10.0625,-13.15625,9.1875,0.0022863603893771628,3,P Q A,P,False,True,13.96487045288086,0.1875,0.5467381477355957,False,0.7912852764129639
train-034658-7ce362f19e5da916,12,5,train,8999145270299961622,pointer,J,B,B,True,D,False,False,0.0006990373367443681,8.0625,-11.375,8.0625,0.007294902716040539,1,B A C,B,True,True,0.001207456924021244,0.4296875,0.6057990193367004,False,0.9308944344520569
train-034658-7ce362f19e5da916,12,6,train,8999145270299961622,pointer,J,X,X,True,D,False,False,0.0004530118894763291,9.125,-11.1875,9.125,0.005042421499619209,1,X Z Y,X,True,True,0.001613625674508512,0.62109375,0.6504672765731812,False,1.05115807056427
train-034658-7ce362f19e5da916,12,7,train,8999145270299961622,pointer,J,K,K,True,D,False,False,4.23184028477408e-05,11.625,-12.5,11.625,0.0005844008466739689,1,K N Q,K,True,True,0.001279846066609025,0.7265625,0.6740504503250122,False,1.121012806892395
train-034658-7ce362f19e5da916,12,8,train,8999145270299961622,pointer,J,I,I,True,D,False,False,0.0007005859515629709,8.875,-11.03125,8.875,0.007664427314352042,1,I S N,I,True,True,0.0003351603518240154,0.8359375,0.6976089477539062,False,1.1960341930389404
train-034658-7ce362f19e5da916,12,9,train,8999145270299961622,pointer,J,F,F,True,D,False,False,0.00032205163734033704,8.9375,-11.0625,8.9375,0.0036604340061783566,1,F E I,F,True,True,0.00014220656885299832,0.953125,0.7217432260513306,False,1.2792108058929443
train-034658-7ce362f19e5da916,12,10,train,8999145270299961622,pointer,J,S,S,True,D,False,False,0.0005372511222958565,9.375,-10.625,9.375,0.006108842545209348,1,S R T,S,True,True,0.0006549597019329667,1.0703125,0.7446563243865967,False,1.365144968032837
train-034658-7ce362f19e5da916,12,11,train,8999145270299961622,pointer,J,O,O,True,D,False,False,6.401333666872233e-05,11.5625,-12.875,11.5625,0.0008589246138225927,1,O P N,O,True,True,0.0012912754900753498,0.98046875,0.7272012233734131,False,1.299020767211914
train-034658-7ce362f19e5da916,12,12,train,8999145270299961622,pointer,J,D,D,True,D,True,False,0.0005180685548111796,9.4375,9.4375,9.4375,0.005853208386538484,1,D C E,D,True,True,0.00017486473370809108,1.03125,0.7371581792831421,True,0.30495283007621765
