example_id,task_depth,loop,split,seed,family,initial_state,prediction,intermediate_target,intermediate_correct,final_target,final_correct,post_completion,intermediate_loss,intermediate_margin,final_margin,predicted_margin,answer_entropy,target_rank,top_symbols,r_prediction,r_intermediate_correct,r_c_agree,r_intermediate_loss,stop_logit,stop_probability,stop_target,stop_loss
train-017550-2da9fdf39c01ec4c,1,1,train,3290440225507109964,pointer,I,T,T,True,T,True,False,3.933898824470816e-06,13.0625,13.0625,13.0625,6.078748930109595e-05,1,T A R,T,True,True,0.0015910121146589518,-0.365234375,0.40969306230545044,True,0.892346978187561
train-017550-2da9fdf39c01ec4c,1,2,train,3290440225507109964,pointer,I,V,,,T,False,True,,,-11.3125,9.9375,0.0011680825545901424,,V I T,V,,True,,-0.275390625,0.4315841495990753,,
train-017550-2da9fdf39c01ec4c,1,3,train,3290440225507109964,pointer,I,K,,,T,False,True,,,-3.9375,1.375,1.7969746857594766,,K P V,V,,False,,0.00994873046875,0.5024871826171875,,
train-017550-2da9fdf39c01ec4c,1,4,train,3290440225507109964,pointer,I,K,,,T,False,True,,,-1.875,1.0,1.424475319750566,,K P T,T,,False,,0.3984375,0.5983121991157532,,
train-017550-2da9fdf39c01ec4c,1,5,train,3290440225507109964,pointer,I,T,,,T,True,True,,,0.3125,0.3125,2.192251722017067,,T K V,I,,False,,0.7109375,0.6706082820892334,,
train-017550-2da9fdf39c01ec4c,1,6,train,3290440225507109964,pointer,I,T,,,T,True,True,,,0.625,0.625,2.5300936561031913,,T V P,I,,False,,0.91796875,0.7146279811859131,,
train-017550-2da9fdf39c01ec4c,1,7,train,3290440225507109964,pointer,I,T,,,T,True,True,,,0.6875,0.6875,2.6019635794840714,,T P V,I,,False,,1.03125,0.7371581792831421,,
train-017550-2da9fdf39c01ec4c,1,8,train,3290440225507109964,pointer,I,T,,,T,True,True,,,0.6875,0.6875,2.6029654307364187,,T P V,I,,False,,1.1015625,0.7505527138710022,,
train-017550-2da9fdf39c01ec4c,1,9,train,3290440225507109964,pointer,I,T,,,T,True,True,,,0.6875,0.6875,2.5887838093778215,,T P V,I,,False,,1.140625,0.7577943801879883,,
train-017550-2da9fdf39c01ec4c,1,10,train,3290440225507109964,pointer,I,T,,,T,True,True,,,0.75,0.75,2.5895811358191514,,T P V,I,,False,,1.171875,0.7634837031364441,,
train-017550-2da9fdf39c01ec4c,1,11,train,3290440225507109964,pointer,I,T,,,T,True,True,,,0.75,0.75,2.584380040935106,,T P V,K,,False,,1.1875,0.7662936449050903,,
train-017550-2da9fdf39c01ec4c,1,12,train,3290440225507109964,pointer,I,T,,,T,True,True,,,0.75,0.75,2.58736702652659,,T P V,K,,False,,1.1953125,0.7676898241043091,,
train-028513-482db515c5465556,2,1,train,5201012249791452502,pointer,E,H,H,True,X,False,False,2.145764938177308e-06,14.46875,-15.21875,14.46875,3.6169897749375746e-05,1,H I X,H,True,True,0.006288384553045034,-0.453125,0.3886180520057678,False,0.49203336238861084
train-028513-482db515c5465556,2,2,train,5201012249791452502,pointer,E,X,X,True,X,True,False,1.1920928244535389e-07,16.4375,16.4375,16.4375,4.849489198457005e-06,1,X Q A,X,True,True,0.007798700127750635,-0.2275390625,0.4433594048023224,True,0.8133745789527893
train-028513-482db515c5465556,2,3,train,5201012249791452502,pointer,E,Q,,,X,False,True,,,-5.375,5.375,0.04876602954158122,,Q X Y,X,,False,,0.064453125,0.5161076784133911,,
train-028513-482db515c5465556,2,4,train,5201012249791452502,pointer,E,J,,,X,False,True,,,-4.0,0.1875,1.0621208853203388,,J Q E,Q,,False,,0.4140625,0.6020615696907043,,
train-028513-482db515c5465556,2,5,train,5201012249791452502,pointer,E,J,,,X,False,True,,,-2.625,0.75,1.8911858933949233,,J Q E,I,,False,,0.703125,0.66888028383255,,
train-028513-482db515c5465556,2,6,train,5201012249791452502,pointer,E,J,,,X,False,True,,,-2.1875,1.0,2.718308782794043,,J B E,I,,False,,0.9140625,0.7138307690620422,,
train-028513-482db515c5465556,2,7,train,5201012249791452502,pointer,E,B,,,X,False,True,,,-1.75,0.25,3.0053111308735305,,B J E,X,,False,,1.03125,0.7371581792831421,,
train-028513-482db515c5465556,2,8,train,5201012249791452502,pointer,E,B,,,X,False,True,,,-1.8125,0.5625,3.043754751677267,,B J E,X,,False,,1.1015625,0.7505527138710022,,
train-028513-482db515c5465556,2,9,train,5201012249791452502,pointer,E,B,,,X,False,True,,,-1.75,0.5625,3.0445886766313017,,B J E,X,,False,,1.1328125,0.7563575506210327,,
train-028513-482db515c5465556,2,10,train,5201012249791452502,pointer,E,B,,,X,False,True,,,-1.75,0.5,3.0515032365543147,,B J E,X,,False,,1.15625,0.7606506943702698,,
train-028513-482db515c5465556,2,11,train,5201012249791452502,pointer,E,B,,,X,False,True,,,-1.75,0.5,3.053310946965766,,B J E,X,,False,,1.171875,0.7634837031364441,,
train-028513-482db515c5465556,2,12,train,5201012249791452502,pointer,E,B,,,X,False,True,,,-1.6875,0.5,3.0665912369064663,,B J E,X,,False,,1.1796875,0.7648916244506836,,
train-027434-d400c0bd81dcd93e,3,1,train,15276421856200808766,pointer,D,D,D,True,D,True,False,1.0490362910786644e-05,12.71875,12.71875,12.71875,0.00015375705180175334,1,D C I,D,True,True,0.001746677909977734,-0.5390625,0.36840569972991943,False,0.4595080614089966
train-027434-d400c0bd81dcd93e,3,2,train,15276421856200808766,pointer,D,D,D,True,D,True,False,8.344646857949556e-07,14.1875,14.1875,14.1875,1.2827021025829787e-05,1,D C B,D,True,True,0.022171713411808014,-0.392578125,0.4030968248844147,False,0.5160003900527954
train-027434-d400c0bd81dcd93e,3,3,train,15276421856200808766,pointer,D,D,D,True,D,True,False,-0.0,17.5,17.5,17.5,1.4992370073668856e-06,1,D C F,F,False,False,2.6488280296325684,-0.0693359375,0.48267295956611633,True,0.7284159660339355
train-027434-d400c0bd81dcd93e,3,4,train,15276421856200808766,pointer,D,D,,,D,True,True,,,16.0625,16.0625,8.291408823575307e-06,,D C S,D,,True,,0.294921875,0.5732006430625916,,
train-027434-d400c0bd81dcd93e,3,5,train,15276421856200808766,pointer,D,D,,,D,True,True,,,16.0,16.0,7.87285029628875e-06,,D C S,R,,False,,0.609375,0.6477982401847839,,
train-027434-d400c0bd81dcd93e,3,6,train,15276421856200808766,pointer,D,D,,,D,True,True,,,13.1875,13.1875,0.0001314645168853877,,D R C,R,,False,,0.84375,0.6992544531822205,,
train-027434-d400c0bd81dcd93e,3,7,train,15276421856200808766,pointer,D,D,,,D,True,True,,,7.5625,7.5625,0.018326006791359966,,D R C,O,,False,,0.98046875,0.7272012233734131,,
train-027434-d400c0bd81dcd93e,3,8,train,15276421856200808766,pointer,D,D,,,D,True,True,,,6.375,6.375,0.05960672599511186,,D R C,M,,False,,1.046875,0.740174412727356,,
train-027434-d400c0bd81dcd93e,3,9,train,15276421856200808766,pointer,D,D,,,D,True,True,,,6.3125,6.3125,0.06382526037774909,,D R C,X,,False,,1.0859375,0.7476159334182739,,
train-027434-d400c0bd81dcd93e,3,10,train,15276421856200808766,pointer,D,D,,,D,True,True,,,6.5,6.5,0.05533567433920651,,D R C,X,,False,,1.109375,0.7520126104354858,,
train-027434-d400c0bd81dcd93e,3,11,train,15276421856200808766,pointer,D,D,,,D,True,True,,,6.5625,6.5625,0.05360097780843293,,D R C,X,,False,,1.1171875,0.7534666657447815,,
train-027434-d400c0bd81dcd93e,3,12,train,15276421856200808766,pointer,D,D,,,D,True,True,,,6.5625,6.5625,0.050747004145175786,,D R C,X,,False,,1.1328125,0.7563575506210327,,
train-011064-51a24a3d90468f93,4,1,train,5882345691573292947,pointer,X,J,J,True,D,False,False,1.1920928244535389e-07,16.59375,-17.65625,16.59375,4.4378677202164086e-06,1,J I A,J,True,True,0.0025852848775684834,-0.5546875,0.3647775650024414,False,0.45378005504608154
train-011064-51a24a3d90468f93,4,2,train,5882345691573292947,pointer,X,D,D,True,D,True,False,3.504691630951129e-05,11.125,11.125,11.125,0.0004411614707898438,1,D J B,D,True,True,0.023921793326735497,-0.4140625,0.3979383707046509,False,0.5073955655097961
train-011064-51a24a3d90468f93,4,3,train,5882345691573292947,pointer,X,B,B,True,D,False,False,0.029103940352797508,3.5625,-3.5625,3.5625,0.13753280076536464,1,B D C,D,False,False,3.164747953414917,-0.07763671875,0.4806005656719208,False,0.6550820469856262
train-011064-51a24a3d90468f93,4,4,train,5882345691573292947,pointer,X,D,D,True,D,True,False,0.6744437217712402,0.75,0.75,0.75,1.3268082621960717,1,D B Y,D,True,True,2.716158151626587,0.3046875,0.5755879878997803,True,0.5523631572723389
train-011064-51a24a3d90468f93,4,5,train,5882345691573292947,pointer,X,D,,,D,True,True,,,0.625,0.625,1.626986295032494,,D B C,D,,True,,0.6328125,0.6531268954277039,,
train-011064-51a24a3d90468f93,4,6,train,5882345691573292947,pointer,X,D,,,D,True,True,,,0.4375,0.4375,2.015636486025462,,D B C,C,,False,,0.87890625,0.7065955400466919,,
train-011064-51a24a3d90468f93,4,7,train,5882345691573292947,pointer,X,D,,,D,True,True,,,0.375,0.375,2.1438418641406307,,D B C,C,,False,,1.03125,0.7371581792831421,,
train-011064-51a24a3d90468f93,4,8,train,5882345691573292947,pointer,X,D,,,D,True,True,,,0.3125,0.3125,2.204068143343917,,D B R,C,,False,,1.1171875,0.7534666657447815,,
train-011064-51a24a3d90468f93,4,9,train,5882345691573292947,pointer,X,D,,,D,True,True,,,0.3125,0.3125,2.2192600702561465,,D B R,C,,False,,1.15625,0.7606506943702698,,
train-011064-51a24a3d90468f93,4,10,train,5882345691573292947,pointer,X,D,,,D,True,True,,,0.3125,0.3125,2.2222517819869045,,D B R,C,,False,,1.1875,0.7662936449050903,,
train-011064-51a24a3d90468f93,4,11,train,5882345691573292947,pointer,X,D,,,D,True,True,,,0.25,0.25,2.228340001543028,,D B R,C,,False,,1.203125,0.7690802216529846,,
train-011064-51a24a3d90468f93,4,12,train,5882345691573292947,pointer,X,D,,,D,True,True,,,0.3125,0.3125,2.2205988566812422,,D B C,C,,False,,1.2109375,0.7704647779464722,,
train-015196-13d4b272449f280f,5,1,train,1428963185630586895,pointer,N,K,K,True,O,False,False,7.152555099310121e-07,14.59375,-21.96484375,14.59375,1.1707828987527675e-05,1,K J I,K,True,True,0.0028584832325577736,-0.5390625,0.36840569972991943,False,0.4595080614089966
train-015196-13d4b272449f280f,5,2,train,1428963185630586895,pointer,N,X,X,True,O,False,False,0.00018153927521780133,8.625,-17.84375,8.625,0.001761454493051956,1,X B J,X,True,True,0.013201450929045677,-0.349609375,0.4134771525859833,False,0.5335437059402466
train-015196-13d4b272449f280f,5,3,train,1428963185630586895,pointer,N,B,B,True,O,False,False,0.01989995874464512,4.125,-7.5,4.125,0.11744744656925801,1,B A O,X,False,False,3.1206324100494385,-0.103515625,0.4741441607475281,False,0.6427282094955444
train-015196-13d4b272449f280f,5,4,train,1428963185630586895,pointer,N,B,A,False,O,False,False,1.149745225906372,-0.375,-1.25,0.375,1.388668836155327,2,B A O,T,False,False,3.461337089538574,0.29296875,0.5727227926254272,False,0.8503222465515137
train-015196-13d4b272449f280f,5,5,train,1428963185630586895,pointer,N,O,O,True,O,True,False,1.0897949934005737,0.0625,0.0625,0.0625,2.023650070308555,1,O A B,I,False,False,3.17279052734375,0.64453125,0.6557770371437073,True,0.42193442583084106
train-015196-13d4b272449f280f,5,6,train,1428963185630586895,pointer,N,O,,,O,True,True,,,0.4375,0.4375,2.9018337497830147,,O W M,I,,False,,0.8828125,0.7074047327041626,,
train-015196-13d4b272449f280f,5,7,train,1428963185630586895,pointer,N,O,,,O,True,True,,,0.3125,0.3125,3.058326851573011,,O M W,I,,False,,1.015625,0.7341195344924927,,
train-015196-13d4b272449f280f,5,8,train,1428963185630586895,pointer,N,O,,,O,True,True,,,0.25,0.25,3.0781233191411372,,O M W,I,,False,,1.09375,0.7490872144699097,,
train-015196-13d4b272449f280f,5,9,train,1428963185630586895,pointer,N,O,,,O,True,True,,,0.3125,0.3125,3.080682659071943,,O M W,I,,False,,1.1328125,0.7563575506210327,,
train-015196-13d4b272449f280f,5,10,train,1428963185630586895,pointer,N,O,,,O,True,True,,,0.25,0.25,3.0832585633931426,,O W M,I,,False,,1.1640625,0.7620701193809509,,
train-015196-13d4b272449f280f,5,11,train,1428963185630586895,pointer,N,O,,,O,True,True,,,0.25,0.25,3.0837143526306097,,O W M,I,,False,,1.1796875,0.7648916244506836,,
train-015196-13d4b272449f280f,5,12,train,1428963185630586895,pointer,N,O,,,O,True,True,,,0.25,0.25,3.0817542260626625,,O W M,I,,False,,1.1875,0.7662936449050903,,
train-031010-3b402ed8c72d2397,6,1,train,4269463955336668055,pointer,J,V,V,True,C,False,False,5.960462772236497e-07,15.40625,-17.1875,15.40625,1.0687410824241779e-05,1,V Z Y,V,True,True,0.00032443503732793033,-0.5703125,0.36116471886634827,False,0.4481086730957031
train-031010-3b402ed8c72d2397,6,2,train,4269463955336668055,pointer,J,B,B,True,C,False,False,0.0003607814433053136,8.0,-14.0,8.0,0.0033690088370592697,1,B I A,B,True,True,0.01436100248247385,-0.365234375,0.40969306230545044,False,0.527112603187561
train-031010-3b402ed8c72d2397,6,3,train,4269463955336668055,pointer,J,I,I,True,C,False,False,1.071115255355835,0.0625,-4.5,0.0625,1.67454954462743,1,I Z R,B,False,False,3.8563361167907715,0.018798828125,0.5046995878219604,False,0.7025907635688782
train-031010-3b402ed8c72d2397,6,4,train,4269463955336668055,pointer,J,I,H,False,C,False,False,3.195899486541748,-2.8125,-4.0,1.4375,1.1997768886965874,4,I Z O,I,False,True,3.6003081798553467,0.3984375,0.5983121991157532,False,0.9120801091194153
train-031010-3b402ed8c72d2397,6,5,train,4269463955336668055,pointer,J,I,Q,False,C,False,False,2.396617889404297,-1.25,-0.6875,0.6875,2.1767659981956355,5,I C Z,I,False,True,3.1907432079315186,0.6953125,0.6671476364135742,False,1.1000564098358154
train-031010-3b402ed8c72d2397,6,6,train,4269463955336668055,pointer,J,C,C,True,C,True,False,1.5433486700057983,0.3125,0.3125,0.3125,2.518187589988605,1,C Q I,I,False,False,3.287994146347046,0.8984375,0.7106282711029053,True,0.3416057825088501
train-031010-3b402ed8c72d2397,6,7,train,4269463955336668055,pointer,J,C,,,C,True,True,,,0.375,0.375,2.632151167382634,,C I Q,I,,False,,1.015625,0.7341195344924927,,
train-031010-3b402ed8c72d2397,6,8,train,4269463955336668055,pointer,J,C,,,C,True,True,,,0.3125,0.3125,2.6485956816201504,,C I Q,I,,False,,1.078125,0.7461389899253845,,
train-031010-3b402ed8c72d2397,6,9,train,4269463955336668055,pointer,J,C,,,C,True,True,,,0.25,0.25,2.6603389064304928,,C I Q,I,,False,,1.1171875,0.7534666657447815,,
train-031010-3b402ed8c72d2397,6,10,train,4269463955336668055,pointer,J,C,,,C,True,True,,,0.1875,0.1875,2.658148451994989,,C I Q,I,,False,,1.140625,0.7577943801879883,,
train-031010-3b402ed8c72d2397,6,11,train,4269463955336668055,pointer,J,C,,,C,True,True,,,0.1875,0.1875,2.6527122714009543,,C I Q,I,,False,,1.15625,0.7606506943702698,,
train-031010-3b402ed8c72d2397,6,12,train,4269463955336668055,pointer,J,C,,,C,True,True,,,0.1875,0.1875,2.649525622600563,,C I Q,I,,False,,1.171875,0.7634837031364441,,
train-015747-f1c88e83dad8868c,8,1,train,17422331855446247052,pointer,P,L,L,True,O,False,False,2.7418097943154862e-06,13.625,-18.31640625,13.625,4.185272727038716e-05,1,L I C,L,True,True,0.0012763934209942818,-0.474609375,0.3835258483886719,False,0.48373889923095703
train-015747-f1c88e83dad8868c,8,2,train,17422331855446247052,pointer,P,O,O,True,O,True,False,0.04859050735831261,3.0,3.0,3.0,0.19091395024819144,1,O P A,O,True,True,0.03372115269303322,-0.3671875,0.40922078490257263,False,0.5263129472732544
train-015747-f1c88e83dad8868c,8,3,train,17422331855446247052,pointer,P,L,P,False,O,False,False,0.9783117771148682,-0.5,-6.75,0.5,0.6982607719435814,2,L P I,O,False,False,3.2784583568573,-0.11474609375,0.47134488821029663,False,0.6374190449714661
train-015747-f1c88e83dad8868c,8,4,train,17422331855446247052,pointer,P,L,L,True,O,False,False,0.6205837726593018,0.25,-3.3125,0.25,0.9286538628892755,1,L P O,R,False,False,3.3871564865112305,0.310546875,0.5770187377929688,False,0.8604273796081543
train-015747-f1c88e83dad8868c,8,5,train,17422331855446247052,pointer,P,P,O,False,O,False,False,2.285236120223999,-1.4375,-1.4375,0.375,1.733519363422532,3,P L O,R,False,False,3.1707916259765625,0.6796875,0.6636689305305481,False,1.089659333229065
train-015747-f1c88e83dad8868c,8,6,train,17422331855446247052,pointer,P,P,P,True,O,False,False,1.6425890922546387,0.25,-0.375,0.25,2.5226170154920817,1,P L E,W,False,False,3.5451650619506836,0.92578125,0.7162185907363892,False,1.2595510482788086
train-015747-f1c88e83dad8868c,8,7,train,17422331855446247052,pointer,P,P,L,False,O,False,False,1.9022153615951538,-0.125,-0.25,0.125,2.599289566157553,2,P L O,W,False,False,3.439743757247925,1.0546875,0.74167400598526,False,1.3535330295562744
train-015747-f1c88e83dad8868c,8,8,train,17422331855446247052,pointer,P,P,O,False,O,False,False,1.9819438457489014,-0.25,-0.25,0.1875,2.5955954426826624,3,P L O,K,False,False,3.1098008155822754,1.1171875,0.7534666657447815,True,0.28307050466537476
train-015747-f1c88e83dad8868c,8,9,train,17422331855446247052,pointer,P,P,,,O,False,True,,,-0.25,0.1875,2.5915142332926693,,P L O,K,,False,,1.15625,0.7606506943702698,,
train-015747-f1c88e83dad8868c,8,10,train,17422331855446247052,pointer,P,P,,,O,False,True,,,-0.25,0.125,2.583560874712923,,P L O,K,,False,,1.1796875,0.7648916244506836,,
train-015747-f1c88e83dad8868c,8,11,train,17422331855446247052,pointer,P,P,,,O,False,True,,,-0.25,0.125,2.5981146492270932,,P L O,K,,False,,1.1953125,0.7676898241043091,,
train-015747-f1c88e83dad8868c,8,12,train,17422331855446247052,pointer,P,P,,,O,False,True,,,-0.25,0.125,2.5991298287739966,,P L O,K,,False,,1.203125,0.7690802216529846,,
train-025342-c6089c0814d91af7,10,1,train,14269826977846860535,pointer,Y,J,J,True,V,False,False,3.576278118089249e-07,14.9375,-22.97265625,14.9375,8.195930565157515e-06,1,J I R,J,True,True,0.005214305128902197,-0.5703125,0.36116471886634827,False,0.4481086730957031
train-025342-c6089c0814d91af7,10,2,train,14269826977846860535,pointer,Y,Q,Q,True,V,False,False,0.018154995515942574,4.0,-20.21875,4.0,0.09016810941682427,1,Q A B,Q,True,True,0.04344025254249573,-0.380859375,0.4059196412563324,False,0.5207406878471375
train-025342-c6089c0814d91af7,10,3,train,14269826977846860535,pointer,Y,A,A,True,V,False,False,0.016074232757091522,4.3125,-11.5625,4.3125,0.09446873837619991,1,A Q U,Q,False,False,3.802112102508545,-0.1435546875,0.4641728699207306,False,0.6239436268806458
train-025342-c6089c0814d91af7,10,4,train,14269826977846860535,pointer,Y,W,W,True,V,False,False,0.47948774695396423,0.625,-6.5625,0.625,0.9343754025763055,1,W A U,Q,False,False,3.084045171737671,0.263671875,0.5655387043952942,False,0.8336484432220459
train-025342-c6089c0814d91af7,10,5,train,14269826977846860535,pointer,Y,W,T,False,V,False,False,3.8776400089263916,-3.5,-4.8125,2.375,1.5156978187136092,5,W A Z,Q,False,False,3.1630005836486816,0.60546875,0.6469064354896545,False,1.0410223007202148
train-025342-c6089c0814d91af7,10,6,train,14269826977846860535,pointer,Y,W,B,False,V,False,False,2.8099758625030518,-1.0,-2.4375,0.4375,2.9676874404690965,4,W O J,O,False,False,3.481511116027832,0.8515625,0.700894832611084,False,1.2069599628448486
train-025342-c6089c0814d91af7,10,7,train,14269826977846860535,pointer,Y,O,U,False,V,False,False,3.224705457687378,-0.8125,-1.6875,0.125,3.131300050067548,12,O B Y,I,False,False,3.326734781265259,0.99609375,0.730289876461029,False,1.3104075193405151
train-025342-c6089c0814d91af7,10,8,train,14269826977846860535,pointer,Y,B,Z,False,V,False,False,3.0709826946258545,-0.5,-1.4375,0.0,3.1610461919847888,9,B O Y,X,False,False,3.211980104446411,1.078125,0.7461389899253845,False,1.3709683418273926
train-025342-c6089c0814d91af7,10,9,train,14269826977846860535,pointer,Y,O,L,False,V,False,False,3.6481502056121826,-1.125,-1.4375,0.125,3.1633223786512654,20,O B Y,X,False,False,3.350107431411743,1.1171875,0.7534666657447815,False,1.4002580642700195
train-025342-c6089c0814d91af7,10,10,train,14269826977846860535,pointer,Y,O,V,False,V,False,False,3.983369827270508,-1.4375,-1.4375,0.0625,3.1603450805546465,24,O B Y,X,False,False,3.516657829284668,1.1484375,0.7592254281044006,True,0.27545657753944397
train-025342-c6089c0814d91af7,10,11,train,14269826977846860535,pointer,Y,O,,,V,False,True,,,-1.4375,0.0625,3.1593940771415427,,O B Y,X,,False,,1.1640625,0.7620701193809509,,
train-025342-c6089c0814d91af7,10,12,train,14269826977846860535,pointer,Y,O,,,V,False,True,,,-1.5,0.0625,3.157513179508329,,O B Y,X,,False,,1.171875,0.7634837031364441,,
train-021284-2eb9e31042c7173f,12,1,train,3366971855415482175,pointer,V,T,T,True,Y,False,False,3.2186455882765586e-06,13.8125,-19.875,13.8125,5.263816526752465e-05,1,T A R,T,True,True,0.0035068225115537643,-0.498046875,0.37799978256225586,False,0.47481483221054077
train-021284-2eb9e31042c7173f,12,2,train,3366971855415482175,pointer,V,Y,Y,True,Y,True,False,0.008915971033275127,4.75,4.75,4.75,0.05263142328556616,1,Y T V,Y,True,True,0.0213919710367918,-0.326171875,0.41917234659194946,False,0.5433012247085571
train-021284-2eb9e31042c7173f,12,3,train,3366971855415482175,pointer,V,S,S,True,Y,False,False,0.6454575061798096,0.125,-6.0,0.125,0.769221133265578,1,S U V,Y,False,False,3.5097196102142334,-0.017822265625,0.49554455280303955,False,0.68427574634552
train-021284-2eb9e31042c7173f,12,4,train,3366971855415482175,pointer,V,S,U,False,Y,False,False,1.344305396080017,-0.9375,-5.6875,0.9375,0.947389222995472,2,S U V,Y,False,False,3.234710693359375,0.3984375,0.5983121991157532,False,0.9120801091194153
train-021284-2eb9e31042c7173f,12,5,train,3366971855415482175,pointer,V,S,V,False,Y,False,False,2.6613497734069824,-2.125,-4.625,0.9375,1.4151938861575635,3,S U V,Y,False,False,3.6332364082336426,0.73046875,0.6749081611633301,False,1.1236474514007568
train-021284-2eb9e31042c7173f,12,6,train,3366971855415482175,pointer,V,S,T,False,Y,False,False,3.7430129051208496,-1.875,-1.5,0.4375,3.008436113760807,17,S R U,I,False,False,3.2863335609436035,0.9375,0.7185943722724915,False,1.267958164215088
train-021284-2eb9e31042c7173f,12,7,train,3366971855415482175,pointer,V,R,Y,False,Y,False,False,3.2822396755218506,-0.625,-0.625,0.1875,3.1932317623488,13,R S U,K,False,False,3.232729911804199,1.0390625,0.7386690378189087,False,1.3419678211212158
train-021284-2eb9e31042c7173f,12,8,train,3366971855415482175,pointer,V,R,S,False,Y,False,False,2.935896873474121,-0.1875,-0.5,0.125,3.205246239910102,6,R U V,K,False,False,3.2381560802459717,1.09375,0.7490872144699097,False,1.3826498985290527
train-021284-2eb9e31042c7173f,12,9,train,3366971855415482175,pointer,V,R,U,False,Y,False,False,2.890383005142212,-0.125,-0.5,0.0625,3.200295002200819,6,R V B,X,False,False,3.287639617919922,1.1328125,0.7563575506210327,False,1.4120535850524902
train-021284-2eb9e31042c7173f,12,10,train,3366971855415482175,pointer,V,R,V,False,Y,False,False,2.871948719024658,-0.125,-0.5,0.125,3.2020642105772126,4,R B U,X,False,False,3.592747211456299,1.1484375,0.7592254281044006,False,1.4238940477371216
train-021284-2eb9e31042c7173f,12,11,train,3366971855415482175,pointer,V,R,T,False,Y,False,False,3.3410158157348633,-0.5625,-0.5,0.0625,3.203816287799444,15,R V B,X,False,False,3.415329694747925,1.1640625,0.7620701193809509,False,1.4357792139053345
train-021284-2eb9e31042c7173f,12,12,train,3366971855415482175,pointer,V,R,Y,False,Y,False,False,3.2620115280151367,-0.5,-0.5,0.0625,3.2012429082383793,14,R V B,X,False,False,3.267432689666748,1.171875,0.7634837031364441,True,0.26986342668533325
train-015642-d231c1cbe0efdf6b,1,1,train,15146100103220027243,pointer,M,E,E,True,E,True,False,3.6954811548639555e-06,13.625,13.625,13.625,5.814190732329563e-05,1,E A C,E,True,True,0.003020726377144456,-0.40234375,0.4007493853569031,True,0.9144190549850464
train-015642-d231c1cbe0efdf6b,1,2,train,15146100103220027243,pointer,M,D,,,E,False,True,,,-11.53125,11.53125,0.00045730115172885845,,D E C,D,,True,,-0.26953125,0.4330222010612488,,
train-015642-d231c1cbe0efdf6b,1,3,train,15146100103220027243,pointer,M,S,,,E,False,True,,,-9.3125,2.8125,0.30092980189258456,,S K D,D,,False,,0.0634765625,0.515863835811615,,
train-015642-d231c1cbe0efdf6b,1,4,train,15146100103220027243,pointer,M,S,,,E,False,True,,,-6.0,0.875,1.3732759622311403,,S K I,D,,False,,0.44140625,0.6085940599441528,,
train-015642-d231c1cbe0efdf6b,1,5,train,15146100103220027243,pointer,M,I,,,E,False,True,,,-2.9375,1.0625,2.759200070513534,,I Z K,D,,False,,0.734375,0.6757646203041077,,
train-015642-d231c1cbe0efdf6b,1,6,train,15146100103220027243,pointer,M,I,,,E,False,True,,,-1.625,0.625,3.088664729447839,,I K Z,I,,True,,0.92578125,0.7162185907363892,,
train-015642-d231c1cbe0efdf6b,1,7,train,15146100103220027243,pointer,M,I,,,E,False,True,,,-0.9375,0.125,3.1791223370753263,,I K V,I,,True,,1.03125,0.7371581792831421,,
train-015642-d231c1cbe0efdf6b,1,8,train,15146100103220027243,pointer,M,I,,,E,False,True,,,-0.8125,0.0625,3.1883728619879954,,I K V,N,,False,,1.0859375,0.7476159334182739,,
train-015642-d231c1cbe0efdf6b,1,9,train,15146100103220027243,pointer,M,I,,,E,False,True,,,-0.8125,0.0625,3.1886716758984717,,I K V,N,,False,,1.125,0.7549149990081787,,
train-015642-d231c1cbe0efdf6b,1,10,train,15146100103220027243,pointer,M,I,,,E,False,True,,,-0.875,0.125,3.188283233104501,,I K V,N,,False,,1.140625,0.7577943801879883,,
train-015642-d231c1cbe0efdf6b,1,11,train,15146100103220027243,pointer,M,I,,,E,False,True,,,-0.8125,0.0625,3.1880272361428914,,I K V,N,,False,,1.15625,0.7606506943702698,,
train-015642-d231c1cbe0efdf6b,1,12,train,15146100103220027243,pointer,M,I,,,E,False,True,,,-0.875,0.0625,3.1899414893818596,,I K Z,N,,False,,1.171875,0.7634837031364441,,
train-028585-3f6604f1450c38de,2,1,train,4568344306306005214,pointer,T,R,R,True,K,False,False,8.34461570775602e-06,13.0,-16.46875,13.0,0.00012501078446631333,1,R C T,R,True,True,0.001765955938026309,-0.484375,0.3812195360660553,False,0.48000478744506836
train-028585-3f6604f1450c38de,2,2,train,4568344306306005214,pointer,T,K,K,True,K,True,False,0.0009254701435565948,7.0,7.0,7.0,0.007491085447033533,1,K R Z,K,True,True,0.20033550262451172,-0.310546875,0.42298123240470886,True,0.8604273796081543
train-028585-3f6604f1450c38de,2,3,train,4568344306306005214,pointer,T,Z,,,K,False,True,,,-8.375,7.625,0.036306065645903794,,Z X Y,K,,False,,-0.000370025634765625,0.499907523393631,,
train-028585-3f6604f1450c38de,2,4,train,4568344306306005214,pointer,T,Z,,,K,False,True,,,-5.6875,1.125,0.989137648444555,,Z N O,G,,False,,0.3984375,0.5983121991157532,,
train-028585-3f6604f1450c38de,2,5,train,4568344306306005214,pointer,T,Z,,,K,False,True,,,-3.75,0.25,1.7172969557687843,,Z N S,I,,False,,0.72265625,0.6731916666030884,,
train-028585-3f6604f1450c38de,2,6,train,4568344306306005214,pointer,T,Z,,,K,False,True,,,-1.0,0.3125,3.0859647126094893,,Z N O,I,,False,,0.93359375,0.7178038358688354,,
train-028585-3f6604f1450c38de,2,7,train,4568344306306005214,pointer,T,Z,,,K,False,True,,,-0.625,0.375,3.186226756453357,,Z N O,K,,False,,1.046875,0.740174412727356,,
train-028585-3f6604f1450c38de,2,8,train,4568344306306005214,pointer,T,Z,,,K,False,True,,,-0.625,0.375,3.1922544647860813,,Z N O,K,,False,,1.1015625,0.7505527138710022,,
train-028585-3f6604f1450c38de,2,9,train,4568344306306005214,pointer,T,Z,,,K,False,True,,,-0.5625,0.3125,3.1950779259901796,,Z N O,X,,False,,1.140625,0.7577943801879883,,
train-028585-3f6604f1450c38de,2,10,train,4568344306306005214,pointer,T,Z,,,K,False,True,,,-0.625,0.375,3.1896744216600266,,Z N O,X,,False,,1.15625,0.7606506943702698,,
train-028585-3f6604f1450c38de,2,11,train,4568344306306005214,pointer,T,Z,,,K,False,True,,,-0.625,0.375,3.19035668498762,,Z N O,X,,False,,1.171875,0.7634837031364441,,
train-028585-3f6604f1450c38de,2,12,train,4568344306306005214,pointer,T,Z,,,K,False,True,,,-0.625,0.375,3.1890313552146856,,Z N O,X,,False,,1.1796875,0.7648916244506836,,
train-002378-c2ee5efb159808df,3,1,train,14046268720307243231,pointer,J,B,B,True,F,False,False,4.0531076592742465e-06,13.5625,-16.25,13.5625,6.095626895819733e-05,1,B R A,B,True,True,0.004506551194936037,-0.5703125,0.36116471886634827,False,0.4481086730957031
train-002378-c2ee5efb159808df,3,2,train,14046268720307243231,pointer,J,Y,Y,True,F,False,False,3.576272320060525e-06,13.8125,-17.15625,13.8125,5.692707836134277e-05,1,Y I X,Y,True,True,0.018982650712132454,-0.357421875,0.411583811044693,False,0.5303207635879517
train-002378-c2ee5efb159808df,3,3,train,14046268720307243231,pointer,J,F,F,True,F,True,False,0.35363608598709106,1.0,1.0,1.0,0.7772282723074309,1,F B Y,Y,False,False,3.798110008239746,-0.03564453125,0.4910898506641388,True,0.7111282348632812
train-002378-c2ee5efb159808df,3,4,train,14046268720307243231,pointer,J,S,,,F,False,True,,,-5.125,0.125,1.0467435430250136,,S Q A,E,,False,,0.35546875,0.5879431366920471,,
train-002378-c2ee5efb159808df,3,5,train,14046268720307243231,pointer,J,S,,,F,False,True,,,-3.3125,0.8125,1.9930335144836422,,S Q A,I,,False,,0.6953125,0.6671476364135742,,
train-002378-c2ee5efb159808df,3,6,train,14046268720307243231,pointer,J,S,,,F,False,True,,,-0.9375,0.75,3.0823948705159063,,S J B,I,,False,,0.921875,0.7154240012168884,,
train-002378-c2ee5efb159808df,3,7,train,14046268720307243231,pointer,J,J,,,F,False,True,,,-0.5,0.3125,3.194236635541631,,J N B,I,,False,,1.0390625,0.7386690378189087,,
train-002378-c2ee5efb159808df,3,8,train,14046268720307243231,pointer,J,J,,,F,False,True,,,-0.5,0.3125,3.2022376633300613,,J N K,X,,False,,1.1015625,0.7505527138710022,,
train-002378-c2ee5efb159808df,3,9,train,14046268720307243231,pointer,J,J,,,F,False,True,,,-0.5,0.3125,3.202581713269996,,J N K,X,,False,,1.1328125,0.7563575506210327,,
train-002378-c2ee5efb159808df,3,10,train,14046268720307243231,pointer,J,J,,,F,False,True,,,-0.5,0.3125,3.2037235719719503,,J N K,X,,False,,1.15625,0.7606506943702698,,
train-002378-c2ee5efb159808df,3,11,train,14046268720307243231,pointer,J,J,,,F,False,True,,,-0.5,0.3125,3.201171818168243,,J N K,X,,False,,1.171875,0.7634837031364441,,
train-002378-c2ee5efb159808df,3,12,train,14046268720307243231,pointer,J,J,,,F,False,True,,,-0.5,0.3125,3.202321390008431,,J N K,X,,False,,1.1796875,0.7648916244506836,,
train-016086-7de91ce81b5ccfe6,4,1,train,9072814707531632614,pointer,W,B,B,True,U,False,False,3.814689989667386e-06,13.5625,-18.1875,13.5625,5.7754577218842314e-05,1,B R C,B,True,True,0.001446987851522863,-0.59765625,0.35488009452819824,False,0.4383190870285034
train-016086-7de91ce81b5ccfe6,4,2,train,9072814707531632614,pointer,W,M,J,False,U,False,False,5.154629230499268,-5.125,-3.75,3.75,0.14953411822592746,3,M U J,J,True,False,0.607679009437561,-0.49609375,0.378459095954895,False,0.4755535125732422
train-016086-7de91ce81b5ccfe6,4,3,train,9072814707531632614,pointer,W,M,M,True,U,False,False,0.25478845834732056,1.25,-1.25,1.25,0.5567738628692777,1,M U J,J,False,False,2.8826117515563965,-0.1455078125,0.46368712186813354,False,0.6230375170707703
train-016086-7de91ce81b5ccfe6,4,4,train,9072814707531632614,pointer,W,U,U,True,U,True,False,0.7205265760421753,0.0625,0.0625,0.0625,1.0404797664249776,1,U M N,G,False,False,3.3585901260375977,0.333984375,0.5827285051345825,True,0.5400338768959045
train-016086-7de91ce81b5ccfe6,4,5,train,9072814707531632614,pointer,W,M,,,U,False,True,,,-0.125,0.125,1.9756184965208183,,M U N,O,,False,,0.6796875,0.6636689305305481,,
train-016086-7de91ce81b5ccfe6,4,6,train,9072814707531632614,pointer,W,M,,,U,False,True,,,-0.125,0.125,3.074465575773201,,M U N,O,,False,,0.87890625,0.7065955400466919,,
train-016086-7de91ce81b5ccfe6,4,7,train,9072814707531632614,pointer,W,M,,,U,False,True,,,0.0,0.0,3.1676308248425022,,M U W,K,,False,,0.98046875,0.7272012233734131,,
train-016086-7de91ce81b5ccfe6,4,8,train,9072814707531632614,pointer,W,U,,,U,True,True,,,0.0625,0.0625,3.1786022729839165,,U M W,K,,False,,1.0390625,0.7386690378189087,,
train-016086-7de91ce81b5ccfe6,4,9,train,9072814707531632614,pointer,W,M,,,U,False,True,,,0.0,0.0,3.1703919551045416,,M U W,K,,False,,1.0703125,0.7446563243865967,,
train-016086-7de91ce81b5ccfe6,4,10,train,9072814707531632614,pointer,W,U,,,U,True,True,,,0.0625,0.0625,3.168305002348586,,U M W,K,,False,,1.09375,0.7490872144699097,,
train-016086-7de91ce81b5ccfe6,4,11,train,9072814707531632614,pointer,W,U,,,U,True,True,,,0.0625,0.0625,3.170572480982084,,U M W,K,,False,,1.109375,0.7520126104354858,,
train-016086-7de91ce81b5ccfe6,4,12,train,9072814707531632614,pointer,W,U,,,U,True,True,,,0.0625,0.0625,3.162611282236939,,U M N,K,,False,,1.1171875,0.7534666657447815,,
train-019318-c12f5dafacec505e,5,1,train,13920447982327320670,pointer,V,P,P,True,X,False,False,4.768370445162873e-07,15.5625,-21.21875,15.5625,8.639341479407615e-06,1,P C R,P,True,True,0.0018004650482907891,-0.61328125,0.351311057806015,False,0.4328019618988037
train-019318-c12f5dafacec505e,5,2,train,13920447982327320670,pointer,V,B,B,True,X,False,False,1.4662635294371285e-05,12.125,-17.0,12.125,0.0002063624403481021,1,B D P,B,True,True,0.012628704309463501,-0.435546875,0.39280253648757935,False,0.4989013075828552
train-019318-c12f5dafacec505e,5,3,train,13920447982327320670,pointer,V,D,D,True,X,False,False,0.5290781259536743,0.5,-5.75,0.5,0.9809572265918399,1,D J E,B,False,False,3.203141212463379,-0.09375,0.4765796363353729,False,0.6473703980445862
train-019318-c12f5dafacec505e,5,4,train,13920447982327320670,pointer,V,J,J,True,X,False,False,0.5138298869132996,0.9375,-3.3125,0.9375,1.4058062802384903,1,J D Y,T,False,False,3.647434949874878,0.298828125,0.5741560459136963,False,0.8536822199821472
train-019318-c12f5dafacec505e,5,5,train,13920447982327320670,pointer,V,D,X,False,X,False,False,2.946620225906372,-1.875,-1.875,0.4375,2.1920765101057924,4,D J Y,W,False,False,3.376765489578247,0.625,0.6513549089431763,True,0.42870068550109863
train-019318-c12f5dafacec505e,5,6,train,13920447982327320670,pointer,V,O,,,X,False,True,,,-0.8125,0.375,2.9816730244312817,,O Y D,O,,True,,0.859375,0.7025300860404968,,
train-019318-c12f5dafacec505e,5,7,train,13920447982327320670,pointer,V,O,,,X,False,True,,,-0.875,0.5625,3.128270990815659,,O Y K,N,,False,,0.9921875,0.729519784450531,,
train-019318-c12f5dafacec505e,5,8,train,13920447982327320670,pointer,V,O,,,X,False,True,,,-0.75,0.5,3.1527564898069094,,O Y K,N,,False,,1.0625,0.7431680560112,,
train-019318-c12f5dafacec505e,5,9,train,13920447982327320670,pointer,V,O,,,X,False,True,,,-0.8125,0.5625,3.149340955208551,,O Y K,N,,False,,1.1015625,0.7505527138710022,,
train-019318-c12f5dafacec505e,5,10,train,13920447982327320670,pointer,V,O,,,X,False,True,,,-0.75,0.5,3.153568561893337,,O Y K,N,,False,,1.1171875,0.7534666657447815,,
train-019318-c12f5dafacec505e,5,11,train,13920447982327320670,pointer,V,O,,,X,False,True,,,-0.75,0.5,3.1561125433626174,,O Y K,N,,False,,1.1328125,0.7563575506210327,,
train-019318-c12f5dafacec505e,5,12,train,13920447982327320670,pointer,V,O,,,X,False,True,,,-0.75,0.5,3.154253324919738,,O Y K,N,,False,,1.140625,0.7577943801879883,,
train-010256-0193e5dec0fb9cba,6,1,train,113687160497609914,pointer,V,Q,Q,True,Z,False,False,1.7881377516459906e-06,13.65625,-21.330078125,13.65625,2.903082916565407e-05,1,Q K J,Q,True,True,0.0019102912629023194,-0.59375,0.3557748794555664,False,0.43970704078674316
train-010256-0193e5dec0fb9cba,6,2,train,113687160497609914,pointer,V,F,B,False,Z,False,False,0.8259637951850891,-0.25,-14.90625,0.25,0.685723122735391,2,F B R,B,True,False,0.009009069763123989,-0.400390625,0.4012185037136078,False,0.512858510017395
train-010256-0193e5dec0fb9cba,6,3,train,113687160497609914,pointer,V,F,F,True,Z,False,False,0.009458019398152828,5.125,-9.8125,5.125,0.06808046534686699,1,F B T,B,False,False,3.3505730628967285,-0.0133056640625,0.4966736435890198,False,0.686516523361206
train-010256-0193e5dec0fb9cba,6,4,train,113687160497609914,pointer,V,F,K,False,Z,False,False,3.5310616493225098,-2.9375,-5.0,0.5,1.2369090995326772,3,F T K,T,False,False,3.421830177307129,0.400390625,0.5987815260887146,False,0.913249135017395
train-010256-0193e5dec0fb9cba,6,5,train,113687160497609914,pointer,V,F,W,False,Z,False,False,1.954841136932373,-0.5625,-2.375,0.0,2.3777047305483348,3,F T W,D,False,False,2.9691388607025146,0.70703125,0.6697448492050171,False,1.1078897714614868
train-010256-0193e5dec0fb9cba,6,6,train,113687160497609914,pointer,V,W,Z,False,Z,False,False,3.224663257598877,-1.1875,-1.1875,0.25,3.0473907790592656,8,W T K,I,False,False,3.2827277183532715,0.91796875,0.7146279811859131,True,0.33599308133125305
train-010256-0193e5dec0fb9cba,6,7,train,113687160497609914,pointer,V,W,,,Z,False,True,,,-0.8125,0.25,3.160930516306412,,W K T,I,,False,,1.03125,0.7371581792831421,,
train-010256-0193e5dec0fb9cba,6,8,train,113687160497609914,pointer,V,W,,,Z,False,True,,,-0.75,0.1875,3.1794137529072475,,W K T,X,,False,,1.09375,0.7490872144699097,,
train-010256-0193e5dec0fb9cba,6,9,train,113687160497609914,pointer,V,W,,,Z,False,True,,,-0.6875,0.125,3.183082674698463,,W K T,X,,False,,1.1328125,0.7563575506210327,,
train-010256-0193e5dec0fb9cba,6,10,train,113687160497609914,pointer,V,W,,,Z,False,True,,,-0.6875,0.125,3.183420796232491,,W K T,X,,False,,1.15625,0.7606506943702698,,
train-010256-0193e5dec0fb9cba,6,11,train,113687160497609914,pointer,V,W,,,Z,False,True,,,-0.6875,0.125,3.1811259146200013,,W K T,X,,False,,1.171875,0.7634837031364441,,
train-010256-0193e5dec0fb9cba,6,12,train,113687160497609914,pointer,V,W,,,Z,False,True,,,-0.6875,0.1875,3.1797483813454606,,W K T,X,,False,,1.1796875,0.7648916244506836,,
train-021156-e914cb09a14d891e,8,1,train,16795272152592779550,pointer,M,J,J,True,R,False,False,8.344646857949556e-07,14.375,-18.296875,14.375,1.3477373408155603e-05,1,J I B,J,True,True,0.005684638395905495,-0.6171875,0.35042136907577515,False,0.4314314126968384
train-021156-e914cb09a14d891e,8,2,train,16795272152592779550,pointer,M,T,T,True,R,False,False,0.00015424491721205413,8.8125,-13.0625,8.8125,0.0015429539917429125,1,T G R,T,True,True,0.05177633464336395,-0.37890625,0.4063906967639923,False,0.5215339660644531
train-021156-e914cb09a14d891e,8,3,train,16795272152592779550,pointer,M,G,G,True,R,False,False,0.0037252570036798716,6.8125,-8.3125,6.8125,0.03441714532125193,1,G T F,Z,False,False,3.298877477645874,-0.09716796875,0.4757270812988281,False,0.6457429528236389
train-021156-e914cb09a14d891e,8,4,train,16795272152592779550,pointer,M,S,S,True,R,False,False,0.9019339680671692,0.1875,-5.9375,0.1875,1.2478008763893425,1,S D G,I,False,False,3.3158819675445557,0.33203125,0.5822535157203674,False,0.8728805780410767
train-021156-e914cb09a14d891e,8,5,train,16795272152592779550,pointer,M,S,D,False,R,False,False,1.0502805709838867,-0.375,-4.625,0.375,1.3771580452576748,2,S D G,I,False,False,3.0058772563934326,0.69140625,0.666279673576355,False,1.0974520444869995
train-021156-e914cb09a14d891e,8,6,train,16795272152592779550,pointer,M,S,E,False,R,False,False,3.827192783355713,-2.1875,-1.75,0.375,2.947978491227177,19,S D J,I,False,False,3.3073654174804688,0.921875,0.7154240012168884,False,1.2567548751831055
train-021156-e914cb09a14d891e,8,7,train,16795272152592779550,pointer,M,J,W,False,R,False,False,3.5242340564727783,-0.75,-0.3125,0.0625,3.217998391277145,20,J D S,K,False,False,3.204339027404785,1.0390625,0.7386690378189087,False,1.3419678211212158
train-021156-e914cb09a14d891e,8,8,train,16795272152592779550,pointer,M,J,R,False,R,False,False,3.0999104976654053,-0.25,-0.25,0.0625,3.2271913865280277,8,J D G,K,False,False,3.283684253692627,1.1015625,0.7505527138710022,True,0.28694531321525574
train-021156-e914cb09a14d891e,8,9,train,16795272152592779550,pointer,M,J,,,R,False,True,,,-0.1875,0.0625,3.2274559212848186,,J D G,K,,False,,1.140625,0.7577943801879883,,
train-021156-e914cb09a14d891e,8,10,train,16795272152592779550,pointer,M,J,,,R,False,True,,,-0.25,0.0625,3.2261304392931094,,J D G,K,,False,,1.1640625,0.7620701193809509,,
train-021156-e914cb09a14d891e,8,11,train,16795272152592779550,pointer,M,D,,,R,False,True,,,-0.1875,0.0,3.2265523126077906,,D J G,K,,False,,1.1796875,0.7648916244506836,,
train-021156-e914cb09a14d891e,8,12,train,16795272152592779550,pointer,M,J,,,R,False,True,,,-0.1875,0.0625,3.225368642102482,,J D G,K,,False,,1.1875,0.7662936449050903,,
train-001303-fd214e8dbbeeda20,10,1,train,18239946336477567520,pointer,H,C,C,True,C,True,False,1.0609570381348021e-05,12.375,12.375,12.375,0.00015452748655280933,1,C A R,C,True,True,0.0010471820132806897,-0.44140625,0.39140594005584717,False,0.4966038465499878
train-001303-fd214e8dbbeeda20,10,2,train,18239946336477567520,pointer,H,Z,Z,True,C,False,False,1.680836794548668e-05,12.1875,-12.1875,12.1875,0.00023817987275842273,1,Z C X,Z,True,True,0.015591979026794434,-0.302734375,0.4248892068862915,False,0.5531925559043884
train-001303-fd214e8dbbeeda20,10,3,train,18239946336477567520,pointer,H,R,R,True,C,False,False,0.057409390807151794,2.875,-7.125,2.875,0.23217185403762017,1,R Z C,Z,False,False,3.8932814598083496,0.031982421875,0.5079949498176575,False,0.7092662453651428
train-001303-fd214e8dbbeeda20,10,4,train,18239946336477567520,pointer,H,R,C,False,C,False,False,4.047999382019043,-3.875,-3.875,2.25,0.704849354603055,4,R Z E,Z,False,False,3.2865331172943115,0.41015625,0.6011253595352173,False,0.9191080331802368
train-001303-fd214e8dbbeeda20,10,5,train,18239946336477567520,pointer,H,R,Z,False,C,False,False,1.7881088256835938,-1.1875,-3.125,1.1875,1.5413709815858239,2,R Z E,I,False,False,3.107325792312622,0.7265625,0.6740504503250122,False,1.121012806892395
train-001303-fd214e8dbbeeda20,10,6,train,18239946336477567520,pointer,H,R,R,True,C,False,False,0.9094749093055725,0.75,-2.6875,0.75,1.9090588978984884,1,R E Z,C,False,False,3.24784255027771,0.93359375,0.7178038358688354,False,1.2651526927947998
train-001303-fd214e8dbbeeda20,10,7,train,18239946336477567520,pointer,H,R,C,False,C,False,False,3.673208713531494,-2.75,-2.75,0.6875,1.9211963067447122,5,R E Z,C,True,False,2.9522433280944824,1.046875,0.740174412727356,False,1.3477444648742676
train-001303-fd214e8dbbeeda20,10,8,train,18239946336477567520,pointer,H,R,Z,False,C,False,False,1.8366892337799072,-0.9375,-2.75,0.75,1.902308876013374,3,R E Z,C,False,False,3.057706117630005,1.1171875,0.7534666657447815,False,1.4002580642700195
train-001303-fd214e8dbbeeda20,10,9,train,18239946336477567520,pointer,H,R,R,True,C,False,False,0.8542263507843018,0.8125,-2.875,0.8125,1.8622869874205876,1,R E Z,C,False,False,3.2974185943603516,1.15625,0.7606506943702698,False,1.4298310279846191
train-001303-fd214e8dbbeeda20,10,10,train,18239946336477567520,pointer,H,R,C,False,C,False,False,3.6824073791503906,-2.8125,-2.8125,0.75,1.8703515783395046,5,R E Z,C,True,False,2.9949114322662354,1.1796875,0.7648916244506836,True,0.2680211365222931
train-001303-fd214e8dbbeeda20,10,11,train,18239946336477567520,pointer,H,R,,,C,False,True,,,-2.875,0.8125,1.863789268952285,,R E Z,C,,False,,1.1953125,0.7676898241043091,,
train-001303-fd214e8dbbeeda20,10,12,train,18239946336477567520,pointer,H,R,,,C,False,True,,,-2.8125,0.8125,1.8693373400287172,,R E Z,N,,False,,1.203125,0.7690802216529846,,
train-002996-f0560e0587b8eb9f,12,1,train,17318044834014489503,pointer,R,W,W,True,Z,False,False,2.0265558760002023e-06,14.0,-16.34375,14.0,3.393098177536298e-05,1,W V I,W,True,True,0.006969427689909935,-0.55078125,0.3656831681728363,False,0.4552067518234253
train-002996-f0560e0587b8eb9f,12,2,train,17318044834014489503,pointer,R,D,D,True,Z,False,False,0.0020974320359528065,6.1875,-15.09375,6.1875,0.015327860201094187,1,D G C,D,True,True,0.0080014169216156,-0.34375,0.4148988723754883,False,0.5359705090522766
train-002996-f0560e0587b8eb9f,12,3,train,17318044834014489503,pointer,R,G,G,True,Z,False,False,0.004734140355139971,6.5,-9.1875,6.5,0.04250954740777609,1,G Q F,Z,False,False,2.7366819381713867,0.003326416015625,0.5008316040039062,False,0.6948117613792419
train-002996-f0560e0587b8eb9f,12,4,train,17318044834014489503,pointer,R,Q,Q,True,Z,False,False,1.0658739805221558,0.1875,-3.4375,0.1875,1.7300275502896245,1,Q C Y,G,False,False,2.9994940757751465,0.328125,0.581303060054779,False,0.8706080317497253
train-002996-f0560e0587b8eb9f,12,5,train,17318044834014489503,pointer,R,C,C,True,Z,False,False,0.9101337194442749,0.8125,-3.1875,0.8125,2.06076134402906,1,C K Q,T,False,False,3.1524085998535156,0.640625,0.6548947095870972,False,1.0639058351516724
train-002996-f0560e0587b8eb9f,12,6,train,17318044834014489503,pointer,R,C,K,False,Z,False,False,2.1667680740356445,-0.6875,-1.75,0.6875,2.742386355697884,2,C K R,I,False,False,3.2893378734588623,0.875,0.7057850360870361,False,1.2234445810317993
train-002996-f0560e0587b8eb9f,12,7,train,17318044834014489503,pointer,R,R,J,False,Z,False,False,3.9025719165802,-1.75,-0.75,0.5,3.118830406662034,23,R O C,O,False,False,3.630979537963867,1.0078125,0.7325918078422546,False,1.318979024887085
train-002996-f0560e0587b8eb9f,12,8,train,17318044834014489503,pointer,R,R,T,False,Z,False,False,3.215733528137207,-1.0,-0.625,0.375,3.1448076242636707,9,R O Z,O,False,False,3.408503532409668,1.0859375,0.7476159334182739,False,1.3768033981323242
train-002996-f0560e0587b8eb9f,12,9,train,17318044834014489503,pointer,R,R,O,False,Z,False,False,2.615629196166992,-0.4375,-0.6875,0.4375,3.1420163098408467,2,R O Z,O,True,False,2.989861011505127,1.125,0.7549149990081787,False,1.4061501026153564
train-002996-f0560e0587b8eb9f,12,10,train,17318044834014489503,pointer,R,R,I,False,Z,False,False,3.011298656463623,-0.8125,-0.625,0.4375,3.146018257704312,4,R O Z,O,False,False,3.082481622695923,1.1484375,0.7592254281044006,False,1.4238940477371216
train-002996-f0560e0587b8eb9f,12,11,train,17318044834014489503,pointer,R,R,P,False,Z,False,False,3.308382034301758,-1.125,-0.6875,0.4375,3.1441220026791434,13,R O Z,O,False,False,3.442128896713257,1.1640625,0.7620701193809509,False,1.4357792139053345
train-002996-f0560e0587b8eb9f,12,12,train,17318044834014489503,pointer,R,R,Z,False,Z,False,False,2.820145845413208,-0.625,-0.625,0.4375,3.144631845153425,3,R O Z,O,False,False,3.2668864727020264,1.171875,0.7634837031364441,True,0.26986342668533325
train-011475-e455092e4f2301cf,1,1,train,16453066908168815055,pointer,D,N,N,True,N,True,False,1.4185804502631072e-05,11.625,11.625,11.625,0.0001951736670315833,1,N Q D,N,True,True,0.0010967198759317398,-0.404296875,0.4002804160118103,True,0.9155899286270142
train-011475-e455092e4f2301cf,1,2,train,16453066908168815055,pointer,D,G,,,N,False,True,,,-16.75,13.375,9.442239847354378e-05,,G P F,G,,True,,-0.302734375,0.4248892068862915,,
train-011475-e455092e4f2301cf,1,3,train,16453066908168815055,pointer,D,P,,,N,False,True,,,-7.625,5.0625,0.07631671648356826,,P K Z,G,,False,,-0.04443359375,0.48889344930648804,,
train-011475-e455092e4f2301cf,1,4,train,16453066908168815055,pointer,D,K,,,N,False,True,,,-3.9375,1.25,1.2344373527571442,,K Z P,G,,False,,0.361328125,0.589361846446991,,
train-011475-e455092e4f2301cf,1,5,train,16453066908168815055,pointer,D,K,,,N,False,True,,,-2.75,0.8125,1.73718284640586,,K Z P,Q,,False,,0.68359375,0.6645402908325195,,
train-011475-e455092e4f2301cf,1,6,train,16453066908168815055,pointer,D,K,,,N,False,True,,,-2.1875,1.0625,2.1061483330946427,,K Z P,O,,False,,0.890625,0.709019124507904,,
train-011475-e455092e4f2301cf,1,7,train,16453066908168815055,pointer,D,K,,,N,False,True,,,-1.5625,1.0,2.396748610054817,,K P Z,O,,False,,1.0078125,0.7325918078422546,,
train-011475-e455092e4f2301cf,1,8,train,16453066908168815055,pointer,D,K,,,N,False,True,,,-1.375,0.8125,2.44835809777956,,K P Z,O,,False,,1.0703125,0.7446563243865967,,
train-011475-e455092e4f2301cf,1,9,train,16453066908168815055,pointer,D,K,,,N,False,True,,,-1.375,0.75,2.4544030966445702,,K P Z,K,,True,,1.109375,0.7520126104354858,,
train-011475-e455092e4f2301cf,1,10,train,16453066908168815055,pointer,D,K,,,N,False,True,,,-1.375,0.75,2.4587941802635314,,K P Z,K,,True,,1.1328125,0.7563575506210327,,
train-011475-e455092e4f2301cf,1,11,train,16453066908168815055,pointer,D,K,,,N,False,True,,,-1.375,0.6875,2.4528814987632064,,K P Z,K,,True,,1.1484375,0.7592254281044006,,
train-011475-e455092e4f2301cf,1,12,train,16453066908168815055,pointer,D,K,,,N,False,True,,,-1.375,0.6875,2.4498825514087246,,K P Z,K,,True,,1.15625,0.7606506943702698,,
train-026488-25c07310c4572ad5,2,1,train,2720300690782497493,pointer,V,C,C,True,O,False,False,9.775113539944869e-06,12.3125,-18.765625,12.3125,0.00014224876173094228,1,C A R,C,True,True,0.0008232779800891876,-0.3984375,0.4016878008842468,False,0.5136426091194153
train-026488-25c07310c4572ad5,2,2,train,2720300690782497493,pointer,V,O,O,True,O,True,False,5.6980417866725475e-05,10.0,10.0,10.0,0.000663738019208727,1,O R P,O,True,True,0.031084299087524414,-0.310546875,0.42298123240470886,True,0.8604273796081543
train-026488-25c07310c4572ad5,2,3,train,2720300690782497493,pointer,V,W,,,O,False,True,,,-8.875,1.375,0.5695122236375643,,W K T,O,,False,,-0.022705078125,0.4943239390850067,,
train-026488-25c07310c4572ad5,2,4,train,2720300690782497493,pointer,V,W,,,O,False,True,,,-5.5625,0.25,1.1267482570146101,,W K T,R,,False,,0.35546875,0.5879431366920471,,
train-026488-25c07310c4572ad5,2,5,train,2720300690782497493,pointer,V,W,,,O,False,True,,,-3.75,0.3125,1.9124484402765183,,W K T,R,,False,,0.6953125,0.6671476364135742,,
train-026488-25c07310c4572ad5,2,6,train,2720300690782497493,pointer,V,W,,,O,False,True,,,-1.375,0.25,3.026455139746612,,W K T,O,,False,,0.921875,0.7154240012168884,,
train-026488-25c07310c4572ad5,2,7,train,2720300690782497493,pointer,V,K,,,O,False,True,,,-0.75,0.0,3.1696755556842513,,K M T,I,,False,,1.0390625,0.7386690378189087,,
train-026488-25c07310c4572ad5,2,8,train,2720300690782497493,pointer,V,K,,,O,False,True,,,-0.75,0.0625,3.181136855320046,,K M T,X,,False,,1.1015625,0.7505527138710022,,
train-026488-25c07310c4572ad5,2,9,train,2720300690782497493,pointer,V,K,,,O,False,True,,,-0.6875,0.0,3.1814614780607102,,K M T,X,,False,,1.1328125,0.7563575506210327,,
train-026488-25c07310c4572ad5,2,10,train,2720300690782497493,pointer,V,K,,,O,False,True,,,-0.6875,0.0,3.1813898630338393,,K M T,X,,False,,1.1484375,0.7592254281044006,,
train-026488-25c07310c4572ad5,2,11,train,2720300690782497493,pointer,V,K,,,O,False,True,,,-0.75,0.0,3.1777160003295735,,K T M,X,,False,,1.1640625,0.7620701193809509,,
train-026488-25c07310c4572ad5,2,12,train,2720300690782497493,pointer,V,K,,,O,False,True,,,-0.6875,0.0,3.179455744359754,,K M T,X,,False,,1.171875,0.7634837031364441,,
train-018632-67d576e62d08797d,3,1,train,7482017086916032893,pointer,Y,E,E,True,G,False,False,5.245195097813848e-06,13.40625,-15.09375,13.40625,8.082747242453038e-05,1,E A C,E,True,True,0.0034244961570948362,-0.498046875,0.37799978256225586,False,0.47481483221054077
train-018632-67d576e62d08797d,3,2,train,7482017086916032893,pointer,Y,D,D,True,G,False,False,2.074220174108632e-05,11.125,-13.8125,11.125,0.0002728946675367392,1,D C J,D,True,True,0.27838006615638733,-0.23046875,0.44263648986816406,False,0.5845376253128052
train-018632-67d576e62d08797d,3,3,train,7482017086916032893,pointer,Y,G,G,True,G,True,False,0.15754927694797516,2.25,2.25,2.25,0.5537433568842844,1,G D M,E,False,False,2.5353844165802,0.051025390625,0.5127536058425903,True,0.6679598689079285
train-018632-67d576e62d08797d,3,4,train,7482017086916032893,pointer,Y,R,,,G,False,True,,,-7.125,0.25,0.8389219172865581,,R M L,G,,False,,0.345703125,0.5855752229690552,,
train-018632-67d576e62d08797d,3,5,train,7482017086916032893,pointer,Y,R,,,G,False,True,,,-6.3125,0.3125,1.2762258926604344,,R M L,I,,False,,0.66015625,0.6592954993247986,,
train-018632-67d576e62d08797d,3,6,train,7482017086916032893,pointer,Y,R,,,G,False,True,,,-3.125,1.125,2.8785311139031333,,R L M,I,,False,,0.88671875,0.7082125544548035,,
train-018632-67d576e62d08797d,3,7,train,7482017086916032893,pointer,Y,R,,,G,False,True,,,-1.625,0.4375,3.1699630114815243,,R K L,I,,False,,1.015625,0.7341195344924927,,
train-018632-67d576e62d08797d,3,8,train,7482017086916032893,pointer,Y,R,,,G,False,True,,,-1.25,0.25,3.2005998767455925,,R K L,X,,False,,1.0859375,0.7476159334182739,,
train-018632-67d576e62d08797d,3,9,train,7482017086916032893,pointer,Y,R,,,G,False,True,,,-1.3125,0.3125,3.198335180502615,,R K L,X,,False,,1.1171875,0.7534666657447815,,
train-018632-67d576e62d08797d,3,10,train,7482017086916032893,pointer,Y,R,,,G,False,True,,,-1.3125,0.3125,3.197964489464979,,R K L,X,,False,,1.140625,0.7577943801879883,,
train-018632-67d576e62d08797d,3,11,train,7482017086916032893,pointer,Y,R,,,G,False,True,,,-1.25,0.3125,3.200577696022464,,R K L,X,,False,,1.15625,0.7606506943702698,,
train-018632-67d576e62d08797d,3,12,train,7482017086916032893,pointer,Y,R,,,G,False,True,,,-1.25,0.3125,3.201031022225754,,R K L,X,,False,,1.1640625,0.7620701193809509,,
train-032574-a1752cdb7c3395bf,4,1,train,11634254533574759871,pointer,Z,B,B,True,S,False,False,1.0728830375228426e-06,14.75,-18.796875,14.75,1.8738160566303437e-05,1,B C A,B,True,True,0.0051236990839242935,-0.55859375,0.3638729155063629,False,0.45235681533813477
train-032574-a1752cdb7c3395bf,4,2,train,11634254533574759871,pointer,Z,V,V,True,S,False,False,5.435795901576057e-05,11.3125,-15.3125,11.3125,0.0007307619978894262,1,V H F,V,True,True,0.009902873076498508,-0.419921875,0.3965354859828949,False,0.5050680041313171
train-032574-a1752cdb7c3395bf,4,3,train,11634254533574759871,pointer,Z,H,H,True,S,False,False,0.0039952946826815605,7.125,-7.125,7.125,0.037422323738648386,1,H S V,V,False,False,3.907233715057373,-0.0546875,0.4863315224647522,False,0.6661772131919861
train-032574-a1752cdb7c3395bf,4,4,train,11634254533574759871,pointer,Z,H,S,False,S,False,False,2.1667027473449707,-2.0,-2.0,2.0,0.6315953645300229,2,H S Y,V,False,False,3.8413350582122803,0.32421875,0.5803520083427429,True,0.5441204309463501
train-032574-a1752cdb7c3395bf,4,5,train,11634254533574759871,pointer,Z,H,,,S,False,True,,,-0.375,0.375,1.249058115925955,,H S Z,I,,False,,0.65234375,0.6575384140014648,,
train-032574-a1752cdb7c3395bf,4,6,train,11634254533574759871,pointer,Z,H,,,S,False,True,,,-0.125,0.125,1.9663290767824213,,H S Z,I,,False,,0.875,0.7057850360870361,,
train-032574-a1752cdb7c3395bf,4,7,train,11634254533574759871,pointer,Z,H,,,S,False,True,,,-0.1875,0.1875,2.2391673276502986,,H S Z,I,,False,,0.99609375,0.730289876461029,,
train-032574-a1752cdb7c3395bf,4,8,train,11634254533574759871,pointer,Z,H,,,S,False,True,,,-0.1875,0.1875,2.2410470253980788,,H S Z,I,,False,,1.0703125,0.7446563243865967,,
train-032574-a1752cdb7c3395bf,4,9,train,11634254533574759871,pointer,Z,H,,,S,False,True,,,-0.3125,0.3125,2.2223634944706183,,H S Z,I,,False,,1.109375,0.7520126104354858,,
train-032574-a1752cdb7c3395bf,4,10,train,11634254533574759871,pointer,Z,H,,,S,False,True,,,-0.25,0.25,2.2123286614723776,,H S Z,I,,False,,1.140625,0.7577943801879883,,
train-032574-a1752cdb7c3395bf,4,11,train,11634254533574759871,pointer,Z,H,,,S,False,True,,,-0.25,0.25,2.2365274201143275,,H S Z,I,,False,,1.15625,0.7606506943702698,,
train-032574-a1752cdb7c3395bf,4,12,train,11634254533574759871,pointer,Z,H,,,S,False,True,,,-0.25,0.25,2.2099426352128204,,H S Z,I,,False,,1.1640625,0.7620701193809509,,
train-014071-5dc5b5981dba5e10,5,1,train,6757006480877706768,pointer,Y,S,S,True,Q,False,False,3.8265450712060556e-05,10.3125,-14.6875,10.3125,0.00045575888613652533,1,S R T,S,True,True,0.004921939689666033,-0.47265625,0.3839877247810364,False,0.48448842763900757
train-014071-5dc5b5981dba5e10,5,2,train,6757006480877706768,pointer,Y,U,U,True,Q,False,False,5.960446742392378e-06,13.6875,-17.1875,13.6875,9.431839178781053e-05,1,U T D,U,True,True,0.2078453004360199,-0.36328125,0.4101654887199402,False,0.5279132723808289
train-014071-5dc5b5981dba5e10,5,3,train,6757006480877706768,pointer,Y,G,G,True,Q,False,False,0.0021207479294389486,8.0625,-10.25,8.0625,0.02125927263960246,1,G H I,G,True,True,2.218613624572754,-0.055419921875,0.48614856600761414,False,0.6658211350440979
train-014071-5dc5b5981dba5e10,5,4,train,6757006480877706768,pointer,Y,H,H,True,Q,False,False,0.12456024438142776,2.75,-6.5,2.75,0.579339377621753,1,H G K,G,False,False,3.1814324855804443,0.345703125,0.5855752229690552,False,0.8808637857437134
train-014071-5dc5b5981dba5e10,5,5,train,6757006480877706768,pointer,Y,H,Q,False,Q,False,False,1.963294506072998,-1.0625,-1.0625,1.0625,2.1773158237717722,2,H Q R,G,False,False,3.044973134994507,0.68359375,0.6645402908325195,True,0.4086597263813019
train-014071-5dc5b5981dba5e10,5,6,train,6757006480877706768,pointer,Y,J,,,Q,False,True,,,-0.5625,0.25,3.041351568972747,,J K Q,I,,False,,0.90625,0.7122321724891663,,
train-014071-5dc5b5981dba5e10,5,7,train,6757006480877706768,pointer,Y,J,,,Q,False,True,,,-0.875,0.3125,3.1192260136140013,,J K Y,K,,False,,1.03125,0.7371581792831421,,
train-014071-5dc5b5981dba5e10,5,8,train,6757006480877706768,pointer,Y,J,,,Q,False,True,,,-0.875,0.25,3.131356365838616,,J K Y,K,,False,,1.1015625,0.7505527138710022,,
train-014071-5dc5b5981dba5e10,5,9,train,6757006480877706768,pointer,Y,J,,,Q,False,True,,,-0.875,0.25,3.131783836552442,,J K Y,K,,False,,1.140625,0.7577943801879883,,
train-014071-5dc5b5981dba5e10,5,10,train,6757006480877706768,pointer,Y,J,,,Q,False,True,,,-0.8125,0.1875,3.137568660588226,,J K Y,K,,False,,1.1640625,0.7620701193809509,,
train-014071-5dc5b5981dba5e10,5,11,train,6757006480877706768,pointer,Y,J,,,Q,False,True,,,-0.875,0.25,3.1378083785575273,,J K Y,K,,False,,1.1875,0.7662936449050903,,
train-014071-5dc5b5981dba5e10,5,12,train,6757006480877706768,pointer,Y,J,,,Q,False,True,,,-0.875,0.25,3.1407526914862722,,J K Y,X,,False,,1.1953125,0.7676898241043091,,
train-018230-909d2eb973e88a60,6,1,train,10420536486853642848,pointer,C,O,O,True,B,False,False,1.2397689715726301e-05,12.40625,-15.78125,12.40625,0.0001793586822820614,1,O A Q,O,True,True,0.0015717307105660439,-0.5078125,0.3757064640522003,False,0.47113466262817383
train-018230-909d2eb973e88a60,6,2,train,10420536486853642848,pointer,C,T,T,True,B,False,False,7.414542778860778e-05,10.1875,-15.21875,10.1875,0.000916842341503832,1,T R Z,T,True,True,0.0216724444180727,-0.33984375,0.41584745049476624,False,0.5375931262969971
train-018230-909d2eb973e88a60,6,3,train,10420536486853642848,pointer,C,Z,Z,True,B,False,False,0.045199111104011536,3.1875,-10.1875,3.1875,0.20795798322618492,1,Z Y T,T,False,False,3.046311378479004,-0.04443359375,0.48889344930648804,False,0.6711771488189697
train-018230-909d2eb973e88a60,6,4,train,10420536486853642848,pointer,C,Z,Y,False,B,False,False,1.8386621475219727,-1.625,-7.75,1.625,0.6721261575232274,2,Z Y I,T,False,False,3.042297840118408,0.341796875,0.5846269726753235,False,0.878578245639801
train-018230-909d2eb973e88a60,6,5,train,10420536486853642848,pointer,C,Z,D,False,B,False,False,4.644920349121094,-4.1875,-5.5,1.0,1.2950975530379927,6,Z Y I,I,False,False,3.040741443634033,0.6796875,0.6636689305305481,False,1.089659333229065
train-018230-909d2eb973e88a60,6,6,train,10420536486853642848,pointer,C,Z,B,False,B,False,False,3.3696541786193848,-1.8125,-1.8125,0.8125,2.969739749915304,9,Z Y K,O,False,False,3.3740153312683105,0.90625,0.7122321724891663,True,0.3393513262271881
train-018230-909d2eb973e88a60,6,7,train,10420536486853642848,pointer,C,Z,,,B,False,True,,,-0.75,0.1875,3.1933105015375576,,Z R X,O,,False,,1.0234375,0.735641598701477,,
train-018230-909d2eb973e88a60,6,8,train,10420536486853642848,pointer,C,Z,,,B,False,True,,,-0.6875,0.125,3.2020638068961174,,Z R X,X,,False,,1.078125,0.7461389899253845,,
train-018230-909d2eb973e88a60,6,9,train,10420536486853642848,pointer,C,Z,,,B,False,True,,,-0.75,0.1875,3.199769546284129,,Z R X,X,,False,,1.1171875,0.7534666657447815,,
train-018230-909d2eb973e88a60,6,10,train,10420536486853642848,pointer,C,Z,,,B,False,True,,,-0.75,0.1875,3.199199595823768,,Z R X,X,,False,,1.140625,0.7577943801879883,,
train-018230-909d2eb973e88a60,6,11,train,10420536486853642848,pointer,C,Z,,,B,False,True,,,-0.75,0.1875,3.199857978696267,,Z R X,X,,False,,1.1484375,0.7592254281044006,,
train-018230-909d2eb973e88a60,6,12,train,10420536486853642848,pointer,C,Z,,,B,False,True,,,-0.75,0.1875,3.199199595823768,,Z R X,X,,False,,1.1640625,0.7620701193809509,,
train-019860-bdb691eb438723a7,8,1,train,13670274158565991335,pointer,S,O,O,True,W,False,False,8.940656698541716e-06,12.25,-18.15625,12.25,0.00013154110824139623,1,O A P,O,True,True,0.0008232779800891876,-0.5078125,0.3757064640522003,False,0.47113466262817383
train-019860-bdb691eb438723a7,8,2,train,13670274158565991335,pointer,S,O,E,False,W,False,False,8.625187873840332,-8.625,-18.66015625,8.625,0.0018459132076542064,2,O E A,O,False,True,7.298221111297607,-0.349609375,0.4134771525859833,False,0.5335437059402466
train-019860-bdb691eb438723a7,8,3,train,13670274158565991335,pointer,S,E,K,False,W,False,False,6.696430683135986,-6.6875,-8.0625,6.3125,0.07449127798372328,4,E O I,E,False,True,3.293950319290161,-0.00014400482177734375,0.49996399879455566,False,0.6930751800537109
train-019860-bdb691eb438723a7,8,4,train,13670274158565991335,pointer,S,K,M,False,W,False,False,2.2141833305358887,-1.9375,-5.75,1.9375,0.9565170679920489,2,K M E,O,False,False,3.6674158573150635,0.376953125,0.5931380391120911,False,0.8992812633514404
train-019860-bdb691eb438723a7,8,5,train,13670274158565991335,pointer,S,K,B,False,W,False,False,4.719160556793213,-3.5625,-3.4375,0.0625,2.110475756075154,14,K M E,O,False,False,3.413054943084717,0.70703125,0.6697448492050171,False,1.1078897714614868
train-019860-bdb691eb438723a7,8,6,train,13670274158565991335,pointer,S,D,J,False,W,False,False,3.349135160446167,-0.5625,-0.625,0.0,3.194631733596402,16,D X Y,O,False,False,3.457510232925415,0.91796875,0.7146279811859131,False,1.2539618015289307
train-019860-bdb691eb438723a7,8,7,train,13670274158565991335,pointer,S,X,Z,False,W,False,False,3.0755083560943604,-0.375,-0.6875,0.25,3.2183696882873347,8,X D Q,Q,False,False,3.176091194152832,1.03125,0.7371581792831421,False,1.33620285987854
train-019860-bdb691eb438723a7,8,8,train,13670274158565991335,pointer,S,X,W,False,W,False,False,3.3561432361602783,-0.625,-0.625,0.25,3.2235806008476104,17,X D Q,Q,False,False,3.1697661876678467,1.09375,0.7490872144699097,True,0.28889986872673035
train-019860-bdb691eb438723a7,8,9,train,13670274158565991335,pointer,S,X,,,W,False,True,,,-0.6875,0.25,3.221731085272885,,X Q D,Q,,False,,1.1328125,0.7563575506210327,,
train-019860-bdb691eb438723a7,8,10,train,13670274158565991335,pointer,S,X,,,W,False,True,,,-0.6875,0.25,3.22111568875579,,X Q D,Q,,False,,1.15625,0.7606506943702698,,
train-019860-bdb691eb438723a7,8,11,train,13670274158565991335,pointer,S,X,,,W,False,True,,,-0.6875,0.25,3.2226509777500945,,X Q D,Q,,False,,1.1640625,0.7620701193809509,,
train-019860-bdb691eb438723a7,8,12,train,13670274158565991335,pointer,S,X,,,W,False,True,,,-0.6875,0.25,3.22111568875579,,X Q D,Q,,False,,1.1796875,0.7648916244506836,,
train-025720-61b231b44159fe6e,10,1,train,7039743817793797742,pointer,P,F,F,True,G,False,False,3.933898824470816e-06,13.75,-14.8125,13.75,6.133141118940461e-05,1,F C J,F,True,True,0.0012693690368905663,-0.478515625,0.382602721452713,False,0.48224252462387085
train-025720-61b231b44159fe6e,10,2,train,7039743817793797742,pointer,P,D,D,True,G,False,False,3.814624506048858e-05,10.5625,-14.6875,10.5625,0.0004780343715267374,1,D F O,D,True,True,0.009742804802954197,-0.341796875,0.4153730273246765,False,0.536781370639801
train-025720-61b231b44159fe6e,10,3,train,7039743817793797742,pointer,P,X,X,True,G,False,False,0.005402132868766785,5.75,-9.1875,5.75,0.04369268512960659,1,X E I,D,False,False,3.655381202697754,-0.047119140625,0.4882223904132843,False,0.6698651313781738
train-025720-61b231b44159fe6e,10,4,train,7039743817793797742,pointer,P,X,G,False,G,False,False,2.04893159866333,-1.5,-1.5,0.875,1.216358914174322,3,X E G,D,False,False,3.1154589653015137,0.32421875,0.5803520083427429,False,0.8683391809463501
train-025720-61b231b44159fe6e,10,5,train,7039743817793797742,pointer,P,X,E,False,G,False,False,1.4287612438201904,-0.375,-0.625,0.375,1.9984772699313977,2,X E G,W,False,False,3.292726516723633,0.66015625,0.6592954993247986,False,1.0767396688461304
train-025720-61b231b44159fe6e,10,6,train,7039743817793797742,pointer,P,X,P,False,G,False,False,3.8851540088653564,-1.875,-0.9375,0.5625,3.094952234962763,22,X E Y,I,False,False,3.539762496948242,0.88671875,0.7082125544548035,False,1.2317297458648682
train-025720-61b231b44159fe6e,10,7,train,7039743817793797742,pointer,P,R,F,False,G,False,False,3.515347480773926,-0.875,-1.0625,0.125,3.1991803032836366,19,R X Q,K,False,False,3.42024827003479,1.0,0.7310585975646973,False,1.3132617473602295
train-025720-61b231b44159fe6e,10,8,train,7039743817793797742,pointer,P,R,D,False,G,False,False,3.6541268825531006,-1.0625,-1.125,0.25,3.200767356460882,22,R X L,K,False,False,3.3267767429351807,1.0703125,0.7446563243865967,False,1.365144968032837
train-025720-61b231b44159fe6e,10,9,train,7039743817793797742,pointer,P,R,X,False,G,False,False,2.8514113426208496,-0.25,-1.0625,0.25,3.2004708646461566,3,R L X,K,False,False,2.9842875003814697,1.109375,0.7520126104354858,False,1.3943772315979004
train-025720-61b231b44159fe6e,10,10,train,7039743817793797742,pointer,P,R,G,False,G,False,False,3.666808605194092,-1.0625,-1.0625,0.25,3.200097139027413,23,R L X,K,False,False,3.6220285892486572,1.1328125,0.7563575506210327,True,0.27924108505249023
train-025720-61b231b44159fe6e,10,11,train,7039743817793797742,pointer,P,R,,,G,False,True,,,-1.125,0.25,3.19954522596054,,R X L,K,,False,,1.1484375,0.7592254281044006,,
train-025720-61b231b44159fe6e,10,12,train,7039743817793797742,pointer,P,R,,,G,False,True,,,-1.0625,0.25,3.2024537602076033,,R L X,K,,False,,1.15625,0.7606506943702698,,
train-030608-c1f077d0bf70e845,12,1,train,13974801382179399749,pointer,C,E,E,True,W,False,False,2.264974000354414e-06,14.875,-18.578125,14.875,3.670046349047985e-05,1,E I A,E,True,True,0.01104880403727293,-0.44921875,0.38954654335975647,False,0.4935532212257385
train-030608-c1f077d0bf70e845,12,2,train,13974801382179399749,pointer,C,X,X,True,W,False,False,1.4305012882687151e-05,11.1875,-20.921875,11.1875,0.0001760021415405113,1,X I J,X,True,True,0.011670883744955063,-0.279296875,0.43062615394592285,False,0.5632180571556091
train-030608-c1f077d0bf70e845,12,3,train,13974801382179399749,pointer,C,I,I,True,W,False,False,0.01952429860830307,4.3125,-10.625,4.3125,0.11669812594258307,1,I J Q,X,False,False,3.1257312297821045,-0.00927734375,0.4976806938648224,False,0.6885192394256592
train-030608-c1f077d0bf70e845,12,4,train,13974801382179399749,pointer,C,J,J,True,W,False,False,0.47745877504348755,0.75,-6.5625,0.75,1.0061348277849826,1,J I Q,T,False,False,3.1094815731048584,0.345703125,0.5855752229690552,False,0.8808637857437134
train-030608-c1f077d0bf70e845,12,5,train,13974801382179399749,pointer,C,J,V,False,W,False,False,4.053796291351318,-3.6875,-4.8125,1.375,1.1618533007691796,4,J I Q,I,False,False,3.4736902713775635,0.671875,0.6619228720664978,False,1.0844812393188477
train-030608-c1f077d0bf70e845,12,6,train,13974801382179399749,pointer,C,J,U,False,W,False,False,4.303014755249023,-3.5625,-3.5,0.75,1.8822527507488978,12,J I Q,I,False,False,3.2991831302642822,0.90234375,0.7114308476448059,False,1.2428207397460938
train-030608-c1f077d0bf70e845,12,7,train,13974801382179399749,pointer,C,J,W,False,W,False,False,3.7435832023620605,-2.6875,-2.6875,0.4375,2.2787309241375273,11,J I Q,I,False,False,3.2071123123168945,1.0234375,0.735641598701477,False,1.3304497003555298
train-030608-c1f077d0bf70e845,12,8,train,13974801382179399749,pointer,C,J,I,False,W,False,False,1.4657957553863525,-0.375,-2.625,0.375,2.2962966887255574,2,J I Q,X,False,False,2.9760549068450928,1.09375,0.7490872144699097,False,1.3826498985290527
train-030608-c1f077d0bf70e845,12,9,train,13974801382179399749,pointer,C,J,J,True,W,False,False,1.119818925857544,0.3125,-2.625,0.3125,2.3048796864594467,1,J I Q,X,False,False,3.3723642826080322,1.1328125,0.7563575506210327,False,1.4120535850524902
train-030608-c1f077d0bf70e845,12,10,train,13974801382179399749,pointer,C,J,V,False,W,False,False,3.1477112770080566,-2.0625,-2.625,0.375,2.287664454415655,4,J I Q,X,False,False,3.405050039291382,1.15625,0.7606506943702698,False,1.4298310279846191
train-030608-c1f077d0bf70e845,12,11,train,13974801382179399749,pointer,C,J,U,False,W,False,False,3.646132469177246,-2.5625,-2.6875,0.375,2.2851081669032913,9,J I Q,X,False,False,3.255509614944458,1.171875,0.7634837031364441,False,1.4417383670806885
train-030608-c1f077d0bf70e845,12,12,train,13974801382179399749,pointer,C,J,W,False,W,False,False,3.7102112770080566,-2.625,-2.625,0.375,2.287664454415655,10,J I Q,X,False,False,3.257641077041626,1.1796875,0.7648916244506836,True,0.2680211365222931
train-009711-ec4ff622dab94905,1,1,train,17028099345670031621,pointer,B,S,S,True,S,True,False,7.390948667307384e-06,12.125,12.125,12.125,0.00010430226332310153,1,S R T,S,True,True,0.002234464045614004,-0.333984375,0.4172714650630951,True,0.8740182518959045
train-009711-ec4ff622dab94905,1,2,train,17028099345670031621,pointer,B,C,,,S,False,True,,,-13.875,12.3125,0.000265757023818409,,C B D,C,,True,,-0.1806640625,0.45495641231536865,,
train-009711-ec4ff622dab94905,1,3,train,17028099345670031621,pointer,B,K,,,S,False,True,,,-9.9375,3.0,0.20898186999105992,,K X Y,S,,False,,0.130859375,0.5326682329177856,,
train-009711-ec4ff622dab94905,1,4,train,17028099345670031621,pointer,B,K,,,S,False,True,,,-5.4375,1.4375,1.272956244109514,,K X N,K,,True,,0.470703125,0.61555016040802,,
train-009711-ec4ff622dab94905,1,5,train,17028099345670031621,pointer,B,K,,,S,False,True,,,-4.1875,0.75,2.2729752843406903,,K X F,I,,False,,0.73828125,0.6766199469566345,,
train-009711-ec4ff622dab94905,1,6,train,17028099345670031621,pointer,B,X,,,S,False,True,,,-1.0625,0.125,3.0923409878732326,,X B I,I,,False,,0.92578125,0.7162185907363892,,
train-009711-ec4ff622dab94905,1,7,train,17028099345670031621,pointer,B,B,,,S,False,True,,,-0.875,0.0,3.1786889305829837,,B X I,O,,False,,1.0234375,0.735641598701477,,
train-009711-ec4ff622dab94905,1,8,train,17028099345670031621,pointer,B,B,,,S,False,True,,,-0.875,0.0625,3.1902728430604457,,B X I,B,,True,,1.078125,0.7461389899253845,,
train-009711-ec4ff622dab94905,1,9,train,17028099345670031621,pointer,B,B,,,S,False,True,,,-0.9375,0.1875,3.1924324822687717,,B X I,X,,False,,1.109375,0.7520126104354858,,
train-009711-ec4ff622dab94905,1,10,train,17028099345670031621,pointer,B,B,,,S,False,True,,,-0.875,0.125,3.1924869525051704,,B X I,X,,False,,1.125,0.7549149990081787,,
train-009711-ec4ff622dab94905,1,11,train,17028099345670031621,pointer,B,B,,,S,False,True,,,-0.9375,0.1875,3.192914442888997,,B X I,X,,False,,1.140625,0.7577943801879883,,
train-009711-ec4ff622dab94905,1,12,train,17028099345670031621,pointer,B,B,,,S,False,True,,,-0.9375,0.125,3.191100765523223,,B X I,X,,False,,1.1484375,0.7592254281044006,,
train-031816-da025afc549ac38f,2,1,train,15709218490019398543,pointer,Q,P,P,True,N,False,False,-0.0,17.3125,-21.03125,17.3125,1.379269404906739e-06,1,P Q C,P,True,True,0.004235939122736454,-0.54296875,0.3674972355365753,False,0.4580707550048828
train-031816-da025afc549ac38f,2,2,train,15709218490019398543,pointer,Q,N,N,True,N,True,False,0.0003066784702241421,8.1875,8.1875,8.1875,0.0029401505365492116,1,N P M,N,True,True,0.028460519388318062,-0.37109375,0.40827676653862,True,0.8958100080490112
train-031816-da025afc549ac38f,2,3,train,15709218490019398543,pointer,Q,L,,,N,False,True,,,-5.3125,2.75,0.29379913128330776,,L S N,N,,False,,-0.095703125,0.47609245777130127,,
train-031816-da025afc549ac38f,2,4,train,15709218490019398543,pointer,Q,S,,,N,False,True,,,-6.5,1.25,0.7310491706766866,,S L K,D,,False,,0.306640625,0.5760650634765625,,
train-031816-da025afc549ac38f,2,5,train,15709218490019398543,pointer,Q,S,,,N,False,True,,,-4.5,1.4375,1.195440738177705,,S L K,I,,False,,0.640625,0.6548947095870972,,
train-031816-da025afc549ac38f,2,6,train,15709218490019398543,pointer,Q,S,,,N,False,True,,,-2.6875,1.5,2.4180923560444936,,S L X,I,,False,,0.88671875,0.7082125544548035,,
train-031816-da025afc549ac38f,2,7,train,15709218490019398543,pointer,Q,X,,,N,False,True,,,-0.5,0.0625,3.1881993355302582,,X K S,I,,False,,1.015625,0.7341195344924927,,
train-031816-da025afc549ac38f,2,8,train,15709218490019398543,pointer,Q,K,,,N,False,True,,,-0.25,0.0,3.218212963907255,,K Q X,K,,True,,1.0859375,0.7476159334182739,,
train-031816-da025afc549ac38f,2,9,train,15709218490019398543,pointer,Q,K,,,N,False,True,,,-0.25,0.0,3.2222177979775317,,K Q X,K,,True,,1.1171875,0.7534666657447815,,
train-031816-da025afc549ac38f,2,10,train,15709218490019398543,pointer,Q,K,,,N,False,True,,,-0.25,0.0,3.220192283784275,,K Q X,K,,True,,1.140625,0.7577943801879883,,
train-031816-da025afc549ac38f,2,11,train,15709218490019398543,pointer,Q,K,,,N,False,True,,,-0.25,0.0,3.220279040830752,,K Q X,K,,True,,1.1484375,0.7592254281044006,,
train-031816-da025afc549ac38f,2,12,train,15709218490019398543,pointer,Q,K,,,N,False,True,,,-0.25,0.0,3.2214797985233776,,K Q X,K,,True,,1.15625,0.7606506943702698,,
train-028415-3026a5791fe89900,3,1,train,3469642502580508928,pointer,T,K,K,True,C,False,False,1.6689286894688848e-06,13.75,-17.328125,13.75,2.629136891388186e-05,1,K J I,K,True,True,0.003370083635672927,-0.51953125,0.3729618489742279,False,0.4667479395866394
train-028415-3026a5791fe89900,3,2,train,3469642502580508928,pointer,T,H,H,True,C,False,False,0.0003044141922146082,10.0,-10.0625,10.0,0.0035907582148044888,1,H F C,H,True,True,0.0323738195002079,-0.3359375,0.41679665446281433,False,0.5392193794250488
train-028415-3026a5791fe89900,3,3,train,3469642502580508928,pointer,T,C,C,True,C,True,False,0.13048632442951202,2.375,2.375,2.375,0.4864535498842343,1,C H W,Z,False,False,3.731156349182129,-0.0634765625,0.484136164188385,True,0.7253890633583069
train-028415-3026a5791fe89900,3,4,train,3469642502580508928,pointer,T,W,,,C,False,True,,,-0.125,0.125,1.2038103551347916,,W C E,R,,False,,0.345703125,0.5855752229690552,,
train-028415-3026a5791fe89900,3,5,train,3469642502580508928,pointer,T,W,,,C,False,True,,,-0.3125,0.3125,2.1307645289407393,,W C K,I,,False,,0.67578125,0.6627964973449707,,
train-028415-3026a5791fe89900,3,6,train,3469642502580508928,pointer,T,R,,,C,False,True,,,-1.0,0.3125,3.0990130483816385,,R W K,I,,False,,0.90234375,0.7114308476448059,,
train-028415-3026a5791fe89900,3,7,train,3469642502580508928,pointer,T,R,,,C,False,True,,,-1.375,0.5,3.1710756469436556,,R O T,I,,False,,1.0234375,0.735641598701477,,
train-028415-3026a5791fe89900,3,8,train,3469642502580508928,pointer,T,R,,,C,False,True,,,-1.25,0.25,3.184636839638257,,R T Y,B,,False,,1.0859375,0.7476159334182739,,
train-028415-3026a5791fe89900,3,9,train,3469642502580508928,pointer,T,R,,,C,False,True,,,-1.1875,0.1875,3.1890012172984807,,R T Y,B,,False,,1.125,0.7549149990081787,,
train-028415-3026a5791fe89900,3,10,train,3469642502580508928,pointer,T,R,,,C,False,True,,,-1.1875,0.1875,3.18968952719529,,R T Y,B,,False,,1.1484375,0.7592254281044006,,
train-028415-3026a5791fe89900,3,11,train,3469642502580508928,pointer,T,R,,,C,False,True,,,-1.1875,0.1875,3.189469338207025,,R T Y,B,,False,,1.171875,0.7634837031364441,,
train-028415-3026a5791fe89900,3,12,train,3469642502580508928,pointer,T,R,,,C,False,True,,,-1.1875,0.1875,3.1890012172984807,,R T Y,B,,False,,1.1796875,0.7648916244506836,,
train-013062-80ac3cea47323079,4,1,train,9271852709763494009,pointer,Y,M,M,True,A,False,False,2.13382354559144e-05,12.0625,-14.21875,12.0625,0.0003002793170462107,1,M O C,M,True,True,0.0033803009428083897,-0.4296875,0.3942009508609772,False,0.5012069344520569
train-013062-80ac3cea47323079,4,2,train,9271852709763494009,pointer,Y,Z,Z,True,A,False,False,2.3841830625315197e-06,13.5625,-15.6875,13.5625,3.7662946231997615e-05,1,Z X Y,Z,True,True,0.009712346829473972,-0.37109375,0.40827676653862,False,0.5247162580490112
train-013062-80ac3cea47323079,4,3,train,9271852709763494009,pointer,Y,O,O,True,A,False,False,0.09344229102134705,2.5,-6.6875,2.5,0.36998560289934956,1,O Z S,Z,False,False,3.4265480041503906,-0.0277099609375,0.49307289719581604,False,0.679388165473938
train-013062-80ac3cea47323079,4,4,train,9271852709763494009,pointer,Y,O,A,False,A,False,False,4.9821014404296875,-4.6875,-4.6875,2.1875,1.1487625610469838,8,O S Z,D,False,False,3.5193748474121094,0.353515625,0.5874698758125305,True,0.5319303274154663
train-013062-80ac3cea47323079,4,5,train,9271852709763494009,pointer,Y,O,,,A,False,True,,,-3.25,1.75,2.4018240942512787,,O U S,I,,False,,0.67578125,0.6627964973449707,,
train-013062-80ac3cea47323079,4,6,train,9271852709763494009,pointer,Y,C,,,A,False,True,,,-1.5,0.0,3.114039814804494,,C O U,I,,False,,0.890625,0.709019124507904,,
train-013062-80ac3cea47323079,4,7,train,9271852709763494009,pointer,Y,C,,,A,False,True,,,-1.1875,0.25,3.1820767284998546,,C O Y,I,,False,,1.0078125,0.7325918078422546,,
train-013062-80ac3cea47323079,4,8,train,9271852709763494009,pointer,Y,C,,,A,False,True,,,-1.125,0.25,3.1947655104792627,,C O Y,I,,False,,1.0703125,0.7446563243865967,,
train-013062-80ac3cea47323079,4,9,train,9271852709763494009,pointer,Y,C,,,A,False,True,,,-1.125,0.3125,3.196436024152719,,C O Y,I,,False,,1.1171875,0.7534666657447815,,
train-013062-80ac3cea47323079,4,10,train,9271852709763494009,pointer,Y,C,,,A,False,True,,,-1.0625,0.25,3.1949482404737086,,C O Y,I,,False,,1.140625,0.7577943801879883,,
train-013062-80ac3cea47323079,4,11,train,9271852709763494009,pointer,Y,C,,,A,False,True,,,-1.125,0.3125,3.1920360410280013,,C O Y,I,,False,,1.15625,0.7606506943702698,,
train-013062-80ac3cea47323079,4,12,train,9271852709763494009,pointer,Y,C,,,A,False,True,,,-1.125,0.3125,3.1947448236108182,,C O Y,I,,False,,1.1640625,0.7620701193809509,,
train-007672-91e9f28a20ed0a35,5,1,train,10514201480144947765,pointer,V,E,E,True,R,False,False,4.291525328881107e-06,13.53125,-16.203125,13.53125,6.766334065608608e-05,1,E A I,E,True,True,0.003800076898187399,-0.5546875,0.3647775650024414,False,0.45378005504608154
train-007672-91e9f28a20ed0a35,5,2,train,10514201480144947765,pointer,V,L,L,True,R,False,False,0.00011836781777674332,9.75,-13.6875,9.75,0.001393992690853284,1,L J B,L,True,True,0.03243856132030487,-0.322265625,0.4201236963272095,False,0.5449404716491699
train-007672-91e9f28a20ed0a35,5,3,train,10514201480144947765,pointer,V,O,O,True,R,False,False,0.006455875933170319,5.875,-8.875,5.875,0.049930424679889375,1,O W L,L,False,False,3.2348735332489014,-0.0181884765625,0.49545300006866455,False,0.6840943098068237
train-007672-91e9f28a20ed0a35,5,4,train,10514201480144947765,pointer,V,O,W,False,R,False,False,3.0593223571777344,-2.625,-2.75,1.875,1.510048275495475,3,O H W,E,False,False,3.2115540504455566,0.361328125,0.589361846446991,False,0.8900429606437683
train-007672-91e9f28a20ed0a35,5,5,train,10514201480144947765,pointer,V,O,R,False,R,False,False,2.8167905807495117,-1.4375,-1.4375,0.6875,2.7210696849757547,4,O F H,R,True,False,2.903280019760132,0.6875,0.665410578250885,True,0.4073510468006134
train-007672-91e9f28a20ed0a35,5,6,train,10514201480144947765,pointer,V,O,,,R,False,True,,,-0.8125,0.5625,3.0933440130395007,,O F R,R,,False,,0.89453125,0.7098243832588196,,
train-007672-91e9f28a20ed0a35,5,7,train,10514201480144947765,pointer,V,O,,,R,False,True,,,-0.625,0.5,3.1571338138442058,,O F R,I,,False,,1.0078125,0.7325918078422546,,
train-007672-91e9f28a20ed0a35,5,8,train,10514201480144947765,pointer,V,O,,,R,False,True,,,-0.5625,0.5,3.1678909809648177,,O F R,B,,False,,1.0703125,0.7446563243865967,,
train-007672-91e9f28a20ed0a35,5,9,train,10514201480144947765,pointer,V,O,,,R,False,True,,,-0.5625,0.5,3.1678909809648177,,O F R,B,,False,,1.1015625,0.7505527138710022,,
train-007672-91e9f28a20ed0a35,5,10,train,10514201480144947765,pointer,V,O,,,R,False,True,,,-0.5625,0.5,3.167978502184969,,O F R,B,,False,,1.125,0.7549149990081787,,
train-007672-91e9f28a20ed0a35,5,11,train,10514201480144947765,pointer,V,O,,,R,False,True,,,-0.5625,0.4375,3.1689253632633694,,O F R,B,,False,,1.140625,0.7577943801879883,,
train-007672-91e9f28a20ed0a35,5,12,train,10514201480144947765,pointer,V,O,,,R,False,True,,,-0.5625,0.5,3.165894075959411,,O F R,B,,False,,1.1484375,0.7592254281044006,,
train-004010-e0a0c6ae1c61d00c,6,1,train,16186155511872344076,pointer,D,S,S,True,N,False,False,6.9141146923357155e-06,12.1875,-19.2421875,12.1875,9.658848179858478e-05,1,S R C,S,True,True,0.00460516382008791,-0.4609375,0.38676342368125916,False,0.4890044927597046
train-004010-e0a0c6ae1c61d00c,6,2,train,16186155511872344076,pointer,D,E,E,True,N,False,False,0.00062851223628968,7.375,-19.1875,7.375,0.005277741638240945,1,E B D,E,True,True,0.02976742759346962,-0.3125,0.42250463366508484,False,0.5490548610687256
train-004010-e0a0c6ae1c61d00c,6,3,train,16186155511872344076,pointer,D,B,B,True,N,False,False,0.0013683013385161757,7.9375,-11.0,7.9375,0.013899491741679915,1,B M A,E,False,False,2.6131763458251953,-0.09912109375,0.475240021944046,False,0.6448142528533936
train-004010-e0a0c6ae1c61d00c,6,4,train,16186155511872344076,pointer,D,M,M,True,N,False,False,0.5229918956756592,0.625,-4.125,0.625,1.1385484429678552,1,M B W,T,False,False,3.6172802448272705,0.28125,0.5698526501655579,False,0.8436274528503418
train-004010-e0a0c6ae1c61d00c,6,5,train,16186155511872344076,pointer,D,M,C,False,N,False,False,3.691056251525879,-2.75,-2.5625,0.4375,2.044739572331469,7,M B F,O,False,False,3.191706418991089,0.60546875,0.6469064354896545,False,1.0410223007202148
train-004010-e0a0c6ae1c61d00c,6,6,train,16186155511872344076,pointer,D,M,N,False,N,False,False,2.7156553268432617,-0.8125,-0.8125,0.5625,2.9209787993952845,5,M B F,O,False,False,3.2403430938720703,0.85546875,0.7017130851745605,True,0.354230672121048
train-004010-e0a0c6ae1c61d00c,6,7,train,16186155511872344076,pointer,D,N,,,N,True,True,,,0.1875,0.1875,3.1815251924601613,,N D F,O,,False,,0.98828125,0.7287483215332031,,
train-004010-e0a0c6ae1c61d00c,6,8,train,16186155511872344076,pointer,D,N,,,N,True,True,,,0.0625,0.0625,3.2023576897437946,,N D F,O,,False,,1.0546875,0.74167400598526,,
train-004010-e0a0c6ae1c61d00c,6,9,train,16186155511872344076,pointer,D,N,,,N,True,True,,,0.0625,0.0625,3.2028449861776203,,N D F,K,,False,,1.09375,0.7490872144699097,,
train-004010-e0a0c6ae1c61d00c,6,10,train,16186155511872344076,pointer,D,N,,,N,True,True,,,0.0625,0.0625,3.2031053114820724,,N D F,X,,False,,1.1171875,0.7534666657447815,,
train-004010-e0a0c6ae1c61d00c,6,11,train,16186155511872344076,pointer,D,N,,,N,True,True,,,0.0625,0.0625,3.202632314010116,,N D F,X,,False,,1.1328125,0.7563575506210327,,
train-004010-e0a0c6ae1c61d00c,6,12,train,16186155511872344076,pointer,D,N,,,N,True,True,,,0.0625,0.0625,3.1995717316896393,,N D F,X,,False,,1.140625,0.7577943801879883,,
train-028239-adf422ec4d4ce5fa,8,1,train,12534682061183444474,pointer,S,V,V,True,T,False,False,2.7418097943154862e-06,14.1875,-17.546875,14.1875,4.444130856073061e-05,1,V W R,V,True,True,0.0013811582466587424,-0.58984375,0.35667070746421814,False,0.44109857082366943
train-028239-adf422ec4d4ce5fa,8,2,train,12534682061183444474,pointer,S,J,J,True,T,False,False,2.0265558760002023e-06,14.875,-15.1875,14.875,3.380621065860147e-05,1,J I Y,J,True,True,0.04101477190852165,-0.3359375,0.41679665446281433,False,0.5392193794250488
train-028239-adf422ec4d4ce5fa,8,3,train,12534682061183444474,pointer,S,Y,Y,True,T,False,False,0.00794985517859459,6.4375,-10.25,6.4375,0.06704707706884909,1,Y Z J,Y,True,True,2.001037359237671,-0.008056640625,0.4979858696460724,False,0.6891269683837891
train-028239-adf422ec4d4ce5fa,8,4,train,12534682061183444474,pointer,S,I,I,True,T,False,False,0.3718900978565216,1.4375,-5.5625,1.4375,1.1112066672232537,1,I Y C,Y,False,False,3.170797348022461,0.384765625,0.5950219631195068,False,0.9039224982261658
train-028239-adf422ec4d4ce5fa,8,5,train,12534682061183444474,pointer,S,I,C,False,T,False,False,2.499133586883545,-1.6875,-2.75,0.9375,2.0750729230423626,3,I M C,I,False,True,3.2360448837280273,0.69921875,0.6680145263671875,False,1.1026641130447388
train-028239-adf422ec4d4ce5fa,8,6,train,12534682061183444474,pointer,S,M,B,False,T,False,False,3.4585413932800293,-1.625,-1.0625,0.3125,2.960121863284127,11,M R I,I,False,False,3.2776615619659424,0.9140625,0.7138307690620422,False,1.2511719465255737
train-028239-adf422ec4d4ce5fa,8,7,train,12534682061183444474,pointer,S,M,K,False,T,False,False,3.119136333465576,-1.125,-1.0,0.3125,3.0761286757901423,5,M R X,I,False,False,3.068183660507202,1.03125,0.7371581792831421,False,1.33620285987854
train-028239-adf422ec4d4ce5fa,8,8,train,12534682061183444474,pointer,S,M,T,False,T,False,False,3.025650978088379,-0.9375,-0.9375,0.25,3.102044895791794,4,M R X,I,False,False,3.4378609657287598,1.09375,0.7490872144699097,True,0.28889986872673035
train-028239-adf422ec4d4ce5fa,8,9,train,12534682061183444474,pointer,S,M,,,T,False,True,,,-0.875,0.1875,3.1162875202204754,,M R X,I,,False,,1.1328125,0.7563575506210327,,
train-028239-adf422ec4d4ce5fa,8,10,train,12534682061183444474,pointer,S,M,,,T,False,True,,,-0.9375,0.1875,3.1088391347675772,,M R X,I,,False,,1.15625,0.7606506943702698,,
train-028239-adf422ec4d4ce5fa,8,11,train,12534682061183444474,pointer,S,M,,,T,False,True,,,-0.9375,0.25,3.1042171116628214,,M R X,I,,False,,1.171875,0.7634837031364441,,
train-028239-adf422ec4d4ce5fa,8,12,train,12534682061183444474,pointer,S,M,,,T,False,True,,,-0.9375,0.25,3.104123548313341,,M R X,I,,False,,1.1796875,0.7648916244506836,,
train-024028-87d3f9ab188b0397,10,1,train,9787440928452707223,pointer,N,V,V,True,M,False,False,1.7881377516459906e-06,14.625,-17.1875,14.625,3.17908476683938e-05,1,V W Z,V,True,True,0.0012019798159599304,-0.53515625,0.36931508779525757,False,0.4609488844871521
train-024028-87d3f9ab188b0397,10,2,train,9787440928452707223,pointer,N,M,M,True,M,True,False,1.585470999998506e-05,12.3125,12.3125,12.3125,0.0002264857809023105,1,M V N,M,True,True,0.01788453944027424,-0.359375,0.41111087799072266,False,0.5295173525810242
train-024028-87d3f9ab188b0397,10,3,train,9787440928452707223,pointer,N,T,T,True,M,False,False,0.004091345705091953,6.9375,-7.0625,6.9375,0.03679118147778893,1,T N M,U,False,False,3.4841809272766113,0.012939453125,0.5032348036766052,False,0.6996378302574158
train-024028-87d3f9ab188b0397,10,4,train,9787440928452707223,pointer,N,T,N,False,M,False,False,3.610430955886841,-3.4375,-4.125,3.125,0.8378233411347763,3,T V N,R,False,False,3.098590135574341,0.423828125,0.6043989062309265,False,0.9273489713668823
train-024028-87d3f9ab188b0397,10,5,train,9787440928452707223,pointer,N,T,V,False,M,False,False,2.4560546875,-1.1875,-1.5,0.1875,2.303884752227447,3,T S V,I,False,False,3.501230001449585,0.7421875,0.6774740219116211,False,1.1315715312957764
train-024028-87d3f9ab188b0397,10,6,train,9787440928452707223,pointer,N,T,M,False,M,False,False,2.5715298652648926,-0.875,-0.875,0.0625,2.60088427107051,6,T S F,K,False,False,3.233462333679199,0.93359375,0.7178038358688354,False,1.2651526927947998
train-024028-87d3f9ab188b0397,10,7,train,9787440928452707223,pointer,N,T,T,True,M,False,False,1.73995041847229,0.25,-0.75,0.25,2.6392411019228983,1,T S N,K,False,False,3.376770496368408,1.0390625,0.7386690378189087,False,1.3419678211212158
train-024028-87d3f9ab188b0397,10,8,train,9787440928452707223,pointer,N,T,N,False,M,False,False,2.191558361053467,-0.4375,-0.75,0.25,2.628678265394172,3,T S N,X,False,False,2.998265266418457,1.109375,0.7520126104354858,False,1.3943772315979004
train-024028-87d3f9ab188b0397,10,9,train,9787440928452707223,pointer,N,T,V,False,M,False,False,2.283456325531006,-0.5,-0.6875,0.1875,2.6357838157677724,4,T S N,X,False,False,3.5460922718048096,1.1484375,0.7592254281044006,False,1.4238940477371216
train-024028-87d3f9ab188b0397,10,10,train,9787440928452707223,pointer,N,T,M,False,M,False,False,2.511113166809082,-0.75,-0.75,0.25,2.6285781789691067,6,T S N,X,False,False,3.2251029014587402,1.1796875,0.7648916244506836,True,0.2680211365222931
train-024028-87d3f9ab188b0397,10,11,train,9787440928452707223,pointer,N,T,,,M,False,True,,,-0.75,0.25,2.6269585880024704,,T S N,X,,False,,1.1953125,0.7676898241043091,,
train-024028-87d3f9ab188b0397,10,12,train,9787440928452707223,pointer,N,T,,,M,False,True,,,-0.8125,0.25,2.623437247138058,,T S N,X,,False,,1.203125,0.7690802216529846,,
train-021266-d3d042fb23253b94,12,1,train,15262772783552478100,pointer,B,A,A,True,A,True,False,1.9073468138230965e-06,14.375,14.375,14.375,3.100005921337266e-05,1,A P I,A,True,True,0.012006866745650768,-0.4453125,0.3904758393764496,False,0.49507665634155273
train-021266-d3d042fb23253b94,12,2,train,15262772783552478100,pointer,B,T,T,True,A,False,False,0.009764999151229858,4.625,-15.75,4.625,0.05479297780150442,1,T X Z,X,False,False,6.410451889038086,-0.251953125,0.4373428225517273,False,0.5750848054885864
train-021266-d3d042fb23253b94,12,3,train,15262772783552478100,pointer,B,S,S,True,A,False,False,0.09302842617034912,3.1875,-6.5,3.1875,0.4640607542845164,1,S D T,X,False,False,3.0253543853759766,-0.017578125,0.49560555815696716,False,0.6843967437744141
train-021266-d3d042fb23253b94,12,4,train,15262772783552478100,pointer,B,S,D,False,A,False,False,1.2415683269500732,-0.6875,-5.0625,0.6875,1.3263735179615237,2,S D U,D,True,False,2.900001049041748,0.36328125,0.5898345112800598,False,0.8911945223808289
train-021266-d3d042fb23253b94,12,5,train,15262772783552478100,pointer,B,S,C,False,A,False,False,3.3203792572021484,-2.375,-3.0,0.5,2.193946688629515,4,S D Y,R,False,False,3.150716543197632,0.6875,0.665410578250885,False,1.094851016998291
train-021266-d3d042fb23253b94,12,6,train,15262772783552478100,pointer,B,S,G,False,A,False,False,4.397826194763184,-2.3125,-2.0625,0.1875,3.0249160533989676,23,S D B,R,False,False,3.442636013031006,0.91015625,0.7130321860313416,False,1.2483850717544556
train-021266-d3d042fb23253b94,12,7,train,15262772783552478100,pointer,B,N,M,False,A,False,False,3.781921863555908,-1.1875,-1.5625,0.0625,3.133355623205283,19,N B W,O,False,False,3.123145818710327,1.03125,0.7371581792831421,False,1.33620285987854
train-021266-d3d042fb23253b94,12,8,train,15262772783552478100,pointer,B,N,V,False,A,False,False,4.1347503662109375,-1.5625,-1.5625,0.0625,3.138192378316947,25,N B W,X,False,False,3.649359703063965,1.09375,0.7490872144699097,False,1.3826498985290527
train-021266-d3d042fb23253b94,12,9,train,15262772783552478100,pointer,B,B,Q,False,A,False,False,3.722086191177368,-1.125,-1.5,0.0,3.1372972667658625,19,B N W,X,False,False,3.1102294921875,1.1328125,0.7563575506210327,False,1.4120535850524902
train-021266-d3d042fb23253b94,12,10,train,15262772783552478100,pointer,B,N,E,False,A,False,False,3.362858533859253,-0.8125,-1.5625,0.0625,3.1362221163613473,13,N B W,X,False,False,3.2502026557922363,1.15625,0.7606506943702698,False,1.4298310279846191
train-021266-d3d042fb23253b94,12,11,train,15262772783552478100,pointer,B,N,B,False,A,False,False,2.638824939727783,-0.0625,-1.5625,0.0625,3.1365333786094163,2,N B W,X,False,False,3.0886809825897217,1.1640625,0.7620701193809509,False,1.4357792139053345
train-021266-d3d042fb23253b94,12,12,train,15262772783552478100,pointer,B,B,A,False,A,False,False,4.095081329345703,-1.5,-1.5,0.0,3.1366908153172233,24,B N W,X,False,False,3.4284684658050537,1.1796875,0.7648916244506836,True,0.2680211365222931
train-030429-0536e84ed28563f3,1,1,train,375743044169065459,pointer,H,Q,Q,True,Q,True,False,1.9073468138230965e-06,14.125,14.125,14.125,2.9705246980516362e-05,1,Q K A,Q,True,True,0.0016351675149053335,-0.4609375,0.38676342368125916,True,0.9499419927597046
train-030429-0536e84ed28563f3,1,2,train,375743044169065459,pointer,H,I,,,Q,False,True,,,-14.375,11.0,0.0005388877502970233,,I J R,I,,True,,-0.353515625,0.41253018379211426,,
train-030429-0536e84ed28563f3,1,3,train,375743044169065459,pointer,H,G,,,Q,False,True,,,-9.25,2.875,0.31052379915162004,,G W I,I,,False,,-0.03515625,0.4912118911743164,,
train-030429-0536e84ed28563f3,1,4,train,375743044169065459,pointer,H,G,,,Q,False,True,,,-7.3125,1.0,0.7202426980187638,,G W D,I,,False,,0.341796875,0.5846269726753235,,
train-030429-0536e84ed28563f3,1,5,train,375743044169065459,pointer,H,G,,,Q,False,True,,,-5.625,0.125,1.1313943247644218,,G W N,I,,False,,0.66015625,0.6592954993247986,,
train-030429-0536e84ed28563f3,1,6,train,375743044169065459,pointer,H,W,,,Q,False,True,,,-3.4375,0.1875,2.3967405023546013,,W G N,I,,False,,0.89453125,0.7098243832588196,,
train-030429-0536e84ed28563f3,1,7,train,375743044169065459,pointer,H,N,,,Q,False,True,,,-1.375,0.0625,3.134306396811009,,N R W,I,,False,,1.03125,0.7371581792831421,,
train-030429-0536e84ed28563f3,1,8,train,375743044169065459,pointer,H,N,,,Q,False,True,,,-1.125,0.125,3.1704188589108955,,N R W,I,,False,,1.09375,0.7490872144699097,,
train-030429-0536e84ed28563f3,1,9,train,375743044169065459,pointer,H,N,,,Q,False,True,,,-1.125,0.1875,3.1760266543342057,,N R W,I,,False,,1.125,0.7549149990081787,,
train-030429-0536e84ed28563f3,1,10,train,375743044169065459,pointer,H,N,,,Q,False,True,,,-1.125,0.125,3.1724931157990395,,N R W,B,,False,,1.1484375,0.7592254281044006,,
train-030429-0536e84ed28563f3,1,11,train,375743044169065459,pointer,H,N,,,Q,False,True,,,-1.125,0.1875,3.1692721882060955,,N R W,B,,False,,1.1640625,0.7620701193809509,,
train-030429-0536e84ed28563f3,1,12,train,375743044169065459,pointer,H,N,,,Q,False,True,,,-1.1875,0.1875,3.169904043267977,,N R W,B,,False,,1.171875,0.7634837031364441,,
train-026632-d8895a6b8b0a9677,2,1,train,15603101801942521463,pointer,R,K,K,True,E,False,False,2.861018856492592e-06,13.28125,-20.111328125,13.28125,4.5318536365104006e-05,1,K J R,K,True,True,0.002554608043283224,-0.484375,0.3812195360660553,False,0.48000478744506836
train-026632-d8895a6b8b0a9677,2,2,train,15603101801942521463,pointer,R,E,E,True,E,True,False,9.536738616588991e-07,14.625,14.625,14.625,1.8203358090822323e-05,1,E D F,E,True,True,0.037623945623636246,-0.314453125,0.42202815413475037,True,0.8626832365989685
train-026632-d8895a6b8b0a9677,2,3,train,15603101801942521463,pointer,R,H,,,E,False,True,,,-9.125,5.125,0.048061055863180796,,H K W,E,,False,,-0.032470703125,0.49188297986984253,,
train-026632-d8895a6b8b0a9677,2,4,train,15603101801942521463,pointer,R,K,,,E,False,True,,,-2.6875,2.6875,0.556992781321154,,K E H,E,,False,,0.330078125,0.5817784070968628,,
train-026632-d8895a6b8b0a9677,2,5,train,15603101801942521463,pointer,R,K,,,E,False,True,,,-1.6875,1.6875,1.241618335519707,,K E H,G,,False,,0.6484375,0.6566582322120667,,
train-026632-d8895a6b8b0a9677,2,6,train,15603101801942521463,pointer,R,K,,,E,False,True,,,-1.3125,0.75,2.11366101169811,,K H E,O,,False,,0.8828125,0.7074047327041626,,
train-026632-d8895a6b8b0a9677,2,7,train,15603101801942521463,pointer,R,N,,,E,False,True,,,-1.1875,0.25,2.8512361950806984,,N L W,N,,True,,1.015625,0.7341195344924927,,
train-026632-d8895a6b8b0a9677,2,8,train,15603101801942521463,pointer,R,N,,,E,False,True,,,-2.125,0.1875,2.7928740951968254,,N L W,N,,True,,1.0859375,0.7476159334182739,,
train-026632-d8895a6b8b0a9677,2,9,train,15603101801942521463,pointer,R,N,,,E,False,True,,,-2.25,0.1875,2.7921199092301,,N L W,N,,True,,1.125,0.7549149990081787,,
train-026632-d8895a6b8b0a9677,2,10,train,15603101801942521463,pointer,R,N,,,E,False,True,,,-2.3125,0.25,2.78332253641661,,N L W,N,,True,,1.1484375,0.7592254281044006,,
train-026632-d8895a6b8b0a9677,2,11,train,15603101801942521463,pointer,R,N,,,E,False,True,,,-2.3125,0.25,2.7805187702748646,,N L W,N,,True,,1.15625,0.7606506943702698,,
train-026632-d8895a6b8b0a9677,2,12,train,15603101801942521463,pointer,R,N,,,E,False,True,,,-2.25,0.1875,2.790379134575697,,N L W,N,,True,,1.171875,0.7634837031364441,,
train-024617-ae255de3918cedd9,3,1,train,12548539168718646745,pointer,E,J,J,True,U,False,False,3.576278118089249e-07,15.46875,-20.203125,15.46875,7.802738821403116e-06,1,J A B,J,True,True,0.002445090329274535,-0.578125,0.3593641221523285,False,0.4452941417694092
train-024617-ae255de3918cedd9,3,2,train,12548539168718646745,pointer,E,D,D,True,U,False,False,8.702239938429557e-06,12.875,-12.875,12.875,0.00012654299550242965,1,D U J,D,True,True,0.04187311604619026,-0.392578125,0.4030968248844147,False,0.5160003900527954
train-024617-ae255de3918cedd9,3,3,train,12548539168718646745,pointer,E,U,U,True,U,True,False,0.02445879578590393,3.75,3.75,3.75,0.12191084047557202,1,U C D,D,False,False,3.1314799785614014,-0.04931640625,0.4876733720302582,True,0.7181093692779541
train-024617-ae255de3918cedd9,3,4,train,12548539168718646745,pointer,E,U,,,U,True,True,,,1.3125,1.3125,0.6869633662842207,,U C V,D,,False,,0.3515625,0.5869964361190796,,
train-024617-ae255de3918cedd9,3,5,train,12548539168718646745,pointer,E,U,,,U,True,True,,,0.6875,0.6875,1.5836072705165578,,U C V,D,,False,,0.6796875,0.6636689305305481,,
train-024617-ae255de3918cedd9,3,6,train,12548539168718646745,pointer,E,V,,,U,False,True,,,-0.375,0.25,2.304407338160456,,V C U,Q,,False,,0.8984375,0.7106282711029053,,
train-024617-ae255de3918cedd9,3,7,train,12548539168718646745,pointer,E,V,,,U,False,True,,,-0.5625,0.375,2.3582307013401747,,V C Q,Q,,False,,1.03125,0.7371581792831421,,
train-024617-ae255de3918cedd9,3,8,train,12548539168718646745,pointer,E,V,,,U,False,True,,,-0.625,0.3125,2.3595823966511036,,V C Q,Q,,False,,1.1015625,0.7505527138710022,,
train-024617-ae255de3918cedd9,3,9,train,12548539168718646745,pointer,E,V,,,U,False,True,,,-0.5625,0.25,2.3696313208786597,,V C Q,Q,,False,,1.1484375,0.7592254281044006,,
train-024617-ae255de3918cedd9,3,10,train,12548539168718646745,pointer,E,V,,,U,False,True,,,-0.625,0.3125,2.356710213432133,,V C Q,Q,,False,,1.171875,0.7634837031364441,,
train-024617-ae255de3918cedd9,3,11,train,12548539168718646745,pointer,E,V,,,U,False,True,,,-0.5625,0.3125,2.358463067261895,,V C Q,Q,,False,,1.1875,0.7662936449050903,,
train-024617-ae255de3918cedd9,3,12,train,12548539168718646745,pointer,E,V,,,U,False,True,,,-0.5,0.25,2.363408877828787,,V C Q,Q,,False,,1.1953125,0.7676898241043091,,
train-012801-7782f5cb5ee87a60,4,1,train,8611715691305269856,pointer,N,F,F,True,V,False,False,4.172316494077677e-06,13.625,-19.953125,13.625,6.661181272215648e-05,1,F C D,F,True,True,0.002692409558221698,-0.4609375,0.38676342368125916,False,0.4890044927597046
train-012801-7782f5cb5ee87a60,4,2,train,8611715691305269856,pointer,N,T,T,True,V,False,False,0.00753004290163517,5.0,-14.0,5.0,0.04733619724180364,1,T F H,T,True,True,0.20036017894744873,-0.2470703125,0.43854472041130066,False,0.5772231817245483
train-012801-7782f5cb5ee87a60,4,3,train,8611715691305269856,pointer,N,H,H,True,V,False,False,0.007884806953370571,6.4375,-7.9375,6.4375,0.06757594550943213,1,H T K,T,False,False,3.642352819442749,0.027099609375,0.5067744851112366,False,0.7067887783050537
train-012801-7782f5cb5ee87a60,4,4,train,8611715691305269856,pointer,N,V,V,True,V,True,False,0.6521176099777222,0.375,0.375,0.375,1.2666283961422828,1,V H N,G,False,False,3.656979560852051,0.431640625,0.6062653660774231,True,0.5004374980926514
train-012801-7782f5cb5ee87a60,4,5,train,8611715691305269856,pointer,N,V,,,V,True,True,,,0.3125,0.3125,2.3525824686784054,,V H L,D,,False,,0.75,0.6791787147521973,,
train-012801-7782f5cb5ee87a60,4,6,train,8611715691305269856,pointer,N,L,,,V,False,True,,,-2.6875,0.25,2.4498959154907363,,L B H,C,,False,,0.94140625,0.7193835973739624,,
train-012801-7782f5cb5ee87a60,4,7,train,8611715691305269856,pointer,N,L,,,V,False,True,,,-3.25,0.25,2.3877553416846777,,L B R,B,,False,,1.046875,0.740174412727356,,
train-012801-7782f5cb5ee87a60,4,8,train,8611715691305269856,pointer,N,L,,,V,False,True,,,-3.25,0.25,2.3761018764495727,,L B R,B,,False,,1.1015625,0.7505527138710022,,
train-012801-7782f5cb5ee87a60,4,9,train,8611715691305269856,pointer,N,L,,,V,False,True,,,-3.25,0.25,2.369059692986871,,L B H,B,,False,,1.140625,0.7577943801879883,,
train-012801-7782f5cb5ee87a60,4,10,train,8611715691305269856,pointer,N,L,,,V,False,True,,,-3.25,0.25,2.3638428948401007,,L B H,B,,False,,1.1640625,0.7620701193809509,,
train-012801-7782f5cb5ee87a60,4,11,train,8611715691305269856,pointer,N,L,,,V,False,True,,,-3.1875,0.25,2.394808543165518,,L B H,B,,False,,1.171875,0.7634837031364441,,
train-012801-7782f5cb5ee87a60,4,12,train,8611715691305269856,pointer,N,L,,,V,False,True,,,-3.1875,0.25,2.390336552276574,,L B H,B,,False,,1.1875,0.7662936449050903,,
train-025312-1c1829dd54e630f6,5,1,train,2024414063091921142,pointer,Z,I,I,True,H,False,False,7.152555099310121e-07,15.4375,-19.875,15.4375,1.126638732611378e-05,1,I M A,I,True,True,0.00036161558819003403,-0.5390625,0.36840569972991943,False,0.4595080614089966
train-025312-1c1829dd54e630f6,5,2,train,2024414063091921142,pointer,Z,U,U,True,H,False,False,2.8490614567999728e-05,10.625,-18.59375,10.625,0.0003479443106838588,1,U A I,U,True,True,0.030726920813322067,-0.412109375,0.39840641617774963,False,0.5081732273101807
train-025312-1c1829dd54e630f6,5,3,train,2024414063091921142,pointer,Z,A,A,True,H,False,False,0.020223375409841537,3.9375,-11.0,3.9375,0.1039096040890324,1,A C B,U,False,False,2.5296754837036133,-0.07470703125,0.48133188486099243,False,0.6564911603927612
train-025312-1c1829dd54e630f6,5,4,train,2024414063091921142,pointer,Z,H,C,False,H,True,False,0.9129835963249207,-0.3125,0.3125,0.3125,0.9928296587259979,2,H C W,E,False,False,3.2592649459838867,0.318359375,0.5789243578910828,False,0.8649427890777588
train-025312-1c1829dd54e630f6,5,5,train,2024414063091921142,pointer,Z,H,H,True,H,True,False,0.9512070417404175,0.0625,0.0625,0.0625,1.8326732839404318,1,H C Z,R,False,False,3.5665409564971924,0.65234375,0.6575384140014648,True,0.41925206780433655
train-025312-1c1829dd54e630f6,5,6,train,2024414063091921142,pointer,Z,C,,,H,False,True,,,-0.25,0.25,3.1254171289553474,,C H Z,I,,False,,0.87890625,0.7065955400466919,,
train-025312-1c1829dd54e630f6,5,7,train,2024414063091921142,pointer,Z,X,,,H,False,True,,,-0.375,0.0625,3.205758149946476,,X Q Z,X,,True,,1.0,0.7310585975646973,,
train-025312-1c1829dd54e630f6,5,8,train,2024414063091921142,pointer,Z,X,,,H,False,True,,,-0.4375,0.0625,3.208275297936895,,X Q Z,X,,True,,1.0703125,0.7446563243865967,,
train-025312-1c1829dd54e630f6,5,9,train,2024414063091921142,pointer,Z,X,,,H,False,True,,,-0.4375,0.0625,3.2072786048938036,,X Q Z,X,,True,,1.109375,0.7520126104354858,,
train-025312-1c1829dd54e630f6,5,10,train,2024414063091921142,pointer,Z,X,,,H,False,True,,,-0.4375,0.0625,3.207208513821883,,X Q Z,X,,True,,1.1328125,0.7563575506210327,,
train-025312-1c1829dd54e630f6,5,11,train,2024414063091921142,pointer,Z,X,,,H,False,True,,,-0.5,0.125,3.2078625000911756,,X Q Z,X,,True,,1.15625,0.7606506943702698,,
train-025312-1c1829dd54e630f6,5,12,train,2024414063091921142,pointer,Z,X,,,H,False,True,,,-0.4375,0.0625,3.2073672509893476,,X Q Z,X,,True,,1.1640625,0.7620701193809509,,
train-007979-3014314f22a9dfea,6,1,train,3464448229308489706,pointer,F,H,H,True,L,False,False,2.145764938177308e-06,14.75,-16.4375,14.75,3.5181575557500315e-05,1,H D G,H,True,True,0.006372015457600355,-0.462890625,0.38630032539367676,False,0.4882495403289795
train-007979-3014314f22a9dfea,6,2,train,3464448229308489706,pointer,F,D,D,True,L,False,False,8.83301836438477e-05,9.75,-15.84375,9.75,0.0010219637386767286,1,D B C,D,True,True,0.014041442424058914,-0.310546875,0.42298123240470886,False,0.5498805046081543
train-007979-3014314f22a9dfea,6,3,train,3464448229308489706,pointer,F,B,B,True,L,False,False,0.0175650492310524,4.5,-9.8125,4.5,0.1130784259076833,1,B Y D,D,False,False,3.536759614944458,0.01300048828125,0.5032500624656677,False,0.6996685266494751
train-007979-3014314f22a9dfea,6,4,train,3464448229308489706,pointer,F,B,Y,False,L,False,False,0.7923359870910645,0.0,-4.9375,0.0,1.1869819671808584,2,B Y X,D,False,False,3.061291456222534,0.404296875,0.5997195839881897,False,0.9155899286270142
train-007979-3014314f22a9dfea,6,5,train,3464448229308489706,pointer,F,Y,N,False,L,False,False,2.331277847290039,-1.375,-2.0625,0.6875,1.953781752382994,4,Y B X,D,False,False,3.2434229850769043,0.7109375,0.6706082820892334,False,1.110507607460022
train-007979-3014314f22a9dfea,6,6,train,3464448229308489706,pointer,F,Y,L,False,L,False,False,2.610902786254883,-1.625,-1.625,0.4375,2.0740911636922323,4,Y X N,I,False,False,3.2655274868011475,0.91796875,0.7146279811859131,True,0.33599308133125305
train-007979-3014314f22a9dfea,6,7,train,3464448229308489706,pointer,F,Y,,,L,False,True,,,-1.625,0.3125,2.1161979237743505,,Y X N,X,,False,,1.03125,0.7371581792831421,,
train-007979-3014314f22a9dfea,6,8,train,3464448229308489706,pointer,F,Y,,,L,False,True,,,-1.625,0.375,2.147575804219473,,Y X N,X,,False,,1.09375,0.7490872144699097,,
train-007979-3014314f22a9dfea,6,9,train,3464448229308489706,pointer,F,Y,,,L,False,True,,,-1.5625,0.3125,2.162764853685045,,Y X N,X,,False,,1.140625,0.7577943801879883,,
train-007979-3014314f22a9dfea,6,10,train,3464448229308489706,pointer,F,Y,,,L,False,True,,,-1.625,0.375,2.1552948104289613,,Y X N,X,,False,,1.1640625,0.7620701193809509,,
train-007979-3014314f22a9dfea,6,11,train,3464448229308489706,pointer,F,Y,,,L,False,True,,,-1.625,0.3125,2.1427680722319744,,Y X N,X,,False,,1.1796875,0.7648916244506836,,
train-007979-3014314f22a9dfea,6,12,train,3464448229308489706,pointer,F,Y,,,L,False,True,,,-1.625,0.3125,2.1485178374875935,,Y X N,X,,False,,1.1875,0.7662936449050903,,
train-014001-e563bec2467cb922,8,1,train,16529264798995364130,pointer,L,S,S,True,C,False,False,1.0013530300057027e-05,11.875,-14.5625,11.875,0.00014012017035122608,1,S R T,S,True,True,0.003463462460786104,-0.443359375,0.39094078540802,False,0.49583977460861206
train-014001-e563bec2467cb922,8,2,train,16529264798995364130,pointer,L,C,C,True,C,True,False,0.00018463814922142774,9.4375,9.4375,9.4375,0.002178564491842537,1,C R S,C,True,True,0.011323943734169006,-0.267578125,0.4335017800331116,False,0.5682812929153442
train-014001-e563bec2467cb922,8,3,train,16529264798995364130,pointer,L,V,V,True,C,False,False,0.009018284268677235,5.125,-5.125,5.125,0.06554865692775322,1,V C R,E,False,False,3.1943421363830566,0.033447265625,0.5083610415458679,False,0.7100106477737427
train-014001-e563bec2467cb922,8,4,train,16529264798995364130,pointer,L,V,C,False,C,False,False,2.6684632301330566,-2.5625,-2.5625,2.5625,0.473778768936628,2,V C R,D,False,False,3.1899936199188232,0.376953125,0.5931380391120911,False,0.8992812633514404
train-014001-e563bec2467cb922,8,5,train,16529264798995364130,pointer,L,V,V,True,C,False,False,0.22661499679088593,1.8125,-1.8125,1.8125,0.8370781163959169,1,V C R,D,False,False,3.2519874572753906,0.66796875,0.6610482335090637,False,1.081897258758545
train-014001-e563bec2467cb922,8,6,train,16529264798995364130,pointer,L,V,C,False,C,False,False,1.8524785041809082,-1.5,-1.5,1.5,1.1910940311943767,2,V C R,I,False,False,2.9134511947631836,0.89453125,0.7098243832588196,False,1.2372689247131348
train-014001-e563bec2467cb922,8,7,train,16529264798995364130,pointer,L,V,V,True,C,False,False,0.5151228308677673,1.1875,-1.1875,1.1875,1.5264308956249384,1,V C R,I,False,False,3.207947254180908,1.046875,0.740174412727356,False,1.3477444648742676
train-014001-e563bec2467cb922,8,8,train,16529264798995364130,pointer,L,V,C,False,C,False,False,1.710018515586853,-1.125,-1.125,1.125,1.6706031833059798,2,V C R,I,False,False,2.9413163661956787,1.1328125,0.7563575506210327,True,0.27924108505249023
train-014001-e563bec2467cb922,8,9,train,16529264798995364130,pointer,L,V,,,C,False,True,,,-1.0625,1.0625,1.705587830600746,,V C R,I,,False,,1.1796875,0.7648916244506836,,
train-014001-e563bec2467cb922,8,10,train,16529264798995364130,pointer,L,V,,,C,False,True,,,-1.0625,1.0625,1.712178434103789,,V C R,I,,False,,1.203125,0.7690802216529846,,
train-014001-e563bec2467cb922,8,11,train,16529264798995364130,pointer,L,V,,,C,False,True,,,-1.0625,1.0625,1.7227616000437207,,V C R,I,,False,,1.21875,0.7718434929847717,,
train-014001-e563bec2467cb922,8,12,train,16529264798995364130,pointer,L,V,,,C,False,True,,,-1.0625,1.0625,1.7066657230398892,,V C R,I,,False,,1.2265625,0.7732163667678833,,
train-004660-7b216b0ca8bd5f27,10,1,train,8872490443011350311,pointer,A,O,O,True,H,False,False,2.8013790142722428e-05,11.796875,-15.25390625,11.796875,0.0003886831775227211,1,O A P,O,True,True,0.002626780653372407,-0.494140625,0.3789186179637909,False,0.47629314661026
train-004660-7b216b0ca8bd5f27,10,2,train,8872490443011350311,pointer,A,K,K,True,H,False,False,0.0019298041006550193,6.25,-16.25,6.25,0.013990924621094882,1,K B A,K,True,True,0.03568365424871445,-0.25,0.43782350420951843,False,0.575939416885376
train-004660-7b216b0ca8bd5f27,10,3,train,8872490443011350311,pointer,A,B,B,True,H,False,False,0.17862753570079803,1.75,-9.625,1.75,0.5269928356513529,1,B X Y,K,False,False,3.31500506401062,-0.0302734375,0.49243220686912537,False,0.6781249642372131
train-004660-7b216b0ca8bd5f27,10,4,train,8872490443011350311,pointer,A,X,X,True,H,False,False,0.15836594998836517,2.6875,-8.375,2.6875,0.6691039644173017,1,X R Y,Q,False,False,3.495180606842041,0.341796875,0.5846269726753235,False,0.878578245639801
train-004660-7b216b0ca8bd5f27,10,5,train,8872490443011350311,pointer,A,X,Y,False,H,False,False,2.7118079662323,-1.875,-6.125,0.5,1.7098651680089112,4,X R O,W,False,False,3.0871453285217285,0.65234375,0.6575384140014648,False,1.0715957880020142
train-004660-7b216b0ca8bd5f27,10,6,train,8872490443011350311,pointer,A,R,R,True,H,False,False,1.397327184677124,0.0,-4.25,0.0,2.30723178769919,1,R X O,I,False,False,3.043011426925659,0.87890625,0.7065955400466919,False,1.226203203201294
train-004660-7b216b0ca8bd5f27,10,7,train,8872490443011350311,pointer,A,R,V,False,H,False,False,2.756761074066162,-0.9375,-2.8125,0.375,2.9061528188183,6,R X Y,I,False,False,3.517629384994507,1.0078125,0.7325918078422546,False,1.318979024887085
train-004660-7b216b0ca8bd5f27,10,8,train,8872490443011350311,pointer,A,R,L,False,H,False,False,4.080015182495117,-2.0625,-2.375,0.375,3.007299756571976,20,R X Y,I,False,False,3.361069440841675,1.0703125,0.7446563243865967,False,1.365144968032837
train-004660-7b216b0ca8bd5f27,10,9,train,8872490443011350311,pointer,A,R,G,False,H,False,False,4.252316474914551,-2.1875,-2.3125,0.3125,3.0145388353015905,24,R X Y,I,False,False,3.674102544784546,1.109375,0.7520126104354858,False,1.3943772315979004
train-004660-7b216b0ca8bd5f27,10,10,train,8872490443011350311,pointer,A,R,H,False,H,False,False,4.3849945068359375,-2.375,-2.375,0.375,3.006657460549058,25,R X Y,I,False,False,3.3152003288269043,1.140625,0.7577943801879883,True,0.277343213558197
train-004660-7b216b0ca8bd5f27,10,11,train,8872490443011350311,pointer,A,R,,,H,False,True,,,-2.375,0.3125,3.0100896488486626,,R X Y,I,,False,,1.15625,0.7606506943702698,,
train-004660-7b216b0ca8bd5f27,10,12,train,8872490443011350311,pointer,A,R,,,H,False,True,,,-2.375,0.375,3.007740815926385,,R X Y,I,,False,,1.1640625,0.7620701193809509,,
train-013643-7083889b3b2dc152,12,1,train,8107473954491187538,pointer,C,E,E,True,C,False,False,2.3841830625315197e-06,14.3125,-14.3125,14.3125,3.816328502903844e-05,1,E C A,E,True,True,0.0021598839666694403,-0.47265625,0.3839877247810364,False,0.48448842763900757
train-013643-7083889b3b2dc152,12,2,train,8107473954491187538,pointer,C,C,C,True,C,True,False,0.012850451283156872,4.375,4.375,4.375,0.0704417107104018,1,C E I,C,True,True,0.0188003983348608,-0.24609375,0.43878522515296936,False,0.5776515603065491
train-013643-7083889b3b2dc152,12,3,train,8107473954491187538,pointer,C,E,E,True,C,False,False,0.10197536647319794,2.25,-2.25,2.25,0.33091969266971405,1,E C W,C,False,False,2.4413366317749023,0.052978515625,0.5132415294647217,False,0.7199872136116028
train-013643-7083889b3b2dc152,12,4,train,8107473954491187538,pointer,C,E,C,False,C,False,False,0.8537147641181946,-0.25,-0.25,0.25,0.8454260786927189,2,E C T,D,False,False,3.024679183959961,0.39453125,0.5973730087280273,False,0.9097447991371155
train-013643-7083889b3b2dc152,12,5,train,8107473954491187538,pointer,C,E,E,True,C,False,False,0.7238964438438416,0.125,-0.125,0.125,1.1038428881688038,1,E C T,D,False,False,3.1317944526672363,0.68359375,0.6645402908325195,False,1.0922534465789795
train-013643-7083889b3b2dc152,12,6,train,8107473954491187538,pointer,C,C,C,True,C,True,False,1.0328726768493652,0.0625,0.0625,0.0625,1.661243443920412,1,C E T,R,False,False,2.9303133487701416,0.90234375,0.7114308476448059,False,1.2428207397460938
train-013643-7083889b3b2dc152,12,7,train,8107473954491187538,pointer,C,C,E,False,C,True,False,1.5888516902923584,-0.25,0.0,0.0,1.994298164360766,3,C T E,C,False,True,3.28769850730896,1.046875,0.740174412727356,False,1.3477444648742676
train-013643-7083889b3b2dc152,12,8,train,8107473954491187538,pointer,C,T,C,False,C,False,False,1.5364251136779785,-0.3125,-0.3125,0.3125,2.0799469696800066,2,T C E,I,False,False,2.986212968826294,1.125,0.7549149990081787,False,1.4061501026153564
train-013643-7083889b3b2dc152,12,9,train,8107473954491187538,pointer,C,T,E,False,C,False,False,2.1873881816864014,-1.0,-0.4375,0.4375,2.096793876251253,4,T C O,I,False,False,3.2977819442749023,1.1640625,0.7620701193809509,False,1.4357792139053345
train-013643-7083889b3b2dc152,12,10,train,8107473954491187538,pointer,C,T,C,False,C,False,False,1.6279627084732056,-0.4375,-0.4375,0.4375,2.1057642644685823,2,T C O,I,False,False,3.0547022819519043,1.1875,0.7662936449050903,False,1.4536898136138916
train-013643-7083889b3b2dc152,12,11,train,8107473954491187538,pointer,C,T,E,False,C,False,False,2.123192310333252,-0.9375,-0.4375,0.4375,2.101528846284859,4,T C O,I,False,False,3.2782142162323,1.1953125,0.7676898241043091,False,1.4596819877624512
train-013643-7083889b3b2dc152,12,12,train,8107473954491187538,pointer,C,T,C,False,C,False,False,1.6384193897247314,-0.4375,-0.4375,0.4375,2.110792932269551,2,T C O,I,False,False,3.0756638050079346,1.203125,0.7690802216529846,True,0.2625599503517151
train-009819-ea3721f54f8df566,1,1,train,16876995466079630694,pointer,L,E,E,True,E,True,False,4.291525328881107e-06,13.21875,13.21875,13.21875,6.489148812707306e-05,1,E A I,E,True,True,0.0013935388997197151,-0.416015625,0.3974705636501312,True,0.9226344227790833
train-009819-ea3721f54f8df566,1,2,train,16876995466079630694,pointer,L,J,,,E,False,True,,,-11.0,11.0,0.0002805390617870642,,J E I,J,,True,,-0.296875,0.4263215959072113,,
train-009819-ea3721f54f8df566,1,3,train,16876995466079630694,pointer,L,X,,,E,False,True,,,-9.3125,2.0625,0.3914556015742161,,X D J,J,,False,,0.07763671875,0.5193994045257568,,
train-009819-ea3721f54f8df566,1,4,train,16876995466079630694,pointer,L,X,,,E,False,True,,,-5.25,1.0,0.9752977365722236,,X D J,K,,False,,0.47265625,0.6160122752189636,,
train-009819-ea3721f54f8df566,1,5,train,16876995466079630694,pointer,L,X,,,E,False,True,,,-3.375,0.75,1.8479540186120098,,X D J,W,,False,,0.76953125,0.6834195256233215,,
train-009819-ea3721f54f8df566,1,6,train,16876995466079630694,pointer,L,X,,,E,False,True,,,-2.25,0.75,2.3293268442907897,,X D N,W,,False,,0.95703125,0.722527027130127,,
train-009819-ea3721f54f8df566,1,7,train,16876995466079630694,pointer,L,X,,,E,False,True,,,-1.9375,0.75,2.3561894532731062,,X D N,X,,True,,1.0625,0.7431680560112,,
train-009819-ea3721f54f8df566,1,8,train,16876995466079630694,pointer,L,X,,,E,False,True,,,-1.875,0.75,2.345646223992439,,X D N,X,,True,,1.1328125,0.7563575506210327,,
train-009819-ea3721f54f8df566,1,9,train,16876995466079630694,pointer,L,X,,,E,False,True,,,-1.9375,0.8125,2.311441903446056,,X D N,X,,True,,1.171875,0.7634837031364441,,
train-009819-ea3721f54f8df566,1,10,train,16876995466079630694,pointer,L,X,,,E,False,True,,,-1.9375,0.75,2.335975290213476,,X D N,X,,True,,1.1953125,0.7676898241043091,,
train-009819-ea3721f54f8df566,1,11,train,16876995466079630694,pointer,L,X,,,E,False,True,,,-1.9375,0.8125,2.3368307283186702,,X D N,X,,True,,1.2109375,0.7704647779464722,,
train-009819-ea3721f54f8df566,1,12,train,16876995466079630694,pointer,L,X,,,E,False,True,,,-1.9375,0.8125,2.3335408463455796,,X D N,X,,True,,1.21875,0.7718434929847717,,
train-032293-df1a7f6a1875f360,2,1,train,16076301913506050912,pointer,K,E,E,True,V,False,False,3.099436753473128e-06,13.3125,-20.15234375,13.3125,4.670809011636137e-05,1,E A C,E,True,True,0.0012081712484359741,-0.43359375,0.39326852560043335,False,0.4996689558029175
train-032293-df1a7f6a1875f360,2,2,train,16076301913506050912,pointer,K,V,V,True,V,True,False,0.00014697425649501383,10.0625,10.0625,10.0625,0.0018150231053077795,1,V W R,V,True,True,0.015137321315705776,-0.298828125,0.4258439540863037,True,0.8536822199821472
train-032293-df1a7f6a1875f360,2,3,train,16076301913506050912,pointer,K,W,,,V,False,True,,,-7.4375,3.1875,0.26544776278713067,,W Q D,V,,False,,0.0267333984375,0.5066829323768616,,
train-032293-df1a7f6a1875f360,2,4,train,16076301913506050912,pointer,K,Q,,,V,False,True,,,-4.5625,0.5,1.3711369339788457,,Q W D,T,,False,,0.408203125,0.6006569266319275,,
train-032293-df1a7f6a1875f360,2,5,train,16076301913506050912,pointer,K,Q,,,V,False,True,,,-3.8125,0.875,1.8028157181157016,,Q W D,I,,False,,0.7265625,0.6740504503250122,,
train-032293-df1a7f6a1875f360,2,6,train,16076301913506050912,pointer,K,Q,,,V,False,True,,,-1.125,0.375,3.1733084244178404,,Q N W,I,,False,,0.9375,0.7185943722724915,,
train-032293-df1a7f6a1875f360,2,7,train,16076301913506050912,pointer,K,K,,,V,False,True,,,-0.8125,0.0,3.214729886654815,,K N O,I,,False,,1.0390625,0.7386690378189087,,
train-032293-df1a7f6a1875f360,2,8,train,16076301913506050912,pointer,K,K,,,V,False,True,,,-0.875,0.0625,3.215714975618182,,K N O,O,,False,,1.09375,0.7490872144699097,,
train-032293-df1a7f6a1875f360,2,9,train,16076301913506050912,pointer,K,K,,,V,False,True,,,-0.8125,0.0,3.217104773420381,,K N O,O,,False,,1.125,0.7549149990081787,,
train-032293-df1a7f6a1875f360,2,10,train,16076301913506050912,pointer,K,K,,,V,False,True,,,-0.875,0.0625,3.2163281518477103,,K N O,O,,False,,1.1484375,0.7592254281044006,,
train-032293-df1a7f6a1875f360,2,11,train,16076301913506050912,pointer,K,K,,,V,False,True,,,-0.875,0.125,3.21757468958463,,K N O,O,,False,,1.15625,0.7606506943702698,,
train-032293-df1a7f6a1875f360,2,12,train,16076301913506050912,pointer,K,K,,,V,False,True,,,-0.8125,0.0625,3.219350374653635,,K N O,N,,False,,1.1640625,0.7620701193809509,,
train-034436-256b6d7f82ba5763,3,1,train,2696369196332898147,pointer,P,Q,Q,True,T,False,False,1.311301275563892e-06,14.75,-21.103515625,14.75,2.313940331848723e-05,1,Q K R,Q,True,True,0.005106738768517971,-0.6171875,0.35042136907577515,False,0.4314314126968384
train-034436-256b6d7f82ba5763,3,2,train,2696369196332898147,pointer,P,X,X,True,T,False,False,7.152555099310121e-07,15.5,-15.5,15.5,1.197802240770521e-05,1,X Q T,X,True,True,0.010893518105149269,-0.349609375,0.4134771525859833,False,0.5335437059402466
train-034436-256b6d7f82ba5763,3,3,train,2696369196332898147,pointer,P,T,T,True,T,True,False,0.06386914104223251,2.75,2.75,2.75,0.24607338992381858,1,T X N,X,False,False,2.7453110218048096,-0.06298828125,0.48425814509391785,True,0.7251372337341309
train-034436-256b6d7f82ba5763,3,4,train,2696369196332898147,pointer,P,H,,,T,False,True,,,-1.0625,1.0625,1.0309293206547658,,H T M,Y,,False,,0.306640625,0.5760650634765625,,
train-034436-256b6d7f82ba5763,3,5,train,2696369196332898147,pointer,P,H,,,T,False,True,,,-2.25,0.625,1.9858759148886167,,H M T,Q,,False,,0.66015625,0.6592954993247986,,
train-034436-256b6d7f82ba5763,3,6,train,2696369196332898147,pointer,P,N,,,T,False,True,,,-0.875,0.3125,3.144123444969345,,N M H,Q,,False,,0.890625,0.709019124507904,,
train-034436-256b6d7f82ba5763,3,7,train,2696369196332898147,pointer,P,N,,,T,False,True,,,-1.0,0.25,3.1813603001180035,,N Q P,B,,False,,1.015625,0.7341195344924927,,
train-034436-256b6d7f82ba5763,3,8,train,2696369196332898147,pointer,P,N,,,T,False,True,,,-0.9375,0.1875,3.184074144034826,,N Q P,B,,False,,1.0859375,0.7476159334182739,,
train-034436-256b6d7f82ba5763,3,9,train,2696369196332898147,pointer,P,N,,,T,False,True,,,-0.875,0.125,3.185763306793208,,N Q P,B,,False,,1.1328125,0.7563575506210327,,
train-034436-256b6d7f82ba5763,3,10,train,2696369196332898147,pointer,P,N,,,T,False,True,,,-0.875,0.125,3.1838104493823387,,N Q P,B,,False,,1.15625,0.7606506943702698,,
train-034436-256b6d7f82ba5763,3,11,train,2696369196332898147,pointer,P,N,,,T,False,True,,,-0.875,0.1875,3.1860885514962574,,N Q P,B,,False,,1.171875,0.7634837031364441,,
train-034436-256b6d7f82ba5763,3,12,train,2696369196332898147,pointer,P,N,,,T,False,True,,,-0.875,0.1875,3.183296103840371,,N Q P,B,,False,,1.1796875,0.7648916244506836,,
train-001236-2b1edb1fa7ee3309,4,1,train,3107161721940095753,pointer,L,V,V,True,P,False,False,1.4305104514278355e-06,15.21875,-19.0,15.21875,2.3259465141763745e-05,1,V D U,V,True,True,0.0017701209289953113,-0.62109375,0.34953272342681885,False,0.43006432056427
train-001236-2b1edb1fa7ee3309,4,2,train,3107161721940095753,pointer,L,G,G,True,P,False,False,5.483612312673358e-06,13.4375,-15.9375,13.4375,8.493232798842843e-05,1,G C F,G,True,True,0.012930240482091904,-0.35546875,0.41205689311027527,False,0.5311251282691956
train-001236-2b1edb1fa7ee3309,4,3,train,3107161721940095753,pointer,L,T,T,True,P,False,False,0.0015705404803156853,7.4375,-9.0625,7.4375,0.01559927018930745,1,T G R,G,False,False,3.2218809127807617,-0.038818359375,0.4902966022491455,False,0.6739263534545898
train-001236-2b1edb1fa7ee3309,4,4,train,3107161721940095753,pointer,L,T,P,False,P,False,False,1.1943867206573486,-0.6875,-0.6875,0.6875,1.1497593941362012,2,T P G,G,False,False,3.4257078170776367,0.353515625,0.5874698758125305,True,0.5319303274154663
train-001236-2b1edb1fa7ee3309,4,5,train,3107161721940095753,pointer,L,P,,,P,True,True,,,0.6875,0.6875,2.4399046207166966,,P T N,O,,False,,0.69921875,0.6680145263671875,,
train-001236-2b1edb1fa7ee3309,4,6,train,3107161721940095753,pointer,L,N,,,P,False,True,,,-1.1875,0.3125,2.9987162016647333,,N O W,I,,False,,0.8984375,0.7106282711029053,,
train-001236-2b1edb1fa7ee3309,4,7,train,3107161721940095753,pointer,L,N,,,P,False,True,,,-1.5,0.125,2.9974162184733637,,N Z K,I,,False,,1.0078125,0.7325918078422546,,
train-001236-2b1edb1fa7ee3309,4,8,train,3107161721940095753,pointer,L,N,,,P,False,True,,,-1.5,0.0625,3.002712927989942,,N Z K,I,,False,,1.078125,0.7461389899253845,,
train-001236-2b1edb1fa7ee3309,4,9,train,3107161721940095753,pointer,L,N,,,P,False,True,,,-1.5,0.0,2.9961513327342715,,N Z K,I,,False,,1.1171875,0.7534666657447815,,
train-001236-2b1edb1fa7ee3309,4,10,train,3107161721940095753,pointer,L,N,,,P,False,True,,,-1.4375,0.0,3.002044021389531,,N Z K,I,,False,,1.140625,0.7577943801879883,,
train-001236-2b1edb1fa7ee3309,4,11,train,3107161721940095753,pointer,L,Z,,,P,False,True,,,-1.5,0.0625,2.996193408627141,,Z N K,I,,False,,1.15625,0.7606506943702698,,
train-001236-2b1edb1fa7ee3309,4,12,train,3107161721940095753,pointer,L,N,,,P,False,True,,,-1.4375,0.0,2.9964907382053547,,N Z K,I,,False,,1.1640625,0.7620701193809509,,
train-004081-a94953a1e320f07a,5,1,train,12198373020475125882,pointer,S,Q,Q,True,X,False,False,1.9073468138230965e-06,13.6875,-20.5,13.6875,3.132205138033778e-05,1,Q K R,Q,True,True,0.005755519028753042,-0.5859375,0.3575674891471863,False,0.4424935579299927
train-004081-a94953a1e320f07a,5,2,train,12198373020475125882,pointer,S,L,L,True,X,False,False,1.9311717551317997e-05,12.125,-17.78125,12.125,0.000269868977640179,1,L B D,L,True,True,0.017614712938666344,-0.337890625,0.4163219630718231,False,0.5384057760238647
train-004081-a94953a1e320f07a,5,3,train,12198373020475125882,pointer,S,H,H,True,X,False,False,0.002153936307877302,8.125,-10.1875,8.125,0.021646291980309203,1,H L R,L,False,False,3.4159140586853027,-0.04248046875,0.4893815219402313,False,0.6721324920654297
train-004081-a94953a1e320f07a,5,4,train,12198373020475125882,pointer,S,V,V,True,X,False,False,1.138456106185913,0.125,-0.25,0.125,1.7365490944076896,1,V H X,R,False,False,3.4185996055603027,0.35546875,0.5879431366920471,False,0.8865938782691956
train-004081-a94953a1e320f07a,5,5,train,12198373020475125882,pointer,S,X,X,True,X,True,False,1.9134974479675293,0.1875,0.1875,0.1875,2.7695586303832225,1,X V H,I,False,False,3.498239278793335,0.6796875,0.6636689305305481,True,0.40997180342674255
train-004081-a94953a1e320f07a,5,6,train,12198373020475125882,pointer,S,H,,,X,False,True,,,-0.25,0.0,3.172866102033316,,H I L,Q,,False,,0.90234375,0.7114308476448059,,
train-004081-a94953a1e320f07a,5,7,train,12198373020475125882,pointer,S,L,,,X,False,True,,,-0.5,0.125,3.2075243487463507,,L Q S,Q,,False,,1.015625,0.7341195344924927,,
train-004081-a94953a1e320f07a,5,8,train,12198373020475125882,pointer,S,L,,,X,False,True,,,-0.4375,0.0625,3.215147628011569,,L S Q,Q,,False,,1.078125,0.7461389899253845,,
train-004081-a94953a1e320f07a,5,9,train,12198373020475125882,pointer,S,L,,,X,False,True,,,-0.5,0.125,3.212616321885782,,L Q S,Q,,False,,1.1171875,0.7534666657447815,,
train-004081-a94953a1e320f07a,5,10,train,12198373020475125882,pointer,S,L,,,X,False,True,,,-0.4375,0.0625,3.2120415676558327,,L Q S,Q,,False,,1.140625,0.7577943801879883,,
train-004081-a94953a1e320f07a,5,11,train,12198373020475125882,pointer,S,L,,,X,False,True,,,-0.5,0.0625,3.2110688454019103,,L S Q,Q,,False,,1.15625,0.7606506943702698,,
train-004081-a94953a1e320f07a,5,12,train,12198373020475125882,pointer,S,L,,,X,False,True,,,-0.5,0.0625,3.2110217942030617,,L S Q,Q,,False,,1.1640625,0.7620701193809509,,
train-033557-44eacc919581c788,6,1,train,4966006464780027784,pointer,Y,P,P,True,O,False,False,7.152555099310121e-07,15.375,-19.96875,15.375,1.2785609319157874e-05,1,P Q R,P,True,True,0.01078078243881464,-0.60546875,0.35309353470802307,False,0.43555355072021484
train-033557-44eacc919581c788,6,2,train,4966006464780027784,pointer,Y,H,H,True,O,False,False,0.00021598390594590455,9.0625,-13.375,9.0625,0.002315310275794202,1,H P E,H,True,True,0.021642930805683136,-0.439453125,0.39187127351760864,False,0.4973686933517456
train-033557-44eacc919581c788,6,3,train,4966006464780027784,pointer,Y,E,E,True,O,False,False,0.011679013259708881,5.5,-9.875,5.5,0.08655808708814812,1,E H J,G,False,False,2.752852201461792,-0.1328125,0.4668455719947815,False,0.6289442181587219
train-033557-44eacc919581c788,6,4,train,4966006464780027784,pointer,Y,E,J,False,O,False,False,2.9069955348968506,-2.75,-4.9375,2.75,0.7519532153691374,2,E J I,G,False,False,3.233816623687744,0.296875,0.5736784338951111,False,0.8525612950325012
train-033557-44eacc919581c788,6,5,train,4966006464780027784,pointer,Y,E,U,False,O,False,False,4.0532002449035645,-3.25,-2.625,1.25,2.1464545401725226,8,E J I,D,False,False,3.4937613010406494,0.65625,0.6584175229072571,False,1.0741660594940186
train-033557-44eacc919581c788,6,6,train,4966006464780027784,pointer,Y,R,O,False,O,False,False,2.926243305206299,-0.3125,-0.3125,0.0,3.1864039419587282,4,R T W,O,True,False,2.9848690032958984,0.87890625,0.7065955400466919,True,0.34729689359664917
train-033557-44eacc919581c788,6,7,train,4966006464780027784,pointer,Y,T,,,O,False,True,,,-0.3125,0.0625,3.210703922779989,,T N R,O,,False,,0.98828125,0.7287483215332031,,
train-033557-44eacc919581c788,6,8,train,4966006464780027784,pointer,Y,N,,,O,False,True,,,-0.25,0.0,3.2165492213073463,,N T X,M,,False,,1.046875,0.740174412727356,,
train-033557-44eacc919581c788,6,9,train,4966006464780027784,pointer,Y,N,,,O,False,True,,,-0.3125,0.0,3.2182115915999416,,N T X,M,,False,,1.078125,0.7461389899253845,,
train-033557-44eacc919581c788,6,10,train,4966006464780027784,pointer,Y,T,,,O,False,True,,,-0.3125,0.0625,3.2148806344539107,,T N X,M,,False,,1.1015625,0.7505527138710022,,
train-033557-44eacc919581c788,6,11,train,4966006464780027784,pointer,Y,T,,,O,False,True,,,-0.3125,0.0625,3.214574539341529,,T N X,M,,False,,1.1171875,0.7534666657447815,,
train-033557-44eacc919581c788,6,12,train,4966006464780027784,pointer,Y,N,,,O,False,True,,,-0.3125,0.0,3.2157458576646643,,N T X,X,,False,,1.125,0.7549149990081787,,
train-004074-469e2a776b001a6f,8,1,train,5088551321359882863,pointer,A,H,H,True,N,False,False,3.3378546504536644e-06,13.8125,-17.84375,13.8125,5.592322779134752e-05,1,H X I,H,True,True,0.013472000136971474,-0.5234375,0.3720487952232361,False,0.4652928113937378
train-004074-469e2a776b001a6f,8,2,train,5088551321359882863,pointer,A,O,O,True,N,False,False,1.4662635294371285e-05,12.5,-14.625,12.5,0.00021445743311053898,1,O A P,O,True,True,0.027775991708040237,-0.326171875,0.41917234659194946,False,0.5433012247085571
train-004074-469e2a776b001a6f,8,3,train,5088551321359882863,pointer,A,M,M,True,N,False,False,0.0077173179015517235,6.5,-6.625,6.5,0.06462981015085216,1,M F L,E,False,False,3.528998374938965,0.04541015625,0.5113505721092224,False,0.7161100506782532
train-004074-469e2a776b001a6f,8,4,train,5088551321359882863,pointer,A,L,F,False,N,False,False,2.3800013065338135,-2.0,-5.5625,1.3125,1.032619659082098,3,L Z F,G,False,False,3.3394250869750977,0.3984375,0.5983121991157532,False,0.9120801091194153
train-004074-469e2a776b001a6f,8,5,train,5088551321359882863,pointer,A,L,L,True,N,False,False,0.7155333161354065,0.75,-3.875,0.75,1.675990295220363,1,L Z F,D,False,False,3.3280210494995117,0.71484375,0.671470582485199,False,1.113128900527954
train-004074-469e2a776b001a6f,8,6,train,5088551321359882863,pointer,A,L,Z,False,N,False,False,2.4388740062713623,-0.5,-1.375,0.5,3.0633056163097305,2,L Z Q,I,False,False,3.236243963241577,0.9296875,0.7170118689537048,False,1.26235032081604
train-004074-469e2a776b001a6f,8,7,train,5088551321359882863,pointer,A,Q,K,False,N,False,False,3.1991586685180664,-0.5,-0.4375,0.0625,3.208041497533298,10,Q Z R,I,False,False,3.2094836235046387,1.046875,0.740174412727356,False,1.3477444648742676
train-004074-469e2a776b001a6f,8,8,train,5088551321359882863,pointer,A,Q,N,False,N,False,False,3.0807206630706787,-0.3125,-0.3125,0.0,3.213248031048005,6,Q Z R,B,False,False,3.060002088546753,1.1015625,0.7505527138710022,True,0.28694531321525574
train-004074-469e2a776b001a6f,8,9,train,5088551321359882863,pointer,A,Q,,,N,False,True,,,-0.3125,0.0,3.2140974973303127,,Q Z X,B,,False,,1.1328125,0.7563575506210327,,
train-004074-469e2a776b001a6f,8,10,train,5088551321359882863,pointer,A,Z,,,N,False,True,,,-0.375,0.0625,3.212181239899232,,Z Q R,B,,False,,1.1484375,0.7592254281044006,,
train-004074-469e2a776b001a6f,8,11,train,5088551321359882863,pointer,A,Z,,,N,False,True,,,-0.375,0.0625,3.213086674481986,,Z Q R,B,,False,,1.1640625,0.7620701193809509,,
train-004074-469e2a776b001a6f,8,12,train,5088551321359882863,pointer,A,Z,,,N,False,True,,,-0.375,0.0625,3.2143788561378632,,Z Q R,B,,False,,1.171875,0.7634837031364441,,
train-026854-5873933bbf314402,10,1,train,6373599782479414274,pointer,Q,N,N,True,N,True,False,7.986990567587782e-06,12.625,12.625,12.625,0.00011866727987918066,1,N Q B,N,True,True,0.001493292162194848,-0.486328125,0.3807589113712311,False,0.4792606830596924
train-026854-5873933bbf314402,10,2,train,6373599782479414274,pointer,Q,E,E,True,N,False,False,4.768370445162873e-07,16.46875,-19.09375,16.46875,7.4530128521503095e-06,1,E X F,E,True,True,0.03887663036584854,-0.341796875,0.4153730273246765,False,0.536781370639801
train-026854-5873933bbf314402,10,3,train,6373599782479414274,pointer,Q,Q,Q,True,N,False,False,0.16079562902450562,1.75,-1.75,1.75,0.4255059468210522,1,Q N E,E,False,False,3.3967714309692383,-0.0498046875,0.48755136132240295,False,0.6685548424720764
train-026854-5873933bbf314402,10,4,train,6373599782479414274,pointer,Q,Q,N,False,N,False,False,1.416792631149292,-1.125,-1.125,1.125,0.6372918735452915,2,Q N E,E,False,False,3.3743209838867188,0.29296875,0.5727227926254272,False,0.8503222465515137
train-026854-5873933bbf314402,10,5,train,6373599782479414274,pointer,Q,Q,E,False,N,False,False,4.0069355964660645,-3.6875,-1.125,1.125,0.7775916273101722,3,Q N E,E,True,False,2.823589324951172,0.60546875,0.6469064354896545,False,1.0410223007202148
train-026854-5873933bbf314402,10,6,train,6373599782479414274,pointer,Q,Q,Q,True,N,False,False,0.6401922106742859,0.75,-0.75,0.75,1.512091062335701,1,Q N E,C,False,False,2.9590179920196533,0.84375,0.6992544531822205,False,1.2014906406402588
train-026854-5873933bbf314402,10,7,train,6373599782479414274,pointer,Q,Q,N,False,N,False,False,1.7209196090698242,-0.625,-0.625,0.625,2.32947446947333,2,Q N E,C,False,False,3.258709192276001,0.98828125,0.7287483215332031,False,1.3047081232070923
train-026854-5873933bbf314402,10,8,train,6373599782479414274,pointer,Q,Q,E,False,N,False,False,2.2532036304473877,-1.0625,-0.625,0.625,2.4863171590650595,3,Q N E,C,False,False,3.0721335411071777,1.0625,0.7431680560112,False,1.3593331575393677
train-026854-5873933bbf314402,10,9,train,6373599782479414274,pointer,Q,Q,Q,True,N,False,False,1.2560235261917114,0.5625,-0.5625,0.5625,2.531941291668642,1,Q N E,B,False,False,3.0435452461242676,1.1015625,0.7505527138710022,False,1.3885078430175781
train-026854-5873933bbf314402,10,10,train,6373599782479414274,pointer,Q,Q,N,False,N,False,False,1.8230198621749878,-0.625,-0.625,0.625,2.5027350914348014,2,Q N E,B,False,False,3.2580556869506836,1.125,0.7549149990081787,True,0.28115013241767883
train-026854-5873933bbf314402,10,11,train,6373599782479414274,pointer,Q,Q,,,N,False,True,,,-0.5625,0.5625,2.5020997247388403,,Q N E,B,,False,,1.140625,0.7577943801879883,,
train-026854-5873933bbf314402,10,12,train,6373599782479414274,pointer,Q,Q,,,N,False,True,,,-0.625,0.625,2.5157302436612157,,Q N E,B,,False,,1.1484375,0.7592254281044006,,
train-011168-87293f2ee627e44d,12,1,train,9739385139827827789,pointer,X,N,N,True,C,False,False,8.22540732769994e-06,12.5,-16.65625,12.5,0.00011848319587455067,1,N Q O,N,True,True,0.0012304362608119845,-0.52734375,0.3711366057395935,False,0.4638412594795227
train-011168-87293f2ee627e44d,12,2,train,9739385139827827789,pointer,X,U,U,True,C,False,False,0.0006160030607134104,7.75,-16.4375,7.75,0.005642272144240826,1,U N A,U,True,True,0.035582538694143295,-0.427734375,0.39466747641563416,False,0.5019773244857788
train-011168-87293f2ee627e44d,12,3,train,9739385139827827789,pointer,X,A,A,True,C,False,False,0.03348657861351967,3.5625,-7.875,3.5625,0.17037580839844846,1,A I U,U,False,False,3.2600271701812744,-0.09326171875,0.4767014682292938,False,0.6476031541824341
train-011168-87293f2ee627e44d,12,4,train,9739385139827827789,pointer,X,I,I,True,C,False,False,0.30802345275878906,1.5625,-5.5,1.5625,0.9448702886821448,1,I A J,D,False,False,3.0517120361328125,0.333984375,0.5827285051345825,False,0.8740182518959045
train-011168-87293f2ee627e44d,12,5,train,9739385139827827789,pointer,X,I,J,False,C,False,False,2.1185779571533203,-1.6875,-4.375,1.6875,1.5430183603417664,2,I J A,I,False,True,3.4383487701416016,0.68359375,0.6645402908325195,False,1.0922534465789795
train-011168-87293f2ee627e44d,12,6,train,9739385139827827789,pointer,X,I,G,False,C,False,False,4.085609436035156,-2.5,-2.0,1.3125,3.0089631015601466,23,I U X,I,False,True,3.5721113681793213,0.89453125,0.7098243832588196,False,1.2372689247131348
train-011168-87293f2ee627e44d,12,7,train,9739385139827827789,pointer,X,I,V,False,C,False,False,3.7551398277282715,-1.3125,-1.0625,0.25,3.191366365193562,23,I X U,I,False,True,3.4786531925201416,1.0078125,0.7325918078422546,False,1.318979024887085
train-011168-87293f2ee627e44d,12,8,train,9739385139827827789,pointer,X,I,R,False,C,False,False,3.5214223861694336,-0.9375,-0.875,0.0625,3.2006491778053467,20,I X N,K,False,False,3.21026873588562,1.0703125,0.7446563243865967,False,1.365144968032837
train-011168-87293f2ee627e44d,12,9,train,9739385139827827789,pointer,X,I,B,False,C,False,False,3.324873208999634,-0.75,-0.875,0.0625,3.200053327686217,13,I X U,K,False,False,3.0938022136688232,1.109375,0.7520126104354858,False,1.3943772315979004
train-011168-87293f2ee627e44d,12,10,train,9739385139827827789,pointer,X,I,Y,False,C,False,False,3.0040769577026367,-0.4375,-0.875,0.125,3.2014662556653293,5,I X U,X,False,False,3.264923095703125,1.125,0.7549149990081787,False,1.4061501026153564
train-011168-87293f2ee627e44d,12,11,train,9739385139827827789,pointer,X,I,W,False,C,False,False,3.100757360458374,-0.5625,-0.9375,0.125,3.2000304675191957,7,I X N,X,False,False,3.212343215942383,1.140625,0.7577943801879883,False,1.4179682731628418
train-011168-87293f2ee627e44d,12,12,train,9739385139827827789,pointer,X,I,C,False,C,False,False,3.485746383666992,-0.9375,-0.9375,0.125,3.1999726177830756,18,I X U,X,False,False,3.286487102508545,1.1484375,0.7592254281044006,True,0.27545657753944397
train-024255-99b2b8f40a41b8fb,1,1,train,11075117791941081339,pointer,L,J,J,True,J,True,False,3.576278118089249e-07,15.9375,15.9375,15.9375,6.0142477554432105e-06,1,J A B,J,True,True,0.0026505598798394203,-0.4765625,0.3830641508102417,True,0.9595527648925781
train-024255-99b2b8f40a41b8fb,1,2,train,11075117791941081339,pointer,L,U,,,J,False,True,,,-16.0,11.5,0.000392143632302029,,U R Y,U,,True,,-0.37109375,0.40827676653862,,
train-024255-99b2b8f40a41b8fb,1,3,train,11075117791941081339,pointer,L,R,,,J,False,True,,,-7.5625,3.75,0.1875426063695402,,R U L,U,,False,,-0.0255126953125,0.49362221360206604,,
train-024255-99b2b8f40a41b8fb,1,4,train,11075117791941081339,pointer,L,R,,,J,False,True,,,-4.0,2.125,1.5471919498078275,,R Y L,D,,False,,0.39453125,0.5973730087280273,,
train-024255-99b2b8f40a41b8fb,1,5,train,11075117791941081339,pointer,L,R,,,J,False,True,,,-2.875,1.3125,2.505862712075871,,R Y U,I,,False,,0.7265625,0.6740504503250122,,
train-024255-99b2b8f40a41b8fb,1,6,train,11075117791941081339,pointer,L,R,,,J,False,True,,,-1.8125,0.625,2.889857245715033,,R I L,I,,False,,0.93359375,0.7178038358688354,,
train-024255-99b2b8f40a41b8fb,1,7,train,11075117791941081339,pointer,L,R,,,J,False,True,,,-1.375,0.1875,2.929939087728627,,R I W,X,,False,,1.046875,0.740174412727356,,
train-024255-99b2b8f40a41b8fb,1,8,train,11075117791941081339,pointer,L,R,,,J,False,True,,,-1.3125,0.1875,2.928728481009055,,R I L,X,,False,,1.1171875,0.7534666657447815,,
train-024255-99b2b8f40a41b8fb,1,9,train,11075117791941081339,pointer,L,R,,,J,False,True,,,-1.375,0.1875,2.91894883470949,,R I L,X,,False,,1.15625,0.7606506943702698,,
train-024255-99b2b8f40a41b8fb,1,10,train,11075117791941081339,pointer,L,R,,,J,False,True,,,-1.4375,0.25,2.9155345075344563,,R I L,X,,False,,1.1796875,0.7648916244506836,,
train-024255-99b2b8f40a41b8fb,1,11,train,11075117791941081339,pointer,L,R,,,J,False,True,,,-1.4375,0.25,2.910975238550911,,R I L,X,,False,,1.203125,0.7690802216529846,,
train-024255-99b2b8f40a41b8fb,1,12,train,11075117791941081339,pointer,L,R,,,J,False,True,,,-1.375,0.1875,2.9113912755969062,,R I L,X,,False,,1.2109375,0.7704647779464722,,
train-015292-8519a988adcd4869,2,1,train,9590883285958740073,pointer,W,P,P,True,I,False,False,1.1920928244535389e-07,17.5625,-21.75,17.5625,2.027825421699697e-06,1,P C G,P,True,True,0.0050959461368620396,-0.5859375,0.3575674891471863,False,0.4424935579299927
train-015292-8519a988adcd4869,2,2,train,9590883285958740073,pointer,W,I,I,True,I,True,False,0.0004366874636616558,7.75,7.75,7.75,0.003859300060537526,1,I F J,I,True,True,0.0074060410261154175,-0.50390625,0.37662312388420105,True,0.9765102863311768
train-015292-8519a988adcd4869,2,3,train,9590883285958740073,pointer,W,F,,,I,False,True,,,-1.8125,1.8125,0.5767304381251029,,F I P,I,,False,,-0.1845703125,0.4539879560470581,,
train-015292-8519a988adcd4869,2,4,train,9590883285958740073,pointer,W,X,,,I,False,True,,,-2.5,0.8125,1.60548988538648,,X W P,I,,False,,0.2216796875,0.555194079875946,,
train-015292-8519a988adcd4869,2,5,train,9590883285958740073,pointer,W,P,,,I,False,True,,,-0.625,0.625,2.2188689091108875,,P I X,I,,False,,0.59375,0.6442250609397888,,
train-015292-8519a988adcd4869,2,6,train,9590883285958740073,pointer,W,P,,,I,False,True,,,-0.75,0.375,2.8863950409825883,,P W I,O,,False,,0.8515625,0.700894832611084,,
train-015292-8519a988adcd4869,2,7,train,9590883285958740073,pointer,W,W,,,I,False,True,,,-1.0,0.5,3.123194132866514,,W P O,O,,False,,0.98828125,0.7287483215332031,,
train-015292-8519a988adcd4869,2,8,train,9590883285958740073,pointer,W,W,,,I,False,True,,,-1.0,0.5625,3.147663062401746,,W P O,O,,False,,1.0546875,0.74167400598526,,
train-015292-8519a988adcd4869,2,9,train,9590883285958740073,pointer,W,W,,,I,False,True,,,-1.0625,0.625,3.145494562995687,,W O P,X,,False,,1.1015625,0.7505527138710022,,
train-015292-8519a988adcd4869,2,10,train,9590883285958740073,pointer,W,W,,,I,False,True,,,-1.0625,0.625,3.1452319920692737,,W O P,X,,False,,1.1171875,0.7534666657447815,,
train-015292-8519a988adcd4869,2,11,train,9590883285958740073,pointer,W,W,,,I,False,True,,,-1.0625,0.625,3.136604987933124,,W P O,X,,False,,1.1328125,0.7563575506210327,,
train-015292-8519a988adcd4869,2,12,train,9590883285958740073,pointer,W,W,,,I,False,True,,,-1.0625,0.625,3.136604987933124,,W P O,X,,False,,1.1484375,0.7592254281044006,,
train-016931-8160259db0a157c6,3,1,train,9322492587860383686,pointer,B,P,P,True,R,False,False,2.3841855067985307e-07,16.875,-16.875,16.875,4.3159900168254514e-06,1,P Q R,P,True,True,0.0030711174476891756,-0.546875,0.3665897250175476,False,0.456636905670166
train-016931-8160259db0a157c6,3,2,train,9322492587860383686,pointer,B,L,L,True,R,False,False,3.957670196541585e-05,10.75,-12.4375,10.75,0.0005104413578153002,1,L P R,L,True,True,0.06178160011768341,-0.298828125,0.4258439540863037,False,0.5548540949821472
train-016931-8160259db0a157c6,3,3,train,9322492587860383686,pointer,B,R,R,True,R,True,False,0.09903375059366226,2.375,2.375,2.375,0.36172525633562597,1,R W D,L,False,False,3.491513967514038,-0.042724609375,0.4893204867839813,True,0.7147376537322998
train-016931-8160259db0a157c6,3,4,train,9322492587860383686,pointer,B,W,,,R,False,True,,,-1.0625,1.0625,1.0752061234134203,,W R D,E,,False,,0.3515625,0.5869964361190796,,
train-016931-8160259db0a157c6,3,5,train,9322492587860383686,pointer,B,W,,,R,False,True,,,-0.75,0.75,1.596292038701644,,W R D,D,,False,,0.6796875,0.6636689305305481,,
train-016931-8160259db0a157c6,3,6,train,9322492587860383686,pointer,B,W,,,R,False,True,,,-0.5,0.5,2.3011750042816663,,W R D,I,,False,,0.8984375,0.7106282711029053,,
train-016931-8160259db0a157c6,3,7,train,9322492587860383686,pointer,B,U,,,R,False,True,,,-0.125,0.125,2.5528762994777874,,U R W,I,,False,,1.0234375,0.735641598701477,,
train-016931-8160259db0a157c6,3,8,train,9322492587860383686,pointer,B,U,,,R,False,True,,,-0.25,0.25,2.548919103680239,,U N R,W,,False,,1.09375,0.7490872144699097,,
train-016931-8160259db0a157c6,3,9,train,9322492587860383686,pointer,B,U,,,R,False,True,,,-0.1875,0.1875,2.5442834423323113,,U R N,W,,False,,1.1328125,0.7563575506210327,,
train-016931-8160259db0a157c6,3,10,train,9322492587860383686,pointer,B,U,,,R,False,True,,,-0.1875,0.1875,2.5424805351204873,,U R N,W,,False,,1.15625,0.7606506943702698,,
train-016931-8160259db0a157c6,3,11,train,9322492587860383686,pointer,B,U,,,R,False,True,,,-0.1875,0.1875,2.533364276322797,,U R N,W,,False,,1.1796875,0.7648916244506836,,
train-016931-8160259db0a157c6,3,12,train,9322492587860383686,pointer,B,U,,,R,False,True,,,-0.1875,0.1875,2.5410101430284855,,U N R,W,,False,,1.1875,0.7662936449050903,,
train-025068-98b407ebeb1e1885,4,1,train,11003428499416291461,pointer,J,F,F,True,J,False,False,3.814689989667386e-06,13.9375,-14.46875,13.9375,5.9943710834142055e-05,1,F C J,F,True,True,0.004991095047444105,-0.5078125,0.3757064640522003,False,0.47113466262817383
train-025068-98b407ebeb1e1885,4,2,train,11003428499416291461,pointer,J,Z,Z,True,J,False,False,1.6331539882230572e-05,11.8125,-14.0,11.8125,0.0002315308638846885,1,Z X I,Z,True,True,0.010032466612756252,-0.34375,0.4148988723754883,False,0.5359705090522766
train-025068-98b407ebeb1e1885,4,3,train,11003428499416291461,pointer,J,S,S,True,J,False,False,0.13560751080513,2.0,-7.5,2.0,0.4332043017792697,1,S Z Q,Z,False,False,3.5037593841552734,-0.054443359375,0.4863925576210022,False,0.6662959456443787
train-025068-98b407ebeb1e1885,4,4,train,11003428499416291461,pointer,J,S,J,False,J,False,False,3.344491481781006,-3.0625,-3.0625,1.5625,0.9200857019711887,3,S Z J,G,False,False,3.710336685180664,0.3359375,0.5832033753395081,True,0.5392193794250488
train-025068-98b407ebeb1e1885,4,5,train,11003428499416291461,pointer,J,S,,,J,False,True,,,-1.8125,1.5,1.8440909545098614,,S Z J,I,,False,,0.67578125,0.6627964973449707,,
train-025068-98b407ebeb1e1885,4,6,train,11003428499416291461,pointer,J,F,,,J,False,True,,,-0.375,0.375,2.5855947504314774,,F J S,I,,False,,0.90234375,0.7114308476448059,,
train-025068-98b407ebeb1e1885,4,7,train,11003428499416291461,pointer,J,F,,,J,False,True,,,-0.3125,0.3125,2.5856166290771143,,F J Q,K,,False,,1.03125,0.7371581792831421,,
train-025068-98b407ebeb1e1885,4,8,train,11003428499416291461,pointer,J,F,,,J,False,True,,,-0.3125,0.3125,2.5805311493008776,,F J Q,K,,False,,1.109375,0.7520126104354858,,
train-025068-98b407ebeb1e1885,4,9,train,11003428499416291461,pointer,J,F,,,J,False,True,,,-0.25,0.25,2.5776877978276755,,F J Q,K,,False,,1.1484375,0.7592254281044006,,
train-025068-98b407ebeb1e1885,4,10,train,11003428499416291461,pointer,J,F,,,J,False,True,,,-0.25,0.25,2.581958423734575,,F J Q,K,,False,,1.1796875,0.7648916244506836,,
train-025068-98b407ebeb1e1885,4,11,train,11003428499416291461,pointer,J,F,,,J,False,True,,,-0.3125,0.3125,2.579555811012888,,F J Q,K,,False,,1.1953125,0.7676898241043091,,
train-025068-98b407ebeb1e1885,4,12,train,11003428499416291461,pointer,J,F,,,J,False,True,,,-0.25,0.25,2.5757757960725605,,F J Q,K,,False,,1.203125,0.7690802216529846,,
train-024799-9b5a7074237022e7,5,1,train,11194383467895857895,pointer,W,E,E,True,L,False,False,3.6954811548639555e-06,13.6875,-15.953125,13.6875,5.8403178443116785e-05,1,E I A,E,True,True,0.005926535930484533,-0.478515625,0.382602721452713,False,0.48224252462387085
train-024799-9b5a7074237022e7,5,2,train,11194383467895857895,pointer,W,I,I,True,L,False,False,2.861018856492592e-06,13.8125,-16.875,13.8125,4.362705765275348e-05,1,I E J,I,True,True,0.013491876423358917,-0.357421875,0.411583811044693,False,0.5303207635879517
train-024799-9b5a7074237022e7,5,3,train,11194383467895857895,pointer,W,L,L,True,L,True,False,0.01321521494537592,4.75,4.75,4.75,0.08350925469671784,1,L N I,I,False,False,3.1034460067749023,-0.0203857421875,0.49490371346473694,False,0.683006227016449
train-024799-9b5a7074237022e7,5,4,train,11194383467895857895,pointer,W,N,N,True,L,False,False,0.7807110548019409,0.5,-0.5,0.5,1.1702995080774272,1,N L I,I,False,False,3.2371318340301514,0.365234375,0.5903069376945496,False,0.892346978187561
train-024799-9b5a7074237022e7,5,5,train,11194383467895857895,pointer,W,N,L,False,L,False,False,1.3316956758499146,-0.3125,-0.3125,0.125,1.3365230398164938,3,N I L,I,False,False,2.892036199569702,0.6875,0.665410578250885,True,0.4073510468006134
train-024799-9b5a7074237022e7,5,6,train,11194383467895857895,pointer,W,I,,,L,False,True,,,-0.1875,0.0625,1.4870341114018044,,I N L,I,,True,,0.91015625,0.7130321860313416,,
train-024799-9b5a7074237022e7,5,7,train,11194383467895857895,pointer,W,I,,,L,False,True,,,-0.125,0.125,1.5232928157513714,,I L N,I,,True,,1.03125,0.7371581792831421,,
train-024799-9b5a7074237022e7,5,8,train,11194383467895857895,pointer,W,I,,,L,False,True,,,-0.125,0.125,1.5153497536695035,,I L N,I,,True,,1.1015625,0.7505527138710022,,
train-024799-9b5a7074237022e7,5,9,train,11194383467895857895,pointer,W,I,,,L,False,True,,,-0.125,0.125,1.510395470428994,,I L N,I,,True,,1.1484375,0.7592254281044006,,
train-024799-9b5a7074237022e7,5,10,train,11194383467895857895,pointer,W,I,,,L,False,True,,,0.0,0.0,1.511279163623948,,I L N,N,,False,,1.171875,0.7634837031364441,,
train-024799-9b5a7074237022e7,5,11,train,11194383467895857895,pointer,W,I,,,L,False,True,,,-0.0625,0.0625,1.508203509852844,,I L N,N,,False,,1.1875,0.7662936449050903,,
train-024799-9b5a7074237022e7,5,12,train,11194383467895857895,pointer,W,I,,,L,False,True,,,-0.125,0.125,1.513227905487723,,I L N,N,,False,,1.1953125,0.7676898241043091,,
train-030524-a6e7463bb3d9a60b,6,1,train,12026658552150599179,pointer,M,P,P,True,Y,False,False,7.152555099310121e-07,15.0625,-21.796875,15.0625,1.2795685145626496e-05,1,P C Q,P,True,True,0.006472575943917036,-0.59375,0.3557748794555664,False,0.43970704078674316
train-030524-a6e7463bb3d9a60b,6,2,train,12026658552150599179,pointer,M,B,B,True,Y,False,False,7.688703772146255e-05,9.6875,-17.78125,9.6875,0.0008748284902422026,1,B O P,B,True,True,0.015892036259174347,-0.42578125,0.3951341509819031,False,0.5027486681938171
train-030524-a6e7463bb3d9a60b,6,3,train,12026658552150599179,pointer,M,O,O,True,Y,False,False,0.18195118010044098,1.625,-11.0625,1.625,0.46669289085418586,1,O C B,B,False,False,3.1860921382904053,-0.1396484375,0.4651445150375366,False,0.625758707523346
train-030524-a6e7463bb3d9a60b,6,4,train,12026658552150599179,pointer,M,O,C,False,Y,False,False,1.1945439577102661,-0.5,-3.625,0.5,1.508572318040608,2,O C V,D,False,False,3.234179735183716,0.279296875,0.5693738460540771,False,0.8425149321556091
train-030524-a6e7463bb3d9a60b,6,5,train,12026658552150599179,pointer,M,O,V,False,Y,False,False,2.2401206493377686,-0.9375,-2.25,0.375,2.371273879772732,4,O C E,D,False,False,3.6808507442474365,0.6328125,0.6531268954277039,False,1.0587962865829468
train-030524-a6e7463bb3d9a60b,6,6,train,12026658552150599179,pointer,M,O,Y,False,Y,False,False,3.291395425796509,-1.375,-1.375,0.5625,3.012680610903808,11,O E C,D,False,False,3.325484275817871,0.87109375,0.7049732804298401,True,0.34959542751312256
train-030524-a6e7463bb3d9a60b,6,7,train,12026658552150599179,pointer,M,O,,,Y,False,True,,,-0.875,0.125,3.147047484634649,,O E F,B,,False,,0.9921875,0.729519784450531,,
train-030524-a6e7463bb3d9a60b,6,8,train,12026658552150599179,pointer,M,O,,,Y,False,True,,,-0.75,0.0625,3.1689279829640595,,O E F,B,,False,,1.0546875,0.74167400598526,,
train-030524-a6e7463bb3d9a60b,6,9,train,12026658552150599179,pointer,M,O,,,Y,False,True,,,-0.75,0.0625,3.1763255996932354,,O E F,B,,False,,1.09375,0.7490872144699097,,
train-030524-a6e7463bb3d9a60b,6,10,train,12026658552150599179,pointer,M,E,,,Y,False,True,,,-0.75,0.0,3.173876807079695,,E O F,B,,False,,1.1171875,0.7534666657447815,,
train-030524-a6e7463bb3d9a60b,6,11,train,12026658552150599179,pointer,M,O,,,Y,False,True,,,-0.75,0.0625,3.1701458028733787,,O E F,B,,False,,1.125,0.7549149990081787,,
train-030524-a6e7463bb3d9a60b,6,12,train,12026658552150599179,pointer,M,O,,,Y,False,True,,,-0.75,0.0625,3.1702070729305265,,O E F,B,,False,,1.1328125,0.7563575506210327,,
train-020796-d564dde7c3497331,8,1,train,15376659015233270577,pointer,K,E,E,True,B,False,False,3.2186455882765586e-06,13.1875,-15.953125,13.1875,5.074806537878974e-05,1,E A C,E,True,True,0.0011991222854703665,-0.515625,0.37387579679489136,False,0.468206524848938
train-020796-d564dde7c3497331,8,2,train,15376659015233270577,pointer,K,Q,Q,True,B,False,False,0.0009895433904603124,7.0,-14.1875,7.0,0.00818783746328178,1,Q O P,Q,True,True,0.04682407155632973,-0.349609375,0.4134771525859833,False,0.5335437059402466
train-020796-d564dde7c3497331,8,3,train,15376659015233270577,pointer,K,O,O,True,B,False,False,0.39054813981056213,0.75,-9.6875,0.75,0.6578232630602397,1,O P Q,Q,False,False,2.789918899536133,-0.07177734375,0.482063353061676,False,0.6579023599624634
train-020796-d564dde7c3497331,8,4,train,15376659015233270577,pointer,K,O,P,False,B,False,False,0.9084014892578125,-0.25,-5.125,0.25,1.1184868600650628,2,O P I,G,False,False,3.3453495502471924,0.328125,0.581303060054779,False,0.8706080317497253
train-020796-d564dde7c3497331,8,5,train,15376659015233270577,pointer,K,O,Y,False,B,False,False,3.8675620555877686,-3.1875,-3.8125,0.5625,1.6192933545554664,4,O P I,Q,False,False,3.2549855709075928,0.67578125,0.6627964973449707,False,1.0870685577392578
train-020796-d564dde7c3497331,8,6,train,15376659015233270577,pointer,K,O,G,False,B,False,False,3.566671848297119,-2.0625,-1.5625,0.625,2.883722577029436,11,O P Q,Q,False,False,3.448625087738037,0.90234375,0.7114308476448059,False,1.2428207397460938
train-020796-d564dde7c3497331,8,7,train,15376659015233270577,pointer,K,O,M,False,B,False,False,3.4906911849975586,-1.375,-1.0,0.5625,3.1188634726314692,13,O Q D,K,False,False,3.1690573692321777,1.0234375,0.735641598701477,False,1.3304497003555298
train-020796-d564dde7c3497331,8,8,train,15376659015233270577,pointer,K,O,B,False,B,False,False,3.1615514755249023,-0.875,-0.875,0.375,3.1432535773751415,9,O D Q,K,False,False,3.064243793487549,1.09375,0.7490872144699097,True,0.28889986872673035
train-020796-d564dde7c3497331,8,9,train,15376659015233270577,pointer,K,O,,,B,False,True,,,-0.875,0.375,3.1384849873592837,,O D Q,K,,False,,1.125,0.7549149990081787,,
train-020796-d564dde7c3497331,8,10,train,15376659015233270577,pointer,K,O,,,B,False,True,,,-0.875,0.375,3.139330369404396,,O D Q,K,,False,,1.1484375,0.7592254281044006,,
train-020796-d564dde7c3497331,8,11,train,15376659015233270577,pointer,K,O,,,B,False,True,,,-0.9375,0.4375,3.1347279293672714,,O D Q,X,,False,,1.15625,0.7606506943702698,,
train-020796-d564dde7c3497331,8,12,train,15376659015233270577,pointer,K,O,,,B,False,True,,,-0.9375,0.4375,3.1360489024772016,,O D Q,X,,False,,1.1640625,0.7620701193809509,,
train-001933-375e70f2ba504574,10,1,train,3989750507707057524,pointer,J,K,K,True,R,False,False,1.5497195136049413e-06,14.15625,-14.15625,14.15625,2.5700287630517377e-05,1,K R I,K,True,True,0.005211814772337675,-0.5078125,0.3757064640522003,False,0.47113466262817383
train-001933-375e70f2ba504574,10,2,train,3989750507707057524,pointer,J,U,U,True,R,False,False,1.1086402082582936e-05,11.9375,-15.34375,11.9375,0.00015614014406186116,1,U G D,U,True,True,0.08806382864713669,-0.38671875,0.40450745820999146,False,0.5183663964271545
train-001933-375e70f2ba504574,10,3,train,3989750507707057524,pointer,J,G,G,True,R,False,False,0.043636102229356766,3.375,-8.0625,3.375,0.2229166606965037,1,G M U,G,True,True,2.2714684009552,-0.12158203125,0.46964189410209656,False,0.634202778339386
train-001933-375e70f2ba504574,10,4,train,3989750507707057524,pointer,J,M,M,True,R,False,False,0.5646499991416931,1.125,-4.25,1.125,1.427864695179756,1,M W E,G,False,False,3.427217483520508,0.2578125,0.5640984773635864,False,0.8303389549255371
train-001933-375e70f2ba504574,10,5,train,3989750507707057524,pointer,J,M,A,False,R,False,False,3.1963605880737305,-2.125,-2.9375,0.5,2.071650492861353,4,M E W,R,False,False,3.5772414207458496,0.60546875,0.6469064354896545,False,1.0410223007202148
train-001933-375e70f2ba504574,10,6,train,3989750507707057524,pointer,J,E,X,False,R,False,False,3.63373064994812,-1.5,-0.9375,0.0,3.0612425192980037,15,E M W,O,False,False,3.2528839111328125,0.85546875,0.7017130851745605,False,1.2096993923187256
train-001933-375e70f2ba504574,10,7,train,3989750507707057524,pointer,J,E,O,False,R,False,False,2.7742631435394287,-0.125,-0.4375,0.0,3.1960061614376096,3,E J O,O,True,False,2.960872173309326,0.99609375,0.730289876461029,False,1.3104075193405151
train-001933-375e70f2ba504574,10,8,train,3989750507707057524,pointer,J,J,I,False,R,False,False,3.1269710063934326,-0.4375,-0.375,0.0625,3.20898583525134,7,J E O,K,False,False,3.0500383377075195,1.0703125,0.7446563243865967,False,1.365144968032837
train-001933-375e70f2ba504574,10,9,train,3989750507707057524,pointer,J,J,C,False,R,False,False,3.549530506134033,-0.875,-0.4375,0.0625,3.2092702003807636,21,J E O,K,False,False,3.2802183628082275,1.109375,0.7520126104354858,False,1.3943772315979004
train-001933-375e70f2ba504574,10,10,train,3989750507707057524,pointer,J,J,R,False,R,False,False,3.112030506134033,-0.4375,-0.4375,0.0625,3.2092702003807636,7,J E O,K,False,False,3.173901081085205,1.140625,0.7577943801879883,True,0.277343213558197
train-001933-375e70f2ba504574,10,11,train,3989750507707057524,pointer,J,J,,,R,False,True,,,-0.4375,0.0625,3.2086243022153886,,J E O,K,,False,,1.15625,0.7606506943702698,,
train-001933-375e70f2ba504574,10,12,train,3989750507707057524,pointer,J,J,,,R,False,True,,,-0.4375,0.0625,3.207730764797673,,J E O,K,,False,,1.1640625,0.7620701193809509,,
train-009746-13fede6ce2c0ace2,12,1,train,1440833490047249634,pointer,I,M,M,True,A,False,False,1.549708758830093e-05,12.625,-13.5,12.625,0.0002250338020741128,1,M O C,M,True,True,0.003515613032504916,-0.486328125,0.3807589113712311,False,0.4792606830596924
train-009746-13fede6ce2c0ace2,12,2,train,1440833490047249634,pointer,I,J,J,True,A,False,False,3.576278118089249e-07,16.5,-18.375,16.5,5.344805796651321e-06,1,J T B,J,True,True,0.1740645468235016,-0.39453125,0.40262696146965027,False,0.5152135491371155
train-009746-13fede6ce2c0ace2,12,3,train,1440833490047249634,pointer,I,O,O,True,A,False,False,0.0004469349514693022,9.0625,-10.875,9.0625,0.005100735614984219,1,O J P,O,True,True,2.0498263835906982,-0.12109375,0.46976348757743835,False,0.6344321370124817
train-009746-13fede6ce2c0ace2,12,4,train,1440833490047249634,pointer,I,G,G,True,A,False,False,0.7768505215644836,0.0625,-6.1875,0.0625,1.1082597493230268,1,G O C,O,False,False,3.093851327896118,0.25390625,0.5631377696990967,False,0.8281373381614685
train-009746-13fede6ce2c0ace2,12,5,train,1440833490047249634,pointer,I,G,C,False,A,False,False,1.9792108535766602,-0.625,-3.4375,0.5,2.5786716456427214,3,G O C,O,False,False,3.3386003971099854,0.62109375,0.6504672765731812,False,1.05115807056427
train-009746-13fede6ce2c0ace2,12,6,train,1440833490047249634,pointer,I,I,V,False,A,False,False,3.9108150005340576,-1.625,-1.25,0.3125,3.1741500519448316,26,I O X,O,False,False,3.6925816535949707,0.86328125,0.703345775604248,False,1.2151880264282227
train-009746-13fede6ce2c0ace2,12,7,train,1440833490047249634,pointer,I,I,R,False,A,False,False,3.3411388397216797,-0.625,-0.6875,0.0,3.212398467815987,15,I X N,X,False,False,3.2495195865631104,0.9921875,0.729519784450531,False,1.3075562715530396
train-009746-13fede6ce2c0ace2,12,8,train,1440833490047249634,pointer,I,X,F,False,A,False,False,3.237807273864746,-0.5,-0.625,0.0625,3.215456657955497,9,X I N,X,False,True,3.3585634231567383,1.0625,0.7431680560112,False,1.3593331575393677
train-009746-13fede6ce2c0ace2,12,9,train,1440833490047249634,pointer,I,X,U,False,A,False,False,3.4029102325439453,-0.6875,-0.625,0.0625,3.2138001223265023,18,X I N,X,False,True,3.2564923763275146,1.1015625,0.7505527138710022,False,1.3885078430175781
train-009746-13fede6ce2c0ace2,12,10,train,1440833490047249634,pointer,I,X,Y,False,A,False,False,3.2296721935272217,-0.5,-0.625,0.0625,3.2138314782744923,11,X I N,X,False,True,3.280430793762207,1.1328125,0.7563575506210327,False,1.4120535850524902
train-009746-13fede6ce2c0ace2,12,11,train,1440833490047249634,pointer,I,X,X,True,A,False,False,2.735323667526245,0.0625,-0.5625,0.0625,3.215388472268501,1,X I N,X,True,True,2.9029719829559326,1.1484375,0.7592254281044006,False,1.4238940477371216
train-009746-13fede6ce2c0ace2,12,12,train,1440833490047249634,pointer,I,X,A,False,A,False,False,3.358081579208374,-0.625,-0.625,0.0625,3.2151365481190073,13,X I N,X,False,True,3.3960938453674316,1.15625,0.7606506943702698,True,0.2735810875892639
train-003015-7ce6850f491efb56,1,1,train,9000027206044285782,pointer,M,I,I,True,I,True,False,8.344646857949556e-07,16.0625,16.0625,16.0625,1.337672402453411e-05,1,I A M,I,True,True,0.0009097489528357983,-0.39453125,0.40262696146965027,True,0.9097447991371155
train-003015-7ce6850f491efb56,1,2,train,9000027206044285782,pointer,M,F,,,I,False,True,,,-11.375,11.375,0.00020359953096395173,,F I G,F,,True,,-0.2353515625,0.4414321780204773,,
train-003015-7ce6850f491efb56,1,3,train,9000027206044285782,pointer,M,G,,,I,False,True,,,-6.75,3.4375,0.20551112043043906,,G Z F,F,,False,,-0.03125,0.49218809604644775,,
train-003015-7ce6850f491efb56,1,4,train,9000027206044285782,pointer,M,G,,,I,False,True,,,-4.75,1.625,0.9800679775309236,,G Z K,G,,True,,0.353515625,0.5874698758125305,,
train-003015-7ce6850f491efb56,1,5,train,9000027206044285782,pointer,M,G,,,I,False,True,,,-3.0,1.0,2.150029103582545,,G Z K,I,,False,,0.6953125,0.6671476364135742,,
train-003015-7ce6850f491efb56,1,6,train,9000027206044285782,pointer,M,M,,,I,False,True,,,-0.1875,0.1875,3.170466431415846,,M I F,I,,False,,0.921875,0.7154240012168884,,
train-003015-7ce6850f491efb56,1,7,train,9000027206044285782,pointer,M,M,,,I,False,True,,,-0.4375,0.3125,3.169844096415315,,M Q I,I,,False,,1.0390625,0.7386690378189087,,
train-003015-7ce6850f491efb56,1,8,train,9000027206044285782,pointer,M,M,,,I,False,True,,,-0.5,0.375,3.1636255989714144,,M Q F,I,,False,,1.1015625,0.7505527138710022,,
train-003015-7ce6850f491efb56,1,9,train,9000027206044285782,pointer,M,M,,,I,False,True,,,-0.5,0.375,3.163079037323527,,M Q F,I,,False,,1.140625,0.7577943801879883,,
train-003015-7ce6850f491efb56,1,10,train,9000027206044285782,pointer,M,M,,,I,False,True,,,-0.4375,0.375,3.160920953222182,,M Q F,I,,False,,1.1640625,0.7620701193809509,,
train-003015-7ce6850f491efb56,1,11,train,9000027206044285782,pointer,M,M,,,I,False,True,,,-0.4375,0.3125,3.160702867276029,,M Q F,I,,False,,1.1796875,0.7648916244506836,,
train-003015-7ce6850f491efb56,1,12,train,9000027206044285782,pointer,M,M,,,I,False,True,,,-0.4375,0.3125,3.158811990870241,,M Q F,I,,False,,1.1875,0.7662936449050903,,
train-032401-0d39fad330c459ca,2,1,train,953068581128788426,pointer,C,R,R,True,K,False,False,6.198863957251888e-06,13.375,-17.1875,13.375,9.606690383113744e-05,1,R C T,R,True,True,0.0013235389487817883,-0.4921875,0.37937837839126587,False,0.47703373432159424
train-032401-0d39fad330c459ca,2,2,train,953068581128788426,pointer,C,K,K,True,K,True,False,1.4305104514278355e-06,14.75,14.75,14.75,2.5649288773370255e-05,1,K I R,K,True,True,0.012586797587573528,-0.259765625,0.435421347618103,True,0.8314411640167236
train-032401-0d39fad330c459ca,2,3,train,953068581128788426,pointer,C,T,,,K,False,True,,,-8.9375,4.5,0.1181758861220349,,T Y B,K,,False,,0.06591796875,0.5164735317230225,,
train-032401-0d39fad330c459ca,2,4,train,953068581128788426,pointer,C,B,,,K,False,True,,,-4.8125,1.25,1.3297989321589492,,B T X,T,,False,,0.421875,0.6039317846298218,,
train-032401-0d39fad330c459ca,2,5,train,953068581128788426,pointer,C,B,,,K,False,True,,,-2.875,0.1875,2.232673702984626,,B X P,R,,False,,0.72265625,0.6731916666030884,,
train-032401-0d39fad330c459ca,2,6,train,953068581128788426,pointer,C,X,,,K,False,True,,,-2.375,0.875,2.766973150562944,,X P B,K,,False,,0.91796875,0.7146279811859131,,
train-032401-0d39fad330c459ca,2,7,train,953068581128788426,pointer,C,X,,,K,False,True,,,-2.0,0.8125,2.943737398560354,,X P B,K,,False,,1.015625,0.7341195344924927,,
train-032401-0d39fad330c459ca,2,8,train,953068581128788426,pointer,C,X,,,K,False,True,,,-1.9375,0.875,2.9682982335642456,,X P B,X,,True,,1.078125,0.7461389899253845,,
train-032401-0d39fad330c459ca,2,9,train,953068581128788426,pointer,C,X,,,K,False,True,,,-1.9375,0.8125,2.9811189083226806,,X P B,X,,True,,1.1171875,0.7534666657447815,,
train-032401-0d39fad330c459ca,2,10,train,953068581128788426,pointer,C,X,,,K,False,True,,,-1.9375,0.8125,2.9717996013845185,,X P B,X,,True,,1.140625,0.7577943801879883,,
train-032401-0d39fad330c459ca,2,11,train,953068581128788426,pointer,C,X,,,K,False,True,,,-2.0,0.875,2.96118457947847,,X P B,X,,True,,1.15625,0.7606506943702698,,
train-032401-0d39fad330c459ca,2,12,train,953068581128788426,pointer,C,X,,,K,False,True,,,-1.9375,0.8125,2.9676443248315554,,X P B,X,,True,,1.1640625,0.7620701193809509,,
train-015518-030d53432fdc1f7e,3,1,train,219923504841891710,pointer,P,O,O,True,Y,False,False,2.7894584491150454e-05,11.1875,-15.6953125,11.1875,0.0003734412109996439,1,O A P,O,True,True,0.004763682838529348,-0.498046875,0.37799978256225586,False,0.47481483221054077
train-015518-030d53432fdc1f7e,3,2,train,219923504841891710,pointer,P,X,X,True,Y,False,False,1.1920928244535389e-07,17.0,-17.8125,17.0,2.2773279345645365e-06,1,X Z Y,X,True,True,0.006982686463743448,-0.24609375,0.43878522515296936,False,0.5776515603065491
train-015518-030d53432fdc1f7e,3,3,train,219923504841891710,pointer,P,Y,Y,True,Y,True,False,0.05323558673262596,3.1875,3.1875,3.1875,0.245650337702201,1,Y X T,Y,True,True,2.196965217590332,0.02294921875,0.5057370662689209,True,0.6817384362220764
train-015518-030d53432fdc1f7e,3,4,train,219923504841891710,pointer,P,T,,,Y,False,True,,,-1.5625,1.5625,0.8899796101890636,,T Y L,R,,False,,0.390625,0.596433162689209,,
train-015518-030d53432fdc1f7e,3,5,train,219923504841891710,pointer,P,T,,,Y,False,True,,,-1.4375,0.1875,2.0159791726928584,,T L Y,W,,False,,0.69921875,0.6680145263671875,,
train-015518-030d53432fdc1f7e,3,6,train,219923504841891710,pointer,P,L,,,Y,False,True,,,-1.6875,1.375,2.798119856820986,,L T W,I,,False,,0.8984375,0.7106282711029053,,
train-015518-030d53432fdc1f7e,3,7,train,219923504841891710,pointer,P,L,,,Y,False,True,,,-1.375,0.625,3.0657631216291925,,L W J,I,,False,,1.0078125,0.7325918078422546,,
train-015518-030d53432fdc1f7e,3,8,train,219923504841891710,pointer,P,L,,,Y,False,True,,,-1.125,0.375,3.1184276492599814,,L W J,I,,False,,1.0625,0.7431680560112,,
train-015518-030d53432fdc1f7e,3,9,train,219923504841891710,pointer,P,L,,,Y,False,True,,,-1.125,0.375,3.1190218780754013,,L W J,I,,False,,1.1015625,0.7505527138710022,,
train-015518-030d53432fdc1f7e,3,10,train,219923504841891710,pointer,P,L,,,Y,False,True,,,-1.125,0.3125,3.1175666070107098,,L W J,I,,False,,1.125,0.7549149990081787,,
train-015518-030d53432fdc1f7e,3,11,train,219923504841891710,pointer,P,L,,,Y,False,True,,,-1.125,0.3125,3.118296056972866,,L W J,I,,False,,1.140625,0.7577943801879883,,
train-015518-030d53432fdc1f7e,3,12,train,219923504841891710,pointer,P,L,,,Y,False,True,,,-1.125,0.3125,3.1174455322949925,,L W J,I,,False,,1.1484375,0.7592254281044006,,
train-005862-0a7c4a6df369611f,4,1,train,755560673587061023,pointer,N,U,U,True,I,False,False,3.4689302992774174e-05,10.75,-13.71875,10.75,0.0004455012803563711,1,U A Y,U,True,True,0.0012748456792905927,-0.59375,0.3557748794555664,False,0.43970704078674316
train-005862-0a7c4a6df369611f,4,2,train,755560673587061023,pointer,N,T,T,True,I,False,False,2.5033637939486653e-05,11.9375,-13.125,11.9375,0.00034168967636684865,1,T N R,T,True,True,0.04656888544559479,-0.36328125,0.4101654887199402,False,0.5279132723808289
train-005862-0a7c4a6df369611f,4,3,train,755560673587061023,pointer,N,O,O,True,I,False,False,0.4875413179397583,0.625,-0.625,0.625,0.9194180502769749,1,O I Q,T,False,False,2.987823724746704,-0.0732421875,0.48169761896133423,False,0.6571964621543884
train-005862-0a7c4a6df369611f,4,4,train,755560673587061023,pointer,N,I,I,True,I,True,False,0.6451600193977356,1.0,1.0,1.0,1.5351737076254102,1,I O F,I,True,True,2.9235715866088867,0.3515625,0.5869964361190796,True,0.5327365398406982
train-005862-0a7c4a6df369611f,4,5,train,755560673587061023,pointer,N,O,,,I,False,True,,,-0.0625,0.0625,2.2005015124396814,,O I P,I,,False,,0.68359375,0.6645402908325195,,
train-005862-0a7c4a6df369611f,4,6,train,755560673587061023,pointer,N,O,,,I,False,True,,,-0.125,0.125,3.0483494336529495,,O I R,I,,False,,0.91015625,0.7130321860313416,,
train-005862-0a7c4a6df369611f,4,7,train,755560673587061023,pointer,N,R,,,I,False,True,,,-0.0625,0.0625,3.152552103547789,,R I O,K,,False,,1.0234375,0.735641598701477,,
train-005862-0a7c4a6df369611f,4,8,train,755560673587061023,pointer,N,R,,,I,False,True,,,-0.0625,0.0625,3.155836501314253,,R I O,K,,False,,1.0859375,0.7476159334182739,,
train-005862-0a7c4a6df369611f,4,9,train,755560673587061023,pointer,N,R,,,I,False,True,,,-0.125,0.125,3.1496880074607563,,R I O,X,,False,,1.125,0.7549149990081787,,
train-005862-0a7c4a6df369611f,4,10,train,755560673587061023,pointer,N,R,,,I,False,True,,,-0.125,0.125,3.14761665251682,,R I O,X,,False,,1.140625,0.7577943801879883,,
train-005862-0a7c4a6df369611f,4,11,train,755560673587061023,pointer,N,R,,,I,False,True,,,-0.0625,0.0625,3.1491177612668633,,R I O,X,,False,,1.15625,0.7606506943702698,,
train-005862-0a7c4a6df369611f,4,12,train,755560673587061023,pointer,N,R,,,I,False,True,,,-0.0625,0.0625,3.1491177612668633,,R I O,X,,False,,1.1640625,0.7620701193809509,,
train-026770-0c5aad758e55ff71,5,1,train,890214596769873777,pointer,R,W,W,True,E,False,False,3.933898824470816e-06,13.03125,-16.96875,13.03125,5.9823548332187435e-05,1,W V L,W,True,True,0.004287931136786938,-0.55859375,0.3638729155063629,False,0.45235681533813477
train-026770-0c5aad758e55ff71,5,2,train,890214596769873777,pointer,R,L,L,True,E,False,False,1.728519782773219e-05,12.5,-15.6875,12.5,0.00024666711294006735,1,L C I,L,True,True,0.03397837281227112,-0.314453125,0.42202815413475037,False,0.5482301115989685
train-026770-0c5aad758e55ff71,5,3,train,890214596769873777,pointer,R,S,S,True,E,False,False,0.0013896104646846652,7.125,-12.8125,7.125,0.0128936403186724,1,S C L,L,False,False,2.7368953227996826,0.007598876953125,0.5018997192382812,False,0.6969538927078247
train-026770-0c5aad758e55ff71,5,4,train,890214596769873777,pointer,R,C,C,True,E,False,False,0.22112248837947845,1.625,-6.75,1.625,0.7069279214476881,1,C S D,R,False,False,3.3582892417907715,0.421875,0.6039317846298218,False,0.9261689186096191
train-026770-0c5aad758e55ff71,5,5,train,890214596769873777,pointer,R,C,E,False,E,False,False,3.843463659286499,-3.25,-3.25,0.875,1.5763067330371887,5,C S L,R,False,False,3.0997753143310547,0.73046875,0.6749081611633301,True,0.3931787312030792
train-026770-0c5aad758e55ff71,5,6,train,890214596769873777,pointer,R,C,,,E,False,True,,,-0.9375,0.9375,2.346044863420652,,C E L,Q,,False,,0.93359375,0.7178038358688354,,
train-026770-0c5aad758e55ff71,5,7,train,890214596769873777,pointer,R,C,,,E,False,True,,,-0.75,0.625,2.330152257458719,,C P E,C,,True,,1.046875,0.740174412727356,,
train-026770-0c5aad758e55ff71,5,8,train,890214596769873777,pointer,R,C,,,E,False,True,,,-0.75,0.5,2.3122378058903372,,C P E,B,,False,,1.109375,0.7520126104354858,,
train-026770-0c5aad758e55ff71,5,9,train,890214596769873777,pointer,R,C,,,E,False,True,,,-0.75,0.5,2.3234808853892965,,C P E,B,,False,,1.15625,0.7606506943702698,,
train-026770-0c5aad758e55ff71,5,10,train,890214596769873777,pointer,R,C,,,E,False,True,,,-0.8125,0.5,2.31734596069546,,C P E,B,,False,,1.1796875,0.7648916244506836,,
train-026770-0c5aad758e55ff71,5,11,train,890214596769873777,pointer,R,C,,,E,False,True,,,-0.75,0.5,2.327849370580115,,C P E,B,,False,,1.1953125,0.7676898241043091,,
train-026770-0c5aad758e55ff71,5,12,train,890214596769873777,pointer,R,C,,,E,False,True,,,-0.8125,0.5,2.3019591380904143,,C P E,B,,False,,1.203125,0.7690802216529846,,
train-023198-6d4afa17a35b5954,6,1,train,7875381877842598228,pointer,O,T,T,True,J,False,False,2.5033637939486653e-05,11.8125,-14.75,11.8125,0.00034261743525120924,1,T W A,T,True,True,0.0055774785578250885,-0.52734375,0.3711366057395935,False,0.4638412594795227
train-023198-6d4afa17a35b5954,6,2,train,7875381877842598228,pointer,O,G,G,True,J,False,False,9.417489309271332e-06,13.3125,-14.5625,13.3125,0.00014139282681943454,1,G F C,G,True,True,0.02102060616016388,-0.35546875,0.41205689311027527,False,0.5311251282691956
train-023198-6d4afa17a35b5954,6,3,train,7875381877842598228,pointer,O,V,V,True,J,False,False,0.002353043295443058,7.1875,-11.625,7.1875,0.022284527617035036,1,V U T,G,False,False,3.543579578399658,-0.09716796875,0.4757270812988281,False,0.6457429528236389
train-023198-6d4afa17a35b5954,6,4,train,7875381877842598228,pointer,O,U,U,True,J,False,False,0.21924373507499695,2.1875,-7.4375,2.1875,0.8325815863949346,1,U V F,D,False,False,3.4984121322631836,0.30859375,0.5765419602394104,False,0.8593009114265442
train-023198-6d4afa17a35b5954,6,5,train,7875381877842598228,pointer,O,U,F,False,J,False,False,2.3658065795898438,-1.25,-4.5,0.875,2.3665957284011236,4,U M V,I,False,False,3.3955321311950684,0.640625,0.6548947095870972,False,1.0639058351516724
train-023198-6d4afa17a35b5954,6,6,train,7875381877842598228,pointer,O,M,J,False,J,False,False,4.300014972686768,-2.25,-2.25,0.625,3.1286057724624876,26,M O I,I,False,False,3.555995464324951,0.86328125,0.703345775604248,True,0.3519067168235779
train-023198-6d4afa17a35b5954,6,7,train,7875381877842598228,pointer,O,O,,,J,False,True,,,-1.375,0.125,3.189454037606633,,O Z M,O,,True,,0.98828125,0.7287483215332031,,
train-023198-6d4afa17a35b5954,6,8,train,7875381877842598228,pointer,O,O,,,J,False,True,,,-1.25,0.0625,3.1971864240091623,,O Z K,K,,False,,1.0546875,0.74167400598526,,
train-023198-6d4afa17a35b5954,6,9,train,7875381877842598228,pointer,O,O,,,J,False,True,,,-1.25,0.0625,3.1993209821833704,,O Z K,K,,False,,1.09375,0.7490872144699097,,
train-023198-6d4afa17a35b5954,6,10,train,7875381877842598228,pointer,O,O,,,J,False,True,,,-1.25,0.0625,3.198158571239341,,O Z K,K,,False,,1.1171875,0.7534666657447815,,
train-023198-6d4afa17a35b5954,6,11,train,7875381877842598228,pointer,O,O,,,J,False,True,,,-1.25,0.0625,3.197820721969215,,O Z K,K,,False,,1.1328125,0.7563575506210327,,
train-023198-6d4afa17a35b5954,6,12,train,7875381877842598228,pointer,O,O,,,J,False,True,,,-1.1875,0.0625,3.200649374961668,,O Z K,K,,False,,1.140625,0.7577943801879883,,
train-000132-034de662d04de031,8,1,train,238099667396452401,pointer,S,U,U,True,E,False,False,2.5987286790041253e-05,11.375,-16.09375,11.375,0.0003533329856657678,1,U A Y,U,True,True,0.0010671879863366485,-0.61328125,0.351311057806015,False,0.4328019618988037
train-000132-034de662d04de031,8,2,train,238099667396452401,pointer,S,X,X,True,E,False,False,4.410734163684538e-06,12.6875,-19.46875,12.6875,6.597367676870251e-05,1,X J I,X,True,True,0.006367632653564215,-0.384765625,0.40497803688049316,False,0.5191568732261658
train-000132-034de662d04de031,8,3,train,238099667396452401,pointer,S,J,J,True,E,False,False,0.0016276695532724261,7.8125,-10.875,7.8125,0.016463790097422756,1,J I X,X,False,False,2.5078141689300537,-0.06005859375,0.48498988151550293,False,0.6635686755180359
train-000132-034de662d04de031,8,4,train,238099667396452401,pointer,S,J,C,False,E,False,False,1.0338196754455566,-0.1875,-6.375,0.1875,1.263119250234269,2,J C B,Q,False,False,3.292283296585083,0.337890625,0.5836780667304993,False,0.8762964010238647
train-000132-034de662d04de031,8,5,train,238099667396452401,pointer,S,C,B,False,E,False,False,1.3478453159332275,-0.125,-4.4375,0.0625,1.8555347752780176,3,C J B,R,False,False,3.5695152282714844,0.67578125,0.6627964973449707,False,1.0870685577392578
train-000132-034de662d04de031,8,6,train,238099667396452401,pointer,S,C,F,False,E,False,False,3.762840986251831,-1.6875,-2.0625,0.125,3.0166836209630596,17,C B J,I,False,False,3.292773723602295,0.8984375,0.7106282711029053,False,1.24004328250885
train-000132-034de662d04de031,8,7,train,238099667396452401,pointer,S,J,R,False,E,False,False,3.3187239170074463,-0.6875,-1.125,0.0,3.1937292519755194,14,J X B,K,False,False,3.178924083709717,1.015625,0.7341195344924927,False,1.3247084617614746
train-000132-034de662d04de031,8,8,train,238099667396452401,pointer,S,X,E,False,E,False,False,3.7701632976531982,-1.1875,-1.1875,0.0625,3.19617414303622,23,X J B,K,False,False,3.225825786590576,1.078125,0.7461389899253845,True,0.29284340143203735
train-000132-034de662d04de031,8,9,train,238099667396452401,pointer,S,J,,,E,False,True,,,-1.125,0.0,3.196123259053045,,J X B,K,,False,,1.1171875,0.7534666657447815,,
train-000132-034de662d04de031,8,10,train,238099667396452401,pointer,S,X,,,E,False,True,,,-1.1875,0.0625,3.1936180061951305,,X J B,X,,True,,1.140625,0.7577943801879883,,
train-000132-034de662d04de031,8,11,train,238099667396452401,pointer,S,J,,,E,False,True,,,-1.1875,0.0,3.1942314036210173,,J X B,X,,False,,1.15625,0.7606506943702698,,
train-000132-034de662d04de031,8,12,train,238099667396452401,pointer,S,J,,,E,False,True,,,-1.125,0.0,3.1952570911287106,,J X B,X,,False,,1.1640625,0.7620701193809509,,
train-005758-cbaafe03cdd0b3ab,10,1,train,14675821628031546283,pointer,T,M,M,True,F,False,False,1.537788011773955e-05,12.59375,-15.171875,12.59375,0.00022550289116875184,1,M C R,M,True,True,0.0030787233263254166,-0.482421875,0.38168036937713623,False,0.48074978590011597
train-005758-cbaafe03cdd0b3ab,10,2,train,14675821628031546283,pointer,T,N,N,True,F,False,False,0.00012563870404846966,9.0625,-16.21875,9.0625,0.0013136141017451996,1,N M S,N,True,True,0.06444290280342102,-0.349609375,0.4134771525859833,False,0.5335437059402466
train-005758-cbaafe03cdd0b3ab,10,3,train,14675821628031546283,pointer,T,W,W,True,F,False,False,0.05185556411743164,3.25,-8.6875,3.25,0.2654758520723693,1,W X Z,N,False,False,2.905081033706665,-0.0869140625,0.47828516364097595,False,0.6506341099739075
train-005758-cbaafe03cdd0b3ab,10,4,train,14675821628031546283,pointer,T,X,X,True,F,False,False,0.15232978761196136,3.1875,-6.0625,3.1875,0.7568777713513246,1,X W C,N,False,False,3.073068618774414,0.36328125,0.5898345112800598,False,0.8911945223808289
train-005758-cbaafe03cdd0b3ab,10,5,train,14675821628031546283,pointer,T,I,I,True,F,False,False,1.1297833919525146,0.5625,-3.0,0.5625,2.5178523585371226,1,I X M,D,False,False,3.0784428119659424,0.70703125,0.6697448492050171,False,1.1078897714614868
train-005758-cbaafe03cdd0b3ab,10,6,train,14675821628031546283,pointer,T,I,J,False,F,False,False,3.1531543731689453,-1.5625,-1.9375,1.0,3.0076936384846444,5,I X Z,K,False,False,3.4927170276641846,0.90625,0.7122321724891663,False,1.2456012964248657
train-005758-cbaafe03cdd0b3ab,10,7,train,14675821628031546283,pointer,T,I,O,False,F,False,False,3.1193959712982178,-1.375,-1.6875,0.875,3.069265808615366,6,I X Z,K,False,False,3.059087038040161,1.015625,0.7341195344924927,False,1.3247084617614746
train-005758-cbaafe03cdd0b3ab,10,8,train,14675821628031546283,pointer,T,I,P,False,F,False,False,3.779420852661133,-2.0,-1.6875,0.8125,3.078447860511933,21,I X Z,X,False,False,3.5394651889801025,1.078125,0.7461389899253845,False,1.3709683418273926
train-005758-cbaafe03cdd0b3ab,10,9,train,14675821628031546283,pointer,T,I,E,False,F,False,False,3.5180373191833496,-1.75,-1.6875,0.8125,3.0765945941964503,17,I X Z,X,False,False,3.232929229736328,1.109375,0.7520126104354858,False,1.3943772315979004
train-005758-cbaafe03cdd0b3ab,10,10,train,14675821628031546283,pointer,T,I,F,False,F,False,False,3.4596266746520996,-1.6875,-1.6875,0.8125,3.0777271700387834,15,I X Z,X,False,False,3.396421194076538,1.1328125,0.7563575506210327,True,0.27924108505249023
train-005758-cbaafe03cdd0b3ab,10,11,train,14675821628031546283,pointer,T,I,,,F,False,True,,,-1.6875,0.8125,3.077741551806641,,I X Z,X,,False,,1.1484375,0.7592254281044006,,
train-005758-cbaafe03cdd0b3ab,10,12,train,14675821628031546283,pointer,T,I,,,F,False,True,,,-1.6875,0.8125,3.073172790567069,,I X Z,X,,False,,1.15625,0.7606506943702698,,
train-018719-95574bc6546993de,12,1,train,10761153149816902622,pointer,G,J,J,True,D,False,False,7.152555099310121e-07,14.8125,-17.6875,14.8125,1.346806587424211e-05,1,J I B,J,True,True,0.009940524585545063,-0.58203125,0.3584653437137604,False,0.4438920021057129
train-018719-95574bc6546993de,12,2,train,10761153149816902622,pointer,G,W,W,True,D,False,False,0.0028225842397660017,5.875,-13.6875,5.875,0.019519610952462838,1,W J Z,W,True,True,0.05870005115866661,-0.39453125,0.40262696146965027,False,0.5152135491371155
train-018719-95574bc6546993de,12,3,train,10761153149816902622,pointer,G,E,E,True,D,False,False,0.015546558424830437,4.875,-8.875,4.875,0.10400107981126334,1,E W M,Z,False,False,3.023721218109131,-0.00921630859375,0.4976959824562073,False,0.6885496377944946
train-018719-95574bc6546993de,12,4,train,10761153149816902622,pointer,G,E,M,False,D,False,False,1.4909029006958008,-1.0,-4.9375,1.0,1.316864912000845,2,E M V,D,False,False,3.4466018676757812,0.390625,0.596433162689209,False,0.907413125038147
train-018719-95574bc6546993de,12,5,train,10761153149816902622,pointer,G,E,V,False,D,False,False,2.090914726257324,-0.875,-2.6875,0.1875,2.1963086810571126,3,E M V,I,False,False,3.5223617553710938,0.7109375,0.6706082820892334,False,1.110507607460022
train-018719-95574bc6546993de,12,6,train,10761153149816902622,pointer,G,M,K,False,D,False,False,1.9445912837982178,-0.3125,-1.4375,0.3125,2.5780255875947926,3,M E K,I,False,False,3.1409666538238525,0.921875,0.7154240012168884,False,1.2567548751831055
train-018719-95574bc6546993de,12,7,train,10761153149816902622,pointer,G,M,Y,False,D,False,False,3.6741385459899902,-1.9375,-1.3125,0.1875,2.6494521858229527,12,M V E,I,False,False,3.2938902378082275,1.0390625,0.7386690378189087,False,1.3419678211212158
train-018719-95574bc6546993de,12,8,train,10761153149816902622,pointer,G,M,D,False,D,False,False,3.0537335872650146,-1.3125,-1.3125,0.1875,2.6458489450135465,6,M V E,N,False,False,3.176940679550171,1.1171875,0.7534666657447815,False,1.4002580642700195
train-018719-95574bc6546993de,12,9,train,10761153149816902622,pointer,G,M,V,False,D,False,False,1.8904356956481934,-0.125,-1.3125,0.125,2.6559831529120843,2,M V E,N,False,False,3.5788111686706543,1.15625,0.7606506943702698,False,1.4298310279846191
train-018719-95574bc6546993de,12,10,train,10761153149816902622,pointer,G,M,K,False,D,False,False,2.035183906555176,-0.25,-1.3125,0.125,2.651859277378187,4,M V E,N,False,False,3.021164655685425,1.1875,0.7662936449050903,False,1.4536898136138916
train-018719-95574bc6546993de,12,11,train,10761153149816902622,pointer,G,M,Y,False,D,False,False,3.6970059871673584,-1.9375,-1.3125,0.125,2.6486355440628673,12,M V E,N,False,False,3.3104004859924316,1.203125,0.7690802216529846,False,1.4656848907470703
train-018719-95574bc6546993de,12,12,train,10761153149816902622,pointer,G,M,D,False,D,False,False,3.0937700271606445,-1.3125,-1.3125,0.125,2.643715332475357,6,M V E,N,False,False,3.1996190547943115,1.2109375,0.7704647779464722,True,0.2607613205909729
train-004320-7008cf8753f864b3,1,1,train,8072930512197936307,pointer,A,Z,Z,True,Z,True,False,1.1920922133867862e-06,14.6875,14.6875,14.6875,1.793463839186929e-05,1,Z R X,Z,True,True,0.0003082277253270149,-0.42578125,0.3951341509819031,True,0.9285299181938171
train-004320-7008cf8753f864b3,1,2,train,8072930512197936307,pointer,A,N,,,Z,False,True,,,-10.25,10.25,0.0006753427050947341,,N Z Q,N,,True,,-0.333984375,0.4172714650630951,,
train-004320-7008cf8753f864b3,1,3,train,8072930512197936307,pointer,A,Q,,,Z,False,True,,,-9.25,9.25,0.006613367410467079,,Q Z N,N,,False,,-0.07080078125,0.48230719566345215,,
train-004320-7008cf8753f864b3,1,4,train,8072930512197936307,pointer,A,Q,,,Z,False,True,,,-4.1875,0.75,0.8184583372594052,,Q F Z,Q,,True,,0.31640625,0.5784481763839722,,
train-004320-7008cf8753f864b3,1,5,train,8072930512197936307,pointer,A,F,,,Z,False,True,,,-2.25,0.0,1.54492042052826,,F Q N,W,,False,,0.640625,0.6548947095870972,,
train-004320-7008cf8753f864b3,1,6,train,8072930512197936307,pointer,A,F,,,Z,False,True,,,-0.625,0.5625,2.964455105858945,,F Q Z,I,,False,,0.8828125,0.7074047327041626,,
train-004320-7008cf8753f864b3,1,7,train,8072930512197936307,pointer,A,Y,,,Z,False,True,,,-0.0625,0.0625,3.1834166858894397,,Y Z F,I,,False,,1.015625,0.7341195344924927,,
train-004320-7008cf8753f864b3,1,8,train,8072930512197936307,pointer,A,Y,,,Z,False,True,,,-0.0625,0.0625,3.1984302116946317,,Y Z G,I,,False,,1.0859375,0.7476159334182739,,
train-004320-7008cf8753f864b3,1,9,train,8072930512197936307,pointer,A,Y,,,Z,False,True,,,-0.0625,0.0625,3.19488186049878,,Y Z G,X,,False,,1.125,0.7549149990081787,,
train-004320-7008cf8753f864b3,1,10,train,8072930512197936307,pointer,A,Y,,,Z,False,True,,,-0.0625,0.0625,3.196524725156312,,Y Z G,X,,False,,1.1484375,0.7592254281044006,,
train-004320-7008cf8753f864b3,1,11,train,8072930512197936307,pointer,A,Y,,,Z,False,True,,,-0.0625,0.0625,3.1957892709297138,,Y Z G,X,,False,,1.1640625,0.7620701193809509,,
train-004320-7008cf8753f864b3,1,12,train,8072930512197936307,pointer,A,Y,,,Z,False,True,,,-0.0625,0.0625,3.199331957145141,,Y Z G,X,,False,,1.171875,0.7634837031364441,,
train-016372-780dfa594c957f04,2,1,train,8650845720692489988,pointer,C,J,J,True,E,False,False,2.3841855067985307e-07,15.78125,-19.921875,15.78125,4.602677324096131e-06,1,J I B,J,True,True,0.004692138638347387,-0.578125,0.3593641221523285,False,0.4452941417694092
train-016372-780dfa594c957f04,2,2,train,8650845720692489988,pointer,C,E,E,True,E,True,False,1.1920928244535389e-07,16.75,16.75,16.75,4.409775726256022e-06,1,E F D,E,True,True,0.020938308909535408,-0.37109375,0.40827676653862,True,0.8958100080490112
train-016372-780dfa594c957f04,2,3,train,8650845720692489988,pointer,C,S,,,E,False,True,,,-11.0625,8.625,0.012043658781194568,,S R T,E,,False,,-0.0615234375,0.4846239387989044,,
train-016372-780dfa594c957f04,2,4,train,8650845720692489988,pointer,C,B,,,E,False,True,,,-5.6875,0.0,1.4056388850107648,,B T O,O,,False,,0.330078125,0.5817784070968628,,
train-016372-780dfa594c957f04,2,5,train,8650845720692489988,pointer,C,O,,,E,False,True,,,-4.125,0.625,1.8800292678949422,,O B T,O,,True,,0.66015625,0.6592954993247986,,
train-016372-780dfa594c957f04,2,6,train,8650845720692489988,pointer,C,O,,,E,False,True,,,-2.8125,0.625,2.673576079381338,,O B T,O,,True,,0.88671875,0.7082125544548035,,
train-016372-780dfa594c957f04,2,7,train,8650845720692489988,pointer,C,O,,,E,False,True,,,-1.375,0.4375,3.1164876473835057,,O B T,K,,False,,1.015625,0.7341195344924927,,
train-016372-780dfa594c957f04,2,8,train,8650845720692489988,pointer,C,O,,,E,False,True,,,-1.0,0.3125,3.165594769717986,,O B W,K,,False,,1.078125,0.7461389899253845,,
train-016372-780dfa594c957f04,2,9,train,8650845720692489988,pointer,C,O,,,E,False,True,,,-1.0,0.3125,3.1635352224817543,,O B W,K,,False,,1.1171875,0.7534666657447815,,
train-016372-780dfa594c957f04,2,10,train,8650845720692489988,pointer,C,O,,,E,False,True,,,-1.0,0.3125,3.1636380085730433,,O B W,K,,False,,1.1328125,0.7563575506210327,,
train-016372-780dfa594c957f04,2,11,train,8650845720692489988,pointer,C,O,,,E,False,True,,,-1.0,0.3125,3.1602870989862355,,O B W,K,,False,,1.1484375,0.7592254281044006,,
train-016372-780dfa594c957f04,2,12,train,8650845720692489988,pointer,C,O,,,E,False,True,,,-1.0,0.3125,3.161898787347599,,O B W,K,,False,,1.15625,0.7606506943702698,,
train-001469-4d0859df4e005851,3,1,train,5550785356355360849,pointer,N,G,G,True,H,False,False,1.311301275563892e-06,15.1875,-18.859375,15.1875,2.1334795509017315e-05,1,G I D,G,True,True,0.00471088569611311,-0.486328125,0.3807589113712311,False,0.4792606830596924
train-001469-4d0859df4e005851,3,2,train,5550785356355360849,pointer,N,R,R,True,H,False,False,0.0001284993631998077,9.0625,-16.0625,9.0625,0.0013547858581922875,1,R G L,G,False,False,1.4966819286346436,-0.30078125,0.42536652088165283,False,0.5540228486061096
train-001469-4d0859df4e005851,3,3,train,5550785356355360849,pointer,N,R,H,False,H,False,False,5.325390338897705,-5.3125,-5.3125,5.3125,0.0990536966678351,2,R H Y,G,False,False,3.919128179550171,0.03173828125,0.5079339146614075,True,0.67740398645401
train-001469-4d0859df4e005851,3,4,train,5550785356355360849,pointer,N,Y,,,H,False,True,,,-1.4375,1.4375,1.5557094953696926,,Y H R,R,,False,,0.404296875,0.5997195839881897,,
train-001469-4d0859df4e005851,3,5,train,5550785356355360849,pointer,N,Y,,,H,False,True,,,-0.9375,0.4375,3.074364599064354,,Y P W,R,,False,,0.72265625,0.6731916666030884,,
train-001469-4d0859df4e005851,3,6,train,5550785356355360849,pointer,N,K,,,H,False,True,,,-1.5,0.125,3.1633863954339567,,K B W,I,,False,,0.92578125,0.7162185907363892,,
train-001469-4d0859df4e005851,3,7,train,5550785356355360849,pointer,N,K,,,H,False,True,,,-1.4375,0.25,3.1864723057263165,,K N B,B,,False,,1.03125,0.7371581792831421,,
train-001469-4d0859df4e005851,3,8,train,5550785356355360849,pointer,N,K,,,H,False,True,,,-1.375,0.1875,3.1925613942373383,,K N B,B,,False,,1.09375,0.7490872144699097,,
train-001469-4d0859df4e005851,3,9,train,5550785356355360849,pointer,N,K,,,H,False,True,,,-1.375,0.1875,3.193606193173351,,K N W,B,,False,,1.1328125,0.7563575506210327,,
train-001469-4d0859df4e005851,3,10,train,5550785356355360849,pointer,N,K,,,H,False,True,,,-1.4375,0.25,3.1907318296036613,,K N B,B,,False,,1.15625,0.7606506943702698,,
train-001469-4d0859df4e005851,3,11,train,5550785356355360849,pointer,N,K,,,H,False,True,,,-1.4375,0.25,3.190683580557282,,K N B,B,,False,,1.171875,0.7634837031364441,,
train-001469-4d0859df4e005851,3,12,train,5550785356355360849,pointer,N,K,,,H,False,True,,,-1.375,0.1875,3.1927251256735203,,K N B,B,,False,,1.1796875,0.7648916244506836,,
train-001308-035f69439b51029a,4,1,train,243028643990799002,pointer,K,A,A,True,A,True,False,1.311301275563892e-06,14.90625,14.90625,14.90625,2.124738021950195e-05,1,A I P,A,True,True,0.0028414849657565355,-0.4375,0.3923368453979492,False,0.4981345534324646
train-001308-035f69439b51029a,4,2,train,243028643990799002,pointer,K,Q,Q,True,A,False,False,0.020764585584402084,4.5,-4.625,4.5,0.1149476991583844,1,Q K A,Q,True,True,0.038896579295396805,-0.33984375,0.41584745049476624,False,0.5375931262969971
train-001308-035f69439b51029a,4,3,train,243028643990799002,pointer,K,K,K,True,A,False,False,0.00859502051025629,5.0625,-5.0625,5.0625,0.06069010368311304,1,K A Q,Q,False,False,3.0770559310913086,-0.051025390625,0.48724642395973206,False,0.6679598689079285
train-001308-035f69439b51029a,4,4,train,243028643990799002,pointer,K,K,A,False,A,False,False,3.144066572189331,-3.0625,-3.0625,3.0625,0.4317249739088947,2,K A Q,Q,False,False,3.658658981323242,0.341796875,0.5846269726753235,True,0.536781370639801
train-001308-035f69439b51029a,4,5,train,243028643990799002,pointer,K,K,,,A,False,True,,,-2.0,2.0,1.4084116703422762,,K A Q,Q,,False,,0.67578125,0.6627964973449707,,
train-001308-035f69439b51029a,4,6,train,243028643990799002,pointer,K,K,,,A,False,True,,,-1.5,0.625,2.913840192246032,,K Q I,Q,,False,,0.90234375,0.7114308476448059,,
train-001308-035f69439b51029a,4,7,train,243028643990799002,pointer,K,K,,,A,False,True,,,-1.1875,0.3125,3.166424845090272,,K Q T,Q,,False,,1.0234375,0.735641598701477,,
train-001308-035f69439b51029a,4,8,train,243028643990799002,pointer,K,K,,,A,False,True,,,-1.0625,0.3125,3.185603862165303,,K Q T,K,,True,,1.0859375,0.7476159334182739,,
train-001308-035f69439b51029a,4,9,train,243028643990799002,pointer,K,K,,,A,False,True,,,-1.0625,0.3125,3.1823201933758054,,K Q T,K,,True,,1.125,0.7549149990081787,,
train-001308-035f69439b51029a,4,10,train,243028643990799002,pointer,K,K,,,A,False,True,,,-1.0625,0.25,3.1834737589420867,,K T Q,K,,True,,1.1484375,0.7592254281044006,,
train-001308-035f69439b51029a,4,11,train,243028643990799002,pointer,K,K,,,A,False,True,,,-1.0625,0.25,3.1814761064157175,,K Q T,K,,True,,1.1640625,0.7620701193809509,,
train-001308-035f69439b51029a,4,12,train,243028643990799002,pointer,K,K,,,A,False,True,,,-1.0625,0.25,3.181436841110953,,K Q T,K,,True,,1.171875,0.7634837031364441,,
train-002830-3c02bf0b4b385ab8,5,1,train,4324228647456627384,pointer,D,I,I,True,T,False,False,2.3841855067985307e-07,16.46875,-20.390625,16.46875,5.019053273293708e-06,1,I M A,I,True,True,0.0005818104837089777,-0.5625,0.36296918988227844,False,0.45093727111816406
train-002830-3c02bf0b4b385ab8,5,2,train,4324228647456627384,pointer,D,M,M,True,T,False,False,1.490105023549404e-05,12.375,-15.0625,12.375,0.00021357517258362786,1,M P N,M,True,True,0.030993347987532616,-0.40625,0.39981165528297424,False,0.5105117559432983
train-002830-3c02bf0b4b385ab8,5,3,train,4324228647456627384,pointer,D,X,X,True,T,False,False,0.11854314059019089,2.125,-7.75,2.125,0.38746798379661146,1,X W I,U,False,False,3.167581796646118,-0.06201171875,0.48450201749801636,False,0.6626219153404236
train-002830-3c02bf0b4b385ab8,5,4,train,4324228647456627384,pointer,D,P,W,False,T,False,False,2.83560848236084,-1.9375,-4.0625,0.9375,2.010918812063137,4,P O X,U,False,False,3.1142964363098145,0.333984375,0.5827285051345825,False,0.8740182518959045
train-002830-3c02bf0b4b385ab8,5,5,train,4324228647456627384,pointer,D,P,T,False,T,False,False,3.9789490699768066,-2.1875,-2.1875,0.5625,2.9553719369893576,19,P O X,I,False,False,3.305840492248535,0.68359375,0.6645402908325195,True,0.4086597263813019
train-002830-3c02bf0b4b385ab8,5,6,train,4324228647456627384,pointer,D,L,,,T,False,True,,,-1.375,0.4375,3.1679559987496897,,L O P,I,,False,,0.8984375,0.7106282711029053,,
train-002830-3c02bf0b4b385ab8,5,7,train,4324228647456627384,pointer,D,L,,,T,False,True,,,-1.125,0.375,3.194748001456672,,L O J,K,,False,,1.0078125,0.7325918078422546,,
train-002830-3c02bf0b4b385ab8,5,8,train,4324228647456627384,pointer,D,L,,,T,False,True,,,-1.0,0.3125,3.1999051838385686,,L O J,K,,False,,1.0703125,0.7446563243865967,,
train-002830-3c02bf0b4b385ab8,5,9,train,4324228647456627384,pointer,D,L,,,T,False,True,,,-1.0625,0.3125,3.195731608741742,,L O J,K,,False,,1.109375,0.7520126104354858,,
train-002830-3c02bf0b4b385ab8,5,10,train,4324228647456627384,pointer,D,L,,,T,False,True,,,-1.0,0.3125,3.2001978828534106,,L O J,K,,False,,1.1328125,0.7563575506210327,,
train-002830-3c02bf0b4b385ab8,5,11,train,4324228647456627384,pointer,D,L,,,T,False,True,,,-1.0,0.3125,3.2001484069370045,,L O J,K,,False,,1.1484375,0.7592254281044006,,
train-002830-3c02bf0b4b385ab8,5,12,train,4324228647456627384,pointer,D,L,,,T,False,True,,,-1.0,0.3125,3.2001978828534106,,L O J,K,,False,,1.15625,0.7606506943702698,,
train-028436-0b0c4740a9c337c2,6,1,train,796089577189357506,pointer,T,G,G,True,M,False,False,2.3841830625315197e-06,14.46875,-18.140625,14.46875,3.769590216495541e-05,1,G C I,G,True,True,0.008220172487199306,-0.490234375,0.37983831763267517,False,0.4777751564979553
train-028436-0b0c4740a9c337c2,6,2,train,796089577189357506,pointer,T,B,B,True,M,False,False,3.433168603805825e-05,10.5625,-15.3125,10.5625,0.0004258620805512471,1,B Q C,B,True,True,0.010824298486113548,-0.357421875,0.411583811044693,False,0.5303207635879517
train-028436-0b0c4740a9c337c2,6,3,train,796089577189357506,pointer,T,Q,Q,True,M,False,False,0.00046135272714309394,9.875,-10.75,9.875,0.0054050417973091226,1,Q P R,B,False,False,2.3260855674743652,-0.0272216796875,0.4931950271129608,False,0.6796289086341858
train-028436-0b0c4740a9c337c2,6,4,train,796089577189357506,pointer,T,V,V,True,M,False,False,0.2668139338493347,2.0625,-4.0,2.0625,1.0945638619886349,1,V Q O,G,False,False,3.438403367996216,0.341796875,0.5846269726753235,False,0.878578245639801
train-028436-0b0c4740a9c337c2,6,5,train,796089577189357506,pointer,T,V,O,False,M,False,False,2.7516255378723145,-2.0,-2.25,2.0,2.2638021297868893,2,V O Q,D,False,False,3.1107263565063477,0.66015625,0.6592954993247986,False,1.0767396688461304
train-028436-0b0c4740a9c337c2,6,6,train,796089577189357506,pointer,T,V,M,False,M,False,False,3.0936388969421387,-0.9375,-0.9375,0.3125,3.0960154632000374,7,V E W,I,False,False,3.2624826431274414,0.8984375,0.7106282711029053,True,0.3416057825088501
train-028436-0b0c4740a9c337c2,6,7,train,796089577189357506,pointer,T,E,,,M,False,True,,,-0.625,0.125,3.1752374962828336,,E W V,I,,False,,1.03125,0.7371581792831421,,
train-028436-0b0c4740a9c337c2,6,8,train,796089577189357506,pointer,T,E,,,M,False,True,,,-0.5,0.125,3.188726467821877,,E W O,I,,False,,1.09375,0.7490872144699097,,
train-028436-0b0c4740a9c337c2,6,9,train,796089577189357506,pointer,T,E,,,M,False,True,,,-0.5,0.125,3.1898827426740466,,E W O,I,,False,,1.1328125,0.7563575506210327,,
train-028436-0b0c4740a9c337c2,6,10,train,796089577189357506,pointer,T,E,,,M,False,True,,,-0.4375,0.0625,3.189412101410331,,E W O,I,,False,,1.15625,0.7606506943702698,,
train-028436-0b0c4740a9c337c2,6,11,train,796089577189357506,pointer,T,E,,,M,False,True,,,-0.5,0.125,3.187892999557586,,E W T,I,,False,,1.171875,0.7634837031364441,,
train-028436-0b0c4740a9c337c2,6,12,train,796089577189357506,pointer,T,E,,,M,False,True,,,-0.4375,0.125,3.187858670060584,,E W O,I,,False,,1.1796875,0.7648916244506836,,
train-031938-0b5b595e7a83e1a3,8,1,train,818346019615138211,pointer,Q,K,K,True,M,False,False,1.0132738680113107e-05,12.0625,-15.9375,12.0625,0.0001434764700558492,1,K J A,K,True,True,0.003613373264670372,-0.51171875,0.3747906982898712,False,0.46966880559921265
train-031938-0b5b595e7a83e1a3,8,2,train,818346019615138211,pointer,Q,O,O,True,M,False,False,1.3232143828645349e-05,11.8125,-11.8125,11.8125,0.0001841074941337292,1,O M A,O,True,True,0.04996063560247421,-0.388671875,0.4040370583534241,False,0.5175768136978149
train-031938-0b5b595e7a83e1a3,8,3,train,818346019615138211,pointer,Q,M,M,True,M,True,False,0.007412194274365902,6.125,6.125,6.125,0.06288057911175526,1,M P R,O,False,False,3.4977753162384033,-0.10498046875,0.47377896308898926,False,0.6420339345932007
train-031938-0b5b595e7a83e1a3,8,4,train,818346019615138211,pointer,Q,M,P,False,M,True,False,1.3988498449325562,-1.0625,1.0625,1.0625,0.8258249691078298,2,M P K,K,False,False,3.3774256706237793,0.279296875,0.5693738460540771,False,0.8425149321556091
train-031938-0b5b595e7a83e1a3,8,5,train,818346019615138211,pointer,Q,M,G,False,M,True,False,6.594869613647461,-5.875,0.125,0.125,1.1703328369255865,22,M P N,O,False,False,3.126251220703125,0.6328125,0.6531268954277039,False,1.0587962865829468
train-031938-0b5b595e7a83e1a3,8,6,train,818346019615138211,pointer,Q,M,K,False,M,True,False,3.1466474533081055,-1.875,0.0,0.0,2.2369541681741225,5,M P O,O,False,False,3.107898235321045,0.8984375,0.7106282711029053,False,1.24004328250885
train-031938-0b5b595e7a83e1a3,8,7,train,818346019615138211,pointer,Q,M,O,False,M,True,False,1.945448875427246,-0.1875,0.125,0.125,2.624103819947785,3,M P O,C,False,False,3.0354831218719482,1.0390625,0.7386690378189087,False,1.3419678211212158
train-031938-0b5b595e7a83e1a3,8,8,train,818346019615138211,pointer,Q,M,M,True,M,True,False,1.7927336692810059,0.1875,0.1875,0.1875,2.659524402798134,1,M P O,K,False,False,3.326592206954956,1.109375,0.7520126104354858,True,0.2850022614002228
train-031938-0b5b595e7a83e1a3,8,9,train,818346019615138211,pointer,Q,M,,,M,True,True,,,0.1875,0.1875,2.6436443545243313,,M P O,K,,False,,1.140625,0.7577943801879883,,
train-031938-0b5b595e7a83e1a3,8,10,train,818346019615138211,pointer,Q,M,,,M,True,True,,,0.1875,0.1875,2.6371441838497924,,M P O,K,,False,,1.1640625,0.7620701193809509,,
train-031938-0b5b595e7a83e1a3,8,11,train,818346019615138211,pointer,Q,M,,,M,True,True,,,0.1875,0.1875,2.618262590633698,,M P O,K,,False,,1.1796875,0.7648916244506836,,
train-031938-0b5b595e7a83e1a3,8,12,train,818346019615138211,pointer,Q,M,,,M,True,True,,,0.1875,0.1875,2.6274624553556465,,M P O,K,,False,,1.1875,0.7662936449050903,,
train-034333-6300b5d8654b6802,10,1,train,7133901750771869698,pointer,K,M,M,True,O,False,False,1.3947389561508317e-05,12.15625,-13.4375,12.15625,0.00019879608715740575,1,M R C,M,True,True,0.003966323100030422,-0.478515625,0.382602721452713,False,0.48224252462387085
train-034333-6300b5d8654b6802,10,2,train,7133901750771869698,pointer,K,R,R,True,O,False,False,4.768370445162873e-07,15.75,-20.0625,15.75,9.377252992248467e-06,1,R P C,R,True,True,0.006796220783144236,-0.330078125,0.4182216227054596,False,0.5416656732559204
train-034333-6300b5d8654b6802,10,3,train,7133901750771869698,pointer,K,S,S,True,O,False,False,0.004341106861829758,6.375,-12.4375,6.375,0.03531922993744894,1,S R W,R,False,False,3.377228260040283,-0.068359375,0.48291683197021484,False,0.6595515012741089
train-034333-6300b5d8654b6802,10,4,train,7133901750771869698,pointer,K,T,G,False,O,False,False,5.970920085906982,-5.1875,-3.4375,0.5,1.6976056405072617,19,T S X,R,False,False,3.120417594909668,0.345703125,0.5855752229690552,False,0.8808637857437134
train-034333-6300b5d8654b6802,10,5,train,7133901750771869698,pointer,K,S,T,False,O,False,False,1.426666498184204,-0.25,-2.5625,0.25,2.2725503702260825,2,S T X,W,False,False,3.089332103729248,0.67578125,0.6627964973449707,False,1.0870685577392578
train-034333-6300b5d8654b6802,10,6,train,7133901750771869698,pointer,K,X,I,False,O,False,False,2.839622735977173,-0.4375,-0.4375,0.0625,3.048133023594852,6,X T K,I,True,False,2.9372949600219727,0.91015625,0.7130321860313416,False,1.2483850717544556
train-034333-6300b5d8654b6802,10,7,train,7133901750771869698,pointer,K,K,E,False,O,False,False,3.50760817527771,-0.875,-0.3125,0.0625,3.1800952163398963,16,K R X,M,False,False,3.303189516067505,1.03125,0.7371581792831421,False,1.33620285987854
train-034333-6300b5d8654b6802,10,8,train,7133901750771869698,pointer,K,K,N,False,O,False,False,3.093132257461548,-0.375,-0.3125,0.0625,3.19919427357451,10,K R X,K,False,True,3.070741653442383,1.09375,0.7490872144699097,False,1.3826498985290527
train-034333-6300b5d8654b6802,10,9,train,7133901750771869698,pointer,K,K,D,False,O,False,False,3.644575357437134,-0.9375,-0.3125,0.125,3.200440088162692,22,K R X,K,False,True,3.301546335220337,1.1328125,0.7563575506210327,False,1.4120535850524902
train-034333-6300b5d8654b6802,10,10,train,7133901750771869698,pointer,K,K,O,False,O,False,False,3.034879684448242,-0.375,-0.375,0.125,3.197030488761635,8,K X R,X,False,False,3.103766918182373,1.15625,0.7606506943702698,True,0.2735810875892639
train-034333-6300b5d8654b6802,10,11,train,7133901750771869698,pointer,K,K,,,O,False,True,,,-0.3125,0.125,3.2005570137509065,,K R X,X,,False,,1.1640625,0.7620701193809509,,
train-034333-6300b5d8654b6802,10,12,train,7133901750771869698,pointer,K,K,,,O,False,True,,,-0.3125,0.125,3.197996803457464,,K R X,X,,False,,1.171875,0.7634837031364441,,
train-029222-9b7ef553bedd9688,12,1,train,11204662662977656456,pointer,W,B,B,True,W,False,False,1.9073468138230965e-06,13.6875,-17.3125,13.6875,2.9578861339081945e-05,1,B R C,B,True,True,0.0006669919239357114,-0.61328125,0.351311057806015,False,0.4328019618988037
train-029222-9b7ef553bedd9688,12,2,train,11204662662977656456,pointer,W,V,V,True,W,False,False,8.689979586051777e-05,9.5,-15.3125,9.5,0.0009592954109276209,1,V I F,V,True,True,0.020622245967388153,-0.41015625,0.3988746404647827,False,0.5089517831802368
train-029222-9b7ef553bedd9688,12,3,train,11204662662977656456,pointer,W,I,I,True,W,False,False,0.03994037210941315,3.5,-3.5,3.5,0.1971031142268547,1,I W B,E,False,False,2.885897636413574,-0.09716796875,0.4757270812988281,False,0.6457429528236389
train-029222-9b7ef553bedd9688,12,4,train,11204662662977656456,pointer,W,I,W,False,W,False,False,1.4402400255203247,-0.5,-0.5,0.125,1.2569740590985883,3,I B W,E,False,False,3.1464955806732178,0.2890625,0.5717666149139404,False,0.8480868935585022
train-029222-9b7ef553bedd9688,12,5,train,11204662662977656456,pointer,W,W,B,False,W,True,False,1.2244724035263062,-0.25,0.25,0.25,1.685458891424537,2,W B I,I,False,False,3.559114456176758,0.62109375,0.6504672765731812,False,1.05115807056427
train-029222-9b7ef553bedd9688,12,6,train,11204662662977656456,pointer,W,W,V,False,W,True,False,3.6677887439727783,-2.125,0.25,0.25,2.6757226199803688,11,W B I,I,False,False,3.6676549911499023,0.85546875,0.7017130851745605,False,1.2096993923187256
train-029222-9b7ef553bedd9688,12,7,train,11204662662977656456,pointer,W,O,I,False,W,False,False,2.7850165367126465,-0.25,-0.5,0.0625,3.190190998775217,3,O R I,O,False,True,2.9659459590911865,0.99609375,0.730289876461029,False,1.3104075193405151
train-029222-9b7ef553bedd9688,12,8,train,11204662662977656456,pointer,W,R,W,False,W,False,False,3.0905699729919434,-0.4375,-0.4375,0.1875,3.221221751930273,7,R O I,O,False,False,3.1828973293304443,1.0625,0.7431680560112,False,1.3593331575393677
train-029222-9b7ef553bedd9688,12,9,train,11204662662977656456,pointer,W,R,B,False,W,False,False,3.2674739360809326,-0.625,-0.4375,0.1875,3.2194213520821124,9,R O L,O,False,False,3.1205551624298096,1.1015625,0.7505527138710022,False,1.3885078430175781
train-029222-9b7ef553bedd9688,12,10,train,11204662662977656456,pointer,W,R,V,False,W,False,False,3.368462562561035,-0.75,-0.5,0.25,3.2170878726793304,17,R O L,O,False,False,3.6070430278778076,1.125,0.7549149990081787,False,1.4061501026153564
train-029222-9b7ef553bedd9688,12,11,train,11204662662977656456,pointer,W,R,I,False,W,False,False,3.0095622539520264,-0.375,-0.4375,0.25,3.217845944249008,5,R O L,O,False,False,3.125302791595459,1.140625,0.7577943801879883,False,1.4179682731628418
train-029222-9b7ef553bedd9688,12,12,train,11204662662977656456,pointer,W,R,W,False,W,False,False,3.084301710128784,-0.4375,-0.4375,0.1875,3.2177165351695027,7,R O L,X,False,False,3.2219996452331543,1.1484375,0.7592254281044006,True,0.27545657753944397
train-023994-7b530fa831d97e35,1,1,train,8886463704797380149,pointer,G,Z,Z,True,Z,True,False,1.1920922133867862e-06,15.0,15.0,15.0,1.7670470873347328e-05,1,Z R X,Z,True,True,0.00034517052699811757,-0.451171875,0.3890821933746338,True,0.9439647197723389
train-023994-7b530fa831d97e35,1,2,train,8886463704797380149,pointer,G,O,,,Z,False,True,,,-5.5625,5.5625,0.02605660829327859,,O Z A,O,,True,,-0.353515625,0.41253018379211426,,
train-023994-7b530fa831d97e35,1,3,train,8886463704797380149,pointer,G,A,,,Z,False,True,,,-8.625,1.75,0.5248671998498664,,A T N,O,,False,,-0.076171875,0.4809662401676178,,
train-023994-7b530fa831d97e35,1,4,train,8886463704797380149,pointer,G,T,,,Z,False,True,,,-7.875,1.4375,0.8917176379855564,,T N A,K,,False,,0.314453125,0.5779718160629272,,
train-023994-7b530fa831d97e35,1,5,train,8886463704797380149,pointer,G,T,,,Z,False,True,,,-5.875,1.0,1.463037363597652,,T N A,I,,False,,0.6640625,0.6601723432540894,,
train-023994-7b530fa831d97e35,1,6,train,8886463704797380149,pointer,G,T,,,Z,False,True,,,-3.6875,0.9375,2.2960111392482343,,T N A,I,,False,,0.890625,0.709019124507904,,
train-023994-7b530fa831d97e35,1,7,train,8886463704797380149,pointer,G,T,,,Z,False,True,,,-3.25,1.0,2.5111841098373517,,T N A,I,,False,,1.0078125,0.7325918078422546,,
train-023994-7b530fa831d97e35,1,8,train,8886463704797380149,pointer,G,T,,,Z,False,True,,,-3.3125,1.0,2.5001731482185203,,T N A,K,,False,,1.078125,0.7461389899253845,,
train-023994-7b530fa831d97e35,1,9,train,8886463704797380149,pointer,G,T,,,Z,False,True,,,-3.25,1.0,2.502414410197736,,T N A,K,,False,,1.109375,0.7520126104354858,,
train-023994-7b530fa831d97e35,1,10,train,8886463704797380149,pointer,G,T,,,Z,False,True,,,-3.3125,1.0,2.4927249201635897,,T N A,K,,False,,1.1328125,0.7563575506210327,,
train-023994-7b530fa831d97e35,1,11,train,8886463704797380149,pointer,G,T,,,Z,False,True,,,-3.375,1.0625,2.4752987692605695,,T N A,K,,False,,1.1484375,0.7592254281044006,,
train-023994-7b530fa831d97e35,1,12,train,8886463704797380149,pointer,G,T,,,Z,False,True,,,-3.3125,1.0625,2.481910047797892,,T N A,K,,False,,1.15625,0.7606506943702698,,
train-020791-96695dc76ed46aeb,2,1,train,10838297089383099115,pointer,E,W,W,True,V,False,False,2.9802276912960224e-06,13.03125,-13.03125,13.03125,4.426969752883545e-05,1,W V I,W,True,True,0.004058102611452341,-0.5234375,0.3720487952232361,False,0.4652928113937378
train-020791-96695dc76ed46aeb,2,2,train,10838297089383099115,pointer,E,V,V,True,V,True,False,0.00012885693286079913,9.3125,9.3125,9.3125,0.0014614306693474135,1,V W I,V,True,True,0.008052858524024487,-0.3515625,0.4130035638809204,True,0.8842990398406982
train-020791-96695dc76ed46aeb,2,3,train,10838297089383099115,pointer,E,H,,,V,False,True,,,-7.3125,2.625,0.2821667678183402,,H C U,V,,False,,0.00070953369140625,0.5001773834228516,,
train-020791-96695dc76ed46aeb,2,4,train,10838297089383099115,pointer,E,H,,,V,False,True,,,-5.1875,0.1875,1.0316638031186738,,H C U,E,,False,,0.404296875,0.5997195839881897,,
train-020791-96695dc76ed46aeb,2,5,train,10838297089383099115,pointer,E,C,,,V,False,True,,,-2.5625,0.3125,1.934362218874357,,C H U,R,,False,,0.71484375,0.671470582485199,,
train-020791-96695dc76ed46aeb,2,6,train,10838297089383099115,pointer,E,R,,,V,False,True,,,-0.25,0.0,3.202635844440983,,R W O,I,,False,,0.93359375,0.7178038358688354,,
train-020791-96695dc76ed46aeb,2,7,train,10838297089383099115,pointer,E,I,,,V,False,True,,,-0.875,0.0625,3.2213889121659007,,I E N,I,,True,,1.046875,0.740174412727356,,
train-020791-96695dc76ed46aeb,2,8,train,10838297089383099115,pointer,E,E,,,V,False,True,,,-0.875,0.0,3.2229167025337624,,E I N,I,,False,,1.1015625,0.7505527138710022,,
train-020791-96695dc76ed46aeb,2,9,train,10838297089383099115,pointer,E,I,,,V,False,True,,,-0.875,0.0625,3.222763881040049,,I E N,K,,False,,1.1328125,0.7563575506210327,,
train-020791-96695dc76ed46aeb,2,10,train,10838297089383099115,pointer,E,E,,,V,False,True,,,-0.8125,0.0,3.2240324016891284,,E I N,K,,False,,1.15625,0.7606506943702698,,
train-020791-96695dc76ed46aeb,2,11,train,10838297089383099115,pointer,E,E,,,V,False,True,,,-0.8125,0.0,3.2226550155161915,,E I N,K,,False,,1.1640625,0.7620701193809509,,
train-020791-96695dc76ed46aeb,2,12,train,10838297089383099115,pointer,E,E,,,V,False,True,,,-0.8125,0.0,3.2236760749555167,,E I N,K,,False,,1.171875,0.7634837031364441,,
train-003971-c5f6362c2374a558,3,1,train,14264648432943932760,pointer,T,N,N,True,N,True,False,9.179073458653875e-06,12.5,12.5,12.5,0.00013381617404544172,1,N R Q,N,True,True,0.0031665442511439323,-0.4921875,0.37937837839126587,False,0.47703373432159424
train-003971-c5f6362c2374a558,3,2,train,14264648432943932760,pointer,T,T,T,True,N,False,False,2.7656173188006505e-05,10.75,-12.8125,10.75,0.00034822767861235397,1,T R N,T,True,True,0.06380393356084824,-0.298828125,0.4258439540863037,False,0.5548540949821472
train-003971-c5f6362c2374a558,3,3,train,14264648432943932760,pointer,T,N,N,True,N,True,False,0.07409030944108963,2.625,2.625,2.625,0.2833044746997472,1,N T R,N,True,True,2.676698923110962,0.052978515625,0.5132415294647217,True,0.6670086979866028
train-003971-c5f6362c2374a558,3,4,train,14264648432943932760,pointer,T,N,,,N,True,True,,,1.25,1.25,1.3415088761967409,,N T B,R,,False,,0.453125,0.6113819479942322,,
train-003971-c5f6362c2374a558,3,5,train,14264648432943932760,pointer,T,B,,,N,False,True,,,-0.0625,0.0625,2.238769183890906,,B N T,R,,False,,0.7578125,0.6808785796165466,,
train-003971-c5f6362c2374a558,3,6,train,14264648432943932760,pointer,T,T,,,N,False,True,,,-0.375,0.375,2.413239511986592,,T N B,N,,False,,0.9453125,0.7201715111732483,,
train-003971-c5f6362c2374a558,3,7,train,14264648432943932760,pointer,T,T,,,N,False,True,,,-0.5625,0.5625,2.2709151514489085,,T N B,N,,False,,1.046875,0.740174412727356,,
train-003971-c5f6362c2374a558,3,8,train,14264648432943932760,pointer,T,T,,,N,False,True,,,-0.5625,0.5625,2.2225400512040174,,T N B,N,,False,,1.1015625,0.7505527138710022,,
train-003971-c5f6362c2374a558,3,9,train,14264648432943932760,pointer,T,T,,,N,False,True,,,-0.5,0.5,2.2000644415086574,,T N B,N,,False,,1.140625,0.7577943801879883,,
train-003971-c5f6362c2374a558,3,10,train,14264648432943932760,pointer,T,T,,,N,False,True,,,-0.5,0.5,2.1839797330208475,,T N B,N,,False,,1.1640625,0.7620701193809509,,
train-003971-c5f6362c2374a558,3,11,train,14264648432943932760,pointer,T,T,,,N,False,True,,,-0.5625,0.5625,2.187454938587102,,T N B,N,,False,,1.1796875,0.7648916244506836,,
train-003971-c5f6362c2374a558,3,12,train,14264648432943932760,pointer,T,T,,,N,False,True,,,-0.5625,0.5625,2.185239045062665,,T N O,N,,False,,1.1875,0.7662936449050903,,
train-005709-276642cdfa2b90a2,4,1,train,2839030067536564386,pointer,I,G,G,True,L,False,False,9.536738616588991e-07,15.875,-17.09375,15.875,1.7156222372819123e-05,1,G A D,G,True,True,0.0022832294926047325,-0.49609375,0.378459095954895,False,0.4755535125732422
train-005709-276642cdfa2b90a2,4,2,train,2839030067536564386,pointer,I,O,O,True,L,False,False,0.0003110878460574895,8.25,-14.78125,8.25,0.0030945636203382598,1,O G A,O,True,True,0.2501413822174072,-0.337890625,0.4163219630718231,False,0.5384057760238647
train-005709-276642cdfa2b90a2,4,3,train,2839030067536564386,pointer,I,C,C,True,L,False,False,0.05168803781270981,3.0,-9.1875,3.0,0.2199289789996405,1,C Y B,O,False,False,3.5608670711517334,-0.03759765625,0.49060168862342834,False,0.6745250225067139
train-005709-276642cdfa2b90a2,4,4,train,2839030067536564386,pointer,I,Y,L,False,L,False,False,3.5734546184539795,-2.75,-2.75,0.3125,1.4713131260527914,4,Y C N,G,False,False,3.2313404083251953,0.33203125,0.5822535157203674,True,0.5408493280410767
train-005709-276642cdfa2b90a2,4,5,train,2839030067536564386,pointer,I,C,,,L,False,True,,,-0.6875,0.125,2.200680177708118,,C Y N,R,,False,,0.6640625,0.6601723432540894,,
train-005709-276642cdfa2b90a2,4,6,train,2839030067536564386,pointer,I,C,,,L,False,True,,,-0.5625,0.0,2.6595174848197587,,C N Y,O,,False,,0.90625,0.7122321724891663,,
train-005709-276642cdfa2b90a2,4,7,train,2839030067536564386,pointer,I,N,,,L,False,True,,,-0.9375,0.125,2.7867405641774146,,N C Y,K,,False,,1.0390625,0.7386690378189087,,
train-005709-276642cdfa2b90a2,4,8,train,2839030067536564386,pointer,I,N,,,L,False,True,,,-1.0,0.0625,2.8154052079466236,,N C Y,K,,False,,1.109375,0.7520126104354858,,
train-005709-276642cdfa2b90a2,4,9,train,2839030067536564386,pointer,I,N,,,L,False,True,,,-1.0,0.0625,2.8038661399377434,,N C Y,K,,False,,1.1484375,0.7592254281044006,,
train-005709-276642cdfa2b90a2,4,10,train,2839030067536564386,pointer,I,N,,,L,False,True,,,-1.0,0.0625,2.808367369617696,,N C Y,K,,False,,1.171875,0.7634837031364441,,
train-005709-276642cdfa2b90a2,4,11,train,2839030067536564386,pointer,I,N,,,L,False,True,,,-1.0,0.0625,2.8067467686165832,,N C Y,K,,False,,1.1875,0.7662936449050903,,
train-005709-276642cdfa2b90a2,4,12,train,2839030067536564386,pointer,I,N,,,L,False,True,,,-1.0,0.0625,2.802288223399932,,N C Y,K,,False,,1.1953125,0.7676898241043091,,
train-023377-86e7f9e2cbcec1d3,5,1,train,9721013073179754963,pointer,J,C,C,True,K,False,False,6.794906312279636e-06,12.625,-16.0625,12.625,0.00010138999749201007,1,C A D,C,True,True,0.0010513499146327376,-0.447265625,0.3900110721588135,False,0.4943144917488098
train-023377-86e7f9e2cbcec1d3,5,2,train,9721013073179754963,pointer,J,Q,Q,True,K,False,False,0.0036100472789257765,5.625,-5.625,5.625,0.023949096510306196,1,Q K C,Q,True,True,0.03342374414205551,-0.330078125,0.4182216227054596,False,0.5416656732559204
train-023377-86e7f9e2cbcec1d3,5,3,train,9721013073179754963,pointer,J,K,K,True,K,True,False,0.0007139279623515904,7.875,7.875,7.875,0.007258759446099296,1,K I Q,Q,False,False,3.3139734268188477,-0.0286865234375,0.4928288757801056,False,0.6789067983627319
train-023377-86e7f9e2cbcec1d3,5,4,train,9721013073179754963,pointer,J,K,K,True,K,True,False,0.03555193543434143,3.5625,3.5625,3.5625,0.19143708414326072,1,K I Q,Q,False,False,3.1568801403045654,0.3515625,0.5869964361190796,False,0.8842990398406982
train-023377-86e7f9e2cbcec1d3,5,5,train,9721013073179754963,pointer,J,K,K,True,K,True,False,0.03797760605812073,4.4375,4.4375,4.4375,0.2556536556543069,1,K I Q,Q,False,False,3.1649906635284424,0.67578125,0.6627964973449707,True,0.4112873077392578
train-023377-86e7f9e2cbcec1d3,5,6,train,9721013073179754963,pointer,J,K,,,K,True,True,,,3.375,3.375,0.7303602620896359,,K B M,Q,,False,,0.9140625,0.7138307690620422,,
train-023377-86e7f9e2cbcec1d3,5,7,train,9721013073179754963,pointer,J,K,,,K,True,True,,,1.5625,1.5625,1.3080600760928218,,K M B,C,,False,,1.046875,0.740174412727356,,
train-023377-86e7f9e2cbcec1d3,5,8,train,9721013073179754963,pointer,J,K,,,K,True,True,,,1.1875,1.1875,1.4683503261091029,,K M B,K,,True,,1.125,0.7549149990081787,,
train-023377-86e7f9e2cbcec1d3,5,9,train,9721013073179754963,pointer,J,K,,,K,True,True,,,1.1875,1.1875,1.4770564970025923,,K M B,K,,True,,1.1640625,0.7620701193809509,,
train-023377-86e7f9e2cbcec1d3,5,10,train,9721013073179754963,pointer,J,K,,,K,True,True,,,1.25,1.25,1.4730972941012803,,K M B,K,,True,,1.1875,0.7662936449050903,,
train-023377-86e7f9e2cbcec1d3,5,11,train,9721013073179754963,pointer,J,K,,,K,True,True,,,1.25,1.25,1.479322602047899,,K M B,K,,True,,1.203125,0.7690802216529846,,
train-023377-86e7f9e2cbcec1d3,5,12,train,9721013073179754963,pointer,J,K,,,K,True,True,,,1.25,1.25,1.4931636350054258,,K M B,K,,True,,1.2109375,0.7704647779464722,,
train-008492-240e76925130107c,6,1,train,2598144405838762108,pointer,D,I,I,True,Y,False,False,4.768370445162873e-07,16.4375,-21.671875,16.4375,5.86271996279801e-06,1,I M A,I,True,True,0.0009609610424377024,-0.55078125,0.3656831681728363,False,0.4552067518234253
train-008492-240e76925130107c,6,2,train,2598144405838762108,pointer,D,G,G,True,Y,False,False,5.960462772236497e-07,16.125,-20.59375,16.125,1.064700478295248e-05,1,G C J,G,True,True,0.02760379947721958,-0.30859375,0.4234579801559448,False,0.5507071614265442
train-008492-240e76925130107c,6,3,train,2598144405838762108,pointer,D,X,X,True,Y,False,False,0.011974357068538666,5.5,-7.3125,5.5,0.09145362108331039,1,X R I,G,False,False,3.4515717029571533,-0.004730224609375,0.49881744384765625,False,0.6907848715782166
train-008492-240e76925130107c,6,4,train,2598144405838762108,pointer,D,X,R,False,Y,False,False,2.7018771171569824,-2.125,-3.6875,1.5625,1.8033208614432807,3,X O R,E,False,False,2.940450668334961,0.353515625,0.5874698758125305,False,0.8854459524154663
train-008492-240e76925130107c,6,5,train,2598144405838762108,pointer,D,X,K,False,Y,False,False,3.8951001167297363,-2.3125,-1.4375,0.5625,2.741694386382455,12,X E O,O,False,False,3.229182720184326,0.671875,0.6619228720664978,False,1.0844812393188477
train-008492-240e76925130107c,6,6,train,2598144405838762108,pointer,D,O,Y,False,Y,False,False,3.0225143432617188,-0.625,-0.625,0.1875,3.140576394262245,6,O U R,I,False,False,3.268460988998413,0.88671875,0.7082125544548035,True,0.3450109660625458
train-008492-240e76925130107c,6,7,train,2598144405838762108,pointer,D,O,,,Y,False,True,,,-0.6875,0.125,3.1689538499055834,,O R U,X,,False,,1.0,0.7310585975646973,,
train-008492-240e76925130107c,6,8,train,2598144405838762108,pointer,D,O,,,Y,False,True,,,-0.6875,0.125,3.1738811075878024,,O U R,X,,False,,1.0625,0.7431680560112,,
train-008492-240e76925130107c,6,9,train,2598144405838762108,pointer,D,O,,,Y,False,True,,,-0.6875,0.0625,3.1730134429292507,,O U R,X,,False,,1.1015625,0.7505527138710022,,
train-008492-240e76925130107c,6,10,train,2598144405838762108,pointer,D,O,,,Y,False,True,,,-0.6875,0.0625,3.1757277313210834,,O U R,X,,False,,1.125,0.7549149990081787,,
train-008492-240e76925130107c,6,11,train,2598144405838762108,pointer,D,O,,,Y,False,True,,,-0.6875,0.125,3.1731854060253712,,O U R,X,,False,,1.140625,0.7577943801879883,,
train-008492-240e76925130107c,6,12,train,2598144405838762108,pointer,D,O,,,Y,False,True,,,-0.6875,0.125,3.1740381007151366,,O U R,X,,False,,1.1484375,0.7592254281044006,,
train-020229-7c9aa3f3c6e63bb1,8,1,train,8978669074525862833,pointer,X,K,K,True,J,False,False,2.3841830625315197e-06,13.75,-15.0625,13.75,3.7241080316028965e-05,1,K R I,K,True,True,0.004153791815042496,-0.5234375,0.3720487952232361,False,0.4652928113937378
train-020229-7c9aa3f3c6e63bb1,8,2,train,8978669074525862833,pointer,X,W,W,True,J,False,False,1.6331539882230572e-05,11.5,-15.0625,11.5,0.00022312405254201048,1,W R L,W,True,True,0.08573480695486069,-0.3515625,0.4130035638809204,False,0.5327365398406982
train-020229-7c9aa3f3c6e63bb1,8,3,train,8978669074525862833,pointer,X,R,R,True,J,False,False,0.033353645354509354,3.6875,-10.0,3.6875,0.17349707696054376,1,R M W,R,True,True,2.416875123977661,-0.020751953125,0.49481216073036194,False,0.6828250288963318
train-020229-7c9aa3f3c6e63bb1,8,4,train,8978669074525862833,pointer,X,Q,M,False,J,False,False,1.5064399242401123,-1.1875,-6.5625,1.1875,0.8377271417748047,2,Q M Y,R,False,False,3.561204195022583,0.35546875,0.5879431366920471,False,0.8865938782691956
train-020229-7c9aa3f3c6e63bb1,8,5,train,8978669074525862833,pointer,X,Q,Q,True,J,False,False,0.28529128432273865,2.0625,-5.3125,2.0625,1.0982094991054743,1,Q M Y,R,False,False,3.033930540084839,0.69140625,0.666279673576355,False,1.0974520444869995
train-020229-7c9aa3f3c6e63bb1,8,6,train,8978669074525862833,pointer,X,Q,Y,False,J,False,False,2.3360438346862793,-1.4375,-3.0625,1.4375,2.4108785207188217,2,Q Y M,R,False,False,3.2811973094940186,0.921875,0.7154240012168884,False,1.2567548751831055
train-020229-7c9aa3f3c6e63bb1,8,7,train,8978669074525862833,pointer,X,Q,D,False,J,False,False,2.805713415145874,-0.8125,-1.375,0.6875,3.094901256115164,3,Q Y D,O,False,False,3.273315668106079,1.0390625,0.7386690378189087,False,1.3419678211212158
train-020229-7c9aa3f3c6e63bb1,8,8,train,8978669074525862833,pointer,X,Q,J,False,J,False,False,3.3743977546691895,-1.1875,-1.1875,0.5625,3.133155961894624,14,Q N Y,K,False,False,3.6562392711639404,1.1015625,0.7505527138710022,True,0.28694531321525574
train-020229-7c9aa3f3c6e63bb1,8,9,train,8978669074525862833,pointer,X,Q,,,J,False,True,,,-1.1875,0.5,3.131061421835938,,Q N Y,K,,False,,1.1328125,0.7563575506210327,,
train-020229-7c9aa3f3c6e63bb1,8,10,train,8978669074525862833,pointer,X,Q,,,J,False,True,,,-1.1875,0.4375,3.1355795391542833,,Q N Y,X,,False,,1.15625,0.7606506943702698,,
train-020229-7c9aa3f3c6e63bb1,8,11,train,8978669074525862833,pointer,X,Q,,,J,False,True,,,-1.1875,0.5,3.1308109483976465,,Q N Y,X,,False,,1.171875,0.7634837031364441,,
train-020229-7c9aa3f3c6e63bb1,8,12,train,8978669074525862833,pointer,X,Q,,,J,False,True,,,-1.1875,0.4375,3.1332696062138865,,Q N Y,X,,False,,1.1796875,0.7648916244506836,,
train-014821-3183b84ebac7680b,10,1,train,3567897978088155147,pointer,K,S,S,True,L,False,False,4.887569048150908e-06,12.75,-17.21875,12.75,7.348433639884319e-05,1,S R A,S,True,True,0.0022135297767817974,-0.419921875,0.3965354859828949,False,0.5050680041313171
train-014821-3183b84ebac7680b,10,2,train,3567897978088155147,pointer,K,M,H,False,L,False,False,9.562649726867676,-9.5625,-13.625,9.5625,0.001748062599745179,2,M H P,M,False,True,7.585318088531494,-0.32421875,0.4196479320526123,False,0.5441204309463501
train-014821-3183b84ebac7680b,10,3,train,3567897978088155147,pointer,K,L,V,False,L,True,False,1.839632511138916,-1.3125,1.3125,1.3125,1.480651684217604,2,L V B,Z,False,False,3.466073751449585,-0.055419921875,0.48614856600761414,False,0.6658211350440979
train-014821-3183b84ebac7680b,10,4,train,3567897978088155147,pointer,K,R,R,True,L,False,False,0.6392248868942261,1.0,-5.25,1.0,1.6581551065167914,1,R V B,R,True,True,2.9626212120056152,0.376953125,0.5931380391120911,False,0.8992812633514404
train-014821-3183b84ebac7680b,10,5,train,3567897978088155147,pointer,K,R,B,False,L,False,False,2.596010208129883,-1.0625,-2.5625,0.625,2.8165581305825893,4,R I O,R,False,True,3.4483869075775146,0.7109375,0.6706082820892334,False,1.110507607460022
train-014821-3183b84ebac7680b,10,6,train,3567897978088155147,pointer,K,I,E,False,L,False,False,3.4205212593078613,-0.625,-1.0,0.0625,3.1886662238745984,15,I N O,I,False,True,3.282277822494507,0.921875,0.7154240012168884,False,1.2567548751831055
train-014821-3183b84ebac7680b,10,7,train,3567897978088155147,pointer,K,N,O,False,L,False,False,3.0660440921783447,-0.25,-0.875,0.0,3.2084864915588014,10,N Q K,I,False,False,3.0643627643585205,1.0390625,0.7386690378189087,False,1.3419678211212158
train-014821-3183b84ebac7680b,10,8,train,3567897978088155147,pointer,K,K,Z,False,L,False,False,3.2018251419067383,-0.375,-0.875,0.0,3.2118461826476716,12,K N Q,K,False,True,3.181523561477661,1.1015625,0.7505527138710022,False,1.3885078430175781
train-014821-3183b84ebac7680b,10,9,train,3567897978088155147,pointer,K,N,P,False,L,False,False,3.5384247303009033,-0.75,-0.875,0.0,3.211339445460872,19,N Q K,K,False,False,3.555447578430176,1.140625,0.7577943801879883,False,1.4179682731628418
train-014821-3183b84ebac7680b,10,10,train,3567897978088155147,pointer,K,N,L,False,L,False,False,3.6638660430908203,-0.875,-0.875,0.0,3.211054064371071,22,N Q K,K,False,False,3.3715908527374268,1.1640625,0.7620701193809509,True,0.27171674370765686
train-014821-3183b84ebac7680b,10,11,train,3567897978088155147,pointer,K,N,,,L,False,True,,,-0.875,0.0625,3.213270171988888,,N K Q,K,,False,,1.1796875,0.7648916244506836,,
train-014821-3183b84ebac7680b,10,12,train,3567897978088155147,pointer,K,Q,,,L,False,True,,,-0.875,0.0625,3.210542250259636,,Q K N,K,,False,,1.1875,0.7662936449050903,,
train-010574-c0bb923f113f8b6c,12,1,train,13887854675497028460,pointer,G,Z,Z,True,D,False,False,1.311301275563892e-06,14.625,-18.09375,14.625,1.9993028364483193e-05,1,Z R Y,Z,True,True,0.0002809368306770921,-0.546875,0.3665897250175476,False,0.456636905670166
train-010574-c0bb923f113f8b6c,12,2,train,13887854675497028460,pointer,G,L,L,True,D,False,False,2.2053474822314456e-05,12.125,-12.5625,12.125,0.00031032080203370984,1,L C Z,L,True,True,0.02896810881793499,-0.330078125,0.4182216227054596,False,0.5416656732559204
train-010574-c0bb923f113f8b6c,12,3,train,13887854675497028460,pointer,G,U,U,True,D,False,False,0.0755574032664299,2.625,-9.375,2.625,0.2952634268821962,1,U H L,L,False,False,3.191047430038452,0.0120849609375,0.5030211806297302,False,0.6992079019546509
train-010574-c0bb923f113f8b6c,12,4,train,13887854675497028460,pointer,G,U,H,False,D,False,False,2.9045143127441406,-2.625,-6.5625,2.0,1.06903722356805,3,U P H,E,False,False,3.404676914215088,0.41015625,0.6011253595352173,False,0.9191080331802368
train-010574-c0bb923f113f8b6c,12,5,train,13887854675497028460,pointer,G,F,P,False,D,False,False,2.9241130352020264,-0.875,-1.9375,0.0,2.9218319015142487,6,F K W,I,False,False,3.4974112510681152,0.7265625,0.6740504503250122,False,1.121012806892395
train-010574-c0bb923f113f8b6c,12,6,train,13887854675497028460,pointer,G,O,X,False,D,False,False,3.5994114875793457,-1.125,-1.0625,0.125,3.163365083620064,19,O F K,I,False,False,3.207077741622925,0.921875,0.7154240012168884,False,1.2567548751831055
train-010574-c0bb923f113f8b6c,12,7,train,13887854675497028460,pointer,G,O,J,False,D,False,False,3.2464990615844727,-0.625,-0.9375,0.125,3.1990367978335534,9,O F K,K,False,False,3.7039308547973633,1.0234375,0.735641598701477,False,1.3304497003555298
train-010574-c0bb923f113f8b6c,12,8,train,13887854675497028460,pointer,G,O,O,True,D,False,False,2.613797426223755,0.1875,-0.9375,0.1875,3.2048743856693798,1,O F K,X,False,False,3.1449029445648193,1.0859375,0.7476159334182739,False,1.3768033981323242
train-010574-c0bb923f113f8b6c,12,9,train,13887854675497028460,pointer,G,O,M,False,D,False,False,3.125925064086914,-0.5,-0.875,0.125,3.2046180143833656,7,O F K,X,False,False,3.1382908821105957,1.1171875,0.7534666657447815,False,1.4002580642700195
train-010574-c0bb923f113f8b6c,12,10,train,13887854675497028460,pointer,G,O,C,False,D,False,False,3.6674084663391113,-1.0625,-0.875,0.1875,3.2061837251577945,23,O F K,X,False,False,3.2590675354003906,1.140625,0.7577943801879883,False,1.4179682731628418
train-010574-c0bb923f113f8b6c,12,11,train,13887854675497028460,pointer,G,O,S,False,D,False,False,3.6854069232940674,-1.0625,-0.875,0.125,3.205144812402976,25,O F K,X,False,False,3.204984188079834,1.15625,0.7606506943702698,False,1.4298310279846191
train-010574-c0bb923f113f8b6c,12,12,train,13887854675497028460,pointer,G,O,D,False,D,False,False,3.500925064086914,-0.875,-0.875,0.125,3.2046180143833656,18,O F K,X,False,False,3.33894944190979,1.1640625,0.7620701193809509,True,0.27171674370765686
train-002061-c2d311c993169188,1,1,train,14038584020897796488,pointer,U,B,B,True,B,True,False,2.50339189733495e-06,13.5,13.5,13.5,3.9563118706281865e-05,1,B R C,B,True,True,0.0009346407605335116,-0.470703125,0.38444983959198,True,0.9559419751167297
train-002061-c2d311c993169188,1,2,train,14038584020897796488,pointer,U,K,,,B,False,True,,,-17.9375,8.75,0.001568414461795226,,K F X,K,,True,,-0.265625,0.43398144841194153,,
train-002061-c2d311c993169188,1,3,train,14038584020897796488,pointer,U,X,,,B,False,True,,,-7.875,3.375,0.18357310849109962,,X A Y,X,,True,,0.027587890625,0.5068965554237366,,
train-002061-c2d311c993169188,1,4,train,14038584020897796488,pointer,U,A,,,B,False,True,,,-4.9375,1.25,0.8952137354395151,,A F X,K,,False,,0.392578125,0.5969031453132629,,
train-002061-c2d311c993169188,1,5,train,14038584020897796488,pointer,U,A,,,B,False,True,,,-3.375,1.0625,1.5407483624948153,,A F X,I,,False,,0.6953125,0.6671476364135742,,
train-002061-c2d311c993169188,1,6,train,14038584020897796488,pointer,U,A,,,B,False,True,,,-2.0625,0.6875,2.244342956074959,,A F K,C,,False,,0.91015625,0.7130321860313416,,
train-002061-c2d311c993169188,1,7,train,14038584020897796488,pointer,U,A,,,B,False,True,,,-1.625,0.5,2.507926046480718,,A F K,C,,False,,1.03125,0.7371581792831421,,
train-002061-c2d311c993169188,1,8,train,14038584020897796488,pointer,U,A,,,B,False,True,,,-1.5,0.375,2.560820622751864,,A K F,K,,False,,1.1015625,0.7505527138710022,,
train-002061-c2d311c993169188,1,9,train,14038584020897796488,pointer,U,A,,,B,False,True,,,-1.4375,0.375,2.5696626280795,,A K F,K,,False,,1.140625,0.7577943801879883,,
train-002061-c2d311c993169188,1,10,train,14038584020897796488,pointer,U,A,,,B,False,True,,,-1.4375,0.375,2.571027750305915,,A K F,K,,False,,1.1640625,0.7620701193809509,,
train-002061-c2d311c993169188,1,11,train,14038584020897796488,pointer,U,A,,,B,False,True,,,-1.5,0.4375,2.553099181957124,,A F K,K,,False,,1.1796875,0.7648916244506836,,
train-002061-c2d311c993169188,1,12,train,14038584020897796488,pointer,U,A,,,B,False,True,,,-1.4375,0.375,2.552470216135542,,A K F,K,,False,,1.1875,0.7662936449050903,,
train-021745-58b55edc60d51af4,2,1,train,6392119546732681972,pointer,V,Z,Z,True,T,False,False,2.3841855067985307e-07,15.75,-21.40625,15.75,5.141561147129284e-06,1,Z A Y,Z,True,True,0.0004940004437230527,-0.49609375,0.378459095954895,False,0.4755535125732422
train-021745-58b55edc60d51af4,2,2,train,6392119546732681972,pointer,V,T,T,True,T,True,False,0.001726447488181293,6.375,6.375,6.375,0.012881321315450013,1,T B R,T,True,True,0.06352720409631729,-0.26171875,0.43494126200675964,True,0.8325443267822266
train-021745-58b55edc60d51af4,2,3,train,6392119546732681972,pointer,V,B,,,T,False,True,,,-7.625,7.0,0.04579222058242411,,B H A,Z,,False,,-0.006591796875,0.4983520209789276,,
train-021745-58b55edc60d51af4,2,4,train,6392119546732681972,pointer,V,B,,,T,False,True,,,-5.4375,1.4375,1.214004660957419,,B H O,Z,,False,,0.33203125,0.5822535157203674,,
train-021745-58b55edc60d51af4,2,5,train,6392119546732681972,pointer,V,H,,,T,False,True,,,-4.125,0.5625,1.8226832248345426,,H N B,Q,,False,,0.6875,0.665410578250885,,
train-021745-58b55edc60d51af4,2,6,train,6392119546732681972,pointer,V,H,,,T,False,True,,,-2.25,0.3125,2.9681495898570645,,H O N,I,,False,,0.92578125,0.7162185907363892,,
train-021745-58b55edc60d51af4,2,7,train,6392119546732681972,pointer,V,O,,,T,False,True,,,-1.5625,0.6875,3.172581660144779,,O B N,K,,False,,1.046875,0.740174412727356,,
train-021745-58b55edc60d51af4,2,8,train,6392119546732681972,pointer,V,O,,,T,False,True,,,-1.5,0.6875,3.1805719910590087,,O B N,K,,False,,1.109375,0.7520126104354858,,
train-021745-58b55edc60d51af4,2,9,train,6392119546732681972,pointer,V,O,,,T,False,True,,,-1.5,0.6875,3.1816264769929594,,O B N,X,,False,,1.140625,0.7577943801879883,,
train-021745-58b55edc60d51af4,2,10,train,6392119546732681972,pointer,V,O,,,T,False,True,,,-1.5,0.6875,3.1808537624841318,,O B N,X,,False,,1.1640625,0.7620701193809509,,
train-021745-58b55edc60d51af4,2,11,train,6392119546732681972,pointer,V,O,,,T,False,True,,,-1.5,0.75,3.180692509670867,,O B N,X,,False,,1.171875,0.7634837031364441,,
train-021745-58b55edc60d51af4,2,12,train,6392119546732681972,pointer,V,O,,,T,False,True,,,-1.5,0.6875,3.179923947267874,,O B N,X,,False,,1.1796875,0.7648916244506836,,
train-024518-66e0df9bb1707859,3,1,train,7413170846441699417,pointer,X,Z,Z,True,F,False,False,1.7881377516459906e-06,13.5625,-21.21875,13.5625,2.7525116255986312e-05,1,Z R A,Z,True,True,0.00020215852418914437,-0.515625,0.37387579679489136,False,0.468206524848938
train-024518-66e0df9bb1707859,3,2,train,7413170846441699417,pointer,X,P,P,True,F,False,False,0.0013767535565420985,6.625,-11.375,6.625,0.010783217947473011,1,P Z I,P,True,True,0.04117860645055771,-0.44921875,0.38954654335975647,False,0.4935532212257385
train-024518-66e0df9bb1707859,3,3,train,7413170846441699417,pointer,X,F,F,True,F,True,False,0.11517930030822754,2.125,2.125,2.125,0.36213392585470777,1,F E X,P,False,False,2.954400062561035,-0.1513671875,0.46223029494285583,True,0.7716920375823975
train-024518-66e0df9bb1707859,3,4,train,7413170846441699417,pointer,X,E,,,F,False,True,,,-0.6875,0.6875,1.096835537915737,,E F X,R,,False,,0.25390625,0.5631377696990967,,
train-024518-66e0df9bb1707859,3,5,train,7413170846441699417,pointer,X,E,,,F,False,True,,,-1.0625,1.0625,1.9919371215707993,,E F X,R,,False,,0.65625,0.6584175229072571,,
train-024518-66e0df9bb1707859,3,6,train,7413170846441699417,pointer,X,E,,,F,False,True,,,-0.625,0.625,2.407832872285763,,E F K,C,,False,,0.91015625,0.7130321860313416,,
train-024518-66e0df9bb1707859,3,7,train,7413170846441699417,pointer,X,E,,,F,False,True,,,-0.5,0.5,2.4174354484438165,,E F P,C,,False,,1.046875,0.740174412727356,,
train-024518-66e0df9bb1707859,3,8,train,7413170846441699417,pointer,X,E,,,F,False,True,,,-0.5,0.5,2.4101741539578576,,E F P,C,,False,,1.1171875,0.7534666657447815,,
train-024518-66e0df9bb1707859,3,9,train,7413170846441699417,pointer,X,E,,,F,False,True,,,-0.5,0.5,2.4096406221236344,,E F Z,K,,False,,1.1640625,0.7620701193809509,,
train-024518-66e0df9bb1707859,3,10,train,7413170846441699417,pointer,X,E,,,F,False,True,,,-0.5625,0.5625,2.407861671383755,,E F Z,K,,False,,1.1875,0.7662936449050903,,
train-024518-66e0df9bb1707859,3,11,train,7413170846441699417,pointer,X,E,,,F,False,True,,,-0.5,0.5,2.406146669388843,,E F Z,K,,False,,1.203125,0.7690802216529846,,
train-024518-66e0df9bb1707859,3,12,train,7413170846441699417,pointer,X,E,,,F,False,True,,,-0.5625,0.5625,2.4041527317290203,,E F Z,K,,False,,1.2109375,0.7704647779464722,,
train-035184-285d48899940e5a1,4,1,train,2908560690170095009,pointer,M,Z,Z,True,U,False,False,1.1920922133867862e-06,14.25,-20.6875,14.25,2.064595951246599e-05,1,Z R X,Z,True,True,0.0006429274217225611,-0.5390625,0.36840569972991943,False,0.4595080614089966
train-035184-285d48899940e5a1,4,2,train,2908560690170095009,pointer,M,C,C,True,U,False,False,0.0022264947183430195,6.125,-15.0,6.125,0.01612202351383815,1,C I B,C,True,True,0.03796543926000595,-0.3359375,0.41679665446281433,False,0.5392193794250488
train-035184-285d48899940e5a1,4,3,train,2908560690170095009,pointer,M,I,I,True,U,False,False,0.0017107388703152537,7.0,-7.0,7.0,0.016063881174103893,1,I U T,E,False,False,3.6011769771575928,-0.05615234375,0.4859656095504761,False,0.6654651165008545
train-035184-285d48899940e5a1,4,4,train,2908560690170095009,pointer,M,I,U,False,U,False,False,1.2452354431152344,-0.625,-0.625,0.625,1.3041232074319915,2,I U T,Q,False,False,3.712202548980713,0.294921875,0.5732006430625916,True,0.5565193891525269
train-035184-285d48899940e5a1,4,5,train,2908560690170095009,pointer,M,I,,,U,False,True,,,-0.6875,0.6875,1.922860295369381,,I U B,D,,False,,0.59375,0.6442250609397888,,
train-035184-285d48899940e5a1,4,6,train,2908560690170095009,pointer,M,U,,,U,True,True,,,0.125,0.125,2.8091603513915246,,U I B,O,,False,,0.84375,0.6992544531822205,,
train-035184-285d48899940e5a1,4,7,train,2908560690170095009,pointer,M,U,,,U,True,True,,,0.375,0.375,3.0882698381170397,,U P Y,O,,False,,0.98828125,0.7287483215332031,,
train-035184-285d48899940e5a1,4,8,train,2908560690170095009,pointer,M,U,,,U,True,True,,,0.3125,0.3125,3.145011406264373,,U P Y,X,,False,,1.0625,0.7431680560112,,
train-035184-285d48899940e5a1,4,9,train,2908560690170095009,pointer,M,U,,,U,True,True,,,0.25,0.25,3.155875317876497,,U Y P,X,,False,,1.1015625,0.7505527138710022,,
train-035184-285d48899940e5a1,4,10,train,2908560690170095009,pointer,M,U,,,U,True,True,,,0.3125,0.3125,3.155995474525778,,U P Y,X,,False,,1.125,0.7549149990081787,,
train-035184-285d48899940e5a1,4,11,train,2908560690170095009,pointer,M,U,,,U,True,True,,,0.3125,0.3125,3.155995474525778,,U P Y,X,,False,,1.140625,0.7577943801879883,,
train-035184-285d48899940e5a1,4,12,train,2908560690170095009,pointer,M,U,,,U,True,True,,,0.25,0.25,3.1560654928079526,,U Y P,X,,False,,1.1484375,0.7592254281044006,,
train-015151-5a91fc41fae73eb8,5,1,train,6526274695349092024,pointer,Y,U,U,True,B,False,False,2.4914430468925275e-05,11.1875,-13.40625,11.1875,0.0003318525744373354,1,U A W,U,True,True,0.0013165149139240384,-0.6328125,0.34687307476997375,False,0.4259837865829468
train-015151-5a91fc41fae73eb8,5,2,train,6526274695349092024,pointer,Y,A,A,True,B,False,False,2.3841830625315197e-06,13.1875,-16.3125,13.1875,3.3765002627104554e-05,1,A U X,A,True,True,0.015452304854989052,-0.3671875,0.40922078490257263,False,0.5263129472732544
train-015151-5a91fc41fae73eb8,5,3,train,6526274695349092024,pointer,Y,P,P,True,B,False,False,0.012804670259356499,4.9375,-8.0625,4.9375,0.09321060681309139,1,P A W,A,False,False,3.5400257110595703,-0.005157470703125,0.49871063232421875,False,0.6905717849731445
train-015151-5a91fc41fae73eb8,5,4,train,6526274695349092024,pointer,Y,P,W,False,B,False,False,2.951660394668579,-2.4375,-4.125,1.875,1.7705310452443586,3,P O W,E,False,False,3.303334951400757,0.37890625,0.5936092734336853,False,0.9004402160644531
train-015151-5a91fc41fae73eb8,5,5,train,6526274695349092024,pointer,Y,P,B,False,B,False,False,4.074179172515869,-2.625,-2.625,0.5,2.632468660977099,12,P O F,I,False,False,3.412862539291382,0.70703125,0.6697448492050171,True,0.40085849165916443
train-015151-5a91fc41fae73eb8,5,6,train,6526274695349092024,pointer,Y,O,,,B,False,True,,,-1.4375,0.1875,2.972668869854894,,O Y P,I,,False,,0.9140625,0.7138307690620422,,
train-015151-5a91fc41fae73eb8,5,7,train,6526274695349092024,pointer,Y,O,,,B,False,True,,,-1.1875,0.1875,3.0603113359426306,,O Y P,K,,False,,1.0234375,0.735641598701477,,
train-015151-5a91fc41fae73eb8,5,8,train,6526274695349092024,pointer,Y,O,,,B,False,True,,,-1.125,0.1875,3.0737948476459804,,O Y P,K,,False,,1.0859375,0.7476159334182739,,
train-015151-5a91fc41fae73eb8,5,9,train,6526274695349092024,pointer,Y,O,,,B,False,True,,,-1.125,0.1875,3.070839614498595,,O Y P,K,,False,,1.125,0.7549149990081787,,
train-015151-5a91fc41fae73eb8,5,10,train,6526274695349092024,pointer,Y,O,,,B,False,True,,,-1.0625,0.125,3.069862921609541,,O Y P,K,,False,,1.1484375,0.7592254281044006,,
train-015151-5a91fc41fae73eb8,5,11,train,6526274695349092024,pointer,Y,O,,,B,False,True,,,-1.0625,0.0625,3.066325147592497,,O Y P,K,,False,,1.1640625,0.7620701193809509,,
train-015151-5a91fc41fae73eb8,5,12,train,6526274695349092024,pointer,Y,O,,,B,False,True,,,-1.125,0.125,3.065294681888898,,O Y P,K,,False,,1.1796875,0.7648916244506836,,
train-005837-e176bcc34fcb5b38,6,1,train,16246380252829014840,pointer,D,P,P,True,V,False,False,5.960462772236497e-07,15.25,-19.9375,15.25,9.115138452598917e-06,1,P Q C,P,True,True,0.0043551125563681126,-0.60546875,0.35309353470802307,False,0.43555355072021484
train-005837-e176bcc34fcb5b38,6,2,train,16246380252829014840,pointer,D,L,L,True,V,False,False,0.0017566739115864038,6.375,-15.15625,6.375,0.013262501238733473,1,L B C,L,True,True,0.05174871161580086,-0.3828125,0.4054487347602844,False,0.5199483633041382
train-005837-e176bcc34fcb5b38,6,3,train,16246380252829014840,pointer,D,F,F,True,V,False,False,0.007796334568411112,5.6875,-9.9375,5.6875,0.06321843784784059,1,F B L,F,True,True,2.605470895767212,-0.1005859375,0.47487467527389526,False,0.6441183686256409
train-005837-e176bcc34fcb5b38,6,4,train,16246380252829014840,pointer,D,F,B,False,V,False,False,1.1125431060791016,-0.5625,-5.75,0.5625,1.1103182137948329,2,F B Y,R,False,False,3.6085376739501953,0.31640625,0.5784481763839722,False,0.8638125658035278
train-005837-e176bcc34fcb5b38,6,5,train,16246380252829014840,pointer,D,B,Y,False,V,False,False,1.9312772750854492,-0.875,-3.1875,0.4375,2.1951732808208893,3,B F Y,D,False,False,3.2350049018859863,0.6640625,0.6601723432540894,False,1.0793168544769287
train-005837-e176bcc34fcb5b38,6,6,train,16246380252829014840,pointer,D,O,V,False,V,False,False,3.592376708984375,-1.125,-1.125,0.125,3.139509538040357,18,O S Y,I,False,False,3.7448439598083496,0.88671875,0.7082125544548035,True,0.3450109660625458
train-005837-e176bcc34fcb5b38,6,7,train,16246380252829014840,pointer,D,O,,,V,False,True,,,-1.25,0.1875,3.185019524348693,,O J Y,O,,True,,1.0,0.7310585975646973,,
train-005837-e176bcc34fcb5b38,6,8,train,16246380252829014840,pointer,D,O,,,V,False,True,,,-1.25,0.1875,3.1898292013267002,,O J Y,M,,False,,1.0703125,0.7446563243865967,,
train-005837-e176bcc34fcb5b38,6,9,train,16246380252829014840,pointer,D,O,,,V,False,True,,,-1.3125,0.1875,3.1836831556533887,,O J S,X,,False,,1.1015625,0.7505527138710022,,
train-005837-e176bcc34fcb5b38,6,10,train,16246380252829014840,pointer,D,O,,,V,False,True,,,-1.3125,0.1875,3.183013681888016,,O J S,X,,False,,1.125,0.7549149990081787,,
train-005837-e176bcc34fcb5b38,6,11,train,16246380252829014840,pointer,D,O,,,V,False,True,,,-1.3125,0.1875,3.1831648039529696,,O J S,X,,False,,1.140625,0.7577943801879883,,
train-005837-e176bcc34fcb5b38,6,12,train,16246380252829014840,pointer,D,O,,,V,False,True,,,-1.3125,0.1875,3.184133492623303,,O J S,X,,False,,1.15625,0.7606506943702698,,
train-007467-5e3ed60da32ede03,8,1,train,6791100642181963267,pointer,X,G,G,True,B,False,False,2.3841855067985307e-07,16.40625,-19.515625,16.40625,6.800315831844383e-06,1,G I C,G,True,True,0.010651168413460255,-0.5390625,0.36840569972991943,False,0.4595080614089966
train-007467-5e3ed60da32ede03,8,2,train,6791100642181963267,pointer,X,U,U,True,B,False,False,2.6940935640595853e-05,12.25,-13.8125,12.25,0.00038216334005257364,1,U T R,U,True,True,0.04411756992340088,-0.435546875,0.39280253648757935,False,0.4989013075828552
train-007467-5e3ed60da32ede03,8,3,train,6791100642181963267,pointer,X,L,L,True,B,False,False,0.0013852057745680213,8.0,-10.1875,8.0,0.014120925519884753,1,L U R,Z,False,False,2.9506595134735107,-0.091796875,0.47706684470176697,False,0.6483017206192017
train-007467-5e3ed60da32ede03,8,4,train,6791100642181963267,pointer,X,D,D,True,B,False,False,0.501958966255188,0.875,-7.125,0.875,1.0843833012499406,1,D L C,G,False,False,3.0414624214172363,0.296875,0.5736784338951111,False,0.8525612950325012
train-007467-5e3ed60da32ede03,8,5,train,6791100642181963267,pointer,X,D,C,False,B,False,False,1.94733464717865,-0.875,-3.9375,0.875,2.3613360779328,2,D C R,I,False,False,3.232710123062134,0.64453125,0.6557770371437073,False,1.0664656162261963
train-007467-5e3ed60da32ede03,8,6,train,6791100642181963267,pointer,X,N,Q,False,B,False,False,3.3257431983947754,-1.0625,-1.5,0.1875,3.110579899384174,11,N R J,I,False,False,3.263611316680908,0.8671875,0.7041601538658142,False,1.2179369926452637
train-007467-5e3ed60da32ede03,8,7,train,6791100642181963267,pointer,X,N,H,False,B,False,False,3.755884885787964,-1.3125,-1.0625,0.3125,3.1757673969934848,22,N R X,I,False,False,3.4557840824127197,0.984375,0.7279754281044006,False,1.3018629550933838
train-007467-5e3ed60da32ede03,8,8,train,6791100642181963267,pointer,X,N,B,False,B,False,False,3.4925436973571777,-1.0,-1.0,0.3125,3.1866463272988304,16,N R X,I,False,False,3.1236727237701416,1.0546875,0.74167400598526,True,0.29884546995162964
train-007467-5e3ed60da32ede03,8,9,train,6791100642181963267,pointer,X,N,,,B,False,True,,,-0.9375,0.25,3.186911631483728,,N X R,X,,False,,1.09375,0.7490872144699097,,
train-007467-5e3ed60da32ede03,8,10,train,6791100642181963267,pointer,X,N,,,B,False,True,,,-1.0,0.3125,3.184953054781525,,N R X,X,,False,,1.125,0.7549149990081787,,
train-007467-5e3ed60da32ede03,8,11,train,6791100642181963267,pointer,X,N,,,B,False,True,,,-1.0,0.25,3.1847962109842527,,N X R,X,,False,,1.140625,0.7577943801879883,,
train-007467-5e3ed60da32ede03,8,12,train,6791100642181963267,pointer,X,N,,,B,False,True,,,-1.0,0.25,3.1852338794124426,,N X R,X,,False,,1.1484375,0.7592254281044006,,
train-001096-afd3f792c3f400f4,10,1,train,12669742386448171252,pointer,M,N,N,True,V,False,False,1.07287787614041e-05,12.625,-17.125,12.625,0.00015513455604591284,1,N R Q,N,True,True,0.004532777238637209,-0.5234375,0.3720487952232361,False,0.4652928113937378
train-001096-afd3f792c3f400f4,10,2,train,12669742386448171252,pointer,M,B,B,True,V,False,False,2.50339189733495e-06,13.75,-19.125,13.75,4.0636756829991434e-05,1,B O C,B,True,True,0.02754523605108261,-0.375,0.4073334038257599,False,0.5231232643127441
train-001096-afd3f792c3f400f4,10,3,train,12669742386448171252,pointer,M,O,O,True,V,False,False,0.0003741279651876539,9.6875,-13.8125,9.6875,0.004417497873834586,1,O E A,B,False,False,2.6157422065734863,-0.033935546875,0.49151697754859924,False,0.6763233542442322
train-001096-afd3f792c3f400f4,10,4,train,12669742386448171252,pointer,M,E,E,True,V,False,False,0.19546283781528473,2.0625,-6.5625,2.0625,0.7886018110219901,1,E O S,T,False,False,3.185605764389038,0.31640625,0.5784481763839722,False,0.8638125658035278
train-001096-afd3f792c3f400f4,10,5,train,12669742386448171252,pointer,M,E,S,False,V,False,False,2.915323257446289,-1.9375,-3.3125,1.25,2.511610605930343,3,E O S,O,False,False,3.565836191177368,0.6484375,0.6566582322120667,False,1.0690290927886963
train-001096-afd3f792c3f400f4,10,6,train,12669742386448171252,pointer,M,E,A,False,V,False,False,4.067861080169678,-2.1875,-2.0,0.75,3.0860638447113464,24,E O M,I,False,False,3.409661293029785,0.87109375,0.7049732804298401,False,1.2206891775131226
train-001096-afd3f792c3f400f4,10,7,train,12669742386448171252,pointer,M,E,P,False,V,False,False,3.4558322429656982,-1.1875,-1.625,0.4375,3.163865282229732,15,E M O,I,False,False,3.4544365406036377,0.9921875,0.729519784450531,False,1.3075562715530396
train-001096-afd3f792c3f400f4,10,8,train,12669742386448171252,pointer,M,E,C,False,V,False,False,3.598407745361328,-1.25,-1.5625,0.3125,3.172086931624715,21,E M O,B,False,False,3.199918270111084,1.0546875,0.74167400598526,False,1.3535330295562744
train-001096-afd3f792c3f400f4,10,9,train,12669742386448171252,pointer,M,E,T,False,V,False,False,3.453425168991089,-1.125,-1.5625,0.3125,3.1678093479392673,17,E M O,B,False,False,3.4753918647766113,1.09375,0.7490872144699097,False,1.3826498985290527
train-001096-afd3f792c3f400f4,10,10,train,12669742386448171252,pointer,M,E,V,False,V,False,False,3.947633981704712,-1.625,-1.625,0.3125,3.166266633778955,25,E M O,B,False,False,3.556915044784546,1.1171875,0.7534666657447815,True,0.28307050466537476
train-001096-afd3f792c3f400f4,10,11,train,12669742386448171252,pointer,M,E,,,V,False,True,,,-1.5625,0.25,3.1685050492491973,,E M O,X,,False,,1.1328125,0.7563575506210327,,
train-001096-afd3f792c3f400f4,10,12,train,12669742386448171252,pointer,M,E,,,V,False,True,,,-1.5625,0.3125,3.1684210521705576,,E M O,X,,False,,1.140625,0.7577943801879883,,
train-029762-5ead6e74952c175c,12,1,train,6822230457534125916,pointer,C,D,D,True,B,False,False,1.311301275563892e-06,14.09375,-17.796875,14.09375,2.138297410447586e-05,1,D C J,D,True,True,0.0007883778307586908,-0.59765625,0.35488009452819824,False,0.4383190870285034
train-029762-5ead6e74952c175c,12,2,train,6822230457534125916,pointer,C,S,S,True,B,False,False,0.00013076403411105275,9.0,-14.0625,9.0,0.0013443811129196764,1,S D R,S,True,True,0.040540505200624466,-0.244140625,0.4392662048339844,False,0.5785089731216431
train-029762-5ead6e74952c175c,12,3,train,6822230457534125916,pointer,C,H,H,True,B,False,False,0.01592770405113697,4.75,-10.0,4.75,0.10920048061635183,1,H X O,Z,False,False,3.4061079025268555,0.09033203125,0.522567629814148,False,0.7393328547477722
train-029762-5ead6e74952c175c,12,4,train,6822230457534125916,pointer,C,X,X,True,B,False,False,0.9170800447463989,0.25,-6.25,0.25,1.6305550671475173,1,X H O,T,False,False,3.394883155822754,0.47265625,0.6160122752189636,False,0.9571446776390076
train-029762-5ead6e74952c175c,12,5,train,6822230457534125916,pointer,C,X,N,False,B,False,False,2.405792474746704,-1.1875,-4.125,0.8125,2.401277551040714,5,X O H,I,False,False,3.2663583755493164,0.765625,0.6825737357139587,False,1.1475098133087158
train-029762-5ead6e74952c175c,12,6,train,6822230457534125916,pointer,C,M,R,False,B,False,False,3.5358691215515137,-1.5625,-2.0,0.3125,2.989195044213769,12,M X O,I,False,False,3.147594690322876,0.953125,0.7217432260513306,False,1.2792108058929443
train-029762-5ead6e74952c175c,12,7,train,6822230457534125916,pointer,C,M,G,False,B,False,False,3.915350914001465,-1.6875,-1.4375,0.4375,3.1228445705674353,21,M O W,I,False,False,3.613412618637085,1.046875,0.740174412727356,False,1.3477444648742676
train-029762-5ead6e74952c175c,12,8,train,6822230457534125916,pointer,C,M,P,False,B,False,False,3.511230945587158,-1.1875,-1.3125,0.375,3.144220908044573,16,M O W,X,False,False,3.5293424129486084,1.1015625,0.7505527138710022,False,1.3885078430175781
train-029762-5ead6e74952c175c,12,9,train,6822230457534125916,pointer,C,M,T,False,B,False,False,3.5412819385528564,-1.25,-1.375,0.375,3.1418974261428665,18,M W O,X,False,False,3.4651341438293457,1.1328125,0.7563575506210327,False,1.4120535850524902
train-029762-5ead6e74952c175c,12,10,train,6822230457534125916,pointer,C,M,J,False,B,False,False,3.653780221939087,-1.375,-1.375,0.4375,3.1402500282662036,20,M O W,X,False,False,3.635045051574707,1.1484375,0.7592254281044006,False,1.4238940477371216
train-029762-5ead6e74952c175c,12,11,train,6822230457534125916,pointer,C,M,L,False,B,False,False,3.896909236907959,-1.625,-1.375,0.4375,3.137280958290027,22,M O W,X,False,False,3.4142045974731445,1.1640625,0.7620701193809509,False,1.4357792139053345
train-029762-5ead6e74952c175c,12,12,train,6822230457534125916,pointer,C,M,B,False,B,False,False,3.6626508235931396,-1.375,-1.375,0.375,3.1389840478608364,19,M W O,X,False,False,3.173215627670288,1.171875,0.7634837031364441,True,0.26986342668533325
train-017631-0c0e1af9e4d5891d,1,1,train,868661438717462813,pointer,K,W,W,True,W,True,False,1.0371154530730564e-05,12.09375,12.09375,12.09375,0.00014857561862462607,1,W V X,W,True,True,0.003352381056174636,-0.490234375,0.37983831763267517,True,0.9680095314979553
train-017631-0c0e1af9e4d5891d,1,2,train,868661438717462813,pointer,K,L,,,W,False,True,,,-14.4375,8.5,0.0022610346284901266,,L T C,L,,True,,-0.294921875,0.42679935693740845,,
train-017631-0c0e1af9e4d5891d,1,3,train,868661438717462813,pointer,K,T,,,W,False,True,,,-8.9375,5.625,0.07381373265983186,,T C L,L,,False,,-0.058837890625,0.48529481887817383,,
train-017631-0c0e1af9e4d5891d,1,4,train,868661438717462813,pointer,K,T,,,W,False,True,,,-6.25,0.875,0.8423353005611657,,T C O,L,,False,,0.3125,0.5774953961372375,,
train-017631-0c0e1af9e4d5891d,1,5,train,868661438717462813,pointer,K,C,,,W,False,True,,,-3.25,0.6875,2.0781855021260047,,C T O,W,,False,,0.66015625,0.6592954993247986,,
train-017631-0c0e1af9e4d5891d,1,6,train,868661438717462813,pointer,K,C,,,W,False,True,,,-1.4375,0.75,3.0438019795766342,,C O K,R,,False,,0.890625,0.709019124507904,,
train-017631-0c0e1af9e4d5891d,1,7,train,868661438717462813,pointer,K,K,,,W,False,True,,,-0.75,0.4375,3.2047308424243774,,K C O,O,,False,,1.0078125,0.7325918078422546,,
train-017631-0c0e1af9e4d5891d,1,8,train,868661438717462813,pointer,K,K,,,W,False,True,,,-0.8125,0.5,3.212663139081731,,K O C,K,,True,,1.0703125,0.7446563243865967,,
train-017631-0c0e1af9e4d5891d,1,9,train,868661438717462813,pointer,K,K,,,W,False,True,,,-0.875,0.5625,3.2091436253054235,,K O C,K,,True,,1.109375,0.7520126104354858,,
train-017631-0c0e1af9e4d5891d,1,10,train,868661438717462813,pointer,K,K,,,W,False,True,,,-0.8125,0.5625,3.210274418387673,,K O C,K,,True,,1.1328125,0.7563575506210327,,
train-017631-0c0e1af9e4d5891d,1,11,train,868661438717462813,pointer,K,K,,,W,False,True,,,-0.875,0.625,3.207991839139901,,K O C,K,,True,,1.140625,0.7577943801879883,,
train-017631-0c0e1af9e4d5891d,1,12,train,868661438717462813,pointer,K,K,,,W,False,True,,,-0.875,0.625,3.2088427305649208,,K O C,X,,False,,1.15625,0.7606506943702698,,
train-034921-ba5b9a7ba9e212de,2,1,train,13428496569857086174,pointer,J,W,W,True,Z,False,False,9.417489309271332e-06,12.40625,-15.1875,12.40625,0.00013749431039116605,1,W V X,W,True,True,0.005467817187309265,-0.5546875,0.3647775650024414,False,0.45378005504608154
train-034921-ba5b9a7ba9e212de,2,2,train,13428496569857086174,pointer,J,Z,Z,True,Z,True,False,6.48477507638745e-05,9.75,9.75,9.75,0.0007282213995167628,1,Z W T,Z,True,True,0.0075799706391990185,-0.3203125,0.4205995798110962,True,0.8660739660263062
train-034921-ba5b9a7ba9e212de,2,3,train,13428496569857086174,pointer,J,C,,,Z,False,True,,,-4.75,4.75,0.07324818691576973,,C Z D,Z,,False,,0.0390625,0.5097643733024597,,
train-034921-ba5b9a7ba9e212de,2,4,train,13428496569857086174,pointer,J,C,,,Z,False,True,,,-2.625,2.625,0.5363418180665904,,C Z D,Z,,False,,0.43359375,0.6067315340042114,,
train-034921-ba5b9a7ba9e212de,2,5,train,13428496569857086174,pointer,J,C,,,Z,False,True,,,-0.625,0.625,1.807682520030838,,C Z E,I,,False,,0.73046875,0.6749081611633301,,
train-034921-ba5b9a7ba9e212de,2,6,train,13428496569857086174,pointer,J,Z,,,Z,True,True,,,0.3125,0.3125,2.0280500211092884,,Z E C,I,,False,,0.9296875,0.7170118689537048,,
train-034921-ba5b9a7ba9e212de,2,7,train,13428496569857086174,pointer,J,Z,,,Z,True,True,,,0.375,0.375,2.0396001320248978,,Z E C,C,,False,,1.0546875,0.74167400598526,,
train-034921-ba5b9a7ba9e212de,2,8,train,13428496569857086174,pointer,J,Z,,,Z,True,True,,,0.4375,0.4375,2.027870620260203,,Z E C,C,,False,,1.125,0.7549149990081787,,
train-034921-ba5b9a7ba9e212de,2,9,train,13428496569857086174,pointer,J,Z,,,Z,True,True,,,0.4375,0.4375,2.0298482015957426,,Z E C,C,,False,,1.1640625,0.7620701193809509,,
train-034921-ba5b9a7ba9e212de,2,10,train,13428496569857086174,pointer,J,Z,,,Z,True,True,,,0.4375,0.4375,2.020003996374592,,Z E C,C,,False,,1.1953125,0.7676898241043091,,
train-034921-ba5b9a7ba9e212de,2,11,train,13428496569857086174,pointer,J,Z,,,Z,True,True,,,0.4375,0.4375,2.021018606441505,,Z E C,C,,False,,1.2109375,0.7704647779464722,,
train-034921-ba5b9a7ba9e212de,2,12,train,13428496569857086174,pointer,J,Z,,,Z,True,True,,,0.4375,0.4375,2.0254227028147826,,Z E C,C,,False,,1.21875,0.7718434929847717,,
train-023258-7662a793ea592b7a,3,1,train,8530564897926884218,pointer,A,M,M,True,L,False,False,3.0517112463712692e-05,11.5,-14.0,11.5,0.0004159835138982698,1,M R C,M,True,True,0.008116831071674824,-0.486328125,0.3807589113712311,False,0.4792606830596924
train-023258-7662a793ea592b7a,3,2,train,8530564897926884218,pointer,A,G,G,True,L,False,False,0.0011754278093576431,6.75,-6.75,6.75,0.009146163865258506,1,G L F,G,True,True,0.03161400556564331,-0.310546875,0.42298123240470886,False,0.5498805046081543
train-023258-7662a793ea592b7a,3,3,train,8530564897926884218,pointer,A,L,L,True,L,True,False,0.020290428772568703,4.125,4.125,4.125,0.11749912473085918,1,L F T,Z,False,False,3.2618002891540527,-0.080078125,0.4799911677837372,True,0.73398756980896
train-023258-7662a793ea592b7a,3,4,train,8530564897926884218,pointer,A,F,,,L,False,True,,,-2.6875,2.6875,0.6377971129218891,,F L Z,D,,False,,0.328125,0.581303060054779,,
train-023258-7662a793ea592b7a,3,5,train,8530564897926884218,pointer,A,F,,,L,False,True,,,-2.8125,1.0,1.667989060543692,,F Z I,I,,False,,0.66015625,0.6592954993247986,,
train-023258-7662a793ea592b7a,3,6,train,8530564897926884218,pointer,A,Z,,,L,False,True,,,-2.875,0.5,2.440146711956222,,Z I F,I,,False,,0.88671875,0.7082125544548035,,
train-023258-7662a793ea592b7a,3,7,train,8530564897926884218,pointer,A,Z,,,L,False,True,,,-3.1875,0.3125,2.4493931100352024,,Z I U,I,,False,,1.015625,0.7341195344924927,,
train-023258-7662a793ea592b7a,3,8,train,8530564897926884218,pointer,A,Z,,,L,False,True,,,-3.1875,0.3125,2.4535950625949723,,Z I U,I,,False,,1.09375,0.7490872144699097,,
train-023258-7662a793ea592b7a,3,9,train,8530564897926884218,pointer,A,Z,,,L,False,True,,,-3.1875,0.3125,2.4534920345248135,,Z I U,I,,False,,1.1328125,0.7563575506210327,,
train-023258-7662a793ea592b7a,3,10,train,8530564897926884218,pointer,A,Z,,,L,False,True,,,-3.25,0.375,2.4362579485712206,,Z I U,C,,False,,1.1640625,0.7620701193809509,,
train-023258-7662a793ea592b7a,3,11,train,8530564897926884218,pointer,A,Z,,,L,False,True,,,-3.1875,0.375,2.4451642970590637,,Z I U,C,,False,,1.171875,0.7634837031364441,,
train-023258-7662a793ea592b7a,3,12,train,8530564897926884218,pointer,A,Z,,,L,False,True,,,-3.1875,0.375,2.4515715863903784,,Z I U,C,,False,,1.1875,0.7662936449050903,,
train-003846-77a1b1fc3e664ee7,4,1,train,8620366858700607207,pointer,S,W,W,True,D,False,False,3.814689989667386e-06,13.75,-16.0,13.75,6.052537154812232e-05,1,W V X,W,True,True,0.013694030232727528,-0.6015625,0.35398629307746887,False,0.43693459033966064
train-003846-77a1b1fc3e664ee7,4,2,train,8620366858700607207,pointer,S,C,C,True,D,False,False,0.0005075835506431758,7.625,-7.625,7.625,0.004482593171242075,1,C D F,C,True,True,0.03962533175945282,-0.322265625,0.4201236963272095,False,0.5449404716491699
train-003846-77a1b1fc3e664ee7,4,3,train,8620366858700607207,pointer,S,G,G,True,D,False,False,0.34983304142951965,1.0,-1.0,1.0,0.7505279014265003,1,G D Z,Z,False,False,2.9926609992980957,-0.01953125,0.4951173663139343,False,0.6834292411804199
train-003846-77a1b1fc3e664ee7,4,4,train,8620366858700607207,pointer,S,G,D,False,D,False,False,1.2607392072677612,-0.5625,-0.5625,0.5625,1.4206538152690134,2,G D Z,Q,False,False,3.0130910873413086,0.345703125,0.5855752229690552,True,0.5351606607437134
train-003846-77a1b1fc3e664ee7,4,5,train,8620366858700607207,pointer,S,G,,,D,False,True,,,-0.375,0.0625,2.1335364089157554,,G L Z,Q,,False,,0.671875,0.6619228720664978,,
train-003846-77a1b1fc3e664ee7,4,6,train,8620366858700607207,pointer,S,L,,,D,False,True,,,-1.0625,0.1875,2.9419630809566106,,L Z D,O,,False,,0.89453125,0.7098243832588196,,
train-003846-77a1b1fc3e664ee7,4,7,train,8620366858700607207,pointer,S,L,,,D,False,True,,,-0.9375,0.0625,3.157836119120069,,L Z K,M,,False,,1.015625,0.7341195344924927,,
train-003846-77a1b1fc3e664ee7,4,8,train,8620366858700607207,pointer,S,L,,,D,False,True,,,-0.8125,0.0,3.182719668124742,,L Z K,N,,False,,1.078125,0.7461389899253845,,
train-003846-77a1b1fc3e664ee7,4,9,train,8620366858700607207,pointer,S,L,,,D,False,True,,,-0.875,0.0,3.1829755542732254,,L Z N,N,,False,,1.1171875,0.7534666657447815,,
train-003846-77a1b1fc3e664ee7,4,10,train,8620366858700607207,pointer,S,Z,,,D,False,True,,,-0.875,0.0625,3.181291836670152,,Z L K,N,,False,,1.140625,0.7577943801879883,,
train-003846-77a1b1fc3e664ee7,4,11,train,8620366858700607207,pointer,S,L,,,D,False,True,,,-0.875,0.0,3.1802782905641434,,L Z K,N,,False,,1.15625,0.7606506943702698,,
train-003846-77a1b1fc3e664ee7,4,12,train,8620366858700607207,pointer,S,L,,,D,False,True,,,-0.875,0.0,3.181572708674632,,L Z N,N,,False,,1.1640625,0.7620701193809509,,
train-010822-e426975e2bc53ca7,5,1,train,16439993920479640743,pointer,N,H,H,True,R,False,False,3.2186455882765586e-06,14.5,-15.78125,14.5,5.21211517715799e-05,1,H D A,H,True,True,0.009139369241893291,-0.4453125,0.3904758393764496,False,0.49507665634155273
train-010822-e426975e2bc53ca7,5,2,train,16439993920479640743,pointer,N,E,E,True,R,False,False,2.264974000354414e-06,14.375,-16.0,14.375,3.76294950001823e-05,1,E A C,E,True,True,0.021027376875281334,-0.314453125,0.42202815413475037,False,0.5482301115989685
train-010822-e426975e2bc53ca7,5,3,train,16439993920479640743,pointer,N,P,P,True,R,False,False,0.05268385261297226,3.0,-7.4375,3.0,0.22769540139589758,1,P T E,E,False,False,3.465057373046875,0.03759765625,0.5093982815742493,False,0.7121226787567139
train-010822-e426975e2bc53ca7,5,4,train,16439993920479640743,pointer,N,P,T,False,R,False,False,1.1228834390640259,-0.4375,-2.5,0.4375,1.498548007363807,2,P T R,E,False,False,2.813018321990967,0.38671875,0.5954925417900085,False,0.9050851464271545
train-010822-e426975e2bc53ca7,5,5,train,16439993920479640743,pointer,N,P,R,False,R,False,False,2.6093459129333496,-1.1875,-1.1875,0.8125,2.809005307977991,4,P T A,R,True,False,2.9739816188812256,0.69921875,0.6680145263671875,True,0.4034453332424164
train-010822-e426975e2bc53ca7,5,6,train,16439993920479640743,pointer,N,J,,,R,False,True,,,-0.875,0.3125,3.112600806413265,,J K O,O,,False,,0.9140625,0.7138307690620422,,
train-010822-e426975e2bc53ca7,5,7,train,16439993920479640743,pointer,N,J,,,R,False,True,,,-1.0625,0.1875,3.1073228297398106,,J K N,K,,False,,1.0234375,0.735641598701477,,
train-010822-e426975e2bc53ca7,5,8,train,16439993920479640743,pointer,N,J,,,R,False,True,,,-1.0625,0.1875,3.1123622803833304,,J K N,K,,False,,1.078125,0.7461389899253845,,
train-010822-e426975e2bc53ca7,5,9,train,16439993920479640743,pointer,N,J,,,R,False,True,,,-1.0625,0.1875,3.1095028232011157,,J K N,K,,False,,1.109375,0.7520126104354858,,
train-010822-e426975e2bc53ca7,5,10,train,16439993920479640743,pointer,N,J,,,R,False,True,,,-1.125,0.1875,3.105735504550609,,J K N,K,,False,,1.1328125,0.7563575506210327,,
train-010822-e426975e2bc53ca7,5,11,train,16439993920479640743,pointer,N,J,,,R,False,True,,,-1.125,0.1875,3.108599449389926,,J K N,K,,False,,1.1484375,0.7592254281044006,,
train-010822-e426975e2bc53ca7,5,12,train,16439993920479640743,pointer,N,J,,,R,False,True,,,-1.125,0.1875,3.1045774955613483,,J K N,K,,False,,1.15625,0.7606506943702698,,
train-021839-a8126bab7a20118d,6,1,train,12110860732185186701,pointer,V,V,V,True,V,True,False,1.7881377516459906e-06,14.53125,14.53125,14.53125,2.868641469097652e-05,1,V W D,V,True,True,0.0005975367967039347,-0.5078125,0.3757064640522003,False,0.47113466262817383
train-021839-a8126bab7a20118d,6,2,train,12110860732185186701,pointer,V,V,V,True,V,True,False,2.992108420585282e-05,11.8125,11.8125,11.8125,0.0004145145553908021,1,V F Z,V,True,True,0.002438906580209732,-0.306640625,0.4239349663257599,False,0.5515346527099609
train-021839-a8126bab7a20118d,6,3,train,12110860732185186701,pointer,V,V,V,True,V,True,False,0.0015927974600344896,8.0,8.0,8.0,0.01633599902141042,1,V Z I,V,True,True,1.9493176937103271,0.06298828125,0.5157418847084045,False,0.7251372337341309
train-021839-a8126bab7a20118d,6,4,train,12110860732185186701,pointer,V,V,V,True,V,True,False,0.07929166406393051,3.25,3.25,3.25,0.43459851764766916,1,V H O,Z,False,False,2.8403327465057373,0.4296875,0.6057990193367004,False,0.9308944344520569
train-021839-a8126bab7a20118d,6,5,train,12110860732185186701,pointer,V,V,V,True,V,True,False,0.3536575734615326,1.8125,1.8125,1.8125,1.2593468070964573,1,V H A,W,False,False,3.3567752838134766,0.72265625,0.6731916666030884,False,1.1183815002441406
train-021839-a8126bab7a20118d,6,6,train,12110860732185186701,pointer,V,V,V,True,V,True,False,0.9488481283187866,0.875,0.875,0.875,2.052103532057386,1,V A H,Z,False,False,3.544293165206909,0.9296875,0.7170118689537048,True,0.3326628804206848
train-021839-a8126bab7a20118d,6,7,train,12110860732185186701,pointer,V,V,,,V,True,True,,,0.4375,0.4375,2.1951222651609887,,V A U,Z,,False,,1.0546875,0.74167400598526,,
train-021839-a8126bab7a20118d,6,8,train,12110860732185186701,pointer,V,V,,,V,True,True,,,0.4375,0.4375,2.2252537934986316,,V A U,Z,,False,,1.1171875,0.7534666657447815,,
train-021839-a8126bab7a20118d,6,9,train,12110860732185186701,pointer,V,V,,,V,True,True,,,0.4375,0.4375,2.2331562609761932,,V A U,Z,,False,,1.1640625,0.7620701193809509,,
train-021839-a8126bab7a20118d,6,10,train,12110860732185186701,pointer,V,V,,,V,True,True,,,0.4375,0.4375,2.220459427669642,,V A U,Z,,False,,1.1875,0.7662936449050903,,
train-021839-a8126bab7a20118d,6,11,train,12110860732185186701,pointer,V,V,,,V,True,True,,,0.4375,0.4375,2.216359552667615,,V A U,Z,,False,,1.203125,0.7690802216529846,,
train-021839-a8126bab7a20118d,6,12,train,12110860732185186701,pointer,V,V,,,V,True,True,,,0.4375,0.4375,2.224604724138423,,V A U,Z,,False,,1.2109375,0.7704647779464722,,
train-012543-834c2b5c27b34d3a,8,1,train,9460984592001617210,pointer,N,Y,Y,True,K,False,False,1.1920928244535389e-07,16.4375,-20.28125,16.4375,3.648724152360685e-06,1,Y J R,Y,True,True,0.008412638679146767,-0.498046875,0.37799978256225586,False,0.47481483221054077
train-012543-834c2b5c27b34d3a,8,2,train,9460984592001617210,pointer,N,Z,Z,True,K,False,False,8.594620157964528e-05,9.75,-14.75,9.75,0.0009888249321185886,1,Z T C,Z,True,True,0.020534543320536613,-0.326171875,0.41917234659194946,False,0.5433012247085571
train-012543-834c2b5c27b34d3a,8,3,train,9460984592001617210,pointer,N,T,T,True,K,False,False,0.060597021132707596,2.875,-9.5,2.875,0.25158078115424987,1,T C G,Z,False,False,3.4117071628570557,-0.05126953125,0.48718541860580444,False,0.6678408980369568
train-012543-834c2b5c27b34d3a,8,4,train,9460984592001617210,pointer,N,C,C,True,K,False,False,0.5140447616577148,0.75,-6.625,0.75,1.0097526922444702,1,C G T,E,False,False,3.364687204360962,0.328125,0.581303060054779,False,0.8706080317497253
train-012543-834c2b5c27b34d3a,8,5,train,9460984592001617210,pointer,N,C,G,False,K,False,False,1.1064581871032715,-0.4375,-4.875,0.4375,1.420963050466153,2,C G T,I,False,False,3.2043347358703613,0.67578125,0.6627964973449707,False,1.0870685577392578
train-012543-834c2b5c27b34d3a,8,6,train,9460984592001617210,pointer,N,C,R,False,K,False,False,3.1026504039764404,-1.4375,-2.0625,0.625,2.881175555949011,8,C G N,I,False,False,3.0598409175872803,0.90625,0.7122321724891663,False,1.2456012964248657
train-012543-834c2b5c27b34d3a,8,7,train,9460984592001617210,pointer,N,I,M,False,K,False,False,3.418877601623535,-1.125,-1.1875,0.125,3.133013750205517,13,I N O,I,False,True,3.276780605316162,1.0234375,0.735641598701477,False,1.3304497003555298
train-012543-834c2b5c27b34d3a,8,8,train,9460984592001617210,pointer,N,N,K,False,K,False,False,3.434013843536377,-1.0625,-1.0625,0.125,3.155547296059496,14,N I O,I,False,False,2.9820377826690674,1.0859375,0.7476159334182739,True,0.29086586833000183
train-012543-834c2b5c27b34d3a,8,9,train,9460984592001617210,pointer,N,N,,,K,False,True,,,-1.0625,0.1875,3.1611285706051433,,N I O,K,,False,,1.1171875,0.7534666657447815,,
train-012543-834c2b5c27b34d3a,8,10,train,9460984592001617210,pointer,N,N,,,K,False,True,,,-1.0625,0.1875,3.158365542485723,,N I Z,K,,False,,1.140625,0.7577943801879883,,
train-012543-834c2b5c27b34d3a,8,11,train,9460984592001617210,pointer,N,N,,,K,False,True,,,-1.0625,0.1875,3.1610433621275127,,N I Z,K,,False,,1.1484375,0.7592254281044006,,
train-012543-834c2b5c27b34d3a,8,12,train,9460984592001617210,pointer,N,N,,,K,False,True,,,-1.0625,0.25,3.158749774633255,,N I Z,K,,False,,1.15625,0.7606506943702698,,
train-028564-75bd4b6667af7a64,10,1,train,8484020176234183268,pointer,B,P,P,True,E,False,False,3.576278118089249e-07,15.9375,-19.40625,15.9375,7.88970405882319e-06,1,P Q R,P,True,True,0.004349058959633112,-0.55859375,0.3638729155063629,False,0.45235681533813477
train-028564-75bd4b6667af7a64,10,2,train,8484020176234183268,pointer,B,M,M,True,E,False,False,0.0007756323902867734,7.8125,-16.40625,7.8125,0.007042510690436744,1,M P Q,M,True,True,0.031028712168335915,-0.443359375,0.39094078540802,False,0.49583977460861206
train-028564-75bd4b6667af7a64,10,3,train,8484020176234183268,pointer,B,O,O,True,E,False,False,0.008324685506522655,5.1875,-10.4375,5.1875,0.05873083272768839,1,O Q M,M,False,False,3.0469486713409424,-0.12255859375,0.4693986475467682,False,0.6337442994117737
train-028564-75bd4b6667af7a64,10,4,train,8484020176234183268,pointer,B,Q,Q,True,E,False,False,0.9982904195785522,0.0625,-5.5,0.0625,1.2838375912805724,1,Q O D,R,False,False,3.4151864051818848,0.322265625,0.5798763036727905,False,0.8672060966491699
train-028564-75bd4b6667af7a64,10,5,train,8484020176234183268,pointer,B,Q,D,False,E,False,False,1.5310087203979492,-0.4375,-3.8125,0.4375,2.1824943124007454,2,Q D O,R,False,False,3.0467214584350586,0.6875,0.665410578250885,False,1.094851016998291
train-028564-75bd4b6667af7a64,10,6,train,8484020176234183268,pointer,B,B,H,False,E,False,False,4.273309707641602,-2.125,-2.0,0.25,3.0759180979722838,23,B Q O,I,False,False,3.537264585494995,0.90625,0.7122321724891663,False,1.2456012964248657
train-028564-75bd4b6667af7a64,10,7,train,8484020176234183268,pointer,B,B,K,False,E,False,False,3.430565595626831,-1.125,-1.6875,0.375,3.1552374711546616,16,B Q O,I,False,False,3.025749444961548,1.015625,0.7341195344924927,False,1.3247084617614746
train-028564-75bd4b6667af7a64,10,8,train,8484020176234183268,pointer,B,B,V,False,E,False,False,4.181378364562988,-1.8125,-1.5625,0.3125,3.1606590071780203,26,B Q O,K,False,False,3.502880334854126,1.078125,0.7461389899253845,False,1.3709683418273926
train-028564-75bd4b6667af7a64,10,9,train,8484020176234183268,pointer,B,B,L,False,E,False,False,4.134280204772949,-1.75,-1.5625,0.3125,3.164402647656623,25,B Q O,K,False,False,3.3244965076446533,1.1171875,0.7534666657447815,False,1.4002580642700195
train-028564-75bd4b6667af7a64,10,10,train,8484020176234183268,pointer,B,B,E,False,E,False,False,3.951902151107788,-1.5625,-1.5625,0.25,3.159224004998805,22,B Q O,K,False,False,3.2691609859466553,1.140625,0.7577943801879883,True,0.277343213558197
train-028564-75bd4b6667af7a64,10,11,train,8484020176234183268,pointer,B,B,,,E,False,True,,,-1.625,0.3125,3.159650060392849,,B Q O,K,,False,,1.1484375,0.7592254281044006,,
train-028564-75bd4b6667af7a64,10,12,train,8484020176234183268,pointer,B,B,,,E,False,True,,,-1.625,0.3125,3.1597058186813802,,B Q O,K,,False,,1.1640625,0.7620701193809509,,
train-023165-f27f1ac5fcee0813,12,1,train,17473714516875151379,pointer,D,K,K,True,G,False,False,2.264974000354414e-06,13.3125,-18.0,13.3125,3.344939694296781e-05,1,K J A,K,True,True,0.001660517300479114,-0.5390625,0.36840569972991943,False,0.4595080614089966
train-023165-f27f1ac5fcee0813,12,2,train,17473714516875151379,pointer,D,F,F,True,G,False,False,0.00011944057769142091,9.25,-12.375,9.25,0.0013150451699063053,1,F A B,F,True,True,1.5675053596496582,-0.298828125,0.4258439540863037,False,0.5548540949821472
train-023165-f27f1ac5fcee0813,12,3,train,17473714516875151379,pointer,D,V,V,True,G,False,False,0.02616620995104313,4.125,-9.5,4.125,0.1649222957448259,1,V N I,E,False,False,3.7263576984405518,0.044677734375,0.511167585849762,False,0.7157355546951294
train-023165-f27f1ac5fcee0813,12,4,train,17473714516875151379,pointer,D,V,P,False,G,False,False,4.167115688323975,-3.8125,-5.3125,2.1875,1.405082623295082,7,V Y N,K,False,False,3.5366132259368896,0.431640625,0.6062653660774231,False,0.9320781230926514
train-023165-f27f1ac5fcee0813,12,5,train,17473714516875151379,pointer,D,I,Q,False,G,False,False,4.2964067459106445,-3.125,-4.1875,0.75,2.4984639002632365,14,I V X,I,False,True,3.341540575027466,0.73828125,0.6766199469566345,False,1.1289268732070923
train-023165-f27f1ac5fcee0813,12,6,train,17473714516875151379,pointer,D,I,U,False,G,False,False,3.5649147033691406,-1.25,-1.625,0.25,3.159034053623186,20,I X R,I,False,True,3.2527570724487305,0.9375,0.7185943722724915,False,1.267958164215088
train-023165-f27f1ac5fcee0813,12,7,train,17473714516875151379,pointer,D,R,J,False,G,False,False,3.5160751342773438,-0.75,-0.875,0.125,3.213620417963637,19,R N X,K,False,False,3.591709852218628,1.046875,0.740174412727356,False,1.3477444648742676
train-023165-f27f1ac5fcee0813,12,8,train,17473714516875151379,pointer,D,R,I,False,G,False,False,3.2710678577423096,-0.5,-0.8125,0.125,3.2173162480448494,13,R D N,K,False,False,3.091707706451416,1.1015625,0.7505527138710022,False,1.3885078430175781
train-023165-f27f1ac5fcee0813,12,9,train,17473714516875151379,pointer,D,R,X,False,G,False,False,2.8977303504943848,-0.125,-0.8125,0.125,3.215680288184866,5,R D N,K,False,False,3.041487216949463,1.1328125,0.7563575506210327,False,1.4120535850524902
train-023165-f27f1ac5fcee0813,12,10,train,17473714516875151379,pointer,D,R,Y,False,G,False,False,3.0762972831726074,-0.3125,-0.8125,0.125,3.2151643801359264,7,R D N,K,False,False,3.2622625827789307,1.15625,0.7606506943702698,False,1.4298310279846191
train-023165-f27f1ac5fcee0813,12,11,train,17473714516875151379,pointer,D,R,C,False,G,False,False,3.352412462234497,-0.5625,-0.8125,0.0625,3.215526804838193,15,R D N,K,False,False,3.2185065746307373,1.1640625,0.7620701193809509,False,1.4357792139053345
train-023165-f27f1ac5fcee0813,12,12,train,17473714516875151379,pointer,D,R,G,False,G,False,False,3.6296613216400146,-0.875,-0.875,0.125,3.212432303857204,22,R D N,K,False,False,3.6975252628326416,1.1796875,0.7648916244506836,True,0.2680211365222931
train-029871-67b857cb3a4ad356,1,1,train,7473820111989298006,pointer,Y,E,E,True,E,True,False,1.7881377516459906e-06,14.15625,14.15625,14.15625,3.0167482831731757e-05,1,E A C,E,True,True,0.006097879726439714,-0.357421875,0.411583811044693,True,0.8877426385879517
train-029871-67b857cb3a4ad356,1,2,train,7473820111989298006,pointer,Y,R,,,E,False,True,,,-17.375,10.875,0.000286388886702197,,R M T,R,,True,,-0.220703125,0.44504714012145996,,
train-029871-67b857cb3a4ad356,1,3,train,7473820111989298006,pointer,Y,M,,,E,False,True,,,-8.1875,2.0,0.5283604222174014,,M T R,R,,False,,0.09033203125,0.522567629814148,,
train-029871-67b857cb3a4ad356,1,4,train,7473820111989298006,pointer,Y,T,,,E,False,True,,,-3.9375,0.3125,1.0530997245814988,,T M R,R,,False,,0.447265625,0.6099889278411865,,
train-029871-67b857cb3a4ad356,1,5,train,7473820111989298006,pointer,Y,T,,,E,False,True,,,-2.125,0.5,1.8213295353368137,,T M R,R,,False,,0.74609375,0.6783269643783569,,
train-029871-67b857cb3a4ad356,1,6,train,7473820111989298006,pointer,Y,T,,,E,False,True,,,-0.625,0.375,2.3000959613146046,,T K M,R,,False,,0.93359375,0.7178038358688354,,
train-029871-67b857cb3a4ad356,1,7,train,7473820111989298006,pointer,Y,T,,,E,False,True,,,-0.375,0.1875,2.3456134195682172,,T K R,B,,False,,1.0390625,0.7386690378189087,,
train-029871-67b857cb3a4ad356,1,8,train,7473820111989298006,pointer,Y,T,,,E,False,True,,,-0.375,0.1875,2.3416393018357873,,T K R,B,,False,,1.09375,0.7490872144699097,,
train-029871-67b857cb3a4ad356,1,9,train,7473820111989298006,pointer,Y,T,,,E,False,True,,,-0.375,0.25,2.3372469489819863,,T K R,B,,False,,1.1328125,0.7563575506210327,,
train-029871-67b857cb3a4ad356,1,10,train,7473820111989298006,pointer,Y,T,,,E,False,True,,,-0.4375,0.25,2.3332579209948796,,T K R,B,,False,,1.15625,0.7606506943702698,,
train-029871-67b857cb3a4ad356,1,11,train,7473820111989298006,pointer,Y,T,,,E,False,True,,,-0.375,0.25,2.3286850208318177,,T K M,B,,False,,1.1640625,0.7620701193809509,,
train-029871-67b857cb3a4ad356,1,12,train,7473820111989298006,pointer,Y,T,,,E,False,True,,,-0.4375,0.3125,2.3285353115291385,,T K R,B,,False,,1.171875,0.7634837031364441,,
train-003367-3209c55cf82ad8de,2,1,train,3605629979778013406,pointer,G,T,T,True,O,False,False,1.07287787614041e-05,12.6875,-16.5,12.6875,0.0001571603904174683,1,T R W,T,True,True,0.0037360647693276405,-0.5,0.3775406777858734,False,0.4740769863128662
train-003367-3209c55cf82ad8de,2,2,train,3605629979778013406,pointer,G,O,O,True,O,True,False,0.00018356545479036868,9.375,9.375,9.375,0.001986650334608427,1,O Q P,O,True,True,0.01914650946855545,-0.357421875,0.411583811044693,True,0.8877426385879517
train-003367-3209c55cf82ad8de,2,3,train,3605629979778013406,pointer,G,Q,,,O,False,True,,,-7.375,7.375,0.014459128342737153,,Q O N,O,,False,,-0.10498046875,0.47377896308898926,,
train-003367-3209c55cf82ad8de,2,4,train,3605629979778013406,pointer,G,N,,,O,False,True,,,-5.25,1.5625,0.7618651646407564,,N Q L,R,,False,,0.28125,0.5698526501655579,,
train-003367-3209c55cf82ad8de,2,5,train,3605629979778013406,pointer,G,N,,,O,False,True,,,-4.0,1.5625,1.3572964343041605,,N Q L,R,,False,,0.6171875,0.6495786309242249,,
train-003367-3209c55cf82ad8de,2,6,train,3605629979778013406,pointer,G,N,,,O,False,True,,,-2.3125,1.5,2.496057724166161,,N Q B,O,,False,,0.87109375,0.7049732804298401,,
train-003367-3209c55cf82ad8de,2,7,train,3605629979778013406,pointer,G,N,,,O,False,True,,,-0.75,0.625,3.14122715911064,,N Q K,O,,False,,1.0078125,0.7325918078422546,,
train-003367-3209c55cf82ad8de,2,8,train,3605629979778013406,pointer,G,N,,,O,False,True,,,-0.5625,0.375,3.191394764769942,,N K Q,X,,False,,1.078125,0.7461389899253845,,
train-003367-3209c55cf82ad8de,2,9,train,3605629979778013406,pointer,G,N,,,O,False,True,,,-0.5,0.3125,3.192835642103678,,N K Q,X,,False,,1.1171875,0.7534666657447815,,
train-003367-3209c55cf82ad8de,2,10,train,3605629979778013406,pointer,G,N,,,O,False,True,,,-0.5625,0.375,3.1939040697357726,,N K Q,X,,False,,1.140625,0.7577943801879883,,
train-003367-3209c55cf82ad8de,2,11,train,3605629979778013406,pointer,G,N,,,O,False,True,,,-0.5625,0.3125,3.191975560359245,,N Q K,X,,False,,1.15625,0.7606506943702698,,
train-003367-3209c55cf82ad8de,2,12,train,3605629979778013406,pointer,G,N,,,O,False,True,,,-0.5625,0.375,3.192282330748218,,N K Q,X,,False,,1.1640625,0.7620701193809509,,
train-016841-cdf31b3615b95ae3,3,1,train,14840235116222569187,pointer,P,Y,Y,True,Z,False,False,2.50339189733495e-06,13.0,-18.515625,13.0,3.778110627843645e-05,1,Y J Q,Y,True,True,0.004006336908787489,-0.46875,0.3849121630191803,False,0.48599016666412354
train-016841-cdf31b3615b95ae3,3,2,train,14840235116222569187,pointer,P,N,N,True,Z,False,False,0.00012516192509792745,9.6875,-13.96875,9.6875,0.0014611959027297312,1,N M B,N,True,True,0.018782030791044235,-0.328125,0.41869693994522095,False,0.5424830317497253
train-016841-cdf31b3615b95ae3,3,3,train,14840235116222569187,pointer,P,R,Z,False,Z,False,False,0.9029766321182251,-0.375,-0.375,0.375,0.7103814325182292,2,R Z N,N,False,False,2.9872589111328125,-0.08837890625,0.47791963815689087,True,0.7383126616477966
train-016841-cdf31b3615b95ae3,3,4,train,14840235116222569187,pointer,P,Z,,,Z,True,True,,,0.125,0.125,0.9575846296665071,,Z R I,W,,False,,0.3359375,0.5832033753395081,,
train-016841-cdf31b3615b95ae3,3,5,train,14840235116222569187,pointer,P,R,,,Z,False,True,,,-0.4375,0.4375,2.4888114876432406,,R Z I,R,,True,,0.6640625,0.6601723432540894,,
train-016841-cdf31b3615b95ae3,3,6,train,14840235116222569187,pointer,P,R,,,Z,False,True,,,-0.25,0.0625,3.1927458981936963,,R X C,R,,True,,0.90234375,0.7114308476448059,,
train-016841-cdf31b3615b95ae3,3,7,train,14840235116222569187,pointer,P,Q,,,Z,False,True,,,-0.375,0.0,3.2275890359065205,,Q X O,I,,False,,1.03125,0.7371581792831421,,
train-016841-cdf31b3615b95ae3,3,8,train,14840235116222569187,pointer,P,X,,,Z,False,True,,,-0.4375,0.0625,3.2327040491907093,,X Q O,X,,True,,1.09375,0.7490872144699097,,
train-016841-cdf31b3615b95ae3,3,9,train,14840235116222569187,pointer,P,X,,,Z,False,True,,,-0.375,0.0625,3.2326201372629417,,X Q O,X,,True,,1.1328125,0.7563575506210327,,
train-016841-cdf31b3615b95ae3,3,10,train,14840235116222569187,pointer,P,Q,,,Z,False,True,,,-0.375,0.0,3.232111102158763,,Q X O,X,,False,,1.1484375,0.7592254281044006,,
train-016841-cdf31b3615b95ae3,3,11,train,14840235116222569187,pointer,P,X,,,Z,False,True,,,-0.4375,0.0625,3.2320116140371455,,X Q O,X,,True,,1.1640625,0.7620701193809509,,
train-016841-cdf31b3615b95ae3,3,12,train,14840235116222569187,pointer,P,X,,,Z,False,True,,,-0.375,0.0625,3.232093727410123,,X Q O,X,,True,,1.171875,0.7634837031364441,,
train-028929-aed53e9833f9c666,4,1,train,12598044356066788966,pointer,B,N,N,True,T,False,False,6.6756979322235566e-06,13.25,-16.75,13.25,0.00010027987690182098,1,N Q B,N,True,True,0.0008755664457567036,-0.51953125,0.3729618489742279,False,0.4667479395866394
train-028929-aed53e9833f9c666,4,2,train,12598044356066788966,pointer,B,H,H,True,T,False,False,3.9457496313843876e-05,10.5625,-15.9375,10.5625,0.0005013987227792528,1,H U I,H,True,True,0.0753810852766037,-0.31640625,0.42155182361602783,False,0.5474063158035278
train-028929-aed53e9833f9c666,4,3,train,12598044356066788966,pointer,B,U,U,True,T,False,False,0.004270600620657206,6.875,-7.0,6.875,0.038573233209185064,1,U A T,Z,False,False,3.203587293624878,-0.005645751953125,0.49858856201171875,False,0.6903282999992371
train-028929-aed53e9833f9c666,4,4,train,12598044356066788966,pointer,B,U,T,False,T,False,False,1.3324251174926758,-0.6875,-0.6875,0.6875,1.4369970436383566,2,U T A,I,False,False,2.983711004257202,0.37890625,0.5936092734336853,True,0.5215339660644531
train-028929-aed53e9833f9c666,4,5,train,12598044356066788966,pointer,B,T,,,T,True,True,,,1.3125,1.3125,2.027493658427431,,T A U,I,,False,,0.6953125,0.6671476364135742,,
train-028929-aed53e9833f9c666,4,6,train,12598044356066788966,pointer,B,R,,,T,False,True,,,-0.0625,0.0,3.1534717133935137,,R Z T,I,,False,,0.90234375,0.7114308476448059,,
train-028929-aed53e9833f9c666,4,7,train,12598044356066788966,pointer,B,Z,,,T,False,True,,,-0.625,0.3125,3.2054789156550774,,Z W B,O,,False,,1.015625,0.7341195344924927,,
train-028929-aed53e9833f9c666,4,8,train,12598044356066788966,pointer,B,Z,,,T,False,True,,,-0.5,0.3125,3.2113160232293034,,Z B R,O,,False,,1.078125,0.7461389899253845,,
train-028929-aed53e9833f9c666,4,9,train,12598044356066788966,pointer,B,Z,,,T,False,True,,,-0.4375,0.3125,3.2125588594944485,,Z B R,X,,False,,1.109375,0.7520126104354858,,
train-028929-aed53e9833f9c666,4,10,train,12598044356066788966,pointer,B,Z,,,T,False,True,,,-0.4375,0.375,3.2088403495685505,,Z A B,X,,False,,1.1328125,0.7563575506210327,,
train-028929-aed53e9833f9c666,4,11,train,12598044356066788966,pointer,B,Z,,,T,False,True,,,-0.375,0.3125,3.210173897920911,,Z B R,X,,False,,1.1484375,0.7592254281044006,,
train-028929-aed53e9833f9c666,4,12,train,12598044356066788966,pointer,B,Z,,,T,False,True,,,-0.4375,0.3125,3.209933487541739,,Z B R,X,,False,,1.15625,0.7606506943702698,,
train-001498-b9ff9c1a1c2b8105,5,1,train,13402602652033581317,pointer,X,L,L,True,B,False,False,1.0013530300057027e-05,11.78125,-15.75,11.78125,0.000135927862446722,1,L I C,L,True,True,0.0018835199298337102,-0.4765625,0.3830641508102417,False,0.4829902648925781
train-001498-b9ff9c1a1c2b8105,5,2,train,13402602652033581317,pointer,X,V,V,True,B,False,False,0.00011455356434453279,9.3125,-16.0,9.3125,0.0012791479211948808,1,V I Z,V,True,True,0.013490465469658375,-0.3515625,0.4130035638809204,False,0.5327365398406982
train-001498-b9ff9c1a1c2b8105,5,3,train,13402602652033581317,pointer,X,M,M,True,B,False,False,0.0542115680873394,3.375,-10.3125,3.375,0.25720166738689976,1,M L W,V,False,False,3.9622716903686523,-0.04150390625,0.4896255135536194,False,0.6726105213165283
train-001498-b9ff9c1a1c2b8105,5,4,train,13402602652033581317,pointer,X,B,W,False,B,True,False,1.441244125366211,-0.4375,0.125,0.125,1.4487678892372418,3,B R W,E,False,False,3.110184907913208,0.337890625,0.5836780667304993,False,0.8762964010238647
train-001498-b9ff9c1a1c2b8105,5,5,train,13402602652033581317,pointer,X,R,B,False,B,False,False,1.7708009481430054,-1.1875,-1.1875,1.1875,1.574765044660032,2,R B W,R,False,True,3.4927377700805664,0.66796875,0.6610482335090637,True,0.4139285385608673
train-001498-b9ff9c1a1c2b8105,5,6,train,13402602652033581317,pointer,X,R,,,B,False,True,,,-0.9375,0.9375,2.641833366698665,,R B W,I,,False,,0.90234375,0.7114308476448059,,
train-001498-b9ff9c1a1c2b8105,5,7,train,13402602652033581317,pointer,X,C,,,B,False,True,,,-0.3125,0.0625,3.0913559899428327,,C R Z,C,,True,,1.03125,0.7371581792831421,,
train-001498-b9ff9c1a1c2b8105,5,8,train,13402602652033581317,pointer,X,Z,,,B,False,True,,,-0.375,0.0625,3.1326964537088133,,Z C X,X,,False,,1.0859375,0.7476159334182739,,
train-001498-b9ff9c1a1c2b8105,5,9,train,13402602652033581317,pointer,X,Z,,,B,False,True,,,-0.375,0.0625,3.1360948928806014,,Z C X,X,,False,,1.125,0.7549149990081787,,
train-001498-b9ff9c1a1c2b8105,5,10,train,13402602652033581317,pointer,X,Z,,,B,False,True,,,-0.375,0.0625,3.134705495098325,,Z C X,X,,False,,1.140625,0.7577943801879883,,
train-001498-b9ff9c1a1c2b8105,5,11,train,13402602652033581317,pointer,X,Z,,,B,False,True,,,-0.375,0.0625,3.1298481889839382,,Z C X,X,,False,,1.15625,0.7606506943702698,,
train-001498-b9ff9c1a1c2b8105,5,12,train,13402602652033581317,pointer,X,Z,,,B,False,True,,,-0.375,0.0625,3.1288425278332364,,Z C X,X,,False,,1.1640625,0.7620701193809509,,
train-009185-0259c718e550a631,6,1,train,169385370743514673,pointer,I,S,S,True,F,False,False,3.814624506048858e-05,10.25,-15.34375,10.25,0.0004422823936564211,1,S R T,S,True,True,0.0026106107980012894,-0.451171875,0.3890821933746338,False,0.49279284477233887
train-009185-0259c718e550a631,6,2,train,169385370743514673,pointer,I,G,G,True,F,False,False,2.861018856492592e-06,14.0,-15.0625,14.0,4.82450896291618e-05,1,G R H,G,True,True,0.020256785675883293,-0.271484375,0.43254271149635315,False,0.5665898323059082
train-009185-0259c718e550a631,6,3,train,169385370743514673,pointer,I,U,U,True,F,False,False,0.0025752971414476633,7.125,-10.1875,7.125,0.024414649617637937,1,U H R,U,True,True,2.4156603813171387,-0.031982421875,0.4920050799846649,False,0.6772838234901428
train-009185-0259c718e550a631,6,4,train,169385370743514673,pointer,I,H,H,True,F,False,False,0.2849626839160919,1.375,-6.375,1.375,0.8173633830622222,1,H Z U,D,False,False,3.5281741619110107,0.318359375,0.5789243578910828,False,0.8649427890777588
train-009185-0259c718e550a631,6,5,train,169385370743514673,pointer,I,H,Z,False,F,False,False,2.0072572231292725,-1.25,-4.125,1.25,1.8639480603402634,2,H Z U,R,False,False,3.369908094406128,0.63671875,0.6540113687515259,False,1.0613492727279663
train-009185-0259c718e550a631,6,6,train,169385370743514673,pointer,I,R,F,False,F,False,False,3.798844337463379,-2.25,-2.25,0.625,2.607632147374406,11,R U M,I,False,False,3.3088035583496094,0.86328125,0.703345775604248,True,0.3519067168235779
train-009185-0259c718e550a631,6,7,train,169385370743514673,pointer,I,R,,,F,False,True,,,-2.0625,0.6875,2.7876183763625404,,R I U,I,,False,,0.99609375,0.730289876461029,,
train-009185-0259c718e550a631,6,8,train,169385370743514673,pointer,I,R,,,F,False,True,,,-2.0,0.625,2.820761630152098,,R I U,I,,False,,1.0703125,0.7446563243865967,,
train-009185-0259c718e550a631,6,9,train,169385370743514673,pointer,I,R,,,F,False,True,,,-2.0,0.625,2.822335990861151,,R I U,I,,False,,1.1171875,0.7534666657447815,,
train-009185-0259c718e550a631,6,10,train,169385370743514673,pointer,I,R,,,F,False,True,,,-2.0625,0.6875,2.810919741528787,,R I U,I,,False,,1.140625,0.7577943801879883,,
train-009185-0259c718e550a631,6,11,train,169385370743514673,pointer,I,R,,,F,False,True,,,-2.0625,0.6875,2.8093761287954107,,R I U,I,,False,,1.1640625,0.7620701193809509,,
train-009185-0259c718e550a631,6,12,train,169385370743514673,pointer,I,R,,,F,False,True,,,-2.0625,0.6875,2.8156268495905166,,R I U,I,,False,,1.171875,0.7634837031364441,,
train-012210-97996b7238ffee47,8,1,train,10923880509490589255,pointer,R,Q,Q,True,V,False,False,3.4570634852570947e-06,13.3125,-19.3203125,13.3125,5.279566651803725e-05,1,Q K A,Q,True,True,0.002533799270167947,-0.578125,0.3593641221523285,False,0.4452941417694092
train-012210-97996b7238ffee47,8,2,train,10923880509490589255,pointer,R,M,M,True,V,False,False,5.7338023907504976e-05,10.6875,-14.625,10.6875,0.0007184800077274366,1,M Q P,M,True,True,0.0350138396024704,-0.40234375,0.4007493853569031,False,0.5120753049850464
train-012210-97996b7238ffee47,8,3,train,10923880509490589255,pointer,R,F,U,False,V,False,False,1.4439184665679932,-1.125,-9.125,1.125,0.754461115521081,2,F U Y,M,False,False,2.6817760467529297,-0.07470703125,0.48133188486099243,False,0.6564911603927612
train-012210-97996b7238ffee47,8,4,train,10923880509490589255,pointer,R,F,Y,False,V,False,False,1.856392741203308,-1.375,-6.0,1.375,1.3320372463344166,2,F Y U,R,False,False,3.1607625484466553,0.365234375,0.5903069376945496,False,0.892346978187561
train-012210-97996b7238ffee47,8,5,train,10923880509490589255,pointer,R,F,B,False,V,False,False,2.9803872108459473,-1.875,-3.625,0.75,2.4038555506886663,5,F Y U,I,False,False,3.666551351547241,0.7109375,0.6706082820892334,False,1.110507607460022
train-012210-97996b7238ffee47,8,6,train,10923880509490589255,pointer,R,R,S,False,V,False,False,3.3527204990386963,-1.1875,-1.4375,0.3125,3.1170817552700467,11,R C N,O,False,False,3.3128302097320557,0.921875,0.7154240012168884,False,1.2567548751831055
train-012210-97996b7238ffee47,8,7,train,10923880509490589255,pointer,R,R,C,False,V,False,False,2.457329511642456,-0.3125,-1.3125,0.3125,3.134587523903005,2,R C N,O,False,False,3.0974366664886475,1.0234375,0.735641598701477,False,1.3304497003555298
train-012210-97996b7238ffee47,8,8,train,10923880509490589255,pointer,R,R,V,False,V,False,False,3.4205386638641357,-1.3125,-1.3125,0.3125,3.129832295822755,13,R C N,O,False,False,3.743654489517212,1.078125,0.7461389899253845,True,0.29284340143203735
train-012210-97996b7238ffee47,8,9,train,10923880509490589255,pointer,R,R,,,V,False,True,,,-1.3125,0.3125,3.127147688453289,,R C N,N,,False,,1.109375,0.7520126104354858,,
train-012210-97996b7238ffee47,8,10,train,10923880509490589255,pointer,R,R,,,V,False,True,,,-1.375,0.375,3.126435232749628,,R C N,X,,False,,1.1328125,0.7563575506210327,,
train-012210-97996b7238ffee47,8,11,train,10923880509490589255,pointer,R,R,,,V,False,True,,,-1.375,0.375,3.1259483941241397,,R C N,X,,False,,1.140625,0.7577943801879883,,
train-012210-97996b7238ffee47,8,12,train,10923880509490589255,pointer,R,R,,,V,False,True,,,-1.375,0.375,3.1267665568160847,,R C N,X,,False,,1.1484375,0.7592254281044006,,
train-034999-4841f772dd44612d,10,1,train,5206714716927582509,pointer,N,R,R,True,U,False,False,7.152531907195225e-06,13.25,-20.453125,13.25,0.00011021871014687834,1,R C M,R,True,True,0.0022947664838284254,-0.486328125,0.3807589113712311,False,0.4792606830596924
train-034999-4841f772dd44612d,10,2,train,5206714716927582509,pointer,N,H,H,True,U,False,False,1.5258672647178173e-05,12.125,-16.8125,12.125,0.00021439922048861344,1,H G L,H,True,True,0.017304159700870514,-0.263671875,0.4344612956047058,False,0.5699765682220459
train-034999-4841f772dd44612d,10,3,train,5206714716927582509,pointer,N,G,G,True,U,False,False,0.19682325422763824,1.625,-7.875,1.625,0.5471506563478553,1,G V H,H,False,False,2.8389651775360107,0.0157470703125,0.5039367079734802,False,0.7010517120361328
train-034999-4841f772dd44612d,10,4,train,5206714716927582509,pointer,N,V,V,True,U,False,False,0.7379117608070374,0.0625,-5.375,0.0625,1.1019122234517225,1,V G P,R,False,False,3.790154218673706,0.392578125,0.5969031453132629,False,0.9085785150527954
train-034999-4841f772dd44612d,10,5,train,5206714716927582509,pointer,N,G,P,False,U,False,False,2.177696704864502,-1.0625,-3.25,0.0,1.9790705659978072,3,G V P,I,False,False,3.46284556388855,0.70703125,0.6697448492050171,False,1.1078897714614868
train-034999-4841f772dd44612d,10,6,train,5206714716927582509,pointer,N,N,O,False,U,False,False,2.5700912475585938,-0.1875,-0.625,0.1875,3.1014531819743025,3,N I O,I,False,False,3.0291314125061035,0.91796875,0.7146279811859131,False,1.2539618015289307
train-034999-4841f772dd44612d,10,7,train,5206714716927582509,pointer,N,N,B,False,U,False,False,3.420135736465454,-1.0625,-0.625,0.375,3.1537329991395335,15,N X Y,I,False,False,3.1627395153045654,1.03125,0.7371581792831421,False,1.33620285987854
train-034999-4841f772dd44612d,10,8,train,5206714716927582509,pointer,N,N,W,False,U,False,False,3.0053863525390625,-0.625,-0.5625,0.375,3.161204657521955,7,N X Y,N,False,True,3.226048231124878,1.0859375,0.7476159334182739,False,1.3768033981323242
train-034999-4841f772dd44612d,10,9,train,5206714716927582509,pointer,N,N,L,False,U,False,False,2.999842882156372,-0.625,-0.5625,0.375,3.1594833020017243,6,N X Y,N,False,True,3.2568979263305664,1.1171875,0.7534666657447815,False,1.4002580642700195
train-034999-4841f772dd44612d,10,10,train,5206714716927582509,pointer,N,N,U,False,U,False,False,2.9184417724609375,-0.5,-0.5,0.3125,3.16257032625991,5,N X Y,N,False,True,3.179002523422241,1.140625,0.7577943801879883,True,0.277343213558197
train-034999-4841f772dd44612d,10,11,train,5206714716927582509,pointer,N,N,,,U,False,True,,,-0.5,0.375,3.1603832551984556,,N X Y,N,,True,,1.1484375,0.7592254281044006,,
train-034999-4841f772dd44612d,10,12,train,5206714716927582509,pointer,N,N,,,U,False,True,,,-0.5,0.375,3.158874764889487,,N X Y,N,,True,,1.15625,0.7606506943702698,,
train-011564-7762883a563e37c9,12,1,train,8602588022367467465,pointer,E,N,N,True,T,False,False,2.861018856492592e-06,14.375,-17.40625,14.375,4.690436040624997e-05,1,N D B,N,True,True,0.0038601660635322332,-0.515625,0.37387579679489136,False,0.468206524848938
train-011564-7762883a563e37c9,12,2,train,8602588022367467465,pointer,E,V,V,True,T,False,False,1.2993727978027891e-05,12.125,-16.3125,12.125,0.00018264156864295509,1,V N M,V,True,True,0.023271536454558372,-0.376953125,0.4068619906902313,False,0.5223281383514404
train-011564-7762883a563e37c9,12,3,train,8602588022367467465,pointer,E,M,M,True,T,False,False,0.012403258122503757,5.0625,-5.0625,5.0625,0.09243713876928371,1,M T R,V,False,False,4.055765151977539,-0.036865234375,0.4907847046852112,False,0.6748844385147095
train-011564-7762883a563e37c9,12,4,train,8602588022367467465,pointer,E,M,T,False,T,False,False,2.1733603477478027,-1.625,-1.625,1.1875,1.5161274345412505,3,M D T,T,True,False,2.8364858627319336,0.36328125,0.5898345112800598,False,0.8911945223808289
train-011564-7762883a563e37c9,12,5,train,8602588022367467465,pointer,E,D,D,True,T,False,False,1.2216713428497314,0.25,-1.4375,0.25,2.1609229200693556,1,D M C,I,False,False,2.903620958328247,0.6953125,0.6671476364135742,False,1.1000564098358154
train-011564-7762883a563e37c9,12,6,train,8602588022367467465,pointer,E,D,V,False,T,False,False,3.6532273292541504,-2.125,-0.875,0.0625,2.5141608665819777,8,D C I,C,False,False,3.490701913833618,0.9296875,0.7170118689537048,False,1.26235032081604
train-011564-7762883a563e37c9,12,7,train,8602588022367467465,pointer,E,C,M,False,T,False,False,3.0601367950439453,-1.4375,-0.5625,0.0,2.5841505222787386,5,C D I,C,False,True,3.4042108058929443,1.0625,0.7431680560112,False,1.3593331575393677
train-011564-7762883a563e37c9,12,8,train,8602588022367467465,pointer,E,D,T,False,T,False,False,2.1450657844543457,-0.5625,-0.5625,0.0625,2.5742969032905223,3,D C T,C,False,False,3.3968379497528076,1.1328125,0.7563575506210327,False,1.4120535850524902
train-011564-7762883a563e37c9,12,9,train,8602588022367467465,pointer,E,D,D,True,T,False,False,1.5879117250442505,0.0625,-0.5625,0.0625,2.5767173663738343,1,D C T,C,False,False,3.139814853668213,1.1796875,0.7648916244506836,False,1.4477086067199707
train-011564-7762883a563e37c9,12,10,train,8602588022367467465,pointer,E,D,V,False,T,False,False,3.9637560844421387,-2.375,-0.5625,0.0625,2.5785647104883402,13,D C T,C,False,False,3.517798662185669,1.1953125,0.7676898241043091,False,1.4596819877624512
train-011564-7762883a563e37c9,12,11,train,8602588022367467465,pointer,E,D,M,False,T,False,False,3.031400680541992,-1.4375,-0.5625,0.0625,2.575362979036179,5,D C I,C,False,False,3.359344244003296,1.2109375,0.7704647779464722,False,1.4716987609863281
train-011564-7762883a563e37c9,12,12,train,8602588022367467465,pointer,E,D,T,False,T,False,False,2.1421263217926025,-0.5625,-0.5625,0.0625,2.5690893915486614,3,D C T,C,False,False,3.4138505458831787,1.21875,0.7718434929847717,True,0.25897347927093506
train-009225-e6d88a97d91644e8,1,1,train,16634197608479737064,pointer,S,U,U,True,U,True,False,6.103329360485077e-05,10.5,10.5,10.5,0.000775770781976892,1,U A Y,U,True,True,0.002355540869757533,-0.53125,0.37022536993026733,True,0.9936432838439941
train-009225-e6d88a97d91644e8,1,2,train,16634197608479737064,pointer,S,J,,,U,False,True,,,-17.4375,16.25,6.373727305898903e-06,,J Y X,J,,True,,-0.353515625,0.41253018379211426,,
train-009225-e6d88a97d91644e8,1,3,train,16634197608479737064,pointer,S,Y,,,U,False,True,,,-8.0625,3.25,0.17687261177642868,,Y W Z,Y,,True,,-0.03564453125,0.4910898506641388,,
train-009225-e6d88a97d91644e8,1,4,train,16634197608479737064,pointer,S,Y,,,U,False,True,,,-2.1875,0.375,1.4277787017935868,,Y W U,Y,,True,,0.375,0.5926666259765625,,
train-009225-e6d88a97d91644e8,1,5,train,16634197608479737064,pointer,S,Y,,,U,False,True,,,-1.6875,0.5625,1.9972040288206576,,Y W U,I,,False,,0.70703125,0.6697448492050171,,
train-009225-e6d88a97d91644e8,1,6,train,16634197608479737064,pointer,S,W,,,U,False,True,,,-0.6875,0.6875,3.105251945679336,,W U Y,I,,False,,0.921875,0.7154240012168884,,
train-009225-e6d88a97d91644e8,1,7,train,16634197608479737064,pointer,S,W,,,U,False,True,,,-0.5625,0.3125,3.18541151921956,,W S O,I,,False,,1.03125,0.7371581792831421,,
train-009225-e6d88a97d91644e8,1,8,train,16634197608479737064,pointer,S,W,,,U,False,True,,,-0.5625,0.25,3.1870031765954336,,W S O,I,,False,,1.09375,0.7490872144699097,,
train-009225-e6d88a97d91644e8,1,9,train,16634197608479737064,pointer,S,W,,,U,False,True,,,-0.625,0.3125,3.1839573911688017,,W S O,X,,False,,1.1328125,0.7563575506210327,,
train-009225-e6d88a97d91644e8,1,10,train,16634197608479737064,pointer,S,W,,,U,False,True,,,-0.5625,0.25,3.1876742124975133,,W S O,X,,False,,1.15625,0.7606506943702698,,
train-009225-e6d88a97d91644e8,1,11,train,16634197608479737064,pointer,S,W,,,U,False,True,,,-0.625,0.3125,3.1850110239465046,,W S O,X,,False,,1.171875,0.7634837031364441,,
train-009225-e6d88a97d91644e8,1,12,train,16634197608479737064,pointer,S,W,,,U,False,True,,,-0.625,0.3125,3.183119143122376,,W S O,X,,False,,1.1796875,0.7648916244506836,,
train-001306-18fe11ce3b98c489,2,1,train,1800896478455579785,pointer,E,N,N,True,I,False,False,5.960446742392378e-06,13.625,-15.5,13.625,9.343883870859939e-05,1,N Q B,N,True,True,0.0010835020802915096,-0.4921875,0.37937837839126587,False,0.47703373432159424
train-001306-18fe11ce3b98c489,2,2,train,1800896478455579785,pointer,E,I,I,True,I,True,False,9.417489309271332e-06,12.8125,12.8125,12.8125,0.00014000592468874272,1,I F E,I,True,True,0.0166845191270113,-0.408203125,0.3993430435657501,True,0.9179344773292542
train-001306-18fe11ce3b98c489,2,3,train,1800896478455579785,pointer,E,F,,,I,False,True,,,-5.375,5.3125,0.08527714811480068,,F A I,I,,False,,-0.0341796875,0.49145591259002686,,
train-001306-18fe11ce3b98c489,2,4,train,1800896478455579785,pointer,E,A,,,I,False,True,,,-3.25,0.0,1.0799511618686908,,A F I,I,,False,,0.373046875,0.5921949744224548,,
train-001306-18fe11ce3b98c489,2,5,train,1800896478455579785,pointer,E,A,,,I,False,True,,,-2.875,1.0,1.7713433226845623,,A F L,I,,False,,0.7109375,0.6706082820892334,,
train-001306-18fe11ce3b98c489,2,6,train,1800896478455579785,pointer,E,A,,,I,False,True,,,-1.0625,0.5625,3.0573945684808956,,A F L,I,,False,,0.921875,0.7154240012168884,,
train-001306-18fe11ce3b98c489,2,7,train,1800896478455579785,pointer,E,O,,,I,False,True,,,-0.5,0.1875,3.2340971864930763,,O F L,I,,False,,1.03125,0.7371581792831421,,
train-001306-18fe11ce3b98c489,2,8,train,1800896478455579785,pointer,E,O,,,I,False,True,,,-0.5,0.125,3.239147570885281,,O Q F,N,,False,,1.0859375,0.7476159334182739,,
train-001306-18fe11ce3b98c489,2,9,train,1800896478455579785,pointer,E,O,,,I,False,True,,,-0.5,0.125,3.2371606170718867,,O Q F,N,,False,,1.1171875,0.7534666657447815,,
train-001306-18fe11ce3b98c489,2,10,train,1800896478455579785,pointer,E,O,,,I,False,True,,,-0.5625,0.1875,3.23715641072233,,O Q F,N,,False,,1.1328125,0.7563575506210327,,
train-001306-18fe11ce3b98c489,2,11,train,1800896478455579785,pointer,E,O,,,I,False,True,,,-0.5,0.125,3.238609219562452,,O Q F,N,,False,,1.1484375,0.7592254281044006,,
train-001306-18fe11ce3b98c489,2,12,train,1800896478455579785,pointer,E,O,,,I,False,True,,,-0.5,0.125,3.238732062158283,,O Q F,N,,False,,1.15625,0.7606506943702698,,
train-016049-a073b77648266286,3,1,train,11561786387034694278,pointer,G,A,A,True,E,False,False,2.0265558760002023e-06,14.59375,-15.953125,14.59375,3.5628322186138044e-05,1,A I P,A,True,True,0.0015288818394765258,-0.4453125,0.3904758393764496,False,0.49507665634155273
train-016049-a073b77648266286,3,2,train,11561786387034694278,pointer,G,E,M,False,E,True,False,1.0538675785064697,-0.625,0.625,0.625,0.6485326937828833,2,E M F,M,True,False,0.016639266163110733,-0.37890625,0.4063906967639923,False,0.5215339660644531
train-016049-a073b77648266286,3,3,train,11561786387034694278,pointer,G,E,E,True,E,True,False,0.01269332692027092,5.5,5.5,5.5,0.0992766418632542,1,E F K,M,False,False,3.3302907943725586,-0.10302734375,0.4742659330368042,True,0.745987057685852
train-016049-a073b77648266286,3,4,train,11561786387034694278,pointer,G,E,,,E,True,True,,,0.125,0.125,1.2398700386802282,,E K P,R,,False,,0.34765625,0.5860491394996643,,
train-016049-a073b77648266286,3,5,train,11561786387034694278,pointer,G,K,,,E,False,True,,,-0.3125,0.3125,2.602533095932103,,K E P,R,,False,,0.69921875,0.6680145263671875,,
train-016049-a073b77648266286,3,6,train,11561786387034694278,pointer,G,E,,,E,True,True,,,0.0,0.0,3.2216649715415153,,E K R,I,,False,,0.9140625,0.7138307690620422,,
train-016049-a073b77648266286,3,7,train,11561786387034694278,pointer,G,B,,,E,False,True,,,-0.125,0.0,3.2392688541640347,,B Y Z,K,,False,,1.0234375,0.735641598701477,,
train-016049-a073b77648266286,3,8,train,11561786387034694278,pointer,G,Z,,,E,False,True,,,-0.1875,0.0625,3.2412694390758956,,Z B Y,K,,False,,1.0859375,0.7476159334182739,,
train-016049-a073b77648266286,3,9,train,11561786387034694278,pointer,G,B,,,E,False,True,,,-0.125,0.0,3.2410808686548163,,B Z R,X,,False,,1.125,0.7549149990081787,,
train-016049-a073b77648266286,3,10,train,11561786387034694278,pointer,G,B,,,E,False,True,,,-0.125,0.0,3.2416614521840534,,B Z R,X,,False,,1.1484375,0.7592254281044006,,
train-016049-a073b77648266286,3,11,train,11561786387034694278,pointer,G,B,,,E,False,True,,,-0.125,0.0,3.2396101882166786,,B Z R,X,,False,,1.1640625,0.7620701193809509,,
train-016049-a073b77648266286,3,12,train,11561786387034694278,pointer,G,B,,,E,False,True,,,-0.125,0.0,3.2396101882166786,,B Z R,X,,False,,1.171875,0.7634837031364441,,
train-010893-54a61a1968f8e7bf,4,1,train,6099591441757562815,pointer,F,N,N,True,Q,False,False,7.748573807475623e-06,13.0625,-13.0625,13.0625,0.00011491594045613089,1,N Q M,N,True,True,0.0015848231269046664,-0.5390625,0.36840569972991943,False,0.4595080614089966
train-010893-54a61a1968f8e7bf,4,2,train,6099591441757562815,pointer,F,J,J,True,Q,False,False,3.2066785934148356e-05,10.375,-16.125,10.375,0.00037015729511808034,1,J P N,J,True,True,0.17823989689350128,-0.44921875,0.38954654335975647,False,0.4935532212257385
train-010893-54a61a1968f8e7bf,4,3,train,6099591441757562815,pointer,F,P,P,True,Q,False,False,0.010262341238558292,4.8125,-4.8125,4.8125,0.06842895939460493,1,P Q C,T,False,False,3.030475616455078,-0.1240234375,0.469033807516098,False,0.6330569386482239
train-010893-54a61a1968f8e7bf,4,4,train,6099591441757562815,pointer,F,P,Q,False,Q,False,False,1.1653268337249756,-0.3125,-0.3125,0.3125,1.3741590535242834,2,P Q K,R,False,False,2.967829942703247,0.328125,0.581303060054779,True,0.5424830317497253
train-010893-54a61a1968f8e7bf,4,5,train,6099591441757562815,pointer,F,Q,,,Q,True,True,,,0.25,0.25,2.039757390573648,,Q K P,I,,False,,0.6796875,0.6636689305305481,,
train-010893-54a61a1968f8e7bf,4,6,train,6099591441757562815,pointer,F,Q,,,Q,True,True,,,0.125,0.125,3.1764479979764157,,Q K O,I,,False,,0.90234375,0.7114308476448059,,
train-010893-54a61a1968f8e7bf,4,7,train,6099591441757562815,pointer,F,O,,,Q,False,True,,,-0.25,0.0625,3.2219608835210134,,O F N,I,,False,,1.015625,0.7341195344924927,,
train-010893-54a61a1968f8e7bf,4,8,train,6099591441757562815,pointer,F,F,,,Q,False,True,,,-0.25,0.0,3.2240707708660254,,F O N,I,,False,,1.078125,0.7461389899253845,,
train-010893-54a61a1968f8e7bf,4,9,train,6099591441757562815,pointer,F,F,,,Q,False,True,,,-0.25,0.0,3.22484743052481,,F O N,I,,False,,1.109375,0.7520126104354858,,
train-010893-54a61a1968f8e7bf,4,10,train,6099591441757562815,pointer,F,F,,,Q,False,True,,,-0.25,0.0,3.2245806616197954,,F O N,I,,False,,1.1328125,0.7563575506210327,,
train-010893-54a61a1968f8e7bf,4,11,train,6099591441757562815,pointer,F,F,,,Q,False,True,,,-0.3125,0.0625,3.2236678370013148,,F O N,I,,False,,1.140625,0.7577943801879883,,
train-010893-54a61a1968f8e7bf,4,12,train,6099591441757562815,pointer,F,F,,,Q,False,True,,,-0.25,0.0,3.2235608863524408,,F O N,I,,False,,1.1484375,0.7592254281044006,,
train-035347-804f37ed051ea6d8,5,1,train,9245670051147589336,pointer,B,Y,Y,True,J,False,False,1.0728830375228426e-06,14.0625,-14.0625,14.0625,1.8133674021888942e-05,1,Y J R,Y,True,True,0.002753754146397114,-0.494140625,0.3789186179637909,False,0.47629314661026
train-035347-804f37ed051ea6d8,5,2,train,9245670051147589336,pointer,B,K,K,True,J,False,False,1.6689286894688848e-06,14.5625,-16.1875,14.5625,2.838408852057614e-05,1,K Y A,K,True,True,0.016802804544568062,-0.30859375,0.4234579801559448,False,0.5507071614265442
train-035347-804f37ed051ea6d8,5,3,train,9245670051147589336,pointer,B,I,I,True,J,False,False,0.0004047528200317174,9.3125,-10.3125,9.3125,0.00471850462843429,1,I A J,K,False,False,3.68268084526062,0.04150390625,0.5103744864463806,False,0.7141144275665283
train-035347-804f37ed051ea6d8,5,4,train,9245670051147589336,pointer,B,I,V,False,J,False,False,0.895627498626709,-0.25,-3.6875,0.25,1.0609964325744674,2,I V U,I,False,True,3.207378625869751,0.39453125,0.5973730087280273,False,0.9097447991371155
train-035347-804f37ed051ea6d8,5,5,train,9245670051147589336,pointer,B,I,J,False,J,False,False,3.598755121231079,-2.4375,-2.4375,0.75,2.5987166623474343,10,I V W,I,False,True,3.380919933319092,0.69921875,0.6680145263671875,True,0.4034453332424164
train-035347-804f37ed051ea6d8,5,6,train,9245670051147589336,pointer,B,K,,,J,False,True,,,-1.1875,0.0625,3.1708255112617194,,K I Z,I,,False,,0.90625,0.7122321724891663,,
train-035347-804f37ed051ea6d8,5,7,train,9245670051147589336,pointer,B,K,,,J,False,True,,,-1.0625,0.0625,3.1973980756192506,,K B Y,N,,False,,1.015625,0.7341195344924927,,
train-035347-804f37ed051ea6d8,5,8,train,9245670051147589336,pointer,B,K,,,J,False,True,,,-1.0625,0.0625,3.1989717523832732,,K B Y,N,,False,,1.078125,0.7461389899253845,,
train-035347-804f37ed051ea6d8,5,9,train,9245670051147589336,pointer,B,K,,,J,False,True,,,-1.125,0.125,3.197209813270136,,K B Z,N,,False,,1.1171875,0.7534666657447815,,
train-035347-804f37ed051ea6d8,5,10,train,9245670051147589336,pointer,B,K,,,J,False,True,,,-1.125,0.125,3.1964350429842705,,K B Y,N,,False,,1.140625,0.7577943801879883,,
train-035347-804f37ed051ea6d8,5,11,train,9245670051147589336,pointer,B,K,,,J,False,True,,,-1.0625,0.0625,3.197542505390693,,K B Y,N,,False,,1.15625,0.7606506943702698,,
train-035347-804f37ed051ea6d8,5,12,train,9245670051147589336,pointer,B,K,,,J,False,True,,,-1.0625,0.0625,3.1972014972794907,,K B Y,N,,False,,1.1640625,0.7620701193809509,,
train-012677-fa476f934299767c,6,1,train,18034505911096669820,pointer,N,N,N,True,N,True,False,1.8596476365928538e-05,11.8125,11.8125,11.8125,0.0002586844948484732,1,N Q R,N,True,True,0.0017754758009687066,-0.53515625,0.36931508779525757,False,0.4609488844871521
train-012677-fa476f934299767c,6,2,train,18034505911096669820,pointer,N,N,N,True,N,True,False,1.4305104514278355e-06,14.0,14.0,14.0,2.210033821302958e-05,1,N I M,N,True,True,0.036609798669815063,-0.37890625,0.4063906967639923,False,0.5215339660644531
train-012677-fa476f934299767c,6,3,train,18034505911096669820,pointer,N,N,N,True,N,True,False,4.482168878894299e-05,11.9375,11.9375,11.9375,0.0006136137034209449,1,N F I,N,True,True,2.224597215652466,-0.08837890625,0.47791963815689087,False,0.6499337553977966
train-012677-fa476f934299767c,6,4,train,18034505911096669820,pointer,N,N,N,True,N,True,False,3.2186455882765586e-06,13.9375,13.9375,13.9375,5.081842954918817e-05,1,N I M,N,True,True,2.751561164855957,0.29296875,0.5727227926254272,False,0.8503222465515137
train-012677-fa476f934299767c,6,5,train,18034505911096669820,pointer,N,N,N,True,N,True,False,4.887569048150908e-06,13.0,13.0,13.0,7.447362638224957e-05,1,N I M,T,False,False,3.1507608890533447,0.61328125,0.6486889719963074,False,1.0460832118988037
train-012677-fa476f934299767c,6,6,train,18034505911096669820,pointer,N,N,N,True,N,True,False,0.00020644917094614357,9.3125,9.3125,9.3125,0.002430271174167064,1,N I M,I,False,False,3.1928696632385254,0.85546875,0.7017130851745605,True,0.354230672121048
train-012677-fa476f934299767c,6,7,train,18034505911096669820,pointer,N,N,,,N,True,True,,,6.9375,6.9375,0.05050244684546931,,N I Z,I,,False,,0.99609375,0.730289876461029,,
train-012677-fa476f934299767c,6,8,train,18034505911096669820,pointer,N,N,,,N,True,True,,,5.875,5.875,0.1175531909235623,,N Z I,O,,False,,1.0625,0.7431680560112,,
train-012677-fa476f934299767c,6,9,train,18034505911096669820,pointer,N,N,,,N,True,True,,,5.6875,5.6875,0.12672401340881193,,N Z I,X,,False,,1.1015625,0.7505527138710022,,
train-012677-fa476f934299767c,6,10,train,18034505911096669820,pointer,N,N,,,N,True,True,,,5.8125,5.8125,0.11733126061917978,,N Z I,X,,False,,1.1171875,0.7534666657447815,,
train-012677-fa476f934299767c,6,11,train,18034505911096669820,pointer,N,N,,,N,True,True,,,5.8125,5.8125,0.11494696173856184,,N Z I,X,,False,,1.1328125,0.7563575506210327,,
train-012677-fa476f934299767c,6,12,train,18034505911096669820,pointer,N,N,,,N,True,True,,,5.8125,5.8125,0.11611547652518471,,N Z I,X,,False,,1.140625,0.7577943801879883,,
train-011589-e2ac7a4572e7f3c6,8,1,train,16333564387265082310,pointer,J,L,L,True,U,False,False,1.5497195136049413e-06,13.96875,-19.11572265625,13.96875,2.629538553605915e-05,1,L I C,L,True,True,0.0017360866768285632,-0.51953125,0.3729618489742279,False,0.4667479395866394
train-011589-e2ac7a4572e7f3c6,8,2,train,16333564387265082310,pointer,J,B,B,True,U,False,False,0.07049563527107239,2.625,-13.0,2.625,0.25213058916067954,1,B L K,L,False,False,5.139108657836914,-0.3671875,0.40922078490257263,False,0.5263129472732544
train-011589-e2ac7a4572e7f3c6,8,3,train,16333564387265082310,pointer,J,K,K,True,U,False,False,0.0924539864063263,2.625,-9.125,2.625,0.3796253809092553,1,K Q I,Z,False,False,3.21471905708313,0.00689697265625,0.5017242431640625,False,0.6966016292572021
train-011589-e2ac7a4572e7f3c6,8,4,train,16333564387265082310,pointer,J,K,Q,False,U,False,False,1.1651427745819092,-0.4375,-6.25,0.4375,1.356475842577844,2,K Q I,R,False,False,3.1631908416748047,0.40625,0.6001883149147034,False,0.9167617559432983
train-011589-e2ac7a4572e7f3c6,8,5,train,16333564387265082310,pointer,J,Q,I,False,U,False,False,1.365473747253418,-0.125,-3.75,0.125,2.138025780815965,2,Q I K,R,False,False,3.143305540084839,0.7265625,0.6740504503250122,False,1.121012806892395
train-011589-e2ac7a4572e7f3c6,8,6,train,16333564387265082310,pointer,J,Q,S,False,U,False,False,4.45974063873291,-2.5,-2.125,0.0625,2.8971421903587604,23,Q I M,C,False,False,3.35509991645813,0.9296875,0.7170118689537048,False,1.26235032081604
train-011589-e2ac7a4572e7f3c6,8,7,train,16333564387265082310,pointer,J,Q,Z,False,U,False,False,3.3394076824188232,-1.1875,-1.625,0.25,3.055262103401544,9,Q I N,N,False,False,3.186466693878174,1.0390625,0.7386690378189087,False,1.3419678211212158
train-011589-e2ac7a4572e7f3c6,8,8,train,16333564387265082310,pointer,J,Q,U,False,U,False,False,3.7276434898376465,-1.5625,-1.5625,0.3125,3.080145580682833,17,Q I N,N,False,False,3.3183465003967285,1.09375,0.7490872144699097,True,0.28889986872673035
train-011589-e2ac7a4572e7f3c6,8,9,train,16333564387265082310,pointer,J,Q,,,U,False,True,,,-1.5625,0.3125,3.0830759701653223,,Q I N,N,,False,,1.125,0.7549149990081787,,
train-011589-e2ac7a4572e7f3c6,8,10,train,16333564387265082310,pointer,J,Q,,,U,False,True,,,-1.5,0.3125,3.0908878011692753,,Q I N,N,,False,,1.140625,0.7577943801879883,,
train-011589-e2ac7a4572e7f3c6,8,11,train,16333564387265082310,pointer,J,Q,,,U,False,True,,,-1.5,0.3125,3.0903288352192693,,Q I N,N,,False,,1.15625,0.7606506943702698,,
train-011589-e2ac7a4572e7f3c6,8,12,train,16333564387265082310,pointer,J,Q,,,U,False,True,,,-1.5625,0.3125,3.082861937439308,,Q N I,N,,False,,1.1640625,0.7620701193809509,,
train-009844-241dc1586a630f61,10,1,train,2602448745176174433,pointer,R,F,F,True,P,False,False,5.006777428206988e-06,13.5,-15.71875,13.5,7.924083790268535e-05,1,F C J,F,True,True,0.0032860825303941965,-0.44140625,0.39140594005584717,False,0.4966038465499878
train-009844-241dc1586a630f61,10,2,train,2602448745176174433,pointer,R,E,E,True,P,False,False,5.400034933700226e-05,10.0,-15.3125,10.0,0.0006214675643517619,1,E F A,E,True,True,0.050647150725126266,-0.291015625,0.4277552366256714,False,0.5581884980201721
train-009844-241dc1586a630f61,10,3,train,2602448745176174433,pointer,R,A,A,True,P,False,False,0.03229452669620514,3.9375,-9.4375,3.9375,0.17653373278794787,1,A Y D,E,False,False,3.384006977081299,-0.021728515625,0.4945680499076843,False,0.6823419332504272
train-009844-241dc1586a630f61,10,4,train,2602448745176174433,pointer,R,Y,Y,True,P,False,False,0.7490150332450867,0.25,-6.6875,0.25,1.147048041919973,1,Y D A,D,False,False,3.3090128898620605,0.34765625,0.5860491394996643,False,0.8820079565048218
train-009844-241dc1586a630f61,10,5,train,2602448745176174433,pointer,R,Y,D,False,P,False,False,1.2749547958374023,-0.6875,-5.625,0.6875,1.3564720045640963,2,Y D A,L,False,False,2.945023775100708,0.66796875,0.6610482335090637,False,1.081897258758545
train-009844-241dc1586a630f61,10,6,train,2602448745176174433,pointer,R,Y,Q,False,P,False,False,3.6022047996520996,-2.25,-3.375,0.125,2.551996955366149,10,Y D O,Q,True,False,2.971068859100342,0.90234375,0.7114308476448059,False,1.2428207397460938
train-009844-241dc1586a630f61,10,7,train,2602448745176174433,pointer,R,O,J,False,P,False,False,3.6603822708129883,-1.625,-1.875,0.625,3.1005933685345726,17,O D Q,O,False,True,3.653951644897461,1.0234375,0.735641598701477,False,1.3304497003555298
train-009844-241dc1586a630f61,10,8,train,2602448745176174433,pointer,R,O,H,False,P,False,False,3.966668128967285,-1.8125,-1.6875,0.625,3.146144217860611,25,O N R,O,False,True,3.2780115604400635,1.078125,0.7461389899253845,False,1.3709683418273926
train-009844-241dc1586a630f61,10,9,train,2602448745176174433,pointer,R,O,G,False,P,False,False,4.01705265045166,-1.8125,-1.625,0.5625,3.152703236592464,26,O N R,O,False,True,3.650319814682007,1.109375,0.7520126104354858,False,1.3943772315979004
train-009844-241dc1586a630f61,10,10,train,2602448745176174433,pointer,R,O,P,False,P,False,False,3.8513286113739014,-1.6875,-1.6875,0.625,3.1488429701309735,23,O N R,O,False,True,3.5010528564453125,1.125,0.7549149990081787,True,0.28115013241767883
train-009844-241dc1586a630f61,10,11,train,2602448745176174433,pointer,R,O,,,P,False,True,,,-1.625,0.5625,3.1539924047130667,,O N R,O,,True,,1.140625,0.7577943801879883,,
train-009844-241dc1586a630f61,10,12,train,2602448745176174433,pointer,R,O,,,P,False,True,,,-1.625,0.5625,3.1527774629579204,,O N R,O,,True,,1.1484375,0.7592254281044006,,
train-005516-e9fcb22782d02811,12,1,train,16860546987736442897,pointer,J,M,M,True,U,False,False,1.7762025890988298e-05,12.125,-15.640625,12.125,0.00025223212591557746,1,M O R,M,True,True,0.0037739500403404236,-0.490234375,0.37983831763267517,False,0.4777751564979553
train-005516-e9fcb22782d02811,12,2,train,16860546987736442897,pointer,J,Z,Z,True,U,False,False,1.0728830375228426e-06,14.125,-20.59375,14.125,1.8240890098534607e-05,1,Z X P,Z,True,True,0.017396949231624603,-0.3984375,0.4016878008842468,False,0.5136426091194153
train-005516-e9fcb22782d02811,12,3,train,16860546987736442897,pointer,J,K,K,True,U,False,False,0.1913021206855774,1.625,-8.25,1.625,0.5192327509381423,1,K P Z,K,True,True,2.33011531829834,-0.09716796875,0.4757270812988281,False,0.6457429528236389
train-005516-e9fcb22782d02811,12,4,train,16860546987736442897,pointer,J,G,P,False,U,False,False,3.2405850887298584,-2.9375,-5.625,2.375,1.2024667824698712,4,G W Y,Q,False,False,3.4524412155151367,0.302734375,0.5751108527183533,False,0.8559269309043884
train-005516-e9fcb22782d02811,12,5,train,16860546987736442897,pointer,J,G,G,True,U,False,False,1.0884733200073242,1.125,-3.8125,1.125,2.514598395133996,1,G P W,I,False,False,3.2449052333831787,0.64453125,0.6557770371437073,False,1.0664656162261963
train-005516-e9fcb22782d02811,12,6,train,16860546987736442897,pointer,J,F,Y,False,U,False,False,3.305973529815674,-0.625,-1.3125,0.0625,3.1804922127433275,13,F E P,I,False,False,3.197122097015381,0.87890625,0.7065955400466919,False,1.226203203201294
train-005516-e9fcb22782d02811,12,7,train,16860546987736442897,pointer,J,E,W,False,U,False,False,3.30820631980896,-0.625,-1.0625,0.0,3.208977569435083,11,E H F,B,False,False,3.268087387084961,1.0078125,0.7325918078422546,False,1.318979024887085
train-005516-e9fcb22782d02811,12,8,train,16860546987736442897,pointer,J,E,X,False,U,False,False,3.264350652694702,-0.5625,-1.0,0.0,3.2142440143863067,11,E H F,X,True,False,2.9865987300872803,1.078125,0.7461389899253845,False,1.3709683418273926
train-005516-e9fcb22782d02811,12,9,train,16860546987736442897,pointer,J,E,F,False,U,False,False,2.904884099960327,-0.25,-1.0625,0.0,3.2099250040718394,3,E H F,X,False,False,3.3564350605010986,1.1171875,0.7534666657447815,False,1.4002580642700195
train-005516-e9fcb22782d02811,12,10,train,16860546987736442897,pointer,J,E,S,False,U,False,False,3.4736764430999756,-0.8125,-1.0625,0.0,3.2110627829929106,19,E H F,X,False,False,3.1963772773742676,1.140625,0.7577943801879883,False,1.4179682731628418
train-005516-e9fcb22782d02811,12,11,train,16860546987736442897,pointer,J,H,L,False,U,False,False,3.622736930847168,-1.0,-1.0625,0.0625,3.210805723605208,24,H E F,X,False,False,3.346809148788452,1.15625,0.7606506943702698,False,1.4298310279846191
train-005516-e9fcb22782d02811,12,12,train,16860546987736442897,pointer,J,E,U,False,U,False,False,3.6796822547912598,-1.0,-1.0,0.0,3.214480298840031,25,E H F,X,False,False,3.2414300441741943,1.1640625,0.7620701193809509,True,0.27171674370765686
train-023310-77aa2a9eabeba03a,1,1,train,8622751297531781178,pointer,V,I,I,True,I,True,False,7.152555099310121e-07,15.5625,15.5625,15.5625,1.2071244453110005e-05,1,I R M,I,True,True,0.0009678685455583036,-0.396484375,0.4021573066711426,True,0.9109119772911072
train-023310-77aa2a9eabeba03a,1,2,train,8622751297531781178,pointer,V,E,,,I,False,True,,,-19.09375,15.75,7.54270000869371e-06,,E R F,E,,True,,-0.25390625,0.4368622601032257,,
train-023310-77aa2a9eabeba03a,1,3,train,8622751297531781178,pointer,V,R,,,I,False,True,,,-11.125,5.25,0.03408659583912681,,R L I,E,,False,,-0.005828857421875,0.49854275584220886,,
train-023310-77aa2a9eabeba03a,1,4,train,8622751297531781178,pointer,V,L,,,I,False,True,,,-6.4375,0.875,0.9186189858945775,,L R Z,R,,False,,0.32421875,0.5803520083427429,,
train-023310-77aa2a9eabeba03a,1,5,train,8622751297531781178,pointer,V,L,,,I,False,True,,,-4.75,0.5,1.3456951018471721,,L Z R,R,,False,,0.6484375,0.6566582322120667,,
train-023310-77aa2a9eabeba03a,1,6,train,8622751297531781178,pointer,V,Z,,,I,False,True,,,-2.375,0.25,2.6395925672977096,,Z L R,O,,False,,0.88671875,0.7082125544548035,,
train-023310-77aa2a9eabeba03a,1,7,train,8622751297531781178,pointer,V,Z,,,I,False,True,,,-1.125,0.25,3.152137095932861,,Z R L,I,,False,,1.0234375,0.735641598701477,,
train-023310-77aa2a9eabeba03a,1,8,train,8622751297531781178,pointer,V,Z,,,I,False,True,,,-1.0,0.25,3.184189874905939,,Z U R,O,,False,,1.0859375,0.7476159334182739,,
train-023310-77aa2a9eabeba03a,1,9,train,8622751297531781178,pointer,V,Z,,,I,False,True,,,-0.875,0.1875,3.192950228192119,,Z U R,X,,False,,1.1171875,0.7534666657447815,,
train-023310-77aa2a9eabeba03a,1,10,train,8622751297531781178,pointer,V,Z,,,I,False,True,,,-0.9375,0.25,3.1904825410860367,,Z U Q,X,,False,,1.140625,0.7577943801879883,,
train-023310-77aa2a9eabeba03a,1,11,train,8622751297531781178,pointer,V,Z,,,I,False,True,,,-0.9375,0.25,3.1889018804418514,,Z U F,X,,False,,1.15625,0.7606506943702698,,
train-023310-77aa2a9eabeba03a,1,12,train,8622751297531781178,pointer,V,Z,,,I,False,True,,,-0.9375,0.25,3.1901353648556947,,Z U F,X,,False,,1.1640625,0.7620701193809509,,
train-022978-13ba08dce2929565,2,1,train,1421458377175897445,pointer,R,B,B,True,S,False,False,3.4570634852570947e-06,12.8125,-17.71875,12.8125,5.0874559802426244e-05,1,B R C,B,True,True,0.0007602662080898881,-0.54296875,0.3674972355365753,False,0.4580707550048828
train-022978-13ba08dce2929565,2,2,train,1421458377175897445,pointer,R,S,S,True,S,True,False,1.7881377516459906e-06,14.8125,14.8125,14.8125,2.7336263349525344e-05,1,S R M,S,True,True,0.011664167046546936,-0.267578125,0.4335017800331116,True,0.8358594179153442
train-022978-13ba08dce2929565,2,3,train,1421458377175897445,pointer,R,M,,,S,False,True,,,-8.1875,5.6875,0.06042171429132362,,M R N,S,,False,,0.062255859375,0.5155589580535889,,
train-022978-13ba08dce2929565,2,4,train,1421458377175897445,pointer,R,R,,,S,False,True,,,-4.6875,0.9375,1.4439855485960411,,R B M,R,,True,,0.423828125,0.6043989062309265,,
train-022978-13ba08dce2929565,2,5,train,1421458377175897445,pointer,R,R,,,S,False,True,,,-4.125,0.3125,2.1232304632636194,,R F B,R,,True,,0.7421875,0.6774740219116211,,
train-022978-13ba08dce2929565,2,6,train,1421458377175897445,pointer,R,F,,,S,False,True,,,-1.8125,0.0,2.9431981740092223,,F R T,I,,False,,0.9375,0.7185943722724915,,
train-022978-13ba08dce2929565,2,7,train,1421458377175897445,pointer,R,R,,,S,False,True,,,-1.5,0.625,3.0696033741230275,,R T B,O,,False,,1.03125,0.7371581792831421,,
train-022978-13ba08dce2929565,2,8,train,1421458377175897445,pointer,R,R,,,S,False,True,,,-1.5,0.75,3.0757047017611465,,R B T,X,,False,,1.0859375,0.7476159334182739,,
train-022978-13ba08dce2929565,2,9,train,1421458377175897445,pointer,R,R,,,S,False,True,,,-1.4375,0.6875,3.076567466064035,,R B T,X,,False,,1.109375,0.7520126104354858,,
train-022978-13ba08dce2929565,2,10,train,1421458377175897445,pointer,R,R,,,S,False,True,,,-1.5,0.6875,3.073774796272853,,R B T,X,,False,,1.1328125,0.7563575506210327,,
train-022978-13ba08dce2929565,2,11,train,1421458377175897445,pointer,R,R,,,S,False,True,,,-1.5,0.75,3.0657373659000786,,R B T,X,,False,,1.140625,0.7577943801879883,,
train-022978-13ba08dce2929565,2,12,train,1421458377175897445,pointer,R,R,,,S,False,True,,,-1.5625,0.75,3.0628314090053577,,R B T,X,,False,,1.1484375,0.7592254281044006,,
train-027047-98f17e966822d0ca,3,1,train,11020728947609620682,pointer,D,C,C,True,R,False,False,1.0371154530730564e-05,12.375,-12.375,12.375,0.00014573185077869518,1,C R A,C,True,True,0.002091722097247839,-0.41015625,0.3988746404647827,False,0.5089517831802368
train-027047-98f17e966822d0ca,3,2,train,11020728947609620682,pointer,D,R,E,False,R,True,False,7.289021968841553,-7.25,3.25,3.25,0.16831012148388425,3,R C E,C,False,False,6.7074360847473145,-0.22265625,0.4445647597312927,False,0.5880033373832703
train-027047-98f17e966822d0ca,3,3,train,11020728947609620682,pointer,D,R,R,True,R,True,False,0.5889592170715332,0.25,0.25,0.25,0.7574229656443605,1,R E C,R,True,True,2.283799171447754,0.060302734375,0.5150711536407471,True,0.663450300693512
train-027047-98f17e966822d0ca,3,4,train,11020728947609620682,pointer,D,C,,,R,False,True,,,-1.25,1.25,1.155995339299404,,C R E,R,,False,,0.3984375,0.5983121991157532,,
train-027047-98f17e966822d0ca,3,5,train,11020728947609620682,pointer,D,C,,,R,False,True,,,-0.4375,0.4375,1.4765582206213665,,C R E,R,,False,,0.6953125,0.6671476364135742,,
train-027047-98f17e966822d0ca,3,6,train,11020728947609620682,pointer,D,R,,,R,True,True,,,0.3125,0.3125,1.6336063819739204,,R C E,R,,True,,0.90625,0.7122321724891663,,
train-027047-98f17e966822d0ca,3,7,train,11020728947609620682,pointer,D,R,,,R,True,True,,,0.6875,0.6875,1.7133071723325901,,R C X,C,,False,,1.03125,0.7371581792831421,,
train-027047-98f17e966822d0ca,3,8,train,11020728947609620682,pointer,D,R,,,R,True,True,,,0.8125,0.8125,1.7356977061639527,,R C X,C,,False,,1.1015625,0.7505527138710022,,
train-027047-98f17e966822d0ca,3,9,train,11020728947609620682,pointer,D,R,,,R,True,True,,,0.8125,0.8125,1.7623408504413998,,R C X,C,,False,,1.1328125,0.7563575506210327,,
train-027047-98f17e966822d0ca,3,10,train,11020728947609620682,pointer,D,R,,,R,True,True,,,0.875,0.875,1.7789777072237134,,R C X,C,,False,,1.1484375,0.7592254281044006,,
train-027047-98f17e966822d0ca,3,11,train,11020728947609620682,pointer,D,R,,,R,True,True,,,0.8125,0.8125,1.7789486090999862,,R C X,C,,False,,1.15625,0.7606506943702698,,
train-027047-98f17e966822d0ca,3,12,train,11020728947609620682,pointer,D,R,,,R,True,True,,,0.8125,0.8125,1.778969716148169,,R C X,C,,False,,1.1640625,0.7620701193809509,,
train-025995-6972db8fde5b4f70,4,1,train,7598376932284780400,pointer,F,A,A,True,R,False,False,4.410734163684538e-06,12.96875,-15.578125,12.96875,6.772236394451819e-05,1,A I P,A,True,True,0.004272143822163343,-0.4375,0.3923368453979492,False,0.4981345534324646
train-025995-6972db8fde5b4f70,4,2,train,7598376932284780400,pointer,F,H,H,True,R,False,False,1.9550132492440753e-05,12.5625,-14.75,12.5625,0.0002862685885699299,1,H I Z,H,True,True,0.004305379465222359,-0.296875,0.4263215959072113,False,0.5556862950325012
train-025995-6972db8fde5b4f70,4,3,train,7598376932284780400,pointer,F,N,N,True,R,False,False,0.03845629841089249,3.25,-3.25,3.25,0.16408978293069384,1,N R I,N,True,True,2.545088052749634,-0.00592041015625,0.4985198676586151,False,0.690191388130188
train-025995-6972db8fde5b4f70,4,4,train,7598376932284780400,pointer,F,N,R,False,R,False,False,1.4376798868179321,-1.125,-1.125,1.125,0.7623966497761402,2,N R I,R,True,False,2.909398317337036,0.375,0.5926666259765625,True,0.5231232643127441
train-025995-6972db8fde5b4f70,4,5,train,7598376932284780400,pointer,F,N,,,R,False,True,,,-0.375,0.375,1.3636608123854836,,N R I,R,,False,,0.68359375,0.6645402908325195,,
train-025995-6972db8fde5b4f70,4,6,train,7598376932284780400,pointer,F,R,,,R,True,True,,,0.125,0.125,1.8677191109275777,,R N I,C,,False,,0.8828125,0.7074047327041626,,
train-025995-6972db8fde5b4f70,4,7,train,7598376932284780400,pointer,F,R,,,R,True,True,,,0.0625,0.0625,1.939956781157274,,R N I,C,,False,,1.0,0.7310585975646973,,
train-025995-6972db8fde5b4f70,4,8,train,7598376932284780400,pointer,F,R,,,R,True,True,,,0.0625,0.0625,1.9513757307465787,,R N I,C,,False,,1.0703125,0.7446563243865967,,
train-025995-6972db8fde5b4f70,4,9,train,7598376932284780400,pointer,F,N,,,R,False,True,,,0.0,0.0,1.961901742424303,,N R I,C,,False,,1.1171875,0.7534666657447815,,
train-025995-6972db8fde5b4f70,4,10,train,7598376932284780400,pointer,F,R,,,R,True,True,,,0.0625,0.0625,1.9666626713892026,,R N I,C,,False,,1.140625,0.7577943801879883,,
train-025995-6972db8fde5b4f70,4,11,train,7598376932284780400,pointer,F,N,,,R,False,True,,,0.0,0.0,1.9656180785582058,,N R I,C,,False,,1.15625,0.7606506943702698,,
train-025995-6972db8fde5b4f70,4,12,train,7598376932284780400,pointer,F,R,,,R,True,True,,,0.0625,0.0625,1.9686542500724953,,R I N,C,,False,,1.1640625,0.7620701193809509,,
train-030946-0b1c810a2e9eca08,5,1,train,800656714496920072,pointer,F,H,H,True,Z,False,False,2.622600959512056e-06,14.5,-16.90625,14.5,4.477122187658577e-05,1,H D G,H,True,True,0.006612088996917009,-0.48046875,0.3821414113044739,False,0.48149573802948
train-030946-0b1c810a2e9eca08,5,2,train,800656714496920072,pointer,F,O,O,True,Z,False,False,8.237022848334163e-05,9.625,-15.78125,9.625,0.0009317408170952551,1,O N P,O,True,True,0.05522077903151512,-0.34375,0.4148988723754883,False,0.5359705090522766
train-030946-0b1c810a2e9eca08,5,3,train,800656714496920072,pointer,F,N,N,True,Z,False,False,0.04230869561433792,4.25,-5.4375,4.25,0.2610708621018099,1,N M T,O,False,False,3.0163793563842773,-0.0693359375,0.48267295956611633,False,0.6590800285339355
train-030946-0b1c810a2e9eca08,5,4,train,800656714496920072,pointer,F,N,M,False,Z,False,False,2.7153725624084473,-2.3125,-3.125,1.625,1.2895313995689095,3,N T M,E,False,False,3.438537836074829,0.314453125,0.5779718160629272,False,0.8626832365989685
train-030946-0b1c810a2e9eca08,5,5,train,800656714496920072,pointer,F,N,Z,False,Z,False,False,2.7180633544921875,-1.8125,-1.8125,1.125,2.196645370814785,4,N M T,O,False,False,3.179657459259033,0.6640625,0.6601723432540894,True,0.41525429487228394
train-030946-0b1c810a2e9eca08,5,6,train,800656714496920072,pointer,F,N,,,Z,False,True,,,-0.3125,0.0,3.1429434474083817,,N T J,O,,False,,0.90234375,0.7114308476448059,,
train-030946-0b1c810a2e9eca08,5,7,train,800656714496920072,pointer,F,K,,,Z,False,True,,,-0.375,0.1875,3.200843127320374,,K T U,N,,False,,1.0234375,0.735641598701477,,
train-030946-0b1c810a2e9eca08,5,8,train,800656714496920072,pointer,F,K,,,Z,False,True,,,-0.3125,0.0625,3.2007363087320417,,K U S,N,,False,,1.0859375,0.7476159334182739,,
train-030946-0b1c810a2e9eca08,5,9,train,800656714496920072,pointer,F,K,,,Z,False,True,,,-0.3125,0.0625,3.20099450195524,,K U T,N,,False,,1.125,0.7549149990081787,,
train-030946-0b1c810a2e9eca08,5,10,train,800656714496920072,pointer,F,K,,,Z,False,True,,,-0.3125,0.0625,3.2002379191558497,,K U T,N,,False,,1.140625,0.7577943801879883,,
train-030946-0b1c810a2e9eca08,5,11,train,800656714496920072,pointer,F,K,,,Z,False,True,,,-0.3125,0.0625,3.200463778566883,,K U S,N,,False,,1.15625,0.7606506943702698,,
train-030946-0b1c810a2e9eca08,5,12,train,800656714496920072,pointer,F,K,,,Z,False,True,,,-0.25,0.0625,3.1981136550850633,,K T U,N,,False,,1.1640625,0.7620701193809509,,
train-018032-ffcd7200291d2b07,6,1,train,18432514194912652039,pointer,L,O,O,True,E,False,False,8.4638240878121e-06,12.46875,-15.921875,12.46875,0.00012492991336822697,1,O A Q,O,True,True,0.0014941253466531634,-0.51953125,0.3729618489742279,False,0.4667479395866394
train-018032-ffcd7200291d2b07,6,2,train,18432514194912652039,pointer,L,H,H,True,E,False,False,0.0004170263418927789,7.9375,-13.0625,7.9375,0.003990679256871712,1,H O I,H,True,True,0.33413973450660706,-0.271484375,0.43254271149635315,False,0.5665898323059082
train-018032-ffcd7200291d2b07,6,3,train,18432514194912652039,pointer,L,K,K,True,E,False,False,0.022115979343652725,4.8125,-9.1875,4.8125,0.14836557677353993,1,K H N,H,False,False,3.154662847518921,0.054931640625,0.513729453086853,False,0.7209901213645935
train-018032-ffcd7200291d2b07,6,4,train,18432514194912652039,pointer,L,K,A,False,E,False,False,4.134538650512695,-3.75,-4.6875,1.5625,1.348513506797131,4,K N S,K,False,True,3.4399397373199463,0.451171875,0.6109178066253662,False,0.9439647197723389
train-018032-ffcd7200291d2b07,6,5,train,18432514194912652039,pointer,L,K,N,False,E,False,False,1.8174769878387451,0.0,-1.3125,0.0,2.841249828895937,2,K N S,R,False,False,3.1608219146728516,0.75,0.6791787147521973,False,1.136871099472046
train-018032-ffcd7200291d2b07,6,6,train,18432514194912652039,pointer,L,N,E,False,E,False,False,3.0104424953460693,-1.0,-1.0,0.1875,3.0519466874315198,5,N S K,K,False,False,3.3550379276275635,0.9375,0.7185943722724915,True,0.3304581940174103
train-018032-ffcd7200291d2b07,6,7,train,18432514194912652039,pointer,L,N,,,E,False,True,,,-0.8125,0.25,3.1361479877437377,,N S O,K,,False,,1.0390625,0.7386690378189087,,
train-018032-ffcd7200291d2b07,6,8,train,18432514194912652039,pointer,L,N,,,E,False,True,,,-0.875,0.3125,3.141105421923061,,N S O,K,,False,,1.1015625,0.7505527138710022,,
train-018032-ffcd7200291d2b07,6,9,train,18432514194912652039,pointer,L,N,,,E,False,True,,,-0.875,0.3125,3.1416263636918087,,N S O,X,,False,,1.1328125,0.7563575506210327,,
train-018032-ffcd7200291d2b07,6,10,train,18432514194912652039,pointer,L,N,,,E,False,True,,,-0.8125,0.25,3.1478560477307505,,N S O,X,,False,,1.15625,0.7606506943702698,,
train-018032-ffcd7200291d2b07,6,11,train,18432514194912652039,pointer,L,N,,,E,False,True,,,-0.8125,0.25,3.13866566226303,,N S O,X,,False,,1.171875,0.7634837031364441,,
train-018032-ffcd7200291d2b07,6,12,train,18432514194912652039,pointer,L,N,,,E,False,True,,,-0.8125,0.25,3.1439410050190353,,N S O,X,,False,,1.1796875,0.7648916244506836,,
train-035304-861d797911c2a0e4,8,1,train,9664013936302924004,pointer,B,J,J,True,B,False,False,4.768370445162873e-07,14.875,-17.6875,14.875,8.138529372487126e-06,1,J I A,J,True,True,0.006975346710532904,-0.625,0.3486451208591461,False,0.42870068550109863
train-035304-861d797911c2a0e4,8,2,train,9664013936302924004,pointer,B,B,B,True,B,True,False,7.152555099310121e-07,15.0,15.0,15.0,1.2462717185588868e-05,1,B C A,B,True,True,0.009423892013728619,-0.462890625,0.38630032539367676,False,0.4882495403289795
train-035304-861d797911c2a0e4,8,3,train,9664013936302924004,pointer,B,J,J,True,B,False,False,0.1130547896027565,2.125,-2.125,2.125,0.3422441660197604,1,J B I,B,False,False,2.6211748123168945,-0.0859375,0.47852879762649536,False,0.651101291179657
train-035304-861d797911c2a0e4,8,4,train,9664013936302924004,pointer,B,J,B,False,B,False,False,0.9731574654579163,-0.25,-0.25,0.25,1.2506939888628104,2,J B K,T,False,False,3.207974433898926,0.263671875,0.5655387043952942,False,0.8336484432220459
train-035304-861d797911c2a0e4,8,5,train,9664013936302924004,pointer,B,J,J,True,B,False,False,0.411601185798645,1.125,-1.125,1.125,1.1284957295089764,1,J B K,O,False,False,3.281643867492676,0.58203125,0.6415346264839172,False,1.025923252105713
train-035304-861d797911c2a0e4,8,6,train,9664013936302924004,pointer,B,J,B,False,B,False,False,1.5915241241455078,-1.0,-1.0,1.0,1.5471448289162657,2,J B C,O,False,False,3.3123369216918945,0.83984375,0.6984323263168335,False,1.198760747909546
train-035304-861d797911c2a0e4,8,7,train,9664013936302924004,pointer,B,J,J,True,B,False,False,1.0196489095687866,0.5,-0.5,0.5,2.10040860693274,1,J B C,K,False,False,3.3578531742095947,0.99609375,0.730289876461029,False,1.3104075193405151
train-035304-861d797911c2a0e4,8,8,train,9664013936302924004,pointer,B,J,B,False,B,False,False,1.5099427700042725,-0.3125,-0.3125,0.3125,2.271339341381641,2,J B C,K,False,False,3.127068281173706,1.078125,0.7461389899253845,True,0.29284340143203735
train-035304-861d797911c2a0e4,8,9,train,9664013936302924004,pointer,B,J,,,B,False,True,,,-0.3125,0.3125,2.2788954279024005,,J B C,K,,False,,1.1171875,0.7534666657447815,,
train-035304-861d797911c2a0e4,8,10,train,9664013936302924004,pointer,B,J,,,B,False,True,,,-0.3125,0.3125,2.2761793193340227,,J B C,K,,False,,1.1484375,0.7592254281044006,,
train-035304-861d797911c2a0e4,8,11,train,9664013936302924004,pointer,B,J,,,B,False,True,,,-0.25,0.25,2.2830801357248323,,J B C,K,,False,,1.1640625,0.7620701193809509,,
train-035304-861d797911c2a0e4,8,12,train,9664013936302924004,pointer,B,J,,,B,False,True,,,-0.25,0.25,2.277790606110716,,J B C,K,,False,,1.171875,0.7634837031364441,,
train-026224-313af4c6f8dc8c97,10,1,train,3547416791923592343,pointer,Q,W,W,True,Q,False,False,2.7418097943154862e-06,14.15625,-18.90625,14.15625,4.527574509261428e-05,1,W X V,W,True,True,0.007201783359050751,-0.53515625,0.36931508779525757,False,0.4609488844871521
train-026224-313af4c6f8dc8c97,10,2,train,3547416791923592343,pointer,Q,Z,Z,True,Q,False,False,1.4662635294371285e-05,11.375,-13.625,11.375,0.00019280575083522816,1,Z X Q,Z,True,True,0.009743395261466503,-0.31640625,0.42155182361602783,False,0.5474063158035278
train-026224-313af4c6f8dc8c97,10,3,train,3547416791923592343,pointer,Q,T,T,True,Q,False,False,0.04151854291558266,3.8125,-8.75,3.8125,0.23722732441696331,1,T Z A,Z,False,False,3.632141590118408,0.0218505859375,0.5054624080657959,False,0.7041321992874146
train-026224-313af4c6f8dc8c97,10,4,train,3547416791923592343,pointer,Q,L,L,True,Q,False,False,0.3345419764518738,1.4375,-5.0,1.4375,1.1197933313091393,1,L T A,E,False,False,3.202209711074829,0.392578125,0.5969031453132629,False,0.9085785150527954
train-026224-313af4c6f8dc8c97,10,5,train,3547416791923592343,pointer,Q,L,Q,False,Q,False,False,3.223069667816162,-1.875,-1.875,0.4375,2.676545444172964,6,L T Z,I,False,False,3.1145548820495605,0.69921875,0.6680145263671875,False,1.1026641130447388
train-026224-313af4c6f8dc8c97,10,6,train,3547416791923592343,pointer,Q,Q,W,False,Q,True,False,2.6868538856506348,-0.1875,0.125,0.125,3.165426592285991,3,Q L W,I,False,False,3.035001039505005,0.8984375,0.7106282711029053,False,1.24004328250885
train-026224-313af4c6f8dc8c97,10,7,train,3547416791923592343,pointer,Q,Q,Z,False,Q,True,False,2.796160936355591,-0.375,0.375,0.375,3.1891608677577037,2,Q Z W,O,False,False,3.220444679260254,1.015625,0.7341195344924927,False,1.3247084617614746
train-026224-313af4c6f8dc8c97,10,8,train,3547416791923592343,pointer,Q,Q,T,False,Q,True,False,2.983154773712158,-0.5625,0.375,0.375,3.191198886091371,5,Q Z W,O,False,False,3.4404056072235107,1.078125,0.7461389899253845,False,1.3709683418273926
train-026224-313af4c6f8dc8c97,10,9,train,3547416791923592343,pointer,Q,Q,L,False,Q,True,False,2.9304938316345215,-0.5625,0.4375,0.4375,3.1873773338105575,4,Q Z W,X,False,False,3.383408784866333,1.1171875,0.7534666657447815,False,1.4002580642700195
train-026224-313af4c6f8dc8c97,10,10,train,3547416791923592343,pointer,Q,Q,Q,True,Q,True,False,2.3695199489593506,0.4375,0.4375,0.4375,3.1881777122322017,1,Q Z W,X,False,False,3.136077880859375,1.1328125,0.7563575506210327,True,0.27924108505249023
train-026224-313af4c6f8dc8c97,10,11,train,3547416791923592343,pointer,Q,Q,,,Q,True,True,,,0.4375,0.4375,3.188282576111764,,Q Z W,X,,False,,1.1484375,0.7592254281044006,,
train-026224-313af4c6f8dc8c97,10,12,train,3547416791923592343,pointer,Q,Q,,,Q,True,True,,,0.4375,0.4375,3.1867365215794994,,Q Z W,X,,False,,1.15625,0.7606506943702698,,
train-026081-f3d0094b2f6203a7,12,1,train,17568552364894454695,pointer,F,N,N,True,G,False,False,9.179073458653875e-06,12.75,-16.65625,12.75,0.00013341070673984212,1,N Q R,N,True,True,0.0022049658000469208,-0.52734375,0.3711366057395935,False,0.4638412594795227
train-026081-f3d0094b2f6203a7,12,2,train,17568552364894454695,pointer,F,D,D,True,G,False,False,9.60780744208023e-05,9.5,-13.5625,9.5,0.0010622303362138195,1,D C B,D,True,True,0.02560851164162159,-0.400390625,0.4012185037136078,False,0.512858510017395
train-026081-f3d0094b2f6203a7,12,3,train,17568552364894454695,pointer,F,S,S,True,G,False,False,0.0008338788175024092,8.875,-12.125,8.875,0.009108660113073454,1,S D X,L,False,False,3.070875883102417,-0.07373046875,0.48157572746276855,False,0.6569613218307495
train-026081-f3d0094b2f6203a7,12,4,train,17568552364894454695,pointer,F,S,X,False,G,False,False,2.6036460399627686,-2.1875,-3.3125,1.4375,1.3007875931999375,3,S L X,S,False,True,3.144160032272339,0.33984375,0.5841525793075562,False,0.8774368762969971
train-026081-f3d0094b2f6203a7,12,5,train,17568552364894454695,pointer,F,S,G,False,G,False,False,3.0594029426574707,-2.375,-2.375,1.5,2.0385864957144784,4,S L X,T,False,False,3.4072506427764893,0.65625,0.6584175229072571,False,1.0741660594940186
train-026081-f3d0094b2f6203a7,12,6,train,17568552364894454695,pointer,F,S,C,False,G,False,False,3.4766454696655273,-1.5,-0.3125,0.125,2.806970325073477,11,S N G,C,True,False,2.991485595703125,0.87890625,0.7065955400466919,False,1.226203203201294
train-026081-f3d0094b2f6203a7,12,7,train,17568552364894454695,pointer,F,N,M,False,G,False,False,2.295048236846924,-0.4375,-0.375,0.375,2.808906093129371,3,N G M,C,False,False,3.2743113040924072,1.0078125,0.7325918078422546,False,1.318979024887085
train-026081-f3d0094b2f6203a7,12,8,train,17568552364894454695,pointer,F,N,N,True,G,False,False,1.7089223861694336,0.5625,-0.5625,0.5625,2.7755028224731726,1,N G M,C,False,False,3.0984013080596924,1.0859375,0.7476159334182739,False,1.3768033981323242
train-026081-f3d0094b2f6203a7,12,9,train,17568552364894454695,pointer,F,N,D,False,G,False,False,3.5111348628997803,-1.875,-0.6875,0.625,2.7558524572473675,11,N M G,C,False,False,3.305150032043457,1.125,0.7549149990081787,False,1.4061501026153564
train-026081-f3d0094b2f6203a7,12,10,train,17568552364894454695,pointer,F,N,S,False,G,False,False,2.494929313659668,-0.875,-0.6875,0.625,2.751632050651049,5,N M G,C,False,False,3.1984355449676514,1.1484375,0.7592254281044006,False,1.4238940477371216
train-026081-f3d0094b2f6203a7,12,11,train,17568552364894454695,pointer,F,N,X,False,G,False,False,2.4001290798187256,-0.75,-0.625,0.625,2.7608256096842947,4,N G M,C,False,False,3.009305715560913,1.171875,0.7634837031364441,False,1.4417383670806885
train-026081-f3d0094b2f6203a7,12,12,train,17568552364894454695,pointer,F,N,G,False,G,False,False,2.2787108421325684,-0.625,-0.625,0.625,2.758013380884717,2,N G M,C,False,False,3.8142151832580566,1.1796875,0.7648916244506836,True,0.2680211365222931
train-031041-98064af06d1fae93,1,1,train,10954525540108709523,pointer,K,C,C,True,C,True,False,1.7523612768854946e-05,11.75,11.75,11.75,0.0002440238685117561,1,C Q A,C,True,True,0.0007545484695583582,-0.302734375,0.4248892068862915,True,0.8559269309043884
train-031041-98064af06d1fae93,1,2,train,10954525540108709523,pointer,K,Q,,,C,False,True,,,-10.25,1.0,0.5828958797945251,,Q K C,Q,,True,,-0.2275390625,0.4433594048023224,,
train-031041-98064af06d1fae93,1,3,train,10954525540108709523,pointer,K,K,,,C,False,True,,,-6.1875,3.9375,0.11778131762954744,,K Q C,Q,,False,,0.09521484375,0.5237857699394226,,
train-031041-98064af06d1fae93,1,4,train,10954525540108709523,pointer,K,K,,,C,False,True,,,-0.8125,0.5625,1.1725756706266117,,K Q C,K,,True,,0.447265625,0.6099889278411865,,
train-031041-98064af06d1fae93,1,5,train,10954525540108709523,pointer,K,K,,,C,False,True,,,-0.6875,0.375,1.4905641581586142,,K Q C,Q,,False,,0.734375,0.6757646203041077,,
train-031041-98064af06d1fae93,1,6,train,10954525540108709523,pointer,K,K,,,C,False,True,,,-0.25,0.125,2.306835683332873,,K Q C,Q,,False,,0.9375,0.7185943722724915,,
train-031041-98064af06d1fae93,1,7,train,10954525540108709523,pointer,K,K,,,C,False,True,,,-0.1875,0.1875,2.8935321010181614,,K C Q,Q,,False,,1.046875,0.740174412727356,,
train-031041-98064af06d1fae93,1,8,train,10954525540108709523,pointer,K,K,,,C,False,True,,,-0.25,0.1875,3.016455320068273,,K Q C,K,,True,,1.109375,0.7520126104354858,,
train-031041-98064af06d1fae93,1,9,train,10954525540108709523,pointer,K,K,,,C,False,True,,,-0.3125,0.1875,3.030633362143591,,K Q O,K,,True,,1.140625,0.7577943801879883,,
train-031041-98064af06d1fae93,1,10,train,10954525540108709523,pointer,K,K,,,C,False,True,,,-0.25,0.1875,3.0337494397669893,,K Q C,X,,False,,1.15625,0.7606506943702698,,
train-031041-98064af06d1fae93,1,11,train,10954525540108709523,pointer,K,K,,,C,False,True,,,-0.25,0.1875,3.0321802748771156,,K O Q,X,,False,,1.171875,0.7634837031364441,,
train-031041-98064af06d1fae93,1,12,train,10954525540108709523,pointer,K,K,,,C,False,True,,,-0.25,0.1875,3.032644702320464,,K Q C,X,,False,,1.1796875,0.7648916244506836,,
train-012970-ffb20a14f8264d55,2,1,train,18424800110705003861,pointer,C,D,D,True,J,False,False,1.5497195136049413e-06,14.21875,-15.96875,14.21875,2.60048567481655e-05,1,D C I,D,True,True,0.0015624469378963113,-0.578125,0.3593641221523285,False,0.4452941417694092
train-012970-ffb20a14f8264d55,2,2,train,18424800110705003861,pointer,C,J,J,True,J,True,False,4.768370445162873e-07,16.0,16.0,16.0,7.56948251257469e-06,1,J B C,J,True,True,0.01625768654048443,-0.375,0.4073334038257599,True,0.8981232643127441
train-012970-ffb20a14f8264d55,2,3,train,18424800110705003861,pointer,C,H,,,J,False,True,,,-7.5625,7.5625,0.009464349659184338,,H J I,J,,False,,-0.05126953125,0.48718541860580444,,
train-012970-ffb20a14f8264d55,2,4,train,18424800110705003861,pointer,C,H,,,J,False,True,,,-3.8125,2.25,0.6341796864048196,,H L J,R,,False,,0.330078125,0.5817784070968628,,
train-012970-ffb20a14f8264d55,2,5,train,18424800110705003861,pointer,C,L,,,J,False,True,,,-2.3125,0.25,2.327740502089231,,L H U,R,,False,,0.66796875,0.6610482335090637,,
train-012970-ffb20a14f8264d55,2,6,train,18424800110705003861,pointer,C,R,,,J,False,True,,,-1.25,0.4375,3.1287874696188944,,R U W,R,,True,,0.8828125,0.7074047327041626,,
train-012970-ffb20a14f8264d55,2,7,train,18424800110705003861,pointer,C,R,,,J,False,True,,,-0.9375,0.25,3.1833017884938086,,R F U,R,,True,,1.0078125,0.7325918078422546,,
train-012970-ffb20a14f8264d55,2,8,train,18424800110705003861,pointer,C,R,,,J,False,True,,,-0.8125,0.0625,3.1908178137931142,,R U W,X,,False,,1.0703125,0.7446563243865967,,
train-012970-ffb20a14f8264d55,2,9,train,18424800110705003861,pointer,C,R,,,J,False,True,,,-0.8125,0.0625,3.19427814497023,,R U W,X,,False,,1.109375,0.7520126104354858,,
train-012970-ffb20a14f8264d55,2,10,train,18424800110705003861,pointer,C,R,,,J,False,True,,,-0.8125,0.125,3.1908018073471074,,R U F,X,,False,,1.1328125,0.7563575506210327,,
train-012970-ffb20a14f8264d55,2,11,train,18424800110705003861,pointer,C,R,,,J,False,True,,,-0.8125,0.0625,3.188111873095429,,R U F,X,,False,,1.1484375,0.7592254281044006,,
train-012970-ffb20a14f8264d55,2,12,train,18424800110705003861,pointer,C,R,,,J,False,True,,,-0.8125,0.0625,3.1938792479343485,,R U W,X,,False,,1.1640625,0.7620701193809509,,
train-021881-2be446dd51237528,3,1,train,3162730754683925800,pointer,B,P,P,True,J,False,False,2.0265558760002023e-06,14.5,-16.90625,14.5,3.167772317317548e-05,1,P R C,P,True,True,0.009008596651256084,-0.62109375,0.34953272342681885,False,0.43006432056427
train-021881-2be446dd51237528,3,2,train,3162730754683925800,pointer,B,S,S,True,J,False,False,9.131014667218551e-05,9.8125,-15.84375,9.8125,0.0010289781636687175,1,S R F,S,True,True,1.1570955514907837,-0.333984375,0.4172714650630951,False,0.5400338768959045
train-021881-2be446dd51237528,3,3,train,3162730754683925800,pointer,B,J,J,True,J,True,False,0.0037944952491670847,7.5,7.5,7.5,0.03566260930711571,1,J K S,G,False,False,3.293910264968872,-0.029052734375,0.4927372932434082,True,0.707779049873352
train-021881-2be446dd51237528,3,4,train,3162730754683925800,pointer,B,K,,,J,False,True,,,-5.0,0.125,0.8264477589792383,,K R J,G,,False,,0.3515625,0.5869964361190796,,
train-021881-2be446dd51237528,3,5,train,3162730754683925800,pointer,B,K,,,J,False,True,,,-3.625,0.0,1.2599376757467593,,K R N,W,,False,,0.67578125,0.6627964973449707,,
train-021881-2be446dd51237528,3,6,train,3162730754683925800,pointer,B,R,,,J,False,True,,,-1.3125,0.4375,3.0526946486333775,,R N K,I,,False,,0.90234375,0.7114308476448059,,
train-021881-2be446dd51237528,3,7,train,3162730754683925800,pointer,B,N,,,J,False,True,,,-0.5,0.0625,3.209490555308884,,N B R,I,,False,,1.0234375,0.735641598701477,,
train-021881-2be446dd51237528,3,8,train,3162730754683925800,pointer,B,B,,,J,False,True,,,-0.5,0.125,3.2192703239819367,,B I N,X,,False,,1.078125,0.7461389899253845,,
train-021881-2be446dd51237528,3,9,train,3162730754683925800,pointer,B,B,,,J,False,True,,,-0.4375,0.125,3.218715233578524,,B I N,X,,False,,1.1171875,0.7534666657447815,,
train-021881-2be446dd51237528,3,10,train,3162730754683925800,pointer,B,B,,,J,False,True,,,-0.4375,0.125,3.218202733162743,,B I N,X,,False,,1.140625,0.7577943801879883,,
train-021881-2be446dd51237528,3,11,train,3162730754683925800,pointer,B,B,,,J,False,True,,,-0.4375,0.0625,3.2181183898172843,,B I N,X,,False,,1.15625,0.7606506943702698,,
train-021881-2be446dd51237528,3,12,train,3162730754683925800,pointer,B,B,,,J,False,True,,,-0.4375,0.0625,3.2177226317508665,,B N I,X,,False,,1.1640625,0.7620701193809509,,
train-018354-7a90cb4389406756,4,1,train,8831782360199489366,pointer,F,I,I,True,H,False,False,5.960462772236497e-07,16.15625,-19.5625,16.15625,1.0316721419084717e-05,1,I M N,I,True,True,0.00042143522296100855,-0.56640625,0.36206647753715515,False,0.44952118396759033
train-018354-7a90cb4389406756,4,2,train,8831782360199489366,pointer,F,N,N,True,H,False,False,1.9907753085135482e-05,11.375,-18.4375,11.375,0.0002634823228077003,1,N M I,N,True,True,0.043832022696733475,-0.388671875,0.4040370583534241,False,0.5175768136978149
train-018354-7a90cb4389406756,4,3,train,8831782360199489366,pointer,F,W,W,True,H,False,False,0.01724393479526043,4.375,-7.5,4.375,0.10900919131250075,1,W X R,N,False,False,3.264354705810547,-0.12060546875,0.4698851704597473,False,0.6346615552902222
train-018354-7a90cb4389406756,4,4,train,8831782360199489366,pointer,F,W,H,False,H,False,False,3.033006191253662,-2.625,-2.625,1.1875,1.1559365088522564,3,W X H,K,False,False,3.6397817134857178,0.298828125,0.5741560459136963,True,0.5548540949821472
train-018354-7a90cb4389406756,4,5,train,8831782360199489366,pointer,F,W,,,H,False,True,,,-1.375,0.6875,2.169980154654945,,W X D,W,,True,,0.64453125,0.6557770371437073,,
train-018354-7a90cb4389406756,4,6,train,8831782360199489366,pointer,F,X,,,H,False,True,,,-0.9375,0.0625,3.039707689253131,,X D W,I,,False,,0.875,0.7057850360870361,,
train-018354-7a90cb4389406756,4,7,train,8831782360199489366,pointer,F,X,,,H,False,True,,,-0.9375,0.125,3.1732687582363828,,X O D,K,,False,,1.0,0.7310585975646973,,
train-018354-7a90cb4389406756,4,8,train,8831782360199489366,pointer,F,X,,,H,False,True,,,-0.8125,0.0625,3.19288454100638,,X O R,K,,False,,1.0703125,0.7446563243865967,,
train-018354-7a90cb4389406756,4,9,train,8831782360199489366,pointer,F,X,,,H,False,True,,,-0.875,0.0625,3.1924250340906397,,X O D,X,,True,,1.1015625,0.7505527138710022,,
train-018354-7a90cb4389406756,4,10,train,8831782360199489366,pointer,F,X,,,H,False,True,,,-0.875,0.0625,3.191816021377312,,X O D,X,,True,,1.125,0.7549149990081787,,
train-018354-7a90cb4389406756,4,11,train,8831782360199489366,pointer,F,X,,,H,False,True,,,-0.8125,0.0625,3.195005842354462,,X O D,X,,True,,1.140625,0.7577943801879883,,
train-018354-7a90cb4389406756,4,12,train,8831782360199489366,pointer,F,X,,,H,False,True,,,-0.875,0.125,3.1921209603602145,,X O D,X,,True,,1.1484375,0.7592254281044006,,
train-015907-e7c1df0f00dd6b57,5,1,train,16699874148798524247,pointer,P,Y,Y,True,A,False,False,9.536738616588991e-07,14.03125,-16.40625,14.03125,1.7305862526077285e-05,1,Y J A,Y,True,True,0.001313300454057753,-0.49609375,0.378459095954895,False,0.4755535125732422
train-015907-e7c1df0f00dd6b57,5,2,train,16699874148798524247,pointer,P,N,N,True,A,False,False,1.5616295058862306e-05,12.5,-13.8125,12.5,0.0002258805319305756,1,N S M,N,True,True,0.03799562528729439,-0.400390625,0.4012185037136078,False,0.512858510017395
train-015907-e7c1df0f00dd6b57,5,3,train,16699874148798524247,pointer,P,F,F,True,A,False,False,0.021952258422970772,4.0,-8.75,4.0,0.12140420699471778,1,F X N,N,False,False,3.260951519012451,-0.043701171875,0.4890764653682709,False,0.6715352535247803
train-015907-e7c1df0f00dd6b57,5,4,train,16699874148798524247,pointer,P,X,X,True,A,False,False,0.4425962269306183,0.75,-4.625,0.75,0.9473046369787602,1,X F I,N,False,False,3.3766164779663086,0.404296875,0.5997195839881897,False,0.9155899286270142
train-015907-e7c1df0f00dd6b57,5,5,train,16699874148798524247,pointer,P,X,A,False,A,False,False,3.5636346340179443,-2.75,-2.75,0.5625,1.8061459185608786,6,X F C,C,False,False,3.427302360534668,0.734375,0.6757646203041077,True,0.39191049337387085
train-015907-e7c1df0f00dd6b57,5,6,train,16699874148798524247,pointer,P,C,,,A,False,True,,,-1.8125,0.125,2.39078253713878,,C X F,C,,True,,0.9375,0.7185943722724915,,
train-015907-e7c1df0f00dd6b57,5,7,train,16699874148798524247,pointer,P,C,,,A,False,True,,,-2.0625,0.4375,2.421163262926545,,C N X,C,,True,,1.0546875,0.74167400598526,,
train-015907-e7c1df0f00dd6b57,5,8,train,16699874148798524247,pointer,P,C,,,A,False,True,,,-2.0625,0.5,2.4186678007730484,,C N X,C,,True,,1.1171875,0.7534666657447815,,
train-015907-e7c1df0f00dd6b57,5,9,train,16699874148798524247,pointer,P,C,,,A,False,True,,,-2.0625,0.5,2.4102498322366404,,C N X,C,,True,,1.15625,0.7606506943702698,,
train-015907-e7c1df0f00dd6b57,5,10,train,16699874148798524247,pointer,P,C,,,A,False,True,,,-2.0625,0.5,2.417061502948338,,C N X,C,,True,,1.1796875,0.7648916244506836,,
train-015907-e7c1df0f00dd6b57,5,11,train,16699874148798524247,pointer,P,C,,,A,False,True,,,-2.0625,0.5,2.4157382392128675,,C N X,C,,True,,1.1953125,0.7676898241043091,,
train-015907-e7c1df0f00dd6b57,5,12,train,16699874148798524247,pointer,P,C,,,A,False,True,,,-2.0625,0.5625,2.4086972256373906,,C N X,C,,True,,1.203125,0.7690802216529846,,
train-020372-d4bfc952f0acc23f,6,1,train,15330193014654812735,pointer,P,G,G,True,N,False,False,5.960462772236497e-07,16.09375,-22.146484375,16.09375,9.641022345447312e-06,1,G F C,G,True,True,0.0019113620510324836,-0.482421875,0.38168036937713623,False,0.48074978590011597
train-020372-d4bfc952f0acc23f,6,2,train,15330193014654812735,pointer,P,S,S,True,N,False,False,3.2186455882765586e-06,13.3125,-17.03125,13.3125,4.8646789199631286e-05,1,S O R,S,True,True,0.10817185044288635,-0.25390625,0.4368622601032257,False,0.5742310881614685
train-020372-d4bfc952f0acc23f,6,3,train,15330193014654812735,pointer,P,O,O,True,N,False,False,0.005769267678260803,5.625,-8.375,5.625,0.045033959962580666,1,O J Q,N,False,False,2.915400743484497,0.005218505859375,0.5013046264648438,False,0.6957598328590393
train-020372-d4bfc952f0acc23f,6,4,train,15330193014654812735,pointer,P,J,J,True,N,False,False,0.3110889196395874,1.8125,-5.5625,1.8125,1.05028676924579,1,J O H,D,False,False,3.5789668560028076,0.361328125,0.589361846446991,False,0.8900429606437683
train-020372-d4bfc952f0acc23f,6,5,train,15330193014654812735,pointer,P,J,H,False,N,False,False,2.2969024181365967,-1.9375,-4.375,1.9375,1.3761366976163305,2,J H O,R,False,False,3.583017587661743,0.69140625,0.666279673576355,False,1.0974520444869995
train-020372-d4bfc952f0acc23f,6,6,train,15330193014654812735,pointer,P,J,N,False,N,False,False,3.5667102336883545,-2.125,-2.125,1.3125,2.8864564747247075,13,J H O,I,False,False,3.220745801925659,0.921875,0.7154240012168884,True,0.33487990498542786
train-020372-d4bfc952f0acc23f,6,7,train,15330193014654812735,pointer,P,J,,,N,False,True,,,-0.6875,0.0625,3.196130352413132,,J O Q,I,,False,,1.0390625,0.7386690378189087,,
train-020372-d4bfc952f0acc23f,6,8,train,15330193014654812735,pointer,P,O,,,N,False,True,,,-0.5625,0.0,3.2100716362306905,,O Q J,I,,False,,1.1015625,0.7505527138710022,,
train-020372-d4bfc952f0acc23f,6,9,train,15330193014654812735,pointer,P,O,,,N,False,True,,,-0.5625,0.0625,3.2117967457953394,,O Q J,K,,False,,1.1328125,0.7563575506210327,,
train-020372-d4bfc952f0acc23f,6,10,train,15330193014654812735,pointer,P,O,,,N,False,True,,,-0.5625,0.0625,3.2109463193765015,,O J Q,X,,False,,1.15625,0.7606506943702698,,
train-020372-d4bfc952f0acc23f,6,11,train,15330193014654812735,pointer,P,O,,,N,False,True,,,-0.5625,0.0,3.2097103527515465,,O Q J,X,,False,,1.171875,0.7634837031364441,,
train-020372-d4bfc952f0acc23f,6,12,train,15330193014654812735,pointer,P,O,,,N,False,True,,,-0.5625,0.0,3.2093476137213637,,O Q J,X,,False,,1.1796875,0.7648916244506836,,
train-018951-3cc74311f97bca09,8,1,train,4379542907120241161,pointer,B,J,J,True,B,False,False,3.576278118089249e-07,16.125,-16.71875,16.125,6.968107947997363e-06,1,J A I,J,True,True,0.008656949736177921,-0.62109375,0.34953272342681885,False,0.43006432056427
train-018951-3cc74311f97bca09,8,2,train,4379542907120241161,pointer,B,B,B,True,B,True,False,0.0002649671514518559,8.25,8.25,8.25,0.0024759998724959474,1,B J R,B,True,True,0.018591783940792084,-0.4296875,0.3942009508609772,False,0.5012069344520569
train-018951-3cc74311f97bca09,8,3,train,4379542907120241161,pointer,B,J,J,True,B,False,False,0.4335119128227234,0.625,-0.625,0.625,0.6876616584991323,1,J B P,B,False,False,3.4487545490264893,-0.07958984375,0.48011302947998047,False,0.6541438698768616
train-018951-3cc74311f97bca09,8,4,train,4379542907120241161,pointer,B,B,B,True,B,True,False,0.5698584914207458,0.75,0.75,0.75,1.2386688646830142,1,B J P,D,False,False,2.9738659858703613,0.333984375,0.5827285051345825,False,0.8740182518959045
train-018951-3cc74311f97bca09,8,5,train,4379542907120241161,pointer,B,B,J,False,B,True,False,1.5464661121368408,-0.875,0.875,0.875,1.6009975833753702,2,B J P,D,False,False,3.606205463409424,0.65625,0.6584175229072571,False,1.0741660594940186
train-018951-3cc74311f97bca09,8,6,train,4379542907120241161,pointer,B,B,B,True,B,True,False,1.1113553047180176,0.6875,0.6875,0.6875,2.2965085046941227,1,B P J,R,False,False,3.206507682800293,0.89453125,0.7098243832588196,False,1.2372689247131348
train-018951-3cc74311f97bca09,8,7,train,4379542907120241161,pointer,B,B,J,False,B,True,False,2.4533767700195312,-0.875,0.875,0.875,2.8038462987894865,2,B J P,O,False,False,3.5532007217407227,1.0390625,0.7386690378189087,False,1.3419678211212158
train-018951-3cc74311f97bca09,8,8,train,4379542907120241161,pointer,B,B,B,True,B,True,False,1.7424912452697754,0.75,0.75,0.75,2.8769238111236577,1,B Z J,K,False,False,3.1732375621795654,1.109375,0.7520126104354858,True,0.2850022614002228
train-018951-3cc74311f97bca09,8,9,train,4379542907120241161,pointer,B,B,,,B,True,True,,,0.6875,0.6875,2.8838772884610955,,B Z J,K,,False,,1.1484375,0.7592254281044006,,
train-018951-3cc74311f97bca09,8,10,train,4379542907120241161,pointer,B,B,,,B,True,True,,,0.625,0.625,2.880085471708222,,B Z J,K,,False,,1.1640625,0.7620701193809509,,
train-018951-3cc74311f97bca09,8,11,train,4379542907120241161,pointer,B,B,,,B,True,True,,,0.6875,0.6875,2.8831499502747646,,B Z J,K,,False,,1.1796875,0.7648916244506836,,
train-018951-3cc74311f97bca09,8,12,train,4379542907120241161,pointer,B,B,,,B,True,True,,,0.6875,0.6875,2.8756812618523364,,B Z J,K,,False,,1.1875,0.7662936449050903,,
train-015190-27a5287bbddd9c8a,10,1,train,2856734050567953546,pointer,T,Z,Z,True,K,False,False,3.576278118089249e-07,16.375,-19.53125,16.375,5.406907385034521e-06,1,Z A R,Z,True,True,0.0008217295398935676,-0.5390625,0.36840569972991943,False,0.4595080614089966
train-015190-27a5287bbddd9c8a,10,2,train,2856734050567953546,pointer,T,C,C,True,K,False,False,0.02633841522037983,3.625,-15.5,3.625,0.12090449252282427,1,C B A,C,True,True,0.028208483010530472,-0.314453125,0.42202815413475037,False,0.5482301115989685
train-015190-27a5287bbddd9c8a,10,3,train,2856734050567953546,pointer,T,B,B,True,K,False,False,0.28382042050361633,1.125,-7.9375,1.125,0.5810902754730302,1,B M C,C,False,False,2.7903025150299072,-0.0147705078125,0.4963074326515198,False,0.685789167881012
train-015190-27a5287bbddd9c8a,10,4,train,2856734050567953546,pointer,T,M,M,True,K,False,False,0.11671201884746552,3.125,-4.9375,3.125,0.5971324548106525,1,M B N,R,False,False,3.8140006065368652,0.365234375,0.5903069376945496,False,0.892346978187561
train-015190-27a5287bbddd9c8a,10,5,train,2856734050567953546,pointer,T,M,N,False,K,False,False,2.364894151687622,-1.9375,-3.1875,1.9375,1.5156990266193686,2,M N B,I,False,False,3.3688087463378906,0.67578125,0.6627964973449707,False,1.0870685577392578
train-015190-27a5287bbddd9c8a,10,6,train,2856734050567953546,pointer,T,M,V,False,K,False,False,3.3805007934570312,-2.1875,-1.375,0.6875,2.355640986360188,9,M N X,I,False,False,3.6047585010528564,0.91015625,0.7130321860313416,False,1.2483850717544556
train-015190-27a5287bbddd9c8a,10,7,train,2856734050567953546,pointer,T,M,A,False,K,False,False,3.8134360313415527,-2.125,-0.625,0.125,2.6332903088211936,10,M X N,I,False,False,3.4544966220855713,1.046875,0.740174412727356,False,1.3477444648742676
train-015190-27a5287bbddd9c8a,10,8,train,2856734050567953546,pointer,T,M,L,False,K,False,False,4.2153520584106445,-2.4375,-0.5625,0.0625,2.68917809102118,14,M X N,X,False,False,3.3126139640808105,1.1171875,0.7534666657447815,False,1.4002580642700195
train-015190-27a5287bbddd9c8a,10,9,train,2856734050567953546,pointer,T,M,Q,False,K,False,False,4.339718818664551,-2.625,-0.625,0.1875,2.693243731773069,16,M X N,X,False,False,3.2334423065185547,1.15625,0.7606506943702698,False,1.4298310279846191
train-015190-27a5287bbddd9c8a,10,10,train,2856734050567953546,pointer,T,M,K,False,K,False,False,2.345612049102783,-0.625,-0.625,0.1875,2.6947510792740115,4,M X N,X,False,False,3.036372423171997,1.1796875,0.7648916244506836,True,0.2680211365222931
train-015190-27a5287bbddd9c8a,10,11,train,2856734050567953546,pointer,T,M,,,K,False,True,,,-0.6875,0.25,2.6766442475590613,,M X N,X,,False,,1.1953125,0.7676898241043091,,
train-015190-27a5287bbddd9c8a,10,12,train,2856734050567953546,pointer,T,M,,,K,False,True,,,-0.6875,0.25,2.6805307806564675,,M X N,X,,False,,1.203125,0.7690802216529846,,
train-034658-7ce362f19e5da916,12,1,train,8999145270299961622,pointer,J,M,M,True,D,False,False,2.2053474822314456e-05,11.6875,-14.4375,11.6875,0.0003077964386255397,1,M O C,M,True,True,0.0024943212047219276,-0.48828125,0.38029852509498596,False,0.47851741313934326
train-034658-7ce362f19e5da916,12,2,train,8999145270299961622,pointer,J,N,N,True,D,False,False,2.1457441107486375e-05,11.25,-15.625,11.25,0.00028224448008468844,1,N M P,N,True,True,0.14670807123184204,-0.337890625,0.4163219630718231,False,0.5384057760238647
train-034658-7ce362f19e5da916,12,3,train,8999145270299961622,pointer,J,Q,Q,True,D,False,False,0.02105550840497017,3.9375,-9.8125,3.9375,0.11233828214207267,1,Q A N,N,False,False,3.170741558074951,-0.08203125,0.47950366139411926,False,0.6529724597930908
train-034658-7ce362f19e5da916,12,4,train,8999145270299961622,pointer,J,A,A,True,D,False,False,0.12453445792198181,2.1875,-6.375,2.1875,0.4537380831212023,1,A Q B,D,False,False,3.492584466934204,0.32421875,0.5803520083427429,False,0.8683391809463501
train-034658-7ce362f19e5da916,12,5,train,8999145270299961622,pointer,J,A,B,False,D,False,False,2.54797625541687,-2.1875,-3.9375,1.6875,1.2136775638779898,3,A Q B,W,False,False,3.4569904804229736,0.6640625,0.6601723432540894,False,1.0793168544769287
train-034658-7ce362f19e5da916,12,6,train,8999145270299961622,pointer,J,B,X,False,D,False,False,2.870595932006836,-1.3125,-1.5,0.625,2.8554967011432697,5,B A Q,I,False,False,3.272376775741577,0.89453125,0.7098243832588196,False,1.2372689247131348
train-034658-7ce362f19e5da916,12,7,train,8999145270299961622,pointer,J,B,K,False,D,False,False,2.89882755279541,-0.3125,-0.75,0.0625,3.2008575226371816,4,B X O,M,False,False,3.087188243865967,1.0234375,0.735641598701477,False,1.3304497003555298
train-034658-7ce362f19e5da916,12,8,train,8999145270299961622,pointer,J,X,I,False,D,False,False,3.157524585723877,-0.4375,-0.5625,0.125,3.225332088978916,7,X B O,M,False,False,3.125056266784668,1.0859375,0.7476159334182739,False,1.3768033981323242
train-034658-7ce362f19e5da916,12,9,train,8999145270299961622,pointer,J,X,F,False,D,False,False,3.310316324234009,-0.5625,-0.5625,0.125,3.226633093696421,13,X B O,X,False,True,3.3042962551116943,1.125,0.7549149990081787,False,1.4061501026153564
train-034658-7ce362f19e5da916,12,10,train,8999145270299961622,pointer,J,X,S,False,D,False,False,3.685164213180542,-0.9375,-0.5,0.125,3.2267818524659346,26,X B O,X,False,True,3.2209413051605225,1.1484375,0.7592254281044006,False,1.4238940477371216
train-034658-7ce362f19e5da916,12,11,train,8999145270299961622,pointer,J,X,O,False,D,False,False,2.926842451095581,-0.1875,-0.5625,0.125,3.227837129102526,3,X B O,X,False,True,3.1456663608551025,1.15625,0.7606506943702698,False,1.4298310279846191
train-034658-7ce362f19e5da916,12,12,train,8999145270299961622,pointer,J,X,D,False,D,False,False,3.2951853275299072,-0.5625,-0.5625,0.125,3.22718544109345,12,X B O,X,False,True,3.3097825050354004,1.171875,0.7634837031364441,True,0.26986342668533325
