example_id,task_depth,loop,split,seed,family,initial_state,prediction,intermediate_target,intermediate_correct,final_target,final_correct,post_completion,intermediate_loss,intermediate_margin,final_margin,predicted_margin,answer_entropy,target_rank,top_symbols,r_prediction,r_intermediate_correct,r_c_agree,r_intermediate_loss,stop_logit,stop_probability,stop_target,stop_loss
train-017550-2da9fdf39c01ec4c,1,1,train,3290440225507109964,pointer,I,T,T,True,T,True,False,2.407998726994265e-05,11.59375,11.59375,11.59375,0.0003338928301380575,1,T D R,T,True,True,0.00038223114097490907,-0.3671875,0.40922078490257263,True,0.8935004472732544
train-017550-2da9fdf39c01ec4c,1,2,train,3290440225507109964,pointer,I,V,,,T,False,True,,,-14.71875,11.5625,0.0003237209633645087,,V U C,V,,True,,-0.51953125,0.3729618489742279,,
train-017550-2da9fdf39c01ec4c,1,3,train,3290440225507109964,pointer,I,K,,,T,False,True,,,-12.0,2.125,0.34534171528557134,,K P J,V,,False,,-0.341796875,0.4153730273246765,,
train-017550-2da9fdf39c01ec4c,1,4,train,3290440225507109964,pointer,I,K,,,T,False,True,,,-9.6875,1.0,0.6330308107778375,,K P J,V,,False,,0.05126953125,0.5128145813941956,,
train-017550-2da9fdf39c01ec4c,1,5,train,3290440225507109964,pointer,I,P,,,T,False,True,,,-3.5625,0.125,2.2016036430086494,,P K Z,K,,False,,0.5,0.622459352016449,,
train-017550-2da9fdf39c01ec4c,1,6,train,3290440225507109964,pointer,I,P,,,T,False,True,,,-2.125,0.125,2.520859219786032,,P X V,V,,False,,0.84375,0.6992544531822205,,
train-017550-2da9fdf39c01ec4c,1,7,train,3290440225507109964,pointer,I,P,,,T,False,True,,,-1.3125,0.25,2.5941209393708577,,P V Z,P,,True,,1.0703125,0.7446563243865967,,
train-017550-2da9fdf39c01ec4c,1,8,train,3290440225507109964,pointer,I,P,,,T,False,True,,,-1.375,0.3125,2.5353402933357536,,P V Z,P,,True,,1.1875,0.7662936449050903,,
train-017550-2da9fdf39c01ec4c,1,9,train,3290440225507109964,pointer,I,P,,,T,False,True,,,-1.375,0.3125,2.510590469530802,,P V Z,P,,True,,1.2578125,0.7786493301391602,,
train-017550-2da9fdf39c01ec4c,1,10,train,3290440225507109964,pointer,I,P,,,T,False,True,,,-1.4375,0.375,2.4959286717206703,,P V Z,P,,True,,1.3046875,0.7866228222846985,,
train-017550-2da9fdf39c01ec4c,1,11,train,3290440225507109964,pointer,I,P,,,T,False,True,,,-1.375,0.3125,2.5122273210198656,,P V Z,P,,True,,1.328125,0.7905303239822388,,
train-017550-2da9fdf39c01ec4c,1,12,train,3290440225507109964,pointer,I,P,,,T,False,True,,,-1.375,0.3125,2.4955237711043186,,P V Z,P,,True,,1.3515625,0.7943849563598633,,
train-028513-482db515c5465556,2,1,train,5201012249791452502,pointer,E,H,H,True,X,False,False,5.8412379075889476e-06,13.75,-15.625,13.75,9.270098260942726e-05,1,H M L,H,True,True,0.00015567521040793508,-0.447265625,0.3900110721588135,False,0.4943144917488098
train-028513-482db515c5465556,2,2,train,5201012249791452502,pointer,E,X,X,True,X,True,False,1.3351351299206726e-05,12.625,12.625,12.625,0.0001965443134641602,1,X C Q,X,True,True,0.002637481316924095,-0.42578125,0.3951341509819031,True,0.9285299181938171
train-028513-482db515c5465556,2,3,train,5201012249791452502,pointer,E,Q,,,X,False,True,,,-12.8125,2.25,0.3259326507425604,,Q J A,Q,,True,,-0.35546875,0.41205689311027527,,
train-028513-482db515c5465556,2,4,train,5201012249791452502,pointer,E,J,,,X,False,True,,,-9.4375,2.5,0.28097002883254635,,J E Q,Q,,False,,-0.095703125,0.47609245777130127,,
train-028513-482db515c5465556,2,5,train,5201012249791452502,pointer,E,E,,,X,False,True,,,-5.0625,2.25,1.008716851230654,,E U Z,J,,False,,0.1806640625,0.5450435876846313,,
train-028513-482db515c5465556,2,6,train,5201012249791452502,pointer,E,J,,,X,False,True,,,-2.0625,0.0625,2.15593570119553,,J H E,H,,False,,0.498046875,0.6220002174377441,,
train-028513-482db515c5465556,2,7,train,5201012249791452502,pointer,E,J,,,X,False,True,,,-2.0,0.625,2.5029485631331494,,J H E,H,,False,,0.76171875,0.6817268133163452,,
train-028513-482db515c5465556,2,8,train,5201012249791452502,pointer,E,J,,,X,False,True,,,-2.0,0.75,2.7725947776361246,,J E H,H,,False,,0.96484375,0.724090576171875,,
train-028513-482db515c5465556,2,9,train,5201012249791452502,pointer,E,J,,,X,False,True,,,-1.875,0.5625,2.943852878411045,,J E Q,H,,False,,1.1171875,0.7534666657447815,,
train-028513-482db515c5465556,2,10,train,5201012249791452502,pointer,E,J,,,X,False,True,,,-1.625,0.375,3.0499067506712874,,J E Q,H,,False,,1.234375,0.7745833992958069,,
train-028513-482db515c5465556,2,11,train,5201012249791452502,pointer,E,J,,,X,False,True,,,-1.375,0.375,3.135301388236127,,J E Q,B,,False,,1.3203125,0.7892336845397949,,
train-028513-482db515c5465556,2,12,train,5201012249791452502,pointer,E,J,,,X,False,True,,,-1.0,0.1875,3.198587618913152,,J E Q,B,,False,,1.359375,0.7956580519676208,,
train-027434-d400c0bd81dcd93e,3,1,train,15276421856200808766,pointer,D,D,D,True,D,True,False,4.136476854910143e-05,10.5625,10.5625,10.5625,0.0005231639721964929,1,D C R,D,True,True,0.00039009589818306267,-0.5078125,0.3757064640522003,False,0.47113466262817383
train-027434-d400c0bd81dcd93e,3,2,train,15276421856200808766,pointer,D,D,D,True,D,True,False,8.22540732769994e-06,12.1875,12.1875,12.1875,0.00011632452182936698,1,D C B,D,True,True,0.002068405505269766,-0.53125,0.37022536993026733,False,0.46239328384399414
train-027434-d400c0bd81dcd93e,3,3,train,15276421856200808766,pointer,D,D,D,True,D,True,False,8.34461570775602e-06,12.5,12.5,12.5,0.00012124416920195597,1,D C A,D,True,True,0.968376874923706,-0.330078125,0.4182216227054596,True,0.8717437982559204
train-027434-d400c0bd81dcd93e,3,4,train,15276421856200808766,pointer,D,D,,,D,True,True,,,12.5625,12.5625,8.379662204481893e-05,,D C A,D,,True,,-0.1513671875,0.46223029494285583,,
train-027434-d400c0bd81dcd93e,3,5,train,15276421856200808766,pointer,D,D,,,D,True,True,,,12.375,12.375,9.702326009879496e-05,,D C A,D,,True,,-0.0078125,0.4980469048023224,,
train-027434-d400c0bd81dcd93e,3,6,train,15276421856200808766,pointer,D,D,,,D,True,True,,,12.4375,12.4375,0.00010084736858281586,,D C A,D,,True,,0.099609375,0.5248817801475525,,
train-027434-d400c0bd81dcd93e,3,7,train,15276421856200808766,pointer,D,D,,,D,True,True,,,12.5,12.5,0.00010105698051724666,,D C F,D,,True,,0.17578125,0.543832540512085,,
train-027434-d400c0bd81dcd93e,3,8,train,15276421856200808766,pointer,D,D,,,D,True,True,,,12.5625,12.5625,0.00010065721390811284,,D C F,D,,True,,0.2294921875,0.5571225881576538,,
train-027434-d400c0bd81dcd93e,3,9,train,15276421856200808766,pointer,D,D,,,D,True,True,,,12.6875,12.6875,9.195840595423667e-05,,D C F,D,,True,,0.263671875,0.5655387043952942,,
train-027434-d400c0bd81dcd93e,3,10,train,15276421856200808766,pointer,D,D,,,D,True,True,,,12.75,12.75,8.897776131505248e-05,,D C F,D,,True,,0.2890625,0.5717666149139404,,
train-027434-d400c0bd81dcd93e,3,11,train,15276421856200808766,pointer,D,D,,,D,True,True,,,12.6875,12.6875,9.268400756706108e-05,,D C F,D,,True,,0.302734375,0.5751108527183533,,
train-027434-d400c0bd81dcd93e,3,12,train,15276421856200808766,pointer,D,D,,,D,True,True,,,12.75,12.75,8.703136562601375e-05,,D C F,D,,True,,0.310546875,0.5770187377929688,,
train-011064-51a24a3d90468f93,4,1,train,5882345691573292947,pointer,X,J,J,True,D,False,False,9.63164638960734e-05,10.0,-10.1875,10.0,0.001111764743684925,1,J B D,J,True,True,8.844937838148326e-05,-0.5234375,0.3720487952232361,False,0.4652928113937378
train-011064-51a24a3d90468f93,4,2,train,5882345691573292947,pointer,X,D,D,True,D,True,False,1.9073304429184645e-05,11.375,11.375,11.375,0.00025563360568140164,1,D C B,D,True,True,0.001665158779360354,-0.51171875,0.3747906982898712,False,0.46966880559921265
train-011064-51a24a3d90468f93,4,3,train,5882345691573292947,pointer,X,B,B,True,D,False,False,0.0033818455412983894,5.75,-5.75,5.75,0.023719150127765994,1,B D A,E,False,False,2.2605648040771484,-0.259765625,0.435421347618103,False,0.5716755390167236
train-011064-51a24a3d90468f93,4,4,train,5882345691573292947,pointer,X,D,D,True,D,True,False,0.4782751798629761,0.5,0.5,0.5,0.6957121842447077,1,D B C,D,True,True,1.8431483507156372,0.1416015625,0.5353413820266724,True,0.6248506903648376
train-011064-51a24a3d90468f93,4,5,train,5882345691573292947,pointer,X,B,,,D,False,True,,,-0.25,0.25,0.8720557080188033,,B D A,D,,False,,0.515625,0.6261242032051086,,
train-011064-51a24a3d90468f93,4,6,train,5882345691573292947,pointer,X,B,,,D,False,True,,,-0.3125,0.3125,1.4157320993297617,,B D P,D,,False,,0.80859375,0.6918097138404846,,
train-011064-51a24a3d90468f93,4,7,train,5882345691573292947,pointer,X,B,,,D,False,True,,,-0.4375,0.4375,1.600498347466297,,B D P,D,,False,,1.015625,0.7341195344924927,,
train-011064-51a24a3d90468f93,4,8,train,5882345691573292947,pointer,X,B,,,D,False,True,,,-0.4375,0.4375,1.5872103510783035,,B D P,D,,False,,1.140625,0.7577943801879883,,
train-011064-51a24a3d90468f93,4,9,train,5882345691573292947,pointer,X,B,,,D,False,True,,,-0.375,0.375,1.5383580338653078,,B D P,D,,False,,1.2109375,0.7704647779464722,,
train-011064-51a24a3d90468f93,4,10,train,5882345691573292947,pointer,X,B,,,D,False,True,,,-0.375,0.375,1.5371141304475573,,B D P,D,,False,,1.2421875,0.7759445905685425,,
train-011064-51a24a3d90468f93,4,11,train,5882345691573292947,pointer,X,B,,,D,False,True,,,-0.375,0.375,1.5162790821417726,,B D P,D,,False,,1.2578125,0.7786493301391602,,
train-011064-51a24a3d90468f93,4,12,train,5882345691573292947,pointer,X,B,,,D,False,True,,,-0.375,0.375,1.5128249138993513,,B D P,D,,False,,1.265625,0.7799928784370422,,
train-015196-13d4b272449f280f,5,1,train,1428963185630586895,pointer,N,K,K,True,O,False,False,3.576278118089249e-07,15.875,-21.7861328125,15.875,7.720774682059533e-06,1,K C J,K,True,True,0.0009105826611630619,-0.546875,0.3665897250175476,False,0.456636905670166
train-015196-13d4b272449f280f,5,2,train,1428963185630586895,pointer,N,X,X,True,O,False,False,0.00021050144277978688,8.5,-17.875,8.5,0.0020397423819854257,1,X B Z,X,True,True,0.0022818022407591343,-0.546875,0.3665897250175476,False,0.456636905670166
train-015196-13d4b272449f280f,5,3,train,1428963185630586895,pointer,N,B,B,True,O,False,False,0.0002824861148837954,8.9375,-12.875,8.9375,0.003174623787751407,1,B A X,K,False,False,2.315338611602783,-0.369140625,0.40874868631362915,False,0.5255141258239746
train-015196-13d4b272449f280f,5,4,train,1428963185630586895,pointer,N,A,A,True,O,False,False,0.005172442179173231,5.5625,-8.125,5.5625,0.03886921350978318,1,A B O,A,True,True,1.7404838800430298,0.0101318359375,0.502532958984375,False,0.6982259154319763
train-015196-13d4b272449f280f,5,5,train,1428963185630586895,pointer,N,A,O,False,O,False,False,1.3558834791183472,-0.9375,-0.9375,0.9375,1.0442621314292395,2,A O B,O,True,False,2.370532274246216,0.3984375,0.5983121991157532,True,0.5136426091194153
train-015196-13d4b272449f280f,5,6,train,1428963185630586895,pointer,N,A,,,O,False,True,,,-0.625,0.5,2.3937231659897242,,A B O,O,,False,,0.671875,0.6619228720664978,,
train-015196-13d4b272449f280f,5,7,train,1428963185630586895,pointer,N,A,,,O,False,True,,,-1.625,1.125,1.915085644452344,,A P O,Q,,False,,0.90234375,0.7114308476448059,,
train-015196-13d4b272449f280f,5,8,train,1428963185630586895,pointer,N,A,,,O,False,True,,,-2.375,0.4375,2.115505234372403,,A T P,Q,,False,,1.0546875,0.74167400598526,,
train-015196-13d4b272449f280f,5,9,train,1428963185630586895,pointer,N,A,,,O,False,True,,,-1.4375,0.25,2.627073992392125,,A T H,Q,,False,,1.15625,0.7606506943702698,,
train-015196-13d4b272449f280f,5,10,train,1428963185630586895,pointer,N,A,,,O,False,True,,,-0.6875,0.1875,2.998456270674013,,A H T,H,,False,,1.2265625,0.7732163667678833,,
train-015196-13d4b272449f280f,5,11,train,1428963185630586895,pointer,N,H,,,O,False,True,,,-0.4375,0.0625,3.157661460604807,,H A T,H,,True,,1.2890625,0.7839884757995605,,
train-015196-13d4b272449f280f,5,12,train,1428963185630586895,pointer,N,N,,,O,False,True,,,-0.6875,0.3125,3.2182697026973908,,N B H,H,,False,,1.3203125,0.7892336845397949,,
train-031010-3b402ed8c72d2397,6,1,train,4269463955336668055,pointer,J,V,V,True,C,False,False,9.536738616588991e-07,15.09375,-17.09375,15.09375,1.9472316275623346e-05,1,V Z Y,V,True,True,0.0001137191939051263,-0.60546875,0.35309353470802307,False,0.43555355072021484
train-031010-3b402ed8c72d2397,6,2,train,4269463955336668055,pointer,J,B,B,True,C,False,False,6.651657167822123e-05,10.75,-11.8125,10.75,0.0008468635111630245,1,B H L,B,True,True,0.0009778724052011967,-0.609375,0.35220175981521606,False,0.434175968170166
train-031010-3b402ed8c72d2397,6,3,train,4269463955336668055,pointer,J,I,I,True,C,False,False,0.00023624490131624043,9.4375,-12.40625,9.4375,0.0027090891686451625,1,I H S,I,True,True,0.25321945548057556,-0.361328125,0.41063809394836426,False,0.5287148356437683
train-031010-3b402ed8c72d2397,6,4,train,4269463955336668055,pointer,J,H,H,True,C,False,False,0.013564087450504303,4.5,-7.8125,4.5,0.08499344551817559,1,H I C,I,False,False,3.311532735824585,-0.05126953125,0.48718541860580444,False,0.6678408980369568
train-031010-3b402ed8c72d2397,6,5,train,4269463955336668055,pointer,J,Q,Q,True,C,False,False,1.059295654296875,0.4375,-0.4375,0.4375,1.7978258604127602,1,Q C H,I,False,False,2.982869863510132,0.39453125,0.5973730087280273,False,0.9097447991371155
train-031010-3b402ed8c72d2397,6,6,train,4269463955336668055,pointer,J,C,C,True,C,True,False,0.9283792972564697,0.1875,0.1875,0.1875,1.720050094316031,1,C Q S,C,True,True,2.4789857864379883,0.7890625,0.6876299977302551,True,0.3745043873786926
train-031010-3b402ed8c72d2397,6,7,train,4269463955336668055,pointer,J,C,,,C,True,True,,,0.0625,0.0625,1.8800440228844335,,C Q H,C,,True,,1.03125,0.7371581792831421,,
train-031010-3b402ed8c72d2397,6,8,train,4269463955336668055,pointer,J,C,,,C,True,True,,,0.0625,0.0625,1.9246992869804473,,C Q H,C,,True,,1.1796875,0.7648916244506836,,
train-031010-3b402ed8c72d2397,6,9,train,4269463955336668055,pointer,J,C,,,C,True,True,,,0.125,0.125,1.9946050304692435,,C Q H,C,,True,,1.265625,0.7799928784370422,,
train-031010-3b402ed8c72d2397,6,10,train,4269463955336668055,pointer,J,C,,,C,True,True,,,0.125,0.125,2.0257945192684845,,C Q H,C,,True,,1.3046875,0.7866228222846985,,
train-031010-3b402ed8c72d2397,6,11,train,4269463955336668055,pointer,J,C,,,C,True,True,,,0.1875,0.1875,1.944013136295136,,C Q H,C,,True,,1.328125,0.7905303239822388,,
train-031010-3b402ed8c72d2397,6,12,train,4269463955336668055,pointer,J,C,,,C,True,True,,,0.1875,0.1875,2.0037320204350486,,C Q H,C,,True,,1.34375,0.793105959892273,,
train-015747-f1c88e83dad8868c,8,1,train,17422331855446247052,pointer,P,L,L,True,O,False,False,4.172316494077677e-06,13.75,-16.75,13.75,6.708368188501129e-05,1,L C D,L,True,True,0.00013672371278516948,-0.5234375,0.3720487952232361,False,0.4652928113937378
train-015747-f1c88e83dad8868c,8,2,train,17422331855446247052,pointer,P,O,O,True,O,True,False,0.0002949994814116508,8.625,8.625,8.625,0.0030572596483710627,1,O P V,O,True,True,0.06411883234977722,-0.5234375,0.3720487952232361,False,0.4652928113937378
train-015747-f1c88e83dad8868c,8,3,train,17422331855446247052,pointer,P,P,P,True,O,False,False,0.38755735754966736,0.75,-7.75,0.75,0.6342578415950552,1,P L O,E,False,False,3.0600709915161133,-0.279296875,0.43062615394592285,False,0.5632180571556091
train-015747-f1c88e83dad8868c,8,4,train,17422331855446247052,pointer,P,O,L,False,O,True,False,2.683809280395508,-2.125,0.5,0.5,0.9623570916084818,3,O P L,O,False,True,3.885561466217041,0.1142578125,0.528533399105072,False,0.7519071102142334
train-015747-f1c88e83dad8868c,8,5,train,17422331855446247052,pointer,P,O,O,True,O,True,False,0.7676141262054443,0.375,0.375,0.375,1.4945041994392139,1,O P L,O,True,True,1.9072195291519165,0.498046875,0.6220002174377441,False,0.9728617072105408
train-015747-f1c88e83dad8868c,8,6,train,17422331855446247052,pointer,P,E,P,False,O,False,False,2.204817771911621,-1.75,-2.1875,1.75,1.472051941150946,2,E P O,E,False,True,3.2777442932128906,0.81640625,0.6934729218482971,False,1.1824493408203125
train-015747-f1c88e83dad8868c,8,7,train,17422331855446247052,pointer,P,E,L,False,O,False,False,2.988283634185791,-2.6875,-3.125,2.375,1.1665309681690699,3,E P L,E,False,True,3.8105087280273438,1.015625,0.7341195344924927,False,1.3247084617614746
train-015747-f1c88e83dad8868c,8,8,train,17422331855446247052,pointer,P,E,O,False,O,False,False,3.5001466274261475,-3.1875,-3.1875,2.0625,1.1559432073764455,4,E P L,E,False,True,3.153916358947754,1.1328125,0.7563575506210327,True,0.27924108505249023
train-015747-f1c88e83dad8868c,8,9,train,17422331855446247052,pointer,P,E,,,O,False,True,,,-3.4375,1.9375,1.1143862051038627,,E P L,E,,True,,1.1953125,0.7676898241043091,,
train-015747-f1c88e83dad8868c,8,10,train,17422331855446247052,pointer,P,E,,,O,False,True,,,-4.0625,1.9375,1.0116199155750396,,E P L,E,,True,,1.234375,0.7745833992958069,,
train-015747-f1c88e83dad8868c,8,11,train,17422331855446247052,pointer,P,E,,,O,False,True,,,-4.875,2.125,0.877430753027167,,E P L,E,,True,,1.25,0.7772998809814453,,
train-015747-f1c88e83dad8868c,8,12,train,17422331855446247052,pointer,P,E,,,O,False,True,,,-5.8125,2.3125,0.7575307325086461,,E P F,E,,True,,1.25,0.7772998809814453,,
train-025342-c6089c0814d91af7,10,1,train,14269826977846860535,pointer,Y,J,J,True,V,False,False,1.7046782886609435e-05,11.4375,-18.5625,11.4375,0.00023278635877716097,1,J D Q,J,True,True,0.0004919749335385859,-0.5390625,0.36840569972991943,False,0.4595080614089966
train-025342-c6089c0814d91af7,10,2,train,14269826977846860535,pointer,Y,Q,Q,True,V,False,False,1.2040065485052764e-05,11.4375,-20.96875,11.4375,0.00015574180323627178,1,Q A P,Q,True,True,0.007825787179172039,-0.52734375,0.3711366057395935,False,0.4638412594795227
train-025342-c6089c0814d91af7,10,3,train,14269826977846860535,pointer,Y,A,A,True,V,False,False,0.00018523407925385982,9.25,-12.6875,9.25,0.002144014827906303,1,A B D,B,False,False,3.3845467567443848,-0.28125,0.43014734983444214,False,0.5623774528503418
train-025342-c6089c0814d91af7,10,4,train,14269826977846860535,pointer,Y,W,W,True,V,False,False,0.0007620529504492879,8.125,-9.4375,8.125,0.007929820020097997,1,W T Z,W,True,True,1.919252634048462,0.033447265625,0.5083610415458679,False,0.7100106477737427
train-025342-c6089c0814d91af7,10,5,train,14269826977846860535,pointer,Y,W,T,False,V,False,False,1.7128925323486328,-1.5,-6.5,1.5,0.5634281547296287,2,W T G,T,True,False,2.5248260498046875,0.40625,0.6001883149147034,False,0.9167617559432983
train-025342-c6089c0814d91af7,10,6,train,14269826977846860535,pointer,Y,T,B,False,V,False,False,1.9728068113327026,-1.0,-3.1875,0.625,2.171682276307432,3,T W B,T,False,True,3.4100255966186523,0.7421875,0.6774740219116211,False,1.1315715312957764
train-025342-c6089c0814d91af7,10,7,train,14269826977846860535,pointer,Y,T,U,False,V,False,False,3.50392746925354,-1.375,-1.125,0.0,3.0425267022401328,13,T W B,B,False,False,3.479339838027954,0.99609375,0.730289876461029,False,1.3104075193405151
train-025342-c6089c0814d91af7,10,8,train,14269826977846860535,pointer,Y,B,Z,False,V,False,False,3.533191442489624,-0.875,-0.5625,0.125,3.219005174270803,22,B J Q,B,False,True,3.3083410263061523,1.1875,0.7662936449050903,False,1.4536898136138916
train-025342-c6089c0814d91af7,10,9,train,14269826977846860535,pointer,Y,Q,L,False,V,False,False,3.320246696472168,-0.5,-0.375,0.125,3.2433588324665106,15,Q B G,B,False,False,3.6473429203033447,1.2734375,0.7813306450843811,False,1.520194411277771
train-025342-c6089c0814d91af7,10,10,train,14269826977846860535,pointer,Y,Q,V,False,V,False,False,3.190723180770874,-0.375,-0.375,0.125,3.243154901236273,10,Q B E,Q,False,True,3.1816322803497314,1.3203125,0.7892336845397949,True,0.23669280111789703
train-025342-c6089c0814d91af7,10,11,train,14269826977846860535,pointer,Y,Q,,,V,False,True,,,-0.4375,0.1875,3.241306726241604,,Q B E,Q,,True,,1.34375,0.793105959892273,,
train-025342-c6089c0814d91af7,10,12,train,14269826977846860535,pointer,Y,Q,,,V,False,True,,,-0.4375,0.1875,3.2409765084312814,,Q B E,Q,,True,,1.359375,0.7956580519676208,,
train-021284-2eb9e31042c7173f,12,1,train,3366971855415482175,pointer,V,T,T,True,Y,False,False,1.9550132492440753e-05,12.0,-18.54296875,12.0,0.0002785945381807415,1,T D A,T,True,True,0.0012297218199819326,-0.58984375,0.35667070746421814,False,0.44109857082366943
train-021284-2eb9e31042c7173f,12,2,train,3366971855415482175,pointer,V,Y,Y,True,Y,True,False,0.0002540027489885688,8.3125,8.3125,8.3125,0.002415020499231454,1,Y S Z,Y,True,True,0.0009586982196196914,-0.5625,0.36296918988227844,False,0.45093727111816406
train-021284-2eb9e31042c7173f,12,3,train,3366971855415482175,pointer,V,S,S,True,Y,False,False,0.02320677787065506,4.3125,-7.125,4.3125,0.13399513902008178,1,S V U,Y,False,False,4.27847957611084,-0.328125,0.41869693994522095,False,0.5424830317497253
train-021284-2eb9e31042c7173f,12,4,train,3366971855415482175,pointer,V,V,U,False,Y,False,False,1.1515437364578247,-0.75,-6.375,0.75,0.7288232010803938,2,V U S,V,False,True,3.059340000152588,0.06005859375,0.5150101780891418,False,0.7236272692680359
train-021284-2eb9e31042c7173f,12,5,train,3366971855415482175,pointer,V,V,V,True,Y,False,False,1.3788975477218628,0.5,-0.625,0.5,2.636122344147361,1,V S Y,V,True,True,2.6679108142852783,0.49609375,0.621540904045105,False,0.9716472625732422
train-021284-2eb9e31042c7173f,12,6,train,3366971855415482175,pointer,V,S,T,False,Y,False,False,3.626887083053589,-1.1875,-0.0625,0.0625,3.120880017601531,16,S Y H,Y,False,False,3.4257421493530273,0.8828125,0.7074047327041626,False,1.2289648056030273
train-021284-2eb9e31042c7173f,12,7,train,3366971855415482175,pointer,V,G,Y,False,Y,False,False,3.233949661254883,-0.5,-0.5,0.25,3.235719534042712,12,G A B,B,False,False,3.0994579792022705,1.125,0.7549149990081787,False,1.4061501026153564
train-021284-2eb9e31042c7173f,12,8,train,3366971855415482175,pointer,V,G,S,False,Y,False,False,3.1524949073791504,-0.1875,-0.375,0.0625,3.2482588346900125,7,G B Q,B,False,False,3.1850759983062744,1.25,0.7772998809814453,False,1.5019290447235107
train-021284-2eb9e31042c7173f,12,9,train,3366971855415482175,pointer,V,G,U,False,Y,False,False,3.3857672214508057,-0.4375,-0.375,0.125,3.2481549606786553,21,G B Q,B,False,False,3.25125789642334,1.3125,0.7879312038421631,False,1.5508445501327515
train-021284-2eb9e31042c7173f,12,10,train,3366971855415482175,pointer,V,G,V,False,Y,False,False,3.039996862411499,-0.0625,-0.3125,0.0625,3.247788306941947,3,G B V,B,False,False,3.2490358352661133,1.34375,0.793105959892273,False,1.5755484104156494
train-021284-2eb9e31042c7173f,12,11,train,3366971855415482175,pointer,V,G,T,False,Y,False,False,3.1783571243286133,-0.1875,-0.3125,0.0625,3.248891317788143,10,G B V,B,False,False,3.37685227394104,1.3671875,0.7969253659248352,False,1.594181776046753
train-021284-2eb9e31042c7173f,12,12,train,3366971855415482175,pointer,V,G,Y,False,Y,False,False,3.3116207122802734,-0.375,-0.375,0.125,3.2477763808341265,18,G B V,B,False,False,3.2134602069854736,1.375,0.7981867790222168,True,0.22541265189647675
train-015642-d231c1cbe0efdf6b,1,1,train,15146100103220027243,pointer,M,E,E,True,E,True,False,0.00022110878489911556,9.3125,9.3125,9.3125,0.002511369386987542,1,E C G,E,True,True,3.766942609217949e-05,-0.40234375,0.4007493853569031,True,0.9144190549850464
train-015642-d231c1cbe0efdf6b,1,2,train,15146100103220027243,pointer,M,D,,,E,False,True,,,-11.90625,8.8125,0.0024333242363100264,,D C S,D,,True,,-0.4453125,0.3904758393764496,,
train-015642-d231c1cbe0efdf6b,1,3,train,15146100103220027243,pointer,M,S,,,E,False,True,,,-10.75,1.375,0.5253328402434149,,S K J,B,,False,,-0.2158203125,0.44625335931777954,,
train-015642-d231c1cbe0efdf6b,1,4,train,15146100103220027243,pointer,M,K,,,E,False,True,,,-6.0625,1.375,1.1171818212786693,,K I W,B,,False,,0.201171875,0.5501240491867065,,
train-015642-d231c1cbe0efdf6b,1,5,train,15146100103220027243,pointer,M,B,,,E,False,True,,,-2.375,0.1875,2.9212484884853436,,B I C,I,,False,,0.57421875,0.6397360563278198,,
train-015642-d231c1cbe0efdf6b,1,6,train,15146100103220027243,pointer,M,I,,,E,False,True,,,-1.25,0.0625,3.168041529175607,,I C V,O,,False,,0.89453125,0.7098243832588196,,
train-015642-d231c1cbe0efdf6b,1,7,train,15146100103220027243,pointer,M,G,,,E,False,True,,,-0.3125,0.0625,3.2402259369599937,,G B F,B,,False,,1.109375,0.7520126104354858,,
train-015642-d231c1cbe0efdf6b,1,8,train,15146100103220027243,pointer,M,B,,,E,False,True,,,-0.1875,0.0,3.243425054198814,,B F G,B,,True,,1.2109375,0.7704647779464722,,
train-015642-d231c1cbe0efdf6b,1,9,train,15146100103220027243,pointer,M,F,,,E,False,True,,,-0.3125,0.0625,3.2409171282619957,,F G K,B,,False,,1.2734375,0.7813306450843811,,
train-015642-d231c1cbe0efdf6b,1,10,train,15146100103220027243,pointer,M,F,,,E,False,True,,,-0.3125,0.0625,3.238627777996173,,F G K,B,,False,,1.3046875,0.7866228222846985,,
train-015642-d231c1cbe0efdf6b,1,11,train,15146100103220027243,pointer,M,F,,,E,False,True,,,-0.3125,0.0625,3.2393138860988895,,F G K,B,,False,,1.328125,0.7905303239822388,,
train-015642-d231c1cbe0efdf6b,1,12,train,15146100103220027243,pointer,M,F,,,E,False,True,,,-0.25,0.0,3.2397109924516747,,F G K,B,,False,,1.3359375,0.7918210625648499,,
train-028585-3f6604f1450c38de,2,1,train,4568344306306005214,pointer,T,R,R,True,K,False,False,1.2993727978027891e-05,12.4375,-14.9375,12.4375,0.00018907011102003936,1,R Q C,R,True,True,0.00019369633810129017,-0.53125,0.37022536993026733,False,0.46239328384399414
train-028585-3f6604f1450c38de,2,2,train,4568344306306005214,pointer,T,K,K,True,K,True,False,2.288792165927589e-05,12.375,12.375,12.375,0.00032313149117473765,1,K D A,K,True,True,0.03716931864619255,-0.53125,0.37022536993026733,True,0.9936432838439941
train-028585-3f6604f1450c38de,2,3,train,4568344306306005214,pointer,T,Z,,,K,False,True,,,-11.0,9.9375,0.0029959768416170157,,Z X D,K,,False,,-0.27734375,0.4311051070690155,,
train-028585-3f6604f1450c38de,2,4,train,4568344306306005214,pointer,T,N,,,K,False,True,,,-10.625,3.125,0.3211229332420158,,N Z G,N,,True,,0.1259765625,0.5314525961875916,,
train-028585-3f6604f1450c38de,2,5,train,4568344306306005214,pointer,T,N,,,K,False,True,,,-7.9375,1.625,0.8054707648954548,,N G Z,N,,True,,0.4453125,0.6095241904258728,,
train-028585-3f6604f1450c38de,2,6,train,4568344306306005214,pointer,T,N,,,K,False,True,,,-6.3125,1.0625,1.185018496612911,,N G Z,N,,True,,0.69140625,0.666279673576355,,
train-028585-3f6604f1450c38de,2,7,train,4568344306306005214,pointer,T,N,,,K,False,True,,,-4.5625,0.6875,1.8857836456425754,,N G B,N,,True,,0.890625,0.709019124507904,,
train-028585-3f6604f1450c38de,2,8,train,4568344306306005214,pointer,T,N,,,K,False,True,,,-2.25,0.125,2.7125038529757877,,N B G,B,,False,,1.0703125,0.7446563243865967,,
train-028585-3f6604f1450c38de,2,9,train,4568344306306005214,pointer,T,G,,,K,False,True,,,-0.75,0.0625,3.206696073088979,,G N B,B,,False,,1.2265625,0.7732163667678833,,
train-028585-3f6604f1450c38de,2,10,train,4568344306306005214,pointer,T,G,,,K,False,True,,,-0.5,0.125,3.230238248570878,,G B N,B,,False,,1.296875,0.7853085398674011,,
train-028585-3f6604f1450c38de,2,11,train,4568344306306005214,pointer,T,G,,,K,False,True,,,-0.5,0.0,3.2217633040180056,,G N B,B,,False,,1.3359375,0.7918210625648499,,
train-028585-3f6604f1450c38de,2,12,train,4568344306306005214,pointer,T,G,,,K,False,True,,,-0.625,0.0625,3.2127101222914116,,G N B,B,,False,,1.3515625,0.7943849563598633,,
train-002378-c2ee5efb159808df,3,1,train,14046268720307243231,pointer,J,B,B,True,F,False,False,1.07287787614041e-05,12.1875,-15.1875,12.1875,0.000154715323570738,1,B C G,B,True,True,0.0031751003116369247,-0.546875,0.3665897250175476,False,0.456636905670166
train-002378-c2ee5efb159808df,3,2,train,14046268720307243231,pointer,J,Y,Y,True,F,False,False,0.06232094764709473,2.75,-2.75,2.75,0.23111458924903164,1,Y F Z,Y,True,True,0.339221328496933,-0.44921875,0.38954654335975647,False,0.4935532212257385
train-002378-c2ee5efb159808df,3,3,train,14046268720307243231,pointer,J,F,F,True,F,True,False,0.03287723287940025,4.5625,4.5625,4.5625,0.22280521652657495,1,F B C,F,True,True,0.6812393069267273,-0.2734375,0.43206343054771423,True,0.83918297290802
train-002378-c2ee5efb159808df,3,4,train,14046268720307243231,pointer,J,Q,,,F,False,True,,,-10.375,7.25,0.024898144638787107,,Q B P,M,,False,,-0.0634765625,0.484136164188385,,
train-002378-c2ee5efb159808df,3,5,train,14046268720307243231,pointer,J,J,,,F,False,True,,,-6.125,0.0,1.3201460059435035,,J S Q,S,,False,,0.400390625,0.5987815260887146,,
train-002378-c2ee5efb159808df,3,6,train,14046268720307243231,pointer,J,J,,,F,False,True,,,-3.0625,0.125,2.5381338353474185,,J S Q,B,,False,,0.79296875,0.6884684562683105,,
train-002378-c2ee5efb159808df,3,7,train,14046268720307243231,pointer,J,S,,,F,False,True,,,-0.75,0.375,3.210053589704676,,S J N,B,,False,,1.0625,0.7431680560112,,
train-002378-c2ee5efb159808df,3,8,train,14046268720307243231,pointer,J,Q,,,F,False,True,,,-0.1875,0.0625,3.246356898197885,,Q B N,B,,False,,1.1953125,0.7676898241043091,,
train-002378-c2ee5efb159808df,3,9,train,14046268720307243231,pointer,J,Q,,,F,False,True,,,-0.125,0.125,3.2427337410152988,,Q B F,B,,False,,1.265625,0.7799928784370422,,
train-002378-c2ee5efb159808df,3,10,train,14046268720307243231,pointer,J,Q,,,F,False,True,,,-0.25,0.125,3.2382356602502167,,Q S B,B,,False,,1.296875,0.7853085398674011,,
train-002378-c2ee5efb159808df,3,11,train,14046268720307243231,pointer,J,Q,,,F,False,True,,,-0.25,0.125,3.238090494058459,,Q J S,B,,False,,1.3203125,0.7892336845397949,,
train-002378-c2ee5efb159808df,3,12,train,14046268720307243231,pointer,J,Q,,,F,False,True,,,-0.25,0.125,3.236096581995021,,Q J S,B,,False,,1.328125,0.7905303239822388,,
train-016086-7de91ce81b5ccfe6,4,1,train,9072814707531632614,pointer,W,B,B,True,U,False,False,9.894321920000948e-06,12.1875,-18.625,12.1875,0.00014227699192548732,1,B C G,B,True,True,0.00016592556494288146,-0.609375,0.35220175981521606,False,0.434175968170166
train-016086-7de91ce81b5ccfe6,4,2,train,9072814707531632614,pointer,W,J,J,True,U,False,False,5.6503606174374e-05,10.375,-15.5625,10.375,0.0006981819969543518,1,J B D,J,True,True,0.04215167462825775,-0.62890625,0.34775859117507935,False,0.4273405075073242
train-016086-7de91ce81b5ccfe6,4,3,train,9072814707531632614,pointer,W,M,M,True,U,False,False,0.16089946031570435,1.75,-1.75,1.75,0.4265551604868956,1,M U L,J,False,False,2.8865413665771484,-0.28515625,0.42919009923934937,False,0.5606991052627563
train-016086-7de91ce81b5ccfe6,4,4,train,9072814707531632614,pointer,W,U,U,True,U,True,False,0.8841550946235657,0.3125,0.3125,0.3125,1.5479253676724654,1,U M X,X,False,False,3.3169283866882324,0.2119140625,0.5527811646461487,True,0.5927931070327759
train-016086-7de91ce81b5ccfe6,4,5,train,9072814707531632614,pointer,W,P,,,U,False,True,,,-2.5,0.5625,2.6961789296489607,,P E Y,O,,False,,0.5859375,0.642432451248169,,
train-016086-7de91ce81b5ccfe6,4,6,train,9072814707531632614,pointer,W,P,,,U,False,True,,,-3.625,0.25,2.7221732129615863,,P E S,E,,False,,0.84375,0.6992544531822205,,
train-016086-7de91ce81b5ccfe6,4,7,train,9072814707531632614,pointer,W,P,,,U,False,True,,,-2.25,0.5,2.9864920650161735,,P Z Y,E,,False,,1.0234375,0.735641598701477,,
train-016086-7de91ce81b5ccfe6,4,8,train,9072814707531632614,pointer,W,P,,,U,False,True,,,-1.875,0.875,3.1366498352814,,P Z G,B,,False,,1.1796875,0.7648916244506836,,
train-016086-7de91ce81b5ccfe6,4,9,train,9072814707531632614,pointer,W,P,,,U,False,True,,,-1.4375,0.8125,3.189451514541056,,P G Z,B,,False,,1.2734375,0.7813306450843811,,
train-016086-7de91ce81b5ccfe6,4,10,train,9072814707531632614,pointer,W,P,,,U,False,True,,,-1.4375,0.8125,3.1895266647641716,,P G S,B,,False,,1.3203125,0.7892336845397949,,
train-016086-7de91ce81b5ccfe6,4,11,train,9072814707531632614,pointer,W,P,,,U,False,True,,,-1.4375,0.8125,3.184457003258827,,P G Z,B,,False,,1.34375,0.793105959892273,,
train-016086-7de91ce81b5ccfe6,4,12,train,9072814707531632614,pointer,W,P,,,U,False,True,,,-1.5,0.8125,3.1786930489644565,,P Z G,B,,False,,1.359375,0.7956580519676208,,
train-019318-c12f5dafacec505e,5,1,train,13920447982327320670,pointer,V,P,P,True,X,False,False,6.9141146923357155e-06,13.6875,-17.84375,13.6875,0.00010509751500583609,1,P C M,P,True,True,2.1934269170742482e-05,-0.65234375,0.34246158599853516,False,0.41925203800201416
train-019318-c12f5dafacec505e,5,2,train,13920447982327320670,pointer,V,B,B,True,X,False,False,7.939023635117337e-05,10.625,-13.4375,10.625,0.0010112353068576763,1,B C D,B,True,True,0.007026249077171087,-0.640625,0.34510529041290283,False,0.42328083515167236
train-019318-c12f5dafacec505e,5,3,train,13920447982327320670,pointer,V,D,D,True,X,False,False,0.1270993947982788,2.0,-10.9375,2.0,0.36731161812480706,1,D J E,P,False,False,3.3815720081329346,-0.345703125,0.4144248068332672,False,0.5351606607437134
train-019318-c12f5dafacec505e,5,4,train,13920447982327320670,pointer,V,X,J,False,X,True,False,1.7645468711853027,-1.3125,1.3125,1.3125,1.1822294846248755,2,X J D,X,False,True,3.1103641986846924,0.1142578125,0.528533399105072,False,0.7519071102142334
train-019318-c12f5dafacec505e,5,5,train,13920447982327320670,pointer,V,X,X,True,X,True,False,1.3023449182510376,0.25,0.25,0.25,2.099021422305844,1,X L T,I,False,False,3.12888765335083,0.49609375,0.621540904045105,True,0.4755535423755646
train-019318-c12f5dafacec505e,5,6,train,13920447982327320670,pointer,V,T,,,X,False,True,,,-0.625,0.0625,2.7860670778731347,,T L X,I,,False,,0.8125,0.6926419734954834,,
train-019318-c12f5dafacec505e,5,7,train,13920447982327320670,pointer,V,X,,,X,True,True,,,0.1875,0.1875,3.0379283908399977,,X T L,O,,False,,1.0625,0.7431680560112,,
train-019318-c12f5dafacec505e,5,8,train,13920447982327320670,pointer,V,X,,,X,True,True,,,0.375,0.375,3.1674831343514978,,X T L,B,,False,,1.203125,0.7690802216529846,,
train-019318-c12f5dafacec505e,5,9,train,13920447982327320670,pointer,V,X,,,X,True,True,,,0.4375,0.4375,3.1550361530137123,,X T L,B,,False,,1.2734375,0.7813306450843811,,
train-019318-c12f5dafacec505e,5,10,train,13920447982327320670,pointer,V,X,,,X,True,True,,,0.4375,0.4375,3.133179383973537,,X T J,B,,False,,1.3046875,0.7866228222846985,,
train-019318-c12f5dafacec505e,5,11,train,13920447982327320670,pointer,V,X,,,X,True,True,,,0.5,0.5,3.1213488633805304,,X T J,B,,False,,1.328125,0.7905303239822388,,
train-019318-c12f5dafacec505e,5,12,train,13920447982327320670,pointer,V,X,,,X,True,True,,,0.5,0.5,3.107483487785121,,X T J,B,,False,,1.3359375,0.7918210625648499,,
train-010256-0193e5dec0fb9cba,6,1,train,113687160497609914,pointer,V,Q,Q,True,Z,False,False,1.4305104514278355e-06,14.875,-20.640625,14.875,2.353455628585715e-05,1,Q R L,Q,True,True,0.00044979469384998083,-0.6171875,0.35042136907577515,False,0.4314314126968384
train-010256-0193e5dec0fb9cba,6,2,train,113687160497609914,pointer,V,B,B,True,Z,False,False,0.00781727023422718,5.625,-12.65625,5.625,0.05763666969668903,1,B F L,B,True,True,0.0008737798780202866,-0.60546875,0.35309353470802307,False,0.43555355072021484
train-010256-0193e5dec0fb9cba,6,3,train,113687160497609914,pointer,V,F,F,True,Z,False,False,0.034779682755470276,4.0625,-9.625,4.0625,0.1954820988440385,1,F K G,F,True,True,0.858867883682251,-0.318359375,0.42107561230659485,False,0.5465834140777588
train-010256-0193e5dec0fb9cba,6,4,train,113687160497609914,pointer,V,K,K,True,Z,False,False,0.0013629442546516657,7.5,-9.375,7.5,0.013486585864745331,1,K F G,F,False,False,3.381981372833252,0.0260009765625,0.5064998865127563,False,0.7062321901321411
train-010256-0193e5dec0fb9cba,6,5,train,113687160497609914,pointer,V,W,W,True,Z,False,False,0.4198688864707947,0.875,-0.875,0.875,0.9491049276654754,1,W Z K,W,True,True,2.6808414459228516,0.41015625,0.6011253595352173,False,0.9191080331802368
train-010256-0193e5dec0fb9cba,6,6,train,113687160497609914,pointer,V,W,Z,False,Z,False,False,1.5948303937911987,-0.25,-0.25,0.25,2.412981542906059,2,W Z F,D,False,False,3.101975917816162,0.75390625,0.6800292134284973,True,0.38561946153640747
train-010256-0193e5dec0fb9cba,6,7,train,113687160497609914,pointer,V,G,,,Z,False,True,,,-1.1875,0.125,2.9849036026648577,,G F W,D,,False,,1.03125,0.7371581792831421,,
train-010256-0193e5dec0fb9cba,6,8,train,113687160497609914,pointer,V,G,,,Z,False,True,,,-0.625,0.1875,3.2411285875364566,,G B K,B,,False,,1.1953125,0.7676898241043091,,
train-010256-0193e5dec0fb9cba,6,9,train,113687160497609914,pointer,V,G,,,Z,False,True,,,-0.5,0.0625,3.243934359519833,,G B K,N,,False,,1.2734375,0.7813306450843811,,
train-010256-0193e5dec0fb9cba,6,10,train,113687160497609914,pointer,V,G,,,Z,False,True,,,-0.5,0.0625,3.2426966590537485,,G B K,N,,False,,1.3203125,0.7892336845397949,,
train-010256-0193e5dec0fb9cba,6,11,train,113687160497609914,pointer,V,G,,,Z,False,True,,,-0.5,0.0625,3.240198250050339,,G K B,B,,False,,1.34375,0.793105959892273,,
train-010256-0193e5dec0fb9cba,6,12,train,113687160497609914,pointer,V,G,,,Z,False,True,,,-0.5,0.0625,3.2423322596010293,,G B K,B,,False,,1.359375,0.7956580519676208,,
train-021156-e914cb09a14d891e,8,1,train,16795272152592779550,pointer,M,J,J,True,R,False,False,4.887569048150908e-06,13.25,-16.65625,13.25,7.52786542050289e-05,1,J D B,J,True,True,0.0002649671514518559,-0.578125,0.3593641221523285,False,0.4452941417694092
train-021156-e914cb09a14d891e,8,2,train,16795272152592779550,pointer,M,T,T,True,R,False,False,2.264974000354414e-06,13.625,-17.125,13.625,3.495154680480084e-05,1,T G D,T,True,True,0.0032259586732834578,-0.5703125,0.36116471886634827,False,0.4481086730957031
train-021156-e914cb09a14d891e,8,3,train,16795272152592779550,pointer,M,G,G,True,R,False,False,0.00042465253500267863,8.8125,-12.375,8.8125,0.004666614833612673,1,G S D,M,False,False,3.6978437900543213,-0.349609375,0.4134771525859833,False,0.5335437059402466
train-021156-e914cb09a14d891e,8,4,train,16795272152592779550,pointer,M,S,S,True,R,False,False,0.6611799597740173,0.9375,-4.4375,0.9375,1.4323895287403516,1,S D G,S,True,True,2.377439260482788,0.07763671875,0.5193994045257568,False,0.7327187657356262
train-021156-e914cb09a14d891e,8,5,train,16795272152592779550,pointer,M,S,D,False,R,False,False,1.312809944152832,-0.3125,-2.4375,0.3125,2.025359890308193,2,S D E,D,True,False,2.890486240386963,0.498046875,0.6220002174377441,False,0.9728617072105408
train-021156-e914cb09a14d891e,8,6,train,16795272152592779550,pointer,M,A,E,False,R,False,False,3.221500873565674,-1.25,-1.25,0.5625,3.0615747115412444,10,A H S,D,False,False,2.9844486713409424,0.87890625,0.7065955400466919,False,1.226203203201294
train-021156-e914cb09a14d891e,8,7,train,16795272152592779550,pointer,M,A,W,False,R,False,False,3.5210025310516357,-0.875,-0.5625,0.3125,3.2235215404421753,21,A G H,K,False,False,3.382157802581787,1.1171875,0.7534666657447815,False,1.4002580642700195
train-021156-e914cb09a14d891e,8,8,train,16795272152592779550,pointer,M,Q,R,False,R,False,False,3.1860015392303467,-0.3125,-0.3125,0.0625,3.236804339600527,9,Q A G,K,False,False,3.5979185104370117,1.234375,0.7745833992958069,True,0.2554299533367157
train-021156-e914cb09a14d891e,8,9,train,16795272152592779550,pointer,M,Q,,,R,False,True,,,-0.4375,0.25,3.2366360112916506,,Q G M,K,,False,,1.2890625,0.7839884757995605,,
train-021156-e914cb09a14d891e,8,10,train,16795272152592779550,pointer,M,Q,,,R,False,True,,,-0.5,0.3125,3.2326236884411537,,Q G P,B,,False,,1.3203125,0.7892336845397949,,
train-021156-e914cb09a14d891e,8,11,train,16795272152592779550,pointer,M,Q,,,R,False,True,,,-0.5,0.3125,3.2319886623545746,,Q P G,B,,False,,1.3359375,0.7918210625648499,,
train-021156-e914cb09a14d891e,8,12,train,16795272152592779550,pointer,M,Q,,,R,False,True,,,-0.5,0.3125,3.231731686055989,,Q G P,B,,False,,1.34375,0.793105959892273,,
train-001303-fd214e8dbbeeda20,10,1,train,18239946336477567520,pointer,H,C,C,True,C,True,False,0.00027259447961114347,8.75,8.75,8.75,0.002932728323559312,1,C A D,C,True,True,0.00026246439665555954,-0.53515625,0.36931508779525757,False,0.4609488844871521
train-001303-fd214e8dbbeeda20,10,2,train,18239946336477567520,pointer,H,Z,Z,True,C,False,False,2.0503786799963564e-05,11.5625,-11.5625,11.5625,0.00028227533535491334,1,Z C D,Z,True,True,0.001064806361682713,-0.5234375,0.3720487952232361,False,0.4652928113937378
train-001303-fd214e8dbbeeda20,10,3,train,18239946336477567520,pointer,H,R,R,True,C,False,False,0.005484533961862326,5.4375,-7.125,5.4375,0.03842172539076931,1,R Z C,Z,False,False,3.098886251449585,-0.2490234375,0.4380638897418976,False,0.5763671398162842
train-001303-fd214e8dbbeeda20,10,4,train,18239946336477567520,pointer,H,C,C,True,C,True,False,0.36576393246650696,1.5,1.5,1.5,1.0072558245179946,1,C Z R,R,False,False,3.1808509826660156,0.1708984375,0.5426208972930908,False,0.7822427749633789
train-001303-fd214e8dbbeeda20,10,5,train,18239946336477567520,pointer,H,P,Z,False,C,False,False,2.177274703979492,-0.5625,-0.1875,0.1875,2.414518310635692,4,P C E,C,False,False,3.2778334617614746,0.65625,0.6584175229072571,False,1.0741660594940186
train-001303-fd214e8dbbeeda20,10,6,train,18239946336477567520,pointer,H,R,R,True,C,False,False,1.187889814376831,0.5625,-0.9375,0.5625,2.2725499629100923,1,R Z C,V,False,False,3.663336753845215,0.97265625,0.7256485819816589,False,1.29334557056427
train-001303-fd214e8dbbeeda20,10,7,train,18239946336477567520,pointer,H,R,C,False,C,False,False,2.144294261932373,-1.0625,-1.0625,0.75,2.2052211650771394,3,R Z C,V,False,False,3.199592351913452,1.1640625,0.7620701193809509,False,1.4357792139053345
train-001303-fd214e8dbbeeda20,10,8,train,18239946336477567520,pointer,H,R,Z,False,C,False,False,1.7651009559631348,-0.6875,-1.0625,0.6875,2.173065577684862,2,R Z C,N,False,False,3.064798355102539,1.2734375,0.7813306450843811,False,1.520194411277771
train-001303-fd214e8dbbeeda20,10,9,train,18239946336477567520,pointer,H,R,R,True,C,False,False,1.0674158334732056,0.6875,-1.0625,0.6875,2.154243953080569,1,R Z C,N,False,False,3.6942508220672607,1.3359375,0.7918210625648499,False,1.5693573951721191
train-001303-fd214e8dbbeeda20,10,10,train,18239946336477567520,pointer,H,R,C,False,C,False,False,2.154381513595581,-1.125,-1.125,0.75,2.1318797253201067,3,R Z C,N,False,False,3.2814972400665283,1.3671875,0.7969253659248352,True,0.22699424624443054
train-001303-fd214e8dbbeeda20,10,11,train,18239946336477567520,pointer,H,R,,,C,False,True,,,-1.125,0.75,2.1089098255673133,,R Z C,N,,False,,1.390625,0.8006919622421265,,
train-001303-fd214e8dbbeeda20,10,12,train,18239946336477567520,pointer,H,R,,,C,False,True,,,-1.125,0.75,2.117232610710548,,R Z C,N,,False,,1.40625,0.8031737804412842,,
train-002996-f0560e0587b8eb9f,12,1,train,17318044834014489503,pointer,R,W,W,True,Z,False,False,4.0531076592742465e-06,13.75,-15.859375,13.75,6.556206055585606e-05,1,W V D,W,True,True,0.00021765247220173478,-0.60546875,0.35309353470802307,False,0.43555355072021484
train-002996-f0560e0587b8eb9f,12,2,train,17318044834014489503,pointer,R,D,D,True,Z,False,False,3.182837463100441e-05,11.25,-15.5,11.25,0.00042411594559466575,1,D C W,W,False,False,1.2585183382034302,-0.60546875,0.35309353470802307,False,0.43555355072021484
train-002996-f0560e0587b8eb9f,12,3,train,17318044834014489503,pointer,R,D,G,False,Z,False,False,2.8727879524230957,-2.8125,-10.125,2.8125,0.2361429730996252,2,D G C,G,True,False,0.22185449302196503,-0.333984375,0.4172714650630951,False,0.5400338768959045
train-002996-f0560e0587b8eb9f,12,4,train,17318044834014489503,pointer,R,Q,Q,True,Z,False,False,0.0018191470298916101,6.9375,-8.8125,6.9375,0.01679735970626453,1,Q G C,G,False,False,3.79309344291687,-0.040771484375,0.4898085296154022,False,0.6729692220687866
train-002996-f0560e0587b8eb9f,12,5,train,17318044834014489503,pointer,R,C,C,True,Z,False,False,0.7182427048683167,0.5625,-6.8125,0.5625,1.2228702078084317,1,C K Q,C,True,True,2.6736409664154053,0.380859375,0.5940803289413452,False,0.9016000628471375
train-002996-f0560e0587b8eb9f,12,6,train,17318044834014489503,pointer,R,C,K,False,Z,False,False,1.6009773015975952,-0.25,-3.6875,0.25,2.4861922661885947,2,C K Q,B,False,False,3.6603941917419434,0.75,0.6791787147521973,False,1.136871099472046
train-002996-f0560e0587b8eb9f,12,7,train,17318044834014489503,pointer,R,C,J,False,Z,False,False,3.059772491455078,-1.125,-1.9375,0.375,3.080221677203245,7,C K Q,B,False,False,3.4756226539611816,1.0234375,0.735641598701477,False,1.3304497003555298
train-002996-f0560e0587b8eb9f,12,8,train,17318044834014489503,pointer,R,C,T,False,Z,False,False,3.069456100463867,-0.1875,-0.625,0.0,3.2372611346406726,5,C Q K,B,False,False,3.3609392642974854,1.171875,0.7634837031364441,False,1.4417383670806885
train-002996-f0560e0587b8eb9f,12,9,train,17318044834014489503,pointer,R,C,O,False,Z,False,False,3.430927276611328,-0.625,-0.6875,0.0,3.230955050708978,21,C Q K,B,False,False,3.052839994430542,1.25,0.7772998809814453,False,1.5019290447235107
train-002996-f0560e0587b8eb9f,12,10,train,17318044834014489503,pointer,R,C,I,False,Z,False,False,3.63236665725708,-1.0,-0.8125,0.125,3.217612807559613,25,C K Q,B,False,False,3.333051919937134,1.296875,0.7853085398674011,False,1.5385534763336182
train-002996-f0560e0587b8eb9f,12,11,train,17318044834014489503,pointer,R,C,P,False,Z,False,False,3.410491943359375,-0.9375,-1.0,0.1875,3.2036567744084654,14,C K Q,B,False,False,3.2654335498809814,1.3203125,0.7892336845397949,False,1.5570052862167358
train-002996-f0560e0587b8eb9f,12,12,train,17318044834014489503,pointer,R,C,Z,False,Z,False,False,3.467215061187744,-1.0,-1.0,0.1875,3.20205969996619,20,C K Q,B,False,False,3.3578178882598877,1.3359375,0.7918210625648499,True,0.23341983556747437
train-011475-e455092e4f2301cf,1,1,train,16453066908168815055,pointer,D,N,N,True,N,True,False,6.151010165922344e-05,10.875,10.875,10.875,0.0007899878611376414,1,N Q D,N,True,True,0.00031728477915748954,-0.333984375,0.4172714650630951,True,0.8740182518959045
train-011475-e455092e4f2301cf,1,2,train,16453066908168815055,pointer,D,G,,,N,False,True,,,-13.46875,8.5,0.0042282457247843274,,G E C,G,,True,,-0.5234375,0.3720487952232361,,
train-011475-e455092e4f2301cf,1,3,train,16453066908168815055,pointer,D,P,,,N,False,True,,,-10.6875,7.75,0.011366398072242578,,P Z K,G,,False,,-0.302734375,0.4248892068862915,,
train-011475-e455092e4f2301cf,1,4,train,16453066908168815055,pointer,D,K,,,N,False,True,,,-7.25,4.5,0.1613492056407798,,K Z J,K,,True,,0.1279296875,0.5319388508796692,,
train-011475-e455092e4f2301cf,1,5,train,16453066908168815055,pointer,D,K,,,N,False,True,,,-4.375,1.0625,1.418717641443221,,K Z P,K,,True,,0.515625,0.6261242032051086,,
train-011475-e455092e4f2301cf,1,6,train,16453066908168815055,pointer,D,Q,,,N,False,True,,,-3.8125,1.4375,1.8428696323148341,,Q Z V,Q,,True,,0.79296875,0.6884684562683105,,
train-011475-e455092e4f2301cf,1,7,train,16453066908168815055,pointer,D,Q,,,N,False,True,,,-7.375,5.125,0.12768860550239922,,Q D G,Q,,True,,0.8984375,0.7106282711029053,,
train-011475-e455092e4f2301cf,1,8,train,16453066908168815055,pointer,D,Q,,,N,False,True,,,-7.5625,6.0,0.0754663589846958,,Q D F,Q,,True,,0.890625,0.709019124507904,,
train-011475-e455092e4f2301cf,1,9,train,16453066908168815055,pointer,D,Q,,,N,False,True,,,-7.375,5.9375,0.07971694338031522,,Q D A,Q,,True,,0.8203125,0.6943026781082153,,
train-011475-e455092e4f2301cf,1,10,train,16453066908168815055,pointer,D,Q,,,N,False,True,,,-7.375,3.6875,0.1621866468062643,,Q D A,Q,,True,,0.71875,0.672331690788269,,
train-011475-e455092e4f2301cf,1,11,train,16453066908168815055,pointer,D,Q,,,N,False,True,,,-2.5625,0.875,1.1135044363692879,,Q A D,Q,,True,,0.69921875,0.6680145263671875,,
train-011475-e455092e4f2301cf,1,12,train,16453066908168815055,pointer,D,Q,,,N,False,True,,,-9.21875,4.125,0.1144799129339972,,Q D A,Q,,True,,0.62890625,0.6522414088249207,,
train-026488-25c07310c4572ad5,2,1,train,2720300690782497493,pointer,V,C,C,True,O,False,False,0.0005628670332953334,8.0,-16.109375,8.0,0.0055750205610477065,1,C A D,C,True,True,0.00016091958968900144,-0.4609375,0.38676342368125916,False,0.4890044927597046
train-026488-25c07310c4572ad5,2,2,train,2720300690782497493,pointer,V,O,O,True,O,True,False,4.3748852476710454e-05,11.9375,11.9375,11.9375,0.000601898319737471,1,O A D,O,True,True,0.008757044561207294,-0.50390625,0.37662312388420105,True,0.9765102863311768
train-026488-25c07310c4572ad5,2,3,train,2720300690782497493,pointer,V,W,,,O,False,True,,,-9.375,3.5,0.14252967762596627,,W K L,O,,False,,-0.2021484375,0.449634313583374,,
train-026488-25c07310c4572ad5,2,4,train,2720300690782497493,pointer,V,K,,,O,False,True,,,-6.5,0.25,1.1321103777090031,,K U I,U,,False,,0.1572265625,0.5392258763313293,,
train-026488-25c07310c4572ad5,2,5,train,2720300690782497493,pointer,V,U,,,O,False,True,,,-5.25,0.625,1.216780285260702,,U I V,U,,True,,0.51171875,0.6252092719078064,,
train-026488-25c07310c4572ad5,2,6,train,2720300690782497493,pointer,V,I,,,O,False,True,,,-1.625,0.1875,2.8979542154634275,,I U V,O,,False,,0.859375,0.7025300860404968,,
train-026488-25c07310c4572ad5,2,7,train,2720300690782497493,pointer,V,V,,,O,False,True,,,-0.5625,0.125,3.2371263844358045,,V B E,B,,False,,1.09375,0.7490872144699097,,
train-026488-25c07310c4572ad5,2,8,train,2720300690782497493,pointer,V,Q,,,O,False,True,,,-0.6875,0.0625,3.2393206226137883,,Q B G,B,,False,,1.2109375,0.7704647779464722,,
train-026488-25c07310c4572ad5,2,9,train,2720300690782497493,pointer,V,Q,,,O,False,True,,,-0.6875,0.0,3.2364513986887324,,Q V G,N,,False,,1.265625,0.7799928784370422,,
train-026488-25c07310c4572ad5,2,10,train,2720300690782497493,pointer,V,G,,,O,False,True,,,-0.6875,0.0,3.236683041443271,,G Q V,N,,False,,1.296875,0.7853085398674011,,
train-026488-25c07310c4572ad5,2,11,train,2720300690782497493,pointer,V,Q,,,O,False,True,,,-0.75,0.0,3.2344748409032698,,Q V G,N,,False,,1.3046875,0.7866228222846985,,
train-026488-25c07310c4572ad5,2,12,train,2720300690782497493,pointer,V,V,,,O,False,True,,,-0.75,0.0625,3.2351995945904375,,V G Q,N,,False,,1.3125,0.7879312038421631,,
train-018632-67d576e62d08797d,3,1,train,7482017086916032893,pointer,Y,E,E,True,G,False,False,6.758938252460212e-05,10.9375,-10.9375,10.9375,0.0008641762098855445,1,E G C,E,True,True,0.00019369633810129017,-0.53515625,0.36931508779525757,False,0.4609488844871521
train-018632-67d576e62d08797d,3,2,train,7482017086916032893,pointer,Y,D,D,True,G,False,False,5.018585216021165e-05,10.28125,-13.28125,10.28125,0.0006175028028816869,1,D C E,D,True,True,0.00034314466756768525,-0.515625,0.37387579679489136,False,0.468206524848938
train-018632-67d576e62d08797d,3,3,train,7482017086916032893,pointer,Y,G,G,True,G,True,False,0.03622599318623543,3.5,3.5,3.5,0.18867679149066707,1,G M R,G,True,True,0.2140185832977295,-0.3828125,0.4054487347602844,True,0.9027608633041382
train-018632-67d576e62d08797d,3,4,train,7482017086916032893,pointer,Y,G,,,G,True,True,,,1.375,1.375,1.1736433132977435,,G M D,G,,True,,-0.1103515625,0.47244006395339966,,
train-018632-67d576e62d08797d,3,5,train,7482017086916032893,pointer,Y,M,,,G,False,True,,,-2.875,0.25,1.1855174882370871,,M R L,G,,False,,0.2734375,0.5679365992546082,,
train-018632-67d576e62d08797d,3,6,train,7482017086916032893,pointer,Y,G,,,G,True,True,,,0.0625,0.0625,2.034951608153817,,G R L,G,,True,,0.62109375,0.6504672765731812,,
train-018632-67d576e62d08797d,3,7,train,7482017086916032893,pointer,Y,G,,,G,True,True,,,0.3125,0.3125,2.8713922667141842,,G M L,D,,False,,0.94140625,0.7193835973739624,,
train-018632-67d576e62d08797d,3,8,train,7482017086916032893,pointer,Y,G,,,G,True,True,,,0.0,0.0,3.248731207990861,,G Q E,B,,False,,1.1328125,0.7563575506210327,,
train-018632-67d576e62d08797d,3,9,train,7482017086916032893,pointer,Y,Q,,,G,False,True,,,-0.125,0.125,3.2495955055004337,,Q G B,B,,False,,1.2265625,0.7732163667678833,,
train-018632-67d576e62d08797d,3,10,train,7482017086916032893,pointer,Y,Q,,,G,False,True,,,-0.125,0.125,3.248970281356239,,Q G B,B,,False,,1.2734375,0.7813306450843811,,
train-018632-67d576e62d08797d,3,11,train,7482017086916032893,pointer,Y,Q,,,G,False,True,,,-0.125,0.125,3.2480632630822304,,Q G L,B,,False,,1.3046875,0.7866228222846985,,
train-018632-67d576e62d08797d,3,12,train,7482017086916032893,pointer,Y,Q,,,G,False,True,,,-0.0625,0.0625,3.247174071326258,,Q G L,B,,False,,1.3203125,0.7892336845397949,,
train-032574-a1752cdb7c3395bf,4,1,train,11634254533574759871,pointer,Z,B,B,True,S,False,False,1.4662635294371285e-05,11.8125,-15.4375,11.8125,0.00020710788424910823,1,B C G,B,True,True,0.00030012393835932016,-0.60546875,0.35309353470802307,False,0.43555355072021484
train-032574-a1752cdb7c3395bf,4,2,train,11634254533574759871,pointer,Z,V,V,True,S,False,False,5.519237674889155e-05,10.6875,-15.0625,10.6875,0.0007167658113897168,1,V F R,V,True,True,0.0010968389688059688,-0.578125,0.3593641221523285,False,0.4452941417694092
train-032574-a1752cdb7c3395bf,4,3,train,11634254533574759871,pointer,Z,H,H,True,S,False,False,0.000316212244797498,9.125,-11.125,9.125,0.0036641572480021357,1,H V G,V,False,False,3.14377498626709,-0.294921875,0.42679935693740845,False,0.5565193891525269
train-032574-a1752cdb7c3395bf,4,4,train,11634254533574759871,pointer,Z,S,S,True,S,True,False,0.11314230412244797,2.8125,2.8125,2.8125,0.5376486784731461,1,S H G,J,False,False,2.9334800243377686,0.1689453125,0.5421361327171326,True,0.6122381091117859
train-032574-a1752cdb7c3395bf,4,5,train,11634254533574759871,pointer,Z,B,,,S,False,True,,,-0.1875,0.1875,2.1712753793407966,,B S G,V,,False,,0.55859375,0.6361271142959595,,
train-032574-a1752cdb7c3395bf,4,6,train,11634254533574759871,pointer,Z,S,,,S,True,True,,,0.625,0.625,2.212767049910538,,S V B,V,,False,,0.84375,0.6992544531822205,,
train-032574-a1752cdb7c3395bf,4,7,train,11634254533574759871,pointer,Z,S,,,S,True,True,,,0.625,0.625,2.193088050537954,,S V B,V,,False,,1.015625,0.7341195344924927,,
train-032574-a1752cdb7c3395bf,4,8,train,11634254533574759871,pointer,Z,S,,,S,True,True,,,0.8125,0.8125,2.1506908766289916,,S B V,V,,False,,1.125,0.7549149990081787,,
train-032574-a1752cdb7c3395bf,4,9,train,11634254533574759871,pointer,Z,S,,,S,True,True,,,0.875,0.875,2.1281345457981895,,S V B,V,,False,,1.1875,0.7662936449050903,,
train-032574-a1752cdb7c3395bf,4,10,train,11634254533574759871,pointer,Z,S,,,S,True,True,,,1.0,1.0,2.103587973011516,,S B V,V,,False,,1.2265625,0.7732163667678833,,
train-032574-a1752cdb7c3395bf,4,11,train,11634254533574759871,pointer,Z,S,,,S,True,True,,,1.0,1.0,2.1082417883306994,,S B V,V,,False,,1.25,0.7772998809814453,,
train-032574-a1752cdb7c3395bf,4,12,train,11634254533574759871,pointer,Z,S,,,S,True,True,,,0.9375,0.9375,2.11638910781562,,S B V,V,,False,,1.265625,0.7799928784370422,,
train-014071-5dc5b5981dba5e10,5,1,train,6757006480877706768,pointer,Y,S,S,True,Q,False,False,8.248942322097719e-05,9.75,-13.71875,9.75,0.0009694831267399233,1,S R T,S,True,True,0.0009438112610951066,-0.5625,0.36296918988227844,False,0.45093727111816406
train-014071-5dc5b5981dba5e10,5,2,train,6757006480877706768,pointer,Y,U,U,True,Q,False,False,3.6954195820726454e-05,10.3125,-18.65625,10.3125,0.00043782883789768794,1,U G T,U,True,True,0.002723914571106434,-0.578125,0.3593641221523285,False,0.4452941417694092
train-014071-5dc5b5981dba5e10,5,3,train,6757006480877706768,pointer,Y,G,G,True,Q,False,False,0.0004354958946350962,8.0,-14.15625,8.0,0.0042947899565040975,1,G H I,G,True,True,1.8059039115905762,-0.384765625,0.40497803688049316,False,0.5191568732261658
train-014071-5dc5b5981dba5e10,5,4,train,6757006480877706768,pointer,Y,H,H,True,Q,False,False,0.33815309405326843,1.0,-1.0,1.0,0.7056508491564142,1,H Q R,H,True,True,1.5644738674163818,-0.0419921875,0.48950350284576416,False,0.672371506690979
train-014071-5dc5b5981dba5e10,5,5,train,6757006480877706768,pointer,Y,Q,Q,True,Q,True,False,0.49164411425590515,0.5,0.5,0.5,0.7807545334801663,1,Q R V,H,False,False,3.081664562225342,0.353515625,0.5874698758125305,True,0.5319303274154663
train-014071-5dc5b5981dba5e10,5,6,train,6757006480877706768,pointer,Y,Q,,,Q,True,True,,,1.125,1.125,1.1969352961624113,,Q R V,Q,,True,,0.69140625,0.666279673576355,,
train-014071-5dc5b5981dba5e10,5,7,train,6757006480877706768,pointer,Y,Q,,,Q,True,True,,,0.875,0.875,2.5082434399026377,,Q R V,Q,,True,,0.9609375,0.7233095169067383,,
train-014071-5dc5b5981dba5e10,5,8,train,6757006480877706768,pointer,Y,Q,,,Q,True,True,,,0.5625,0.5625,3.158012090424664,,Q G H,K,,False,,1.1640625,0.7620701193809509,,
train-014071-5dc5b5981dba5e10,5,9,train,6757006480877706768,pointer,Y,Q,,,Q,True,True,,,0.1875,0.1875,3.232398673683191,,Q G H,K,,False,,1.265625,0.7799928784370422,,
train-014071-5dc5b5981dba5e10,5,10,train,6757006480877706768,pointer,Y,Q,,,Q,True,True,,,0.125,0.125,3.232514645276816,,Q G H,K,,False,,1.3203125,0.7892336845397949,,
train-014071-5dc5b5981dba5e10,5,11,train,6757006480877706768,pointer,Y,Q,,,Q,True,True,,,0.0625,0.0625,3.2280506628810586,,Q G H,Q,,True,,1.3515625,0.7943849563598633,,
train-014071-5dc5b5981dba5e10,5,12,train,6757006480877706768,pointer,Y,Q,,,Q,True,True,,,0.125,0.125,3.2231898379019475,,Q G H,Q,,True,,1.3671875,0.7969253659248352,,
train-018230-909d2eb973e88a60,6,1,train,10420536486853642848,pointer,C,O,O,True,B,False,False,7.676783570786938e-05,10.65625,-13.4375,10.65625,0.000984369010230932,1,O A P,O,True,True,0.0003505330823827535,-0.5625,0.36296918988227844,False,0.45093727111816406
train-018230-909d2eb973e88a60,6,2,train,10420536486853642848,pointer,C,T,T,True,B,False,False,0.00010024998482549563,9.25,-16.78125,9.25,0.0010499315548320562,1,T Z D,T,True,True,0.0027865648735314608,-0.546875,0.3665897250175476,False,0.456636905670166
train-018230-909d2eb973e88a60,6,3,train,10420536486853642848,pointer,C,Z,Z,True,B,False,False,0.0018098655855283141,6.5,-11.75,6.5,0.014786995420317157,1,Z Y J,O,False,False,3.1113622188568115,-0.306640625,0.4239349663257599,False,0.5515346527099609
train-018230-909d2eb973e88a60,6,4,train,10420536486853642848,pointer,C,Z,Y,False,B,False,False,1.3009463548660278,-0.875,-5.75,0.875,1.012178801489656,2,Z Y D,E,False,False,3.443603992462158,0.1435546875,0.5358271598815918,False,0.7674983143806458
train-018230-909d2eb973e88a60,6,5,train,10420536486853642848,pointer,C,D,D,True,B,False,False,1.4160032272338867,0.4375,-1.0,0.4375,2.5614405596067895,1,D I B,D,True,True,2.669851303100586,0.5859375,0.642432451248169,False,1.0284310579299927
train-018230-909d2eb973e88a60,6,6,train,10420536486853642848,pointer,C,B,B,True,B,True,False,2.210569143295288,0.375,0.375,0.375,3.1310987692151278,1,B G S,D,False,False,2.960631847381592,0.92578125,0.7162185907363892,True,0.33376985788345337
train-018230-909d2eb973e88a60,6,7,train,10420536486853642848,pointer,C,B,,,B,True,True,,,0.0,0.0,3.240329862473903,,B Q G,B,,True,,1.1484375,0.7592254281044006,,
train-018230-909d2eb973e88a60,6,8,train,10420536486853642848,pointer,C,Q,,,B,False,True,,,-0.0625,0.0625,3.244535758466405,,Q B E,B,,False,,1.2578125,0.7786493301391602,,
train-018230-909d2eb973e88a60,6,9,train,10420536486853642848,pointer,C,Q,,,B,False,True,,,-0.0625,0.0625,3.242974772443899,,Q B E,B,,False,,1.3203125,0.7892336845397949,,
train-018230-909d2eb973e88a60,6,10,train,10420536486853642848,pointer,C,Q,,,B,False,True,,,-0.0625,0.0625,3.2422697196070835,,Q B E,B,,False,,1.3515625,0.7943849563598633,,
train-018230-909d2eb973e88a60,6,11,train,10420536486853642848,pointer,C,Q,,,B,False,True,,,-0.0625,0.0625,3.24411589181794,,Q B E,B,,False,,1.375,0.7981867790222168,,
train-018230-909d2eb973e88a60,6,12,train,10420536486853642848,pointer,C,Q,,,B,False,True,,,-0.0625,0.0625,3.2437396146004276,,Q B E,B,,False,,1.3828125,0.7994422912597656,,
train-019860-bdb691eb438723a7,8,1,train,13670274158565991335,pointer,S,O,O,True,W,False,False,7.414542778860778e-05,10.75,-16.8330078125,10.75,0.0009334338475794621,1,O A P,O,True,True,0.0002574589161667973,-0.53515625,0.36931508779525757,False,0.4609488844871521
train-019860-bdb691eb438723a7,8,2,train,13670274158565991335,pointer,S,E,E,True,W,False,False,0.004407691303640604,5.4375,-14.65625,5.4375,0.02877930402409091,1,E O D,E,True,True,0.24007953703403473,-0.5234375,0.3720487952232361,False,0.4652928113937378
train-019860-bdb691eb438723a7,8,3,train,13670274158565991335,pointer,S,K,K,True,W,False,False,0.0010994586627930403,6.9375,-12.6875,6.9375,0.009304280734017746,1,K E M,E,False,False,3.596294641494751,-0.255859375,0.43638181686401367,False,0.5733782649040222
train-019860-bdb691eb438723a7,8,4,train,13670274158565991335,pointer,S,K,M,False,W,False,False,5.081688404083252,-5.0625,-9.25,4.75,0.1263249216414092,3,K I M,E,False,False,3.025697946548462,0.058837890625,0.514705240726471,False,0.7229987978935242
train-019860-bdb691eb438723a7,8,5,train,13670274158565991335,pointer,S,M,B,False,W,False,False,2.9962453842163086,-2.125,-4.9375,0.5625,1.8823577252327304,4,M K E,E,False,False,3.2784347534179688,0.453125,0.6113819479942322,False,0.9451583623886108
train-019860-bdb691eb438723a7,8,6,train,13670274158565991335,pointer,S,B,J,False,W,False,False,2.8743512630462646,-1.0,-2.3125,0.125,2.9121430807486854,5,B M E,E,False,False,3.325291633605957,0.79296875,0.6884684562683105,False,1.1662545204162598
train-019860-bdb691eb438723a7,8,7,train,13670274158565991335,pointer,S,B,Z,False,W,False,False,3.7692270278930664,-1.25,-1.125,0.0625,3.1956359012853497,26,B M E,B,False,True,3.3103160858154297,1.046875,0.740174412727356,False,1.3477444648742676
train-019860-bdb691eb438723a7,8,8,train,13670274158565991335,pointer,S,B,W,False,W,False,False,3.4999377727508545,-0.6875,-0.6875,0.125,3.2391548270619563,24,B Q G,B,False,True,3.3845102787017822,1.1875,0.7662936449050903,True,0.2661898136138916
train-019860-bdb691eb438723a7,8,9,train,13670274158565991335,pointer,S,B,,,W,False,True,,,-0.75,0.1875,3.2366397994738882,,B Q E,B,,True,,1.2578125,0.7786493301391602,,
train-019860-bdb691eb438723a7,8,10,train,13670274158565991335,pointer,S,B,,,W,False,True,,,-0.8125,0.25,3.2321600962447423,,B Q E,B,,True,,1.296875,0.7853085398674011,,
train-019860-bdb691eb438723a7,8,11,train,13670274158565991335,pointer,S,B,,,W,False,True,,,-0.8125,0.25,3.231806652369483,,B G Q,B,,True,,1.3203125,0.7892336845397949,,
train-019860-bdb691eb438723a7,8,12,train,13670274158565991335,pointer,S,B,,,W,False,True,,,-0.8125,0.25,3.2306245973054524,,B E G,B,,True,,1.328125,0.7905303239822388,,
train-025720-61b231b44159fe6e,10,1,train,7039743817793797742,pointer,P,F,F,True,G,False,False,0.0003830652858596295,9.1875,-10.5625,9.1875,0.004319585848234818,1,F T C,F,True,True,7.152531907195225e-06,-0.5234375,0.3720487952232361,False,0.4652928113937378
train-025720-61b231b44159fe6e,10,2,train,7039743817793797742,pointer,P,D,D,True,G,False,False,6.174850568640977e-05,10.0625,-13.3125,10.0625,0.0007340688825240396,1,D C F,D,True,True,0.0010153858456760645,-0.515625,0.37387579679489136,False,0.468206524848938
train-025720-61b231b44159fe6e,10,3,train,7039743817793797742,pointer,P,X,X,True,G,False,False,0.0011526852613314986,7.4375,-8.3125,7.4375,0.010991466144135284,1,X E G,D,False,False,3.0732429027557373,-0.2333984375,0.44191381335258484,False,0.583241879940033
train-025720-61b231b44159fe6e,10,4,train,7039743817793797742,pointer,P,G,G,True,G,True,False,0.29410257935523987,1.4375,1.4375,1.4375,0.879998285527218,1,G E X,P,False,False,2.751967191696167,0.1240234375,0.5309661626815796,False,0.7570803761482239
train-025720-61b231b44159fe6e,10,5,train,7039743817793797742,pointer,P,G,E,False,G,True,False,1.6537699699401855,-0.8125,0.8125,0.8125,2.0737134840496214,2,G E F,P,False,False,3.065932273864746,0.55078125,0.6343168616294861,False,1.0059880018234253
train-025720-61b231b44159fe6e,10,6,train,7039743817793797742,pointer,P,G,P,False,G,True,False,3.1825366020202637,-1.375,0.6875,0.6875,3.0313736032160192,9,G E N,D,False,False,3.1108579635620117,0.8984375,0.7106282711029053,False,1.24004328250885
train-025720-61b231b44159fe6e,10,7,train,7039743817793797742,pointer,P,N,F,False,G,False,False,3.230969190597534,-0.4375,-0.1875,0.1875,3.23926922791102,10,N G Q,B,False,False,3.5204150676727295,1.1015625,0.7505527138710022,False,1.3885078430175781
train-025720-61b231b44159fe6e,10,8,train,7039743817793797742,pointer,P,N,D,False,G,False,False,3.2167537212371826,-0.375,-0.1875,0.125,3.239318379819267,9,N Q G,B,False,False,3.235992908477783,1.2109375,0.7704647779464722,False,1.4716987609863281
train-025720-61b231b44159fe6e,10,9,train,7039743817793797742,pointer,P,N,X,False,G,False,False,3.4590628147125244,-0.625,-0.1875,0.125,3.239730933959585,21,N Q G,B,False,False,3.292304754257202,1.2734375,0.7813306450843811,False,1.520194411277771
train-025720-61b231b44159fe6e,10,10,train,7039743817793797742,pointer,P,N,G,False,G,False,False,2.973090887069702,-0.1875,-0.1875,0.1875,3.237564178710456,2,N G Q,B,False,False,3.3283181190490723,1.3046875,0.7866228222846985,True,0.24000640213489532
train-025720-61b231b44159fe6e,10,11,train,7039743817793797742,pointer,P,N,,,G,False,True,,,-0.1875,0.1875,3.236952724038284,,N G Q,B,,False,,1.328125,0.7905303239822388,,
train-025720-61b231b44159fe6e,10,12,train,7039743817793797742,pointer,P,N,,,G,False,True,,,-0.1875,0.1875,3.236952724038284,,N G Q,B,,False,,1.3359375,0.7918210625648499,,
train-030608-c1f077d0bf70e845,12,1,train,13974801382179399749,pointer,C,E,E,True,W,False,False,0.0003510097449179739,8.8125,-15.171875,8.8125,0.003787221014131249,1,E C D,E,True,True,0.0003178806509822607,-0.51171875,0.3747906982898712,False,0.46966880559921265
train-030608-c1f077d0bf70e845,12,2,train,13974801382179399749,pointer,C,X,X,True,W,False,False,4.076874756719917e-05,10.5,-18.359375,10.5,0.0005079072342449365,1,X I Z,X,True,True,0.0020553194917738438,-0.50390625,0.37662312388420105,False,0.47260403633117676
train-030608-c1f077d0bf70e845,12,3,train,13974801382179399749,pointer,C,I,I,True,W,False,False,4.9828242481453344e-05,10.4375,-16.1875,10.4375,0.0006315179836936455,1,I X J,X,False,False,3.108309268951416,-0.302734375,0.4248892068862915,False,0.5531925559043884
train-030608-c1f077d0bf70e845,12,4,train,13974801382179399749,pointer,C,J,J,True,W,False,False,0.17877629399299622,1.75,-10.125,1.75,0.5361701944533119,1,J I V,J,True,True,2.278252601623535,0.03173828125,0.5079339146614075,False,0.70914226770401
train-030608-c1f077d0bf70e845,12,5,train,13974801382179399749,pointer,C,J,V,False,W,False,False,2.1967313289642334,-1.875,-7.1875,1.875,1.050435072837984,2,J V I,J,False,True,2.9347801208496094,0.3984375,0.5983121991157532,False,0.9120801091194153
train-030608-c1f077d0bf70e845,12,6,train,13974801382179399749,pointer,C,J,U,False,W,False,False,3.8448781967163086,-3.3125,-5.5,1.3125,1.5492175423068173,6,J V I,J,False,True,3.5135769844055176,0.71875,0.672331690788269,False,1.115753412246704
train-030608-c1f077d0bf70e845,12,7,train,13974801382179399749,pointer,C,J,W,False,W,False,False,5.105477333068848,-4.25,-4.25,1.125,2.1230085534477054,20,J V I,J,False,True,3.7913992404937744,0.984375,0.7279754281044006,False,1.3018629550933838
train-030608-c1f077d0bf70e845,12,8,train,13974801382179399749,pointer,C,J,I,False,W,False,False,1.8955059051513672,-0.875,-5.0,0.875,2.1296064285233802,2,J I X,X,False,False,3.228217840194702,1.1484375,0.7592254281044006,False,1.4238940477371216
train-030608-c1f077d0bf70e845,12,9,train,13974801382179399749,pointer,C,J,J,True,W,False,False,1.0379467010498047,0.75,-5.25,0.75,2.059363497758622,1,J I X,X,False,False,2.9432215690612793,1.21875,0.7718434929847717,False,1.477723479270935
train-030608-c1f077d0bf70e845,12,10,train,13974801382179399749,pointer,C,J,V,False,W,False,False,2.385183811187744,-1.4375,-5.375,0.875,1.9842364442602503,4,J I X,X,False,False,3.3610482215881348,1.25,0.7772998809814453,False,1.5019290447235107
train-030608-c1f077d0bf70e845,12,11,train,13974801382179399749,pointer,C,J,U,False,W,False,False,5.111600399017334,-4.1875,-5.3125,0.9375,1.9666764733994198,13,J I X,X,False,False,3.1366426944732666,1.265625,0.7799928784370422,False,1.514095425605774
train-030608-c1f077d0bf70e845,12,12,train,13974801382179399749,pointer,C,J,W,False,W,False,False,6.16624641418457,-5.25,-5.25,1.0,1.9787314642270317,21,J I X,X,False,False,3.837693691253662,1.2734375,0.7813306450843811,True,0.2467568814754486
train-009711-ec4ff622dab94905,1,1,train,17028099345670031621,pointer,B,S,S,True,S,True,False,7.021180499577895e-05,10.0,10.0,10.0,0.0008501777912247689,1,S R Q,S,True,True,0.0002225389762315899,-0.3515625,0.4130035638809204,True,0.8842990398406982
train-009711-ec4ff622dab94905,1,2,train,17028099345670031621,pointer,B,C,,,S,False,True,,,-13.78125,9.5625,0.0014252515888632654,,C K D,C,,True,,-0.431640625,0.3937346339225769,,
train-009711-ec4ff622dab94905,1,3,train,17028099345670031621,pointer,B,K,,,S,False,True,,,-12.8125,9.875,0.003804400135244255,,K J X,H,,False,,-0.33984375,0.41584745049476624,,
train-009711-ec4ff622dab94905,1,4,train,17028099345670031621,pointer,B,X,,,S,False,True,,,-9.5625,6.1875,0.03632577275836618,,X I J,K,,False,,-0.072265625,0.48194149136543274,,
train-009711-ec4ff622dab94905,1,5,train,17028099345670031621,pointer,B,I,,,S,False,True,,,-7.25,1.5,0.569985134363035,,I X F,B,,False,,0.333984375,0.5827285051345825,,
train-009711-ec4ff622dab94905,1,6,train,17028099345670031621,pointer,B,I,,,S,False,True,,,-6.3125,3.5,0.4011348424359524,,I F X,I,,True,,0.60546875,0.6469064354896545,,
train-009711-ec4ff622dab94905,1,7,train,17028099345670031621,pointer,B,I,,,S,False,True,,,-4.8125,0.625,1.4205333965893499,,I F U,I,,True,,0.8125,0.6926419734954834,,
train-009711-ec4ff622dab94905,1,8,train,17028099345670031621,pointer,B,F,,,S,False,True,,,-3.25,0.125,2.302484667986066,,F U I,I,,False,,1.0078125,0.7325918078422546,,
train-009711-ec4ff622dab94905,1,9,train,17028099345670031621,pointer,B,U,,,S,False,True,,,-1.5,0.0625,3.088420115055676,,U F I,O,,False,,1.1953125,0.7676898241043091,,
train-009711-ec4ff622dab94905,1,10,train,17028099345670031621,pointer,B,B,,,S,False,True,,,-0.4375,0.1875,3.239575477785188,,B F G,B,,True,,1.2890625,0.7839884757995605,,
train-009711-ec4ff622dab94905,1,11,train,17028099345670031621,pointer,B,B,,,S,False,True,,,-0.4375,0.25,3.24414757970981,,B K F,B,,True,,1.328125,0.7905303239822388,,
train-009711-ec4ff622dab94905,1,12,train,17028099345670031621,pointer,B,B,,,S,False,True,,,-0.4375,0.25,3.2445597451462906,,B F K,B,,True,,1.3515625,0.7943849563598633,,
train-031816-da025afc549ac38f,2,1,train,15709218490019398543,pointer,Q,P,P,True,N,False,False,1.2636104656849056e-05,12.0625,-15.34375,12.0625,0.0001805310420487445,1,P Q C,P,True,True,3.290122185717337e-05,-0.546875,0.3665897250175476,False,0.456636905670166
train-031816-da025afc549ac38f,2,2,train,15709218490019398543,pointer,Q,N,N,True,N,True,False,1.9907753085135482e-05,11.5,11.5,11.5,0.0002688531550597868,1,N L O,N,True,True,0.0028990167193114758,-0.578125,0.3593641221523285,True,1.0234191417694092
train-031816-da025afc549ac38f,2,3,train,15709218490019398543,pointer,Q,L,,,N,False,True,,,-7.3125,3.0,0.22083559723444215,,L K S,L,,True,,-0.392578125,0.4030968248844147,,
train-031816-da025afc549ac38f,2,4,train,15709218490019398543,pointer,Q,S,,,N,False,True,,,-8.9375,2.125,0.37672875682335927,,S K L,S,,True,,0.0693359375,0.517327070236206,,
train-031816-da025afc549ac38f,2,5,train,15709218490019398543,pointer,Q,S,,,N,False,True,,,-3.4375,0.0625,1.960504193307888,,S K X,X,,False,,0.51953125,0.6270381808280945,,
train-031816-da025afc549ac38f,2,6,train,15709218490019398543,pointer,Q,S,,,N,False,True,,,-1.0,0.3125,2.5609458855098435,,S K N,N,,False,,0.80078125,0.6901415586471558,,
train-031816-da025afc549ac38f,2,7,train,15709218490019398543,pointer,Q,S,,,N,False,True,,,-1.125,0.5,3.021027379283421,,S K N,N,,False,,1.03125,0.7371581792831421,,
train-031816-da025afc549ac38f,2,8,train,15709218490019398543,pointer,Q,S,,,N,False,True,,,-0.375,0.0625,3.2246790839441712,,S Q K,B,,False,,1.171875,0.7634837031364441,,
train-031816-da025afc549ac38f,2,9,train,15709218490019398543,pointer,Q,Q,,,N,False,True,,,-0.4375,0.3125,3.2358133801154976,,Q B K,B,,False,,1.2578125,0.7786493301391602,,
train-031816-da025afc549ac38f,2,10,train,15709218490019398543,pointer,Q,Q,,,N,False,True,,,-0.5,0.3125,3.2332494460291223,,Q K B,B,,False,,1.296875,0.7853085398674011,,
train-031816-da025afc549ac38f,2,11,train,15709218490019398543,pointer,Q,Q,,,N,False,True,,,-0.4375,0.25,3.232589912143138,,Q K S,B,,False,,1.3203125,0.7892336845397949,,
train-031816-da025afc549ac38f,2,12,train,15709218490019398543,pointer,Q,Q,,,N,False,True,,,-0.4375,0.1875,3.2302062861172383,,Q K S,B,,False,,1.3359375,0.7918210625648499,,
train-028415-3026a5791fe89900,3,1,train,3469642502580508928,pointer,T,K,K,True,C,False,False,1.311301275563892e-06,15.09375,-15.09375,15.09375,2.3060929731526724e-05,1,K C A,K,True,True,0.0007858763565309346,-0.51171875,0.3747906982898712,False,0.46966880559921265
train-028415-3026a5791fe89900,3,2,train,3469642502580508928,pointer,T,H,H,True,C,False,False,1.9311717551317997e-05,11.9375,-13.9375,11.9375,0.0002750400721362074,1,H X L,H,True,True,0.002490278100594878,-0.5390625,0.36840569972991943,False,0.4595080614089966
train-028415-3026a5791fe89900,3,3,train,3469642502580508928,pointer,T,C,C,True,C,True,False,0.005928550846874714,6.0625,6.0625,6.0625,0.04792851418249479,1,C W H,H,False,False,3.8701488971710205,-0.396484375,0.4021573066711426,True,0.9109119772911072
train-028415-3026a5791fe89900,3,4,train,3469642502580508928,pointer,T,W,,,C,False,True,,,-7.875,7.25,0.036094303190045154,,W E V,W,,True,,0.0093994140625,0.5023497939109802,,
train-028415-3026a5791fe89900,3,5,train,3469642502580508928,pointer,T,E,,,C,False,True,,,-3.9375,1.4375,1.8572779854660137,,E J I,E,,True,,0.40234375,0.5992506742477417,,
train-028415-3026a5791fe89900,3,6,train,3469642502580508928,pointer,T,V,,,C,False,True,,,-1.75,0.5625,2.9573680203973516,,V L X,L,,False,,0.70703125,0.6697448492050171,,
train-028415-3026a5791fe89900,3,7,train,3469642502580508928,pointer,T,E,,,C,False,True,,,-0.8125,0.4375,3.217657629589505,,E G J,B,,False,,0.99609375,0.730289876461029,,
train-028415-3026a5791fe89900,3,8,train,3469642502580508928,pointer,T,G,,,C,False,True,,,-0.3125,0.0625,3.2486277729899014,,G B E,B,,False,,1.1640625,0.7620701193809509,,
train-028415-3026a5791fe89900,3,9,train,3469642502580508928,pointer,T,T,,,C,False,True,,,-0.25,0.0625,3.248532206247611,,T E G,B,,False,,1.25,0.7772998809814453,,
train-028415-3026a5791fe89900,3,10,train,3469642502580508928,pointer,T,T,,,C,False,True,,,-0.375,0.125,3.2478485688286525,,T E Q,B,,False,,1.296875,0.7853085398674011,,
train-028415-3026a5791fe89900,3,11,train,3469642502580508928,pointer,T,T,,,C,False,True,,,-0.375,0.125,3.246985210764649,,T E G,B,,False,,1.328125,0.7905303239822388,,
train-028415-3026a5791fe89900,3,12,train,3469642502580508928,pointer,T,T,,,C,False,True,,,-0.3125,0.0625,3.246942769119307,,T E Q,B,,False,,1.34375,0.793105959892273,,
train-013062-80ac3cea47323079,4,1,train,9271852709763494009,pointer,Y,M,M,True,A,False,False,0.00023338454775512218,8.9375,-12.25,8.9375,0.0026060671635724122,1,M N O,M,True,True,0.0016656348016113043,-0.490234375,0.37983831763267517,False,0.4777751564979553
train-013062-80ac3cea47323079,4,2,train,9271852709763494009,pointer,Y,Z,Z,True,A,False,False,8.106198947643861e-06,12.4375,-15.6875,12.4375,0.00011798501590950572,1,Z D C,Z,True,True,0.00016926287207752466,-0.5390625,0.36840569972991943,False,0.4595080614089966
train-013062-80ac3cea47323079,4,3,train,9271852709763494009,pointer,Y,O,O,True,A,False,False,0.0007594323833473027,8.125,-8.125,8.125,0.007952104676940401,1,O A Z,O,True,True,0.7474138736724854,-0.306640625,0.4239349663257599,False,0.5515346527099609
train-013062-80ac3cea47323079,4,4,train,9271852709763494009,pointer,Y,O,A,False,A,False,False,4.635640621185303,-4.625,-4.625,4.625,0.06413506483184614,2,O A B,O,False,True,3.5597493648529053,-0.00194549560546875,0.4995136260986328,True,0.6941204071044922
train-013062-80ac3cea47323079,4,5,train,9271852709763494009,pointer,Y,O,,,A,False,True,,,-1.9375,1.9375,0.5423081482061944,,O A B,O,,True,,0.330078125,0.5817784070968628,,
train-013062-80ac3cea47323079,4,6,train,9271852709763494009,pointer,Y,O,,,A,False,True,,,-1.0,1.0,1.5128997800225066,,O A B,O,,True,,0.625,0.6513549089431763,,
train-013062-80ac3cea47323079,4,7,train,9271852709763494009,pointer,Y,O,,,A,False,True,,,-0.6875,0.6875,2.173405086984847,,O A B,O,,True,,0.84765625,0.7000752091407776,,
train-013062-80ac3cea47323079,4,8,train,9271852709763494009,pointer,Y,O,,,A,False,True,,,-0.625,0.625,2.446045405401965,,O A B,O,,True,,1.0078125,0.7325918078422546,,
train-013062-80ac3cea47323079,4,9,train,9271852709763494009,pointer,Y,O,,,A,False,True,,,-0.5,0.5,2.580072776061469,,O A B,O,,True,,1.1171875,0.7534666657447815,,
train-013062-80ac3cea47323079,4,10,train,9271852709763494009,pointer,Y,O,,,A,False,True,,,-0.375,0.375,2.6722319624412245,,O A B,O,,True,,1.1953125,0.7676898241043091,,
train-013062-80ac3cea47323079,4,11,train,9271852709763494009,pointer,Y,O,,,A,False,True,,,-0.3125,0.3125,2.7908627625285516,,O A B,O,,True,,1.25,0.7772998809814453,,
train-013062-80ac3cea47323079,4,12,train,9271852709763494009,pointer,Y,O,,,A,False,True,,,-0.3125,0.3125,2.918742618161769,,O A B,O,,True,,1.296875,0.7853085398674011,,
train-007672-91e9f28a20ed0a35,5,1,train,10514201480144947765,pointer,V,E,E,True,R,False,False,7.92710343375802e-05,11.0,-12.75,11.0,0.0010053222740990788,1,E C G,E,True,True,6.425174069590867e-05,-0.578125,0.3593641221523285,False,0.4452941417694092
train-007672-91e9f28a20ed0a35,5,2,train,10514201480144947765,pointer,V,L,L,True,R,False,False,5.9602869441732764e-05,10.75,-14.875,10.75,0.0007666146824997033,1,L D C,L,True,True,0.001105888863094151,-0.59375,0.3557748794555664,False,0.43970704078674316
train-007672-91e9f28a20ed0a35,5,3,train,10514201480144947765,pointer,V,O,O,True,R,False,False,0.000758955895435065,8.375,-11.0625,8.375,0.008022733889355566,1,O W U,O,True,True,0.6780056953430176,-0.375,0.4073334038257599,False,0.5231232643127441
train-007672-91e9f28a20ed0a35,5,4,train,10514201480144947765,pointer,V,W,W,True,R,False,False,0.3646984398365021,0.875,-0.875,0.875,0.7208122925365716,1,W R V,O,False,False,2.97821307182312,-0.0908203125,0.47731050848960876,False,0.6487677693367004
train-007672-91e9f28a20ed0a35,5,5,train,10514201480144947765,pointer,V,H,R,False,R,False,False,3.2994823455810547,-2.8125,-2.8125,1.0625,1.3768596842179337,4,H D J,H,False,True,3.0024566650390625,0.333984375,0.5827285051345825,True,0.5400338768959045
train-007672-91e9f28a20ed0a35,5,6,train,10514201480144947765,pointer,V,H,,,R,False,True,,,-2.0,0.5,2.7777520002067084,,H D F,H,,True,,0.7265625,0.6740504503250122,,
train-007672-91e9f28a20ed0a35,5,7,train,10514201480144947765,pointer,V,F,,,R,False,True,,,-0.8125,0.1875,3.2107938459048238,,F H N,H,,False,,1.015625,0.7341195344924927,,
train-007672-91e9f28a20ed0a35,5,8,train,10514201480144947765,pointer,V,F,,,R,False,True,,,-0.3125,0.0625,3.2443310128291074,,F G N,B,,False,,1.1640625,0.7620701193809509,,
train-007672-91e9f28a20ed0a35,5,9,train,10514201480144947765,pointer,V,F,,,R,False,True,,,-0.25,0.0,3.2427655989594717,,F G Q,B,,False,,1.234375,0.7745833992958069,,
train-007672-91e9f28a20ed0a35,5,10,train,10514201480144947765,pointer,V,F,,,R,False,True,,,-0.3125,0.0625,3.2387974726093005,,F D G,B,,False,,1.265625,0.7799928784370422,,
train-007672-91e9f28a20ed0a35,5,11,train,10514201480144947765,pointer,V,F,,,R,False,True,,,-0.375,0.125,3.23671372433497,,F D G,B,,False,,1.2890625,0.7839884757995605,,
train-007672-91e9f28a20ed0a35,5,12,train,10514201480144947765,pointer,V,F,,,R,False,True,,,-0.375,0.0625,3.2353012219957034,,F H D,B,,False,,1.3046875,0.7866228222846985,,
train-004010-e0a0c6ae1c61d00c,6,1,train,16186155511872344076,pointer,D,S,S,True,N,False,False,0.0003680505615193397,8.0,-14.859375,8.0,0.003468869642554665,1,S R T,S,True,True,0.00045599075383506715,-0.5625,0.36296918988227844,False,0.45093727111816406
train-004010-e0a0c6ae1c61d00c,6,2,train,16186155511872344076,pointer,D,E,E,True,N,False,False,6.305972783593461e-05,10.5,-16.0,10.5,0.0007771894083271949,1,E B C,E,True,True,0.0008126770262606442,-0.59765625,0.35488009452819824,False,0.4383190870285034
train-004010-e0a0c6ae1c61d00c,6,3,train,16186155511872344076,pointer,D,B,B,True,N,False,False,0.00029273517429828644,9.125,-12.90625,9.125,0.0032902812904422167,1,B A C,E,False,False,2.009124755859375,-0.40625,0.39981165528297424,False,0.5105117559432983
train-004010-e0a0c6ae1c61d00c,6,4,train,16186155511872344076,pointer,D,M,M,True,N,False,False,0.011786581948399544,5.5,-5.625,5.5,0.08738214347960828,1,M C N,M,True,True,1.7798302173614502,0.00799560546875,0.5019989013671875,False,0.6971529722213745
train-004010-e0a0c6ae1c61d00c,6,5,train,16186155511872344076,pointer,D,K,C,False,N,False,False,2.109199047088623,-0.6875,-0.125,0.125,2.1195916301103486,4,K N B,C,True,False,2.4653327465057373,0.427734375,0.6053325533866882,False,0.9297116994857788
train-004010-e0a0c6ae1c61d00c,6,6,train,16186155511872344076,pointer,D,M,N,False,N,False,False,2.0959115028381348,-0.25,-0.25,0.0625,2.8511405528097096,3,M C N,D,False,False,3.292860269546509,0.8125,0.6926419734954834,True,0.3672420382499695
train-004010-e0a0c6ae1c61d00c,6,7,train,16186155511872344076,pointer,D,C,,,N,False,True,,,0.0,0.0,3.2050123788482474,,C N D,B,,False,,1.0546875,0.74167400598526,,
train-004010-e0a0c6ae1c61d00c,6,8,train,16186155511872344076,pointer,D,D,,,N,False,True,,,0.0,0.0,3.2277363842165667,,D N K,B,,False,,1.1796875,0.7648916244506836,,
train-004010-e0a0c6ae1c61d00c,6,9,train,16186155511872344076,pointer,D,D,,,N,False,True,,,0.0,0.0,3.22089808970536,,D N C,Q,,False,,1.25,0.7772998809814453,,
train-004010-e0a0c6ae1c61d00c,6,10,train,16186155511872344076,pointer,D,N,,,N,True,True,,,0.0625,0.0625,3.216628522031685,,N D C,Q,,False,,1.28125,0.7826625108718872,,
train-004010-e0a0c6ae1c61d00c,6,11,train,16186155511872344076,pointer,D,D,,,N,False,True,,,0.0,0.0,3.2134867240147145,,D N C,Q,,False,,1.296875,0.7853085398674011,,
train-004010-e0a0c6ae1c61d00c,6,12,train,16186155511872344076,pointer,D,N,,,N,True,True,,,0.0625,0.0625,3.2132234350612894,,N D C,Q,,False,,1.3125,0.7879312038421631,,
train-028239-adf422ec4d4ce5fa,8,1,train,12534682061183444474,pointer,S,V,V,True,T,False,False,7.152555099310121e-07,15.84375,-17.75,15.84375,1.3737304920343973e-05,1,V Z Y,V,True,True,0.00023493390472140163,-0.58203125,0.3584653437137604,False,0.4438920021057129
train-028239-adf422ec4d4ce5fa,8,2,train,12534682061183444474,pointer,S,J,J,True,T,False,False,0.0038189589977264404,6.4375,-11.375,6.4375,0.03025461026664534,1,J B Z,J,True,True,0.0006009918288327754,-0.54296875,0.3674972355365753,False,0.4580707550048828
train-028239-adf422ec4d4ce5fa,8,3,train,12534682061183444474,pointer,S,Y,Y,True,T,False,False,0.0006996329175308347,8.125,-11.5625,8.125,0.00734796295050018,1,Y I A,Y,True,True,0.13192631304264069,-0.43359375,0.39326852560043335,False,0.4996689558029175
train-028239-adf422ec4d4ce5fa,8,4,train,12534682061183444474,pointer,S,I,I,True,T,False,False,0.013908487744629383,4.75,-9.9375,4.75,0.08996182521878353,1,I Y C,Y,False,False,3.0403366088867188,-0.125,0.46879062056541443,False,0.6325990557670593
train-028239-adf422ec4d4ce5fa,8,5,train,12534682061183444474,pointer,S,I,C,False,T,False,False,3.123436212539673,-3.0625,-7.375,3.0625,0.30154837044667127,2,I C B,I,False,True,4.29943323135376,0.22265625,0.5554351806640625,False,0.8106595873832703
train-028239-adf422ec4d4ce5fa,8,6,train,12534682061183444474,pointer,S,C,B,False,T,False,False,1.0491148233413696,-0.1875,-4.5,0.1875,1.6325070004295288,2,C B I,I,False,False,3.682265043258667,0.51953125,0.6270381808280945,False,0.9862791895866394
train-028239-adf422ec4d4ce5fa,8,7,train,12534682061183444474,pointer,S,I,K,False,T,False,False,3.851794481277466,-1.75,-0.875,0.25,3.045564729855591,19,I P S,O,False,False,3.6169872283935547,0.83984375,0.6984323263168335,False,1.198760747909546
train-028239-adf422ec4d4ce5fa,8,8,train,12534682061183444474,pointer,S,P,T,False,T,False,False,2.91580867767334,-0.4375,-0.4375,0.1875,3.1928274052764363,3,P S T,O,False,False,3.425495147705078,1.078125,0.7461389899253845,True,0.29284340143203735
train-028239-adf422ec4d4ce5fa,8,9,train,12534682061183444474,pointer,S,S,,,T,False,True,,,-0.375,0.0625,3.2296575813541417,,S P Q,B,,False,,1.2109375,0.7704647779464722,,
train-028239-adf422ec4d4ce5fa,8,10,train,12534682061183444474,pointer,S,S,,,T,False,True,,,-0.4375,0.0625,3.224290271789091,,S P Q,B,,False,,1.2734375,0.7813306450843811,,
train-028239-adf422ec4d4ce5fa,8,11,train,12534682061183444474,pointer,S,S,,,T,False,True,,,-0.5625,0.125,3.212780187089326,,S P Q,Q,,False,,1.3125,0.7879312038421631,,
train-028239-adf422ec4d4ce5fa,8,12,train,12534682061183444474,pointer,S,S,,,T,False,True,,,-0.5,0.0625,3.2114664692621426,,S P Q,Q,,False,,1.328125,0.7905303239822388,,
train-024028-87d3f9ab188b0397,10,1,train,9787440928452707223,pointer,N,V,V,True,M,False,False,9.536738616588991e-07,15.84375,-16.71875,15.84375,1.717062275620296e-05,1,V W D,V,True,True,0.0006187431863509119,-0.53125,0.37022536993026733,False,0.46239328384399414
train-024028-87d3f9ab188b0397,10,2,train,9787440928452707223,pointer,N,T,M,False,M,False,False,8.750173568725586,-8.75,-8.75,8.75,0.0017646661826793205,2,T M V,T,False,True,7.8318047523498535,-0.55859375,0.3638729155063629,False,0.45235681533813477
train-024028-87d3f9ab188b0397,10,3,train,9787440928452707223,pointer,N,N,T,False,M,False,False,8.252460479736328,-8.25,-7.125,7.125,0.023290946790572777,3,N M T,O,False,False,2.9317314624786377,-0.322265625,0.4201236963272095,False,0.5449404716491699
train-024028-87d3f9ab188b0397,10,4,train,9787440928452707223,pointer,N,V,N,False,M,False,False,3.113866090774536,-2.8125,-1.375,1.375,0.855012357592327,3,V M N,V,False,True,3.4822821617126465,0.11474609375,0.5286551117897034,False,0.7521651387214661
train-024028-87d3f9ab188b0397,10,5,train,9787440928452707223,pointer,N,V,V,True,M,False,False,1.2023869752883911,0.3125,-0.625,0.3125,2.2057538961115095,1,V S M,T,False,False,2.9832956790924072,0.58984375,0.6433292627334595,False,1.0309423208236694
train-024028-87d3f9ab188b0397,10,6,train,9787440928452707223,pointer,N,V,M,False,M,False,False,1.9196913242340088,-0.4375,-0.4375,0.0625,2.273972423496928,4,V S T,T,False,False,2.9776275157928467,0.89453125,0.7098243832588196,False,1.2372689247131348
train-024028-87d3f9ab188b0397,10,7,train,9787440928452707223,pointer,N,S,T,False,M,False,False,1.8539129495620728,-0.375,-0.375,0.0,2.205890968971987,4,S V M,N,False,False,3.0903518199920654,1.0703125,0.7446563243865967,False,1.365144968032837
train-024028-87d3f9ab188b0397,10,8,train,9787440928452707223,pointer,N,V,N,False,M,False,False,2.692877769470215,-1.25,-0.375,0.0625,2.1877916728124585,5,V S M,N,True,False,2.839970111846924,1.171875,0.7634837031364441,False,1.4417383670806885
train-024028-87d3f9ab188b0397,10,9,train,9787440928452707223,pointer,N,V,V,True,M,False,False,1.4563989639282227,0.125,-0.25,0.125,2.191730999851516,1,V S M,N,False,False,3.290652275085449,1.2265625,0.7732163667678833,False,1.4837589263916016
train-024028-87d3f9ab188b0397,10,10,train,9787440928452707223,pointer,N,V,M,False,M,False,False,1.7020013332366943,-0.25,-0.25,0.125,2.1804369345480414,3,V S M,N,False,False,3.051090955734253,1.2578125,0.7786493301391602,True,0.2501945197582245
train-024028-87d3f9ab188b0397,10,11,train,9787440928452707223,pointer,N,V,,,M,False,True,,,-0.25,0.125,2.1738374257642317,,V S M,N,,False,,1.28125,0.7826625108718872,,
train-024028-87d3f9ab188b0397,10,12,train,9787440928452707223,pointer,N,V,,,M,False,True,,,-0.25,0.1875,2.179119970275962,,V S M,N,,False,,1.2890625,0.7839884757995605,,
train-021266-d3d042fb23253b94,12,1,train,15262772783552478100,pointer,B,A,A,True,A,True,False,5.602820692729438e-06,13.5625,13.5625,13.5625,8.725193751657618e-05,1,A O D,A,True,True,0.0001358893496217206,-0.53125,0.37022536993026733,False,0.46239328384399414
train-021266-d3d042fb23253b94,12,2,train,15262772783552478100,pointer,B,T,T,True,A,False,False,2.622600959512056e-06,14.1875,-15.65625,14.1875,4.1411161584760296e-05,1,T D C,T,True,True,0.0022313715890049934,-0.59375,0.3557748794555664,False,0.43970704078674316
train-021266-d3d042fb23253b94,12,3,train,15262772783552478100,pointer,B,S,S,True,A,False,False,0.027521926909685135,3.9375,-7.9375,3.9375,0.16414274960469216,1,S D W,S,True,True,1.6305384635925293,-0.39453125,0.40262696146965027,False,0.5152135491371155
train-021266-d3d042fb23253b94,12,4,train,15262772783552478100,pointer,B,D,D,True,A,False,False,0.01552930474281311,4.5,-6.875,4.5,0.09964412493591954,1,D C G,B,False,False,3.167010545730591,-0.034423828125,0.49139487743377686,False,0.6760833859443665
train-021266-d3d042fb23253b94,12,5,train,15262772783552478100,pointer,B,C,C,True,A,False,False,0.6105613708496094,0.25,-6.1875,0.25,0.8701921733392396,1,C G D,C,True,True,2.166982412338257,0.396484375,0.5978426933288574,False,0.9109119772911072
train-021266-d3d042fb23253b94,12,6,train,15262772783552478100,pointer,B,G,G,True,A,False,False,0.8504993915557861,0.375,-3.3125,0.375,1.9166105168921996,1,G C D,B,False,False,3.6084420680999756,0.77734375,0.6851073503494263,False,1.1555235385894775
train-021266-d3d042fb23253b94,12,7,train,15262772783552478100,pointer,B,G,M,False,A,False,False,3.7589001655578613,-1.8125,-1.8125,0.0625,3.0429689250887724,21,G C B,B,False,False,3.224492311477661,1.046875,0.740174412727356,False,1.3477444648742676
train-021266-d3d042fb23253b94,12,8,train,15262772783552478100,pointer,B,G,V,False,A,False,False,3.2540206909179688,-0.625,-0.9375,0.0625,3.217981149900684,12,G C B,B,False,False,3.2618203163146973,1.1875,0.7662936449050903,False,1.4536898136138916
train-021266-d3d042fb23253b94,12,9,train,15262772783552478100,pointer,B,G,Q,False,A,False,False,3.201615571975708,-0.625,-0.9375,0.0625,3.2117479291389373,6,G C B,B,False,False,3.025838851928711,1.265625,0.7799928784370422,False,1.514095425605774
train-021266-d3d042fb23253b94,12,10,train,15262772783552478100,pointer,B,C,E,False,A,False,False,3.2454018592834473,-0.75,-1.125,0.0,3.1918403344198674,7,C G B,B,False,False,3.243014097213745,1.3046875,0.7866228222846985,False,1.544693946838379
train-021266-d3d042fb23253b94,12,11,train,15262772783552478100,pointer,B,C,B,False,A,False,False,2.853651762008667,-0.4375,-1.1875,0.0,3.1794884372517607,3,C G B,B,True,False,2.8922653198242188,1.328125,0.7905303239822388,False,1.5631762742996216
train-021266-d3d042fb23253b94,12,12,train,15262772783552478100,pointer,B,C,A,False,A,False,False,3.6016600131988525,-1.1875,-1.1875,0.0,3.178956970921581,20,C G B,B,False,False,3.075593948364258,1.3359375,0.7918210625648499,True,0.23341983556747437
train-030429-0536e84ed28563f3,1,1,train,375743044169065459,pointer,H,Q,Q,True,Q,True,False,1.311301275563892e-06,14.375,14.375,14.375,2.2602969642560805e-05,1,Q A K,Q,True,True,0.0002053765201708302,-0.408203125,0.3993430435657501,True,0.9179344773292542
train-030429-0536e84ed28563f3,1,2,train,375743044169065459,pointer,H,I,,,Q,False,True,,,-15.875,13.125,0.0001492381065903183,,I S J,I,,True,,-0.515625,0.37387579679489136,,
train-030429-0536e84ed28563f3,1,3,train,375743044169065459,pointer,H,G,,,Q,False,True,,,-12.3125,8.75,0.009283881292667742,,G I W,I,,False,,-0.267578125,0.4335017800331116,,
train-030429-0536e84ed28563f3,1,4,train,375743044169065459,pointer,H,W,,,Q,False,True,,,-9.6875,2.0,0.5912393748971212,,W E G,W,,True,,0.111328125,0.5278033018112183,,
train-030429-0536e84ed28563f3,1,5,train,375743044169065459,pointer,H,E,,,Q,False,True,,,-3.5,0.0625,2.012091370834975,,E O W,E,,True,,0.515625,0.6261242032051086,,
train-030429-0536e84ed28563f3,1,6,train,375743044169065459,pointer,H,O,,,Q,False,True,,,-0.8125,0.1875,3.1248199395538947,,O W E,D,,False,,0.8671875,0.7041601538658142,,
train-030429-0536e84ed28563f3,1,7,train,375743044169065459,pointer,H,G,,,Q,False,True,,,-0.375,0.0625,3.2053302086067514,,G E W,D,,False,,1.0859375,0.7476159334182739,,
train-030429-0536e84ed28563f3,1,8,train,375743044169065459,pointer,H,G,,,Q,False,True,,,-0.3125,0.3125,3.219722220990767,,G Q W,K,,False,,1.1953125,0.7676898241043091,,
train-030429-0536e84ed28563f3,1,9,train,375743044169065459,pointer,H,G,,,Q,False,True,,,-0.4375,0.375,3.2080573727417776,,G W I,K,,False,,1.25,0.7772998809814453,,
train-030429-0536e84ed28563f3,1,10,train,375743044169065459,pointer,H,G,,,Q,False,True,,,-0.5,0.3125,3.190404923476269,,G W I,I,,False,,1.28125,0.7826625108718872,,
train-030429-0536e84ed28563f3,1,11,train,375743044169065459,pointer,H,G,,,Q,False,True,,,-0.5625,0.25,3.1832679283634264,,G W I,I,,False,,1.296875,0.7853085398674011,,
train-030429-0536e84ed28563f3,1,12,train,375743044169065459,pointer,H,G,,,Q,False,True,,,-0.5625,0.25,3.1786836821608624,,G W E,I,,False,,1.3046875,0.7866228222846985,,
train-026632-d8895a6b8b0a9677,2,1,train,15603101801942521463,pointer,R,K,K,True,E,False,False,1.311301275563892e-06,14.90625,-20.97265625,14.90625,2.1604541245152248e-05,1,K R B,K,True,True,0.0005311747081577778,-0.482421875,0.38168036937713623,False,0.48074978590011597
train-026632-d8895a6b8b0a9677,2,2,train,15603101801942521463,pointer,R,E,E,True,E,True,False,2.074220174108632e-05,11.5,11.5,11.5,0.00027412463721945715,1,E D C,E,True,True,0.0002989322238136083,-0.57421875,0.36026397347450256,True,1.020918369293213
train-026632-d8895a6b8b0a9677,2,3,train,15603101801942521463,pointer,R,H,,,E,False,True,,,-11.84375,8.125,0.03293264316632218,,H A L,H,,True,,-0.41796875,0.3970029056072235,,
train-026632-d8895a6b8b0a9677,2,4,train,15603101801942521463,pointer,R,K,,,E,False,True,,,-1.125,1.125,0.5907338316180804,,K E J,H,,False,,-0.0849609375,0.47877252101898193,,
train-026632-d8895a6b8b0a9677,2,5,train,15603101801942521463,pointer,R,K,,,E,False,True,,,-0.125,0.125,1.576558725870067,,K E H,H,,False,,0.353515625,0.5874698758125305,,
train-026632-d8895a6b8b0a9677,2,6,train,15603101801942521463,pointer,R,H,,,E,False,True,,,-0.3125,0.125,1.9606649253559791,,H K E,H,,True,,0.66796875,0.6610482335090637,,
train-026632-d8895a6b8b0a9677,2,7,train,15603101801942521463,pointer,R,H,,,E,False,True,,,-1.625,0.4375,2.042251691070391,,H K L,H,,True,,0.91015625,0.7130321860313416,,
train-026632-d8895a6b8b0a9677,2,8,train,15603101801942521463,pointer,R,H,,,E,False,True,,,-1.0625,0.3125,2.437614005440942,,H K L,B,,False,,1.0546875,0.74167400598526,,
train-026632-d8895a6b8b0a9677,2,9,train,15603101801942521463,pointer,R,J,,,E,False,True,,,-0.625,0.0,2.49218637148925,,J L H,B,,False,,1.1328125,0.7563575506210327,,
train-026632-d8895a6b8b0a9677,2,10,train,15603101801942521463,pointer,R,J,,,E,False,True,,,-0.625,0.125,2.4713060699902187,,J H K,B,,False,,1.1796875,0.7648916244506836,,
train-026632-d8895a6b8b0a9677,2,11,train,15603101801942521463,pointer,R,J,,,E,False,True,,,-0.5,0.0625,2.4694198455519296,,J H K,B,,False,,1.203125,0.7690802216529846,,
train-026632-d8895a6b8b0a9677,2,12,train,15603101801942521463,pointer,R,H,,,E,False,True,,,-0.5625,0.0,2.4538205569783007,,H J K,B,,False,,1.21875,0.7718434929847717,,
train-024617-ae255de3918cedd9,3,1,train,12548539168718646745,pointer,E,J,J,True,U,False,False,0.00025376438861712813,8.375,-15.59375,8.375,0.002479378633250683,1,J B D,J,True,True,9.655486064730212e-05,-0.55859375,0.3638729155063629,False,0.45235681533813477
train-024617-ae255de3918cedd9,3,2,train,12548539168718646745,pointer,E,D,D,True,U,False,False,2.2649508537142538e-05,10.9375,-13.9375,10.9375,0.0002862745470680661,1,D C U,D,True,True,0.0009800160769373178,-0.55859375,0.3638729155063629,False,0.45235681533813477
train-024617-ae255de3918cedd9,3,3,train,12548539168718646745,pointer,E,U,U,True,U,True,False,0.3485416769981384,0.875,0.875,0.875,0.6071028380821989,1,U C D,D,False,False,2.8956546783447266,-0.3046875,0.42441198229789734,True,0.8570506572723389
train-024617-ae255de3918cedd9,3,4,train,12548539168718646745,pointer,E,C,,,U,False,True,,,-2.0,2.0,1.0906237253166335,,C U V,D,,False,,0.1630859375,0.5406813621520996,,
train-024617-ae255de3918cedd9,3,5,train,12548539168718646745,pointer,E,U,,,U,True,True,,,0.25,0.25,1.944011409257475,,U V C,D,,False,,0.5859375,0.642432451248169,,
train-024617-ae255de3918cedd9,3,6,train,12548539168718646745,pointer,E,V,,,U,False,True,,,-0.4375,0.125,2.093461085889217,,V D J,D,,False,,0.91015625,0.7130321860313416,,
train-024617-ae255de3918cedd9,3,7,train,12548539168718646745,pointer,E,V,,,U,False,True,,,-1.0625,0.0625,1.9903925908374522,,V J D,D,,False,,1.1015625,0.7505527138710022,,
train-024617-ae255de3918cedd9,3,8,train,12548539168718646745,pointer,E,V,,,U,False,True,,,-1.3125,0.125,1.927776214041296,,V J D,D,,False,,1.21875,0.7718434929847717,,
train-024617-ae255de3918cedd9,3,9,train,12548539168718646745,pointer,E,V,,,U,False,True,,,-1.25,0.125,1.917631585661944,,V J D,D,,False,,1.2734375,0.7813306450843811,,
train-024617-ae255de3918cedd9,3,10,train,12548539168718646745,pointer,E,V,,,U,False,True,,,-1.25,0.125,1.917710866563103,,V J D,D,,False,,1.3125,0.7879312038421631,,
train-024617-ae255de3918cedd9,3,11,train,12548539168718646745,pointer,E,V,,,U,False,True,,,-1.25,0.1875,1.918577626855183,,V J D,D,,False,,1.328125,0.7905303239822388,,
train-024617-ae255de3918cedd9,3,12,train,12548539168718646745,pointer,E,V,,,U,False,True,,,-1.25,0.1875,1.9136129013796097,,V J D,D,,False,,1.34375,0.793105959892273,,
train-012801-7782f5cb5ee87a60,4,1,train,8611715691305269856,pointer,N,F,F,True,V,False,False,0.00030632095877081156,9.0625,-15.84375,9.0625,0.0033995929083975866,1,F C T,F,True,True,1.4066597032069694e-05,-0.51953125,0.3729618489742279,False,0.4667479395866394
train-012801-7782f5cb5ee87a60,4,2,train,8611715691305269856,pointer,N,T,T,True,V,False,False,8.34461570775602e-06,13.375,-15.8125,13.375,0.00012558865036305358,1,T D C,T,True,True,0.005078867077827454,-0.47265625,0.3839877247810364,False,0.48448842763900757
train-012801-7782f5cb5ee87a60,4,3,train,8611715691305269856,pointer,N,H,H,True,V,False,False,0.014739076606929302,4.25,-4.25,4.25,0.08036486856236229,1,H V U,M,False,False,3.3757851123809814,-0.203125,0.4493926763534546,False,0.5967333316802979
train-012801-7782f5cb5ee87a60,4,4,train,8611715691305269856,pointer,N,V,V,True,V,True,False,0.24639885127544403,1.375,1.375,1.375,0.6486228455990417,1,V N H,V,True,True,2.3168222904205322,0.1953125,0.5486735105514526,True,0.6002517938613892
train-012801-7782f5cb5ee87a60,4,5,train,8611715691305269856,pointer,N,V,,,V,True,True,,,0.6875,0.6875,1.8204690423762548,,V N L,V,,True,,0.6484375,0.6566582322120667,,
train-012801-7782f5cb5ee87a60,4,6,train,8611715691305269856,pointer,N,B,,,V,False,True,,,-3.0625,0.375,1.9746303269532859,,B L E,B,,True,,0.9609375,0.7233095169067383,,
train-012801-7782f5cb5ee87a60,4,7,train,8611715691305269856,pointer,N,B,,,V,False,True,,,-4.125,0.3125,1.6844813193397605,,B L D,B,,True,,1.1171875,0.7534666657447815,,
train-012801-7782f5cb5ee87a60,4,8,train,8611715691305269856,pointer,N,B,,,V,False,True,,,-4.25,0.1875,1.563760976619565,,B L D,B,,True,,1.1953125,0.7676898241043091,,
train-012801-7782f5cb5ee87a60,4,9,train,8611715691305269856,pointer,N,B,,,V,False,True,,,-4.3125,0.1875,1.5034112272064624,,B L D,B,,True,,1.2265625,0.7732163667678833,,
train-012801-7782f5cb5ee87a60,4,10,train,8611715691305269856,pointer,N,B,,,V,False,True,,,-4.3125,0.1875,1.4786327859504793,,B L D,B,,True,,1.25,0.7772998809814453,,
train-012801-7782f5cb5ee87a60,4,11,train,8611715691305269856,pointer,N,B,,,V,False,True,,,-4.25,0.1875,1.4871014839542618,,B L D,B,,True,,1.2578125,0.7786493301391602,,
train-012801-7782f5cb5ee87a60,4,12,train,8611715691305269856,pointer,N,B,,,V,False,True,,,-4.25,0.1875,1.4934928301337085,,B L D,B,,True,,1.265625,0.7799928784370422,,
train-025312-1c1829dd54e630f6,5,1,train,2024414063091921142,pointer,Z,I,I,True,H,False,False,6.556489552167477e-06,13.125,-17.125,13.125,0.0001013273863690911,1,I S M,I,True,True,0.000169382052263245,-0.5625,0.36296918988227844,False,0.45093727111816406
train-025312-1c1829dd54e630f6,5,2,train,2024414063091921142,pointer,Z,U,U,True,H,False,False,5.722029527532868e-06,12.625,-18.75,12.625,8.26439445675068e-05,1,U D C,U,True,True,0.0028106968384236097,-0.62109375,0.34953272342681885,False,0.43006432056427
train-025312-1c1829dd54e630f6,5,3,train,2024414063091921142,pointer,Z,A,A,True,H,False,False,0.002214600332081318,6.125,-15.1875,6.125,0.015936160324127632,1,A C B,A,True,True,0.6951163411140442,-0.37109375,0.40827676653862,False,0.5247162580490112
train-025312-1c1829dd54e630f6,5,4,train,2024414063091921142,pointer,Z,C,C,True,H,False,False,0.07935762405395508,2.5,-2.5,2.5,0.2735802552609365,1,C H A,A,False,False,3.4180893898010254,-0.1083984375,0.47292688488960266,False,0.6404160261154175
train-025312-1c1829dd54e630f6,5,5,train,2024414063091921142,pointer,Z,H,H,True,H,True,False,0.4119206368923187,0.75,0.75,0.75,0.8001792037240897,1,H W D,B,False,False,3.13496470451355,0.2373046875,0.5590493679046631,True,0.5815175771713257
train-025312-1c1829dd54e630f6,5,6,train,2024414063091921142,pointer,Z,C,,,H,False,True,,,-0.125,0.125,2.876089080458776,,C H W,V,,False,,0.6484375,0.6566582322120667,,
train-025312-1c1829dd54e630f6,5,7,train,2024414063091921142,pointer,Z,R,,,H,False,True,,,-0.625,0.125,3.2316971113476796,,R B G,O,,False,,0.96875,0.7248703241348267,,
train-025312-1c1829dd54e630f6,5,8,train,2024414063091921142,pointer,Z,B,,,H,False,True,,,-0.5625,0.0,3.2467068974968187,,B G Q,K,,False,,1.1484375,0.7592254281044006,,
train-025312-1c1829dd54e630f6,5,9,train,2024414063091921142,pointer,Z,G,,,H,False,True,,,-0.5625,0.0625,3.2455571032720063,,G B Q,K,,False,,1.234375,0.7745833992958069,,
train-025312-1c1829dd54e630f6,5,10,train,2024414063091921142,pointer,Z,G,,,H,False,True,,,-0.5,0.0,3.2444767183185728,,G Q B,Q,,False,,1.2890625,0.7839884757995605,,
train-025312-1c1829dd54e630f6,5,11,train,2024414063091921142,pointer,Z,G,,,H,False,True,,,-0.5,0.0625,3.244888283165155,,G B Q,Q,,False,,1.3125,0.7879312038421631,,
train-025312-1c1829dd54e630f6,5,12,train,2024414063091921142,pointer,Z,G,,,H,False,True,,,-0.5,0.0625,3.244888283165155,,G B Q,Q,,False,,1.328125,0.7905303239822388,,
train-007979-3014314f22a9dfea,6,1,train,3464448229308489706,pointer,F,H,H,True,L,False,False,6.6756979322235566e-06,12.78125,-13.5625,12.78125,0.00010016909361484215,1,H D L,H,True,True,0.0004086851258762181,-0.5234375,0.3720487952232361,False,0.4652928113937378
train-007979-3014314f22a9dfea,6,2,train,3464448229308489706,pointer,F,D,D,True,L,False,False,0.0005690624238923192,7.75,-12.75,7.75,0.0054498872728171764,1,D C B,D,True,True,0.0002609150833450258,-0.52734375,0.3711366057395935,False,0.4638412594795227
train-007979-3014314f22a9dfea,6,3,train,3464448229308489706,pointer,F,B,B,True,L,False,False,0.0017281135078519583,6.5,-11.9375,6.5,0.013962932438339773,1,B Y A,B,True,True,0.7213054895401001,-0.32421875,0.4196479320526123,False,0.5441204309463501
train-007979-3014314f22a9dfea,6,4,train,3464448229308489706,pointer,F,Y,Y,True,L,False,False,0.00041083001997321844,9.5,-11.375,9.5,0.004720684975017342,1,Y X B,B,False,False,3.9754161834716797,0.007171630859375,0.5017929077148438,False,0.6967394351959229
train-007979-3014314f22a9dfea,6,5,train,3464448229308489706,pointer,F,N,N,True,L,False,False,0.2717197835445404,1.625,-1.625,1.625,0.8743596775749786,1,N L Y,N,True,True,1.9730008840560913,0.41015625,0.6011253595352173,False,0.9191080331802368
train-007979-3014314f22a9dfea,6,6,train,3464448229308489706,pointer,F,N,L,False,L,False,False,1.4882320165634155,-0.375,-0.375,0.375,1.8892659859557253,2,N L Y,N,False,True,2.8756330013275146,0.75,0.6791787147521973,True,0.3868710398674011
train-007979-3014314f22a9dfea,6,7,train,3464448229308489706,pointer,F,N,,,L,False,True,,,-1.6875,0.5625,1.8879201375539776,,N Y X,B,,False,,1.015625,0.7341195344924927,,
train-007979-3014314f22a9dfea,6,8,train,3464448229308489706,pointer,F,N,,,L,False,True,,,-1.875,0.5625,1.84812839911484,,N Y X,B,,False,,1.1484375,0.7592254281044006,,
train-007979-3014314f22a9dfea,6,9,train,3464448229308489706,pointer,F,N,,,L,False,True,,,-2.0,0.5625,1.80631268967911,,N Y X,B,,False,,1.21875,0.7718434929847717,,
train-007979-3014314f22a9dfea,6,10,train,3464448229308489706,pointer,F,N,,,L,False,True,,,-2.125,0.625,1.7642570860529077,,N Y X,B,,False,,1.2578125,0.7786493301391602,,
train-007979-3014314f22a9dfea,6,11,train,3464448229308489706,pointer,F,N,,,L,False,True,,,-2.125,0.5625,1.7629101239962943,,N Y X,B,,False,,1.28125,0.7826625108718872,,
train-007979-3014314f22a9dfea,6,12,train,3464448229308489706,pointer,F,N,,,L,False,True,,,-2.125,0.5625,1.760055470752954,,N Y X,B,,False,,1.2890625,0.7839884757995605,,
train-014001-e563bec2467cb922,8,1,train,16529264798995364130,pointer,L,S,S,True,C,False,False,4.875540980719961e-05,11.34375,-11.875,11.34375,0.0006551510200325461,1,S R C,S,True,True,0.0003047717036679387,-0.5703125,0.36116471886634827,False,0.4481086730957031
train-014001-e563bec2467cb922,8,2,train,16529264798995364130,pointer,L,C,C,True,C,True,False,0.0002094287920044735,8.875,8.875,8.875,0.0022977100427966296,1,C D F,C,True,True,0.002281088614836335,-0.55859375,0.3638729155063629,False,0.45235681533813477
train-014001-e563bec2467cb922,8,3,train,16529264798995364130,pointer,L,C,V,False,C,True,False,1.9111545085906982,-1.75,1.75,1.75,0.4285269078589733,2,C V D,C,False,True,2.8837223052978516,-0.333984375,0.4172714650630951,False,0.5400338768959045
train-014001-e563bec2467cb922,8,4,train,16529264798995364130,pointer,L,V,C,False,C,False,False,3.7774548530578613,-3.75,-3.75,3.75,0.1466541233737167,2,V C D,V,False,True,3.3905844688415527,0.060546875,0.5151321291923523,False,0.723878800868988
train-014001-e563bec2467cb922,8,5,train,16529264798995364130,pointer,L,V,V,True,C,False,False,0.07613444328308105,2.9375,-2.9375,2.9375,0.37138690046694856,1,V C D,V,True,True,1.5941227674484253,0.462890625,0.6136996746063232,False,0.9511401653289795
train-014001-e563bec2467cb922,8,6,train,16529264798995364130,pointer,L,V,C,False,C,False,False,2.5064637660980225,-2.3125,-2.3125,2.3125,0.8590671441046507,2,V C D,V,False,True,3.3521711826324463,0.7890625,0.6876299977302551,False,1.1635668277740479
train-014001-e563bec2467cb922,8,7,train,16529264798995364130,pointer,L,V,V,True,C,False,False,0.26541754603385925,2.125,-2.125,2.125,1.1108150196774578,1,V C D,V,True,True,2.0344431400299072,1.0234375,0.735641598701477,False,1.3304497003555298
train-014001-e563bec2467cb922,8,8,train,16529264798995364130,pointer,L,V,C,False,C,False,False,2.284290313720703,-2.0,-2.0,2.0,1.1448765084149872,2,V C D,V,False,True,3.283679246902466,1.15625,0.7606506943702698,True,0.2735810875892639
train-014001-e563bec2467cb922,8,9,train,16529264798995364130,pointer,L,V,,,C,False,True,,,-2.0,2.0,1.0771077881411886,,V C D,V,,True,,1.2265625,0.7732163667678833,,
train-014001-e563bec2467cb922,8,10,train,16529264798995364130,pointer,L,V,,,C,False,True,,,-1.9375,1.9375,1.0667712740915836,,V C D,V,,True,,1.2734375,0.7813306450843811,,
train-014001-e563bec2467cb922,8,11,train,16529264798995364130,pointer,L,V,,,C,False,True,,,-2.0,2.0,1.0238063416899637,,V C D,V,,True,,1.296875,0.7853085398674011,,
train-014001-e563bec2467cb922,8,12,train,16529264798995364130,pointer,L,V,,,C,False,True,,,-2.0625,2.0625,0.9975418277178737,,V C D,V,,True,,1.3125,0.7879312038421631,,
train-004660-7b216b0ca8bd5f27,10,1,train,8872490443011350311,pointer,A,O,O,True,H,False,False,1.9192511899746023e-05,11.65625,-16.2978515625,11.65625,0.000264176170368441,1,O A P,O,True,True,0.0001546025014249608,-0.515625,0.37387579679489136,False,0.468206524848938
train-004660-7b216b0ca8bd5f27,10,2,train,8872490443011350311,pointer,A,K,K,True,H,False,False,4.076874756719917e-05,10.1875,-14.9375,10.1875,0.00047261584091954576,1,K B A,K,True,True,0.0024968183133751154,-0.470703125,0.38444983959198,False,0.48523885011672974
train-004660-7b216b0ca8bd5f27,10,3,train,8872490443011350311,pointer,A,B,B,True,H,False,False,0.0026977595407515764,6.0,-12.5625,6.0,0.01994956479788529,1,B X Y,B,True,True,2.099580764770508,-0.322265625,0.4201236963272095,False,0.5449404716491699
train-004660-7b216b0ca8bd5f27,10,4,train,8872490443011350311,pointer,A,X,X,True,H,False,False,0.00860577542334795,4.875,-12.125,4.875,0.0548456273679885,1,X Y B,X,True,True,1.4695786237716675,0.1123046875,0.528046727180481,False,0.7508752942085266
train-004660-7b216b0ca8bd5f27,10,5,train,8872490443011350311,pointer,A,X,Y,False,H,False,False,1.6219440698623657,-1.0,-5.8125,1.0,1.6344029194074077,2,X Y M,B,False,False,3.863848924636841,0.455078125,0.6118459105491638,False,0.9463529586791992
train-004660-7b216b0ca8bd5f27,10,6,train,8872490443011350311,pointer,A,M,R,False,H,False,False,3.3090758323669434,-1.8125,-2.875,0.25,2.5605458988000733,6,M X V,M,False,True,3.3192596435546875,0.7265625,0.6740504503250122,False,1.121012806892395
train-004660-7b216b0ca8bd5f27,10,7,train,8872490443011350311,pointer,A,B,V,False,H,False,False,2.7894344329833984,-0.875,-2.0625,0.1875,2.9448880175882124,5,B X Y,M,False,False,3.098510503768921,0.94921875,0.7209580540657043,False,1.276393175125122
train-004660-7b216b0ca8bd5f27,10,8,train,8872490443011350311,pointer,A,X,L,False,H,False,False,3.3278868198394775,-0.6875,-0.9375,0.0625,3.1945149928778354,13,X B Y,M,False,False,3.3158440589904785,1.125,0.7549149990081787,False,1.4061501026153564
train-004660-7b216b0ca8bd5f27,10,9,train,8872490443011350311,pointer,A,B,G,False,H,False,False,2.9591450691223145,0.0,-0.5,0.0,3.2420845509951843,2,B G K,O,False,False,3.251978874206543,1.234375,0.7745833992958069,False,1.489804983139038
train-004660-7b216b0ca8bd5f27,10,10,train,8872490443011350311,pointer,A,B,H,False,H,False,False,3.433364152908325,-0.4375,-0.4375,0.0,3.2416274866111845,19,B G K,M,False,False,3.1575851440429688,1.2734375,0.7813306450843811,True,0.2467568814754486
train-004660-7b216b0ca8bd5f27,10,11,train,8872490443011350311,pointer,A,K,,,H,False,True,,,-0.5,0.0625,3.2411087571348225,,K B G,M,,False,,1.296875,0.7853085398674011,,
train-004660-7b216b0ca8bd5f27,10,12,train,8872490443011350311,pointer,A,K,,,H,False,True,,,-0.5,0.0625,3.2399147081439787,,K B G,M,,False,,1.3046875,0.7866228222846985,,
train-013643-7083889b3b2dc152,12,1,train,8107473954491187538,pointer,C,E,E,True,C,False,False,0.00019298121333122253,9.3125,-9.3125,9.3125,0.002169310163630345,1,E C G,E,True,True,0.00013469743134919554,-0.53125,0.37022536993026733,False,0.46239328384399414
train-013643-7083889b3b2dc152,12,2,train,8107473954491187538,pointer,C,C,C,True,C,True,False,0.0059586502611637115,5.125,5.125,5.125,0.03661444997715492,1,C E D,C,True,True,0.001057661371305585,-0.515625,0.37387579679489136,False,0.468206524848938
train-013643-7083889b3b2dc152,12,3,train,8107473954491187538,pointer,C,E,E,True,C,False,False,0.0003526780928950757,9.0,-9.4375,9.0,0.003933398047914059,1,E T C,B,False,False,2.6104135513305664,-0.353515625,0.41253018379211426,False,0.5319303274154663
train-013643-7083889b3b2dc152,12,4,train,8107473954491187538,pointer,C,C,C,True,C,True,False,0.25562337040901184,1.25,1.25,1.25,0.5592345301033528,1,C E D,C,True,True,1.8061474561691284,0.052001953125,0.512997567653656,False,0.7194861769676208
train-013643-7083889b3b2dc152,12,5,train,8107473954491187538,pointer,C,C,E,False,C,True,False,0.8439549207687378,-0.25,0.25,0.25,0.8075518198492605,2,C E D,C,False,True,2.8164830207824707,0.44140625,0.6085940599441528,False,0.9380100965499878
train-013643-7083889b3b2dc152,12,6,train,8107473954491187538,pointer,C,C,C,True,C,True,False,0.7286821007728577,0.375,0.375,0.375,1.4764615154061351,1,C E T,C,True,True,1.9123615026474,0.7734375,0.6842640042304993,False,1.1528489589691162
train-013643-7083889b3b2dc152,12,7,train,8107473954491187538,pointer,C,T,E,False,C,False,False,2.0074195861816406,-0.625,-0.0625,0.0625,2.2006921514587323,4,T C O,C,False,False,3.0009474754333496,1.03125,0.7371581792831421,False,1.33620285987854
train-013643-7083889b3b2dc152,12,8,train,8107473954491187538,pointer,C,T,C,False,C,False,False,2.016258716583252,-0.875,-0.875,0.4375,2.16139181910748,3,T O C,B,False,False,2.847691059112549,1.1796875,0.7648916244506836,False,1.4477086067199707
train-013643-7083889b3b2dc152,12,9,train,8107473954491187538,pointer,C,T,E,False,C,False,False,2.393176555633545,-1.375,-1.625,0.375,2.0448856887321747,3,T O E,Q,False,False,3.3382458686828613,1.2578125,0.7786493301391602,False,1.5080070495605469
train-013643-7083889b3b2dc152,12,10,train,8107473954491187538,pointer,C,T,C,False,C,False,False,2.8332982063293457,-1.8125,-1.8125,0.3125,2.0201987677809026,4,T O E,Q,False,False,3.136040449142456,1.3046875,0.7866228222846985,False,1.544693946838379
train-013643-7083889b3b2dc152,12,11,train,8107473954491187538,pointer,C,T,E,False,C,False,False,2.44888973236084,-1.4375,-1.875,0.3125,2.0062166294608925,3,T O E,Q,False,False,3.387923002243042,1.3203125,0.7892336845397949,False,1.5570052862167358
train-013643-7083889b3b2dc152,12,12,train,8107473954491187538,pointer,C,T,C,False,C,False,False,2.9163544178009033,-1.875,-1.875,0.25,2.007631881432271,4,T O E,Q,False,False,3.185108184814453,1.3359375,0.7918210625648499,True,0.23341983556747437
train-009819-ea3721f54f8df566,1,1,train,16876995466079630694,pointer,L,E,E,True,E,True,False,0.0001408954558428377,10.0625,10.0625,10.0625,0.001700809942262536,1,E C G,E,True,True,4.7205765440594405e-05,-0.421875,0.39606815576553345,True,0.9261689186096191
train-009819-ea3721f54f8df566,1,2,train,16876995466079630694,pointer,L,J,,,E,False,True,,,-12.4375,11.9375,0.0003024742836257161,,J Z E,J,,True,,-0.4765625,0.3830641508102417,,
train-009819-ea3721f54f8df566,1,3,train,16876995466079630694,pointer,L,X,,,E,False,True,,,-9.0,0.125,0.7050225609214298,,X D J,X,,True,,-0.1650390625,0.4588336646556854,,
train-009819-ea3721f54f8df566,1,4,train,16876995466079630694,pointer,L,D,,,E,False,True,,,-6.75,4.4375,0.1862851288442699,,D X O,X,,False,,0.1435546875,0.5358271598815918,,
train-009819-ea3721f54f8df566,1,5,train,16876995466079630694,pointer,L,K,,,E,False,True,,,-5.75,0.1875,1.2263148976025344,,K Z X,B,,False,,0.455078125,0.6118459105491638,,
train-009819-ea3721f54f8df566,1,6,train,16876995466079630694,pointer,L,Z,,,E,False,True,,,-3.5,0.125,2.175747376612074,,Z D C,Z,,True,,0.74609375,0.6783269643783569,,
train-009819-ea3721f54f8df566,1,7,train,16876995466079630694,pointer,L,K,,,E,False,True,,,-1.125,0.0625,2.5476152819994455,,K D Z,C,,False,,0.96875,0.7248703241348267,,
train-009819-ea3721f54f8df566,1,8,train,16876995466079630694,pointer,L,Z,,,E,False,True,,,-0.75,0.125,2.702184958489085,,Z D L,Z,,True,,1.125,0.7549149990081787,,
train-009819-ea3721f54f8df566,1,9,train,16876995466079630694,pointer,L,Z,,,E,False,True,,,-1.5,0.375,2.6554686338490447,,Z D X,Z,,True,,1.234375,0.7745833992958069,,
train-009819-ea3721f54f8df566,1,10,train,16876995466079630694,pointer,L,Z,,,E,False,True,,,-1.5625,0.25,2.6032983392814693,,Z D X,C,,False,,1.28125,0.7826625108718872,,
train-009819-ea3721f54f8df566,1,11,train,16876995466079630694,pointer,L,Z,,,E,False,True,,,-1.4375,0.1875,2.5778578450727383,,Z D L,C,,False,,1.3046875,0.7866228222846985,,
train-009819-ea3721f54f8df566,1,12,train,16876995466079630694,pointer,L,Z,,,E,False,True,,,-1.25,0.125,2.581718166541532,,Z D L,C,,False,,1.3125,0.7879312038421631,,
train-032293-df1a7f6a1875f360,2,1,train,16076301913506050912,pointer,K,E,E,True,V,False,False,0.00013398226292338222,10.0625,-16.0625,10.0625,0.0015816473658391273,1,E C A,E,True,True,4.8636207793606445e-05,-0.451171875,0.3890821933746338,False,0.49279284477233887
train-032293-df1a7f6a1875f360,2,2,train,16076301913506050912,pointer,K,V,V,True,V,True,False,1.2755313036905136e-05,12.75,12.75,12.75,0.00018909154070453422,1,V R D,V,True,True,0.001117082079872489,-0.47265625,0.3839877247810364,True,0.9571446776390076
train-032293-df1a7f6a1875f360,2,3,train,16076301913506050912,pointer,K,W,,,V,False,True,,,-6.8125,5.125,0.05007393706405046,,W Q V,V,,False,,-0.2216796875,0.44480592012405396,,
train-032293-df1a7f6a1875f360,2,4,train,16076301913506050912,pointer,K,Q,,,V,False,True,,,-7.75,1.375,0.5717910800478706,,Q D P,Q,,True,,0.1923828125,0.547947883605957,,
train-032293-df1a7f6a1875f360,2,5,train,16076301913506050912,pointer,K,Q,,,V,False,True,,,-3.1875,0.5625,2.3923046207736096,,Q D F,F,,False,,0.5703125,0.6388352513313293,,
train-032293-df1a7f6a1875f360,2,6,train,16076301913506050912,pointer,K,F,,,V,False,True,,,-0.6875,0.125,3.1535450086327623,,F Q N,D,,False,,0.9296875,0.7170118689537048,,
train-032293-df1a7f6a1875f360,2,7,train,16076301913506050912,pointer,K,Q,,,V,False,True,,,-0.125,0.0625,3.2413135640462,,Q G N,V,,False,,1.125,0.7549149990081787,,
train-032293-df1a7f6a1875f360,2,8,train,16076301913506050912,pointer,K,Q,,,V,False,True,,,-0.125,0.0625,3.241295355036687,,Q G V,V,,False,,1.2109375,0.7704647779464722,,
train-032293-df1a7f6a1875f360,2,9,train,16076301913506050912,pointer,K,Q,,,V,False,True,,,-0.1875,0.1875,3.2309704038237927,,Q V G,V,,False,,1.25,0.7772998809814453,,
train-032293-df1a7f6a1875f360,2,10,train,16076301913506050912,pointer,K,Q,,,V,False,True,,,-0.25,0.25,3.22263449076383,,Q V D,V,,False,,1.28125,0.7826625108718872,,
train-032293-df1a7f6a1875f360,2,11,train,16076301913506050912,pointer,K,Q,,,V,False,True,,,-0.3125,0.3125,3.217499738551,,Q V D,V,,False,,1.2890625,0.7839884757995605,,
train-032293-df1a7f6a1875f360,2,12,train,16076301913506050912,pointer,K,Q,,,V,False,True,,,-0.3125,0.3125,3.2171861645584126,,Q V D,V,,False,,1.3046875,0.7866228222846985,,
train-034436-256b6d7f82ba5763,3,1,train,2696369196332898147,pointer,P,Q,Q,True,T,False,False,5.960462772236497e-07,15.5625,-20.4453125,15.5625,1.1862381277500665e-05,1,Q A R,Q,True,True,0.0011207734933122993,-0.59765625,0.35488009452819824,False,0.4383190870285034
train-034436-256b6d7f82ba5763,3,2,train,2696369196332898147,pointer,P,X,X,True,T,False,False,0.002193189924582839,6.125,-6.125,6.125,0.015679067085998356,1,X T Z,X,True,True,0.0005302215577103198,-0.52734375,0.3711366057395935,False,0.4638412594795227
train-034436-256b6d7f82ba5763,3,3,train,2696369196332898147,pointer,P,T,T,True,T,True,False,0.00014959646796341985,10.5,10.5,10.5,0.0018893487579892568,1,T A D,J,False,False,3.0037550926208496,-0.359375,0.41111087799072266,True,0.8888923525810242
train-034436-256b6d7f82ba5763,3,4,train,2696369196332898147,pointer,P,H,,,T,False,True,,,-9.375,2.375,0.3573552377075289,,H M G,H,,True,,0.00982666015625,0.5024566650390625,,
train-034436-256b6d7f82ba5763,3,5,train,2696369196332898147,pointer,P,M,,,T,False,True,,,-6.125,1.875,0.8609224329302416,,M H L,M,,True,,0.4140625,0.6020615696907043,,
train-034436-256b6d7f82ba5763,3,6,train,2696369196332898147,pointer,P,M,,,T,False,True,,,-3.5,0.125,1.9425707221625073,,M H K,M,,True,,0.74609375,0.6783269643783569,,
train-034436-256b6d7f82ba5763,3,7,train,2696369196332898147,pointer,P,M,,,T,False,True,,,-2.125,0.1875,2.8116448038658306,,M H K,M,,True,,1.0,0.7310585975646973,,
train-034436-256b6d7f82ba5763,3,8,train,2696369196332898147,pointer,P,M,,,T,False,True,,,-1.5,0.5,3.123662438162999,,M H G,B,,False,,1.171875,0.7634837031364441,,
train-034436-256b6d7f82ba5763,3,9,train,2696369196332898147,pointer,P,M,,,T,False,True,,,-0.5625,0.125,3.230400761956109,,M G H,B,,False,,1.265625,0.7799928784370422,,
train-034436-256b6d7f82ba5763,3,10,train,2696369196332898147,pointer,P,M,,,T,False,True,,,-0.5,0.125,3.2330590291785968,,M G H,B,,False,,1.3046875,0.7866228222846985,,
train-034436-256b6d7f82ba5763,3,11,train,2696369196332898147,pointer,P,M,,,T,False,True,,,-0.5625,0.0625,3.223764011589898,,M H G,B,,False,,1.328125,0.7905303239822388,,
train-034436-256b6d7f82ba5763,3,12,train,2696369196332898147,pointer,P,M,,,T,False,True,,,-0.6875,0.125,3.218044897941124,,M H G,B,,False,,1.34375,0.793105959892273,,
train-001236-2b1edb1fa7ee3309,4,1,train,3107161721940095753,pointer,L,V,V,True,P,False,False,2.264974000354414e-06,14.75,-18.296875,14.75,3.6522224590117385e-05,1,V L R,V,True,True,0.00014304091746453196,-0.5703125,0.36116471886634827,False,0.4481086730957031
train-001236-2b1edb1fa7ee3309,4,2,train,3107161721940095753,pointer,L,G,G,True,P,False,False,0.032270174473524094,3.9375,-11.90625,3.9375,0.18738220661963315,1,G E D,G,True,True,0.0008467426523566246,-0.55078125,0.3656831681728363,False,0.4552067518234253
train-001236-2b1edb1fa7ee3309,4,3,train,3107161721940095753,pointer,L,T,T,True,P,False,False,0.004895486403256655,6.3125,-6.3125,6.3125,0.042024535702353635,1,T P R,T,True,True,1.1518850326538086,-0.421875,0.39606815576553345,False,0.5042939186096191
train-001236-2b1edb1fa7ee3309,4,4,train,3107161721940095753,pointer,L,P,P,True,P,True,False,0.550760805606842,1.0,1.0,1.0,1.4536998259583807,1,P T G,P,True,True,1.8479920625686646,0.0230712890625,0.5057675242424011,True,0.681678056716919
train-001236-2b1edb1fa7ee3309,4,5,train,3107161721940095753,pointer,L,P,,,P,True,True,,,0.0625,0.0625,2.6976431084691863,,P Z T,P,,True,,0.47265625,0.6160122752189636,,
train-001236-2b1edb1fa7ee3309,4,6,train,3107161721940095753,pointer,L,P,,,P,True,True,,,0.0,0.0,2.993368147645656,,P V N,D,,False,,0.8515625,0.700894832611084,,
train-001236-2b1edb1fa7ee3309,4,7,train,3107161721940095753,pointer,L,L,,,P,False,True,,,-0.75,0.0625,3.049497073662303,,L N V,O,,False,,1.0625,0.7431680560112,,
train-001236-2b1edb1fa7ee3309,4,8,train,3107161721940095753,pointer,L,L,,,P,False,True,,,-1.125,0.1875,3.025601678280527,,L N D,O,,False,,1.171875,0.7634837031364441,,
train-001236-2b1edb1fa7ee3309,4,9,train,3107161721940095753,pointer,L,L,,,P,False,True,,,-1.25,0.3125,3.008470107602409,,L N D,O,,False,,1.2265625,0.7732163667678833,,
train-001236-2b1edb1fa7ee3309,4,10,train,3107161721940095753,pointer,L,L,,,P,False,True,,,-1.125,0.3125,3.004409072035957,,L N D,O,,False,,1.2578125,0.7786493301391602,,
train-001236-2b1edb1fa7ee3309,4,11,train,3107161721940095753,pointer,L,L,,,P,False,True,,,-1.125,0.3125,3.004814882310513,,L N V,O,,False,,1.28125,0.7826625108718872,,
train-001236-2b1edb1fa7ee3309,4,12,train,3107161721940095753,pointer,L,L,,,P,False,True,,,-1.0625,0.3125,3.004291514004923,,L N V,O,,False,,1.2890625,0.7839884757995605,,
train-004081-a94953a1e320f07a,5,1,train,12198373020475125882,pointer,S,Q,Q,True,X,False,False,8.344646857949556e-07,14.875,-21.7265625,14.875,1.50645433008579e-05,1,Q R G,Q,True,True,0.0012541294563561678,-0.61328125,0.351311057806015,False,0.4328019618988037
train-004081-a94953a1e320f07a,5,2,train,12198373020475125882,pointer,S,L,L,True,X,False,False,3.266281055402942e-05,11.25,-16.8125,11.25,0.0004377404215777694,1,L D C,L,True,True,0.0007046362152323127,-0.609375,0.35220175981521606,False,0.434175968170166
train-004081-a94953a1e320f07a,5,3,train,12198373020475125882,pointer,S,H,H,True,X,False,False,0.003737727412953973,6.9375,-9.3125,6.9375,0.03482906609067739,1,H I D,H,True,True,0.6058130264282227,-0.466796875,0.38537469506263733,False,0.48674237728118896
train-004081-a94953a1e320f07a,5,4,train,12198373020475125882,pointer,S,V,V,True,X,False,False,0.02467712014913559,3.8125,-3.8125,3.8125,0.12869366865016976,1,V X E,H,False,False,2.5911269187927246,-0.1953125,0.45132648944854736,False,0.6002517938613892
train-004081-a94953a1e320f07a,5,5,train,12198373020475125882,pointer,S,V,X,False,X,False,False,1.4643669128417969,-0.5625,-0.5625,0.375,1.4836041438773484,3,V S X,I,False,False,3.429137945175171,0.291015625,0.5722447633743286,True,0.5581884980201721
train-004081-a94953a1e320f07a,5,6,train,12198373020475125882,pointer,S,V,,,X,False,True,,,-1.25,0.1875,2.953417220119758,,V S I,H,,False,,0.6953125,0.6671476364135742,,
train-004081-a94953a1e320f07a,5,7,train,12198373020475125882,pointer,S,V,,,X,False,True,,,-1.0,0.1875,3.185547719149995,,V H S,H,,False,,0.97265625,0.7256485819816589,,
train-004081-a94953a1e320f07a,5,8,train,12198373020475125882,pointer,S,V,,,X,False,True,,,-0.8125,0.125,3.1971561704092193,,V H L,H,,False,,1.109375,0.7520126104354858,,
train-004081-a94953a1e320f07a,5,9,train,12198373020475125882,pointer,S,V,,,X,False,True,,,-0.875,0.125,3.1665370547511404,,V H L,H,,False,,1.1640625,0.7620701193809509,,
train-004081-a94953a1e320f07a,5,10,train,12198373020475125882,pointer,S,V,,,X,False,True,,,-0.9375,0.0625,3.1384714611702558,,V H L,H,,False,,1.1953125,0.7676898241043091,,
train-004081-a94953a1e320f07a,5,11,train,12198373020475125882,pointer,S,V,,,X,False,True,,,-1.0,0.125,3.1237467519598385,,V H L,H,,False,,1.2109375,0.7704647779464722,,
train-004081-a94953a1e320f07a,5,12,train,12198373020475125882,pointer,S,V,,,X,False,True,,,-0.9375,0.125,3.126434606966118,,V H L,H,,False,,1.21875,0.7718434929847717,,
train-033557-44eacc919581c788,6,1,train,4966006464780027784,pointer,Y,P,P,True,O,False,False,1.7762025890988298e-05,12.1875,-15.8125,12.1875,0.0002526167504429735,1,P Q C,P,True,True,0.0004078510100953281,-0.67578125,0.3372035324573517,False,0.4112873077392578
train-033557-44eacc919581c788,6,2,train,4966006464780027784,pointer,Y,H,H,True,O,False,False,2.074220174108632e-05,11.5625,-15.125,11.5625,0.0002874755790172666,1,H I X,H,True,True,0.012330256402492523,-0.66015625,0.3407045006752014,False,0.41658341884613037
train-033557-44eacc919581c788,6,3,train,4966006464780027784,pointer,Y,E,E,True,O,False,False,0.634960412979126,0.125,-10.5,0.125,0.7111586372079741,1,E J H,G,False,False,2.7306606769561768,-0.427734375,0.39466747641563416,False,0.5019773244857788
train-033557-44eacc919581c788,6,4,train,4966006464780027784,pointer,Y,I,J,False,O,False,False,0.9863680601119995,-0.25,-4.375,0.25,1.4037326986507048,2,I J E,I,False,True,3.3488330841064453,0.0419921875,0.5104964971542358,False,0.714363694190979
train-033557-44eacc919581c788,6,5,train,4966006464780027784,pointer,Y,I,U,False,O,False,False,1.5919396877288818,-0.5,-2.3125,0.5,2.1290902840845427,2,I U V,I,False,True,3.0341293811798096,0.48046875,0.6178585886955261,False,0.96196448802948
train-033557-44eacc919581c788,6,6,train,4966006464780027784,pointer,Y,U,O,False,O,False,False,2.7705764770507812,-0.6875,-0.6875,0.375,3.0714411846757033,6,U A V,D,False,False,2.9674434661865234,0.8671875,0.7041601538658142,True,0.35074949264526367
train-033557-44eacc919581c788,6,7,train,4966006464780027784,pointer,Y,B,,,O,False,True,,,-0.375,0.0,3.248080660808659,,B Q U,D,,False,,1.1015625,0.7505527138710022,,
train-033557-44eacc919581c788,6,8,train,4966006464780027784,pointer,Y,B,,,O,False,True,,,-0.5,0.0,3.248673136632091,,B Q G,N,,False,,1.21875,0.7718434929847717,,
train-033557-44eacc919581c788,6,9,train,4966006464780027784,pointer,Y,Q,,,O,False,True,,,-0.5,0.0625,3.248254736340519,,Q B G,N,,False,,1.28125,0.7826625108718872,,
train-033557-44eacc919581c788,6,10,train,4966006464780027784,pointer,Y,Q,,,O,False,True,,,-0.5,0.0625,3.2490326632344555,,Q B G,N,,False,,1.3203125,0.7892336845397949,,
train-033557-44eacc919581c788,6,11,train,4966006464780027784,pointer,Y,Q,,,O,False,True,,,-0.5,0.0625,3.248966448105977,,Q B D,N,,False,,1.34375,0.793105959892273,,
train-033557-44eacc919581c788,6,12,train,4966006464780027784,pointer,Y,Q,,,O,False,True,,,-0.5,0.0625,3.248887699485584,,Q B G,N,,False,,1.359375,0.7956580519676208,,
train-004074-469e2a776b001a6f,8,1,train,5088551321359882863,pointer,A,H,H,True,N,False,False,1.0728830375228426e-06,15.3125,-18.4375,15.3125,1.8939021461350464e-05,1,H L X,H,True,True,0.0007060657371766865,-0.56640625,0.36206647753715515,False,0.44952118396759033
train-004074-469e2a776b001a6f,8,2,train,5088551321359882863,pointer,A,O,O,True,N,False,False,0.001211266964673996,6.75,-13.53125,6.75,0.009626031239371929,1,O M D,O,True,True,0.0017897554207593203,-0.5703125,0.36116471886634827,False,0.4481086730957031
train-004074-469e2a776b001a6f,8,3,train,5088551321359882863,pointer,A,M,M,True,N,False,False,0.0006817638641223311,9.0625,-9.0625,9.0625,0.00748679996575964,1,M F N,M,True,True,0.21947318315505981,-0.38671875,0.40450745820999146,False,0.5183663964271545
train-004074-469e2a776b001a6f,8,4,train,5088551321359882863,pointer,A,F,F,True,N,False,False,0.021061576902866364,3.875,-10.5625,3.875,0.10519022702109708,1,F M L,M,False,False,3.7298357486724854,-0.205078125,0.44890937209129333,False,0.5958560705184937
train-004074-469e2a776b001a6f,8,5,train,5088551321359882863,pointer,A,L,L,True,N,False,False,0.42485126852989197,1.125,-6.5625,1.125,0.9858438656331898,1,L Z F,L,True,True,2.2184665203094482,0.18359375,0.5457699298858643,False,0.7891514897346497
train-004074-469e2a776b001a6f,8,6,train,5088551321359882863,pointer,A,Z,Z,True,N,False,False,0.66679447889328,0.4375,-4.0625,0.4375,1.442066142013352,1,Z L V,V,False,False,3.62359881401062,0.6015625,0.6460136771202087,False,1.0384970903396606
train-004074-469e2a776b001a6f,8,7,train,5088551321359882863,pointer,A,P,K,False,N,False,False,3.108349084854126,-0.9375,-1.0625,0.25,3.1272988336013143,7,P L Q,D,False,False,3.4522061347961426,0.953125,0.7217432260513306,False,1.2792108058929443
train-004074-469e2a776b001a6f,8,8,train,5088551321359882863,pointer,A,Q,N,False,N,False,False,3.2212936878204346,-0.375,-0.375,0.25,3.2465456504624264,10,Q G L,B,False,False,3.131007671356201,1.140625,0.7577943801879883,True,0.277343213558197
train-004074-469e2a776b001a6f,8,9,train,5088551321359882863,pointer,A,L,,,N,False,True,,,-0.25,0.0,3.246664373236362,,L Q G,B,,False,,1.2265625,0.7732163667678833,,
train-004074-469e2a776b001a6f,8,10,train,5088551321359882863,pointer,A,L,,,N,False,True,,,-0.375,0.125,3.238829019779552,,L Q Z,B,,False,,1.2734375,0.7813306450843811,,
train-004074-469e2a776b001a6f,8,11,train,5088551321359882863,pointer,A,L,,,N,False,True,,,-0.5,0.25,3.2357532384209216,,L Q Z,B,,False,,1.2890625,0.7839884757995605,,
train-004074-469e2a776b001a6f,8,12,train,5088551321359882863,pointer,A,L,,,N,False,True,,,-0.5625,0.25,3.2324317789167507,,L Q Z,B,,False,,1.3046875,0.7866228222846985,,
train-026854-5873933bbf314402,10,1,train,6373599782479414274,pointer,Q,N,N,True,N,True,False,2.8013790142722428e-05,11.625,11.625,11.625,0.00038049885005382274,1,N Q D,N,True,True,0.00025996167096309364,-0.494140625,0.3789186179637909,False,0.47629314661026
train-026854-5873933bbf314402,10,2,train,6373599782479414274,pointer,Q,E,E,True,N,False,False,1.585470999998506e-05,12.6875,-12.875,12.6875,0.00023117743389900153,1,E D N,E,True,True,0.0011618537828326225,-0.5390625,0.36840569972991943,False,0.4595080614089966
train-026854-5873933bbf314402,10,3,train,6373599782479414274,pointer,Q,Q,Q,True,N,False,False,0.13549311459064484,2.625,-2.625,2.625,0.46974941737255377,1,Q N X,E,False,False,2.8266072273254395,-0.302734375,0.4248892068862915,False,0.5531925559043884
train-026854-5873933bbf314402,10,4,train,6373599782479414274,pointer,Q,Q,N,False,N,False,False,2.4112930297851562,-1.5625,-1.5625,0.125,1.259056177758608,3,Q J N,Q,False,True,4.212363243103027,0.08154296875,0.5203744769096375,False,0.7347495555877686
train-026854-5873933bbf314402,10,5,train,6373599782479414274,pointer,Q,E,E,True,N,False,False,0.4493369460105896,1.0,-3.5625,1.0,1.0862342639961002,1,E J Q,E,True,True,1.854760766029358,0.39453125,0.5973730087280273,False,0.9097447991371155
train-026854-5873933bbf314402,10,6,train,6373599782479414274,pointer,Q,E,Q,False,N,False,False,1.2856189012527466,-0.4375,-1.6875,0.4375,1.5086292886517434,2,E Q J,E,False,True,2.5882272720336914,0.61328125,0.6486889719963074,False,1.0460832118988037
train-026854-5873933bbf314402,10,7,train,6373599782479414274,pointer,Q,E,N,False,N,False,False,3.075584650039673,-2.5625,-2.5625,1.375,1.3115375662266693,4,E Q J,E,False,True,3.8254148960113525,0.76953125,0.6834195256233215,False,1.1501777172088623
train-026854-5873933bbf314402,10,8,train,6373599782479414274,pointer,Q,E,E,True,N,False,False,0.6619231700897217,0.875,-2.0625,0.875,1.4436779255670036,1,E Q J,E,True,True,1.6628854274749756,0.8671875,0.7041601538658142,False,1.2179369926452637
train-026854-5873933bbf314402,10,9,train,6373599782479414274,pointer,Q,E,Q,False,N,False,False,1.7978023290634155,-1.25,-2.375,1.25,1.3541381274873707,2,E Q J,E,False,True,2.597308397293091,0.9296875,0.7170118689537048,False,1.26235032081604
train-026854-5873933bbf314402,10,10,train,6373599782479414274,pointer,Q,E,N,False,N,False,False,2.801760673522949,-2.1875,-2.1875,1.0,1.410558130435526,4,E Q J,E,False,True,3.830263614654541,0.96875,0.7248703241348267,True,0.3217625617980957
train-026854-5873933bbf314402,10,11,train,6373599782479414274,pointer,Q,E,,,N,False,True,,,-2.3125,1.125,1.3699516329928698,,E Q J,E,,True,,0.99609375,0.730289876461029,,
train-026854-5873933bbf314402,10,12,train,6373599782479414274,pointer,Q,E,,,N,False,True,,,-2.25,1.0625,1.3817915973356376,,E Q J,E,,True,,1.0078125,0.7325918078422546,,
train-011168-87293f2ee627e44d,12,1,train,9739385139827827789,pointer,X,N,N,True,C,False,False,3.93382906622719e-05,11.0625,-14.84375,11.0625,0.0005134615008618017,1,N Q O,N,True,True,0.00010513706365600228,-0.55078125,0.3656831681728363,False,0.4552067518234253
train-011168-87293f2ee627e44d,12,2,train,9739385139827827789,pointer,X,U,U,True,C,False,False,6.079655122448457e-06,12.5625,-15.9375,12.5625,9.101000036641203e-05,1,U D Z,U,True,True,0.006202377378940582,-0.546875,0.3665897250175476,False,0.456636905670166
train-011168-87293f2ee627e44d,12,3,train,9739385139827827789,pointer,X,A,A,True,C,False,False,0.005327670369297266,5.375,-12.0,5.375,0.035664656162633576,1,A I J,I,False,False,3.134153366088867,-0.30078125,0.42536652088165283,False,0.5540228486061096
train-011168-87293f2ee627e44d,12,4,train,9739385139827827789,pointer,X,I,I,True,C,False,False,0.447856068611145,0.625,-9.0625,0.625,0.747691997340713,1,I J A,I,True,True,1.9681793451309204,0.1259765625,0.5314525961875916,False,0.7581179141998291
train-011168-87293f2ee627e44d,12,5,train,9739385139827827789,pointer,X,I,J,False,C,False,False,1.0463778972625732,-0.125,-5.0,0.125,1.5896815688154324,2,I J G,I,False,True,3.012413501739502,0.54296875,0.6325027346611023,False,1.0010395050048828
train-011168-87293f2ee627e44d,12,6,train,9739385139827827789,pointer,X,I,G,False,C,False,False,2.4283924102783203,-0.625,-2.1875,0.375,2.9896129323504246,3,I J G,D,False,False,3.401676654815674,0.8984375,0.7106282711029053,False,1.24004328250885
train-011168-87293f2ee627e44d,12,7,train,9739385139827827789,pointer,X,B,V,False,C,False,False,3.209341049194336,-0.1875,-0.375,0.0,3.2444687813187536,12,B G Q,B,False,True,3.2117738723754883,1.109375,0.7520126104354858,False,1.3943772315979004
train-011168-87293f2ee627e44d,12,8,train,9739385139827827789,pointer,X,Q,R,False,C,False,False,3.497551679611206,-0.5,-0.4375,0.0625,3.2446835965450616,23,Q B G,B,False,False,3.604679584503174,1.21875,0.7718434929847717,False,1.477723479270935
train-011168-87293f2ee627e44d,12,9,train,9739385139827827789,pointer,X,K,B,False,C,False,False,3.09293532371521,-0.0625,-0.4375,0.0,3.24312079932129,4,K N Q,B,True,False,2.897275686264038,1.28125,0.7826625108718872,False,1.526303768157959
train-011168-87293f2ee627e44d,12,10,train,9739385139827827789,pointer,X,G,Y,False,C,False,False,3.4802324771881104,-0.4375,-0.4375,0.0,3.2429306125924757,22,G K N,B,False,False,3.28987455368042,1.3203125,0.7892336845397949,False,1.5570052862167358
train-011168-87293f2ee627e44d,12,11,train,9739385139827827789,pointer,X,N,W,False,C,False,False,3.5059762001037598,-0.5,-0.4375,0.0,3.243537945705222,24,N Q B,B,False,False,3.469938278198242,1.3359375,0.7918210625648499,False,1.5693573951721191
train-011168-87293f2ee627e44d,12,12,train,9739385139827827789,pointer,X,K,C,False,C,False,False,3.470947504043579,-0.4375,-0.4375,0.0,3.242566094201022,19,K N Q,B,False,False,3.5585780143737793,1.3515625,0.7943849563598633,True,0.23018710315227509
train-024255-99b2b8f40a41b8fb,1,1,train,11075117791941081339,pointer,L,J,J,True,J,True,False,0.00047386385267600417,7.875,7.875,7.875,0.004470544022705768,1,J B D,J,True,True,0.00016330339713022113,-0.38671875,0.40450745820999146,True,0.9050851464271545
train-024255-99b2b8f40a41b8fb,1,2,train,11075117791941081339,pointer,L,U,,,J,False,True,,,-14.3125,10.4375,0.0008840816325144429,,U R D,U,,True,,-0.47265625,0.3839877247810364,,
train-024255-99b2b8f40a41b8fb,1,3,train,11075117791941081339,pointer,L,R,,,J,False,True,,,-9.1875,3.75,0.11584784088124501,,R L J,R,,True,,-0.2314453125,0.4423955976963043,,
train-024255-99b2b8f40a41b8fb,1,4,train,11075117791941081339,pointer,L,L,,,J,False,True,,,-2.625,1.375,0.9450723644867767,,L Z J,E,,False,,0.1328125,0.5331544280052185,,
train-024255-99b2b8f40a41b8fb,1,5,train,11075117791941081339,pointer,L,F,,,J,False,True,,,-2.125,0.1875,2.708644712042933,,F M L,M,,False,,0.5546875,0.6352224349975586,,
train-024255-99b2b8f40a41b8fb,1,6,train,11075117791941081339,pointer,L,F,,,J,False,True,,,-1.0625,0.125,2.8804223605526844,,F L E,F,,True,,0.87890625,0.7065955400466919,,
train-024255-99b2b8f40a41b8fb,1,7,train,11075117791941081339,pointer,L,L,,,J,False,True,,,-1.0625,0.0625,2.832164938568911,,L F E,U,,False,,1.078125,0.7461389899253845,,
train-024255-99b2b8f40a41b8fb,1,8,train,11075117791941081339,pointer,L,L,,,J,False,True,,,-1.0,0.1875,2.8073562802844743,,L F E,U,,False,,1.1875,0.7662936449050903,,
train-024255-99b2b8f40a41b8fb,1,9,train,11075117791941081339,pointer,L,L,,,J,False,True,,,-1.0,0.25,2.782914810810535,,L F E,U,,False,,1.25,0.7772998809814453,,
train-024255-99b2b8f40a41b8fb,1,10,train,11075117791941081339,pointer,L,L,,,J,False,True,,,-0.9375,0.25,2.783193975647343,,L F E,U,,False,,1.28125,0.7826625108718872,,
train-024255-99b2b8f40a41b8fb,1,11,train,11075117791941081339,pointer,L,L,,,J,False,True,,,-0.9375,0.25,2.7828611036491417,,L F E,U,,False,,1.296875,0.7853085398674011,,
train-024255-99b2b8f40a41b8fb,1,12,train,11075117791941081339,pointer,L,L,,,J,False,True,,,-0.9375,0.3125,2.7771116110822014,,L F E,U,,False,,1.3125,0.7879312038421631,,
train-015292-8519a988adcd4869,2,1,train,9590883285958740073,pointer,W,P,P,True,I,False,False,3.3378546504536644e-06,14.375,-17.84375,14.375,5.339516652298882e-05,1,P C M,P,True,True,0.00014578233822248876,-0.57421875,0.36026397347450256,False,0.4466996192932129
train-015292-8519a988adcd4869,2,2,train,9590883285958740073,pointer,W,I,I,True,I,True,False,2.622600959512056e-06,14.25,14.25,14.25,4.353399454797319e-05,1,I J F,I,True,True,0.0004128557338844985,-0.61328125,0.351311057806015,True,1.0460832118988037
train-015292-8519a988adcd4869,2,3,train,9590883285958740073,pointer,W,F,,,I,False,True,,,-10.0,1.25,0.7021554751792698,,F Y P,P,,False,,-0.423828125,0.3956010639667511,,
train-015292-8519a988adcd4869,2,4,train,9590883285958740073,pointer,W,F,,,I,False,True,,,-5.375,0.0,1.3044647609364832,,F Y G,O,,False,,-0.0201416015625,0.4949648082256317,,
train-015292-8519a988adcd4869,2,5,train,9590883285958740073,pointer,W,F,,,I,False,True,,,-3.1875,0.5,2.243337993247285,,F P Y,P,,False,,0.412109375,0.601593554019928,,
train-015292-8519a988adcd4869,2,6,train,9590883285958740073,pointer,W,P,,,I,False,True,,,-0.625,0.25,2.981035128903392,,P F I,P,,True,,0.76171875,0.6817268133163452,,
train-015292-8519a988adcd4869,2,7,train,9590883285958740073,pointer,W,P,,,I,False,True,,,-0.6875,0.6875,3.1582063450629865,,P I F,P,,True,,1.0234375,0.735641598701477,,
train-015292-8519a988adcd4869,2,8,train,9590883285958740073,pointer,W,P,,,I,False,True,,,-0.4375,0.375,3.232809243255943,,P G I,B,,False,,1.1640625,0.7620701193809509,,
train-015292-8519a988adcd4869,2,9,train,9590883285958740073,pointer,W,P,,,I,False,True,,,-0.25,0.25,3.2387497292520178,,P G I,N,,False,,1.234375,0.7745833992958069,,
train-015292-8519a988adcd4869,2,10,train,9590883285958740073,pointer,W,P,,,I,False,True,,,-0.1875,0.1875,3.23645484284963,,P G I,N,,False,,1.265625,0.7799928784370422,,
train-015292-8519a988adcd4869,2,11,train,9590883285958740073,pointer,W,P,,,I,False,True,,,-0.1875,0.1875,3.2350870413347086,,P G I,N,,False,,1.2734375,0.7813306450843811,,
train-015292-8519a988adcd4869,2,12,train,9590883285958740073,pointer,W,P,,,I,False,True,,,-0.125,0.125,3.2339597493790824,,P I W,N,,False,,1.28125,0.7826625108718872,,
train-016931-8160259db0a157c6,3,1,train,9322492587860383686,pointer,B,P,P,True,R,False,False,2.7418097943154862e-06,13.75,-15.34375,13.75,4.509885591431587e-05,1,P Q L,P,True,True,3.564294092939235e-05,-0.5859375,0.3575674891471863,False,0.4424935579299927
train-016931-8160259db0a157c6,3,2,train,9322492587860383686,pointer,B,L,L,True,R,False,False,9.619726915843785e-05,10.5625,-13.34375,10.5625,0.0011981449676720314,1,L I C,L,True,True,0.001988816075026989,-0.5546875,0.3647775650024414,False,0.45378005504608154
train-016931-8160259db0a157c6,3,3,train,9322492587860383686,pointer,B,R,R,True,R,True,False,0.0006425699684768915,8.3125,8.3125,8.3125,0.006653132805411438,1,R W L,L,False,False,3.49787974357605,-0.3203125,0.4205995798110962,True,0.8660739660263062
train-016931-8160259db0a157c6,3,4,train,9322492587860383686,pointer,B,W,,,R,False,True,,,-8.6875,4.8125,0.0793063422528551,,W G T,W,,True,,0.10205078125,0.5254905819892883,,
train-016931-8160259db0a157c6,3,5,train,9322492587860383686,pointer,B,G,,,R,False,True,,,-2.75,0.4375,1.75609816323022,,G T W,G,,True,,0.5078125,0.6242935657501221,,
train-016931-8160259db0a157c6,3,6,train,9322492587860383686,pointer,B,G,,,R,False,True,,,-2.0,0.3125,2.575312498232516,,G T W,G,,True,,0.83984375,0.6984323263168335,,
train-016931-8160259db0a157c6,3,7,train,9322492587860383686,pointer,B,G,,,R,False,True,,,-2.0625,0.0625,2.4246014539551366,,G U T,G,,True,,1.03125,0.7371581792831421,,
train-016931-8160259db0a157c6,3,8,train,9322492587860383686,pointer,B,G,,,R,False,True,,,-2.125,0.125,2.311644905850016,,G U T,G,,True,,1.1328125,0.7563575506210327,,
train-016931-8160259db0a157c6,3,9,train,9322492587860383686,pointer,B,G,,,R,False,True,,,-2.125,0.125,2.286816267175093,,G U T,G,,True,,1.1875,0.7662936449050903,,
train-016931-8160259db0a157c6,3,10,train,9322492587860383686,pointer,B,G,,,R,False,True,,,-2.1875,0.25,2.280703020423648,,G U T,G,,True,,1.21875,0.7718434929847717,,
train-016931-8160259db0a157c6,3,11,train,9322492587860383686,pointer,B,G,,,R,False,True,,,-2.1875,0.25,2.2968147554245,,G U T,G,,True,,1.2421875,0.7759445905685425,,
train-016931-8160259db0a157c6,3,12,train,9322492587860383686,pointer,B,G,,,R,False,True,,,-2.125,0.25,2.3141143951769796,,G U T,G,,True,,1.2578125,0.7786493301391602,,
train-025068-98b407ebeb1e1885,4,1,train,11003428499416291461,pointer,J,F,F,True,J,False,False,0.0001174142598756589,10.1875,-12.6875,10.1875,0.0014489792310873207,1,F C L,F,True,True,1.0251946150674485e-05,-0.55859375,0.3638729155063629,False,0.45235681533813477
train-025068-98b407ebeb1e1885,4,2,train,11003428499416291461,pointer,J,Z,Z,True,J,False,False,2.3841830625315197e-06,14.9375,-15.4375,14.9375,3.719041486154763e-05,1,Z C S,Z,True,True,0.0002060916303889826,-0.51953125,0.3729618489742279,False,0.4667479395866394
train-025068-98b407ebeb1e1885,4,3,train,11003428499416291461,pointer,J,S,S,True,J,False,False,0.38198187947273254,0.875,-0.875,0.875,0.7661146613591812,1,S J Z,S,True,True,1.4484094381332397,-0.357421875,0.411583811044693,False,0.5303207635879517
train-025068-98b407ebeb1e1885,4,4,train,11003428499416291461,pointer,J,J,J,True,J,True,False,0.2303631603717804,1.75,1.75,1.75,0.7493854426832488,1,J Z S,E,False,False,3.507905960083008,-0.0026092529296875,0.4993477165699005,True,0.6944526433944702
train-025068-98b407ebeb1e1885,4,5,train,11003428499416291461,pointer,J,F,,,J,False,True,,,-0.125,0.125,1.627723609028028,,F J Z,M,,False,,0.427734375,0.6053325533866882,,
train-025068-98b407ebeb1e1885,4,6,train,11003428499416291461,pointer,J,F,,,J,False,True,,,-0.6875,0.0,2.3608467002530222,,F Z J,O,,False,,0.796875,0.6893056035041809,,
train-025068-98b407ebeb1e1885,4,7,train,11003428499416291461,pointer,J,I,,,J,False,True,,,-0.4375,0.25,2.402167040960026,,I F K,K,,False,,1.03125,0.7371581792831421,,
train-025068-98b407ebeb1e1885,4,8,train,11003428499416291461,pointer,J,I,,,J,False,True,,,-0.1875,0.125,2.390643143989508,,I F J,K,,False,,1.15625,0.7606506943702698,,
train-025068-98b407ebeb1e1885,4,9,train,11003428499416291461,pointer,J,F,,,J,False,True,,,-0.0625,0.0,2.3563645582870323,,F I J,K,,False,,1.21875,0.7718434929847717,,
train-025068-98b407ebeb1e1885,4,10,train,11003428499416291461,pointer,J,J,,,J,True,True,,,0.0625,0.0625,2.4026830979865537,,J F Z,Y,,False,,1.2578125,0.7786493301391602,,
train-025068-98b407ebeb1e1885,4,11,train,11003428499416291461,pointer,J,J,,,J,True,True,,,0.6875,0.6875,2.319368048163218,,J Y Q,Y,,False,,1.234375,0.7745833992958069,,
train-025068-98b407ebeb1e1885,4,12,train,11003428499416291461,pointer,J,Y,,,J,False,True,,,-2.75,1.1875,1.2000640885209077,,Y Q J,Y,,True,,1.1640625,0.7620701193809509,,
train-024799-9b5a7074237022e7,5,1,train,11194383467895857895,pointer,W,E,E,True,L,False,False,9.035655966727063e-05,10.8125,-13.21875,10.8125,0.0011219706423342861,1,E C D,E,True,True,0.00010024998482549563,-0.59375,0.3557748794555664,False,0.43970704078674316
train-024799-9b5a7074237022e7,5,2,train,11194383467895857895,pointer,W,I,I,True,L,False,False,0.23929600417613983,1.3125,-7.9375,1.3125,0.525645600093439,1,I E D,E,False,False,4.884825706481934,-0.61328125,0.351311057806015,False,0.4328019618988037
train-024799-9b5a7074237022e7,5,3,train,11194383467895857895,pointer,W,S,L,False,L,False,False,3.1196694374084473,-3.0625,-3.0625,3.0625,0.2653679701489439,2,S L I,S,False,True,4.368232250213623,-0.384765625,0.40497803688049316,False,0.5191568732261658
train-024799-9b5a7074237022e7,5,4,train,11194383467895857895,pointer,W,L,N,False,L,True,False,2.4603159427642822,-1.9375,1.1875,1.1875,1.1976462185771815,4,L I K,I,False,False,3.823807954788208,0.051513671875,0.5128755569458008,False,0.7192356586456299
train-024799-9b5a7074237022e7,5,5,train,11194383467895857895,pointer,W,N,L,False,L,False,False,1.065464973449707,-0.3125,-0.3125,0.3125,1.2957763291541582,2,N L K,N,False,True,3.0399279594421387,0.486328125,0.6192409992218018,True,0.4792606830596924
train-024799-9b5a7074237022e7,5,6,train,11194383467895857895,pointer,W,N,,,L,False,True,,,-0.5625,0.5625,1.5536873963309308,,N L I,N,,True,,0.828125,0.6959583163261414,,
train-024799-9b5a7074237022e7,5,7,train,11194383467895857895,pointer,W,N,,,L,False,True,,,-0.25,0.25,1.5637275431074666,,N L I,N,,True,,1.03125,0.7371581792831421,,
train-024799-9b5a7074237022e7,5,8,train,11194383467895857895,pointer,W,N,,,L,False,True,,,-0.125,0.125,1.5022338162758015,,N L I,N,,True,,1.1484375,0.7592254281044006,,
train-024799-9b5a7074237022e7,5,9,train,11194383467895857895,pointer,W,N,,,L,False,True,,,-0.125,0.125,1.4759060766690686,,N L I,N,,True,,1.2109375,0.7704647779464722,,
train-024799-9b5a7074237022e7,5,10,train,11194383467895857895,pointer,W,N,,,L,False,True,,,-0.0625,0.0625,1.482245551713875,,N L I,N,,True,,1.25,0.7772998809814453,,
train-024799-9b5a7074237022e7,5,11,train,11194383467895857895,pointer,W,N,,,L,False,True,,,-0.0625,0.0625,1.4661002707521966,,N L I,N,,True,,1.265625,0.7799928784370422,,
train-024799-9b5a7074237022e7,5,12,train,11194383467895857895,pointer,W,N,,,L,False,True,,,-0.0625,0.0625,1.465309469519991,,N L I,N,,True,,1.28125,0.7826625108718872,,
train-030524-a6e7463bb3d9a60b,6,1,train,12026658552150599179,pointer,M,P,P,True,Y,False,False,1.3112935448589269e-05,12.375,-18.828125,12.375,0.00018969913623181786,1,P Q C,P,True,True,5.1377883210079744e-05,-0.65625,0.3415825068950653,False,0.41791605949401855
train-030524-a6e7463bb3d9a60b,6,2,train,12026658552150599179,pointer,M,B,B,True,Y,False,False,7.033323527139146e-06,12.875,-19.0625,12.875,0.00010648764928798434,1,B C D,B,True,True,0.0075806803070008755,-0.6328125,0.34687307476997375,False,0.4259837865829468
train-030524-a6e7463bb3d9a60b,6,3,train,12026658552150599179,pointer,M,O,O,True,Y,False,False,0.20165160298347473,1.5,-12.84375,1.5,0.4778382787073116,1,O C D,O,True,True,2.348245620727539,-0.349609375,0.4134771525859833,False,0.5335437059402466
train-030524-a6e7463bb3d9a60b,6,4,train,12026658552150599179,pointer,M,C,C,True,Y,False,False,0.2533000409603119,1.875,-5.9375,1.875,0.8912341829241722,1,C O B,B,False,False,3.3262031078338623,0.029541015625,0.507384717464447,False,0.7080267667770386
train-030524-a6e7463bb3d9a60b,6,5,train,12026658552150599179,pointer,M,V,V,True,Y,False,False,1.0375607013702393,1.0,-1.0,1.0,2.447854587033847,1,V Y C,V,True,True,2.784503221511841,0.46484375,0.6141626238822937,False,0.9523392915725708
train-030524-a6e7463bb3d9a60b,6,6,train,12026658552150599179,pointer,M,V,Y,False,Y,False,False,2.4692630767822266,-0.4375,-0.4375,0.4375,3.085244180212589,2,V Y B,D,False,False,3.211249828338623,0.859375,0.7025300860404968,True,0.3530671000480652
train-030524-a6e7463bb3d9a60b,6,7,train,12026658552150599179,pointer,M,B,,,Y,False,True,,,-0.625,0.0625,3.218700904657087,,B V Q,B,,True,,1.1015625,0.7505527138710022,,
train-030524-a6e7463bb3d9a60b,6,8,train,12026658552150599179,pointer,M,Q,,,Y,False,True,,,-0.75,0.0625,3.2335375650920994,,Q B V,B,,False,,1.21875,0.7718434929847717,,
train-030524-a6e7463bb3d9a60b,6,9,train,12026658552150599179,pointer,M,Q,,,Y,False,True,,,-0.75,0.0625,3.229722483188027,,Q B F,B,,False,,1.28125,0.7826625108718872,,
train-030524-a6e7463bb3d9a60b,6,10,train,12026658552150599179,pointer,M,B,,,Y,False,True,,,-0.8125,0.0,3.2252039420836702,,B Q V,B,,True,,1.3125,0.7879312038421631,,
train-030524-a6e7463bb3d9a60b,6,11,train,12026658552150599179,pointer,M,B,,,Y,False,True,,,-0.8125,0.0,3.223173822011012,,B Q F,B,,True,,1.328125,0.7905303239822388,,
train-030524-a6e7463bb3d9a60b,6,12,train,12026658552150599179,pointer,M,Q,,,Y,False,True,,,-0.8125,0.0625,3.2208397643759685,,Q B F,B,,False,,1.34375,0.793105959892273,,
train-020796-d564dde7c3497331,8,1,train,15376659015233270577,pointer,K,E,E,True,B,False,False,0.00015031162183731794,9.625,-13.375,9.625,0.0017437264968342104,1,E Q A,E,True,True,8.630380034446716e-05,-0.5859375,0.3575674891471863,False,0.4424935579299927
train-020796-d564dde7c3497331,8,2,train,15376659015233270577,pointer,K,Q,Q,True,B,False,False,0.001529715140350163,6.75,-16.40625,6.75,0.01229602219485286,1,Q O P,Q,True,True,0.007002455648034811,-0.55078125,0.3656831681728363,False,0.4552067518234253
train-020796-d564dde7c3497331,8,3,train,15376659015233270577,pointer,K,O,O,True,B,False,False,0.026836754754185677,3.625,-12.28125,3.625,0.1260411644161629,1,O P Q,Q,False,False,2.578420400619507,-0.21875,0.4455295205116272,False,0.5897417664527893
train-020796-d564dde7c3497331,8,4,train,15376659015233270577,pointer,K,Y,P,False,B,False,False,2.849250316619873,-2.375,-6.375,0.75,0.9604704404674943,3,Y G P,G,False,False,3.278806209564209,0.11767578125,0.5293850302696228,False,0.7537150382995605
train-020796-d564dde7c3497331,8,5,train,15376659015233270577,pointer,K,G,Y,False,B,False,False,1.4579644203186035,-0.625,-2.5625,0.625,1.7112898465537882,2,G Y P,G,False,True,3.4318299293518066,0.45703125,0.6123096346855164,False,0.9475483894348145
train-020796-d564dde7c3497331,8,6,train,15376659015233270577,pointer,K,Y,G,False,B,False,False,1.4679086208343506,-0.125,-2.0625,0.125,2.124448012098485,2,Y G P,G,True,False,2.2662546634674072,0.71484375,0.671470582485199,False,1.113128900527954
train-020796-d564dde7c3497331,8,7,train,15376659015233270577,pointer,K,G,M,False,B,False,False,2.335190773010254,-0.6875,-1.0625,0.0,2.545666921866825,4,G Y P,O,False,False,3.3927996158599854,0.92578125,0.7162185907363892,False,1.2595510482788086
train-020796-d564dde7c3497331,8,8,train,15376659015233270577,pointer,K,G,B,False,B,False,False,2.415032148361206,-0.5625,-0.5625,0.1875,2.8586098849882426,4,G Y M,O,False,False,2.8738200664520264,1.0703125,0.7446563243865967,True,0.2948324382305145
train-020796-d564dde7c3497331,8,9,train,15376659015233270577,pointer,K,G,,,B,False,True,,,-0.3125,0.1875,3.0805600652115404,,G Y B,O,,False,,1.1875,0.7662936449050903,,
train-020796-d564dde7c3497331,8,10,train,15376659015233270577,pointer,K,G,,,B,False,True,,,-0.375,0.25,3.17758123487324,,G Y B,B,,False,,1.2734375,0.7813306450843811,,
train-020796-d564dde7c3497331,8,11,train,15376659015233270577,pointer,K,G,,,B,False,True,,,-0.3125,0.125,3.19343120164882,,G Y B,B,,False,,1.3125,0.7879312038421631,,
train-020796-d564dde7c3497331,8,12,train,15376659015233270577,pointer,K,G,,,B,False,True,,,-0.3125,0.1875,3.186092915124527,,G Y B,B,,False,,1.328125,0.7905303239822388,,
train-001933-375e70f2ba504574,10,1,train,3989750507707057524,pointer,J,K,K,True,R,False,False,1.7881377516459906e-06,14.90625,-15.1875,14.90625,2.964795022204732e-05,1,K G D,K,True,True,0.0016742035513743758,-0.50390625,0.37662312388420105,False,0.47260403633117676
train-001933-375e70f2ba504574,10,2,train,3989750507707057524,pointer,J,U,U,True,R,False,False,2.002696055569686e-05,11.25,-16.9375,11.25,0.000268044623628971,1,U D G,U,True,True,0.005583880003541708,-0.58203125,0.3584653437137604,False,0.4438920021057129
train-001933-375e70f2ba504574,10,3,train,3989750507707057524,pointer,J,G,G,True,R,False,False,0.011044206097722054,4.875,-8.375,4.875,0.07697533325724432,1,G M S,G,True,True,0.16886352002620697,-0.42578125,0.3951341509819031,False,0.5027486681938171
train-001933-375e70f2ba504574,10,4,train,3989750507707057524,pointer,J,M,M,True,R,False,False,0.205589160323143,1.5,-9.1875,1.5,0.5052130444504878,1,M A G,G,False,False,3.0616750717163086,-0.150390625,0.4624730348587036,False,0.620776355266571
train-001933-375e70f2ba504574,10,5,train,3989750507707057524,pointer,J,A,A,True,R,False,False,0.8995319604873657,0.25,-3.6875,0.25,1.8568208683025575,1,A M D,F,False,False,3.403958559036255,0.32421875,0.5803520083427429,False,0.8683391809463501
train-001933-375e70f2ba504574,10,6,train,3989750507707057524,pointer,J,M,X,False,R,False,False,3.611604690551758,-1.375,-1.1875,0.1875,3.0348402726205808,15,M A V,F,False,False,3.4514241218566895,0.71875,0.672331690788269,False,1.115753412246704
train-001933-375e70f2ba504574,10,7,train,3989750507707057524,pointer,J,D,O,False,R,False,False,3.0703182220458984,-0.3125,-0.5,0.0625,3.2118001385248593,8,D G J,O,True,False,3.0246760845184326,1.015625,0.7341195344924927,False,1.3247084617614746
train-001933-375e70f2ba504574,10,8,train,3989750507707057524,pointer,J,G,I,False,R,False,False,3.1912147998809814,-0.375,-0.4375,0.125,3.23650187338252,8,G J B,K,False,False,3.175212860107422,1.171875,0.7634837031364441,False,1.4417383670806885
train-001933-375e70f2ba504574,10,9,train,3989750507707057524,pointer,J,G,C,False,R,False,False,3.218663215637207,-0.3125,-0.375,0.125,3.2383285683467498,11,G B J,K,False,False,3.4613895416259766,1.25,0.7772998809814453,False,1.5019290447235107
train-001933-375e70f2ba504574,10,10,train,3989750507707057524,pointer,J,G,R,False,R,False,False,3.289785861968994,-0.3125,-0.3125,0.0625,3.237199431797612,16,G B D,K,False,False,3.6168010234832764,1.296875,0.7853085398674011,True,0.24167853593826294
train-001933-375e70f2ba504574,10,11,train,3989750507707057524,pointer,J,G,,,R,False,True,,,-0.3125,0.0,3.2359008814022814,,G M B,K,,False,,1.3203125,0.7892336845397949,,
train-001933-375e70f2ba504574,10,12,train,3989750507707057524,pointer,J,B,,,R,False,True,,,-0.3125,0.0,3.2344184415270267,,B G M,K,,False,,1.328125,0.7905303239822388,,
train-009746-13fede6ce2c0ace2,12,1,train,1440833490047249634,pointer,I,M,M,True,A,False,False,5.781483559985645e-05,11.59375,-12.78125,11.59375,0.0007730487280093504,1,M R C,M,True,True,0.0002464944263920188,-0.515625,0.37387579679489136,False,0.468206524848938
train-009746-13fede6ce2c0ace2,12,2,train,1440833490047249634,pointer,I,J,J,True,A,False,False,0.00013553177996072918,9.8125,-13.25,9.8125,0.0015752830392333364,1,J B O,J,True,True,0.0008503158460371196,-0.5390625,0.36840569972991943,False,0.4595080614089966
train-009746-13fede6ce2c0ace2,12,3,train,1440833490047249634,pointer,I,O,O,True,A,False,False,0.002229587407782674,6.875,-8.875,6.875,0.020551127529091794,1,O G C,O,True,True,1.1106351613998413,-0.36328125,0.4101654887199402,False,0.5279132723808289
train-009746-13fede6ce2c0ace2,12,4,train,1440833490047249634,pointer,I,G,G,True,A,False,False,0.18498456478118896,1.625,-8.375,1.625,0.4918882590524202,1,G C F,G,True,True,2.6017909049987793,-0.10888671875,0.4728052020072937,False,0.6401851773262024
train-009746-13fede6ce2c0ace2,12,5,train,1440833490047249634,pointer,I,G,C,False,A,False,False,1.4296174049377441,-0.5,-4.625,0.5,1.963571332984531,2,G C R,G,False,True,3.434084892272949,0.2431640625,0.5604932308197021,False,0.8221021890640259
train-009746-13fede6ce2c0ace2,12,6,train,1440833490047249634,pointer,I,R,V,False,A,False,False,3.221743106842041,-1.25,-1.625,0.0625,2.9383694659022908,7,R G C,R,False,True,3.0907037258148193,0.63671875,0.6540113687515259,False,1.0613492727279663
train-009746-13fede6ce2c0ace2,12,7,train,1440833490047249634,pointer,I,G,R,False,A,False,False,2.864917039871216,-0.5625,-1.0625,0.3125,3.160113227831708,5,G I C,O,False,False,3.3820652961730957,0.94140625,0.7193835973739624,False,1.2707667350769043
train-009746-13fede6ce2c0ace2,12,8,train,1440833490047249634,pointer,I,I,F,False,A,False,False,3.224435567855835,-0.625,-0.75,0.125,3.2143246504246576,6,I G M,O,False,False,3.4695475101470947,1.109375,0.7520126104354858,False,1.3943772315979004
train-009746-13fede6ce2c0ace2,12,9,train,1440833490047249634,pointer,I,I,U,False,A,False,False,3.3820135593414307,-0.8125,-0.8125,0.1875,3.2132697327244064,20,I M G,Q,False,False,3.205477237701416,1.1953125,0.7676898241043091,False,1.4596819877624512
train-009746-13fede6ce2c0ace2,12,10,train,1440833490047249634,pointer,I,I,Y,False,A,False,False,3.7686753273010254,-1.1875,-0.875,0.1875,3.2114146638318686,25,I G M,Q,False,False,3.4263484477996826,1.2421875,0.7759445905685425,False,1.4958617687225342
train-009746-13fede6ce2c0ace2,12,11,train,1440833490047249634,pointer,I,I,X,False,A,False,False,3.6672379970550537,-1.125,-0.9375,0.1875,3.20681672431194,24,I G M,Q,False,False,3.288639545440674,1.265625,0.7799928784370422,False,1.514095425605774
train-009746-13fede6ce2c0ace2,12,12,train,1440833490047249634,pointer,I,I,A,False,A,False,False,3.495415210723877,-0.9375,-0.9375,0.125,3.2027671278138032,20,I G M,Q,False,False,3.187559127807617,1.28125,0.7826625108718872,True,0.2450537383556366
train-003015-7ce6850f491efb56,1,1,train,9000027206044285782,pointer,M,I,I,True,I,True,False,1.2397689715726301e-05,13.0,13.0,13.0,0.0001850961774957164,1,I J O,I,True,True,0.00028796817059628665,-0.35546875,0.41205689311027527,True,0.8865938782691956
train-003015-7ce6850f491efb56,1,2,train,9000027206044285782,pointer,M,F,,,I,False,True,,,-12.9375,10.9375,0.000714637124334743,,F T C,F,,True,,-0.431640625,0.3937346339225769,,
train-003015-7ce6850f491efb56,1,3,train,9000027206044285782,pointer,M,G,,,I,False,True,,,-10.4375,3.625,0.1266292618859389,,G Z F,F,,False,,-0.2451171875,0.4390257000923157,,
train-003015-7ce6850f491efb56,1,4,train,9000027206044285782,pointer,M,G,,,I,False,True,,,-3.875,0.0,1.1882317849670423,,G Z V,H,,False,,0.20703125,0.5515737533569336,,
train-003015-7ce6850f491efb56,1,5,train,9000027206044285782,pointer,M,V,,,I,False,True,,,-2.0625,0.9375,2.591480442836545,,V H X,H,,False,,0.64453125,0.6557770371437073,,
train-003015-7ce6850f491efb56,1,6,train,9000027206044285782,pointer,M,V,,,I,False,True,,,-0.9375,0.1875,3.1750322085321185,,V H G,D,,False,,0.97265625,0.7256485819816589,,
train-003015-7ce6850f491efb56,1,7,train,9000027206044285782,pointer,M,G,,,I,False,True,,,-0.3125,0.0,3.2422485522931117,,G V K,B,,False,,1.1484375,0.7592254281044006,,
train-003015-7ce6850f491efb56,1,8,train,9000027206044285782,pointer,M,V,,,I,False,True,,,-0.3125,0.0625,3.2424457761264813,,V G K,B,,False,,1.25,0.7772998809814453,,
train-003015-7ce6850f491efb56,1,9,train,9000027206044285782,pointer,M,V,,,I,False,True,,,-0.375,0.125,3.2341907876495144,,V G J,Q,,False,,1.296875,0.7853085398674011,,
train-003015-7ce6850f491efb56,1,10,train,9000027206044285782,pointer,M,V,,,I,False,True,,,-0.375,0.125,3.231802560087305,,V G J,Q,,False,,1.328125,0.7905303239822388,,
train-003015-7ce6850f491efb56,1,11,train,9000027206044285782,pointer,M,V,,,I,False,True,,,-0.375,0.125,3.2284521247416924,,V J G,Q,,False,,1.34375,0.793105959892273,,
train-003015-7ce6850f491efb56,1,12,train,9000027206044285782,pointer,M,V,,,I,False,True,,,-0.4375,0.1875,3.226240555032453,,V J G,Q,,False,,1.359375,0.7956580519676208,,
train-032401-0d39fad330c459ca,2,1,train,953068581128788426,pointer,C,R,R,True,K,False,False,8.702239938429557e-06,12.1875,-16.96875,12.1875,0.00012338697239430035,1,R Q C,R,True,True,0.00011181206355104223,-0.55078125,0.3656831681728363,False,0.4552067518234253
train-032401-0d39fad330c459ca,2,2,train,953068581128788426,pointer,C,K,K,True,K,True,False,2.9801878554280847e-05,11.84375,11.84375,11.84375,0.0004093971695493454,1,K D H,K,True,True,0.0034544337540864944,-0.5234375,0.3720487952232361,True,0.9887303113937378
train-032401-0d39fad330c459ca,2,3,train,953068581128788426,pointer,C,T,,,K,False,True,,,-13.9375,10.5625,0.0007988646351603149,,T B S,T,,True,,-0.359375,0.41111087799072266,,
train-032401-0d39fad330c459ca,2,4,train,953068581128788426,pointer,C,B,,,K,False,True,,,-8.8125,6.4375,0.06774376935055107,,B X C,F,,False,,0.043701171875,0.5109235644340515,,
train-032401-0d39fad330c459ca,2,5,train,953068581128788426,pointer,C,P,,,K,False,True,,,-5.1875,0.0625,1.3459465563641855,,P X B,B,,False,,0.4453125,0.6095241904258728,,
train-032401-0d39fad330c459ca,2,6,train,953068581128788426,pointer,C,B,,,K,False,True,,,-1.875,0.0,2.851346391284523,,B P X,B,,True,,0.77734375,0.6851073503494263,,
train-032401-0d39fad330c459ca,2,7,train,953068581128788426,pointer,C,P,,,K,False,True,,,-0.6875,0.1875,3.2167819325883618,,P B X,B,,False,,1.0390625,0.7386690378189087,,
train-032401-0d39fad330c459ca,2,8,train,953068581128788426,pointer,C,I,,,K,False,True,,,-0.1875,0.0625,3.246733793676321,,I B C,B,,False,,1.1796875,0.7648916244506836,,
train-032401-0d39fad330c459ca,2,9,train,953068581128788426,pointer,C,B,,,K,False,True,,,-0.0625,0.0,3.2456265341363717,,B I C,B,,True,,1.2578125,0.7786493301391602,,
train-032401-0d39fad330c459ca,2,10,train,953068581128788426,pointer,C,B,,,K,False,True,,,-0.125,0.0,3.2445529515015785,,B I C,B,,True,,1.3046875,0.7866228222846985,,
train-032401-0d39fad330c459ca,2,11,train,953068581128788426,pointer,C,B,,,K,False,True,,,-0.125,0.0,3.2452235011645003,,B I C,B,,True,,1.328125,0.7905303239822388,,
train-032401-0d39fad330c459ca,2,12,train,953068581128788426,pointer,C,I,,,K,False,True,,,-0.125,0.0625,3.244475842860494,,I B C,B,,False,,1.3515625,0.7943849563598633,,
train-015518-030d53432fdc1f7e,3,1,train,219923504841891710,pointer,P,O,O,True,Y,False,False,2.074220174108632e-05,11.75,-16.09375,11.75,0.0002881951396060178,1,O A P,O,True,True,0.0003939091111533344,-0.515625,0.37387579679489136,False,0.468206524848938
train-015518-030d53432fdc1f7e,3,2,train,219923504841891710,pointer,P,X,X,True,Y,False,False,0.00412411242723465,5.5,-5.5,5.5,0.027029360589957134,1,X Y Z,X,True,True,0.001816648175008595,-0.44921875,0.38954654335975647,False,0.4935532212257385
train-015518-030d53432fdc1f7e,3,3,train,219923504841891710,pointer,P,T,Y,False,Y,False,False,2.1275908946990967,-2.0,-2.0,2.0,0.37187141185903666,2,T Y J,Y,True,False,1.7090634107589722,-0.37890625,0.4063906967639923,True,0.9004402160644531
train-015518-030d53432fdc1f7e,3,4,train,219923504841891710,pointer,P,T,,,Y,False,True,,,-5.5,3.625,0.16304839684386324,,T J Y,T,,True,,-0.06982421875,0.48255106806755066,,
train-015518-030d53432fdc1f7e,3,5,train,219923504841891710,pointer,P,T,,,Y,False,True,,,-1.6875,1.5,0.9844686074741719,,T J Y,T,,True,,0.31640625,0.5784481763839722,,
train-015518-030d53432fdc1f7e,3,6,train,219923504841891710,pointer,P,T,,,Y,False,True,,,-0.6875,0.25,1.9074428195312918,,T L J,V,,False,,0.65625,0.6584175229072571,,
train-015518-030d53432fdc1f7e,3,7,train,219923504841891710,pointer,P,L,,,Y,False,True,,,-1.4375,0.75,3.0630896384878183,,L P T,V,,False,,0.9375,0.7185943722724915,,
train-015518-030d53432fdc1f7e,3,8,train,219923504841891710,pointer,P,B,,,Y,False,True,,,-0.75,0.25,3.230821430215259,,B G Q,O,,False,,1.15625,0.7606506943702698,,
train-015518-030d53432fdc1f7e,3,9,train,219923504841891710,pointer,P,B,,,Y,False,True,,,-0.6875,0.0625,3.2416494847492334,,B Q G,K,,False,,1.2578125,0.7786493301391602,,
train-015518-030d53432fdc1f7e,3,10,train,219923504841891710,pointer,P,B,,,Y,False,True,,,-0.6875,0.0625,3.2422013485911654,,B Q K,Q,,False,,1.3046875,0.7866228222846985,,
train-015518-030d53432fdc1f7e,3,11,train,219923504841891710,pointer,P,B,,,Y,False,True,,,-0.6875,0.0,3.241614001446394,,B Q G,Q,,False,,1.328125,0.7905303239822388,,
train-015518-030d53432fdc1f7e,3,12,train,219923504841891710,pointer,P,B,,,Y,False,True,,,-0.6875,0.0,3.2393554813375345,,B Q G,Q,,False,,1.34375,0.793105959892273,,
train-005862-0a7c4a6df369611f,4,1,train,755560673587061023,pointer,N,U,U,True,I,False,False,2.264974000354414e-06,14.34375,-17.984375,14.34375,3.7324370954954136e-05,1,U V D,U,True,True,0.0002499506517779082,-0.56640625,0.36206647753715515,False,0.44952118396759033
train-005862-0a7c4a6df369611f,4,2,train,755560673587061023,pointer,N,T,T,True,I,False,False,2.0265558760002023e-06,13.5,-19.71875,13.5,3.0029212615381135e-05,1,T O U,T,True,True,0.009588615037500858,-0.5859375,0.3575674891471863,False,0.4424935579299927
train-005862-0a7c4a6df369611f,4,3,train,755560673587061023,pointer,N,O,O,True,I,False,False,0.4743838310241699,0.5,-0.5,0.5,0.6661454761992,1,O I F,E,False,False,2.6337239742279053,-0.3828125,0.4054487347602844,False,0.5199483633041382
train-005862-0a7c4a6df369611f,4,4,train,755560673587061023,pointer,N,F,I,False,I,False,False,0.9802761077880859,0.0,0.0,0.0,1.3613895065262192,2,F I A,B,False,False,3.149122476577759,0.057861328125,0.5144612789154053,True,0.6646349430084229
train-005862-0a7c4a6df369611f,4,5,train,755560673587061023,pointer,N,F,,,I,False,True,,,-2.375,0.0625,1.417373956280155,,F A I,D,,False,,0.53125,0.6297746300697327,,
train-005862-0a7c4a6df369611f,4,6,train,755560673587061023,pointer,N,F,,,I,False,True,,,-1.9375,0.1875,2.819683581248331,,F A B,D,,False,,0.9140625,0.7138307690620422,,
train-005862-0a7c4a6df369611f,4,7,train,755560673587061023,pointer,N,F,,,I,False,True,,,-0.375,0.0,3.242679734453992,,F Q B,B,,False,,1.125,0.7549149990081787,,
train-005862-0a7c4a6df369611f,4,8,train,755560673587061023,pointer,N,N,,,I,False,True,,,-0.375,0.0,3.2426083490633157,,N Q B,K,,False,,1.234375,0.7745833992958069,,
train-005862-0a7c4a6df369611f,4,9,train,755560673587061023,pointer,N,Q,,,I,False,True,,,-0.375,0.0625,3.2422610803618035,,Q N B,K,,False,,1.2890625,0.7839884757995605,,
train-005862-0a7c4a6df369611f,4,10,train,755560673587061023,pointer,N,N,,,I,False,True,,,-0.3125,0.0,3.2422613817591617,,N Q F,K,,False,,1.328125,0.7905303239822388,,
train-005862-0a7c4a6df369611f,4,11,train,755560673587061023,pointer,N,N,,,I,False,True,,,-0.3125,0.0,3.239637338550779,,N Q F,K,,False,,1.34375,0.793105959892273,,
train-005862-0a7c4a6df369611f,4,12,train,755560673587061023,pointer,N,N,,,I,False,True,,,-0.3125,0.0,3.2395958001566942,,N Q F,K,,False,,1.3515625,0.7943849563598633,,
train-026770-0c5aad758e55ff71,5,1,train,890214596769873777,pointer,R,W,W,True,E,False,False,3.814689989667386e-06,13.4375,-15.765625,13.4375,6.148361779197264e-05,1,W V D,W,True,True,0.0003532739356160164,-0.61328125,0.351311057806015,False,0.4328019618988037
train-026770-0c5aad758e55ff71,5,2,train,890214596769873777,pointer,R,L,L,True,E,False,False,1.9907753085135482e-05,12.125,-15.40625,12.125,0.0002766422706732048,1,L I D,L,True,True,0.0014021099777892232,-0.61328125,0.351311057806015,False,0.4328019618988037
train-026770-0c5aad758e55ff71,5,3,train,890214596769873777,pointer,R,S,S,True,E,False,False,0.016638796776533127,4.125,-11.78125,4.125,0.08829705495421052,1,S L C,A,False,False,4.457408905029297,-0.35546875,0.41205689311027527,False,0.5311251282691956
train-026770-0c5aad758e55ff71,5,4,train,890214596769873777,pointer,R,C,C,True,E,False,False,0.05789462476968765,2.875,-9.5625,2.875,0.23574448894751707,1,C S D,C,True,True,1.524702548980713,0.03271484375,0.5081779956817627,False,0.7096383571624756
train-026770-0c5aad758e55ff71,5,5,train,890214596769873777,pointer,R,E,E,True,E,True,False,1.0124571323394775,0.375,0.375,0.375,2.008818219875758,1,E C L,C,False,False,3.0131351947784424,0.494140625,0.6210813522338867,True,0.47629314661026
train-026770-0c5aad758e55ff71,5,6,train,890214596769873777,pointer,R,S,,,E,False,True,,,-0.1875,0.1875,2.216704074112271,,S E C,E,,False,,0.7578125,0.6808785796165466,,
train-026770-0c5aad758e55ff71,5,7,train,890214596769873777,pointer,R,C,,,E,False,True,,,-0.0625,0.0625,2.39495124286496,,C E P,E,,False,,0.9765625,0.7264255881309509,,
train-026770-0c5aad758e55ff71,5,8,train,890214596769873777,pointer,R,C,,,E,False,True,,,-0.0625,0.0625,2.3788791130776175,,C E P,E,,False,,1.1171875,0.7534666657447815,,
train-026770-0c5aad758e55ff71,5,9,train,890214596769873777,pointer,R,C,,,E,False,True,,,-0.0625,0.0625,2.3210092213726337,,C E P,E,,False,,1.1953125,0.7676898241043091,,
train-026770-0c5aad758e55ff71,5,10,train,890214596769873777,pointer,R,C,,,E,False,True,,,0.0,0.0,2.3032178053574777,,C E P,E,,False,,1.234375,0.7745833992958069,,
train-026770-0c5aad758e55ff71,5,11,train,890214596769873777,pointer,R,C,,,E,False,True,,,0.0,0.0,2.2803591422854397,,C E P,E,,False,,1.2578125,0.7786493301391602,,
train-026770-0c5aad758e55ff71,5,12,train,890214596769873777,pointer,R,C,,,E,False,True,,,-0.0625,0.0625,2.2833472720640584,,C E P,E,,False,,1.2734375,0.7813306450843811,,
train-023198-6d4afa17a35b5954,6,1,train,7875381877842598228,pointer,O,T,T,True,J,False,False,5.125986263010418e-06,13.96875,-16.09375,13.96875,7.835408112404901e-05,1,T W A,T,True,True,0.0005751386051997542,-0.62890625,0.34775859117507935,False,0.4273405075073242
train-023198-6d4afa17a35b5954,6,2,train,7875381877842598228,pointer,O,G,G,True,J,False,False,0.0002416080387774855,9.6875,-11.25,9.6875,0.0028027723465457602,1,G C E,G,True,True,0.0007976687629707158,-0.65625,0.3415825068950653,False,0.41791605949401855
train-023198-6d4afa17a35b5954,6,3,train,7875381877842598228,pointer,O,V,V,True,J,False,False,0.0002946419408544898,9.1875,-12.8125,9.1875,0.003428306620095483,1,V M T,G,False,False,3.4626736640930176,-0.44140625,0.39140594005584717,False,0.4966038465499878
train-023198-6d4afa17a35b5954,6,4,train,7875381877842598228,pointer,O,U,U,True,J,False,False,0.628596842288971,0.5,-6.4375,0.5,1.0335166585119122,1,U F V,U,True,True,1.3355860710144043,-0.030517578125,0.49237120151519775,False,0.678004801273346
train-023198-6d4afa17a35b5954,6,5,train,7875381877842598228,pointer,O,F,F,True,J,False,False,1.0819084644317627,0.0625,-4.5,0.0625,1.730873094328268,1,F U V,R,False,False,3.124530553817749,0.41796875,0.6029971241950989,False,0.923811674118042
train-023198-6d4afa17a35b5954,6,6,train,7875381877842598228,pointer,O,U,J,False,J,False,False,4.1502790451049805,-2.25,-2.25,0.0625,2.942015184799946,19,U F V,O,False,False,3.172450542449951,0.7890625,0.6876299977302551,True,0.3745043873786926
train-023198-6d4afa17a35b5954,6,7,train,7875381877842598228,pointer,O,O,,,J,False,True,,,-0.625,0.0625,3.240838650643174,,O B G,B,,False,,1.0546875,0.74167400598526,,
train-023198-6d4afa17a35b5954,6,8,train,7875381877842598228,pointer,O,B,,,J,False,True,,,-0.5,0.0,3.2458500405110855,,B O Q,B,,True,,1.1875,0.7662936449050903,,
train-023198-6d4afa17a35b5954,6,9,train,7875381877842598228,pointer,O,O,,,J,False,True,,,-0.5625,0.125,3.2436373617145966,,O B Q,B,,False,,1.25,0.7772998809814453,,
train-023198-6d4afa17a35b5954,6,10,train,7875381877842598228,pointer,O,O,,,J,False,True,,,-0.5625,0.125,3.2420138780369463,,O B Q,B,,False,,1.2890625,0.7839884757995605,,
train-023198-6d4afa17a35b5954,6,11,train,7875381877842598228,pointer,O,O,,,J,False,True,,,-0.625,0.1875,3.241468192925112,,O B T,B,,False,,1.3125,0.7879312038421631,,
train-023198-6d4afa17a35b5954,6,12,train,7875381877842598228,pointer,O,O,,,J,False,True,,,-0.625,0.1875,3.240833289470969,,O B T,B,,False,,1.328125,0.7905303239822388,,
train-000132-034de662d04de031,8,1,train,238099667396452401,pointer,S,U,U,True,E,False,False,4.410734163684538e-06,13.65625,-18.28125,13.65625,7.168412295410595e-05,1,U V B,U,True,True,0.0002632986579556018,-0.5859375,0.3575674891471863,False,0.4424935579299927
train-000132-034de662d04de031,8,2,train,238099667396452401,pointer,S,X,X,True,E,False,False,0.0019427727675065398,6.25,-16.78125,6.25,0.014169477065162629,1,X J U,X,True,True,0.0014669859083369374,-0.5234375,0.3720487952232361,False,0.4652928113937378
train-000132-034de662d04de031,8,3,train,238099667396452401,pointer,S,J,J,True,E,False,False,2.1576648578047752e-05,12.375,-14.75,12.375,0.00031126742306122846,1,J B C,J,True,True,2.40516996383667,-0.31640625,0.42155182361602783,False,0.5474063158035278
train-000132-034de662d04de031,8,4,train,238099667396452401,pointer,S,C,C,True,E,False,False,0.37008851766586304,1.0,-8.375,1.0,0.8072932042015774,1,C B J,B,False,False,2.8988330364227295,0.0625,0.5156199336051941,False,0.7248854041099548
train-000132-034de662d04de031,8,5,train,238099667396452401,pointer,S,C,B,False,E,False,False,1.0708239078521729,-0.5,-6.875,0.5,1.1167018235538353,2,C B F,B,True,False,2.3030104637145996,0.455078125,0.6118459105491638,False,0.9463529586791992
train-000132-034de662d04de031,8,6,train,238099667396452401,pointer,S,B,F,False,E,False,False,1.5053116083145142,-0.375,-4.125,0.375,1.905230000271284,2,B F R,B,False,True,3.865185499191284,0.71875,0.672331690788269,False,1.115753412246704
train-000132-034de662d04de031,8,7,train,238099667396452401,pointer,S,B,R,False,E,False,False,1.9778306484222412,-0.25,-3.0625,0.0625,2.4010160673196457,4,B F C,B,False,True,3.4482314586639404,0.91796875,0.7146279811859131,False,1.2539618015289307
train-000132-034de662d04de031,8,8,train,238099667396452401,pointer,S,B,E,False,E,False,False,4.396525859832764,-2.5625,-2.5625,0.0,2.5722920838738683,14,B C G,B,False,True,3.0031862258911133,1.0546875,0.74167400598526,True,0.29884546995162964
train-000132-034de662d04de031,8,9,train,238099667396452401,pointer,S,B,,,E,False,True,,,-2.25,0.0,2.6993051286854444,,B C G,B,,True,,1.15625,0.7606506943702698,,
train-000132-034de662d04de031,8,10,train,238099667396452401,pointer,S,B,,,E,False,True,,,-1.875,0.0625,2.8543758513002895,,B C G,B,,True,,1.2421875,0.7759445905685425,,
train-000132-034de662d04de031,8,11,train,238099667396452401,pointer,S,B,,,E,False,True,,,-1.0,0.0625,3.1502509811690675,,B C G,B,,True,,1.3125,0.7879312038421631,,
train-000132-034de662d04de031,8,12,train,238099667396452401,pointer,S,B,,,E,False,True,,,-0.6875,0.1875,3.2180202517213674,,B G C,B,,True,,1.34375,0.793105959892273,,
train-005758-cbaafe03cdd0b3ab,10,1,train,14675821628031546283,pointer,T,M,M,True,F,False,False,9.107174992095679e-05,10.3125,-13.4375,10.3125,0.001150375543363176,1,M R C,M,True,True,0.007362968288362026,-0.52734375,0.3711366057395935,False,0.4638412594795227
train-005758-cbaafe03cdd0b3ab,10,2,train,14675821628031546283,pointer,T,N,N,True,F,False,False,0.00017867876158561558,8.875,-16.8125,8.875,0.001887249022180156,1,N W M,N,True,True,0.0034675016067922115,-0.58984375,0.35667070746421814,False,0.44109857082366943
train-005758-cbaafe03cdd0b3ab,10,3,train,14675821628031546283,pointer,T,W,W,True,F,False,False,6.067568756407127e-05,10.4375,-13.875,10.4375,0.0007750594953195481,1,W X C,W,True,True,0.7674186825752258,-0.515625,0.37387579679489136,False,0.468206524848938
train-005758-cbaafe03cdd0b3ab,10,4,train,14675821628031546283,pointer,T,X,X,True,F,False,False,0.0054531157948076725,6.4375,-10.34375,6.4375,0.048091631348562015,1,X I C,X,True,True,2.417102336883545,-0.1220703125,0.46952024102211,False,0.6339734792709351
train-005758-cbaafe03cdd0b3ab,10,5,train,14675821628031546283,pointer,T,I,I,True,F,False,False,0.4393779933452606,0.75,-8.3125,0.75,0.850696065125951,1,I J X,X,False,False,3.4520277976989746,0.265625,0.5660185217857361,False,0.8347534537315369
train-005758-cbaafe03cdd0b3ab,10,6,train,14675821628031546283,pointer,T,J,J,True,F,False,False,1.0745099782943726,0.4375,-3.4375,0.4375,2.1223786587808853,1,J O I,I,False,False,2.898265838623047,0.53125,0.6297746300697327,False,0.9936432838439941
train-005758-cbaafe03cdd0b3ab,10,7,train,14675821628031546283,pointer,T,P,O,False,F,False,False,3.5585341453552246,-0.9375,-0.6875,0.0625,3.1908728974502063,18,P M T,O,True,False,2.841613292694092,0.83984375,0.6984323263168335,False,1.198760747909546
train-005758-cbaafe03cdd0b3ab,10,8,train,14675821628031546283,pointer,T,I,P,False,F,False,False,3.337399959564209,-1.0,-1.25,0.1875,3.1596852424433655,11,I M X,O,False,False,3.0917739868164062,1.0859375,0.7476159334182739,False,1.3768033981323242
train-005758-cbaafe03cdd0b3ab,10,9,train,14675821628031546283,pointer,T,I,E,False,F,False,False,3.3601739406585693,-0.8125,-0.9375,0.0,3.196584856895856,13,I X M,N,False,False,3.1492974758148193,1.203125,0.7690802216529846,False,1.4656848907470703
train-005758-cbaafe03cdd0b3ab,10,10,train,14675821628031546283,pointer,T,X,F,False,F,False,False,3.449634313583374,-0.9375,-0.9375,0.0625,3.1913651818776283,17,X I M,N,False,False,3.4965109825134277,1.2578125,0.7786493301391602,True,0.2501945197582245
train-005758-cbaafe03cdd0b3ab,10,11,train,14675821628031546283,pointer,T,X,,,F,False,True,,,-1.0625,0.0625,3.1778318375000953,,X I M,M,,False,,1.2890625,0.7839884757995605,,
train-005758-cbaafe03cdd0b3ab,10,12,train,14675821628031546283,pointer,T,X,,,F,False,True,,,-1.125,0.0625,3.167294437603813,,X I M,M,,False,,1.3046875,0.7866228222846985,,
train-018719-95574bc6546993de,12,1,train,10761153149816902622,pointer,G,J,J,True,D,False,False,0.0002919009421020746,8.5,-9.5,8.5,0.0029143994979147535,1,J B D,J,True,True,0.0002119316632160917,-0.5703125,0.36116471886634827,False,0.4481086730957031
train-018719-95574bc6546993de,12,2,train,10761153149816902622,pointer,G,W,W,True,D,False,False,2.5510462364763953e-05,11.0,-11.0,11.0,0.00032879276196866216,1,W D E,W,True,True,0.0008624648326076567,-0.59375,0.3557748794555664,False,0.43970704078674316
train-018719-95574bc6546993de,12,3,train,10761153149816902622,pointer,G,E,E,True,D,False,False,0.0008644896443001926,7.9375,-9.625,7.9375,0.00854955019191475,1,E W V,W,False,False,2.7985851764678955,-0.2578125,0.43590155243873596,False,0.5725264549255371
train-018719-95574bc6546993de,12,4,train,10761153149816902622,pointer,G,M,M,True,D,False,False,0.7327428460121155,0.625,-4.375,0.625,1.478570584626934,1,M V E,M,True,True,2.013148307800293,0.1376953125,0.5343695282936096,False,0.7643629908561707
train-018719-95574bc6546993de,12,5,train,10761153149816902622,pointer,G,V,V,True,D,False,False,1.145840048789978,0.875,-1.875,0.875,2.54772558757569,1,V M G,J,False,False,3.077141761779785,0.5859375,0.642432451248169,False,1.0284310579299927
train-018719-95574bc6546993de,12,6,train,10761153149816902622,pointer,G,V,K,False,D,False,False,3.713310718536377,-2.3125,-1.4375,0.4375,2.6688012612832153,11,V M E,M,False,False,3.576791286468506,0.90234375,0.7114308476448059,False,1.2428207397460938
train-018719-95574bc6546993de,12,7,train,10761153149816902622,pointer,G,V,Y,False,D,False,False,3.406888961791992,-1.75,-1.0625,0.125,2.720913762632905,8,V M E,M,False,False,3.6453604698181152,1.09375,0.7490872144699097,False,1.3826498985290527
train-018719-95574bc6546993de,12,8,train,10761153149816902622,pointer,G,V,D,False,D,False,False,2.7483901977539062,-1.1875,-1.1875,0.25,2.6609551503548112,5,V M E,M,False,False,3.2238993644714355,1.203125,0.7690802216529846,False,1.4656848907470703
train-018719-95574bc6546993de,12,9,train,10761153149816902622,pointer,G,V,V,True,D,False,False,1.530339241027832,0.25,-1.25,0.25,2.6296290884563525,1,V M E,M,False,False,3.254373073577881,1.265625,0.7799928784370422,False,1.514095425605774
train-018719-95574bc6546993de,12,10,train,10761153149816902622,pointer,G,V,K,False,D,False,False,3.4953360557556152,-1.9375,-1.1875,0.1875,2.627094909612797,7,V M E,M,False,False,2.890012264251709,1.296875,0.7853085398674011,False,1.5385534763336182
train-018719-95574bc6546993de,12,11,train,10761153149816902622,pointer,G,V,Y,False,D,False,False,3.536182403564453,-2.0,-1.25,0.25,2.636586937875171,8,V M E,M,False,False,3.6638667583465576,1.3203125,0.7892336845397949,False,1.5570052862167358
train-018719-95574bc6546993de,12,12,train,10761153149816902622,pointer,G,V,D,False,D,False,False,2.8069095611572266,-1.25,-1.25,0.1875,2.627067655332238,5,V M E,M,False,False,3.317841053009033,1.328125,0.7905303239822388,True,0.23505128920078278
train-004320-7008cf8753f864b3,1,1,train,8072930512197936307,pointer,A,Z,Z,True,Z,True,False,4.529942543740617e-06,13.375,13.375,13.375,6.859684006583193e-05,1,Z Q R,Z,True,True,8.34461570775602e-06,-0.34765625,0.4139508903026581,True,0.8820079565048218
train-004320-7008cf8753f864b3,1,2,train,8072930512197936307,pointer,A,N,,,Z,False,True,,,-11.375,4.4375,0.0985972371288029,,N Q F,N,,True,,-0.5078125,0.3757064640522003,,
train-004320-7008cf8753f864b3,1,3,train,8072930512197936307,pointer,A,Q,,,Z,False,True,,,-15.78125,11.0,0.001092916089948684,,Q A O,O,,False,,-0.349609375,0.4134771525859833,,
train-004320-7008cf8753f864b3,1,4,train,8072930512197936307,pointer,A,F,,,Z,False,True,,,-10.03125,4.625,0.14112587507685911,,F R M,F,,True,,0.07373046875,0.5184242725372314,,
train-004320-7008cf8753f864b3,1,5,train,8072930512197936307,pointer,A,M,,,Z,False,True,,,-3.6875,1.4375,2.1829731093511895,,M R F,R,,False,,0.427734375,0.6053325533866882,,
train-004320-7008cf8753f864b3,1,6,train,8072930512197936307,pointer,A,F,,,Z,False,True,,,-4.4375,0.1875,2.5321795641611065,,F M R,P,,False,,0.78515625,0.6867902874946594,,
train-004320-7008cf8753f864b3,1,7,train,8072930512197936307,pointer,A,M,,,Z,False,True,,,-1.6875,0.1875,3.1393309027553644,,M R F,O,,False,,1.0546875,0.74167400598526,,
train-004320-7008cf8753f864b3,1,8,train,8072930512197936307,pointer,A,A,,,Z,False,True,,,-0.625,0.0,3.2392793628924026,,A G B,K,,False,,1.1953125,0.7676898241043091,,
train-004320-7008cf8753f864b3,1,9,train,8072930512197936307,pointer,A,A,,,Z,False,True,,,-0.5,0.0,3.240391928328422,,A G Q,K,,False,,1.2734375,0.7813306450843811,,
train-004320-7008cf8753f864b3,1,10,train,8072930512197936307,pointer,A,A,,,Z,False,True,,,-0.5625,0.0,3.237194366571874,,A G Q,Q,,False,,1.3125,0.7879312038421631,,
train-004320-7008cf8753f864b3,1,11,train,8072930512197936307,pointer,A,A,,,Z,False,True,,,-0.5625,0.0625,3.234841754497586,,A G Q,Q,,False,,1.3359375,0.7918210625648499,,
train-004320-7008cf8753f864b3,1,12,train,8072930512197936307,pointer,A,A,,,Z,False,True,,,-0.5,0.0,3.235075398257847,,A G Q,Q,,False,,1.3515625,0.7943849563598633,,
train-016372-780dfa594c957f04,2,1,train,8650845720692489988,pointer,C,J,J,True,E,False,False,1.5139465176616795e-05,11.6875,-17.0625,11.6875,0.00020514196465339448,1,J B D,J,True,True,0.0001802282058633864,-0.53125,0.37022536993026733,False,0.46239328384399414
train-016372-780dfa594c957f04,2,2,train,8650845720692489988,pointer,C,E,E,True,E,True,False,1.3947389561508317e-05,12.125,12.125,12.125,0.00019301313766288306,1,E D C,E,True,True,8.380061626667157e-05,-0.578125,0.3593641221523285,True,1.0234191417694092
train-016372-780dfa594c957f04,2,3,train,8650845720692489988,pointer,C,S,,,E,False,True,,,-14.3125,4.8125,0.05762493034827704,,S B C,S,,True,,-0.421875,0.39606815576553345,,
train-016372-780dfa594c957f04,2,4,train,8650845720692489988,pointer,C,T,,,E,False,True,,,-7.8125,1.5,0.532601330425695,,T B C,C,,False,,-0.052978515625,0.48675844073295593,,
train-016372-780dfa594c957f04,2,5,train,8650845720692489988,pointer,C,O,,,E,False,True,,,-3.75,0.0625,1.7193204377472089,,O W T,O,,True,,0.359375,0.5888891220092773,,
train-016372-780dfa594c957f04,2,6,train,8650845720692489988,pointer,C,W,,,E,False,True,,,-1.9375,0.3125,2.6498560396929203,,W O Q,Q,,False,,0.75,0.6791787147521973,,
train-016372-780dfa594c957f04,2,7,train,8650845720692489988,pointer,C,Q,,,E,False,True,,,-0.5,0.125,3.2288986418302463,,Q B K,B,,False,,1.03125,0.7371581792831421,,
train-016372-780dfa594c957f04,2,8,train,8650845720692489988,pointer,C,Q,,,E,False,True,,,-0.3125,0.0625,3.2455007167897767,,Q B K,B,,False,,1.1796875,0.7648916244506836,,
train-016372-780dfa594c957f04,2,9,train,8650845720692489988,pointer,C,Q,,,E,False,True,,,-0.375,0.125,3.243673617101393,,Q B L,Q,,True,,1.265625,0.7799928784370422,,
train-016372-780dfa594c957f04,2,10,train,8650845720692489988,pointer,C,Q,,,E,False,True,,,-0.375,0.0625,3.241812719308858,,Q B L,Q,,True,,1.3046875,0.7866228222846985,,
train-016372-780dfa594c957f04,2,11,train,8650845720692489988,pointer,C,Q,,,E,False,True,,,-0.375,0.125,3.2413077236984913,,Q B L,Q,,True,,1.3359375,0.7918210625648499,,
train-016372-780dfa594c957f04,2,12,train,8650845720692489988,pointer,C,Q,,,E,False,True,,,-0.375,0.125,3.241124466094212,,Q B L,Q,,True,,1.34375,0.793105959892273,,
train-001469-4d0859df4e005851,3,1,train,5550785356355360849,pointer,N,G,G,True,H,False,False,0.00033182359766215086,9.125,-13.65625,9.125,0.0036309452846108536,1,G E R,G,True,True,0.0001497156627010554,-0.53125,0.37022536993026733,False,0.46239328384399414
train-001469-4d0859df4e005851,3,2,train,5550785356355360849,pointer,N,H,R,False,H,True,False,7.687992095947266,-7.6875,7.6875,7.6875,0.004451297326697042,2,H R X,H,False,True,3.477519989013672,-0.5,0.3775406777858734,False,0.4740769863128662
train-001469-4d0859df4e005851,3,3,train,5550785356355360849,pointer,N,H,H,True,H,True,False,0.13366441428661346,2.5,2.5,2.5,0.5990633584050667,1,H W V,M,False,False,2.516390562057495,-0.30859375,0.4234579801559448,True,0.8593009114265442
train-001469-4d0859df4e005851,3,4,train,5550785356355360849,pointer,N,Q,,,H,False,True,,,-5.1875,0.3125,1.3538807147130376,,Q M V,H,,False,,0.0869140625,0.5217148661613464,,
train-001469-4d0859df4e005851,3,5,train,5550785356355360849,pointer,N,E,,,H,False,True,,,-1.9375,0.5,2.4302982003257485,,E M Q,S,,False,,0.5390625,0.6315943002700806,,
train-001469-4d0859df4e005851,3,6,train,5550785356355360849,pointer,N,H,,,H,True,True,,,0.0,0.0,3.1111207360070203,,H U E,D,,False,,0.89453125,0.7098243832588196,,
train-001469-4d0859df4e005851,3,7,train,5550785356355360849,pointer,N,Q,,,H,False,True,,,-0.0625,0.0625,3.2293472571585453,,Q H N,H,,False,,1.1171875,0.7534666657447815,,
train-001469-4d0859df4e005851,3,8,train,5550785356355360849,pointer,N,Q,,,H,False,True,,,-0.0625,0.0625,3.2288719179642427,,Q H N,H,,False,,1.2265625,0.7732163667678833,,
train-001469-4d0859df4e005851,3,9,train,5550785356355360849,pointer,N,Q,,,H,False,True,,,-0.0625,0.0625,3.219833123242097,,Q H N,H,,False,,1.2734375,0.7813306450843811,,
train-001469-4d0859df4e005851,3,10,train,5550785356355360849,pointer,N,Q,,,H,False,True,,,-0.0625,0.0625,3.217401309270197,,Q H N,H,,False,,1.3046875,0.7866228222846985,,
train-001469-4d0859df4e005851,3,11,train,5550785356355360849,pointer,N,H,,,H,True,True,,,0.0,0.0,3.214888184561892,,H Q N,H,,True,,1.3203125,0.7892336845397949,,
train-001469-4d0859df4e005851,3,12,train,5550785356355360849,pointer,N,Q,,,H,False,True,,,-0.0625,0.0625,3.2112034748162426,,Q H N,H,,False,,1.3359375,0.7918210625648499,,
train-001308-035f69439b51029a,4,1,train,243028643990799002,pointer,K,A,A,True,A,True,False,2.2291887944447808e-05,11.6875,11.6875,11.6875,0.00031076045842059894,1,A D C,A,True,True,5.6503606174374e-05,-0.5078125,0.3757064640522003,False,0.47113466262817383
train-001308-035f69439b51029a,4,2,train,243028643990799002,pointer,K,Q,Q,True,A,False,False,0.0005060345865786076,7.625,-7.625,7.625,0.004452687341881912,1,Q A K,Q,True,True,0.0038012643344700336,-0.54296875,0.3674972355365753,False,0.4580707550048828
train-001308-035f69439b51029a,4,3,train,243028643990799002,pointer,K,K,K,True,A,False,False,0.004732716828584671,5.4375,-5.4375,5.4375,0.032391247749681384,1,K A X,Q,False,False,3.033776044845581,-0.265625,0.43398144841194153,False,0.5691284537315369
train-001308-035f69439b51029a,4,4,train,243028643990799002,pointer,K,A,A,True,A,True,False,0.2199259251356125,2.125,2.125,2.125,0.66935249619244,1,A K Q,K,False,False,2.9092018604278564,0.1201171875,0.5299932360649109,True,0.6348910331726074
train-001308-035f69439b51029a,4,5,train,243028643990799002,pointer,K,Q,,,A,False,True,,,-3.4375,1.4375,0.7332803811560075,,Q K A,Q,,True,,0.451171875,0.6109178066253662,,
train-001308-035f69439b51029a,4,6,train,243028643990799002,pointer,K,Q,,,A,False,True,,,-2.5625,0.75,1.0429399139426512,,Q K A,Q,,True,,0.66796875,0.6610482335090637,,
train-001308-035f69439b51029a,4,7,train,243028643990799002,pointer,K,Q,,,A,False,True,,,-0.5625,0.5625,1.2571542863100653,,Q A K,Q,,True,,0.80859375,0.6918097138404846,,
train-001308-035f69439b51029a,4,8,train,243028643990799002,pointer,K,Q,,,A,False,True,,,-2.5,1.0,1.0083758810491898,,Q K A,Q,,True,,0.91796875,0.7146279811859131,,
train-001308-035f69439b51029a,4,9,train,243028643990799002,pointer,K,Q,,,A,False,True,,,-1.5625,0.6875,1.1916702836311985,,Q K A,Q,,True,,0.984375,0.7279754281044006,,
train-001308-035f69439b51029a,4,10,train,243028643990799002,pointer,K,Q,,,A,False,True,,,-1.9375,0.75,1.1310738012731882,,Q K A,Q,,True,,1.03125,0.7371581792831421,,
train-001308-035f69439b51029a,4,11,train,243028643990799002,pointer,K,Q,,,A,False,True,,,-1.6875,0.625,1.187874662027195,,Q K A,Q,,True,,1.0546875,0.74167400598526,,
train-001308-035f69439b51029a,4,12,train,243028643990799002,pointer,K,Q,,,A,False,True,,,-1.75,0.75,1.1627619853736315,,Q K A,Q,,True,,1.078125,0.7461389899253845,,
train-002830-3c02bf0b4b385ab8,5,1,train,4324228647456627384,pointer,D,I,I,True,T,False,False,1.0609570381348021e-05,13.1875,-15.375,13.1875,0.00015830322801341383,1,I M S,I,True,True,0.0003630455757956952,-0.52734375,0.3711366057395935,False,0.4638412594795227
train-002830-3c02bf0b4b385ab8,5,2,train,4324228647456627384,pointer,D,M,M,True,T,False,False,0.00019727191829588264,10.5,-11.3125,10.5,0.002410897828728431,1,M C P,M,True,True,0.007299775257706642,-0.61328125,0.351311057806015,False,0.4328019618988037
train-002830-3c02bf0b4b385ab8,5,3,train,4324228647456627384,pointer,D,X,X,True,T,False,False,0.14654262363910675,1.875,-6.0,1.875,0.4233312491460269,1,X W T,P,False,False,2.5969371795654297,-0.3515625,0.4130035638809204,False,0.5327365398406982
train-002830-3c02bf0b4b385ab8,5,4,train,4324228647456627384,pointer,D,W,W,True,T,False,False,0.2785222828388214,2.3125,-3.875,2.3125,1.0600534815001794,1,W X P,X,False,False,3.5132269859313965,0.03271484375,0.5081779956817627,False,0.7096383571624756
train-002830-3c02bf0b4b385ab8,5,5,train,4324228647456627384,pointer,D,P,T,False,T,False,False,2.2237279415130615,-1.0,-1.0,0.625,2.4070601839126966,3,P X T,P,False,True,3.7520461082458496,0.412109375,0.601593554019928,True,0.5081732273101807
train-002830-3c02bf0b4b385ab8,5,6,train,4324228647456627384,pointer,D,O,,,T,False,True,,,-1.125,0.0625,3.0207012329759575,,O P Q,P,,False,,0.71875,0.672331690788269,,
train-002830-3c02bf0b4b385ab8,5,7,train,4324228647456627384,pointer,D,P,,,T,False,True,,,-0.4375,0.0625,3.206055400467761,,P B G,O,,False,,1.015625,0.7341195344924927,,
train-002830-3c02bf0b4b385ab8,5,8,train,4324228647456627384,pointer,D,B,,,T,False,True,,,-0.125,0.0,3.24075405754917,,B G P,B,,True,,1.1875,0.7662936449050903,,
train-002830-3c02bf0b4b385ab8,5,9,train,4324228647456627384,pointer,D,D,,,T,False,True,,,-0.125,0.0,3.243282052608285,,D Q B,B,,False,,1.265625,0.7799928784370422,,
train-002830-3c02bf0b4b385ab8,5,10,train,4324228647456627384,pointer,D,D,,,T,False,True,,,-0.0625,0.0,3.241580482676721,,D Q B,B,,False,,1.3125,0.7879312038421631,,
train-002830-3c02bf0b4b385ab8,5,11,train,4324228647456627384,pointer,D,D,,,T,False,True,,,-0.125,0.0,3.2408640764734593,,D Q P,B,,False,,1.328125,0.7905303239822388,,
train-002830-3c02bf0b4b385ab8,5,12,train,4324228647456627384,pointer,D,D,,,T,False,True,,,-0.125,0.0625,3.2413181388980146,,D P Q,B,,False,,1.3359375,0.7918210625648499,,
train-028436-0b0c4740a9c337c2,6,1,train,796089577189357506,pointer,T,G,G,True,M,False,False,4.2676016164477915e-05,10.5625,-16.03125,10.5625,0.0005381412068362032,1,G R C,G,True,True,0.0010119322687387466,-0.58203125,0.3584653437137604,False,0.4438920021057129
train-028436-0b0c4740a9c337c2,6,2,train,796089577189357506,pointer,T,B,B,True,M,False,False,1.3351351299206726e-05,12.625,-16.125,12.625,0.00019515448583949261,1,B S C,B,True,True,0.0018606745870783925,-0.5703125,0.36116471886634827,False,0.4481086730957031
train-028436-0b0c4740a9c337c2,6,3,train,796089577189357506,pointer,T,Q,Q,True,M,False,False,1.764281842042692e-05,13.0625,-13.875,13.0625,0.00026019425326830677,1,Q V P,Q,True,True,1.1321083307266235,-0.3359375,0.41679665446281433,False,0.5392193794250488
train-028436-0b0c4740a9c337c2,6,4,train,796089577189357506,pointer,T,V,V,True,M,False,False,0.0007845661020837724,8.75,-9.0,8.75,0.008411599679576316,1,V X M,Z,False,False,2.6514179706573486,-0.000240325927734375,0.4999399185180664,False,0.6930270195007324
train-028436-0b0c4740a9c337c2,6,5,train,796089577189357506,pointer,T,O,O,True,M,False,False,0.30411118268966675,1.25,-4.1875,1.25,0.8356678021670242,1,O V M,V,False,False,3.242966890335083,0.267578125,0.5664982199668884,False,0.8358594179153442
train-028436-0b0c4740a9c337c2,6,6,train,796089577189357506,pointer,T,V,M,False,M,False,False,2.6503281593322754,-1.1875,-1.1875,0.125,2.1893336691744887,5,V A N,V,False,True,3.003769874572754,0.65625,0.6584175229072571,True,0.41791605949401855
train-028436-0b0c4740a9c337c2,6,7,train,796089577189357506,pointer,T,N,,,M,False,True,,,-1.0625,0.1875,3.083823902774945,,N V P,D,,False,,0.96875,0.7248703241348267,,
train-028436-0b0c4740a9c337c2,6,8,train,796089577189357506,pointer,T,V,,,M,False,True,,,-0.6875,0.375,3.2296735206824407,,V G E,B,,False,,1.140625,0.7577943801879883,,
train-028436-0b0c4740a9c337c2,6,9,train,796089577189357506,pointer,T,V,,,M,False,True,,,-0.5,0.25,3.238032043677564,,V G Q,B,,False,,1.234375,0.7745833992958069,,
train-028436-0b0c4740a9c337c2,6,10,train,796089577189357506,pointer,T,V,,,M,False,True,,,-0.5625,0.3125,3.233626968554897,,V G Q,B,,False,,1.28125,0.7826625108718872,,
train-028436-0b0c4740a9c337c2,6,11,train,796089577189357506,pointer,T,V,,,M,False,True,,,-0.6875,0.375,3.2268833594485824,,V G Q,B,,False,,1.3046875,0.7866228222846985,,
train-028436-0b0c4740a9c337c2,6,12,train,796089577189357506,pointer,T,V,,,M,False,True,,,-0.6875,0.375,3.227626868452357,,V G Q,B,,False,,1.3203125,0.7892336845397949,,
train-031938-0b5b595e7a83e1a3,8,1,train,818346019615138211,pointer,Q,K,K,True,M,False,False,3.2543604902457446e-05,11.375,-14.75,11.375,0.0004380737444403674,1,K A D,K,True,True,0.001400562352500856,-0.54296875,0.3674972355365753,False,0.4580707550048828
train-031938-0b5b595e7a83e1a3,8,2,train,818346019615138211,pointer,Q,O,O,True,M,False,False,8.106198947643861e-06,12.8125,-13.0,12.8125,0.00012041838264571897,1,O P M,O,True,True,0.0015758965164422989,-0.58984375,0.35667070746421814,False,0.44109857082366943
train-031938-0b5b595e7a83e1a3,8,3,train,818346019615138211,pointer,Q,M,M,True,M,True,False,0.0012310316087678075,7.6875,7.6875,7.6875,0.012575969212266547,1,M P D,O,False,False,3.218383312225342,-0.30859375,0.4234579801559448,False,0.5507071614265442
train-031938-0b5b595e7a83e1a3,8,4,train,818346019615138211,pointer,Q,P,P,True,M,False,False,0.4559648633003235,0.625,-3.8125,0.625,0.8082933638311787,1,P G M,G,False,False,2.5551934242248535,0.09619140625,0.5240293145179749,False,0.7423990368843079
train-031938-0b5b595e7a83e1a3,8,5,train,818346019615138211,pointer,Q,G,G,True,M,False,False,1.0934717655181885,0.5625,-2.5,0.5625,2.135950880425231,1,G K P,G,True,True,2.704645872116089,0.55078125,0.6343168616294861,False,1.0059880018234253
train-031938-0b5b595e7a83e1a3,8,6,train,818346019615138211,pointer,Q,G,K,False,M,False,False,2.18473482131958,-0.75,-1.0625,0.25,2.4331050827709393,3,G P K,K,True,False,2.7796573638916016,0.88671875,0.7082125544548035,False,1.2317297458648682
train-031938-0b5b595e7a83e1a3,8,7,train,818346019615138211,pointer,Q,P,O,False,M,False,False,2.2107601165771484,-0.8125,-0.375,0.375,2.421156613466018,4,P M G,O,True,False,2.5519633293151855,1.0625,0.7431680560112,False,1.3593331575393677
train-031938-0b5b595e7a83e1a3,8,8,train,818346019615138211,pointer,Q,P,M,False,M,False,False,1.6873373985290527,-0.375,-0.375,0.375,2.3411446109196006,2,P M O,O,False,False,3.530139923095703,1.1484375,0.7592254281044006,True,0.27545657753944397
train-031938-0b5b595e7a83e1a3,8,9,train,818346019615138211,pointer,Q,P,,,M,False,True,,,-0.375,0.375,2.292523773883922,,P M O,O,,False,,1.203125,0.7690802216529846,,
train-031938-0b5b595e7a83e1a3,8,10,train,818346019615138211,pointer,Q,P,,,M,False,True,,,-0.4375,0.4375,2.27187143593766,,P M O,O,,False,,1.234375,0.7745833992958069,,
train-031938-0b5b595e7a83e1a3,8,11,train,818346019615138211,pointer,Q,P,,,M,False,True,,,-0.4375,0.4375,2.250751255467898,,P M O,O,,False,,1.25,0.7772998809814453,,
train-031938-0b5b595e7a83e1a3,8,12,train,818346019615138211,pointer,Q,P,,,M,False,True,,,-0.375,0.375,2.2616744821659465,,P M O,O,,False,,1.2578125,0.7786493301391602,,
train-034333-6300b5d8654b6802,10,1,train,7133901750771869698,pointer,K,M,M,True,O,False,False,1.823885577323381e-05,12.4375,-13.78125,12.4375,0.00026461015362106767,1,M R C,M,True,True,0.0006387577159330249,-0.5234375,0.3720487952232361,False,0.4652928113937378
train-034333-6300b5d8654b6802,10,2,train,7133901750771869698,pointer,K,R,R,True,O,False,False,2.7418097943154862e-06,14.1875,-18.4375,14.1875,4.550766330139514e-05,1,R P M,R,True,True,0.0004820853646378964,-0.5703125,0.36116471886634827,False,0.4481086730957031
train-034333-6300b5d8654b6802,10,3,train,7133901750771869698,pointer,K,S,S,True,O,False,False,0.11300209164619446,2.125,-13.625,2.125,0.34172532162892116,1,S G W,O,False,False,4.310245037078857,-0.333984375,0.4172714650630951,False,0.5400338768959045
train-034333-6300b5d8654b6802,10,4,train,7133901750771869698,pointer,K,T,G,False,O,False,False,2.1983087062835693,-2.0,-7.8125,2.0,0.7295299619997224,2,T G S,V,False,False,3.3123090267181396,0.0205078125,0.5051267743110657,False,0.7034536600112915
train-034333-6300b5d8654b6802,10,5,train,7133901750771869698,pointer,K,T,T,True,O,False,False,0.8361788988113403,0.5,-3.4375,0.5,1.6714427821356315,1,T D I,D,False,False,3.6005778312683105,0.4453125,0.6095241904258728,False,0.9403891563415527
train-034333-6300b5d8654b6802,10,6,train,7133901750771869698,pointer,K,M,I,False,O,False,False,2.7231686115264893,-0.625,-0.5625,0.1875,2.973733157545327,6,M T K,O,False,False,3.3000874519348145,0.80078125,0.6901415586471558,False,1.1716398000717163
train-034333-6300b5d8654b6802,10,7,train,7133901750771869698,pointer,K,M,E,False,O,False,False,3.2843313217163086,-0.4375,-0.375,0.0,3.2288187968303195,11,M T G,O,False,False,3.208022356033325,1.046875,0.740174412727356,False,1.3477444648742676
train-034333-6300b5d8654b6802,10,8,train,7133901750771869698,pointer,K,K,N,False,O,False,False,3.2199418544769287,-0.3125,-0.4375,0.0,3.242881049338019,9,K Q B,B,False,False,3.1366701126098633,1.1875,0.7662936449050903,False,1.4536898136138916
train-034333-6300b5d8654b6802,10,9,train,7133901750771869698,pointer,K,K,D,False,O,False,False,3.2010138034820557,-0.3125,-0.5,0.0,3.240087982628011,7,K Q B,B,False,False,3.3213050365448,1.265625,0.7799928784370422,False,1.514095425605774
train-034333-6300b5d8654b6802,10,10,train,7133901750771869698,pointer,K,K,O,False,O,False,False,3.361889123916626,-0.5,-0.5,0.0,3.2377408299746486,16,K Q G,B,False,False,3.116666555404663,1.3046875,0.7866228222846985,True,0.24000640213489532
train-034333-6300b5d8654b6802,10,11,train,7133901750771869698,pointer,K,Q,,,O,False,True,,,-0.5,0.0625,3.2362884600664907,,Q K G,B,,False,,1.328125,0.7905303239822388,,
train-034333-6300b5d8654b6802,10,12,train,7133901750771869698,pointer,K,K,,,O,False,True,,,-0.5,0.0,3.2349286111535296,,K Q G,B,,False,,1.3359375,0.7918210625648499,,
train-029222-9b7ef553bedd9688,12,1,train,11204662662977656456,pointer,W,B,B,True,W,False,False,8.702239938429557e-06,12.5625,-16.75,12.5625,0.00012860685245974138,1,B C R,B,True,True,0.00026723151677288115,-0.640625,0.34510529041290283,False,0.42328083515167236
train-029222-9b7ef553bedd9688,12,2,train,11204662662977656456,pointer,W,V,V,True,W,False,False,0.00019631843315437436,8.75,-14.6875,8.75,0.002070429037675235,1,V H T,V,True,True,0.001453653909265995,-0.55859375,0.3638729155063629,False,0.45235681533813477
train-029222-9b7ef553bedd9688,12,3,train,11204662662977656456,pointer,W,I,I,True,W,False,False,0.003827984444797039,6.25,-9.4375,6.25,0.03164187256110626,1,I V X,V,False,False,3.2884886264801025,-0.34765625,0.4139508903026581,False,0.5343517065048218
train-029222-9b7ef553bedd9688,12,4,train,11204662662977656456,pointer,W,W,W,True,W,True,False,0.18901421129703522,1.625,1.625,1.625,0.5093596310042096,1,W B I,W,True,True,1.9407111406326294,-0.029052734375,0.4927372932434082,False,0.678726315498352
train-029222-9b7ef553bedd9688,12,5,train,11204662662977656456,pointer,W,W,B,False,W,True,False,0.872052013874054,-0.125,0.125,0.125,1.2385762851796907,2,W B V,Y,False,False,3.378788948059082,0.4296875,0.6057990193367004,False,0.9308944344520569
train-029222-9b7ef553bedd9688,12,6,train,11204662662977656456,pointer,W,B,V,False,W,False,False,2.9944632053375244,-1.8125,-0.125,0.125,2.354375202550013,3,B W V,O,False,False,3.149325132369995,0.80078125,0.6901415586471558,False,1.1716398000717163
train-029222-9b7ef553bedd9688,12,7,train,11204662662977656456,pointer,W,B,I,False,W,False,False,3.2436420917510986,-0.6875,-0.3125,0.3125,3.2237744314082732,7,B G W,O,False,False,3.0466668605804443,1.0546875,0.74167400598526,False,1.3535330295562744
train-029222-9b7ef553bedd9688,12,8,train,11204662662977656456,pointer,W,B,W,False,W,False,False,3.204841136932373,-0.375,-0.375,0.1875,3.2436517016105055,12,B G L,N,False,False,3.4052183628082275,1.1875,0.7662936449050903,False,1.4536898136138916
train-029222-9b7ef553bedd9688,12,9,train,11204662662977656456,pointer,W,B,B,True,W,False,False,2.8516390323638916,0.1875,-0.375,0.1875,3.243582988563358,1,B G L,N,False,False,3.058208703994751,1.2578125,0.7786493301391602,False,1.5080070495605469
train-029222-9b7ef553bedd9688,12,10,train,11204662662977656456,pointer,W,B,V,False,W,False,False,3.049656391143799,-0.1875,-0.3125,0.125,3.2403854069522144,5,B L G,N,False,False,3.2244722843170166,1.2890625,0.7839884757995605,False,1.532423496246338
train-029222-9b7ef553bedd9688,12,11,train,11204662662977656456,pointer,W,B,I,False,W,False,False,3.127093553543091,-0.3125,-0.3125,0.1875,3.2397892810617965,6,B L G,N,False,False,3.2221224308013916,1.3125,0.7879312038421631,False,1.5508445501327515
train-029222-9b7ef553bedd9688,12,12,train,11204662662977656456,pointer,W,B,W,False,W,False,False,3.145379066467285,-0.3125,-0.3125,0.1875,3.2407607550924813,9,B L G,Q,False,False,3.3628623485565186,1.328125,0.7905303239822388,True,0.23505128920078278
train-023994-7b530fa831d97e35,1,1,train,8886463704797380149,pointer,G,Z,Z,True,Z,True,False,3.4570634852570947e-06,14.3125,14.3125,14.3125,5.6842225537533896e-05,1,Z D R,Z,True,True,1.7046782886609435e-05,-0.390625,0.403566837310791,True,0.907413125038147
train-023994-7b530fa831d97e35,1,2,train,8886463704797380149,pointer,G,O,,,Z,False,True,,,-12.3125,9.875,0.001015674868004285,,O A D,O,,True,,-0.48046875,0.3821414113044739,,
train-023994-7b530fa831d97e35,1,3,train,8886463704797380149,pointer,G,A,,,Z,False,True,,,-11.4375,7.1875,0.01982624362559536,,A T B,T,,False,,-0.25390625,0.4368622601032257,,
train-023994-7b530fa831d97e35,1,4,train,8886463704797380149,pointer,G,T,,,Z,False,True,,,-8.625,1.125,1.0059428800677355,,T F A,M,,False,,0.11474609375,0.5286551117897034,,
train-023994-7b530fa831d97e35,1,5,train,8886463704797380149,pointer,G,F,,,Z,False,True,,,-5.4375,0.0,1.7512571526600489,,F T M,M,,False,,0.5546875,0.6352224349975586,,
train-023994-7b530fa831d97e35,1,6,train,8886463704797380149,pointer,G,T,,,Z,False,True,,,-3.4375,0.25,2.562507597076598,,T F B,O,,False,,0.8984375,0.7106282711029053,,
train-023994-7b530fa831d97e35,1,7,train,8886463704797380149,pointer,G,T,,,Z,False,True,,,-2.8125,0.3125,2.679264071538147,,T F I,K,,False,,1.0859375,0.7476159334182739,,
train-023994-7b530fa831d97e35,1,8,train,8886463704797380149,pointer,G,T,,,Z,False,True,,,-2.9375,0.375,2.6561950009151674,,T F I,K,,False,,1.1796875,0.7648916244506836,,
train-023994-7b530fa831d97e35,1,9,train,8886463704797380149,pointer,G,T,,,Z,False,True,,,-3.0,0.4375,2.6222473191588804,,T F I,K,,False,,1.2265625,0.7732163667678833,,
train-023994-7b530fa831d97e35,1,10,train,8886463704797380149,pointer,G,T,,,Z,False,True,,,-3.125,0.4375,2.5999846090738874,,T F I,K,,False,,1.2578125,0.7786493301391602,,
train-023994-7b530fa831d97e35,1,11,train,8886463704797380149,pointer,G,T,,,Z,False,True,,,-3.125,0.4375,2.5910078120014344,,T F I,K,,False,,1.2734375,0.7813306450843811,,
train-023994-7b530fa831d97e35,1,12,train,8886463704797380149,pointer,G,T,,,Z,False,True,,,-3.125,0.5,2.5913713114662063,,T F I,K,,False,,1.2890625,0.7839884757995605,,
train-020791-96695dc76ed46aeb,2,1,train,10838297089383099115,pointer,E,W,W,True,V,False,False,6.318072337307967e-06,12.65625,-12.65625,12.65625,9.442636105976143e-05,1,W V D,W,True,True,7.60526381782256e-05,-0.5625,0.36296918988227844,False,0.45093727111816406
train-020791-96695dc76ed46aeb,2,2,train,10838297089383099115,pointer,E,V,V,True,V,True,False,6.198863957251888e-06,13.375,13.375,13.375,9.716569793294055e-05,1,V R D,V,True,True,0.0007678897818550467,-0.5390625,0.36840569972991943,True,0.9985705614089966
train-020791-96695dc76ed46aeb,2,3,train,10838297089383099115,pointer,E,H,,,V,False,True,,,-11.375,5.5,0.037656402217286056,,H C D,V,,False,,-0.294921875,0.42679935693740845,,
train-020791-96695dc76ed46aeb,2,4,train,10838297089383099115,pointer,E,C,,,V,False,True,,,-6.1875,2.25,0.6617482656128217,,C H U,V,,False,,0.10205078125,0.5254905819892883,,
train-020791-96695dc76ed46aeb,2,5,train,10838297089383099115,pointer,E,C,,,V,False,True,,,-2.0625,0.8125,2.101342865413114,,C U H,C,,True,,0.53515625,0.6306849718093872,,
train-020791-96695dc76ed46aeb,2,6,train,10838297089383099115,pointer,E,N,,,V,False,True,,,-0.25,0.25,3.144386109984286,,N V C,D,,False,,0.90625,0.7122321724891663,,
train-020791-96695dc76ed46aeb,2,7,train,10838297089383099115,pointer,E,B,,,V,False,True,,,-0.1875,0.0,3.24797885705945,,B N E,N,,False,,1.125,0.7549149990081787,,
train-020791-96695dc76ed46aeb,2,8,train,10838297089383099115,pointer,E,B,,,V,False,True,,,-0.25,0.0625,3.249209899006216,,B E K,N,,False,,1.234375,0.7745833992958069,,
train-020791-96695dc76ed46aeb,2,9,train,10838297089383099115,pointer,E,B,,,V,False,True,,,-0.3125,0.0625,3.248963160220276,,B E K,Q,,False,,1.2890625,0.7839884757995605,,
train-020791-96695dc76ed46aeb,2,10,train,10838297089383099115,pointer,E,B,,,V,False,True,,,-0.3125,0.0625,3.2476577827524715,,B E K,Q,,False,,1.328125,0.7905303239822388,,
train-020791-96695dc76ed46aeb,2,11,train,10838297089383099115,pointer,E,B,,,V,False,True,,,-0.3125,0.0625,3.2490455791868675,,B E K,Q,,False,,1.34375,0.793105959892273,,
train-020791-96695dc76ed46aeb,2,12,train,10838297089383099115,pointer,E,B,,,V,False,True,,,-0.25,0.0625,3.2487842811747543,,B E K,Q,,False,,1.359375,0.7956580519676208,,
train-003971-c5f6362c2374a558,3,1,train,14264648432943932760,pointer,T,N,N,True,N,True,False,3.480850500636734e-05,11.65625,11.65625,11.65625,0.0004703755397381465,1,N Q D,N,True,True,0.00027783826226368546,-0.47265625,0.3839877247810364,False,0.48448842763900757
train-003971-c5f6362c2374a558,3,2,train,14264648432943932760,pointer,T,T,T,True,N,False,False,0.00033623288618400693,8.125,-8.125,8.125,0.003237981551383129,1,T N D,T,True,True,0.015644675120711327,-0.55078125,0.3656831681728363,False,0.4552067518234253
train-003971-c5f6362c2374a558,3,3,train,14264648432943932760,pointer,T,N,N,True,N,True,False,8.427741704508662e-05,11.4375,11.4375,11.4375,0.0011151674088537768,1,N A L,L,False,False,3.1835999488830566,-0.30859375,0.4234579801559448,True,0.8593009114265442
train-003971-c5f6362c2374a558,3,4,train,14264648432943932760,pointer,T,T,,,N,False,True,,,-0.375,0.375,0.6965277377121049,,T N L,N,,False,,0.1259765625,0.5314525961875916,,
train-003971-c5f6362c2374a558,3,5,train,14264648432943932760,pointer,T,N,,,N,True,True,,,1.3125,1.3125,0.7864429133441304,,N T Z,V,,False,,0.53515625,0.6306849718093872,,
train-003971-c5f6362c2374a558,3,6,train,14264648432943932760,pointer,T,N,,,N,True,True,,,0.0625,0.0625,1.123725255088033,,N T Z,N,,True,,0.875,0.7057850360870361,,
train-003971-c5f6362c2374a558,3,7,train,14264648432943932760,pointer,T,N,,,N,True,True,,,0.1875,0.1875,1.3312658811122882,,N T Z,N,,True,,1.0859375,0.7476159334182739,,
train-003971-c5f6362c2374a558,3,8,train,14264648432943932760,pointer,T,N,,,N,True,True,,,0.0625,0.0625,1.132405327402475,,N T Z,N,,True,,1.2109375,0.7704647779464722,,
train-003971-c5f6362c2374a558,3,9,train,14264648432943932760,pointer,T,N,,,N,True,True,,,0.0,0.0,1.1283555340723275,,N T Z,N,,True,,1.2734375,0.7813306450843811,,
train-003971-c5f6362c2374a558,3,10,train,14264648432943932760,pointer,T,N,,,N,True,True,,,0.0,0.0,1.1089823495579392,,N T Z,N,,True,,1.3125,0.7879312038421631,,
train-003971-c5f6362c2374a558,3,11,train,14264648432943932760,pointer,T,N,,,N,True,True,,,0.0,0.0,1.114329247450793,,N T Z,N,,True,,1.3359375,0.7918210625648499,,
train-003971-c5f6362c2374a558,3,12,train,14264648432943932760,pointer,T,N,,,N,True,True,,,0.125,0.125,1.0884935897568644,,N T Z,N,,True,,1.3515625,0.7943849563598633,,
train-005709-276642cdfa2b90a2,4,1,train,2839030067536564386,pointer,I,G,G,True,L,False,False,0.00027700403006747365,9.0625,-12.8125,9.0625,0.0030389470691398798,1,G D R,G,True,True,0.00023541064001619816,-0.55078125,0.3656831681728363,False,0.4552067518234253
train-005709-276642cdfa2b90a2,4,2,train,2839030067536564386,pointer,I,O,O,True,L,False,False,6.544376083184034e-05,10.4375,-14.65625,10.4375,0.0008252196569619685,1,O C D,O,True,True,0.004186319187283516,-0.5390625,0.36840569972991943,False,0.4595080614089966
train-005709-276642cdfa2b90a2,4,3,train,2839030067536564386,pointer,I,C,C,True,L,False,False,0.00019905969384126365,9.875,-10.875,9.875,0.002431461747085664,1,C D B,O,False,False,2.9132614135742188,-0.26171875,0.43494126200675964,False,0.5708255767822266
train-005709-276642cdfa2b90a2,4,4,train,2839030067536564386,pointer,I,L,L,True,L,True,False,0.07381973415613174,3.4375,3.4375,3.4375,0.3918825382390759,1,L C O,O,False,False,4.089315891265869,0.14453125,0.5360700488090515,True,0.6234904527664185
train-005709-276642cdfa2b90a2,4,5,train,2839030067536564386,pointer,I,L,,,L,True,True,,,0.25,0.25,2.1321581784548527,,L W O,O,,False,,0.51953125,0.6270381808280945,,
train-005709-276642cdfa2b90a2,4,6,train,2839030067536564386,pointer,I,W,,,L,False,True,,,-0.125,0.125,2.8425626309182617,,W L C,O,,False,,0.84375,0.6992544531822205,,
train-005709-276642cdfa2b90a2,4,7,train,2839030067536564386,pointer,I,L,,,L,True,True,,,0.0,0.0,2.8450817094603553,,L W C,K,,False,,1.0546875,0.74167400598526,,
train-005709-276642cdfa2b90a2,4,8,train,2839030067536564386,pointer,I,L,,,L,True,True,,,0.1875,0.1875,2.7588723333923673,,L W C,K,,False,,1.171875,0.7634837031364441,,
train-005709-276642cdfa2b90a2,4,9,train,2839030067536564386,pointer,I,L,,,L,True,True,,,0.25,0.25,2.7117032279439033,,L W C,K,,False,,1.234375,0.7745833992958069,,
train-005709-276642cdfa2b90a2,4,10,train,2839030067536564386,pointer,I,L,,,L,True,True,,,0.25,0.25,2.675966096358603,,L W C,K,,False,,1.265625,0.7799928784370422,,
train-005709-276642cdfa2b90a2,4,11,train,2839030067536564386,pointer,I,L,,,L,True,True,,,0.25,0.25,2.6727294635310996,,L W C,K,,False,,1.2890625,0.7839884757995605,,
train-005709-276642cdfa2b90a2,4,12,train,2839030067536564386,pointer,I,L,,,L,True,True,,,0.3125,0.3125,2.6706727795260146,,L W C,K,,False,,1.296875,0.7853085398674011,,
train-023377-86e7f9e2cbcec1d3,5,1,train,9721013073179754963,pointer,J,C,C,True,K,False,False,9.560128091834486e-05,10.1875,-13.8125,10.1875,0.0011721418267846037,1,C D A,C,True,True,0.00011228884250158444,-0.5390625,0.36840569972991943,False,0.4595080614089966
train-023377-86e7f9e2cbcec1d3,5,2,train,9721013073179754963,pointer,J,Q,Q,True,K,False,False,3.0397906812140718e-05,11.375,-12.1875,11.375,0.0004042627822088192,1,Q C R,Q,True,True,0.011201707646250725,-0.515625,0.37387579679489136,False,0.468206524848938
train-023377-86e7f9e2cbcec1d3,5,3,train,9721013073179754963,pointer,J,K,K,True,K,True,False,0.0001728385395836085,9.6875,9.6875,9.6875,0.0020920742286639118,1,K O A,B,False,False,3.438586473464966,-0.181640625,0.4547143280506134,False,0.6064453721046448
train-023377-86e7f9e2cbcec1d3,5,4,train,9721013073179754963,pointer,J,K,K,True,K,True,False,0.0017652419628575444,6.4375,6.4375,6.4375,0.013872954411654932,1,K C G,Q,False,False,2.4203853607177734,0.1328125,0.5331544280052185,False,0.7617567181587219
train-023377-86e7f9e2cbcec1d3,5,5,train,9721013073179754963,pointer,J,K,K,True,K,True,False,0.0044538588263094425,5.5625,5.5625,5.5625,0.03154900022251934,1,K C G,Q,False,False,2.613626718521118,0.458984375,0.6127732396125793,True,0.4897603988647461
train-023377-86e7f9e2cbcec1d3,5,6,train,9721013073179754963,pointer,J,K,,,K,True,True,,,5.125,5.125,0.05520304700343848,,K C G,Q,,False,,0.703125,0.66888028383255,,
train-023377-86e7f9e2cbcec1d3,5,7,train,9721013073179754963,pointer,J,K,,,K,True,True,,,4.9375,4.9375,0.06811885063870225,,K C G,Q,,False,,0.8671875,0.7041601538658142,,
train-023377-86e7f9e2cbcec1d3,5,8,train,9721013073179754963,pointer,J,K,,,K,True,True,,,4.875,4.875,0.07325918413295013,,K C G,Q,,False,,0.9765625,0.7264255881309509,,
train-023377-86e7f9e2cbcec1d3,5,9,train,9721013073179754963,pointer,J,K,,,K,True,True,,,4.875,4.875,0.07364163036256259,,K C G,Q,,False,,1.046875,0.740174412727356,,
train-023377-86e7f9e2cbcec1d3,5,10,train,9721013073179754963,pointer,J,K,,,K,True,True,,,4.75,4.75,0.08077478736923933,,K C G,Q,,False,,1.0859375,0.7476159334182739,,
train-023377-86e7f9e2cbcec1d3,5,11,train,9721013073179754963,pointer,J,K,,,K,True,True,,,4.8125,4.8125,0.07633291593170215,,K C G,Q,,False,,1.1171875,0.7534666657447815,,
train-023377-86e7f9e2cbcec1d3,5,12,train,9721013073179754963,pointer,J,K,,,K,True,True,,,4.8125,4.8125,0.07593297897651675,,K C G,Q,,False,,1.1328125,0.7563575506210327,,
train-008492-240e76925130107c,6,1,train,2598144405838762108,pointer,D,I,I,True,Y,False,False,1.4424220353248529e-05,12.84375,-18.34375,12.84375,0.0002140304017125611,1,I M S,I,True,True,0.00015317220822907984,-0.5703125,0.36116471886634827,False,0.4481086730957031
train-008492-240e76925130107c,6,2,train,2598144405838762108,pointer,D,G,G,True,Y,False,False,0.0005936052766628563,8.3125,-15.78125,8.3125,0.0059194641966135225,1,G D E,G,True,True,0.0035447163973003626,-0.5703125,0.36116471886634827,False,0.4481086730957031
train-008492-240e76925130107c,6,3,train,2598144405838762108,pointer,D,X,X,True,Y,False,False,0.006516516208648682,5.75,-9.8125,5.75,0.05014069489562127,1,X R J,P,False,False,3.0476765632629395,-0.3359375,0.41679665446281433,False,0.5392193794250488
train-008492-240e76925130107c,6,4,train,2598144405838762108,pointer,D,X,R,False,Y,False,False,1.890121579170227,-1.625,-5.375,1.625,0.8862333897527616,2,X R J,X,False,True,3.042715072631836,0.07666015625,0.5191556811332703,False,0.7322116494178772
train-008492-240e76925130107c,6,5,train,2598144405838762108,pointer,D,R,K,False,Y,False,False,2.3398218154907227,-0.6875,-2.25,0.6875,2.855638079225242,2,R K U,E,False,False,3.1499319076538086,0.466796875,0.6146253347396851,False,0.953539252281189
train-008492-240e76925130107c,6,6,train,2598144405838762108,pointer,D,U,Y,False,Y,False,False,3.398306131362915,-1.1875,-1.1875,0.5625,3.161389746700007,13,U Z V,U,False,True,3.123044013977051,0.76171875,0.6817268133163452,True,0.3831263482570648
train-008492-240e76925130107c,6,7,train,2598144405838762108,pointer,D,E,,,Y,False,True,,,-0.375,0.0,3.237377975396901,,E U R,O,,False,,1.0390625,0.7386690378189087,,
train-008492-240e76925130107c,6,8,train,2598144405838762108,pointer,D,U,,,Y,False,True,,,-0.3125,0.0625,3.247986833612313,,U B D,B,,False,,1.1875,0.7662936449050903,,
train-008492-240e76925130107c,6,9,train,2598144405838762108,pointer,D,B,,,Y,False,True,,,-0.25,0.0,3.2486995224288266,,B D Q,B,,True,,1.2734375,0.7813306450843811,,
train-008492-240e76925130107c,6,10,train,2598144405838762108,pointer,D,U,,,Y,False,True,,,-0.3125,0.0625,3.246047680540626,,U D B,B,,False,,1.3203125,0.7892336845397949,,
train-008492-240e76925130107c,6,11,train,2598144405838762108,pointer,D,U,,,Y,False,True,,,-0.3125,0.0625,3.2451874755665133,,U D X,B,,False,,1.34375,0.793105959892273,,
train-008492-240e76925130107c,6,12,train,2598144405838762108,pointer,D,U,,,Y,False,True,,,-0.25,0.0625,3.246026999696187,,U D X,B,,False,,1.359375,0.7956580519676208,,
train-020229-7c9aa3f3c6e63bb1,8,1,train,8978669074525862833,pointer,X,K,K,True,J,False,False,3.099436753473128e-06,14.0625,-15.0625,14.0625,4.937554271362e-05,1,K R G,K,True,True,0.0016373097896575928,-0.54296875,0.3674972355365753,False,0.4580707550048828
train-020229-7c9aa3f3c6e63bb1,8,2,train,8978669074525862833,pointer,X,W,W,True,J,False,False,3.099436753473128e-06,13.5,-17.21875,13.5,5.1833867975267144e-05,1,W D C,W,True,True,0.0007358465809375048,-0.59765625,0.35488009452819824,False,0.4383190870285034
train-020229-7c9aa3f3c6e63bb1,8,3,train,8978669074525862833,pointer,X,R,R,True,J,False,False,0.0038139712996780872,5.6875,-12.25,5.6875,0.02741524883473654,1,R M L,R,True,True,0.15928737819194794,-0.421875,0.39606815576553345,False,0.5042939186096191
train-020229-7c9aa3f3c6e63bb1,8,4,train,8978669074525862833,pointer,X,M,M,True,J,False,False,0.012084132060408592,4.625,-10.0,4.625,0.07648579650983348,1,M Q R,R,False,False,3.2492384910583496,-0.09130859375,0.47718870639801025,False,0.6485347151756287
train-020229-7c9aa3f3c6e63bb1,8,5,train,8978669074525862833,pointer,X,Q,Q,True,J,False,False,0.2805938124656677,1.6875,-5.0,1.6875,0.9464991825861329,1,Q Y D,Q,True,True,2.353431224822998,0.37109375,0.5917232036590576,False,0.8958100080490112
train-020229-7c9aa3f3c6e63bb1,8,6,train,8978669074525862833,pointer,X,D,Y,False,J,False,False,2.4769182205200195,-1.125,-0.8125,0.0625,2.342625113401642,4,D Q J,D,False,True,3.2490339279174805,0.74609375,0.6783269643783569,False,1.1342196464538574
train-020229-7c9aa3f3c6e63bb1,8,7,train,8978669074525862833,pointer,X,J,D,False,J,True,False,2.0018272399902344,-0.0625,0.0625,0.0625,2.817262596659442,2,J D Q,Q,False,False,2.6323208808898926,1.0078125,0.7325918078422546,False,1.318979024887085
train-020229-7c9aa3f3c6e63bb1,8,8,train,8978669074525862833,pointer,X,Q,J,False,J,False,False,2.3973395824432373,-0.0625,-0.0625,0.0625,3.039215199256967,2,Q J C,Q,False,True,2.8315298557281494,1.1796875,0.7648916244506836,True,0.2680211365222931
train-020229-7c9aa3f3c6e63bb1,8,9,train,8978669074525862833,pointer,X,Q,,,J,False,True,,,-0.375,0.0625,3.1204854299691696,,Q G V,B,,False,,1.2890625,0.7839884757995605,,
train-020229-7c9aa3f3c6e63bb1,8,10,train,8978669074525862833,pointer,X,Q,,,J,False,True,,,-0.875,0.5,3.14413795931114,,Q B G,B,,False,,1.3359375,0.7918210625648499,,
train-020229-7c9aa3f3c6e63bb1,8,11,train,8978669074525862833,pointer,X,Q,,,J,False,True,,,-1.1875,0.8125,3.120985649895509,,Q B D,B,,False,,1.3515625,0.7943849563598633,,
train-020229-7c9aa3f3c6e63bb1,8,12,train,8978669074525862833,pointer,X,Q,,,J,False,True,,,-1.3125,0.9375,3.0821404983739598,,Q D Y,B,,False,,1.3515625,0.7943849563598633,,
train-014821-3183b84ebac7680b,10,1,train,3567897978088155147,pointer,K,S,S,True,L,False,False,9.262132516596466e-05,9.875,-14.34375,9.875,0.0011257634891017004,1,S R V,S,True,True,0.00019369633810129017,-0.5078125,0.3757064640522003,False,0.47113466262817383
train-014821-3183b84ebac7680b,10,2,train,3567897978088155147,pointer,K,H,H,True,L,False,False,1.0967194612021558e-05,12.5625,-13.0625,12.5625,0.00016250520868866196,1,H X I,H,True,True,0.003018111689016223,-0.5546875,0.3647775650024414,False,0.45378005504608154
train-014821-3183b84ebac7680b,10,3,train,3567897978088155147,pointer,K,V,V,True,L,False,False,0.0005376085755415261,8.875,-10.5625,8.875,0.0059865175056086,1,V R U,H,False,False,3.1327199935913086,-0.37109375,0.40827676653862,False,0.5247162580490112
train-014821-3183b84ebac7680b,10,4,train,3567897978088155147,pointer,K,R,R,True,L,False,False,0.2677616477012634,1.75,-6.3125,1.75,0.7668149233027863,1,R B V,R,True,True,1.5224807262420654,0.08740234375,0.5218366980552673,False,0.7378029227256775
train-014821-3183b84ebac7680b,10,5,train,3567897978088155147,pointer,K,B,B,True,L,False,False,1.4003583192825317,0.125,-3.0625,0.125,2.3062535939336706,1,B R E,E,False,False,3.055172920227051,0.48046875,0.6178585886955261,False,0.96196448802948
train-014821-3183b84ebac7680b,10,6,train,3567897978088155147,pointer,K,B,E,False,L,False,False,3.805748462677002,-1.875,-0.9375,0.1875,2.957907979009489,16,B P R,J,False,False,3.2149593830108643,0.8359375,0.6976089477539062,False,1.1960341930389404
train-014821-3183b84ebac7680b,10,7,train,3567897978088155147,pointer,K,P,O,False,L,False,False,3.45736026763916,-1.0625,-0.5625,0.4375,3.203153577221776,19,P G B,O,True,False,2.888638734817505,1.078125,0.7461389899253845,False,1.3709683418273926
train-014821-3183b84ebac7680b,10,8,train,3567897978088155147,pointer,K,P,Z,False,L,False,False,3.0681066513061523,-0.375,-0.25,0.125,3.2256049867066126,6,P G L,O,False,False,3.472255229949951,1.1953125,0.7676898241043091,False,1.4596819877624512
train-014821-3183b84ebac7680b,10,9,train,3567897978088155147,pointer,K,P,P,True,L,False,False,2.7172114849090576,0.125,-0.125,0.125,3.220942062541921,1,P G L,O,False,False,3.1671009063720703,1.25,0.7772998809814453,False,1.5019290447235107
train-014821-3183b84ebac7680b,10,10,train,3567897978088155147,pointer,K,P,L,False,L,False,False,2.8161299228668213,-0.0625,-0.0625,0.0625,3.216023110700779,3,P G L,O,False,False,3.595107078552246,1.2734375,0.7813306450843811,True,0.2467568814754486
train-014821-3183b84ebac7680b,10,11,train,3567897978088155147,pointer,K,P,,,L,False,True,,,-0.125,0.125,3.2118823987261638,,P G L,O,,False,,1.28125,0.7826625108718872,,
train-014821-3183b84ebac7680b,10,12,train,3567897978088155147,pointer,K,P,,,L,False,True,,,-0.0625,0.0625,3.2110007475540434,,P G L,O,,False,,1.2890625,0.7839884757995605,,
train-010574-c0bb923f113f8b6c,12,1,train,13887854675497028460,pointer,G,Z,Z,True,D,False,False,3.3378546504536644e-06,14.1875,-14.5,14.1875,5.3053205679825055e-05,1,Z R X,Z,True,True,2.729855441430118e-05,-0.56640625,0.36206647753715515,False,0.44952118396759033
train-010574-c0bb923f113f8b6c,12,2,train,13887854675497028460,pointer,G,L,L,True,D,False,False,0.0002315968304174021,9.625,-10.0,9.625,0.0027143735746068187,1,L C D,L,True,True,0.0009139174944721162,-0.57421875,0.36026397347450256,False,0.4466996192932129
train-010574-c0bb923f113f8b6c,12,3,train,13887854675497028460,pointer,G,U,U,True,D,False,False,0.00014888131408952177,9.0625,-12.5625,9.0625,0.0016371148798442641,1,U H Y,U,True,True,0.8404867053031921,-0.390625,0.403566837310791,False,0.516788125038147
train-010574-c0bb923f113f8b6c,12,4,train,13887854675497028460,pointer,G,H,H,True,D,False,False,0.06988876312971115,2.875,-8.9375,2.875,0.3046407185074116,1,H P X,U,False,False,3.509164810180664,-0.11572265625,0.4711015820503235,False,0.6369588971138
train-010574-c0bb923f113f8b6c,12,5,train,13887854675497028460,pointer,G,P,P,True,D,False,False,0.35889866948127747,1.1875,-5.375,1.1875,1.0418362733949893,1,P X J,P,True,True,2.384085178375244,0.291015625,0.5722447633743286,False,0.8492041230201721
train-010574-c0bb923f113f8b6c,12,6,train,13887854675497028460,pointer,G,P,X,False,D,False,False,2.8803720474243164,-1.25,-1.75,0.4375,2.8910533841938544,4,P C O,O,False,False,3.2240915298461914,0.63671875,0.6540113687515259,False,1.0613492727279663
train-010574-c0bb923f113f8b6c,12,7,train,13887854675497028460,pointer,G,P,J,False,D,False,False,3.4248788356781006,-1.1875,-0.6875,0.625,3.1857660962346204,16,P S D,O,False,False,3.403905153274536,0.95703125,0.722527027130127,False,1.282031774520874
train-010574-c0bb923f113f8b6c,12,8,train,13887854675497028460,pointer,G,B,O,False,D,False,False,3.497145891189575,-0.5,-0.125,0.0,3.2472488492127356,25,B G Q,B,False,True,3.2048189640045166,1.1484375,0.7592254281044006,False,1.4238940477371216
train-010574-c0bb923f113f8b6c,12,9,train,13887854675497028460,pointer,G,B,M,False,D,False,False,3.364785671234131,-0.375,-0.125,0.0,3.2474383056834735,19,B Q G,N,False,False,3.279144763946533,1.2578125,0.7786493301391602,False,1.5080070495605469
train-010574-c0bb923f113f8b6c,12,10,train,13887854675497028460,pointer,G,B,C,False,D,False,False,3.343245267868042,-0.375,-0.125,0.0,3.247216609337408,15,B Q G,N,False,False,3.538339614868164,1.3125,0.7879312038421631,False,1.5508445501327515
train-010574-c0bb923f113f8b6c,12,11,train,13887854675497028460,pointer,G,B,S,False,D,False,False,3.1978209018707275,-0.1875,-0.0625,0.0,3.2484486169302293,7,B G Q,N,False,False,3.2561206817626953,1.34375,0.793105959892273,False,1.5755484104156494
train-010574-c0bb923f113f8b6c,12,12,train,13887854675497028460,pointer,G,B,D,False,D,False,False,3.0752928256988525,-0.0625,-0.0625,0.0,3.2484030237359445,4,B G Q,B,False,True,3.4117918014526367,1.359375,0.7956580519676208,True,0.22858572006225586
train-002061-c2d311c993169188,1,1,train,14038584020897796488,pointer,U,B,B,True,B,True,False,1.0609570381348021e-05,12.3125,12.3125,12.3125,0.00015327883702246723,1,B C R,B,True,True,0.00029666791670024395,-0.431640625,0.3937346339225769,True,0.9320781230926514
train-002061-c2d311c993169188,1,2,train,14038584020897796488,pointer,U,K,,,B,False,True,,,-10.9375,5.6875,0.02551648065583144,,K X D,K,,True,,-0.458984375,0.38722676038742065,,
train-002061-c2d311c993169188,1,3,train,14038584020897796488,pointer,U,X,,,B,False,True,,,-12.25,7.4375,0.005641123998061099,,X A D,X,,True,,-0.30859375,0.4234579801559448,,
train-002061-c2d311c993169188,1,4,train,14038584020897796488,pointer,U,A,,,B,False,True,,,-8.0625,2.25,0.32547347713879365,,A F X,X,,False,,0.032470703125,0.5081169605255127,,
train-002061-c2d311c993169188,1,5,train,14038584020897796488,pointer,U,A,,,B,False,True,,,-6.375,1.375,0.5545177184336264,,A F X,A,,True,,0.330078125,0.5817784070968628,,
train-002061-c2d311c993169188,1,6,train,14038584020897796488,pointer,U,A,,,B,False,True,,,-4.6875,0.75,0.8573988383034985,,A F X,A,,True,,0.578125,0.6406359076499939,,
train-002061-c2d311c993169188,1,7,train,14038584020897796488,pointer,U,A,,,B,False,True,,,-2.0625,0.3125,1.6808068993820662,,A F B,A,,True,,0.76953125,0.6834195256233215,,
train-002061-c2d311c993169188,1,8,train,14038584020897796488,pointer,U,A,,,B,False,True,,,-2.0625,0.1875,2.016530001547046,,A F X,A,,True,,0.94921875,0.7209580540657043,,
train-002061-c2d311c993169188,1,9,train,14038584020897796488,pointer,U,A,,,B,False,True,,,-1.8125,0.0625,2.1436271558188547,,A F X,X,,False,,1.1015625,0.7505527138710022,,
train-002061-c2d311c993169188,1,10,train,14038584020897796488,pointer,U,A,,,B,False,True,,,-1.5625,0.125,2.366299137615958,,A F X,X,,False,,1.2109375,0.7704647779464722,,
train-002061-c2d311c993169188,1,11,train,14038584020897796488,pointer,U,A,,,B,False,True,,,-1.5625,0.1875,2.402978284465107,,A F X,X,,False,,1.28125,0.7826625108718872,,
train-002061-c2d311c993169188,1,12,train,14038584020897796488,pointer,U,A,,,B,False,True,,,-1.625,0.25,2.3934562419342966,,A F X,X,,False,,1.3125,0.7879312038421631,,
train-021745-58b55edc60d51af4,2,1,train,6392119546732681972,pointer,V,Z,Z,True,T,False,False,1.4305104514278355e-06,15.0,-19.09375,15.0,2.4655315356993012e-05,1,Z X Q,Z,True,True,4.565611743601039e-05,-0.46875,0.3849121630191803,False,0.48599016666412354
train-021745-58b55edc60d51af4,2,2,train,6392119546732681972,pointer,V,T,T,True,T,True,False,7.152301259338856e-05,9.625,9.625,9.625,0.000785645669188326,1,T B C,T,True,True,0.0026611413341015577,-0.4921875,0.37937837839126587,True,0.9692212343215942
train-021745-58b55edc60d51af4,2,3,train,6392119546732681972,pointer,V,B,,,T,False,True,,,-11.625,6.0625,0.030167779404494673,,B C H,M,,False,,-0.2734375,0.43206343054771423,,
train-021745-58b55edc60d51af4,2,4,train,6392119546732681972,pointer,V,H,,,T,False,True,,,-7.0625,1.6875,0.7573396254245298,,H N F,H,,True,,0.0947265625,0.5236639380455017,,
train-021745-58b55edc60d51af4,2,5,train,6392119546732681972,pointer,V,H,,,T,False,True,,,-3.5625,0.0,2.187367418123369,,H N M,V,,False,,0.46484375,0.6141626238822937,,
train-021745-58b55edc60d51af4,2,6,train,6392119546732681972,pointer,V,N,,,T,False,True,,,-1.8125,0.0625,2.9452977347574327,,N H F,P,,False,,0.84375,0.6992544531822205,,
train-021745-58b55edc60d51af4,2,7,train,6392119546732681972,pointer,V,J,,,T,False,True,,,-0.375,0.0625,3.2420141054391713,,J G B,M,,False,,1.09375,0.7490872144699097,,
train-021745-58b55edc60d51af4,2,8,train,6392119546732681972,pointer,V,B,,,T,False,True,,,-0.1875,0.0625,3.2475319379953858,,B J K,K,,False,,1.21875,0.7718434929847717,,
train-021745-58b55edc60d51af4,2,9,train,6392119546732681972,pointer,V,B,,,T,False,True,,,-0.1875,0.0,3.2458237210936587,,B J V,K,,False,,1.28125,0.7826625108718872,,
train-021745-58b55edc60d51af4,2,10,train,6392119546732681972,pointer,V,B,,,T,False,True,,,-0.25,0.0625,3.245370805147935,,B J V,K,,False,,1.3125,0.7879312038421631,,
train-021745-58b55edc60d51af4,2,11,train,6392119546732681972,pointer,V,B,,,T,False,True,,,-0.1875,0.0,3.2442885905147496,,B J V,K,,False,,1.328125,0.7905303239822388,,
train-021745-58b55edc60d51af4,2,12,train,6392119546732681972,pointer,V,B,,,T,False,True,,,-0.1875,0.0,3.244069894884843,,B J V,K,,False,,1.34375,0.793105959892273,,
train-024518-66e0df9bb1707859,3,1,train,7413170846441699417,pointer,X,Z,Z,True,F,False,False,1.3708974620385561e-05,12.25,-18.6875,12.25,0.00019230531618781316,1,Z R D,Z,True,True,2.3483953555114567e-05,-0.51171875,0.3747906982898712,False,0.46966880559921265
train-024518-66e0df9bb1707859,3,2,train,7413170846441699417,pointer,X,P,P,True,F,False,False,4.0411134250462055e-05,11.0,-11.0,11.0,0.0005332429168408218,1,P F C,P,True,True,0.06726445257663727,-0.62109375,0.34953272342681885,False,0.43006432056427
train-024518-66e0df9bb1707859,3,3,train,7413170846441699417,pointer,X,F,F,True,F,True,False,0.0021779644303023815,6.5,6.5,6.5,0.017850056404439138,1,F X Z,P,False,False,3.772566318511963,-0.314453125,0.42202815413475037,True,0.8626832365989685
train-024518-66e0df9bb1707859,3,4,train,7413170846441699417,pointer,X,E,,,F,False,True,,,-3.875,0.5,1.1189288754109172,,E X Z,E,,True,,0.10302734375,0.5257341265678406,,
train-024518-66e0df9bb1707859,3,5,train,7413170846441699417,pointer,X,E,,,F,False,True,,,-2.5,0.75,1.5115166967844424,,E X Z,E,,True,,0.470703125,0.61555016040802,,
train-024518-66e0df9bb1707859,3,6,train,7413170846441699417,pointer,X,E,,,F,False,True,,,-0.6875,0.6875,2.2838395347128517,,E F X,P,,False,,0.76171875,0.6817268133163452,,
train-024518-66e0df9bb1707859,3,7,train,7413170846441699417,pointer,X,E,,,F,False,True,,,-0.5,0.5,2.348213633175043,,E F Z,P,,False,,0.98046875,0.7272012233734131,,
train-024518-66e0df9bb1707859,3,8,train,7413170846441699417,pointer,X,E,,,F,False,True,,,-0.4375,0.4375,2.322398256852854,,E F Z,P,,False,,1.1171875,0.7534666657447815,,
train-024518-66e0df9bb1707859,3,9,train,7413170846441699417,pointer,X,E,,,F,False,True,,,-0.4375,0.4375,2.2916211429359956,,E F Z,P,,False,,1.1875,0.7662936449050903,,
train-024518-66e0df9bb1707859,3,10,train,7413170846441699417,pointer,X,E,,,F,False,True,,,-0.375,0.375,2.287913972596156,,E F Z,P,,False,,1.2265625,0.7732163667678833,,
train-024518-66e0df9bb1707859,3,11,train,7413170846441699417,pointer,X,E,,,F,False,True,,,-0.375,0.375,2.2618956211854275,,E F Z,P,,False,,1.25,0.7772998809814453,,
train-024518-66e0df9bb1707859,3,12,train,7413170846441699417,pointer,X,E,,,F,False,True,,,-0.375,0.375,2.2717758555373013,,E F Z,P,,False,,1.2578125,0.7786493301391602,,
train-035184-285d48899940e5a1,4,1,train,2908560690170095009,pointer,M,Z,Z,True,U,False,False,1.4305104514278355e-06,14.4375,-18.875,14.4375,2.526604507500218e-05,1,Z X R,Z,True,True,5.781483559985645e-05,-0.55078125,0.3656831681728363,False,0.4552067518234253
train-035184-285d48899940e5a1,4,2,train,2908560690170095009,pointer,M,C,C,True,U,False,False,0.00022587609419133514,8.6875,-15.4375,8.6875,0.0023415065789167775,1,C I D,C,True,True,0.005355535075068474,-0.58203125,0.3584653437137604,False,0.4438920021057129
train-035184-285d48899940e5a1,4,3,train,2908560690170095009,pointer,M,I,I,True,U,False,False,3.1470757676288486e-05,11.375,-14.1875,11.375,0.00043249126636148426,1,I A B,B,False,False,4.00499153137207,-0.408203125,0.3993430435657501,False,0.5097313523292542
train-035184-285d48899940e5a1,4,4,train,2908560690170095009,pointer,M,U,U,True,U,True,False,0.21653445065021515,1.5,1.5,1.5,0.570242414093252,1,U T I,U,True,True,1.3146235942840576,-0.09228515625,0.47694507241249084,True,0.7403539419174194
train-035184-285d48899940e5a1,4,5,train,2908560690170095009,pointer,M,U,,,U,True,True,,,0.125,0.125,2.1110665687217263,,U T I,U,,True,,0.27734375,0.5688949227333069,,
train-035184-285d48899940e5a1,4,6,train,2908560690170095009,pointer,M,T,,,U,False,True,,,-0.375,0.375,2.7541524477062085,,T U D,V,,False,,0.62890625,0.6522414088249207,,
train-035184-285d48899940e5a1,4,7,train,2908560690170095009,pointer,M,T,,,U,False,True,,,-0.375,0.375,2.9655874822608634,,T U D,O,,False,,0.9609375,0.7233095169067383,,
train-035184-285d48899940e5a1,4,8,train,2908560690170095009,pointer,M,T,,,U,False,True,,,-0.1875,0.1875,3.184334129728699,,T U D,B,,False,,1.1328125,0.7563575506210327,,
train-035184-285d48899940e5a1,4,9,train,2908560690170095009,pointer,M,T,,,U,False,True,,,-0.25,0.25,3.1937400797399307,,T U D,B,,False,,1.2265625,0.7732163667678833,,
train-035184-285d48899940e5a1,4,10,train,2908560690170095009,pointer,M,T,,,U,False,True,,,-0.25,0.25,3.174044364312248,,T U D,B,,False,,1.2734375,0.7813306450843811,,
train-035184-285d48899940e5a1,4,11,train,2908560690170095009,pointer,M,T,,,U,False,True,,,-0.3125,0.3125,3.1581879676423537,,T U D,B,,False,,1.3046875,0.7866228222846985,,
train-035184-285d48899940e5a1,4,12,train,2908560690170095009,pointer,M,T,,,U,False,True,,,-0.25,0.25,3.15501195009416,,T U D,B,,False,,1.3203125,0.7892336845397949,,
train-015151-5a91fc41fae73eb8,5,1,train,6526274695349092024,pointer,Y,U,U,True,B,False,False,5.006777428206988e-06,13.15625,-15.0625,13.15625,7.7836609317374e-05,1,U V T,U,True,True,0.00018499570433050394,-0.6328125,0.34687307476997375,False,0.4259837865829468
train-015151-5a91fc41fae73eb8,5,2,train,6526274695349092024,pointer,Y,A,A,True,B,False,False,0.0011188682401552796,6.8125,-11.75,6.8125,0.008853783520491397,1,A P B,A,True,True,0.0005436849314719439,-0.6171875,0.35042136907577515,False,0.4314314126968384
train-015151-5a91fc41fae73eb8,5,3,train,6526274695349092024,pointer,Y,P,P,True,B,False,False,0.0038486472330987453,7.0625,-8.75,7.0625,0.0351610841164954,1,P W M,P,True,True,0.05901610851287842,-0.51953125,0.3729618489742279,False,0.4667479395866394
train-015151-5a91fc41fae73eb8,5,4,train,6526274695349092024,pointer,Y,W,W,True,B,False,False,0.0021476317197084427,7.4375,-8.0625,7.4375,0.020610862294930376,1,W P G,P,False,False,4.23431396484375,-0.216796875,0.44601210951805115,False,0.5906123518943787
train-015151-5a91fc41fae73eb8,5,5,train,6526274695349092024,pointer,Y,B,B,True,B,True,False,0.33511024713516235,1.25,1.25,1.25,0.8564652021415662,1,B W E,B,True,True,1.8468738794326782,0.1923828125,0.547947883605957,True,0.6015750169754028
train-015151-5a91fc41fae73eb8,5,6,train,6526274695349092024,pointer,Y,B,,,B,True,True,,,1.1875,1.1875,1.7125621476384072,,B E G,B,,True,,0.578125,0.6406359076499939,,
train-015151-5a91fc41fae73eb8,5,7,train,6526274695349092024,pointer,Y,B,,,B,True,True,,,1.0,1.0,2.9109827365165026,,B E Q,B,,True,,0.91796875,0.7146279811859131,,
train-015151-5a91fc41fae73eb8,5,8,train,6526274695349092024,pointer,Y,Q,,,B,False,True,,,-0.25,0.25,3.181814772368138,,Q B Y,Q,,True,,1.1015625,0.7505527138710022,,
train-015151-5a91fc41fae73eb8,5,9,train,6526274695349092024,pointer,Y,Q,,,B,False,True,,,-0.375,0.25,3.1805880659016257,,Q Y B,Q,,True,,1.1953125,0.7676898241043091,,
train-015151-5a91fc41fae73eb8,5,10,train,6526274695349092024,pointer,Y,Q,,,B,False,True,,,-0.375,0.1875,3.165597395731095,,Q Y B,Q,,True,,1.25,0.7772998809814453,,
train-015151-5a91fc41fae73eb8,5,11,train,6526274695349092024,pointer,Y,Q,,,B,False,True,,,-0.3125,0.0625,3.15416228267241,,Q Y B,Y,,False,,1.2734375,0.7813306450843811,,
train-015151-5a91fc41fae73eb8,5,12,train,6526274695349092024,pointer,Y,Y,,,B,False,True,,,-0.375,0.0625,3.1370677358992896,,Y Q J,Y,,True,,1.2890625,0.7839884757995605,,
train-005837-e176bcc34fcb5b38,6,1,train,16246380252829014840,pointer,D,P,P,True,V,False,False,2.90866428258596e-05,11.25,-15.71875,11.25,0.00038795582415798025,1,P L C,P,True,True,2.4676019165781327e-05,-0.66796875,0.33895182609558105,False,0.4139285087585449
train-005837-e176bcc34fcb5b38,6,2,train,16246380252829014840,pointer,D,L,L,True,V,False,False,2.5033637939486653e-05,11.8125,-14.65625,11.8125,0.0003461518707222123,1,L I C,L,True,True,0.006221096031367779,-0.62109375,0.34953272342681885,False,0.43006432056427
train-005837-e176bcc34fcb5b38,6,3,train,16246380252829014840,pointer,D,F,F,True,V,False,False,0.0003071551618631929,9.375,-10.1875,9.375,0.0035815292376140274,1,F B V,U,False,False,3.0798697471618652,-0.365234375,0.40969306230545044,False,0.527112603187561
train-005837-e176bcc34fcb5b38,6,4,train,16246380252829014840,pointer,D,B,B,True,V,False,False,0.3516678512096405,1.5,-2.0,1.5,1.0163543652488176,1,B Y V,C,False,False,2.9410152435302734,0.1640625,0.5409238934516907,False,0.77853924036026
train-005837-e176bcc34fcb5b38,6,5,train,16246380252829014840,pointer,D,B,Y,False,V,False,False,2.4891750812530518,-0.625,-0.6875,0.375,2.830485968708427,4,B C L,D,False,False,3.4126312732696533,0.62890625,0.6522414088249207,False,1.0562467575073242
train-005837-e176bcc34fcb5b38,6,6,train,16246380252829014840,pointer,D,L,V,False,V,False,False,3.191138505935669,-0.5625,-0.5625,0.1875,3.2160025968512,11,L C B,D,False,False,3.2554123401641846,0.95703125,0.722527027130127,True,0.32500046491622925
train-005837-e176bcc34fcb5b38,6,7,train,16246380252829014840,pointer,D,L,,,V,False,True,,,-0.25,0.125,3.2449954045376823,,L B D,B,,False,,1.1328125,0.7563575506210327,,
train-005837-e176bcc34fcb5b38,6,8,train,16246380252829014840,pointer,D,L,,,V,False,True,,,-0.5,0.25,3.237149077927796,,L D N,B,,False,,1.21875,0.7718434929847717,,
train-005837-e176bcc34fcb5b38,6,9,train,16246380252829014840,pointer,D,L,,,V,False,True,,,-0.5625,0.25,3.2326726069956506,,L D F,B,,False,,1.265625,0.7799928784370422,,
train-005837-e176bcc34fcb5b38,6,10,train,16246380252829014840,pointer,D,L,,,V,False,True,,,-0.5625,0.3125,3.22887748519051,,L D B,B,,False,,1.296875,0.7853085398674011,,
train-005837-e176bcc34fcb5b38,6,11,train,16246380252829014840,pointer,D,L,,,V,False,True,,,-0.625,0.3125,3.2265377010218685,,L D F,B,,False,,1.3125,0.7879312038421631,,
train-005837-e176bcc34fcb5b38,6,12,train,16246380252829014840,pointer,D,L,,,V,False,True,,,-0.625,0.375,3.2264179834316753,,L D F,B,,False,,1.3203125,0.7892336845397949,,
train-007467-5e3ed60da32ede03,8,1,train,6791100642181963267,pointer,X,G,G,True,B,False,False,2.4318398573086597e-05,11.1875,-15.5,11.1875,0.0003234224971872767,1,G R L,G,True,True,0.00031549722189083695,-0.6015625,0.35398629307746887,False,0.43693459033966064
train-007467-5e3ed60da32ede03,8,2,train,6791100642181963267,pointer,X,U,U,True,B,False,False,4.410734163684538e-06,13.875,-15.9375,13.875,7.148544238740569e-05,1,U T D,U,True,True,0.0028911717236042023,-0.59375,0.3557748794555664,False,0.43970704078674316
train-007467-5e3ed60da32ede03,8,3,train,6791100642181963267,pointer,X,L,L,True,B,False,False,0.0014680571621283889,7.5,-10.375,7.5,0.014382654673286465,1,L D M,L,True,True,2.3500735759735107,-0.34765625,0.4139508903026581,False,0.5343517065048218
train-007467-5e3ed60da32ede03,8,4,train,6791100642181963267,pointer,X,D,D,True,B,False,False,0.02441330999135971,3.875,-7.4375,3.875,0.1349727218185106,1,D C R,D,True,True,1.7438654899597168,-0.001129150390625,0.49971774220466614,False,0.6925827860832214
train-007467-5e3ed60da32ede03,8,5,train,6791100642181963267,pointer,X,C,C,True,B,False,False,1.2967653274536133,0.375,-2.5625,0.375,2.406699888025183,1,C Q H,D,False,False,3.097045660018921,0.427734375,0.6053325533866882,False,0.9297116994857788
train-007467-5e3ed60da32ede03,8,6,train,6791100642181963267,pointer,X,V,Q,False,B,False,False,3.625365734100342,-1.125,-0.8125,0.125,3.190561699721736,23,V D R,H,False,False,3.438436508178711,0.8046875,0.6909762620925903,False,1.1743372678756714
train-007467-5e3ed60da32ede03,8,7,train,6791100642181963267,pointer,X,G,H,False,B,False,False,3.3291890621185303,-0.3125,-0.0625,0.0,3.249483974635505,17,G V B,B,False,False,3.1926167011260986,1.046875,0.740174412727356,False,1.3477444648742676
train-007467-5e3ed60da32ede03,8,8,train,6791100642181963267,pointer,X,G,B,False,B,False,False,3.087127685546875,-0.0625,-0.0625,0.0,3.2488312077979273,3,G Q B,B,True,False,2.9352996349334717,1.1796875,0.7648916244506836,True,0.2680211365222931
train-007467-5e3ed60da32ede03,8,9,train,6791100642181963267,pointer,X,Q,,,B,False,True,,,-0.125,0.0625,3.248363425427254,,Q G B,B,,False,,1.25,0.7772998809814453,,
train-007467-5e3ed60da32ede03,8,10,train,6791100642181963267,pointer,X,G,,,B,False,True,,,-0.0625,0.0,3.2488486164569172,,G Q B,B,,False,,1.2890625,0.7839884757995605,,
train-007467-5e3ed60da32ede03,8,11,train,6791100642181963267,pointer,X,G,,,B,False,True,,,-0.125,0.0,3.2466335361242646,,G Q K,B,,False,,1.3125,0.7879312038421631,,
train-007467-5e3ed60da32ede03,8,12,train,6791100642181963267,pointer,X,G,,,B,False,True,,,-0.125,0.0,3.2470191450817256,,G Q B,B,,False,,1.328125,0.7905303239822388,,
train-001096-afd3f792c3f400f4,10,1,train,12669742386448171252,pointer,M,N,N,True,V,False,False,3.862306402879767e-05,11.65625,-14.90625,11.65625,0.0005081423182620368,1,N R Q,N,True,True,0.0006211258587427437,-0.5078125,0.3757064640522003,False,0.47113466262817383
train-001096-afd3f792c3f400f4,10,2,train,12669742386448171252,pointer,M,B,B,True,V,False,False,1.537788011773955e-05,11.8125,-16.0,11.8125,0.00021073479526476915,1,B C O,B,True,True,0.002280374988913536,-0.578125,0.3593641221523285,False,0.4452941417694092
train-001096-afd3f792c3f400f4,10,3,train,12669742386448171252,pointer,M,O,O,True,V,False,False,0.00025686301523819566,10.125,-14.53125,10.125,0.0030828147598381725,1,O N A,O,True,True,0.8123454451560974,-0.369140625,0.40874868631362915,False,0.5255141258239746
train-001096-afd3f792c3f400f4,10,4,train,12669742386448171252,pointer,M,E,E,True,V,False,False,0.010523187927901745,5.4375,-7.375,5.4375,0.08179532285864087,1,E S W,R,False,False,3.5689802169799805,-0.109375,0.47268348932266235,False,0.6399542689323425
train-001096-afd3f792c3f400f4,10,5,train,12669742386448171252,pointer,M,S,S,True,V,False,False,0.6770287156105042,0.9375,-4.125,0.9375,1.6415882815029916,1,S A P,E,False,False,3.9991815090179443,0.216796875,0.5539879202842712,False,0.8074092268943787
train-001096-afd3f792c3f400f4,10,6,train,12669742386448171252,pointer,M,T,A,False,V,False,False,4.424020767211914,-2.4375,-0.0625,0.0625,2.9145598339410896,25,T V E,O,False,False,3.1593503952026367,0.64453125,0.6557770371437073,False,1.0664656162261963
train-001096-afd3f792c3f400f4,10,7,train,12669742386448171252,pointer,M,E,P,False,V,False,False,3.407076835632324,-0.9375,-0.4375,0.375,3.209159869228731,18,E I V,P,True,False,2.9599769115448,0.9609375,0.7233095169067383,False,1.284855604171753
train-001096-afd3f792c3f400f4,10,8,train,12669742386448171252,pointer,M,E,C,False,V,False,False,3.313405752182007,-0.4375,-0.3125,0.1875,3.2439075400231654,18,E M Q,B,False,False,3.544083833694458,1.125,0.7549149990081787,False,1.4061501026153564
train-001096-afd3f792c3f400f4,10,9,train,12669742386448171252,pointer,M,E,T,False,V,False,False,3.135806083679199,-0.375,-0.4375,0.3125,3.23859021330785,7,E M Q,B,False,False,3.3607120513916016,1.21875,0.7718434929847717,False,1.477723479270935
train-001096-afd3f792c3f400f4,10,10,train,12669742386448171252,pointer,M,E,V,False,V,False,False,3.180429220199585,-0.5,-0.5,0.375,3.2343954025967134,10,E M Q,B,False,False,3.299276828765869,1.2734375,0.7813306450843811,True,0.2467568814754486
train-001096-afd3f792c3f400f4,10,11,train,12669742386448171252,pointer,M,E,,,V,False,True,,,-0.5,0.375,3.2334831369427364,,E M B,B,,False,,1.3046875,0.7866228222846985,,
train-001096-afd3f792c3f400f4,10,12,train,12669742386448171252,pointer,M,E,,,V,False,True,,,-0.5625,0.4375,3.2328139669203053,,E M Q,B,,False,,1.3203125,0.7892336845397949,,
train-029762-5ead6e74952c175c,12,1,train,6822230457534125916,pointer,C,D,D,True,B,False,False,2.288792165927589e-05,11.15625,-12.875,11.15625,0.00030375364045925895,1,D C B,D,True,True,0.00010394509445177391,-0.62109375,0.34953272342681885,False,0.43006432056427
train-029762-5ead6e74952c175c,12,2,train,6822230457534125916,pointer,C,S,S,True,B,False,False,0.0038784535136073828,5.5625,-13.59375,5.5625,0.02573682686314277,1,S H D,S,True,True,0.021792124956846237,-0.56640625,0.36206647753715515,False,0.44952118396759033
train-029762-5ead6e74952c175c,12,3,train,6822230457534125916,pointer,C,H,H,True,B,False,False,0.0011753087164834142,6.9375,-12.4375,6.9375,0.010226120881670258,1,H X L,O,False,False,3.453618288040161,-0.255859375,0.43638181686401367,False,0.5733782649040222
train-029762-5ead6e74952c175c,12,4,train,6822230457534125916,pointer,C,X,X,True,B,False,False,0.43237701058387756,0.75,-7.0625,0.75,0.8939320102475863,1,X N H,X,True,True,1.883046269416809,0.1884765625,0.5469801425933838,False,0.7918193340301514
train-029762-5ead6e74952c175c,12,5,train,6822230457534125916,pointer,C,V,N,False,B,False,False,2.850653886795044,-1.0,-2.1875,0.1875,2.814873630635526,6,V E Q,Q,False,False,3.8901333808898926,0.53125,0.6297746300697327,False,0.9936432838439941
train-029762-5ead6e74952c175c,12,6,train,6822230457534125916,pointer,C,Q,R,False,B,False,False,4.833808422088623,-4.5625,-4.8125,1.8125,1.03989320507158,6,Q K X,Q,False,True,3.1654915809631348,0.77734375,0.6851073503494263,False,1.1555235385894775
train-029762-5ead6e74952c175c,12,7,train,6822230457534125916,pointer,C,Q,G,False,B,False,False,5.666061878204346,-5.3125,-6.0625,0.9375,0.7567973150002673,3,Q K G,Q,False,True,3.7161195278167725,0.88671875,0.7082125544548035,False,1.2317297458648682
train-029762-5ead6e74952c175c,12,8,train,6822230457534125916,pointer,C,Q,P,False,B,False,False,8.851316452026367,-8.5625,-7.1875,1.125,0.6197872022828089,21,Q K G,Q,False,True,3.737185478210449,0.93359375,0.7178038358688354,False,1.2651526927947998
train-029762-5ead6e74952c175c,12,9,train,6822230457534125916,pointer,C,Q,T,False,B,False,False,9.583553314208984,-9.28125,-7.5,1.0625,0.616361830983816,23,Q K G,Q,False,True,3.9585814476013184,0.94921875,0.7209580540657043,False,1.276393175125122
train-029762-5ead6e74952c175c,12,10,train,6822230457534125916,pointer,C,Q,J,False,B,False,False,7.660246849060059,-7.375,-7.8125,1.125,0.5930477316967528,4,Q K G,Q,False,True,3.2524843215942383,0.94921875,0.7209580540657043,False,1.276393175125122
train-029762-5ead6e74952c175c,12,11,train,6822230457534125916,pointer,C,Q,L,False,B,False,False,8.847295761108398,-8.5625,-7.875,1.125,0.5894921282749067,10,Q K G,Q,False,True,4.223339080810547,0.94140625,0.7193835973739624,False,1.2707667350769043
train-029762-5ead6e74952c175c,12,12,train,6822230457534125916,pointer,C,Q,B,False,B,False,False,8.222203254699707,-7.9375,-7.9375,1.125,0.5887596278803724,7,Q K G,Q,False,True,2.6653761863708496,0.9375,0.7185943722724915,True,0.3304581940174103
train-017631-0c0e1af9e4d5891d,1,1,train,868661438717462813,pointer,K,W,W,True,W,True,False,3.099436753473128e-06,13.34375,13.34375,13.34375,5.047605645193634e-05,1,W V D,W,True,True,0.0004418112221173942,-0.396484375,0.4021573066711426,True,0.9109119772911072
train-017631-0c0e1af9e4d5891d,1,2,train,868661438717462813,pointer,K,L,,,W,False,True,,,-14.5625,10.0,0.0014012302177077009,,L T C,L,,True,,-0.466796875,0.38537469506263733,,
train-017631-0c0e1af9e4d5891d,1,3,train,868661438717462813,pointer,K,T,,,W,False,True,,,-11.9375,7.3125,0.011165111925242846,,T C S,U,,False,,-0.310546875,0.42298123240470886,,
train-017631-0c0e1af9e4d5891d,1,4,train,868661438717462813,pointer,K,C,,,W,False,True,,,-6.5,0.8125,1.021938345784571,,C O T,C,,True,,0.12451171875,0.5310877561569214,,
train-017631-0c0e1af9e4d5891d,1,5,train,868661438717462813,pointer,K,C,,,W,False,True,,,-2.3125,0.6875,2.9014007669659465,,C O R,D,,False,,0.55078125,0.6343168616294861,,
train-017631-0c0e1af9e4d5891d,1,6,train,868661438717462813,pointer,K,R,,,W,False,True,,,-1.125,0.3125,3.197467672752798,,R E G,D,,False,,0.90234375,0.7114308476448059,,
train-017631-0c0e1af9e4d5891d,1,7,train,868661438717462813,pointer,K,K,,,W,False,True,,,-0.625,0.0625,3.2399656335790263,,K G D,B,,False,,1.1015625,0.7505527138710022,,
train-017631-0c0e1af9e4d5891d,1,8,train,868661438717462813,pointer,K,K,,,W,False,True,,,-0.625,0.125,3.241376790957388,,K D G,B,,False,,1.2109375,0.7704647779464722,,
train-017631-0c0e1af9e4d5891d,1,9,train,868661438717462813,pointer,K,K,,,W,False,True,,,-0.6875,0.1875,3.23939628184842,,K D G,B,,False,,1.265625,0.7799928784370422,,
train-017631-0c0e1af9e4d5891d,1,10,train,868661438717462813,pointer,K,K,,,W,False,True,,,-0.75,0.1875,3.236409430464503,,K D G,B,,False,,1.296875,0.7853085398674011,,
train-017631-0c0e1af9e4d5891d,1,11,train,868661438717462813,pointer,K,K,,,W,False,True,,,-0.75,0.1875,3.235840296541518,,K D G,B,,False,,1.3125,0.7879312038421631,,
train-017631-0c0e1af9e4d5891d,1,12,train,868661438717462813,pointer,K,K,,,W,False,True,,,-0.75,0.25,3.234831996254777,,K D G,B,,False,,1.328125,0.7905303239822388,,
train-034921-ba5b9a7ba9e212de,2,1,train,13428496569857086174,pointer,J,W,W,True,Z,False,False,6.794906312279636e-06,13.15625,-15.15625,13.15625,0.00010216948910174766,1,W D V,W,True,True,0.00013767725613433868,-0.5625,0.36296918988227844,False,0.45093727111816406
train-034921-ba5b9a7ba9e212de,2,2,train,13428496569857086174,pointer,J,Z,Z,True,Z,True,False,0.0010981488740071654,6.875,6.875,6.875,0.008878388262062938,1,Z C D,Z,True,True,0.0005011494504287839,-0.50390625,0.37662312388420105,True,0.9765102863311768
train-034921-ba5b9a7ba9e212de,2,3,train,13428496569857086174,pointer,J,C,,,Z,False,True,,,-12.5625,6.8125,0.010112812414853093,,C U D,O,,False,,-0.2001953125,0.45011767745018005,,
train-034921-ba5b9a7ba9e212de,2,4,train,13428496569857086174,pointer,J,U,,,Z,False,True,,,-2.3125,1.6875,0.7405640317924957,,U C Z,C,,False,,0.1943359375,0.5484316945075989,,
train-034921-ba5b9a7ba9e212de,2,5,train,13428496569857086174,pointer,J,C,,,Z,False,True,,,-0.6875,0.375,2.0239193044390036,,C V Z,Z,,False,,0.58203125,0.6415346264839172,,
train-034921-ba5b9a7ba9e212de,2,6,train,13428496569857086174,pointer,J,V,,,Z,False,True,,,-1.0,0.125,2.0935949869948542,,V C I,V,,True,,0.86328125,0.703345775604248,,
train-034921-ba5b9a7ba9e212de,2,7,train,13428496569857086174,pointer,J,C,,,Z,False,True,,,-0.875,0.0625,2.0666126318014753,,C V E,V,,False,,1.03125,0.7371581792831421,,
train-034921-ba5b9a7ba9e212de,2,8,train,13428496569857086174,pointer,J,C,,,Z,False,True,,,-0.875,0.0625,2.0219753288502647,,C V E,V,,False,,1.1328125,0.7563575506210327,,
train-034921-ba5b9a7ba9e212de,2,9,train,13428496569857086174,pointer,J,C,,,Z,False,True,,,-0.875,0.0,2.008369740970052,,C V E,V,,False,,1.1875,0.7662936449050903,,
train-034921-ba5b9a7ba9e212de,2,10,train,13428496569857086174,pointer,J,C,,,Z,False,True,,,-0.9375,0.0,1.9986692054559034,,C V E,V,,False,,1.21875,0.7718434929847717,,
train-034921-ba5b9a7ba9e212de,2,11,train,13428496569857086174,pointer,J,V,,,Z,False,True,,,-1.0,0.0625,1.9831737068694895,,V C E,V,,True,,1.234375,0.7745833992958069,,
train-034921-ba5b9a7ba9e212de,2,12,train,13428496569857086174,pointer,J,C,,,Z,False,True,,,-1.0,0.0,1.9776566336486954,,C V E,V,,False,,1.25,0.7772998809814453,,
train-023258-7662a793ea592b7a,3,1,train,8530564897926884218,pointer,A,M,M,True,L,False,False,3.290122185717337e-05,11.75,-12.96875,11.75,0.0004569899780823192,1,M R C,M,True,True,0.0008279233006760478,-0.5234375,0.3720487952232361,False,0.4652928113937378
train-023258-7662a793ea592b7a,3,2,train,8530564897926884218,pointer,A,G,G,True,L,False,False,0.0006338732782751322,8.0,-10.0625,8.0,0.006432773089054338,1,G E C,G,True,True,0.00127877457998693,-0.57421875,0.36026397347450256,False,0.4466996192932129
train-023258-7662a793ea592b7a,3,3,train,8530564897926884218,pointer,A,L,L,True,L,True,False,0.0025049042887985706,6.6875,6.6875,6.6875,0.022331915748952602,1,L V D,V,False,False,2.4758968353271484,-0.396484375,0.4021573066711426,True,0.9109119772911072
train-023258-7662a793ea592b7a,3,4,train,8530564897926884218,pointer,A,F,,,L,False,True,,,-5.8125,2.125,0.39910966752180643,,F D L,D,,False,,0.07421875,0.5185461640357971,,
train-023258-7662a793ea592b7a,3,5,train,8530564897926884218,pointer,A,N,,,L,False,True,,,-2.8125,0.0,1.8424286131483854,,N R D,D,,False,,0.5078125,0.6242935657501221,,
train-023258-7662a793ea592b7a,3,6,train,8530564897926884218,pointer,A,N,,,L,False,True,,,-3.0625,0.25,2.011594649104366,,N R M,D,,False,,0.84765625,0.7000752091407776,,
train-023258-7662a793ea592b7a,3,7,train,8530564897926884218,pointer,A,N,,,L,False,True,,,-2.8125,0.25,2.069039860186752,,N R M,N,,True,,1.0546875,0.74167400598526,,
train-023258-7662a793ea592b7a,3,8,train,8530564897926884218,pointer,A,N,,,L,False,True,,,-2.375,0.0625,2.170822845295662,,N M R,N,,True,,1.171875,0.7634837031364441,,
train-023258-7662a793ea592b7a,3,9,train,8530564897926884218,pointer,A,M,,,L,False,True,,,-2.25,0.1875,2.232446084629081,,M N R,N,,False,,1.2265625,0.7732163667678833,,
train-023258-7662a793ea592b7a,3,10,train,8530564897926884218,pointer,A,M,,,L,False,True,,,-2.1875,0.3125,2.284095718505482,,M N R,N,,False,,1.265625,0.7799928784370422,,
train-023258-7662a793ea592b7a,3,11,train,8530564897926884218,pointer,A,M,,,L,False,True,,,-2.1875,0.4375,2.3399550602460835,,M R G,N,,False,,1.2890625,0.7839884757995605,,
train-023258-7662a793ea592b7a,3,12,train,8530564897926884218,pointer,A,M,,,L,False,True,,,-2.125,0.375,2.4366599976540035,,M G Z,I,,False,,1.296875,0.7853085398674011,,
train-003846-77a1b1fc3e664ee7,4,1,train,8620366858700607207,pointer,S,W,W,True,D,False,False,2.622600959512056e-06,14.28125,-14.3125,14.28125,4.246996094977877e-05,1,W V D,W,True,True,0.0008062449633143842,-0.60546875,0.35309353470802307,False,0.43555355072021484
train-003846-77a1b1fc3e664ee7,4,2,train,8620366858700607207,pointer,S,C,C,True,D,False,False,0.00011789103882620111,9.1875,-11.9375,9.1875,0.0012631537210245124,1,C G D,C,True,True,0.0021735632326453924,-0.578125,0.3593641221523285,False,0.4452941417694092
train-003846-77a1b1fc3e664ee7,4,3,train,8620366858700607207,pointer,S,G,G,True,D,False,False,0.0011606630869209766,6.9375,-6.9375,6.9375,0.010024300973028874,1,G D B,B,False,False,2.6758038997650146,-0.40234375,0.4007493853569031,False,0.5120753049850464
train-003846-77a1b1fc3e664ee7,4,4,train,8620366858700607207,pointer,S,G,D,False,D,False,False,1.4237784147262573,-0.6875,-0.6875,0.6875,1.4418193238467951,2,G D L,H,False,False,3.1763992309570312,0.048828125,0.5122045874595642,True,0.6690310835838318
train-003846-77a1b1fc3e664ee7,4,5,train,8620366858700607207,pointer,S,G,,,D,False,True,,,-0.5625,0.375,2.600979972640384,,G L D,H,,False,,0.51171875,0.6252092719078064,,
train-003846-77a1b1fc3e664ee7,4,6,train,8620366858700607207,pointer,S,L,,,D,False,True,,,-1.5,0.125,3.054728026190116,,L K E,D,,False,,0.890625,0.709019124507904,,
train-003846-77a1b1fc3e664ee7,4,7,train,8620366858700607207,pointer,S,L,,,D,False,True,,,-0.8125,0.25,3.21679068265205,,L K B,K,,False,,1.109375,0.7520126104354858,,
train-003846-77a1b1fc3e664ee7,4,8,train,8620366858700607207,pointer,S,L,,,D,False,True,,,-0.8125,0.25,3.2103702174123923,,L K N,K,,False,,1.2265625,0.7732163667678833,,
train-003846-77a1b1fc3e664ee7,4,9,train,8620366858700607207,pointer,S,L,,,D,False,True,,,-0.9375,0.3125,3.1930609765355045,,L K N,K,,False,,1.2890625,0.7839884757995605,,
train-003846-77a1b1fc3e664ee7,4,10,train,8620366858700607207,pointer,S,L,,,D,False,True,,,-1.0,0.375,3.1818927727571036,,L K N,K,,False,,1.3203125,0.7892336845397949,,
train-003846-77a1b1fc3e664ee7,4,11,train,8620366858700607207,pointer,S,L,,,D,False,True,,,-1.125,0.375,3.1712895205026275,,L K N,K,,False,,1.34375,0.793105959892273,,
train-003846-77a1b1fc3e664ee7,4,12,train,8620366858700607207,pointer,S,L,,,D,False,True,,,-1.0625,0.375,3.175686844442223,,L K N,K,,False,,1.3515625,0.7943849563598633,,
train-010822-e426975e2bc53ca7,5,1,train,16439993920479640743,pointer,N,H,H,True,R,False,False,5.602820692729438e-06,13.4375,-15.15625,13.4375,8.719600766830619e-05,1,H D L,H,True,True,0.0004059444472659379,-0.5078125,0.3757064640522003,False,0.47113466262817383
train-010822-e426975e2bc53ca7,5,2,train,16439993920479640743,pointer,N,E,E,True,R,False,False,4.792098479811102e-05,10.875,-14.1875,10.875,0.0006191570144758884,1,E C D,E,True,True,0.0005726366653107107,-0.56640625,0.36206647753715515,False,0.44952118396759033
train-010822-e426975e2bc53ca7,5,3,train,16439993920479640743,pointer,N,P,P,True,R,False,False,0.03014862909913063,3.5,-9.75,3.5,0.13688711419359403,1,P T S,B,False,False,3.0094261169433594,-0.30078125,0.42536652088165283,False,0.5540228486061096
train-010822-e426975e2bc53ca7,5,4,train,16439993920479640743,pointer,N,T,T,True,R,False,False,0.01679026149213314,4.4375,-4.4375,4.4375,0.10877331926865388,1,T R P,P,False,False,2.8404839038848877,0.053955078125,0.5134854912757874,False,0.7204885482788086
train-010822-e426975e2bc53ca7,5,5,train,16439993920479640743,pointer,N,P,R,False,R,False,False,2.235738515853882,-0.5,-0.5,0.0625,2.5444520582256103,4,P A L,A,False,False,3.0315070152282715,0.4765625,0.6169358491897583,True,0.4829902946949005
train-010822-e426975e2bc53ca7,5,6,train,16439993920479640743,pointer,N,A,,,R,False,True,,,-0.6875,0.0,3.116866108888635,,A P T,P,,False,,0.83984375,0.6984323263168335,,
train-010822-e426975e2bc53ca7,5,7,train,16439993920479640743,pointer,N,G,,,R,False,True,,,-0.3125,0.125,3.2449462866106376,,G B P,B,,False,,1.078125,0.7461389899253845,,
train-010822-e426975e2bc53ca7,5,8,train,16439993920479640743,pointer,N,B,,,R,False,True,,,-0.3125,0.0,3.247093546861164,,B G Q,B,,True,,1.2109375,0.7704647779464722,,
train-010822-e426975e2bc53ca7,5,9,train,16439993920479640743,pointer,N,B,,,R,False,True,,,-0.25,0.0,3.247909556115066,,B G Q,B,,True,,1.28125,0.7826625108718872,,
train-010822-e426975e2bc53ca7,5,10,train,16439993920479640743,pointer,N,B,,,R,False,True,,,-0.25,0.0,3.247255765563991,,B G Q,B,,True,,1.3203125,0.7892336845397949,,
train-010822-e426975e2bc53ca7,5,11,train,16439993920479640743,pointer,N,B,,,R,False,True,,,-0.25,0.0,3.247301352347585,,B G Q,B,,True,,1.34375,0.793105959892273,,
train-010822-e426975e2bc53ca7,5,12,train,16439993920479640743,pointer,N,B,,,R,False,True,,,-0.25,0.0,3.247357062550649,,B G Q,B,,True,,1.359375,0.7956580519676208,,
train-021839-a8126bab7a20118d,6,1,train,12110860732185186701,pointer,V,V,V,True,V,True,False,3.576214658096433e-05,10.625,10.625,10.625,0.0004498277119127431,1,V D R,V,True,True,0.00038211196078918874,-0.45703125,0.38769033551216125,False,0.49051713943481445
train-021839-a8126bab7a20118d,6,2,train,12110860732185186701,pointer,V,V,V,True,V,True,False,3.659658250398934e-05,10.6875,10.6875,10.6875,0.00046728389132609326,1,V D Z,V,True,True,0.0007856381707824767,-0.3984375,0.4016878008842468,False,0.5136426091194153
train-021839-a8126bab7a20118d,6,3,train,12110860732185186701,pointer,V,V,V,True,V,True,False,5.602820692729438e-06,13.0625,13.0625,13.0625,8.5910148795564e-05,1,V D P,V,True,True,1.619297981262207,-0.2080078125,0.4481847584247589,False,0.5945419669151306
train-021839-a8126bab7a20118d,6,4,train,12110860732185186701,pointer,V,V,V,True,V,True,False,1.5616295058862306e-05,11.625,11.625,11.625,0.000216100505017047,1,V D F,V,True,True,1.0877286195755005,-0.0203857421875,0.49490371346473694,False,0.683006227016449
train-021839-a8126bab7a20118d,6,5,train,12110860732185186701,pointer,V,V,V,True,V,True,False,1.1444026313256472e-05,12.25,12.25,12.25,0.00016463043578918293,1,V D F,V,True,True,1.2424473762512207,0.15234375,0.5380124449729919,False,0.772217333316803
train-021839-a8126bab7a20118d,6,6,train,12110860732185186701,pointer,V,V,V,True,V,True,False,1.0251946150674485e-05,12.6875,12.6875,12.6875,0.00015087306539846119,1,V F D,V,True,True,1.6411890983581543,0.341796875,0.5846269726753235,True,0.536781370639801
train-021839-a8126bab7a20118d,6,7,train,12110860732185186701,pointer,V,V,,,V,True,True,,,6.0625,6.0625,0.027968066155849368,,V U F,U,,False,,0.51953125,0.6270381808280945,,
train-021839-a8126bab7a20118d,6,8,train,12110860732185186701,pointer,V,V,,,V,True,True,,,4.875,4.875,0.20082963844262178,,V U F,U,,False,,0.76171875,0.6817268133163452,,
train-021839-a8126bab7a20118d,6,9,train,12110860732185186701,pointer,V,V,,,V,True,True,,,3.5,3.5,0.4657674511268381,,V U A,U,,False,,0.9609375,0.7233095169067383,,
train-021839-a8126bab7a20118d,6,10,train,12110860732185186701,pointer,V,V,,,V,True,True,,,2.8125,2.8125,0.5071996340319267,,V A O,U,,False,,1.1171875,0.7534666657447815,,
train-021839-a8126bab7a20118d,6,11,train,12110860732185186701,pointer,V,V,,,V,True,True,,,3.0625,3.0625,0.40402539466718607,,V A H,Z,,False,,1.21875,0.7718434929847717,,
train-021839-a8126bab7a20118d,6,12,train,12110860732185186701,pointer,V,V,,,V,True,True,,,3.5,3.5,0.30652426419932277,,V A H,H,,False,,1.2734375,0.7813306450843811,,
train-012543-834c2b5c27b34d3a,8,1,train,9460984592001617210,pointer,N,Y,Y,True,K,False,False,1.0847986231965479e-05,11.75,-18.0625,11.75,0.0001475552442410072,1,Y R Z,Y,True,True,0.0008086272282525897,-0.466796875,0.38537469506263733,False,0.48674237728118896
train-012543-834c2b5c27b34d3a,8,2,train,9460984592001617210,pointer,N,Z,Z,True,K,False,False,1.4066597032069694e-05,11.875,-17.65625,11.875,0.00019321044986116262,1,Z C T,Z,True,True,0.0006281548412516713,-0.51171875,0.3747906982898712,False,0.46966880559921265
train-012543-834c2b5c27b34d3a,8,3,train,9460984592001617210,pointer,N,T,T,True,K,False,False,0.0002669931564014405,9.4375,-12.375,9.4375,0.003181295001380356,1,T C D,O,False,False,4.221613883972168,-0.32421875,0.4196479320526123,False,0.5441204309463501
train-012543-834c2b5c27b34d3a,8,4,train,9460984592001617210,pointer,N,C,C,True,K,False,False,0.1454610675573349,1.875,-12.28125,1.875,0.4119935025620855,1,C G T,C,True,True,1.8139299154281616,0.08349609375,0.5208619236946106,False,0.7357664108276367
train-012543-834c2b5c27b34d3a,8,5,train,9460984592001617210,pointer,N,C,G,False,K,False,False,0.7149763107299805,0.0,-7.75,0.0,0.8264719517629098,2,C G B,B,False,False,3.503389835357666,0.49609375,0.621540904045105,False,0.9716472625732422
train-012543-834c2b5c27b34d3a,8,6,train,9460984592001617210,pointer,N,C,R,False,K,False,False,4.188102722167969,-2.8125,-4.0,0.0625,2.008706638816747,6,C G B,B,False,False,3.291170358657837,0.81640625,0.6934729218482971,False,1.1824493408203125
train-012543-834c2b5c27b34d3a,8,7,train,9460984592001617210,pointer,N,I,M,False,K,False,False,3.299208164215088,-1.6875,-2.3125,0.5,2.8817779101698884,9,I A B,I,False,True,3.5667216777801514,1.0234375,0.735641598701477,False,1.3304497003555298
train-012543-834c2b5c27b34d3a,8,8,train,9460984592001617210,pointer,N,I,K,False,K,False,False,3.51088809967041,-1.25,-1.25,0.5,3.173455018403828,17,I A G,I,False,True,3.2046525478363037,1.171875,0.7634837031364441,True,0.26986342668533325
train-012543-834c2b5c27b34d3a,8,9,train,9460984592001617210,pointer,N,N,,,K,False,True,,,-0.5625,0.125,3.2322109148719185,,N G I,O,,False,,1.25,0.7772998809814453,,
train-012543-834c2b5c27b34d3a,8,10,train,9460984592001617210,pointer,N,N,,,K,False,True,,,-0.5,0.0625,3.236331920432088,,N G B,O,,False,,1.28125,0.7826625108718872,,
train-012543-834c2b5c27b34d3a,8,11,train,9460984592001617210,pointer,N,N,,,K,False,True,,,-0.5,0.0625,3.2331003737835924,,N G B,O,,False,,1.296875,0.7853085398674011,,
train-012543-834c2b5c27b34d3a,8,12,train,9460984592001617210,pointer,N,G,,,K,False,True,,,-0.5,0.0,3.2332224872957402,,G N I,O,,False,,1.3046875,0.7866228222846985,,
train-028564-75bd4b6667af7a64,10,1,train,8484020176234183268,pointer,B,P,P,True,E,False,False,6.794906312279636e-06,12.625,-16.3125,12.625,0.00010091698443156249,1,P Q C,P,True,True,0.00011622230522334576,-0.59375,0.3557748794555664,False,0.43970704078674316
train-028564-75bd4b6667af7a64,10,2,train,8484020176234183268,pointer,B,M,M,True,E,False,False,9.250213042832911e-05,10.0625,-15.09375,10.0625,0.0011379842466579298,1,M O P,M,True,True,0.002313320292159915,-0.65625,0.3415825068950653,False,0.41791605949401855
train-028564-75bd4b6667af7a64,10,3,train,8484020176234183268,pointer,B,O,O,True,E,False,False,0.00033706706017255783,8.875,-12.0,8.875,0.003798977748904284,1,O Q D,M,False,False,2.6297008991241455,-0.412109375,0.39840641617774963,False,0.5081732273101807
train-028564-75bd4b6667af7a64,10,4,train,8484020176234183268,pointer,B,Q,Q,True,E,False,False,0.766250729560852,0.1875,-4.375,0.1875,1.418718078580048,1,Q D C,Q,True,True,2.2586967945098877,0.0595703125,0.5148881673812866,False,0.7233758568763733
train-028564-75bd4b6667af7a64,10,5,train,8484020176234183268,pointer,B,H,D,False,E,False,False,1.5750811100006104,-0.8125,-4.0,0.8125,1.8601809766639839,2,H D M,Q,False,False,2.5501670837402344,0.462890625,0.6136996746063232,False,0.9511401653289795
train-028564-75bd4b6667af7a64,10,6,train,8484020176234183268,pointer,B,H,H,True,E,False,False,0.41788750886917114,2.625,-4.3125,2.625,1.6657233430965113,1,H K M,Q,False,False,2.354588508605957,0.75,0.6791787147521973,False,1.136871099472046
train-028564-75bd4b6667af7a64,10,7,train,8484020176234183268,pointer,B,H,K,False,E,False,False,2.1540603637695312,-1.1875,-3.25,1.1875,2.4082382781679166,2,H K L,H,False,True,3.882249593734741,0.95703125,0.722527027130127,False,1.282031774520874
train-028564-75bd4b6667af7a64,10,8,train,8484020176234183268,pointer,B,L,V,False,E,False,False,2.001572608947754,0.0,-2.0625,0.0,2.8830488416056745,2,L V K,H,False,False,3.2402141094207764,1.125,0.7549149990081787,False,1.4061501026153564
train-028564-75bd4b6667af7a64,10,9,train,8484020176234183268,pointer,B,V,L,False,E,False,False,2.464294195175171,-0.125,-1.3125,0.125,3.1434814140446647,2,V L B,H,False,False,3.466712713241577,1.2578125,0.7786493301391602,False,1.5080070495605469
train-028564-75bd4b6667af7a64,10,10,train,8484020176234183268,pointer,B,B,E,False,E,False,False,3.3929412364959717,-0.625,-0.625,0.0,3.2347695860783956,17,B Q M,B,False,True,3.322481632232666,1.3203125,0.7892336845397949,True,0.23669280111789703
train-028564-75bd4b6667af7a64,10,11,train,8484020176234183268,pointer,B,Q,,,E,False,True,,,-0.5625,0.0625,3.238527478658899,,Q B D,B,,False,,1.34375,0.793105959892273,,
train-028564-75bd4b6667af7a64,10,12,train,8484020176234183268,pointer,B,Q,,,E,False,True,,,-0.625,0.0625,3.2320471823163817,,Q B D,B,,False,,1.34375,0.793105959892273,,
train-023165-f27f1ac5fcee0813,12,1,train,17473714516875151379,pointer,D,K,K,True,G,False,False,4.362964682513848e-05,11.28125,-13.28125,11.28125,0.0005737785696961644,1,K F B,K,True,True,0.00029416524921543896,-0.55859375,0.3638729155063629,False,0.45235681533813477
train-023165-f27f1ac5fcee0813,12,2,train,17473714516875151379,pointer,D,F,F,True,G,False,False,1.3112935448589269e-05,12.625,-14.375,12.625,0.0001943826485891251,1,F C T,F,True,True,0.0017314456636086106,-0.51953125,0.3729618489742279,False,0.4667479395866394
train-023165-f27f1ac5fcee0813,12,3,train,17473714516875151379,pointer,D,V,V,True,G,False,False,0.0002022777043748647,10.375,-12.5625,10.375,0.002498783671164757,1,V J D,F,False,False,3.875026226043701,-0.322265625,0.4201236963272095,False,0.5449404716491699
train-023165-f27f1ac5fcee0813,12,4,train,17473714516875151379,pointer,D,P,P,True,G,False,False,0.2570594847202301,1.6875,-6.125,1.6875,0.7496864503296488,1,P V Q,R,False,False,3.0745949745178223,0.023193359375,0.5057981014251709,False,0.7048110961914062
train-023165-f27f1ac5fcee0813,12,5,train,17473714516875151379,pointer,D,Q,Q,True,G,False,False,1.0096242427825928,0.625,-4.375,0.625,2.1650275868990234,1,Q P O,D,False,False,3.6437482833862305,0.40625,0.6001883149147034,False,0.9167617559432983
train-023165-f27f1ac5fcee0813,12,6,train,17473714516875151379,pointer,D,I,U,False,G,False,False,1.9622983932495117,-0.875,-3.4375,0.6875,2.175009369370598,3,I X U,U,True,False,1.936193585395813,0.6796875,0.6636689305305481,False,1.089659333229065
train-023165-f27f1ac5fcee0813,12,7,train,17473714516875151379,pointer,D,I,J,False,G,False,False,2.698852777481079,-1.25,-1.8125,0.625,2.838116445547659,3,I X J,U,False,False,2.9605698585510254,0.94921875,0.7209580540657043,False,1.276393175125122
train-023165-f27f1ac5fcee0813,12,8,train,17473714516875151379,pointer,D,G,I,False,G,True,False,3.395677089691162,-0.625,0.0,0.0,3.216275849833359,14,G V K,B,False,False,3.173443555831909,1.1640625,0.7620701193809509,False,1.4357792139053345
train-023165-f27f1ac5fcee0813,12,9,train,17473714516875151379,pointer,D,K,X,False,G,False,False,3.561523914337158,-0.75,-0.125,0.125,3.230578807400277,25,K G S,K,False,True,3.3364083766937256,1.265625,0.7799928784370422,False,1.514095425605774
train-023165-f27f1ac5fcee0813,12,10,train,17473714516875151379,pointer,D,K,Y,False,G,False,False,3.5101475715637207,-0.75,-0.1875,0.125,3.224042753675612,21,K S V,K,False,True,3.2201433181762695,1.3203125,0.7892336845397949,False,1.5570052862167358
train-023165-f27f1ac5fcee0813,12,11,train,17473714516875151379,pointer,D,K,C,False,G,False,False,3.603604555130005,-0.875,-0.1875,0.0,3.2116427147795537,21,K V S,K,False,True,3.4827687740325928,1.34375,0.793105959892273,False,1.5755484104156494
train-023165-f27f1ac5fcee0813,12,12,train,17473714516875151379,pointer,D,K,G,False,G,False,False,2.9078989028930664,-0.1875,-0.1875,0.0,3.207533303719411,4,K S V,B,False,False,3.2509045600891113,1.3515625,0.7943849563598633,True,0.23018710315227509
train-029871-67b857cb3a4ad356,1,1,train,7473820111989298006,pointer,Y,E,E,True,E,True,False,0.00046266341814771295,8.8125,8.8125,8.8125,0.004896372678266636,1,E C D,E,True,True,0.00031156453769654036,-0.353515625,0.41253018379211426,True,0.8854459524154663
train-029871-67b857cb3a4ad356,1,2,train,7473820111989298006,pointer,Y,R,,,E,False,True,,,-15.09375,5.25,0.032927101255041946,,R M D,R,,True,,-0.498046875,0.37799978256225586,,
train-029871-67b857cb3a4ad356,1,3,train,7473820111989298006,pointer,Y,M,,,E,False,True,,,-11.8125,8.4375,0.008727105857986079,,M L N,R,,False,,-0.263671875,0.4344612956047058,,
train-029871-67b857cb3a4ad356,1,4,train,7473820111989298006,pointer,Y,M,,,E,False,True,,,-7.75,0.125,1.0193717599744614,,M T K,F,,False,,0.1220703125,0.5304797887802124,,
train-029871-67b857cb3a4ad356,1,5,train,7473820111989298006,pointer,Y,T,,,E,False,True,,,-3.9375,0.375,2.072775681562442,,T K Q,T,,True,,0.52734375,0.6288633942604065,,
train-029871-67b857cb3a4ad356,1,6,train,7473820111989298006,pointer,Y,T,,,E,False,True,,,-2.5,0.4375,2.4120476051331146,,T K M,T,,True,,0.85546875,0.7017130851745605,,
train-029871-67b857cb3a4ad356,1,7,train,7473820111989298006,pointer,Y,T,,,E,False,True,,,-2.0,0.75,2.4606593719797467,,T M R,P,,False,,1.0625,0.7431680560112,,
train-029871-67b857cb3a4ad356,1,8,train,7473820111989298006,pointer,Y,T,,,E,False,True,,,-2.0625,0.6875,2.3884426684466855,,T M R,Q,,False,,1.171875,0.7634837031364441,,
train-029871-67b857cb3a4ad356,1,9,train,7473820111989298006,pointer,Y,T,,,E,False,True,,,-2.125,0.6875,2.3571212131665438,,T M R,Q,,False,,1.234375,0.7745833992958069,,
train-029871-67b857cb3a4ad356,1,10,train,7473820111989298006,pointer,Y,T,,,E,False,True,,,-2.125,0.6875,2.3485562512438753,,T M R,Q,,False,,1.265625,0.7799928784370422,,
train-029871-67b857cb3a4ad356,1,11,train,7473820111989298006,pointer,Y,T,,,E,False,True,,,-2.1875,0.6875,2.335973199514554,,T M R,Q,,False,,1.28125,0.7826625108718872,,
train-029871-67b857cb3a4ad356,1,12,train,7473820111989298006,pointer,Y,T,,,E,False,True,,,-2.25,0.75,2.335597211099144,,T M R,Q,,False,,1.2890625,0.7839884757995605,,
train-003367-3209c55cf82ad8de,2,1,train,3605629979778013406,pointer,G,T,T,True,O,False,False,2.7418097943154862e-06,14.1875,-19.0,14.1875,4.18843779648124e-05,1,T R W,T,True,True,0.0003134713042527437,-0.54296875,0.3674972355365753,False,0.4580707550048828
train-003367-3209c55cf82ad8de,2,2,train,3605629979778013406,pointer,G,O,O,True,O,True,False,9.297892393078655e-05,9.5,9.5,9.5,0.0010345591554956988,1,O Q P,O,True,True,0.0010021670022979379,-0.56640625,0.36206647753715515,True,1.0159274339675903
train-003367-3209c55cf82ad8de,2,3,train,3605629979778013406,pointer,G,Q,,,O,False,True,,,-14.3125,10.6875,0.0012607820009734663,,Q N P,B,,False,,-0.314453125,0.42202815413475037,,
train-003367-3209c55cf82ad8de,2,4,train,3605629979778013406,pointer,G,N,,,O,False,True,,,-8.9375,3.25,0.24917958941836202,,N Q V,N,,True,,0.036865234375,0.509215235710144,,
train-003367-3209c55cf82ad8de,2,5,train,3605629979778013406,pointer,G,N,,,O,False,True,,,-3.1875,0.8125,2.4803416637488684,,N L B,E,,False,,0.392578125,0.5969031453132629,,
train-003367-3209c55cf82ad8de,2,6,train,3605629979778013406,pointer,G,N,,,O,False,True,,,-2.625,0.8125,2.824608026205116,,N V P,O,,False,,0.7421875,0.6774740219116211,,
train-003367-3209c55cf82ad8de,2,7,train,3605629979778013406,pointer,G,N,,,O,False,True,,,-1.125,0.5625,3.1844205448818057,,N G P,B,,False,,1.015625,0.7341195344924927,,
train-003367-3209c55cf82ad8de,2,8,train,3605629979778013406,pointer,G,G,,,O,False,True,,,-0.5,0.0,3.2390304271724455,,G Q N,B,,False,,1.171875,0.7634837031364441,,
train-003367-3209c55cf82ad8de,2,9,train,3605629979778013406,pointer,G,Q,,,O,False,True,,,-0.5625,0.0625,3.235623135774469,,Q G N,B,,False,,1.25,0.7772998809814453,,
train-003367-3209c55cf82ad8de,2,10,train,3605629979778013406,pointer,G,G,,,O,False,True,,,-0.5625,0.0,3.231824380220743,,G Q N,B,,False,,1.2890625,0.7839884757995605,,
train-003367-3209c55cf82ad8de,2,11,train,3605629979778013406,pointer,G,G,,,O,False,True,,,-0.5625,0.0,3.2320872219357533,,G Q N,B,,False,,1.3203125,0.7892336845397949,,
train-003367-3209c55cf82ad8de,2,12,train,3605629979778013406,pointer,G,G,,,O,False,True,,,-0.5625,0.0,3.2323158253949935,,G Q N,B,,False,,1.328125,0.7905303239822388,,
train-016841-cdf31b3615b95ae3,3,1,train,14840235116222569187,pointer,P,Y,Y,True,Z,False,False,3.6954811548639555e-06,13.25,-15.375,13.25,5.633446730102661e-05,1,Y R Q,Y,True,True,7.1403817855753e-05,-0.4375,0.3923368453979492,False,0.4981345534324646
train-016841-cdf31b3615b95ae3,3,2,train,14840235116222569187,pointer,P,N,N,True,Z,False,False,7.390948667307384e-06,13.3125,-15.25,13.3125,0.00011266133177277601,1,N O D,N,True,True,0.00266078463755548,-0.5234375,0.3720487952232361,False,0.4652928113937378
train-016841-cdf31b3615b95ae3,3,3,train,14840235116222569187,pointer,P,Z,Z,True,Z,True,False,0.06210654228925705,2.75,2.75,2.75,0.2289058728901714,1,Z R V,O,False,False,3.368415117263794,-0.361328125,0.41063809394836426,True,0.8900429606437683
train-016841-cdf31b3615b95ae3,3,4,train,14840235116222569187,pointer,P,R,,,Z,False,True,,,-0.25,0.25,1.393090072433987,,R Z M,P,,False,,0.10400390625,0.5259775519371033,,
train-016841-cdf31b3615b95ae3,3,5,train,14840235116222569187,pointer,P,B,,,Z,False,True,,,-0.625,0.4375,2.6727805823796933,,B M Z,B,,True,,0.57421875,0.6397360563278198,,
train-016841-cdf31b3615b95ae3,3,6,train,14840235116222569187,pointer,P,B,,,Z,False,True,,,-0.8125,0.0,3.11883380418832,,B M G,D,,False,,0.9375,0.7185943722724915,,
train-016841-cdf31b3615b95ae3,3,7,train,14840235116222569187,pointer,P,R,,,Z,False,True,,,0.0,0.0,3.2229153405627446,,R Z B,B,,False,,1.125,0.7549149990081787,,
train-016841-cdf31b3615b95ae3,3,8,train,14840235116222569187,pointer,P,R,,,Z,False,True,,,0.0,0.0,3.2044663850712656,,R Z M,N,,False,,1.21875,0.7718434929847717,,
train-016841-cdf31b3615b95ae3,3,9,train,14840235116222569187,pointer,P,Z,,,Z,True,True,,,0.0625,0.0625,3.166582694906647,,Z R M,N,,False,,1.2578125,0.7786493301391602,,
train-016841-cdf31b3615b95ae3,3,10,train,14840235116222569187,pointer,P,Z,,,Z,True,True,,,0.0625,0.0625,3.142330263916322,,Z R M,N,,False,,1.2734375,0.7813306450843811,,
train-016841-cdf31b3615b95ae3,3,11,train,14840235116222569187,pointer,P,Z,,,Z,True,True,,,0.0625,0.0625,3.1271408084834387,,Z R M,N,,False,,1.28125,0.7826625108718872,,
train-016841-cdf31b3615b95ae3,3,12,train,14840235116222569187,pointer,P,Z,,,Z,True,True,,,0.0625,0.0625,3.1088109199248,,Z R M,N,,False,,1.2890625,0.7839884757995605,,
train-028929-aed53e9833f9c666,4,1,train,12598044356066788966,pointer,B,N,N,True,T,False,False,2.169585604860913e-05,11.96875,-15.859375,11.96875,0.0003012862391288809,1,N Q D,N,True,True,0.00010692501382436603,-0.52734375,0.3711366057395935,False,0.4638412594795227
train-028929-aed53e9833f9c666,4,2,train,12598044356066788966,pointer,B,H,H,True,T,False,False,4.7444173105759546e-05,10.9375,-15.0625,10.9375,0.0006066820657739247,1,H X I,H,True,True,0.003987101837992668,-0.53125,0.37022536993026733,False,0.46239328384399414
train-028929-aed53e9833f9c666,4,3,train,12598044356066788966,pointer,B,U,U,True,T,False,False,0.00091856240760535,8.625,-8.625,8.625,0.009784672221390383,1,U A T,H,False,False,2.961825370788574,-0.369140625,0.40874868631362915,False,0.5255141258239746
train-028929-aed53e9833f9c666,4,4,train,12598044356066788966,pointer,B,T,T,True,T,True,False,0.2062906175851822,1.625,1.625,1.625,0.6090257553735118,1,T A U,T,True,True,1.9454659223556519,0.051025390625,0.5127536058425903,True,0.6679598689079285
train-028929-aed53e9833f9c666,4,5,train,12598044356066788966,pointer,B,S,,,T,False,True,,,-0.1875,0.1875,2.8993074205404006,,S T V,Z,,False,,0.470703125,0.61555016040802,,
train-028929-aed53e9833f9c666,4,6,train,12598044356066788966,pointer,B,T,,,T,True,True,,,0.0,0.0,3.1290377559711176,,T V A,D,,False,,0.828125,0.6959583163261414,,
train-028929-aed53e9833f9c666,4,7,train,12598044356066788966,pointer,B,B,,,T,False,True,,,-0.5,0.1875,3.2372854320936577,,B V G,B,,True,,1.078125,0.7461389899253845,,
train-028929-aed53e9833f9c666,4,8,train,12598044356066788966,pointer,B,B,,,T,False,True,,,-0.4375,0.3125,3.2417922971418456,,B N Q,N,,False,,1.2109375,0.7704647779464722,,
train-028929-aed53e9833f9c666,4,9,train,12598044356066788966,pointer,B,B,,,T,False,True,,,-0.375,0.3125,3.2413588256541246,,B N Q,N,,False,,1.2734375,0.7813306450843811,,
train-028929-aed53e9833f9c666,4,10,train,12598044356066788966,pointer,B,B,,,T,False,True,,,-0.375,0.3125,3.2387972986366615,,B N Q,B,,True,,1.3125,0.7879312038421631,,
train-028929-aed53e9833f9c666,4,11,train,12598044356066788966,pointer,B,B,,,T,False,True,,,-0.375,0.25,3.2397500878352408,,B Q N,B,,True,,1.328125,0.7905303239822388,,
train-028929-aed53e9833f9c666,4,12,train,12598044356066788966,pointer,B,B,,,T,False,True,,,-0.375,0.3125,3.2393738459451575,,B N Q,B,,True,,1.34375,0.793105959892273,,
train-001498-b9ff9c1a1c2b8105,5,1,train,13402602652033581317,pointer,X,L,L,True,B,False,False,7.271740287251305e-06,13.125,-13.84375,13.125,0.00010914720209982322,1,L C I,L,True,True,0.0001463782973587513,-0.50390625,0.37662312388420105,False,0.47260403633117676
train-001498-b9ff9c1a1c2b8105,5,2,train,13402602652033581317,pointer,X,V,V,True,B,False,False,1.0251946150674485e-05,13.1875,-17.78125,13.1875,0.00015460512761096703,1,V M C,V,True,True,0.0005504761938937008,-0.51953125,0.3729618489742279,False,0.4667479395866394
train-001498-b9ff9c1a1c2b8105,5,3,train,13402602652033581317,pointer,X,M,M,True,B,False,False,1.6093124941107817e-05,12.4375,-14.1875,12.4375,0.00023642005499840423,1,M W N,M,True,True,0.4981427788734436,-0.40625,0.39981165528297424,False,0.5105117559432983
train-001498-b9ff9c1a1c2b8105,5,4,train,13402602652033581317,pointer,X,W,W,True,B,False,False,0.3190631866455078,1.0,-1.0,1.0,0.6175615078529556,1,W B M,M,False,False,3.534837245941162,-0.158203125,0.4605315029621124,False,0.6171708703041077
train-001498-b9ff9c1a1c2b8105,5,5,train,13402602652033581317,pointer,X,B,B,True,B,True,False,0.7402965426445007,0.0,0.0,0.0,0.8980937264723834,1,B W M,M,False,False,3.235142230987549,0.2353515625,0.5585678219795227,True,0.5823792815208435
train-001498-b9ff9c1a1c2b8105,5,6,train,13402602652033581317,pointer,X,R,,,B,False,True,,,-0.6875,0.6875,1.753011298048187,,R B A,D,,False,,0.6328125,0.6531268954277039,,
train-001498-b9ff9c1a1c2b8105,5,7,train,13402602652033581317,pointer,X,A,,,B,False,True,,,-1.0625,0.375,3.050681359438857,,A R B,D,,False,,0.96875,0.7248703241348267,,
train-001498-b9ff9c1a1c2b8105,5,8,train,13402602652033581317,pointer,X,L,,,B,False,True,,,-0.0625,0.0625,3.2465922879266484,,L B G,B,,False,,1.1640625,0.7620701193809509,,
train-001498-b9ff9c1a1c2b8105,5,9,train,13402602652033581317,pointer,X,G,,,B,False,True,,,-0.0625,0.0,3.247109670464705,,G L Q,B,,False,,1.265625,0.7799928784370422,,
train-001498-b9ff9c1a1c2b8105,5,10,train,13402602652033581317,pointer,X,L,,,B,False,True,,,-0.0625,0.0,3.243997785456513,,L Q X,B,,False,,1.3125,0.7879312038421631,,
train-001498-b9ff9c1a1c2b8105,5,11,train,13402602652033581317,pointer,X,L,,,B,False,True,,,-0.125,0.0,3.2430962029505377,,L X G,B,,False,,1.34375,0.793105959892273,,
train-001498-b9ff9c1a1c2b8105,5,12,train,13402602652033581317,pointer,X,L,,,B,False,True,,,-0.0625,0.0,3.2431536391539693,,L X B,B,,False,,1.359375,0.7956580519676208,,
train-009185-0259c718e550a631,6,1,train,169385370743514673,pointer,I,S,S,True,F,False,False,0.0001817776501411572,8.75,-13.625,8.75,0.0018742056705540293,1,S R T,S,True,True,0.0005573864909820259,-0.5390625,0.36840569972991943,False,0.4595080614089966
train-009185-0259c718e550a631,6,2,train,169385370743514673,pointer,I,G,G,True,F,False,False,0.000910344475414604,7.75,-10.0,7.75,0.009016277005347972,1,G E H,G,True,True,0.002290603704750538,-0.5234375,0.3720487952232361,False,0.4652928113937378
train-009185-0259c718e550a631,6,3,train,169385370743514673,pointer,I,U,U,True,F,False,False,0.0001311216183239594,10.25,-13.8125,10.25,0.0016456179001855878,1,U T D,U,True,True,0.3061947524547577,-0.416015625,0.3974705636501312,False,0.5066187977790833
train-009185-0259c718e550a631,6,4,train,169385370743514673,pointer,I,H,H,True,F,False,False,0.1909131556749344,1.625,-8.4375,1.625,0.5241372575662797,1,H Z U,U,False,False,3.0778350830078125,-0.1650390625,0.4588336646556854,False,0.6140285730361938
train-009185-0259c718e550a631,6,5,train,169385370743514673,pointer,I,H,Z,False,F,False,False,1.4325437545776367,-1.0,-2.875,1.0,1.1084543244543175,2,H Z F,V,False,False,3.3234922885894775,0.255859375,0.5636181831359863,False,0.8292376399040222
train-009185-0259c718e550a631,6,6,train,169385370743514673,pointer,I,F,F,True,F,True,False,1.1073414087295532,0.6875,0.6875,0.6875,2.2076666438000663,1,F B V,F,True,True,2.620511531829834,0.6796875,0.6636689305305481,True,0.40997180342674255
train-009185-0259c718e550a631,6,7,train,169385370743514673,pointer,I,I,,,F,False,True,,,-1.5,0.3125,2.7641806102434976,,I B M,D,,False,,0.96484375,0.724090576171875,,
train-009185-0259c718e550a631,6,8,train,169385370743514673,pointer,I,I,,,F,False,True,,,-2.5625,0.5625,2.688017068361972,,I D P,I,,True,,1.1015625,0.7505527138710022,,
train-009185-0259c718e550a631,6,9,train,169385370743514673,pointer,I,I,,,F,False,True,,,-2.625,0.5,2.614101751439555,,I D P,I,,True,,1.1875,0.7662936449050903,,
train-009185-0259c718e550a631,6,10,train,169385370743514673,pointer,I,I,,,F,False,True,,,-2.5625,0.4375,2.6263930064214835,,I D P,I,,True,,1.2265625,0.7732163667678833,,
train-009185-0259c718e550a631,6,11,train,169385370743514673,pointer,I,I,,,F,False,True,,,-2.5625,0.4375,2.628195827291381,,I D P,I,,True,,1.2578125,0.7786493301391602,,
train-009185-0259c718e550a631,6,12,train,169385370743514673,pointer,I,I,,,F,False,True,,,-2.5625,0.4375,2.622994118113358,,I D P,E,,False,,1.2734375,0.7813306450843811,,
train-012210-97996b7238ffee47,8,1,train,10923880509490589255,pointer,R,Q,Q,True,V,False,False,8.344646857949556e-07,15.3125,-21.5673828125,15.3125,1.292314335826216e-05,1,Q A R,Q,True,True,0.0006697318749502301,-0.5859375,0.3575674891471863,False,0.4424935579299927
train-012210-97996b7238ffee47,8,2,train,10923880509490589255,pointer,R,M,M,True,V,False,False,7.915183232398704e-05,10.0625,-13.1875,10.0625,0.0009781916338323562,1,M U C,M,True,True,0.00271547376178205,-0.6171875,0.35042136907577515,False,0.4314314126968384
train-012210-97996b7238ffee47,8,3,train,10923880509490589255,pointer,R,U,U,True,V,False,False,0.011207837611436844,4.5625,-9.5,4.5625,0.06632483354006867,1,U Y X,M,False,False,2.4523568153381348,-0.392578125,0.4030968248844147,False,0.5160003900527954
train-012210-97996b7238ffee47,8,4,train,10923880509490589255,pointer,R,Y,Y,True,V,False,False,0.793678343296051,1.125,-3.3125,1.125,2.001240354909148,1,Y F B,E,False,False,3.5432848930358887,0.1201171875,0.5299932360649109,False,0.7550082206726074
train-012210-97996b7238ffee47,8,5,train,10923880509490589255,pointer,R,S,B,False,V,False,False,1.7612913846969604,-0.0625,-2.0625,0.0625,2.7132103032276147,2,S B C,V,False,False,3.1447808742523193,0.58203125,0.6415346264839172,False,1.025923252105713
train-012210-97996b7238ffee47,8,6,train,10923880509490589255,pointer,R,S,S,True,V,False,False,2.4056313037872314,0.25,-1.125,0.25,3.171834475029606,1,S C B,O,False,False,3.3905951976776123,0.9375,0.7185943722724915,False,1.267958164215088
train-012210-97996b7238ffee47,8,7,train,10923880509490589255,pointer,R,G,C,False,V,False,False,3.3201541900634766,-0.4375,-0.5,0.0,3.2413542673068316,14,G Q B,N,False,False,3.4405105113983154,1.1484375,0.7592254281044006,False,1.4238940477371216
train-012210-97996b7238ffee47,8,8,train,10923880509490589255,pointer,R,Q,V,False,V,False,False,3.370159864425659,-0.5625,-0.5625,0.125,3.239250494432009,17,Q G B,N,False,False,3.326228380203247,1.25,0.7772998809814453,True,0.2519291043281555
train-012210-97996b7238ffee47,8,9,train,10923880509490589255,pointer,R,Q,,,V,False,True,,,-0.5625,0.125,3.237045928396039,,Q G B,N,,False,,1.3125,0.7879312038421631,,
train-012210-97996b7238ffee47,8,10,train,10923880509490589255,pointer,R,Q,,,V,False,True,,,-0.5625,0.125,3.2369935788168256,,Q G B,N,,False,,1.34375,0.793105959892273,,
train-012210-97996b7238ffee47,8,11,train,10923880509490589255,pointer,R,Q,,,V,False,True,,,-0.5,0.0625,3.2384216719219876,,Q G J,N,,False,,1.359375,0.7956580519676208,,
train-012210-97996b7238ffee47,8,12,train,10923880509490589255,pointer,R,Q,,,V,False,True,,,-0.5625,0.1875,3.23654100913939,,Q G J,Q,,True,,1.3671875,0.7969253659248352,,
train-034999-4841f772dd44612d,10,1,train,5206714716927582509,pointer,N,R,R,True,U,False,False,1.7165990357170813e-05,11.75,-19.34375,11.75,0.00023985318849438993,1,R Q C,R,True,True,0.0002865380665753037,-0.5625,0.36296918988227844,False,0.45093727111816406
train-034999-4841f772dd44612d,10,2,train,5206714716927582509,pointer,N,H,H,True,U,False,False,1.5735502529423684e-05,12.375,-16.6875,12.375,0.000226099103978519,1,H L I,H,True,True,0.007476563099771738,-0.5234375,0.3720487952232361,False,0.4652928113937378
train-034999-4841f772dd44612d,10,3,train,5206714716927582509,pointer,N,G,G,True,U,False,False,0.49099665880203247,0.5,-7.9375,0.5,0.7504579001607449,1,G V H,H,False,False,2.7249820232391357,-0.33203125,0.4177464544773102,False,0.5408493280410767
train-034999-4841f772dd44612d,10,4,train,5206714716927582509,pointer,N,V,V,True,U,False,False,0.573586642742157,0.625,-8.0,0.625,1.1043215917662572,1,V G P,P,False,False,2.974005937576294,0.09033203125,0.522567629814148,False,0.7393328547477722
train-034999-4841f772dd44612d,10,5,train,5206714716927582509,pointer,N,O,P,False,U,False,False,1.8915622234344482,-0.5,-3.6875,0.375,2.399581879699128,3,O V P,D,False,False,3.0817277431488037,0.53515625,0.6306849718093872,False,0.9961051344871521
train-034999-4841f772dd44612d,10,6,train,5206714716927582509,pointer,N,O,O,True,U,False,False,2.2897255420684814,0.0,-1.5625,0.0,3.1429939634933857,1,O P V,D,False,False,2.982602119445801,0.8828125,0.7074047327041626,False,1.2289648056030273
train-034999-4841f772dd44612d,10,7,train,5206714716927582509,pointer,N,N,B,False,U,False,False,3.1700210571289062,-0.3125,-0.6875,0.0,3.2305895547574477,8,N P G,B,True,False,2.8530991077423096,1.078125,0.7461389899253845,False,1.3709683418273926
train-034999-4841f772dd44612d,10,8,train,5206714716927582509,pointer,N,M,W,False,U,False,False,3.4338817596435547,-0.5625,-0.75,0.0,3.2248096018607493,19,M N P,B,False,False,3.538665533065796,1.1796875,0.7648916244506836,False,1.4477086067199707
train-034999-4841f772dd44612d,10,9,train,5206714716927582509,pointer,N,M,L,False,U,False,False,3.0982284545898438,-0.3125,-0.875,0.0,3.213885332727178,7,M P N,B,False,False,3.4663259983062744,1.2265625,0.7732163667678833,False,1.4837589263916016
train-034999-4841f772dd44612d,10,10,train,5206714716927582509,pointer,N,M,U,False,U,False,False,3.714599370956421,-0.9375,-0.9375,0.0,3.21072219399271,24,M P N,B,False,False,3.229344129562378,1.25,0.7772998809814453,True,0.2519291043281555
train-034999-4841f772dd44612d,10,11,train,5206714716927582509,pointer,N,P,,,U,False,True,,,-1.0625,0.0625,3.204940238511984,,P M G,B,,False,,1.265625,0.7799928784370422,,
train-034999-4841f772dd44612d,10,12,train,5206714716927582509,pointer,N,P,,,U,False,True,,,-1.0,0.0625,3.2061859887172983,,P M N,B,,False,,1.2734375,0.7813306450843811,,
train-011564-7762883a563e37c9,12,1,train,8602588022367467465,pointer,E,N,N,True,T,False,False,2.6464111215318553e-05,11.9375,-15.78125,11.9375,0.0003627531780254855,1,N D Q,N,True,True,0.00017593742813915014,-0.52734375,0.3711366057395935,False,0.4638412594795227
train-011564-7762883a563e37c9,12,2,train,8602588022367467465,pointer,E,V,V,True,T,False,False,1.0132738680113107e-05,13.125,-14.3125,13.125,0.00015266178312113593,1,V Z D,V,True,True,0.0024873053189367056,-0.546875,0.3665897250175476,False,0.456636905670166
train-011564-7762883a563e37c9,12,3,train,8602588022367467465,pointer,E,M,M,True,T,False,False,0.11461532115936279,2.125,-2.125,2.125,0.35676342433978186,1,M T D,V,False,False,3.395244836807251,-0.310546875,0.42298123240470886,False,0.5498805046081543
train-011564-7762883a563e37c9,12,4,train,8602588022367467465,pointer,E,D,T,False,T,False,False,2.0554356575012207,-1.375,-1.375,1.0,1.3155675761202958,4,D M V,M,False,False,3.330925941467285,0.130859375,0.5326682329177856,False,0.7607158422470093
train-011564-7762883a563e37c9,12,5,train,8602588022367467465,pointer,E,T,D,False,T,True,False,1.1817660331726074,-0.1875,0.1875,0.1875,1.591126181413107,2,T D M,D,True,False,1.9643203020095825,0.5390625,0.6315943002700806,False,0.9985705614089966
train-011564-7762883a563e37c9,12,6,train,8602588022367467465,pointer,E,T,V,False,T,True,False,1.6835658550262451,-0.3125,0.3125,0.3125,2.300771011472688,2,T V D,D,False,False,2.841949701309204,0.87109375,0.7049732804298401,False,1.2206891775131226
train-011564-7762883a563e37c9,12,7,train,8602588022367467465,pointer,E,T,M,False,T,True,False,2.762418746948242,-1.5,0.5625,0.5625,2.304544118297434,5,T D V,D,False,False,3.4856314659118652,1.0625,0.7431680560112,False,1.3593331575393677
train-011564-7762883a563e37c9,12,8,train,8602588022367467465,pointer,E,T,T,True,T,True,False,1.2369039058685303,0.5,0.5,0.5,2.2757136525446575,1,T D V,D,False,False,3.27004075050354,1.15625,0.7606506943702698,False,1.4298310279846191
train-011564-7762883a563e37c9,12,9,train,8602588022367467465,pointer,E,T,D,False,T,True,False,1.6947665214538574,-0.5,0.5,0.5,2.234188908076204,2,T D V,D,True,False,2.3030459880828857,1.203125,0.7690802216529846,False,1.4656848907470703
train-011564-7762883a563e37c9,12,10,train,8602588022367467465,pointer,E,T,V,False,T,True,False,1.931225299835205,-0.75,0.5,0.5,2.2219164321559304,3,T D V,D,False,False,3.166717529296875,1.234375,0.7745833992958069,False,1.489804983139038
train-011564-7762883a563e37c9,12,11,train,8602588022367467465,pointer,E,T,M,False,T,True,False,2.809286117553711,-1.625,0.5,0.5,2.220292635473378,5,T D V,D,False,False,3.545583486557007,1.2421875,0.7759445905685425,False,1.4958617687225342
train-011564-7762883a563e37c9,12,12,train,8602588022367467465,pointer,E,T,T,True,T,True,False,1.1934683322906494,0.5,0.5,0.5,2.2351088772748224,1,T D V,D,False,False,3.291376829147339,1.2578125,0.7786493301391602,True,0.2501945197582245
train-009225-e6d88a97d91644e8,1,1,train,16634197608479737064,pointer,S,U,U,True,U,True,False,6.198863957251888e-06,13.15625,13.15625,13.15625,9.568440493020414e-05,1,U V F,U,True,True,0.0003251500893384218,-0.421875,0.39606815576553345,True,0.9261689186096191
train-009225-e6d88a97d91644e8,1,2,train,16634197608479737064,pointer,S,J,,,U,False,True,,,-13.3125,8.0625,0.004862542993244231,,J Y B,J,,True,,-0.466796875,0.38537469506263733,,
train-009225-e6d88a97d91644e8,1,3,train,16634197608479737064,pointer,S,Y,,,U,False,True,,,-9.8125,6.125,0.10356826832012601,,Y D B,Y,,True,,-0.37890625,0.4063906967639923,,
train-009225-e6d88a97d91644e8,1,4,train,16634197608479737064,pointer,S,W,,,U,False,True,,,-11.6875,3.25,0.16510670969906144,,W H Y,Y,,False,,-0.10400390625,0.47402241826057434,,
train-009225-e6d88a97d91644e8,1,5,train,16634197608479737064,pointer,S,H,,,U,False,True,,,-10.0625,5.5,0.07966869053701485,,H W I,V,,False,,0.251953125,0.5626571774482727,,
train-009225-e6d88a97d91644e8,1,6,train,16634197608479737064,pointer,S,I,,,U,False,True,,,-9.625,2.0,0.7751021592417653,,I H B,I,,True,,0.609375,0.6477982401847839,,
train-009225-e6d88a97d91644e8,1,7,train,16634197608479737064,pointer,S,B,,,U,False,True,,,-4.125,0.3125,2.366729480957849,,B N W,B,,True,,0.89453125,0.7098243832588196,,
train-009225-e6d88a97d91644e8,1,8,train,16634197608479737064,pointer,S,B,,,U,False,True,,,-1.3125,0.375,3.1640843775971743,,B N G,D,,False,,1.1328125,0.7563575506210327,,
train-009225-e6d88a97d91644e8,1,9,train,16634197608479737064,pointer,S,B,,,U,False,True,,,-0.5,0.125,3.2459152120377364,,B Q G,B,,True,,1.25,0.7772998809814453,,
train-009225-e6d88a97d91644e8,1,10,train,16634197608479737064,pointer,S,B,,,U,False,True,,,-0.5,0.0625,3.2474353450855573,,B Q G,B,,True,,1.3046875,0.7866228222846985,,
train-009225-e6d88a97d91644e8,1,11,train,16634197608479737064,pointer,S,B,,,U,False,True,,,-0.625,0.1875,3.2444117644192163,,B Q N,Q,,False,,1.3359375,0.7918210625648499,,
train-009225-e6d88a97d91644e8,1,12,train,16634197608479737064,pointer,S,B,,,U,False,True,,,-0.625,0.125,3.2448746150525545,,B Q N,Q,,False,,1.3515625,0.7943849563598633,,
train-001306-18fe11ce3b98c489,2,1,train,1800896478455579785,pointer,E,N,N,True,I,False,False,2.8729025871143676e-05,11.6875,-16.984375,11.6875,0.00039197434126689014,1,N D M,N,True,True,9.929640509653836e-05,-0.49609375,0.378459095954895,False,0.4755535125732422
train-001306-18fe11ce3b98c489,2,2,train,1800896478455579785,pointer,E,I,I,True,I,True,False,2.264974000354414e-06,14.75,14.75,14.75,3.791236346223568e-05,1,I E N,I,True,True,0.0020887479186058044,-0.60546875,0.35309353470802307,True,1.0410223007202148
train-001306-18fe11ce3b98c489,2,3,train,1800896478455579785,pointer,E,F,,,I,False,True,,,-11.0625,6.625,0.013237251642727571,,F A B,I,,False,,-0.3046875,0.42441198229789734,,
train-001306-18fe11ce3b98c489,2,4,train,1800896478455579785,pointer,E,A,,,I,False,True,,,-5.5,1.375,1.024960927787288,,A L F,A,,True,,0.17578125,0.543832540512085,,
train-001306-18fe11ce3b98c489,2,5,train,1800896478455579785,pointer,E,L,,,I,False,True,,,-1.75,0.0625,2.7997949975142506,,L A Q,A,,False,,0.62890625,0.6522414088249207,,
train-001306-18fe11ce3b98c489,2,6,train,1800896478455579785,pointer,E,L,,,I,False,True,,,-0.5,0.125,3.2171063892968803,,L B Q,D,,False,,0.97265625,0.7256485819816589,,
train-001306-18fe11ce3b98c489,2,7,train,1800896478455579785,pointer,E,Q,,,I,False,True,,,-0.4375,0.125,3.246519847464878,,Q B L,N,,False,,1.15625,0.7606506943702698,,
train-001306-18fe11ce3b98c489,2,8,train,1800896478455579785,pointer,E,Q,,,I,False,True,,,-0.4375,0.0625,3.2460455200619647,,Q B D,N,,False,,1.25,0.7772998809814453,,
train-001306-18fe11ce3b98c489,2,9,train,1800896478455579785,pointer,E,Q,,,I,False,True,,,-0.5,0.125,3.2444297618561304,,Q B D,N,,False,,1.3046875,0.7866228222846985,,
train-001306-18fe11ce3b98c489,2,10,train,1800896478455579785,pointer,E,Q,,,I,False,True,,,-0.5,0.0625,3.242868755419342,,Q B L,N,,False,,1.3359375,0.7918210625648499,,
train-001306-18fe11ce3b98c489,2,11,train,1800896478455579785,pointer,E,Q,,,I,False,True,,,-0.5,0.125,3.2436423326057517,,Q B L,N,,False,,1.3515625,0.7943849563598633,,
train-001306-18fe11ce3b98c489,2,12,train,1800896478455579785,pointer,E,Q,,,I,False,True,,,-0.5,0.0625,3.2435808049218533,,Q B L,N,,False,,1.359375,0.7956580519676208,,
train-016049-a073b77648266286,3,1,train,11561786387034694278,pointer,G,A,A,True,E,False,False,0.00010239553375868127,10.53125,-11.78125,10.53125,0.001295978454389864,1,A D C,A,True,True,7.116541382856667e-05,-0.515625,0.37387579679489136,False,0.468206524848938
train-016049-a073b77648266286,3,2,train,11561786387034694278,pointer,G,M,M,True,E,False,False,0.0002840353990904987,9.625,-12.0,9.625,0.0033845144294856523,1,M C F,M,True,True,0.0014421073719859123,-0.625,0.3486451208591461,False,0.42870068550109863
train-016049-a073b77648266286,3,3,train,11561786387034694278,pointer,G,E,E,True,E,True,False,0.00011514954530866817,10.75,10.75,10.75,0.001474335668872329,1,E F D,M,False,False,3.308960437774658,-0.3671875,0.40922078490257263,True,0.8935004472732544
train-016049-a073b77648266286,3,4,train,11561786387034694278,pointer,G,V,,,E,False,True,,,-7.875,0.875,0.8006411294745304,,V K Y,K,,False,,0.09912109375,0.5247600078582764,,
train-016049-a073b77648266286,3,5,train,11561786387034694278,pointer,G,I,,,E,False,True,,,-2.4375,0.125,2.3959021657268638,,I V W,V,,False,,0.478515625,0.6173973083496094,,
train-016049-a073b77648266286,3,6,train,11561786387034694278,pointer,G,B,,,E,False,True,,,-1.625,0.25,3.0941474209802258,,B P V,V,,False,,0.86328125,0.703345775604248,,
train-016049-a073b77648266286,3,7,train,11561786387034694278,pointer,G,B,,,E,False,True,,,-0.75,0.1875,3.2170556506118775,,B G P,B,,True,,1.1171875,0.7534666657447815,,
train-016049-a073b77648266286,3,8,train,11561786387034694278,pointer,G,B,,,E,False,True,,,-0.4375,0.0625,3.244394351385857,,B G Y,B,,True,,1.2421875,0.7759445905685425,,
train-016049-a073b77648266286,3,9,train,11561786387034694278,pointer,G,B,,,E,False,True,,,-0.375,0.0,3.245369115504055,,B G Y,B,,True,,1.296875,0.7853085398674011,,
train-016049-a073b77648266286,3,10,train,11561786387034694278,pointer,G,B,,,E,False,True,,,-0.4375,0.0,3.242050289933423,,B G Y,B,,True,,1.3359375,0.7918210625648499,,
train-016049-a073b77648266286,3,11,train,11561786387034694278,pointer,G,B,,,E,False,True,,,-0.4375,0.0,3.241990221984962,,B G Y,B,,True,,1.3515625,0.7943849563598633,,
train-016049-a073b77648266286,3,12,train,11561786387034694278,pointer,G,B,,,E,False,True,,,-0.4375,0.0,3.241476616521811,,B G Y,B,,True,,1.359375,0.7956580519676208,,
train-010893-54a61a1968f8e7bf,4,1,train,6099591441757562815,pointer,F,N,N,True,Q,False,False,3.6000557884108275e-05,11.3125,-11.3125,11.3125,0.00047876291421667234,1,N Q D,N,True,True,0.00019131260341964662,-0.546875,0.3665897250175476,False,0.456636905670166
train-010893-54a61a1968f8e7bf,4,2,train,6099591441757562815,pointer,F,J,J,True,Q,False,False,0.0005409446312114596,7.5625,-14.59375,7.5625,0.004733618495615477,1,J B D,J,True,True,0.005649907514452934,-0.58203125,0.3584653437137604,False,0.4438920021057129
train-010893-54a61a1968f8e7bf,4,3,train,6099591441757562815,pointer,F,P,P,True,Q,False,False,0.0001280225842492655,10.5625,-10.5625,10.5625,0.0016080658353286828,1,P K Q,E,False,False,3.3606882095336914,-0.279296875,0.43062615394592285,False,0.5632180571556091
train-010893-54a61a1968f8e7bf,4,4,train,6099591441757562815,pointer,F,Q,Q,True,Q,True,False,0.09007417410612106,2.375,2.375,2.375,0.3024931409226731,1,Q K P,Q,True,True,1.712739109992981,0.1162109375,0.5290200710296631,True,0.6367288827896118
train-010893-54a61a1968f8e7bf,4,5,train,6099591441757562815,pointer,F,W,,,Q,False,True,,,-0.25,0.25,1.0155834159134296,,W Q K,Q,,False,,0.462890625,0.6136996746063232,,
train-010893-54a61a1968f8e7bf,4,6,train,6099591441757562815,pointer,F,W,,,Q,False,True,,,-1.125,0.1875,1.6210945580168432,,W O G,Q,,False,,0.734375,0.6757646203041077,,
train-010893-54a61a1968f8e7bf,4,7,train,6099591441757562815,pointer,F,O,,,Q,False,True,,,-0.6875,0.375,1.915587030658373,,O G Q,O,,True,,0.92578125,0.7162185907363892,,
train-010893-54a61a1968f8e7bf,4,8,train,6099591441757562815,pointer,F,O,,,Q,False,True,,,-0.5,0.0,2.28022421846511,,O W G,O,,True,,1.046875,0.740174412727356,,
train-010893-54a61a1968f8e7bf,4,9,train,6099591441757562815,pointer,F,W,,,Q,False,True,,,-1.1875,1.1875,1.8162659126677125,,W Q G,Q,,False,,1.125,0.7549149990081787,,
train-010893-54a61a1968f8e7bf,4,10,train,6099591441757562815,pointer,F,O,,,Q,False,True,,,-0.75,0.125,1.9877676450986466,,O G W,O,,True,,1.1875,0.7662936449050903,,
train-010893-54a61a1968f8e7bf,4,11,train,6099591441757562815,pointer,F,O,,,Q,False,True,,,-0.75,0.25,2.160773183369817,,O G W,O,,True,,1.2109375,0.7704647779464722,,
train-010893-54a61a1968f8e7bf,4,12,train,6099591441757562815,pointer,F,W,,,Q,False,True,,,-0.8125,0.5625,2.125541518789221,,W O G,Q,,False,,1.234375,0.7745833992958069,,
train-035347-804f37ed051ea6d8,5,1,train,9245670051147589336,pointer,B,Y,Y,True,J,False,False,6.556489552167477e-06,12.5,-15.25,12.5,9.649780486903504e-05,1,Y R Q,Y,True,True,0.0001616347290109843,-0.50390625,0.37662312388420105,False,0.47260403633117676
train-035347-804f37ed051ea6d8,5,2,train,9245670051147589336,pointer,B,K,K,True,J,False,False,5.221230458118953e-05,10.5625,-13.09375,10.5625,0.000669794903019635,1,K I D,K,True,True,0.002976156771183014,-0.515625,0.37387579679489136,False,0.468206524848938
train-035347-804f37ed051ea6d8,5,3,train,9245670051147589336,pointer,B,I,I,True,J,False,False,7.617183291586116e-05,11.0,-11.25,11.0,0.000999382547123952,1,I A J,I,True,True,2.552593231201172,-0.314453125,0.42202815413475037,False,0.5482301115989685
train-035347-804f37ed051ea6d8,5,4,train,9245670051147589336,pointer,B,V,V,True,J,False,False,0.0861581489443779,2.875,-2.875,2.875,0.36655274713387853,1,V J I,V,True,True,2.755429267883301,0.06396484375,0.5159857273101807,False,0.7256409525871277
train-035347-804f37ed051ea6d8,5,5,train,9245670051147589336,pointer,B,Q,J,False,J,False,False,4.273692607879639,-3.5,-3.5,0.4375,1.6629645557240194,6,Q W V,V,False,False,3.1961562633514404,0.400390625,0.5987815260887146,True,0.512858510017395
train-035347-804f37ed051ea6d8,5,6,train,9245670051147589336,pointer,B,D,,,J,False,True,,,-2.5,0.1875,2.8907324001887065,,D M E,E,,False,,0.75390625,0.6800292134284973,,
train-035347-804f37ed051ea6d8,5,7,train,9245670051147589336,pointer,B,D,,,J,False,True,,,-2.0,0.0625,3.046403632571265,,D T M,G,,False,,1.015625,0.7341195344924927,,
train-035347-804f37ed051ea6d8,5,8,train,9245670051147589336,pointer,B,B,,,J,False,True,,,-0.5,0.0,3.2212877993375493,,B G M,B,,True,,1.1875,0.7662936449050903,,
train-035347-804f37ed051ea6d8,5,9,train,9245670051147589336,pointer,B,B,,,J,False,True,,,-0.4375,0.0625,3.2401159475585435,,B V G,B,,True,,1.2734375,0.7813306450843811,,
train-035347-804f37ed051ea6d8,5,10,train,9245670051147589336,pointer,B,B,,,J,False,True,,,-0.4375,0.125,3.2405070693303273,,B V G,B,,True,,1.3203125,0.7892336845397949,,
train-035347-804f37ed051ea6d8,5,11,train,9245670051147589336,pointer,B,B,,,J,False,True,,,-0.5,0.1875,3.237643600856317,,B G V,B,,True,,1.34375,0.793105959892273,,
train-035347-804f37ed051ea6d8,5,12,train,9245670051147589336,pointer,B,B,,,J,False,True,,,-0.4375,0.1875,3.2381820711371327,,B G V,B,,True,,1.3515625,0.7943849563598633,,
train-012677-fa476f934299767c,6,1,train,18034505911096669820,pointer,N,N,N,True,N,True,False,9.48860906646587e-05,9.875,9.875,9.875,0.0011267235158298671,1,N O M,N,True,True,0.00030310326837934554,-0.52734375,0.3711366057395935,False,0.4638412594795227
train-012677-fa476f934299767c,6,2,train,18034505911096669820,pointer,N,N,N,True,N,True,False,4.291525328881107e-06,14.0,14.0,14.0,6.784319961033277e-05,1,N M D,N,True,True,0.0036056526005268097,-0.53125,0.37022536993026733,False,0.46239328384399414
train-012677-fa476f934299767c,6,3,train,18034505911096669820,pointer,N,N,N,True,N,True,False,3.397406908334233e-05,11.6875,11.6875,11.6875,0.0004639848483936419,1,N M O,N,True,True,0.6102353930473328,-0.396484375,0.4021573066711426,False,0.5144276022911072
train-012677-fa476f934299767c,6,4,train,18034505911096669820,pointer,N,N,N,True,N,True,False,0.00013469743134919554,9.8125,9.8125,9.8125,0.0016081955770472166,1,N M D,N,True,True,1.0897834300994873,-0.13671875,0.46587347984313965,False,0.6271225214004517
train-012677-fa476f934299767c,6,5,train,18034505911096669820,pointer,N,N,N,True,N,True,False,0.0005644158809445798,8.75,8.75,8.75,0.00603990916777335,1,N I F,N,True,True,1.4273756742477417,0.1298828125,0.5324251055717468,False,0.7601958513259888
train-012677-fa476f934299767c,6,6,train,18034505911096669820,pointer,N,N,N,True,N,True,False,0.000722266617231071,8.4375,8.4375,8.4375,0.0073086432687718556,1,N F X,E,False,False,3.7682902812957764,0.40625,0.6001883149147034,True,0.5105117559432983
train-012677-fa476f934299767c,6,7,train,18034505911096669820,pointer,N,N,,,N,True,True,,,3.125,3.125,0.17996300238054147,,N F I,B,,False,,0.66015625,0.6592954993247986,,
train-012677-fa476f934299767c,6,8,train,18034505911096669820,pointer,N,N,,,N,True,True,,,3.5625,3.5625,0.14325577700105574,,N F I,F,,False,,0.87890625,0.7065955400466919,,
train-012677-fa476f934299767c,6,9,train,18034505911096669820,pointer,N,N,,,N,True,True,,,4.125,4.125,0.29387102278066035,,N F I,C,,False,,1.0625,0.7431680560112,,
train-012677-fa476f934299767c,6,10,train,18034505911096669820,pointer,N,N,,,N,True,True,,,3.75,3.75,0.6814183648526299,,N I B,O,,False,,1.1953125,0.7676898241043091,,
train-012677-fa476f934299767c,6,11,train,18034505911096669820,pointer,N,N,,,N,True,True,,,3.9375,3.9375,0.7867551466409324,,N I B,N,,True,,1.2734375,0.7813306450843811,,
train-012677-fa476f934299767c,6,12,train,18034505911096669820,pointer,N,N,,,N,True,True,,,4.0625,4.0625,0.7385995064500676,,N I B,N,,True,,1.3046875,0.7866228222846985,,
train-011589-e2ac7a4572e7f3c6,8,1,train,16333564387265082310,pointer,J,L,L,True,U,False,False,3.4570634852570947e-06,13.71875,-15.9375,13.71875,5.471371035149533e-05,1,L C I,L,True,True,6.437094270950183e-05,-0.5546875,0.3647775650024414,False,0.45378005504608154
train-011589-e2ac7a4572e7f3c6,8,2,train,16333564387265082310,pointer,J,B,B,True,U,False,False,1.7046782886609435e-05,11.9375,-16.25,11.9375,0.00024112199912686922,1,B L C,B,True,True,0.04017149284482002,-0.5859375,0.3575674891471863,False,0.4424935579299927
train-011589-e2ac7a4572e7f3c6,8,3,train,16333564387265082310,pointer,J,K,K,True,U,False,False,0.024108467623591423,3.75,-11.0625,3.75,0.11847067209520268,1,K Q J,B,False,False,3.1752066612243652,-0.33203125,0.4177464544773102,False,0.5408493280410767
train-011589-e2ac7a4572e7f3c6,8,4,train,16333564387265082310,pointer,J,Q,Q,True,U,False,False,0.04862480238080025,3.8125,-7.875,3.8125,0.29177455924986023,1,Q I J,Q,True,True,1.8893567323684692,0.09765625,0.524394690990448,False,0.7431669235229492
train-011589-e2ac7a4572e7f3c6,8,5,train,16333564387265082310,pointer,J,Q,I,False,U,False,False,1.7062277793884277,-0.25,-3.0625,0.25,2.6555894157619,2,Q I V,I,True,False,2.08132266998291,0.4921875,0.6206216216087341,False,0.9692212343215942
train-011589-e2ac7a4572e7f3c6,8,6,train,16333564387265082310,pointer,J,B,S,False,U,False,False,3.561103582382202,-1.375,-2.0625,0.0625,3.043297353061239,14,B Q V,O,False,False,3.211224317550659,0.8671875,0.7041601538658142,False,1.2179369926452637
train-011589-e2ac7a4572e7f3c6,8,7,train,16333564387265082310,pointer,J,Q,Z,False,U,False,False,3.6402697563171387,-1.3125,-1.1875,0.5,3.2001074485759062,25,Q B V,B,False,False,3.2615439891815186,1.125,0.7549149990081787,False,1.4061501026153564
train-011589-e2ac7a4572e7f3c6,8,8,train,16333564387265082310,pointer,J,Q,U,False,U,False,False,3.416815996170044,-0.8125,-0.8125,0.375,3.23432410076458,20,Q B K,N,False,False,3.1633524894714355,1.25,0.7772998809814453,True,0.2519291043281555
train-011589-e2ac7a4572e7f3c6,8,9,train,16333564387265082310,pointer,J,Q,,,U,False,True,,,-0.9375,0.4375,3.229779747361184,,Q B K,N,,False,,1.3046875,0.7866228222846985,,
train-011589-e2ac7a4572e7f3c6,8,10,train,16333564387265082310,pointer,J,Q,,,U,False,True,,,-1.0,0.5625,3.2230446045286256,,Q B V,N,,False,,1.3359375,0.7918210625648499,,
train-011589-e2ac7a4572e7f3c6,8,11,train,16333564387265082310,pointer,J,Q,,,U,False,True,,,-1.0625,0.5625,3.220257497658027,,Q B V,B,,False,,1.3515625,0.7943849563598633,,
train-011589-e2ac7a4572e7f3c6,8,12,train,16333564387265082310,pointer,J,Q,,,U,False,True,,,-1.0625,0.5,3.2189028601250746,,Q V B,B,,False,,1.359375,0.7956580519676208,,
train-009844-241dc1586a630f61,10,1,train,2602448745176174433,pointer,R,F,F,True,P,False,False,0.00018523407925385982,9.6875,-11.4375,9.6875,0.0021995070782628444,1,F C T,F,True,True,1.1324817933200393e-05,-0.51171875,0.3747906982898712,False,0.46966880559921265
train-009844-241dc1586a630f61,10,2,train,2602448745176174433,pointer,R,E,E,True,P,False,False,0.001290561049245298,6.8125,-13.28125,6.8125,0.010750970591813984,1,E D A,E,True,True,0.0018137923907488585,-0.5234375,0.3720487952232361,False,0.4652928113937378
train-009844-241dc1586a630f61,10,3,train,2602448745176174433,pointer,R,A,A,True,P,False,False,0.00015555603022221476,9.5625,-14.25,9.5625,0.0017634336873178177,1,A D Y,E,False,False,2.632162094116211,-0.2890625,0.42823341488838196,False,0.5590243935585022
train-009844-241dc1586a630f61,10,4,train,2602448745176174433,pointer,R,Y,Y,True,P,False,False,0.3030972182750702,1.125,-7.625,1.125,0.6756856866445394,1,Y D A,Y,True,True,2.061307191848755,0.1328125,0.5331544280052185,False,0.7617567181587219
train-009844-241dc1586a630f61,10,5,train,2602448745176174433,pointer,R,D,D,True,P,False,False,1.1688607931137085,0.0,-2.9375,0.0,2.1089804431091914,1,D Y I,Q,False,False,3.0866456031799316,0.51171875,0.6252092719078064,False,0.9813875555992126
train-009844-241dc1586a630f61,10,6,train,2602448745176174433,pointer,R,I,Q,False,P,False,False,3.2526016235351562,-1.375,-1.3125,0.5,2.99571787994922,10,I J S,J,False,False,2.65557861328125,0.80078125,0.6901415586471558,False,1.1716398000717163
train-009844-241dc1586a630f61,10,7,train,2602448745176174433,pointer,R,I,J,False,P,False,False,2.601602077484131,-0.6875,-1.25,0.625,3.0730689088137506,3,I S J,J,True,False,2.6339128017425537,1.0234375,0.735641598701477,False,1.3304497003555298
train-009844-241dc1586a630f61,10,8,train,2602448745176174433,pointer,R,I,H,False,P,False,False,3.5962276458740234,-1.0625,-0.75,0.4375,3.2159839820726437,24,I D S,O,False,False,3.124539852142334,1.1953125,0.7676898241043091,False,1.4596819877624512
train-009844-241dc1586a630f61,10,9,train,2602448745176174433,pointer,R,B,G,False,P,False,False,3.1294147968292236,-0.1875,-0.375,0.0625,3.2426268546383765,6,B I Q,B,False,True,3.2731568813323975,1.2890625,0.7839884757995605,False,1.532423496246338
train-009844-241dc1586a630f61,10,10,train,2602448745176174433,pointer,R,B,P,False,P,False,False,3.349794387817383,-0.375,-0.375,0.0,3.2434984067490906,18,B Q I,B,False,True,3.22831130027771,1.328125,0.7905303239822388,True,0.23505128920078278
train-009844-241dc1586a630f61,10,11,train,2602448745176174433,pointer,R,B,,,P,False,True,,,-0.3125,0.0,3.2427807726829347,,B I Q,B,,True,,1.3515625,0.7943849563598633,,
train-009844-241dc1586a630f61,10,12,train,2602448745176174433,pointer,R,B,,,P,False,True,,,-0.375,0.0,3.2418215208306322,,B I E,B,,True,,1.3515625,0.7943849563598633,,
train-005516-e9fcb22782d02811,12,1,train,16860546987736442897,pointer,J,M,M,True,U,False,False,4.339123915997334e-05,11.78125,-13.96875,11.78125,0.0005929015513206232,1,M O R,M,True,True,0.0007499027997255325,-0.55078125,0.3656831681728363,False,0.4552067518234253
train-005516-e9fcb22782d02811,12,2,train,16860546987736442897,pointer,J,Z,Z,True,U,False,False,7.629365427419543e-06,12.75,-19.09375,12.75,0.00011422703666720694,1,Z C M,Z,True,True,0.0002898749662563205,-0.59765625,0.35488009452819824,False,0.4383190870285034
train-005516-e9fcb22782d02811,12,3,train,16860546987736442897,pointer,J,K,K,True,U,False,False,0.0012971091782674193,6.875,-14.65625,6.875,0.01120683414934312,1,K P D,K,True,True,0.38679733872413635,-0.4609375,0.38676342368125916,False,0.4890044927597046
train-005516-e9fcb22782d02811,12,4,train,16860546987736442897,pointer,J,P,P,True,U,False,False,0.002644733991473913,6.3125,-12.8125,6.3125,0.022030356849711705,1,P K G,K,False,False,3.2839362621307373,-0.2109375,0.4474602937698364,False,0.5932300090789795
train-005516-e9fcb22782d02811,12,5,train,16860546987736442897,pointer,J,G,G,True,U,False,False,0.02720051258802414,4.1875,-10.375,4.1875,0.16145649488001498,1,G P Y,G,True,True,1.7938553094863892,0.162109375,0.5404388308525085,False,0.7774832248687744
train-005516-e9fcb22782d02811,12,6,train,16860546987736442897,pointer,J,G,Y,False,U,False,False,3.4690380096435547,-3.25,-8.0625,1.75,0.7285050057208232,3,G P Y,G,False,True,4.109089374542236,0.453125,0.6113819479942322,False,0.9451583623886108
train-005516-e9fcb22782d02811,12,7,train,16860546987736442897,pointer,J,G,W,False,U,False,False,4.454827308654785,-4.0625,-6.6875,1.5625,1.127243280470129,4,G P Y,G,False,True,3.9791860580444336,0.69140625,0.666279673576355,False,1.0974520444869995
train-005516-e9fcb22782d02811,12,8,train,16860546987736442897,pointer,J,G,X,False,U,False,False,4.604767799377441,-3.9375,-5.375,0.625,1.5321213396420883,6,G Y P,G,False,True,4.156736850738525,0.87109375,0.7049732804298401,False,1.2206891775131226
train-005516-e9fcb22782d02811,12,9,train,16860546987736442897,pointer,J,Y,F,False,U,False,False,5.005342483520508,-4.0,-4.3125,0.0625,1.9148556081510848,18,Y G W,G,False,False,3.75667142868042,1.015625,0.7341195344924927,False,1.3247084617614746
train-005516-e9fcb22782d02811,12,10,train,16860546987736442897,pointer,J,G,S,False,U,False,False,3.9317407608032227,-2.5,-3.0,0.25,2.727345735027238,15,G Y W,O,False,False,3.1041831970214844,1.1640625,0.7620701193809509,False,1.4357792139053345
train-005516-e9fcb22782d02811,12,11,train,16860546987736442897,pointer,J,J,L,False,U,False,False,3.4399805068969727,-0.625,-0.625,0.0625,3.2317611240296937,18,J M G,B,False,False,3.532310962677002,1.265625,0.7799928784370422,False,1.514095425605774
train-005516-e9fcb22782d02811,12,12,train,16860546987736442897,pointer,J,B,U,False,U,False,False,3.428745746612549,-0.4375,-0.4375,0.0,3.243796348745449,20,B J D,B,False,True,3.1461520195007324,1.3125,0.7879312038421631,True,0.23834450542926788
train-023310-77aa2a9eabeba03a,1,1,train,8622751297531781178,pointer,V,I,I,True,I,True,False,1.4066597032069694e-05,12.65625,12.65625,12.65625,0.00020123671669557047,1,I R S,I,True,True,0.0001817776501411572,-0.318359375,0.42107561230659485,True,0.8649427890777588
train-023310-77aa2a9eabeba03a,1,2,train,8622751297531781178,pointer,V,E,,,I,False,True,,,-15.34375,11.5,0.0003653383473733974,,E D R,E,,True,,-0.46875,0.3849121630191803,,
train-023310-77aa2a9eabeba03a,1,3,train,8622751297531781178,pointer,V,R,,,I,False,True,,,-12.9375,2.25,0.31603163400373235,,R L C,R,,True,,-0.3984375,0.4016878008842468,,
train-023310-77aa2a9eabeba03a,1,4,train,8622751297531781178,pointer,V,L,,,I,False,True,,,-8.4375,6.3125,0.028452290906612422,,L Z D,R,,False,,-0.0849609375,0.47877252101898193,,
train-023310-77aa2a9eabeba03a,1,5,train,8622751297531781178,pointer,V,Z,,,I,False,True,,,-2.75,0.5,1.5817600494368849,,Z L A,R,,False,,0.32421875,0.5803520083427429,,
train-023310-77aa2a9eabeba03a,1,6,train,8622751297531781178,pointer,V,Z,,,I,False,True,,,-1.3125,0.5625,2.7933467958428486,,Z A R,Z,,True,,0.73046875,0.6749081611633301,,
train-023310-77aa2a9eabeba03a,1,7,train,8622751297531781178,pointer,V,P,,,I,False,True,,,-0.5625,0.0625,3.160732227660035,,P G Z,O,,False,,1.03125,0.7371581792831421,,
train-023310-77aa2a9eabeba03a,1,8,train,8622751297531781178,pointer,V,G,,,I,False,True,,,-0.3125,0.125,3.2309616737174545,,G P V,K,,False,,1.1796875,0.7648916244506836,,
train-023310-77aa2a9eabeba03a,1,9,train,8622751297531781178,pointer,V,G,,,I,False,True,,,-0.125,0.0625,3.2290524507115155,,G V I,K,,False,,1.2578125,0.7786493301391602,,
train-023310-77aa2a9eabeba03a,1,10,train,8622751297531781178,pointer,V,G,,,I,False,True,,,-0.125,0.0625,3.2238980888062323,,G V Z,K,,False,,1.296875,0.7853085398674011,,
train-023310-77aa2a9eabeba03a,1,11,train,8622751297531781178,pointer,V,Z,,,I,False,True,,,-0.0625,0.0625,3.2163249545281696,,Z G I,K,,False,,1.3203125,0.7892336845397949,,
train-023310-77aa2a9eabeba03a,1,12,train,8622751297531781178,pointer,V,Z,,,I,False,True,,,-0.125,0.0625,3.217126373529339,,Z G I,K,,False,,1.3359375,0.7918210625648499,,
train-022978-13ba08dce2929565,2,1,train,1421458377175897445,pointer,R,B,B,True,S,False,False,9.775113539944869e-06,12.4375,-14.8125,12.4375,0.00014223376512632983,1,B C R,B,True,True,0.0002489972102921456,-0.5625,0.36296918988227844,False,0.45093727111816406
train-022978-13ba08dce2929565,2,2,train,1421458377175897445,pointer,R,S,S,True,S,True,False,0.004993467591702938,5.3125,5.3125,5.3125,0.03196358892904779,1,S M R,S,True,True,0.0013106813421472907,-0.51171875,0.3747906982898712,True,0.9813875555992126
train-022978-13ba08dce2929565,2,3,train,1421458377175897445,pointer,R,M,,,S,False,True,,,-13.53125,11.1875,0.0011633657732037425,,M L D,M,,True,,-0.37890625,0.4063906967639923,,
train-022978-13ba08dce2929565,2,4,train,1421458377175897445,pointer,R,R,,,S,False,True,,,-8.9375,1.25,0.5528629380624966,,R B D,M,,False,,-0.10986328125,0.4725617468357086,,
train-022978-13ba08dce2929565,2,5,train,1421458377175897445,pointer,R,B,,,S,False,True,,,-0.5625,0.5625,1.11905769343133,,B S R,P,,False,,0.271484375,0.5674572587013245,,
train-022978-13ba08dce2929565,2,6,train,1421458377175897445,pointer,R,B,,,S,False,True,,,-2.0,0.125,2.395704643679431,,B R V,R,,False,,0.65234375,0.6575384140014648,,
train-022978-13ba08dce2929565,2,7,train,1421458377175897445,pointer,R,B,,,S,False,True,,,-1.375,0.0625,3.078174359422741,,B R V,B,,True,,0.96484375,0.724090576171875,,
train-022978-13ba08dce2929565,2,8,train,1421458377175897445,pointer,R,B,,,S,False,True,,,-0.4375,0.1875,3.244055977665659,,B R G,B,,True,,1.1484375,0.7592254281044006,,
train-022978-13ba08dce2929565,2,9,train,1421458377175897445,pointer,R,B,,,S,False,True,,,-0.375,0.125,3.2448443913506155,,B Q R,B,,True,,1.2421875,0.7759445905685425,,
train-022978-13ba08dce2929565,2,10,train,1421458377175897445,pointer,R,B,,,S,False,True,,,-0.5625,0.1875,3.2382639298754614,,B R L,B,,True,,1.296875,0.7853085398674011,,
train-022978-13ba08dce2929565,2,11,train,1421458377175897445,pointer,R,B,,,S,False,True,,,-0.5625,0.125,3.2371271864536206,,B R L,B,,True,,1.328125,0.7905303239822388,,
train-022978-13ba08dce2929565,2,12,train,1421458377175897445,pointer,R,B,,,S,False,True,,,-0.625,0.125,3.2347870151574485,,B R Q,B,,True,,1.34375,0.793105959892273,,
train-027047-98f17e966822d0ca,3,1,train,11020728947609620682,pointer,D,C,C,True,R,False,False,0.0001308832288486883,9.6875,-10.875,9.6875,0.0015277236821943565,1,C A D,C,True,True,0.0007668177131563425,-0.5078125,0.3757064640522003,False,0.47113466262817383
train-027047-98f17e966822d0ca,3,2,train,11020728947609620682,pointer,D,E,E,True,R,False,False,0.00011216964776394889,10.0,-10.3125,10.0,0.001313699154999305,1,E C R,E,True,True,0.0003364712174516171,-0.5625,0.36296918988227844,False,0.45093727111816406
train-027047-98f17e966822d0ca,3,3,train,11020728947609620682,pointer,D,R,R,True,R,True,False,0.01549726165831089,5.625,5.625,5.625,0.11815686123829452,1,R T C,R,True,True,0.2957807779312134,-0.41015625,0.3988746404647827,True,0.9191080331802368
train-027047-98f17e966822d0ca,3,4,train,11020728947609620682,pointer,D,C,,,R,False,True,,,-5.8125,2.0,0.4930500745835083,,C E D,R,,False,,-0.031982421875,0.4920050799846649,,
train-027047-98f17e966822d0ca,3,5,train,11020728947609620682,pointer,D,E,,,R,False,True,,,-0.0625,0.0625,1.226907056634351,,E R C,R,,False,,0.39453125,0.5973730087280273,,
train-027047-98f17e966822d0ca,3,6,train,11020728947609620682,pointer,D,R,,,R,True,True,,,0.25,0.25,1.5359995099129142,,R E C,R,,True,,0.74609375,0.6783269643783569,,
train-027047-98f17e966822d0ca,3,7,train,11020728947609620682,pointer,D,R,,,R,True,True,,,0.375,0.375,1.584344914438918,,R E C,B,,False,,0.9921875,0.729519784450531,,
train-027047-98f17e966822d0ca,3,8,train,11020728947609620682,pointer,D,R,,,R,True,True,,,0.375,0.375,1.5410267689998502,,R E C,B,,False,,1.1328125,0.7563575506210327,,
train-027047-98f17e966822d0ca,3,9,train,11020728947609620682,pointer,D,R,,,R,True,True,,,0.25,0.25,1.5050239772932392,,R E C,E,,False,,1.2109375,0.7704647779464722,,
train-027047-98f17e966822d0ca,3,10,train,11020728947609620682,pointer,D,R,,,R,True,True,,,0.25,0.25,1.4991717087221288,,R E C,E,,False,,1.2421875,0.7759445905685425,,
train-027047-98f17e966822d0ca,3,11,train,11020728947609620682,pointer,D,R,,,R,True,True,,,0.3125,0.3125,1.475468836194132,,R E C,E,,False,,1.265625,0.7799928784370422,,
train-027047-98f17e966822d0ca,3,12,train,11020728947609620682,pointer,D,R,,,R,True,True,,,0.3125,0.3125,1.4737086298851236,,R E C,E,,False,,1.2734375,0.7813306450843811,,
train-025995-6972db8fde5b4f70,4,1,train,7598376932284780400,pointer,F,A,A,True,R,False,False,2.8609820219571702e-05,12.03125,-13.6875,12.03125,0.00040173852375026766,1,A O L,A,True,True,5.352353764465079e-05,-0.5234375,0.3720487952232361,False,0.4652928113937378
train-025995-6972db8fde5b4f70,4,2,train,7598376932284780400,pointer,F,H,H,True,R,False,False,0.0001821352052502334,10.1875,-12.53125,10.1875,0.002214395126542374,1,H I X,H,True,True,0.0002908283786382526,-0.5390625,0.36840569972991943,False,0.4595080614089966
train-025995-6972db8fde5b4f70,4,3,train,7598376932284780400,pointer,F,N,N,True,R,False,False,0.0003668589051812887,8.875,-8.875,8.875,0.004064545965236749,1,N R B,N,True,True,0.38522762060165405,-0.419921875,0.3965354859828949,False,0.5050680041313171
train-025995-6972db8fde5b4f70,4,4,train,7598376932284780400,pointer,F,N,R,False,R,False,False,0.974970817565918,-0.5,-0.5,0.5,0.6719654333095807,2,N R M,N,False,True,2.846019744873047,-0.11474609375,0.47134488821029663,True,0.7521651387214661
train-025995-6972db8fde5b4f70,4,5,train,7598376932284780400,pointer,F,R,,,R,True,True,,,0.125,0.125,1.4989662320896295,,R N M,M,,False,,0.359375,0.5888891220092773,,
train-025995-6972db8fde5b4f70,4,6,train,7598376932284780400,pointer,F,M,,,R,False,True,,,-0.1875,0.1875,1.8369948689243911,,M R N,R,,False,,0.73046875,0.6749081611633301,,
train-025995-6972db8fde5b4f70,4,7,train,7598376932284780400,pointer,F,R,,,R,True,True,,,0.0625,0.0625,1.7887686872696076,,R N M,R,,True,,0.9609375,0.7233095169067383,,
train-025995-6972db8fde5b4f70,4,8,train,7598376932284780400,pointer,F,N,,,R,False,True,,,-0.0625,0.0625,1.717506568861817,,N R M,R,,False,,1.0859375,0.7476159334182739,,
train-025995-6972db8fde5b4f70,4,9,train,7598376932284780400,pointer,F,N,,,R,False,True,,,-0.0625,0.0625,1.6594758389686282,,N R M,R,,False,,1.1484375,0.7592254281044006,,
train-025995-6972db8fde5b4f70,4,10,train,7598376932284780400,pointer,F,N,,,R,False,True,,,-0.0625,0.0625,1.6392173110399761,,N R M,R,,False,,1.1875,0.7662936449050903,,
train-025995-6972db8fde5b4f70,4,11,train,7598376932284780400,pointer,F,N,,,R,False,True,,,-0.125,0.125,1.62446073718536,,N R M,R,,False,,1.203125,0.7690802216529846,,
train-025995-6972db8fde5b4f70,4,12,train,7598376932284780400,pointer,F,N,,,R,False,True,,,-0.0625,0.0625,1.61937483854458,,N R M,R,,False,,1.21875,0.7718434929847717,,
train-030946-0b1c810a2e9eca08,5,1,train,800656714496920072,pointer,F,H,H,True,Z,False,False,1.5735502529423684e-05,12.21875,-16.953125,12.21875,0.0002285323842689953,1,H M D,H,True,True,5.829164365422912e-05,-0.46875,0.3849121630191803,False,0.48599016666412354
train-030946-0b1c810a2e9eca08,5,2,train,800656714496920072,pointer,F,O,O,True,Z,False,False,0.0001394651480950415,9.0,-14.5,9.0,0.0014634718740706525,1,O N M,O,True,True,0.0076931859366595745,-0.51171875,0.3747906982898712,False,0.46966880559921265
train-030946-0b1c810a2e9eca08,5,3,train,800656714496920072,pointer,F,N,N,True,Z,False,False,0.010040609166026115,5.875,-5.875,5.875,0.07879881686890343,1,N M Z,O,False,False,3.6552529335021973,-0.2353515625,0.4414321780204773,False,0.5823792815208435
train-030946-0b1c810a2e9eca08,5,4,train,800656714496920072,pointer,F,Z,M,False,Z,True,False,1.2655507326126099,-0.6875,0.6875,0.6875,1.305529977041037,2,Z M G,M,True,False,1.9816840887069702,0.140625,0.5350984334945679,False,0.7659295797348022
train-030946-0b1c810a2e9eca08,5,5,train,800656714496920072,pointer,F,Z,Z,True,Z,True,False,1.2871029376983643,0.0625,0.0625,0.0625,2.376732790224651,1,Z M G,G,False,False,3.2385740280151367,0.5625,0.6370307803153992,True,0.45093727111816406
train-030946-0b1c810a2e9eca08,5,6,train,800656714496920072,pointer,F,M,,,Z,False,True,,,-0.5,0.5,2.992232405464169,,M Z N,D,,False,,0.9140625,0.7138307690620422,,
train-030946-0b1c810a2e9eca08,5,7,train,800656714496920072,pointer,F,M,,,Z,False,True,,,-0.6875,0.5,3.2016031854395304,,M N G,O,,False,,1.1171875,0.7534666657447815,,
train-030946-0b1c810a2e9eca08,5,8,train,800656714496920072,pointer,F,M,,,Z,False,True,,,-0.5625,0.3125,3.2168090789278403,,M N G,N,,False,,1.21875,0.7718434929847717,,
train-030946-0b1c810a2e9eca08,5,9,train,800656714496920072,pointer,F,M,,,Z,False,True,,,-0.5,0.3125,3.207635950564398,,M N G,N,,False,,1.2734375,0.7813306450843811,,
train-030946-0b1c810a2e9eca08,5,10,train,800656714496920072,pointer,F,M,,,Z,False,True,,,-0.5,0.375,3.2040749422350245,,M N G,N,,False,,1.3046875,0.7866228222846985,,
train-030946-0b1c810a2e9eca08,5,11,train,800656714496920072,pointer,F,M,,,Z,False,True,,,-0.5625,0.4375,3.195887019917108,,M N G,N,,False,,1.3203125,0.7892336845397949,,
train-030946-0b1c810a2e9eca08,5,12,train,800656714496920072,pointer,F,M,,,Z,False,True,,,-0.5625,0.4375,3.1958249991849406,,M N G,N,,False,,1.328125,0.7905303239822388,,
train-018032-ffcd7200291d2b07,6,1,train,18432514194912652039,pointer,L,O,O,True,E,False,False,4.1126360883936286e-05,11.28125,-14.265625,11.28125,0.0005473106862296483,1,O A P,O,True,True,0.00014244495832826942,-0.5859375,0.3575674891471863,False,0.4424935579299927
train-018032-ffcd7200291d2b07,6,2,train,18432514194912652039,pointer,L,H,H,True,E,False,False,3.671578815556131e-05,11.9375,-15.03125,11.9375,0.0005107056815482785,1,H A D,H,True,True,0.06752722710371017,-0.5625,0.36296918988227844,False,0.45093727111816406
train-018032-ffcd7200291d2b07,6,3,train,18432514194912652039,pointer,L,K,K,True,E,False,False,0.0025291619822382927,6.0625,-13.3125,6.0625,0.01871996263757204,1,K A C,K,True,True,1.978144884109497,-0.37890625,0.4063906967639923,False,0.5215339660644531
train-018032-ffcd7200291d2b07,6,4,train,18432514194912652039,pointer,L,A,A,True,E,False,False,0.0023311602417379618,7.0,-9.4375,7.0,0.020952593430808204,1,A K N,K,False,False,3.237442970275879,-0.0546875,0.4863315224647522,False,0.6661772131919861
train-018032-ffcd7200291d2b07,6,5,train,18432514194912652039,pointer,L,N,N,True,E,False,False,0.2835616171360016,1.75,-1.75,1.75,0.9983961655168443,1,N E T,N,True,True,2.3381035327911377,0.384765625,0.5950219631195068,False,0.9039224982261658
train-018032-ffcd7200291d2b07,6,6,train,18432514194912652039,pointer,L,T,E,False,E,False,False,1.9555318355560303,-0.875,-0.875,0.625,2.1683786492226855,3,T N E,N,False,False,3.214416980743408,0.66796875,0.6610482335090637,True,0.4139285385608673
train-018032-ffcd7200291d2b07,6,7,train,18432514194912652039,pointer,L,T,,,E,False,True,,,-1.25,0.8125,2.6683265545695423,,T B N,N,,False,,0.87890625,0.7065955400466919,,
train-018032-ffcd7200291d2b07,6,8,train,18432514194912652039,pointer,L,T,,,E,False,True,,,-1.0,0.5625,3.1539061939436244,,T B E,B,,False,,1.0546875,0.74167400598526,,
train-018032-ffcd7200291d2b07,6,9,train,18432514194912652039,pointer,L,K,,,E,False,True,,,-0.3125,0.125,3.245428862433818,,K B G,B,,False,,1.2109375,0.7704647779464722,,
train-018032-ffcd7200291d2b07,6,10,train,18432514194912652039,pointer,L,L,,,E,False,True,,,-0.375,0.125,3.2490021208791897,,L B K,B,,False,,1.28125,0.7826625108718872,,
train-018032-ffcd7200291d2b07,6,11,train,18432514194912652039,pointer,L,L,,,E,False,True,,,-0.4375,0.1875,3.2482643056832448,,L B K,B,,False,,1.3203125,0.7892336845397949,,
train-018032-ffcd7200291d2b07,6,12,train,18432514194912652039,pointer,L,L,,,E,False,True,,,-0.4375,0.1875,3.2472300872350655,,L B K,B,,False,,1.3359375,0.7918210625648499,,
train-035304-861d797911c2a0e4,8,1,train,9664013936302924004,pointer,B,J,J,True,B,False,False,2.098061486321967e-05,11.1875,-11.1875,11.1875,0.0002721389816980187,1,J B D,J,True,True,0.00024256148026324809,-0.59765625,0.35488009452819824,False,0.4383190870285034
train-035304-861d797911c2a0e4,8,2,train,9664013936302924004,pointer,B,B,B,True,B,True,False,1.0728830375228426e-06,14.0,14.0,14.0,1.9353924214653307e-05,1,B C A,B,True,True,0.0006663962849415839,-0.609375,0.35220175981521606,False,0.434175968170166
train-035304-861d797911c2a0e4,8,3,train,9664013936302924004,pointer,B,J,J,True,B,False,False,9.810443589231e-05,10.5,-10.6875,10.5,0.0012397829196134629,1,J D B,J,True,True,0.5517903566360474,-0.38671875,0.40450745820999146,False,0.5183663964271545
train-035304-861d797911c2a0e4,8,4,train,9664013936302924004,pointer,B,B,B,True,B,True,False,0.0005953923100605607,9.0625,9.0625,9.0625,0.006546842207330819,1,B C D,J,False,False,2.7856483459472656,-0.08984375,0.47755420207977295,False,0.6492339372634888
train-035304-861d797911c2a0e4,8,5,train,9664013936302924004,pointer,B,J,J,True,B,False,False,0.3177279829978943,1.0,-1.0,1.0,0.6205347077430666,1,J B D,J,True,True,1.72348952293396,0.25,0.562176525592804,False,0.825939416885376
train-035304-861d797911c2a0e4,8,6,train,9664013936302924004,pointer,B,J,B,False,B,False,False,1.2823652029037476,-0.9375,-0.9375,0.9375,0.700689230056891,2,J B C,J,False,True,2.824747085571289,0.5390625,0.6315943002700806,False,0.9985705614089966
train-035304-861d797911c2a0e4,8,7,train,9664013936302924004,pointer,B,J,J,True,B,False,False,0.4453718364238739,0.6875,-0.6875,0.6875,0.8743383012936461,1,J B C,J,True,True,1.8628062009811401,0.765625,0.6825737357139587,False,1.1475098133087158
train-035304-861d797911c2a0e4,8,8,train,9664013936302924004,pointer,B,J,B,False,B,False,False,1.0599788427352905,-0.5,-0.5,0.5,1.1019110602964635,2,J B C,J,False,True,2.794644832611084,0.93359375,0.7178038358688354,True,0.3315590023994446
train-035304-861d797911c2a0e4,8,9,train,9664013936302924004,pointer,B,J,,,B,False,True,,,-0.4375,0.4375,1.3471626898568756,,J B C,J,,True,,1.0546875,0.74167400598526,,
train-035304-861d797911c2a0e4,8,10,train,9664013936302924004,pointer,B,J,,,B,False,True,,,-0.4375,0.4375,1.556331409398413,,J B C,J,,True,,1.140625,0.7577943801879883,,
train-035304-861d797911c2a0e4,8,11,train,9664013936302924004,pointer,B,J,,,B,False,True,,,-0.5625,0.5625,1.7025580696225076,,J B C,J,,True,,1.203125,0.7690802216529846,,
train-035304-861d797911c2a0e4,8,12,train,9664013936302924004,pointer,B,J,,,B,False,True,,,-0.625,0.625,1.7911085564116553,,J B C,J,,True,,1.25,0.7772998809814453,,
train-026224-313af4c6f8dc8c97,10,1,train,3547416791923592343,pointer,Q,W,W,True,Q,False,False,6.9141146923357155e-06,12.8125,-18.921875,12.8125,0.00010404493239721137,1,W V D,W,True,True,0.0028436246793717146,-0.5078125,0.3757064640522003,False,0.47113466262817383
train-026224-313af4c6f8dc8c97,10,2,train,3547416791923592343,pointer,Q,Z,Z,True,Q,False,False,0.00012218205665703863,9.3125,-12.125,9.3125,0.0013606260688369606,1,Z T D,Z,True,True,0.00021109737281221896,-0.494140625,0.3789186179637909,False,0.47629314661026
train-026224-313af4c6f8dc8c97,10,3,train,3547416791923592343,pointer,Q,T,T,True,Q,False,False,0.5234619379043579,0.375,-13.28125,0.375,0.6795790575213867,1,T L P,L,False,False,2.600517988204956,-0.283203125,0.4296686351299286,False,0.5615378022193909
train-026224-313af4c6f8dc8c97,10,4,train,3547416791923592343,pointer,Q,Q,L,False,Q,True,False,3.0578067302703857,-3.0,3.0,3.0,0.2595805530238283,2,Q L W,L,True,False,1.7897874116897583,0.083984375,0.5209837555885315,False,0.7360208034515381
train-026224-313af4c6f8dc8c97,10,5,train,3547416791923592343,pointer,Q,W,Q,False,Q,False,False,1.2579199075698853,-0.375,-0.375,0.375,1.861739003942258,2,W Q Z,Z,False,False,2.772864580154419,0.435546875,0.6071974039077759,False,0.9344481825828552
train-026224-313af4c6f8dc8c97,10,6,train,3547416791923592343,pointer,Q,L,W,False,Q,False,False,1.9045490026474,-0.3125,0.0,0.0,2.5890809898587466,3,L Q W,L,False,True,3.3713645935058594,0.7890625,0.6876299977302551,False,1.1635668277740479
train-026224-313af4c6f8dc8c97,10,7,train,3547416791923592343,pointer,Q,Q,Z,False,Q,True,False,3.111203908920288,-0.9375,0.0,0.0,3.0248323938518733,7,Q W L,N,False,False,3.242513656616211,1.0625,0.7431680560112,False,1.3593331575393677
train-026224-313af4c6f8dc8c97,10,8,train,3547416791923592343,pointer,Q,Q,T,False,Q,True,False,3.1845133304595947,-1.0625,0.25,0.25,3.100772041292386,8,Q W L,N,False,False,3.255474328994751,1.2109375,0.7704647779464722,False,1.4716987609863281
train-026224-313af4c6f8dc8c97,10,9,train,3547416791923592343,pointer,Q,Q,L,False,Q,True,False,2.6485204696655273,-0.625,0.4375,0.4375,3.098098400020494,3,Q W L,N,False,False,3.270279884338379,1.2890625,0.7839884757995605,False,1.532423496246338
train-026224-313af4c6f8dc8c97,10,10,train,3547416791923592343,pointer,Q,Q,Q,True,Q,True,False,1.943430781364441,0.5,0.5,0.5,3.072460712416443,1,Q W L,N,False,False,2.8704071044921875,1.328125,0.7905303239822388,True,0.23505128920078278
train-026224-313af4c6f8dc8c97,10,11,train,3547416791923592343,pointer,Q,Q,,,Q,True,True,,,0.4375,0.4375,3.0563649336621985,,Q W L,N,,False,,1.3515625,0.7943849563598633,,
train-026224-313af4c6f8dc8c97,10,12,train,3547416791923592343,pointer,Q,Q,,,Q,True,True,,,0.4375,0.4375,3.05928891721584,,Q W L,N,,False,,1.3671875,0.7969253659248352,,
train-026081-f3d0094b2f6203a7,12,1,train,17568552364894454695,pointer,F,N,N,True,G,False,False,2.372236667724792e-05,12.0,-15.71875,12.0,0.00032429627726813793,1,N O Q,N,True,True,0.0005374894244596362,-0.546875,0.3665897250175476,False,0.456636905670166
train-026081-f3d0094b2f6203a7,12,2,train,17568552364894454695,pointer,F,D,D,True,G,False,False,0.0014285369543358684,6.8125,-12.1875,6.8125,0.01194569531358364,1,D C B,D,True,True,0.0016915787709876895,-0.60546875,0.35309353470802307,False,0.43555355072021484
train-026081-f3d0094b2f6203a7,12,3,train,17568552364894454695,pointer,F,S,S,True,G,False,False,0.00020966715237591416,10.1875,-12.28125,10.1875,0.002564350853444209,1,S R B,S,True,True,0.30067330598831177,-0.453125,0.3886180520057678,False,0.49203336238861084
train-026081-f3d0094b2f6203a7,12,4,train,17568552364894454695,pointer,F,G,X,False,G,True,False,3.1465821266174316,-2.625,0.5,0.5,0.8410429387422208,3,G S X,S,False,False,3.7554588317871094,-0.2060546875,0.44866785407066345,False,0.5954177975654602
train-026081-f3d0094b2f6203a7,12,5,train,17568552364894454695,pointer,F,G,G,True,G,True,False,0.6429133415222168,0.25,0.25,0.25,1.0182279684924351,1,G X S,N,False,False,3.401521921157837,0.1875,0.5467381477355957,False,0.7912852764129639
train-026081-f3d0094b2f6203a7,12,6,train,17568552364894454695,pointer,F,G,C,False,G,True,False,4.556439399719238,-3.375,0.5,0.5,1.9080690735819146,7,G X N,M,False,False,3.118072032928467,0.55859375,0.6361271142959595,False,1.0109505653381348
train-026081-f3d0094b2f6203a7,12,7,train,17568552364894454695,pointer,F,G,M,False,G,True,False,1.857948899269104,-0.3125,0.125,0.125,2.159956954785339,3,G N M,B,False,False,2.9630682468414307,0.87109375,0.7049732804298401,False,1.2206891775131226
train-026081-f3d0094b2f6203a7,12,8,train,17568552364894454695,pointer,F,G,N,False,G,True,False,2.2257256507873535,-0.9375,0.1875,0.1875,2.1733475465183374,4,G X M,B,False,False,3.3379104137420654,1.0546875,0.74167400598526,False,1.3535330295562744
train-026081-f3d0094b2f6203a7,12,9,train,17568552364894454695,pointer,F,G,D,False,G,True,False,2.7630796432495117,-1.625,0.25,0.25,2.086373594712555,5,G X M,B,False,False,3.2867753505706787,1.1484375,0.7592254281044006,False,1.4238940477371216
train-026081-f3d0094b2f6203a7,12,10,train,17568552364894454695,pointer,F,G,S,False,G,True,False,2.9387829303741455,-1.8125,0.1875,0.1875,2.051048520833426,6,G X M,X,False,False,3.293684959411621,1.203125,0.7690802216529846,False,1.4656848907470703
train-026081-f3d0094b2f6203a7,12,11,train,17568552364894454695,pointer,F,G,X,False,G,True,False,1.2566146850585938,-0.125,0.125,0.125,2.0265882707041327,2,G X M,X,True,False,2.7575533390045166,1.2265625,0.7732163667678833,False,1.4837589263916016
train-026081-f3d0094b2f6203a7,12,12,train,17568552364894454695,pointer,F,G,G,True,G,True,False,1.0807905197143555,0.1875,0.1875,0.1875,1.998084328492175,1,G X M,X,False,False,3.5015807151794434,1.25,0.7772998809814453,True,0.2519291043281555
train-031041-98064af06d1fae93,1,1,train,10954525540108709523,pointer,K,C,C,True,C,True,False,5.2689116273541003e-05,10.9375,10.9375,10.9375,0.0006750300447716612,1,C Q A,C,True,True,0.00013886917440686375,-0.32421875,0.4196479320526123,True,0.8683391809463501
train-031041-98064af06d1fae93,1,2,train,10954525540108709523,pointer,K,Q,,,C,False,True,,,-11.5,7.6875,0.004430000712312143,,Q K C,Q,,True,,-0.412109375,0.39840641617774963,,
train-031041-98064af06d1fae93,1,3,train,10954525540108709523,pointer,K,K,,,C,False,True,,,-8.25,8.25,0.006166154864852064,,K C D,K,,True,,-0.2734375,0.43206343054771423,,
train-031041-98064af06d1fae93,1,4,train,10954525540108709523,pointer,K,K,,,C,False,True,,,-2.625,0.875,0.8240704915611579,,K Q C,K,,True,,0.1044921875,0.5260992646217346,,
train-031041-98064af06d1fae93,1,5,train,10954525540108709523,pointer,K,K,,,C,False,True,,,-1.4375,0.625,1.0922551292581661,,K Q C,Q,,False,,0.447265625,0.6099889278411865,,
train-031041-98064af06d1fae93,1,6,train,10954525540108709523,pointer,K,K,,,C,False,True,,,-1.375,0.5625,1.140770670081989,,K Q C,Q,,False,,0.70703125,0.6697448492050171,,
train-031041-98064af06d1fae93,1,7,train,10954525540108709523,pointer,K,K,,,C,False,True,,,-1.0625,0.5,1.2429677726610693,,K Q C,Q,,False,,0.89453125,0.7098243832588196,,
train-031041-98064af06d1fae93,1,8,train,10954525540108709523,pointer,K,K,,,C,False,True,,,-0.875,0.4375,1.3387681930355966,,K Q C,Q,,False,,1.03125,0.7371581792831421,,
train-031041-98064af06d1fae93,1,9,train,10954525540108709523,pointer,K,K,,,C,False,True,,,-0.75,0.375,1.4053653547411025,,K Q C,Q,,False,,1.1171875,0.7534666657447815,,
train-031041-98064af06d1fae93,1,10,train,10954525540108709523,pointer,K,K,,,C,False,True,,,-0.75,0.375,1.4270335392210385,,K Q C,Q,,False,,1.1796875,0.7648916244506836,,
train-031041-98064af06d1fae93,1,11,train,10954525540108709523,pointer,K,K,,,C,False,True,,,-0.6875,0.375,1.4815052700882922,,K Q C,Q,,False,,1.21875,0.7718434929847717,,
train-031041-98064af06d1fae93,1,12,train,10954525540108709523,pointer,K,K,,,C,False,True,,,-0.6875,0.375,1.491976635532785,,K Q C,Q,,False,,1.25,0.7772998809814453,,
train-012970-ffb20a14f8264d55,2,1,train,18424800110705003861,pointer,C,D,D,True,J,False,False,7.271740287251305e-06,12.375,-15.4375,12.375,0.00010661420245457386,1,D C I,D,True,True,0.00021514961554203182,-0.56640625,0.36206647753715515,False,0.44952118396759033
train-012970-ffb20a14f8264d55,2,2,train,18424800110705003861,pointer,C,J,J,True,J,True,False,0.0014240134041756392,6.875,6.875,6.875,0.012313770194586075,1,J B D,J,True,True,0.0011444692499935627,-0.55859375,0.3638729155063629,True,1.0109505653381348
train-012970-ffb20a14f8264d55,2,3,train,18424800110705003861,pointer,C,H,,,J,False,True,,,-11.59375,7.25,0.020444176781134634,,H D M,H,,True,,-0.396484375,0.4021573066711426,,
train-012970-ffb20a14f8264d55,2,4,train,18424800110705003861,pointer,C,L,,,J,False,True,,,-8.8125,3.1875,0.2513046271901509,,L B H,R,,False,,-0.1875,0.4532618522644043,,
train-012970-ffb20a14f8264d55,2,5,train,18424800110705003861,pointer,C,L,,,J,False,True,,,-7.3125,1.4375,0.7063921439952923,,L B Y,H,,False,,0.1552734375,0.5387405753135681,,
train-012970-ffb20a14f8264d55,2,6,train,18424800110705003861,pointer,C,L,,,J,False,True,,,-4.4375,0.625,1.513435409790426,,L B Y,H,,False,,0.53125,0.6297746300697327,,
train-012970-ffb20a14f8264d55,2,7,train,18424800110705003861,pointer,C,L,,,J,False,True,,,-1.625,0.125,2.9462724906794673,,L R B,H,,False,,0.84765625,0.7000752091407776,,
train-012970-ffb20a14f8264d55,2,8,train,18424800110705003861,pointer,C,B,,,J,False,True,,,-0.625,0.0625,3.216912556384178,,B L Q,H,,False,,1.0859375,0.7476159334182739,,
train-012970-ffb20a14f8264d55,2,9,train,18424800110705003861,pointer,C,Q,,,J,False,True,,,-0.5,0.1875,3.240406844557934,,Q B I,B,,False,,1.21875,0.7718434929847717,,
train-012970-ffb20a14f8264d55,2,10,train,18424800110705003861,pointer,C,Q,,,J,False,True,,,-0.5625,0.1875,3.2354227670706717,,Q B L,Q,,True,,1.28125,0.7826625108718872,,
train-012970-ffb20a14f8264d55,2,11,train,18424800110705003861,pointer,C,Q,,,J,False,True,,,-0.5,0.25,3.232969427582742,,Q B L,Q,,True,,1.3203125,0.7892336845397949,,
train-012970-ffb20a14f8264d55,2,12,train,18424800110705003861,pointer,C,Q,,,J,False,True,,,-0.5625,0.25,3.229553166229363,,Q B L,Q,,True,,1.34375,0.793105959892273,,
train-021881-2be446dd51237528,3,1,train,3162730754683925800,pointer,B,P,P,True,J,False,False,2.145764938177308e-06,14.375,-15.8125,14.375,3.535322827581126e-05,1,P Q C,P,True,True,0.00010990492592100054,-0.6484375,0.34334173798561096,False,0.4205915927886963
train-021881-2be446dd51237528,3,2,train,3162730754683925800,pointer,B,S,S,True,J,False,False,0.4287964701652527,0.625,-12.625,0.625,0.6477540492927029,1,S R C,S,True,True,0.7913312911987305,-0.62109375,0.34953272342681885,False,0.43006432056427
train-021881-2be446dd51237528,3,3,train,3162730754683925800,pointer,B,J,J,True,J,True,False,2.932505594799295e-05,11.625,11.625,11.625,0.0004026876946210292,1,J K D,J,True,True,0.7383021712303162,-0.439453125,0.39187127351760864,True,0.9368218183517456
train-021881-2be446dd51237528,3,4,train,3162730754683925800,pointer,B,K,,,J,False,True,,,-5.6875,3.1875,0.3617929770891422,,K R G,K,,True,,-0.07958984375,0.48011302947998047,,
train-021881-2be446dd51237528,3,5,train,3162730754683925800,pointer,B,R,,,J,False,True,,,-3.875,0.3125,1.4961130410386905,,R L K,K,,False,,0.298828125,0.5741560459136963,,
train-021881-2be446dd51237528,3,6,train,3162730754683925800,pointer,B,K,,,J,False,True,,,-1.0,0.3125,2.5481071972225875,,K R J,J,,False,,0.67578125,0.6627964973449707,,
train-021881-2be446dd51237528,3,7,train,3162730754683925800,pointer,B,K,,,J,False,True,,,-0.6875,0.125,3.0304476251849413,,K R C,K,,True,,0.95703125,0.722527027130127,,
train-021881-2be446dd51237528,3,8,train,3162730754683925800,pointer,B,K,,,J,False,True,,,-0.4375,0.25,3.154103278878301,,K C R,B,,False,,1.1484375,0.7592254281044006,,
train-021881-2be446dd51237528,3,9,train,3162730754683925800,pointer,B,K,,,J,False,True,,,-0.3125,0.3125,3.194763684518086,,K J B,B,,False,,1.25,0.7772998809814453,,
train-021881-2be446dd51237528,3,10,train,3162730754683925800,pointer,B,K,,,J,False,True,,,-0.25,0.25,3.187646224509942,,K J B,K,,True,,1.296875,0.7853085398674011,,
train-021881-2be446dd51237528,3,11,train,3162730754683925800,pointer,B,K,,,J,False,True,,,-0.25,0.25,3.171861732837029,,K J R,K,,True,,1.3203125,0.7892336845397949,,
train-021881-2be446dd51237528,3,12,train,3162730754683925800,pointer,B,K,,,J,False,True,,,-0.25,0.25,3.161397171345805,,K J R,K,,True,,1.3359375,0.7918210625648499,,
train-018354-7a90cb4389406756,4,1,train,8831782360199489366,pointer,F,I,I,True,H,False,False,8.583032467868179e-06,13.625,-16.34375,13.625,0.0001297705116125966,1,I J N,I,True,True,0.00011514954530866817,-0.57421875,0.36026397347450256,False,0.4466996192932129
train-018354-7a90cb4389406756,4,2,train,8831782360199489366,pointer,F,N,N,True,H,False,False,0.00011336160969221964,9.6875,-9.6875,9.6875,0.0013373768538595728,1,N H A,N,True,True,0.008881705813109875,-0.59765625,0.35488009452819824,False,0.4383190870285034
train-018354-7a90cb4389406756,4,3,train,8831782360199489366,pointer,F,W,W,True,H,False,False,0.00031287543242797256,9.0625,-10.125,9.0625,0.0035912116507894145,1,W A H,K,False,False,3.150022506713867,-0.439453125,0.39187127351760864,False,0.4973686933517456
train-018354-7a90cb4389406756,4,4,train,8831782360199489366,pointer,F,H,H,True,H,True,False,0.632556676864624,0.25,0.25,0.25,0.9318274373673022,1,H A W,H,True,True,1.991825819015503,0.0247802734375,0.5061947703361511,True,0.6808338165283203
train-018354-7a90cb4389406756,4,5,train,8831782360199489366,pointer,F,A,,,H,False,True,,,-0.0625,0.0625,1.7110584404203193,,A H B,H,,False,,0.482421875,0.6183196306228638,,
train-018354-7a90cb4389406756,4,6,train,8831782360199489366,pointer,F,H,,,H,True,True,,,0.0625,0.0625,3.134237876444182,,H A B,D,,False,,0.86328125,0.703345775604248,,
train-018354-7a90cb4389406756,4,7,train,8831782360199489366,pointer,F,Q,,,H,False,True,,,-0.4375,0.0625,3.2425333310449598,,Q B K,B,,False,,1.0859375,0.7476159334182739,,
train-018354-7a90cb4389406756,4,8,train,8831782360199489366,pointer,F,B,,,H,False,True,,,-0.375,0.0,3.2445383485812607,,B Q K,B,,True,,1.1953125,0.7676898241043091,,
train-018354-7a90cb4389406756,4,9,train,8831782360199489366,pointer,F,Q,,,H,False,True,,,-0.375,0.0625,3.2418646482964264,,Q B K,B,,False,,1.2578125,0.7786493301391602,,
train-018354-7a90cb4389406756,4,10,train,8831782360199489366,pointer,F,B,,,H,False,True,,,-0.375,0.0,3.241847795320672,,B Q K,B,,True,,1.296875,0.7853085398674011,,
train-018354-7a90cb4389406756,4,11,train,8831782360199489366,pointer,F,B,,,H,False,True,,,-0.3125,0.0,3.2410827540343283,,B K Q,B,,True,,1.3203125,0.7892336845397949,,
train-018354-7a90cb4389406756,4,12,train,8831782360199489366,pointer,F,Q,,,H,False,True,,,-0.375,0.0625,3.2406153118967382,,Q B K,B,,False,,1.328125,0.7905303239822388,,
train-015907-e7c1df0f00dd6b57,5,1,train,16699874148798524247,pointer,P,Y,Y,True,A,False,False,1.5497195136049413e-06,14.5625,-16.59375,14.5625,2.5575979327679225e-05,1,Y R Q,Y,True,True,6.186770770000294e-05,-0.490234375,0.37983831763267517,False,0.4777751564979553
train-015907-e7c1df0f00dd6b57,5,2,train,16699874148798524247,pointer,P,N,N,True,A,False,False,0.0013336582342162728,6.625,-15.71875,6.625,0.01021862923137339,1,N F D,N,True,True,0.002936696168035269,-0.5859375,0.3575674891471863,False,0.4424935579299927
train-015907-e7c1df0f00dd6b57,5,3,train,16699874148798524247,pointer,P,X,F,False,A,False,False,7.692405700683594,-7.5625,-2.0,2.0,0.39237598330301626,3,X A F,P,False,False,3.7471957206726074,-0.37890625,0.4063906967639923,False,0.5215339660644531
train-015907-e7c1df0f00dd6b57,5,4,train,16699874148798524247,pointer,P,A,X,False,A,True,False,1.578406572341919,-1.25,1.25,1.25,0.891583106288678,2,A X B,X,True,False,2.5049240589141846,0.07080078125,0.5176928043365479,False,0.729174017906189
train-015907-e7c1df0f00dd6b57,5,5,train,16699874148798524247,pointer,P,A,A,True,A,True,False,0.7343781590461731,0.5,0.5,0.5,1.5839436397782605,1,A X C,X,False,False,3.0698840618133545,0.48828125,0.6197014451026917,True,0.47851744294166565
train-015907-e7c1df0f00dd6b57,5,6,train,16699874148798524247,pointer,P,A,,,A,True,True,,,0.0625,0.0625,2.5165858038058877,,A C X,C,,False,,0.84765625,0.7000752091407776,,
train-015907-e7c1df0f00dd6b57,5,7,train,16699874148798524247,pointer,P,A,,,A,True,True,,,0.1875,0.1875,2.3481066733301392,,A C X,C,,False,,1.078125,0.7461389899253845,,
train-015907-e7c1df0f00dd6b57,5,8,train,16699874148798524247,pointer,P,A,,,A,True,True,,,0.3125,0.3125,2.2869333203870976,,A N X,N,,False,,1.1875,0.7662936449050903,,
train-015907-e7c1df0f00dd6b57,5,9,train,16699874148798524247,pointer,P,A,,,A,True,True,,,0.3125,0.3125,2.2563094539977584,,A X F,N,,False,,1.25,0.7772998809814453,,
train-015907-e7c1df0f00dd6b57,5,10,train,16699874148798524247,pointer,P,A,,,A,True,True,,,0.25,0.25,2.23437169305233,,A X F,N,,False,,1.2734375,0.7813306450843811,,
train-015907-e7c1df0f00dd6b57,5,11,train,16699874148798524247,pointer,P,A,,,A,True,True,,,0.3125,0.3125,2.230388815128693,,A F X,N,,False,,1.2890625,0.7839884757995605,,
train-015907-e7c1df0f00dd6b57,5,12,train,16699874148798524247,pointer,P,A,,,A,True,True,,,0.25,0.25,2.225146720467324,,A X F,N,,False,,1.296875,0.7853085398674011,,
train-020372-d4bfc952f0acc23f,6,1,train,15330193014654812735,pointer,P,G,G,True,N,False,False,8.22540732769994e-06,13.5,-18.59375,13.5,0.00012768670228206332,1,G F C,G,True,True,0.0007495454628951848,-0.51171875,0.3747906982898712,False,0.46966880559921265
train-020372-d4bfc952f0acc23f,6,2,train,15330193014654812735,pointer,P,S,S,True,N,False,False,0.00032658010604791343,8.1875,-13.5,8.1875,0.003224123287534939,1,S O P,S,True,True,0.0031008278019726276,-0.4921875,0.37937837839126587,False,0.47703373432159424
train-020372-d4bfc952f0acc23f,6,3,train,15330193014654812735,pointer,P,O,O,True,N,False,False,0.00022313489171210676,10.6875,-11.5,10.6875,0.0027612831102655708,1,O A P,Z,False,False,2.445420742034912,-0.28125,0.43014734983444214,False,0.5623774528503418
train-020372-d4bfc952f0acc23f,6,4,train,15330193014654812735,pointer,P,J,J,True,N,False,False,0.039773814380168915,3.25,-10.4375,3.25,0.17620709489380876,1,J H O,J,True,True,1.7450447082519531,0.09375,0.5234203934669495,False,0.7411203980445862
train-020372-d4bfc952f0acc23f,6,5,train,15330193014654812735,pointer,P,J,H,False,N,False,False,1.5276501178741455,-1.0,-3.5,1.0,1.540887144225521,2,J H N,J,False,True,2.7681422233581543,0.46875,0.6150878667831421,False,0.9547401666641235
train-020372-d4bfc952f0acc23f,6,6,train,15330193014654812735,pointer,P,J,N,False,N,False,False,2.6634089946746826,-1.0,-1.0,0.125,2.866737588040749,3,J H N,H,False,False,3.121419906616211,0.7734375,0.6842640042304993,True,0.3794114291667938
train-020372-d4bfc952f0acc23f,6,7,train,15330193014654812735,pointer,P,J,,,N,False,True,,,-1.1875,0.375,3.1602363443672314,,J H G,O,,False,,1.03125,0.7371581792831421,,
train-020372-d4bfc952f0acc23f,6,8,train,15330193014654812735,pointer,P,J,,,N,False,True,,,-0.5,0.125,3.2380915329373265,,J G H,O,,False,,1.1875,0.7662936449050903,,
train-020372-d4bfc952f0acc23f,6,9,train,15330193014654812735,pointer,P,J,,,N,False,True,,,-0.375,0.0625,3.241494064057139,,J G B,N,,False,,1.2734375,0.7813306450843811,,
train-020372-d4bfc952f0acc23f,6,10,train,15330193014654812735,pointer,P,J,,,N,False,True,,,-0.4375,0.125,3.239837648873029,,J G H,Q,,False,,1.3203125,0.7892336845397949,,
train-020372-d4bfc952f0acc23f,6,11,train,15330193014654812735,pointer,P,J,,,N,False,True,,,-0.5625,0.25,3.2335084888473835,,J G H,Q,,False,,1.34375,0.793105959892273,,
train-020372-d4bfc952f0acc23f,6,12,train,15330193014654812735,pointer,P,J,,,N,False,True,,,-0.5625,0.25,3.234640607929515,,J G H,Q,,False,,1.359375,0.7956580519676208,,
train-018951-3cc74311f97bca09,8,1,train,4379542907120241161,pointer,B,J,J,True,B,False,False,0.0002610342635307461,8.4375,-8.4375,8.4375,0.0026180201013047168,1,J B D,J,True,True,0.0004353767435532063,-0.62109375,0.34953272342681885,False,0.43006432056427
train-018951-3cc74311f97bca09,8,2,train,4379542907120241161,pointer,B,B,B,True,B,True,False,0.00022206225548870862,8.4375,8.4375,8.4375,0.0021271776058960326,1,B J C,B,True,True,0.0008943848661147058,-0.5859375,0.3575674891471863,False,0.4424935579299927
train-018951-3cc74311f97bca09,8,3,train,4379542907120241161,pointer,B,J,J,True,B,False,False,5.721882189391181e-05,11.3125,-11.3125,11.3125,0.000780298402112761,1,J B D,B,False,False,4.174724102020264,-0.3203125,0.4205995798110962,False,0.5457614660263062
train-018951-3cc74311f97bca09,8,4,train,4379542907120241161,pointer,B,B,B,True,B,True,False,0.5775315165519714,0.25,0.25,0.25,0.7003363786396077,1,B J C,B,True,True,2.056281805038452,0.08935546875,0.5223240256309509,False,0.7388226389884949
train-018951-3cc74311f97bca09,8,5,train,4379542907120241161,pointer,B,J,J,True,B,False,False,0.3600206673145294,0.875,-0.875,0.875,0.695242728529536,1,J B A,B,False,False,3.6233391761779785,0.4140625,0.6020615696907043,False,0.9214580655097961
train-018951-3cc74311f97bca09,8,6,train,4379542907120241161,pointer,B,B,B,True,B,True,False,0.6441960334777832,0.1875,0.1875,0.1875,0.9470662964538772,1,B J A,B,True,True,1.544693946838379,0.69921875,0.6680145263671875,False,1.1026641130447388
train-018951-3cc74311f97bca09,8,7,train,4379542907120241161,pointer,B,B,J,False,B,True,False,0.8801392316818237,-0.125,0.125,0.125,1.3146473192841837,2,B J Q,B,False,True,3.333768367767334,0.921875,0.7154240012168884,False,1.2567548751831055
train-018951-3cc74311f97bca09,8,8,train,4379542907120241161,pointer,B,B,B,True,B,True,False,0.9745198488235474,0.0,0.0,0.0,1.8177928845105855,1,B J Q,B,True,True,1.80303955078125,1.09375,0.7490872144699097,True,0.28889986872673035
train-018951-3cc74311f97bca09,8,9,train,4379542907120241161,pointer,B,J,,,B,False,True,,,-0.125,0.125,2.256053009579733,,J B Q,B,,False,,1.203125,0.7690802216529846,,
train-018951-3cc74311f97bca09,8,10,train,4379542907120241161,pointer,B,J,,,B,False,True,,,-0.125,0.125,2.417400837760603,,J B Z,B,,False,,1.265625,0.7799928784370422,,
train-018951-3cc74311f97bca09,8,11,train,4379542907120241161,pointer,B,J,,,B,False,True,,,-0.1875,0.1875,2.513661170119505,,J B Z,B,,False,,1.3046875,0.7866228222846985,,
train-018951-3cc74311f97bca09,8,12,train,4379542907120241161,pointer,B,J,,,B,False,True,,,-0.3125,0.3125,2.51659680860889,,J B Z,B,,False,,1.3203125,0.7892336845397949,,
train-015190-27a5287bbddd9c8a,10,1,train,2856734050567953546,pointer,T,Z,Z,True,K,False,False,7.152555099310121e-07,15.25,-19.15625,15.25,1.2502284275211738e-05,1,Z X R,Z,True,True,9.381330892210826e-05,-0.5234375,0.3720487952232361,False,0.4652928113937378
train-015190-27a5287bbddd9c8a,10,2,train,2856734050567953546,pointer,T,C,C,True,K,False,False,0.00032789100077934563,8.25,-15.34375,8.25,0.003219329916733993,1,C B D,C,True,True,0.002153936307877302,-0.5078125,0.3757064640522003,False,0.47113466262817383
train-015190-27a5287bbddd9c8a,10,3,train,2856734050567953546,pointer,T,B,B,True,K,False,False,0.0002586507180240005,10.25,-11.8125,10.25,0.0031116930691886726,1,B A M,B,True,True,1.7981224060058594,-0.333984375,0.4172714650630951,False,0.5400338768959045
train-015190-27a5287bbddd9c8a,10,4,train,2856734050567953546,pointer,T,M,M,True,K,False,False,0.010467862710356712,4.9375,-9.125,4.9375,0.07215621849251,1,M N L,B,False,False,2.6447043418884277,0.07568359375,0.5189118981361389,False,0.731704831123352
train-015190-27a5287bbddd9c8a,10,5,train,2856734050567953546,pointer,T,M,N,False,K,False,False,0.8277309536933899,0.0,-4.625,0.0,1.2816355695007984,2,M N Z,Z,False,False,3.230752468109131,0.486328125,0.6192409992218018,False,0.9655888080596924
train-015190-27a5287bbddd9c8a,10,6,train,2856734050567953546,pointer,T,N,V,False,K,False,False,2.666947364807129,-1.0625,-0.5,0.125,2.615984059592801,5,N M K,X,False,False,3.115433692932129,0.8515625,0.700894832611084,False,1.2069599628448486
train-015190-27a5287bbddd9c8a,10,7,train,2856734050567953546,pointer,T,K,A,False,K,True,False,3.8521220684051514,-2.625,0.625,0.625,2.572338122482673,13,K X N,X,False,False,3.1015117168426514,1.0546875,0.74167400598526,False,1.3535330295562744
train-015190-27a5287bbddd9c8a,10,8,train,2856734050567953546,pointer,T,K,L,False,K,True,False,5.400683403015137,-4.5,0.125,0.125,1.7328148053853925,18,K X Y,X,False,False,3.9228436946868896,1.1171875,0.7534666657447815,False,1.4002580642700195
train-015190-27a5287bbddd9c8a,10,9,train,2856734050567953546,pointer,T,X,Q,False,K,False,False,6.823001384735107,-6.125,-0.125,0.125,1.0538524108536176,16,X K Y,X,False,True,3.1658825874328613,1.109375,0.7520126104354858,False,1.3943772315979004
train-015190-27a5287bbddd9c8a,10,10,train,2856734050567953546,pointer,T,X,K,False,K,False,False,0.9728623032569885,-0.4375,-0.4375,0.4375,0.9008815501484738,2,X K Y,X,False,True,3.3242058753967285,1.0859375,0.7476159334182739,True,0.29086586833000183
train-015190-27a5287bbddd9c8a,10,11,train,2856734050567953546,pointer,T,X,,,K,False,True,,,-0.375,0.375,0.860051671012432,,X K B,X,,True,,1.0546875,0.74167400598526,,
train-015190-27a5287bbddd9c8a,10,12,train,2856734050567953546,pointer,T,X,,,K,False,True,,,-0.625,0.625,0.8168722647419295,,X K B,X,,True,,1.0390625,0.7386690378189087,,
train-034658-7ce362f19e5da916,12,1,train,8999145270299961622,pointer,J,M,M,True,D,False,False,0.00010775939153973013,10.6875,-11.8125,10.6875,0.001372006454445696,1,M N O,M,True,True,0.00034433635300956666,-0.5625,0.36296918988227844,False,0.45093727111816406
train-034658-7ce362f19e5da916,12,2,train,8999145270299961622,pointer,J,N,N,True,D,False,False,1.3112935448589269e-05,12.6875,-13.8125,12.6875,0.00019304097382961288,1,N P M,N,True,True,0.022982655093073845,-0.578125,0.3593641221523285,False,0.4452941417694092
train-034658-7ce362f19e5da916,12,3,train,8999145270299961622,pointer,J,Q,Q,True,D,False,False,0.0002475670480635017,8.9375,-11.5,8.9375,0.002813435315165571,1,Q A S,C,False,False,2.8799476623535156,-0.404296875,0.4002804160118103,False,0.5112930536270142
train-034658-7ce362f19e5da916,12,4,train,8999145270299961622,pointer,J,A,A,True,D,False,False,0.0018309272127225995,6.6875,-9.0625,6.6875,0.01569191981100134,1,A B Q,A,True,True,1.93074369430542,0.051513671875,0.5128755569458008,False,0.7192356586456299
train-034658-7ce362f19e5da916,12,5,train,8999145270299961622,pointer,J,A,B,False,D,False,False,1.1870607137680054,-0.75,-6.1875,0.75,0.8657616845549927,2,A B X,B,True,False,1.8678176403045654,0.455078125,0.6118459105491638,False,0.9463529586791992
train-034658-7ce362f19e5da916,12,6,train,8999145270299961622,pointer,J,B,X,False,D,False,False,2.3566267490386963,-1.375,-3.4375,0.375,2.050367247791253,3,B A X,B,False,True,3.2186930179595947,0.7734375,0.6842640042304993,False,1.1528489589691162
train-034658-7ce362f19e5da916,12,7,train,8999145270299961622,pointer,J,B,K,False,D,False,False,3.60671067237854,-1.4375,-1.0,0.1875,3.1258042590893385,17,B F A,B,False,True,3.4009480476379395,1.0390625,0.7386690378189087,False,1.3419678211212158
train-034658-7ce362f19e5da916,12,8,train,8999145270299961622,pointer,J,Q,I,False,D,False,False,3.350067615509033,-0.4375,-0.3125,0.0625,3.2476426342340843,19,Q B N,B,False,False,3.1788599491119385,1.203125,0.7690802216529846,False,1.4656848907470703
train-034658-7ce362f19e5da916,12,9,train,8999145270299961622,pointer,J,Q,F,False,D,False,False,3.151893138885498,-0.25,-0.3125,0.125,3.24639550803531,5,Q B K,B,False,False,3.310102701187134,1.28125,0.7826625108718872,False,1.526303768157959
train-034658-7ce362f19e5da916,12,10,train,8999145270299961622,pointer,J,Q,S,False,D,False,False,3.2688190937042236,-0.375,-0.25,0.125,3.2448455160909733,13,Q B J,B,False,False,2.986562728881836,1.3203125,0.7892336845397949,False,1.5570052862167358
train-034658-7ce362f19e5da916,12,11,train,8999145270299961622,pointer,J,Q,O,False,D,False,False,3.4425575733184814,-0.5625,-0.25,0.125,3.2441345251960643,23,Q B K,B,False,False,3.3049159049987793,1.3359375,0.7918210625648499,False,1.5693573951721191
train-034658-7ce362f19e5da916,12,12,train,8999145270299961622,pointer,J,Q,D,False,D,False,False,3.136367082595825,-0.25,-0.25,0.125,3.2450513673229877,5,Q B K,B,False,False,3.4101388454437256,1.3515625,0.7943849563598633,True,0.23018710315227509
