example_id,task_depth,loop,split,seed,family,initial_state,prediction,intermediate_target,intermediate_correct,final_target,final_correct,post_completion,intermediate_loss,intermediate_margin,final_margin,predicted_margin,answer_entropy,target_rank,top_symbols,r_prediction,r_intermediate_correct,r_c_agree,r_intermediate_loss,stop_logit,stop_probability,stop_target,stop_loss
train-017550-2da9fdf39c01ec4c,1,1,train,3290440225507109964,pointer,I,T,T,True,T,True,False,5.483612312673358e-06,13.4375,13.4375,13.4375,8.588586720836317e-05,1,T A M,T,True,True,2.5629668016335927e-05,-0.158203125,0.4605315029621124,True,0.7753739953041077
train-017550-2da9fdf39c01ec4c,1,2,train,3290440225507109964,pointer,I,V,,,T,False,True,,,-13.6875,13.6875,9.974094457157818e-05,,V T I,V,,True,,-0.298828125,0.4258439540863037,,
train-017550-2da9fdf39c01ec4c,1,3,train,3290440225507109964,pointer,I,K,,,T,False,True,,,-10.375,8.0625,0.008992526901101998,,K P J,V,,False,,-0.048095703125,0.48797836899757385,,
train-017550-2da9fdf39c01ec4c,1,4,train,3290440225507109964,pointer,I,P,,,T,False,True,,,-7.375,1.375,0.6149097766634224,,P K J,K,,False,,0.322265625,0.5798763036727905,,
train-017550-2da9fdf39c01ec4c,1,5,train,3290440225507109964,pointer,I,Z,,,T,False,True,,,-6.0,5.0,0.3803545755280775,,Z W P,J,,False,,0.62890625,0.6522414088249207,,
train-017550-2da9fdf39c01ec4c,1,6,train,3290440225507109964,pointer,I,W,,,T,False,True,,,-4.5,2.875,1.1803910049707453,,W Z X,W,,True,,0.90234375,0.7114308476448059,,
train-017550-2da9fdf39c01ec4c,1,7,train,3290440225507109964,pointer,I,N,,,T,False,True,,,-4.375,1.75,1.4300624292331192,,N W X,W,,False,,1.0546875,0.74167400598526,,
train-017550-2da9fdf39c01ec4c,1,8,train,3290440225507109964,pointer,I,X,,,T,False,True,,,-4.125,2.0,1.4434225288259346,,X P N,N,,False,,1.171875,0.7634837031364441,,
train-017550-2da9fdf39c01ec4c,1,9,train,3290440225507109964,pointer,I,P,,,T,False,True,,,-4.9375,0.6875,1.1312002352779293,,P X I,X,,False,,1.2734375,0.7813306450843811,,
train-017550-2da9fdf39c01ec4c,1,10,train,3290440225507109964,pointer,I,Z,,,T,False,True,,,-3.6875,2.0,1.110407646710299,,Z P T,P,,False,,1.2578125,0.7786493301391602,,
train-017550-2da9fdf39c01ec4c,1,11,train,3290440225507109964,pointer,I,W,,,T,False,True,,,-3.8125,2.0625,1.6188058685548503,,W Z X,W,,True,,1.3359375,0.7918210625648499,,
train-017550-2da9fdf39c01ec4c,1,12,train,3290440225507109964,pointer,I,N,,,T,False,True,,,-4.0625,1.625,1.6349681236590394,,N W X,W,,False,,1.3359375,0.7918210625648499,,
train-028513-482db515c5465556,2,1,train,5201012249791452502,pointer,E,H,H,True,X,False,False,1.1801649634435307e-05,12.6875,-13.5625,12.6875,0.00017480742955610677,1,H A I,H,True,True,3.361645576660521e-05,-0.337890625,0.4163219630718231,False,0.5384057760238647
train-028513-482db515c5465556,2,2,train,5201012249791452502,pointer,E,X,X,True,X,True,False,2.861018856492592e-06,14.125,14.125,14.125,4.650702937701253e-05,1,X C Q,X,True,True,0.0042296480387449265,-0.296875,0.4263215959072113,True,0.8525612950325012
train-028513-482db515c5465556,2,3,train,5201012249791452502,pointer,E,Q,,,X,False,True,,,-9.5,9.0625,0.008488664528117485,,Q P J,Q,,True,,-0.1240234375,0.469033807516098,,
train-028513-482db515c5465556,2,4,train,5201012249791452502,pointer,E,J,,,X,False,True,,,-6.6875,2.3125,0.4263756176229944,,J Q E,Q,,False,,0.2265625,0.5563995838165283,,
train-028513-482db515c5465556,2,5,train,5201012249791452502,pointer,E,E,,,X,False,True,,,-5.9375,1.75,1.0752640125036323,,E J I,J,,False,,0.494140625,0.6210813522338867,,
train-028513-482db515c5465556,2,6,train,5201012249791452502,pointer,E,H,,,X,False,True,,,-4.75,1.0,1.7849632428336675,,H J F,H,,True,,0.78515625,0.6867902874946594,,
train-028513-482db515c5465556,2,7,train,5201012249791452502,pointer,E,E,,,X,False,True,,,-4.9375,0.8125,1.7894333579097377,,E J F,J,,False,,0.94140625,0.7193835973739624,,
train-028513-482db515c5465556,2,8,train,5201012249791452502,pointer,E,H,,,X,False,True,,,-4.625,2.125,1.8544606666221148,,H J F,H,,True,,1.1171875,0.7534666657447815,,
train-028513-482db515c5465556,2,9,train,5201012249791452502,pointer,E,E,,,X,False,True,,,-4.3125,0.5625,2.1269419114524744,,E J H,J,,False,,1.171875,0.7634837031364441,,
train-028513-482db515c5465556,2,10,train,5201012249791452502,pointer,E,H,,,X,False,True,,,-4.4375,2.0,2.006925194578348,,H J F,H,,True,,1.2734375,0.7813306450843811,,
train-028513-482db515c5465556,2,11,train,5201012249791452502,pointer,E,E,,,X,False,True,,,-4.0625,0.5,2.246560860394199,,E J H,J,,False,,1.2734375,0.7813306450843811,,
train-028513-482db515c5465556,2,12,train,5201012249791452502,pointer,E,H,,,X,False,True,,,-4.25,1.875,2.150096367623765,,H J F,H,,True,,1.34375,0.793105959892273,,
train-027434-d400c0bd81dcd93e,3,1,train,15276421856200808766,pointer,D,D,D,True,D,True,False,6.437280717364047e-06,12.875,12.875,12.875,9.516068667872535e-05,1,D C B,D,True,True,0.0002636561985127628,-0.408203125,0.3993430435657501,False,0.5097313523292542
train-027434-d400c0bd81dcd93e,3,2,train,15276421856200808766,pointer,D,D,D,True,D,True,False,1.5020257706055418e-05,12.0,12.0,12.0,0.0002061100366577445,1,D B C,D,True,True,0.004566004499793053,-0.427734375,0.39466747641563416,False,0.5019773244857788
train-027434-d400c0bd81dcd93e,3,3,train,15276421856200808766,pointer,D,D,D,True,D,True,False,6.437094270950183e-05,11.0625,11.0625,11.0625,0.0008458675806068013,1,D C B,D,True,True,0.034261442720890045,-0.236328125,0.4411914050579071,True,0.8182764053344727
train-027434-d400c0bd81dcd93e,3,4,train,15276421856200808766,pointer,D,D,,,D,True,True,,,6.0,6.0,0.04906582205291779,,D Z Y,Y,,False,,0.22265625,0.5554351806640625,,
train-027434-d400c0bd81dcd93e,3,5,train,15276421856200808766,pointer,D,D,,,D,True,True,,,3.0625,3.0625,0.3957210580131319,,D Z Y,Y,,False,,0.61328125,0.6486889719963074,,
train-027434-d400c0bd81dcd93e,3,6,train,15276421856200808766,pointer,D,D,,,D,True,True,,,1.625,1.625,0.8138989721398294,,D M Z,M,,False,,0.8671875,0.7041601538658142,,
train-027434-d400c0bd81dcd93e,3,7,train,15276421856200808766,pointer,D,D,,,D,True,True,,,3.375,3.375,0.5188873726795131,,D M R,M,,False,,1.0703125,0.7446563243865967,,
train-027434-d400c0bd81dcd93e,3,8,train,15276421856200808766,pointer,D,D,,,D,True,True,,,3.375,3.375,0.5478086444245053,,D L R,L,,False,,1.2109375,0.7704647779464722,,
train-027434-d400c0bd81dcd93e,3,9,train,15276421856200808766,pointer,D,D,,,D,True,True,,,3.375,3.375,0.5789897019049146,,D E L,C,,False,,1.328125,0.7905303239822388,,
train-027434-d400c0bd81dcd93e,3,10,train,15276421856200808766,pointer,D,D,,,D,True,True,,,6.0,6.0,0.13196657984606033,,D G R,D,,True,,1.4140625,0.804405927658081,,
train-027434-d400c0bd81dcd93e,3,11,train,15276421856200808766,pointer,D,D,,,D,True,True,,,2.75,2.75,0.4448610539377258,,D E R,R,,False,,1.390625,0.8006919622421265,,
train-027434-d400c0bd81dcd93e,3,12,train,15276421856200808766,pointer,D,D,,,D,True,True,,,6.375,6.375,0.10319075132126808,,D E Z,D,,True,,1.4453125,0.8092759251594543,,
train-011064-51a24a3d90468f93,4,1,train,5882345691573292947,pointer,X,J,J,True,D,False,False,5.829164365422912e-05,10.4375,-12.1875,10.4375,0.0007288691184185045,1,J B A,J,True,True,2.288792165927589e-05,-0.40625,0.39981165528297424,False,0.5105117559432983
train-011064-51a24a3d90468f93,4,2,train,5882345691573292947,pointer,X,D,D,True,D,True,False,6.794698856538162e-05,10.0625,10.0625,10.0625,0.0008014298176749239,1,D C B,D,True,True,0.0029696195852011442,-0.40625,0.39981165528297424,False,0.5105117559432983
train-011064-51a24a3d90468f93,4,3,train,5882345691573292947,pointer,X,B,B,True,D,False,False,0.0015387610765174031,7.8125,-8.5,7.8125,0.015535747579361667,1,B C D,D,False,False,2.9403374195098877,-0.01068115234375,0.4973297417163849,False,0.6878208518028259
train-011064-51a24a3d90468f93,4,4,train,5882345691573292947,pointer,X,D,D,True,D,True,False,0.5405324101448059,0.8125,0.8125,0.8125,1.2317682081319603,1,D B Z,Z,False,False,2.8733370304107666,0.431640625,0.6062653660774231,True,0.5004374980926514
train-011064-51a24a3d90468f93,4,5,train,5882345691573292947,pointer,X,D,,,D,True,True,,,0.875,0.875,1.3153034025946964,,D B C,C,,False,,0.8203125,0.6943026781082153,,
train-011064-51a24a3d90468f93,4,6,train,5882345691573292947,pointer,X,B,,,D,False,True,,,-1.75,0.5625,1.7967895623797003,,B R C,C,,False,,1.0703125,0.7446563243865967,,
train-011064-51a24a3d90468f93,4,7,train,5882345691573292947,pointer,X,D,,,D,True,True,,,0.375,0.375,1.9109922273745161,,D B P,P,,False,,1.1953125,0.7676898241043091,,
train-011064-51a24a3d90468f93,4,8,train,5882345691573292947,pointer,X,B,,,D,False,True,,,-0.25,0.1875,2.1191756640933432,,B P D,P,,False,,1.3203125,0.7892336845397949,,
train-011064-51a24a3d90468f93,4,9,train,5882345691573292947,pointer,X,B,,,D,False,True,,,-1.1875,1.1875,1.882203946612575,,B D P,P,,False,,1.3671875,0.7969253659248352,,
train-011064-51a24a3d90468f93,4,10,train,5882345691573292947,pointer,X,B,,,D,False,True,,,-0.3125,0.3125,1.9988400919673075,,B D P,P,,False,,1.4140625,0.804405927658081,,
train-011064-51a24a3d90468f93,4,11,train,5882345691573292947,pointer,X,B,,,D,False,True,,,-0.9375,0.9375,1.959443723273143,,B D P,P,,False,,1.4375,0.8080672025680542,,
train-011064-51a24a3d90468f93,4,12,train,5882345691573292947,pointer,X,B,,,D,False,True,,,-0.75,0.75,1.9717188959187095,,B D P,P,,False,,1.4453125,0.8092759251594543,,
train-015196-13d4b272449f280f,5,1,train,1428963185630586895,pointer,N,K,K,True,O,False,False,2.50339189733495e-06,14.34375,-18.625,14.34375,3.994759675296852e-05,1,K C J,K,True,True,4.23184028477408e-05,-0.421875,0.39606815576553345,False,0.5042939186096191
train-015196-13d4b272449f280f,5,2,train,1428963185630586895,pointer,N,X,X,True,O,False,False,9.417489309271332e-06,13.8125,-15.46875,13.8125,0.0001449221054999111,1,X C A,X,True,True,0.0017328736139461398,-0.380859375,0.4059196412563324,False,0.5207406878471375
train-015196-13d4b272449f280f,5,3,train,1428963185630586895,pointer,N,B,B,True,O,False,False,0.0017191881779581308,7.5625,-11.5625,7.5625,0.016845725856296904,1,B A X,X,False,False,3.143988609313965,-0.1845703125,0.4539879560470581,False,0.605114221572876
train-015196-13d4b272449f280f,5,4,train,1428963185630586895,pointer,N,A,A,True,O,False,False,0.022429823875427246,4.375,-6.375,4.375,0.1495105013105436,1,A B O,O,False,False,2.9476776123046875,0.2255859375,0.5561585426330566,False,0.8122878670692444
train-015196-13d4b272449f280f,5,5,train,1428963185630586895,pointer,N,A,O,False,O,False,False,1.4558734893798828,-1.0,-1.0,1.0,1.1568303711687866,2,A O B,O,True,False,0.8897026777267456,0.55078125,0.6343168616294861,True,0.4552067518234253
train-015196-13d4b272449f280f,5,6,train,1428963185630586895,pointer,N,B,,,O,False,True,,,-0.6875,0.0,2.0982254663742737,,B W O,O,,False,,0.79296875,0.6884684562683105,,
train-015196-13d4b272449f280f,5,7,train,1428963185630586895,pointer,N,A,,,O,False,True,,,-2.5,1.9375,1.2046414181858138,,A B O,O,,False,,0.98828125,0.7287483215332031,,
train-015196-13d4b272449f280f,5,8,train,1428963185630586895,pointer,N,A,,,O,False,True,,,-1.1875,1.1875,1.6459107588283064,,A O B,O,,False,,1.1171875,0.7534666657447815,,
train-015196-13d4b272449f280f,5,9,train,1428963185630586895,pointer,N,B,,,O,False,True,,,-0.625,0.625,2.4982030986116457,,B O A,O,,False,,1.1796875,0.7648916244506836,,
train-015196-13d4b272449f280f,5,10,train,1428963185630586895,pointer,N,A,,,O,False,True,,,-1.625,1.625,1.516151983664528,,A O B,O,,False,,1.234375,0.7745833992958069,,
train-015196-13d4b272449f280f,5,11,train,1428963185630586895,pointer,N,A,,,O,False,True,,,-0.625,0.625,1.8085168459502956,,A O B,O,,False,,1.2578125,0.7786493301391602,,
train-015196-13d4b272449f280f,5,12,train,1428963185630586895,pointer,N,B,,,O,False,True,,,-0.625,0.4375,2.342113152538549,,B A O,O,,False,,1.2578125,0.7786493301391602,,
train-031010-3b402ed8c72d2397,6,1,train,4269463955336668055,pointer,J,V,V,True,C,False,False,1.1920922133867862e-06,15.0625,-16.6875,15.0625,2.3331845632428885e-05,1,V Z R,V,True,True,5.900685573578812e-05,-0.474609375,0.3835258483886719,False,0.48373889923095703
train-031010-3b402ed8c72d2397,6,2,train,4269463955336668055,pointer,J,B,B,True,C,False,False,2.622600959512056e-06,13.5625,-13.5625,13.5625,4.159419099094508e-05,1,B C A,B,True,True,0.0003844952443614602,-0.482421875,0.38168036937713623,False,0.48074978590011597
train-031010-3b402ed8c72d2397,6,3,train,4269463955336668055,pointer,J,I,I,True,C,False,False,0.0023388906847685575,7.875,-9.5625,7.875,0.023160741358417024,1,I S Z,I,True,True,0.2864867150783539,-0.1162109375,0.4709798991680145,False,0.6367288827896118
train-031010-3b402ed8c72d2397,6,4,train,4269463955336668055,pointer,J,H,H,True,C,False,False,0.027640676125884056,4.9375,-7.125,4.9375,0.20240036326018704,1,H I K,Z,False,False,3.099031925201416,0.314453125,0.5779718160629272,False,0.8626832365989685
train-031010-3b402ed8c72d2397,6,5,train,4269463955336668055,pointer,J,Q,Q,True,C,False,False,0.13916580379009247,2.625,-4.3125,2.625,0.6693205254736276,1,Q H C,H,False,False,3.4515416622161865,0.64453125,0.6557770371437073,False,1.0664656162261963
train-031010-3b402ed8c72d2397,6,6,train,4269463955336668055,pointer,J,C,C,True,C,True,False,0.7360037565231323,0.25,0.25,0.25,1.409056989971365,1,C Q H,Q,False,False,3.719233989715576,0.890625,0.709019124507904,True,0.3438727557659149
train-031010-3b402ed8c72d2397,6,7,train,4269463955336668055,pointer,J,C,,,C,True,True,,,4.1875,4.1875,0.4637472131071004,,C S B,C,,True,,1.0546875,0.74167400598526,,
train-031010-3b402ed8c72d2397,6,8,train,4269463955336668055,pointer,J,C,,,C,True,True,,,3.625,3.625,0.6692762982148055,,C S B,C,,True,,1.1875,0.7662936449050903,,
train-031010-3b402ed8c72d2397,6,9,train,4269463955336668055,pointer,J,C,,,C,True,True,,,3.25,3.25,0.8882806001918134,,C S B,C,,True,,1.2890625,0.7839884757995605,,
train-031010-3b402ed8c72d2397,6,10,train,4269463955336668055,pointer,J,C,,,C,True,True,,,3.1875,3.1875,0.9430692767098836,,C S B,C,,True,,1.3515625,0.7943849563598633,,
train-031010-3b402ed8c72d2397,6,11,train,4269463955336668055,pointer,J,C,,,C,True,True,,,3.125,3.125,1.010127585323084,,C S B,C,,True,,1.3984375,0.8019358515739441,,
train-031010-3b402ed8c72d2397,6,12,train,4269463955336668055,pointer,J,C,,,C,True,True,,,3.125,3.125,1.0287322740404146,,C S B,C,,True,,1.421875,0.8056321740150452,,
train-015747-f1c88e83dad8868c,8,1,train,17422331855446247052,pointer,P,L,L,True,O,False,False,2.264974000354414e-06,14.84375,-17.546875,14.84375,3.7432224521550504e-05,1,L B A,L,True,True,0.00011646069469861686,-0.419921875,0.3965354859828949,False,0.5050680041313171
train-015747-f1c88e83dad8868c,8,2,train,17422331855446247052,pointer,P,O,O,True,O,True,False,0.00014423283573705703,8.875,8.875,8.875,0.001449179516331115,1,O P A,O,True,True,0.0003159739135298878,-0.427734375,0.39466747641563416,False,0.5019773244857788
train-015747-f1c88e83dad8868c,8,3,train,17422331855446247052,pointer,P,P,P,True,O,False,False,0.0007619338575750589,8.3125,-8.3125,8.3125,0.008208173929629447,1,P O L,O,False,False,4.214702606201172,-0.111328125,0.47219666838645935,False,0.6390315890312195
train-015747-f1c88e83dad8868c,8,4,train,17422331855446247052,pointer,P,L,L,True,O,False,False,0.08612588793039322,3.25,-3.25,3.25,0.4456062151437268,1,L O P,E,False,False,3.8616867065429688,0.275390625,0.5684158205986023,False,0.8402926921844482
train-015747-f1c88e83dad8868c,8,5,train,17422331855446247052,pointer,P,O,O,True,O,True,False,0.039845872670412064,3.75,3.75,3.75,0.2398800589255742,1,O P D,O,True,True,0.3157661259174347,0.58984375,0.6433292627334595,False,1.0309423208236694
train-015747-f1c88e83dad8868c,8,6,train,17422331855446247052,pointer,P,P,P,True,O,False,False,0.09386520832777023,3.75,-3.75,3.75,0.5483107375781917,1,P O L,E,False,False,3.6900110244750977,0.84375,0.6992544531822205,False,1.2014906406402588
train-015747-f1c88e83dad8868c,8,7,train,17422331855446247052,pointer,P,L,L,True,O,False,False,0.5706624984741211,0.9375,-2.0,0.9375,1.5265161305740362,1,L P O,E,False,False,3.759246826171875,1.03125,0.7371581792831421,False,1.33620285987854
train-015747-f1c88e83dad8868c,8,8,train,17422331855446247052,pointer,P,O,O,True,O,True,False,0.1031806617975235,3.0625,3.0625,3.0625,0.5478305024397373,1,O P L,O,True,True,0.33518922328948975,1.140625,0.7577943801879883,True,0.277343213558197
train-015747-f1c88e83dad8868c,8,9,train,17422331855446247052,pointer,P,P,,,O,False,True,,,-2.75,2.75,0.7168386500574422,,P O L,O,,False,,1.203125,0.7690802216529846,,
train-015747-f1c88e83dad8868c,8,10,train,17422331855446247052,pointer,P,L,,,O,False,True,,,-1.8125,0.6875,1.7060652855848146,,L P O,P,,False,,1.265625,0.7799928784370422,,
train-015747-f1c88e83dad8868c,8,11,train,17422331855446247052,pointer,P,O,,,O,True,True,,,3.0,3.0,0.6221353003830979,,O P L,O,,True,,1.296875,0.7853085398674011,,
train-015747-f1c88e83dad8868c,8,12,train,17422331855446247052,pointer,P,P,,,O,False,True,,,-2.625,2.625,0.7193155875284911,,P O L,O,,False,,1.3046875,0.7866228222846985,,
train-025342-c6089c0814d91af7,10,1,train,14269826977846860535,pointer,Y,J,J,True,V,False,False,4.291525328881107e-06,13.46875,-18.3125,13.46875,6.61616997376007e-05,1,J B A,J,True,True,3.7431014789035544e-05,-0.421875,0.39606815576553345,False,0.5042939186096191
train-025342-c6089c0814d91af7,10,2,train,14269826977846860535,pointer,Y,Q,Q,True,V,False,False,1.4305104514278355e-06,14.75,-20.5625,14.75,2.3582138444612025e-05,1,Q K R,Q,True,True,0.0028376809787005186,-0.431640625,0.3937346339225769,False,0.5004374980926514
train-025342-c6089c0814d91af7,10,3,train,14269826977846860535,pointer,Y,A,A,True,V,False,False,0.0008559139096178114,8.1875,-11.9375,8.1875,0.00888058626462195,1,A B Q,Q,False,False,4.269646167755127,-0.11767578125,0.4706149399280548,False,0.6360392570495605
train-025342-c6089c0814d91af7,10,4,train,14269826977846860535,pointer,Y,W,W,True,V,False,False,0.22483670711517334,1.4375,-8.5625,1.4375,0.5739297633766888,1,W A T,Q,False,False,2.211132526397705,0.23046875,0.5573635101318359,False,0.8150063753128052
train-025342-c6089c0814d91af7,10,5,train,14269826977846860535,pointer,Y,W,T,False,V,False,False,3.856678009033203,-3.75,-6.875,3.0625,0.5456575877755137,3,W A T,W,False,True,2.6236610412597656,0.56640625,0.6379335522651672,False,1.0159274339675903
train-025342-c6089c0814d91af7,10,6,train,14269826977846860535,pointer,Y,T,B,False,V,False,False,4.906577110290527,-4.5625,-6.375,1.3125,1.097137122112578,5,T W S,T,False,True,3.201536178588867,0.84375,0.6992544531822205,False,1.2014906406402588
train-025342-c6089c0814d91af7,10,7,train,14269826977846860535,pointer,Y,T,U,False,V,False,False,4.662796497344971,-3.625,-4.1875,1.1875,2.5719375594331098,25,T J B,J,False,False,3.9192891120910645,1.0546875,0.74167400598526,False,1.3535330295562744
train-025342-c6089c0814d91af7,10,8,train,14269826977846860535,pointer,Y,A,Z,False,V,False,False,3.5861849784851074,-2.625,-4.25,1.0625,2.2776637550354244,6,A W B,B,False,False,3.643327474594116,1.2265625,0.7732163667678833,False,1.4837589263916016
train-025342-c6089c0814d91af7,10,9,train,14269826977846860535,pointer,Y,W,L,False,V,False,False,4.277146816253662,-3.5625,-4.3125,1.375,2.099145751344137,10,W A Z,B,False,False,3.5217723846435547,1.3515625,0.7943849563598633,False,1.5817495584487915
train-025342-c6089c0814d91af7,10,10,train,14269826977846860535,pointer,Y,L,V,False,V,False,False,3.9247655868530273,-1.9375,-1.9375,0.75,3.0854461809339955,22,L A J,J,False,False,3.7710506916046143,1.40625,0.8031737804412842,True,0.21918416023254395
train-025342-c6089c0814d91af7,10,11,train,14269826977846860535,pointer,Y,E,,,V,False,True,,,-2.75,0.625,3.036094305390163,,E K A,K,,False,,1.453125,0.8104788661003113,,
train-025342-c6089c0814d91af7,10,12,train,14269826977846860535,pointer,Y,W,,,V,False,True,,,-4.4375,0.5625,2.1050750675439636,,W O A,O,,False,,1.46875,0.8128673434257507,,
train-021284-2eb9e31042c7173f,12,1,train,3366971855415482175,pointer,V,T,T,True,Y,False,False,3.576272320060525e-06,14.15625,-20.515625,14.15625,5.679135522855574e-05,1,T A M,T,True,True,6.747018051100895e-05,-0.462890625,0.38630032539367676,False,0.4882495403289795
train-021284-2eb9e31042c7173f,12,2,train,3366971855415482175,pointer,V,Y,Y,True,Y,True,False,0.0005670370301231742,7.5,7.5,7.5,0.0049026724683165135,1,Y S T,Y,True,True,0.0008587724878452718,-0.447265625,0.3900110721588135,False,0.4943144917488098
train-021284-2eb9e31042c7173f,12,3,train,3366971855415482175,pointer,V,S,S,True,Y,False,False,0.0006457865820266306,9.5,-10.5,9.5,0.007344054746260544,1,S T U,Y,False,False,3.218728542327881,-0.0888671875,0.47779780626296997,False,0.6497004628181458
train-021284-2eb9e31042c7173f,12,4,train,3366971855415482175,pointer,V,U,U,True,Y,False,False,0.09672097116708755,3.125,-6.5,3.125,0.49274693816467774,1,U O S,O,False,False,3.4434447288513184,0.28125,0.5698526501655579,False,0.8436274528503418
train-021284-2eb9e31042c7173f,12,5,train,3366971855415482175,pointer,V,V,V,True,Y,False,False,0.21820469200611115,1.875,-5.5,1.875,0.8306627443995526,1,V U T,U,False,False,3.2449657917022705,0.625,0.6513549089431763,False,1.0537006855010986
train-021284-2eb9e31042c7173f,12,6,train,3366971855415482175,pointer,V,T,T,True,Y,False,False,0.5183491110801697,1.1875,-1.1875,1.1875,1.5879927863628525,1,T Y F,Y,False,False,3.9697418212890625,0.92578125,0.7162185907363892,False,1.2595510482788086
train-021284-2eb9e31042c7173f,12,7,train,3366971855415482175,pointer,V,U,Y,False,Y,False,False,2.259282112121582,-1.875,-1.875,1.875,1.345810613240933,2,U Y O,Y,True,False,1.4263049364089966,1.0859375,0.7476159334182739,False,1.3768033981323242
train-021284-2eb9e31042c7173f,12,8,train,3366971855415482175,pointer,V,V,S,False,Y,False,False,5.215491771697998,-4.875,-4.875,1.375,1.1025176156904573,5,V U T,U,False,False,3.123716354370117,1.1640625,0.7620701193809509,False,1.4357792139053345
train-021284-2eb9e31042c7173f,12,9,train,3366971855415482175,pointer,V,T,U,False,Y,False,False,4.841867446899414,-4.1875,-0.875,0.875,1.795075384986379,15,T Y F,Y,False,False,3.3993349075317383,1.28125,0.7826625108718872,False,1.526303768157959
train-021284-2eb9e31042c7173f,12,10,train,3366971855415482175,pointer,V,U,V,False,Y,False,False,3.417163848876953,-3.0,-1.8125,1.8125,1.4345867373326682,4,U Y O,Y,False,False,3.353856086730957,1.3203125,0.7892336845397949,False,1.5570052862167358
train-021284-2eb9e31042c7173f,12,11,train,3366971855415482175,pointer,V,V,T,False,Y,False,False,3.5930609703063965,-3.25,-4.8125,1.375,1.1139229035468194,3,V U T,U,False,False,3.5846030712127686,1.3125,0.7879312038421631,False,1.5508445501327515
train-021284-2eb9e31042c7173f,12,12,train,3366971855415482175,pointer,V,T,Y,False,Y,False,False,1.5143396854400635,-0.8125,-0.8125,0.8125,1.8713603288351626,2,T Y F,Y,True,False,1.3722654581069946,1.3828125,0.7994422912597656,True,0.2238408923149109
train-015642-d231c1cbe0efdf6b,1,1,train,15146100103220027243,pointer,M,E,E,True,E,True,False,0.0001438752660760656,9.3125,9.3125,9.3125,0.0016078354873515254,1,E A C,E,True,True,3.349725011503324e-05,-0.1923828125,0.45205211639404297,True,0.7939578294754028
train-015642-d231c1cbe0efdf6b,1,2,train,15146100103220027243,pointer,M,D,,,E,False,True,,,-13.125,9.6875,0.0009563805560428124,,D C B,D,,True,,-0.306640625,0.4239349663257599,,
train-015642-d231c1cbe0efdf6b,1,3,train,15146100103220027243,pointer,M,S,,,E,False,True,,,-12.09375,9.9375,0.006307896946680935,,S Z K,S,,True,,0.000598907470703125,0.5001497268676758,,
train-015642-d231c1cbe0efdf6b,1,4,train,15146100103220027243,pointer,M,K,,,E,False,True,,,-7.125,3.625,0.3649055486196762,,K S B,S,,False,,0.375,0.5926666259765625,,
train-015642-d231c1cbe0efdf6b,1,5,train,15146100103220027243,pointer,M,F,,,E,False,True,,,-3.1875,0.0,2.1489791985863276,,F I B,S,,False,,0.66796875,0.6610482335090637,,
train-015642-d231c1cbe0efdf6b,1,6,train,15146100103220027243,pointer,M,M,,,E,False,True,,,-3.125,1.3125,1.741383649683431,,M F K,F,,False,,0.9140625,0.7138307690620422,,
train-015642-d231c1cbe0efdf6b,1,7,train,15146100103220027243,pointer,M,E,,,E,True,True,,,2.1875,2.1875,1.2867769636234019,,E I M,E,,True,,1.1015625,0.7505527138710022,,
train-015642-d231c1cbe0efdf6b,1,8,train,15146100103220027243,pointer,M,S,,,E,False,True,,,-3.1875,1.8125,2.4153384846439403,,S D M,S,,True,,1.28125,0.7826625108718872,,
train-015642-d231c1cbe0efdf6b,1,9,train,15146100103220027243,pointer,M,K,,,E,False,True,,,-4.75,1.1875,1.9892350712989655,,K S Y,S,,False,,1.3515625,0.7943849563598633,,
train-015642-d231c1cbe0efdf6b,1,10,train,15146100103220027243,pointer,M,F,,,E,False,True,,,-2.8125,0.4375,2.566955882965885,,F I V,S,,False,,1.375,0.7981867790222168,,
train-015642-d231c1cbe0efdf6b,1,11,train,15146100103220027243,pointer,M,M,,,E,False,True,,,-2.6875,1.25,2.160477827987778,,M F V,F,,False,,1.3984375,0.8019358515739441,,
train-015642-d231c1cbe0efdf6b,1,12,train,15146100103220027243,pointer,M,E,,,E,True,True,,,2.0625,2.0625,1.6031737499396763,,E I M,E,,True,,1.4375,0.8080672025680542,,
train-028585-3f6604f1450c38de,2,1,train,4568344306306005214,pointer,T,R,R,True,K,False,False,1.3351351299206726e-05,12.5625,-15.5625,12.5625,0.00019399737449577812,1,R T Q,R,True,True,0.00015758226800244302,-0.36328125,0.4101654887199402,False,0.5279132723808289
train-028585-3f6604f1450c38de,2,2,train,4568344306306005214,pointer,T,K,K,True,K,True,False,9.179073458653875e-06,12.0,12.0,12.0,0.0001304236414398326,1,K J H,K,True,True,0.00032944019767455757,-0.376953125,0.4068619906902313,True,0.8992812633514404
train-028585-3f6604f1450c38de,2,3,train,4568344306306005214,pointer,T,Z,,,K,False,True,,,-8.6875,8.6875,0.013522302090152184,,Z K X,K,,False,,-0.08154296875,0.47962552309036255,,
train-028585-3f6604f1450c38de,2,4,train,4568344306306005214,pointer,T,N,,,K,False,True,,,-7.6875,4.0625,0.15449178515089756,,N Z M,N,,True,,0.287109375,0.5712883472442627,,
train-028585-3f6604f1450c38de,2,5,train,4568344306306005214,pointer,T,G,,,K,False,True,,,-5.0625,1.8125,1.2365140861943698,,G N Q,N,,False,,0.5703125,0.6388352513313293,,
train-028585-3f6604f1450c38de,2,6,train,4568344306306005214,pointer,T,B,,,K,False,True,,,-4.3125,1.4375,1.4229774371024444,,B G F,G,,False,,0.82421875,0.6951311230659485,,
train-028585-3f6604f1450c38de,2,7,train,4568344306306005214,pointer,T,F,,,K,False,True,,,-4.0,0.625,1.6005207870614944,,F B D,B,,False,,1.0,0.7310585975646973,,
train-028585-3f6604f1450c38de,2,8,train,4568344306306005214,pointer,T,V,,,K,False,True,,,-3.375,1.9375,1.884605804052983,,V F W,F,,False,,1.125,0.7549149990081787,,
train-028585-3f6604f1450c38de,2,9,train,4568344306306005214,pointer,T,A,,,K,False,True,,,-4.6875,2.5,1.458753053993255,,A V M,V,,False,,1.234375,0.7745833992958069,,
train-028585-3f6604f1450c38de,2,10,train,4568344306306005214,pointer,T,M,,,K,False,True,,,-6.0,2.5,0.9432242383498095,,M A X,A,,False,,1.296875,0.7853085398674011,,
train-028585-3f6604f1450c38de,2,11,train,4568344306306005214,pointer,T,Y,,,K,False,True,,,-2.3125,0.1875,2.6909543276046453,,Y X Z,Y,,True,,1.375,0.7981867790222168,,
train-028585-3f6604f1450c38de,2,12,train,4568344306306005214,pointer,T,D,,,K,False,True,,,-2.0,0.3125,2.9093184005528916,,D W E,W,,False,,1.421875,0.8056321740150452,,
train-002378-c2ee5efb159808df,3,1,train,14046268720307243231,pointer,J,B,B,True,F,False,False,9.775113539944869e-06,12.375,-16.125,12.375,0.00013659060155871882,1,B C A,B,True,True,0.000557267339900136,-0.439453125,0.39187127351760864,False,0.4973686933517456
train-002378-c2ee5efb159808df,3,2,train,14046268720307243231,pointer,J,Y,Y,True,F,False,False,0.00015555603022221476,9.6875,-13.9375,9.6875,0.0018461972112297155,1,Y Z K,Y,True,True,0.0019311128417029977,-0.337890625,0.4163219630718231,False,0.5384057760238647
train-002378-c2ee5efb159808df,3,3,train,14046268720307243231,pointer,J,F,F,True,F,True,False,0.02213207073509693,4.125,4.125,4.125,0.1340768676937258,1,F Y J,F,True,True,0.5438393354415894,-0.004425048828125,0.49889373779296875,True,0.6953621506690979
train-002378-c2ee5efb159808df,3,4,train,14046268720307243231,pointer,J,Q,,,F,False,True,,,-4.8125,4.8125,0.2669638119161413,,Q F S,F,,False,,0.322265625,0.5798763036727905,,
train-002378-c2ee5efb159808df,3,5,train,14046268720307243231,pointer,J,S,,,F,False,True,,,-5.375,5.375,0.22428190030322329,,S F T,S,,True,,0.6328125,0.6531268954277039,,
train-002378-c2ee5efb159808df,3,6,train,14046268720307243231,pointer,J,Q,,,F,False,True,,,-4.0625,2.375,0.8541011159247621,,Q S F,S,,False,,0.83984375,0.6984323263168335,,
train-002378-c2ee5efb159808df,3,7,train,14046268720307243231,pointer,J,S,,,F,False,True,,,-3.5625,2.3125,1.2151611040037558,,S Q J,S,,True,,1.0390625,0.7386690378189087,,
train-002378-c2ee5efb159808df,3,8,train,14046268720307243231,pointer,J,A,,,F,False,True,,,-2.375,1.0,2.123624351218105,,A S Q,S,,False,,1.15625,0.7606506943702698,,
train-002378-c2ee5efb159808df,3,9,train,14046268720307243231,pointer,J,J,,,F,False,True,,,-1.8125,1.3125,2.414042633770875,,J S A,S,,False,,1.2734375,0.7813306450843811,,
train-002378-c2ee5efb159808df,3,10,train,14046268720307243231,pointer,J,Q,,,F,False,True,,,-1.6875,1.6875,1.9537135020690075,,Q F S,F,,False,,1.328125,0.7905303239822388,,
train-002378-c2ee5efb159808df,3,11,train,14046268720307243231,pointer,J,S,,,F,False,True,,,-3.1875,2.0,1.5438462013696208,,S Q F,S,,True,,1.3828125,0.7994422912597656,,
train-002378-c2ee5efb159808df,3,12,train,14046268720307243231,pointer,J,A,,,F,False,True,,,-1.9375,0.625,2.3867372702267065,,A S Q,S,,False,,1.3828125,0.7994422912597656,,
train-016086-7de91ce81b5ccfe6,4,1,train,9072814707531632614,pointer,W,B,B,True,U,False,False,1.4066597032069694e-05,11.8125,-19.8203125,11.8125,0.00018812645001880143,1,B A C,B,True,True,4.160317621426657e-05,-0.49609375,0.378459095954895,False,0.4755535125732422
train-016086-7de91ce81b5ccfe6,4,2,train,9072814707531632614,pointer,W,J,J,True,U,False,False,6.6756979322235566e-06,12.75,-17.125,12.75,9.710878328995145e-05,1,J M B,J,True,True,0.000990496133454144,-0.50390625,0.37662312388420105,False,0.47260403633117676
train-016086-7de91ce81b5ccfe6,4,3,train,9072814707531632614,pointer,W,M,M,True,U,False,False,0.0015119798481464386,8.1875,-8.875,8.1875,0.015752792562025365,1,M J U,J,False,False,3.208158254623413,-0.1611328125,0.4598037302494049,False,0.6158227324485779
train-016086-7de91ce81b5ccfe6,4,4,train,9072814707531632614,pointer,W,U,U,True,U,True,False,0.04283968731760979,4.5,4.5,4.5,0.2902940268767478,1,U X M,M,False,False,2.8682565689086914,0.259765625,0.564578652381897,True,0.5716755390167236
train-016086-7de91ce81b5ccfe6,4,5,train,9072814707531632614,pointer,W,X,,,U,False,True,,,-5.875,3.6875,0.508830982290596,,X Y S,X,,True,,0.6796875,0.6636689305305481,,
train-016086-7de91ce81b5ccfe6,4,6,train,9072814707531632614,pointer,W,Y,,,U,False,True,,,-4.6875,2.25,1.6237609714389785,,Y N W,J,,False,,0.9765625,0.7264255881309509,,
train-016086-7de91ce81b5ccfe6,4,7,train,9072814707531632614,pointer,W,O,,,U,False,True,,,-5.125,2.5625,1.4437174933036554,,O N E,O,,True,,1.1015625,0.7505527138710022,,
train-016086-7de91ce81b5ccfe6,4,8,train,9072814707531632614,pointer,W,E,,,U,False,True,,,-4.3125,1.0625,1.904511365486164,,E O S,O,,False,,1.234375,0.7745833992958069,,
train-016086-7de91ce81b5ccfe6,4,9,train,9072814707531632614,pointer,W,S,,,U,False,True,,,-4.3125,2.25,1.4883374935967586,,S E P,E,,False,,1.28125,0.7826625108718872,,
train-016086-7de91ce81b5ccfe6,4,10,train,9072814707531632614,pointer,W,P,,,U,False,True,,,-3.8125,1.4375,2.3942718931970806,,P S R,S,,False,,1.328125,0.7905303239822388,,
train-016086-7de91ce81b5ccfe6,4,11,train,9072814707531632614,pointer,W,Z,,,U,False,True,,,-2.125,0.0625,2.711367811821867,,Z P A,P,,False,,1.3671875,0.7969253659248352,,
train-016086-7de91ce81b5ccfe6,4,12,train,9072814707531632614,pointer,W,A,,,U,False,True,,,-3.125,1.1875,2.505232810916741,,A Z B,A,,True,,1.421875,0.8056321740150452,,
train-019318-c12f5dafacec505e,5,1,train,13920447982327320670,pointer,V,P,P,True,X,False,False,9.775113539944869e-06,13.0,-17.78125,13.0,0.00014494569970261687,1,P C B,P,True,True,1.0132738680113107e-05,-0.5625,0.36296918988227844,False,0.45093727111816406
train-019318-c12f5dafacec505e,5,2,train,13920447982327320670,pointer,V,B,B,True,X,False,False,1.2874520507466514e-05,12.625,-16.625,12.625,0.00019146844360576812,1,B C A,B,True,True,0.0053563653491437435,-0.515625,0.37387579679489136,False,0.468206524848938
train-019318-c12f5dafacec505e,5,3,train,13920447982327320670,pointer,V,D,D,True,X,False,False,0.003958011511713266,7.625,-8.375,7.625,0.03741141667770833,1,D B N,B,False,False,3.7944111824035645,-0.138671875,0.4653875231742859,False,0.6262130737304688
train-019318-c12f5dafacec505e,5,4,train,13920447982327320670,pointer,V,J,J,True,X,False,False,0.06734580546617508,3.25,-5.5,3.25,0.3716520646060758,1,J D X,D,False,False,4.34355354309082,0.2734375,0.5679365992546082,False,0.83918297290802
train-019318-c12f5dafacec505e,5,5,train,13920447982327320670,pointer,V,X,X,True,X,True,False,0.5591387152671814,0.6875,0.6875,0.6875,1.3805894185138574,1,X D Y,X,True,True,0.6376416087150574,0.6015625,0.6460136771202087,True,0.43693456053733826
train-019318-c12f5dafacec505e,5,6,train,13920447982327320670,pointer,V,Z,,,X,False,True,,,-3.8125,1.75,1.2464296729054825,,Z O Q,O,,False,,0.828125,0.6959583163261414,,
train-019318-c12f5dafacec505e,5,7,train,13920447982327320670,pointer,V,Q,,,X,False,True,,,-2.625,2.3125,2.101673993404193,,Q F X,Q,,True,,1.03125,0.7371581792831421,,
train-019318-c12f5dafacec505e,5,8,train,13920447982327320670,pointer,V,F,,,X,False,True,,,-2.875,0.1875,2.3676776376042694,,F Q K,Q,,False,,1.1796875,0.7648916244506836,,
train-019318-c12f5dafacec505e,5,9,train,13920447982327320670,pointer,V,E,,,X,False,True,,,-3.125,0.6875,2.232092711240863,,E F M,F,,False,,1.25,0.7772998809814453,,
train-019318-c12f5dafacec505e,5,10,train,13920447982327320670,pointer,V,N,,,X,False,True,,,-2.5,0.25,2.795820122267801,,N R H,K,,False,,1.3515625,0.7943849563598633,,
train-019318-c12f5dafacec505e,5,11,train,13920447982327320670,pointer,V,N,,,X,False,True,,,-1.6875,1.3125,2.894225098723735,,N I R,N,,True,,1.421875,0.8056321740150452,,
train-019318-c12f5dafacec505e,5,12,train,13920447982327320670,pointer,V,W,,,X,False,True,,,-0.875,0.25,3.0743069799700495,,W G N,N,,False,,1.4609375,0.8116759657859802,,
train-010256-0193e5dec0fb9cba,6,1,train,113687160497609914,pointer,V,Q,Q,True,Z,False,False,1.9430925021879375e-05,11.375,-19.03125,11.375,0.0002583329459949778,1,Q K L,Q,True,True,8.189342770492658e-05,-0.50390625,0.37662312388420105,False,0.47260403633117676
train-010256-0193e5dec0fb9cba,6,2,train,113687160497609914,pointer,V,B,B,True,Z,False,False,1.2397689715726301e-05,12.375,-18.03125,12.375,0.00017731735010373064,1,B C A,B,True,True,0.00021455370006151497,-0.5234375,0.3720487952232361,False,0.4652928113937378
train-010256-0193e5dec0fb9cba,6,3,train,113687160497609914,pointer,V,F,F,True,Z,False,False,0.013689914718270302,4.5,-8.625,4.5,0.0854150424067112,1,F K W,F,True,True,0.8367531895637512,-0.056396484375,0.4859045743942261,False,0.6653464436531067
train-010256-0193e5dec0fb9cba,6,4,train,113687160497609914,pointer,V,Q,K,False,Z,False,False,1.3050813674926758,-0.5,-4.9375,0.5,1.3825473958160763,2,Q K F,F,False,False,4.118965148925781,0.416015625,0.6025294661521912,False,0.9226344227790833
train-010256-0193e5dec0fb9cba,6,5,train,113687160497609914,pointer,V,W,W,True,Z,False,False,0.7532907128334045,1.5,-2.125,1.5,2.1044894485998498,1,W K N,N,False,False,4.401905059814453,0.73828125,0.6766199469566345,False,1.1289268732070923
train-010256-0193e5dec0fb9cba,6,6,train,113687160497609914,pointer,V,W,Z,False,Z,False,False,2.8844337463378906,-1.9375,-1.9375,0.875,2.3483164052948347,4,W G K,G,False,False,3.26875638961792,0.99609375,0.730289876461029,True,0.31431373953819275
train-010256-0193e5dec0fb9cba,6,7,train,113687160497609914,pointer,V,A,,,Z,False,True,,,-2.3125,0.6875,2.2237317947593973,,A G K,G,,False,,1.171875,0.7634837031364441,,
train-010256-0193e5dec0fb9cba,6,8,train,113687160497609914,pointer,V,H,,,Z,False,True,,,-4.5,0.9375,1.3697229700804705,,H A D,A,,False,,1.1796875,0.7648916244506836,,
train-010256-0193e5dec0fb9cba,6,9,train,113687160497609914,pointer,V,S,,,Z,False,True,,,-5.5625,3.8125,0.6557262588951038,,S T H,S,,True,,1.171875,0.7634837031364441,,
train-010256-0193e5dec0fb9cba,6,10,train,113687160497609914,pointer,V,E,,,Z,False,True,,,-1.625,0.9375,2.462011660586019,,E T O,T,,False,,1.234375,0.7745833992958069,,
train-010256-0193e5dec0fb9cba,6,11,train,113687160497609914,pointer,V,M,,,Z,False,True,,,-2.3125,0.6875,2.764865682189242,,M N K,N,,False,,1.34375,0.793105959892273,,
train-010256-0193e5dec0fb9cba,6,12,train,113687160497609914,pointer,V,M,,,Z,False,True,,,-2.9375,0.0625,2.437198877526417,,M P K,P,,False,,1.453125,0.8104788661003113,,
train-021156-e914cb09a14d891e,8,1,train,16795272152592779550,pointer,M,J,J,True,R,False,False,7.510157047363464e-06,12.1875,-16.9375,12.1875,0.00010629654449301272,1,J B A,J,True,True,2.7894584491150454e-05,-0.4921875,0.37937837839126587,False,0.47703373432159424
train-021156-e914cb09a14d891e,8,2,train,16795272152592779550,pointer,M,T,T,True,R,False,False,1.311301275563892e-06,15.375,-17.15625,15.375,2.136794256444325e-05,1,T D S,T,True,True,0.0004406196530908346,-0.453125,0.3886180520057678,False,0.49203336238861084
train-021156-e914cb09a14d891e,8,3,train,16795272152592779550,pointer,M,G,G,True,R,False,False,0.0005600076401606202,9.5,-11.875,9.5,0.0062957092380137546,1,G F H,O,False,False,3.3189330101013184,-0.1689453125,0.45786386728286743,False,0.6122381091117859
train-021156-e914cb09a14d891e,8,4,train,16795272152592779550,pointer,M,S,S,True,R,False,False,0.013024848885834217,4.875,-7.9375,4.875,0.09316559549206099,1,S G M,S,True,True,0.2890489101409912,0.236328125,0.5588085651397705,False,0.8182764053344727
train-021156-e914cb09a14d891e,8,5,train,16795272152592779550,pointer,M,S,D,False,R,False,False,6.022598743438721,-6.0,-6.5625,5.625,0.16998257542740827,4,S G M,S,False,True,5.472627639770508,0.61328125,0.6486889719963074,False,1.0460832118988037
train-021156-e914cb09a14d891e,8,6,train,16795272152592779550,pointer,M,S,E,False,R,False,False,5.876943111419678,-5.5625,-4.5,1.625,1.134253267231281,19,S G M,S,False,True,4.037020683288574,0.90234375,0.7114308476448059,False,1.2428207397460938
train-021156-e914cb09a14d891e,8,7,train,16795272152592779550,pointer,M,S,W,False,R,False,False,5.09784460067749,-4.875,-3.8125,3.0625,1.0693468863462523,12,S G M,S,False,True,3.6161627769470215,1.109375,0.7520126104354858,False,1.3943772315979004
train-021156-e914cb09a14d891e,8,8,train,16795272152592779550,pointer,M,S,R,False,R,False,False,2.7574942111968994,-1.8125,-1.8125,1.0625,2.32629634495568,4,S D E,S,False,True,3.92353892326355,1.25,0.7772998809814453,True,0.2519291043281555
train-021156-e914cb09a14d891e,8,9,train,16795272152592779550,pointer,M,E,,,R,False,True,,,-4.375,1.8125,1.0365493264446626,,E D W,D,,False,,1.28125,0.7826625108718872,,
train-021156-e914cb09a14d891e,8,10,train,16795272152592779550,pointer,M,W,,,R,False,True,,,-4.4375,3.0,0.682686476918811,,W E U,W,,True,,1.2734375,0.7813306450843811,,
train-021156-e914cb09a14d891e,8,11,train,16795272152592779550,pointer,M,W,,,R,False,True,,,-1.875,0.75,1.798164788184818,,W U R,W,,True,,1.3515625,0.7943849563598633,,
train-021156-e914cb09a14d891e,8,12,train,16795272152592779550,pointer,M,U,,,R,False,True,,,-2.375,2.375,1.6530723679362518,,U R S,U,,True,,1.3984375,0.8019358515739441,,
train-001303-fd214e8dbbeeda20,10,1,train,18239946336477567520,pointer,H,C,C,True,C,True,False,6.425174069590867e-05,10.25,10.25,10.25,0.0007819204236921706,1,C A D,C,True,True,3.433168603805825e-05,-0.365234375,0.40969306230545044,False,0.527112603187561
train-001303-fd214e8dbbeeda20,10,2,train,18239946336477567520,pointer,H,Z,Z,True,C,False,False,6.079655122448457e-06,13.625,-13.875,13.625,9.443489270731097e-05,1,Z A D,Z,True,True,0.0010457528987899423,-0.416015625,0.3974705636501312,False,0.5066187977790833
train-001303-fd214e8dbbeeda20,10,3,train,18239946336477567520,pointer,H,R,R,True,C,False,False,0.001262820791453123,7.25,-7.25,7.25,0.011977460439571885,1,R C Z,Z,False,False,4.237684726715088,-0.08740234375,0.47816330194473267,False,0.6504005789756775
train-001303-fd214e8dbbeeda20,10,4,train,18239946336477567520,pointer,H,C,C,True,C,True,False,0.14649340510368347,2.375,2.375,2.375,0.615750664900793,1,C R Z,R,False,False,2.8297793865203857,0.345703125,0.5855752229690552,False,0.8808637857437134
train-001303-fd214e8dbbeeda20,10,5,train,18239946336477567520,pointer,H,M,Z,False,C,False,False,2.3676869869232178,-2.0625,-3.3125,2.0625,1.1650566462571337,2,M Z R,M,False,True,3.107191801071167,0.734375,0.6757646203041077,False,1.1262855529785156
train-001303-fd214e8dbbeeda20,10,6,train,18239946336477567520,pointer,H,E,R,False,C,False,False,2.99236798286438,-2.375,-3.75,0.75,1.56400471074254,3,E M R,M,False,False,4.32889461517334,0.953125,0.7217432260513306,False,1.2792108058929443
train-001303-fd214e8dbbeeda20,10,7,train,18239946336477567520,pointer,H,X,C,False,C,False,False,5.140310287475586,-5.0,-5.0,2.875,0.7104252764808638,6,X A E,E,False,False,3.342935562133789,1.1328125,0.7563575506210327,False,1.4120535850524902
train-001303-fd214e8dbbeeda20,10,8,train,18239946336477567520,pointer,H,A,Z,False,C,False,False,2.6388726234436035,-1.625,-0.75,0.75,2.2420827832748262,4,A C H,A,False,True,3.8361337184906006,1.2578125,0.7786493301391602,False,1.5080070495605469
train-001303-fd214e8dbbeeda20,10,9,train,18239946336477567520,pointer,H,M,R,False,C,False,False,2.7141053676605225,-2.375,-3.1875,2.375,1.3786303795623203,2,M R Z,M,False,True,4.061913967132568,1.3203125,0.7892336845397949,False,1.5570052862167358
train-001303-fd214e8dbbeeda20,10,10,train,18239946336477567520,pointer,H,R,C,False,C,False,False,3.786868095397949,-2.75,-2.75,0.25,1.8706812467231888,5,R M E,M,False,False,3.0883493423461914,1.3671875,0.7969253659248352,True,0.22699424624443054
train-001303-fd214e8dbbeeda20,10,11,train,18239946336477567520,pointer,H,X,,,C,False,True,,,-4.4375,2.4375,0.9873883955413628,,X A R,E,,False,,1.40625,0.8031737804412842,,
train-001303-fd214e8dbbeeda20,10,12,train,18239946336477567520,pointer,H,A,,,C,False,True,,,-0.625,0.625,2.3649639302785483,,A C H,A,,True,,1.4375,0.8080672025680542,,
train-002996-f0560e0587b8eb9f,12,1,train,17318044834014489503,pointer,R,W,W,True,Z,False,False,2.861018856492592e-06,14.03125,-16.125,14.03125,4.509336100995897e-05,1,W V A,W,True,True,0.00010179955279454589,-0.458984375,0.38722676038742065,False,0.4897603988647461
train-002996-f0560e0587b8eb9f,12,2,train,17318044834014489503,pointer,R,D,D,True,Z,False,False,2.455681169521995e-05,10.9375,-17.125,10.9375,0.00031178559849261904,1,D C B,D,True,True,0.0007555014453828335,-0.421875,0.39606815576553345,False,0.5042939186096191
train-002996-f0560e0587b8eb9f,12,3,train,17318044834014489503,pointer,R,G,G,True,Z,False,False,0.006195743102580309,5.75,-9.25,5.75,0.05071681105647834,1,G D K,G,True,True,0.11906691640615463,-0.1064453125,0.47341376543045044,False,0.6413401961326599
train-002996-f0560e0587b8eb9f,12,4,train,17318044834014489503,pointer,R,G,Q,False,Z,False,False,8.38630199432373,-8.375,-8.25,6.8125,0.09463678273927303,17,G C Y,G,False,True,5.4559760093688965,0.267578125,0.5664982199668884,False,0.8358594179153442
train-002996-f0560e0587b8eb9f,12,5,train,17318044834014489503,pointer,R,G,C,False,Z,False,False,3.6619749069213867,-3.5,-5.8125,3.0,0.7991860833780469,3,G Q C,G,False,True,4.4291205406188965,0.62109375,0.6504672765731812,False,1.05115807056427
train-002996-f0560e0587b8eb9f,12,6,train,17318044834014489503,pointer,R,G,K,False,Z,False,False,4.538415908813477,-4.0625,-4.6875,1.4375,1.5469565033634427,10,G Q C,G,False,True,3.986848831176758,0.8984375,0.7106282711029053,False,1.24004328250885
train-002996-f0560e0587b8eb9f,12,7,train,17318044834014489503,pointer,R,G,J,False,Z,False,False,6.126171112060547,-5.75,-4.75,2.125,1.460065211246421,23,G Q C,G,False,True,5.081685543060303,1.0859375,0.7476159334182739,False,1.3768033981323242
train-002996-f0560e0587b8eb9f,12,8,train,17318044834014489503,pointer,R,G,T,False,Z,False,False,4.799132823944092,-4.4375,-4.75,2.375,1.454214333248631,12,G Q C,G,False,True,5.141133785247803,1.203125,0.7690802216529846,False,1.4656848907470703
train-002996-f0560e0587b8eb9f,12,9,train,17318044834014489503,pointer,R,G,O,False,Z,False,False,6.424245834350586,-6.0625,-4.75,2.375,1.4553381133520582,26,G Q C,G,False,True,4.493475914001465,1.28125,0.7826625108718872,False,1.526303768157959
train-002996-f0560e0587b8eb9f,12,10,train,17318044834014489503,pointer,R,G,I,False,Z,False,False,5.673783302307129,-5.3125,-4.75,2.4375,1.4608759486338878,22,G Q C,G,False,True,4.868365287780762,1.328125,0.7905303239822388,False,1.5631762742996216
train-002996-f0560e0587b8eb9f,12,11,train,17318044834014489503,pointer,R,G,P,False,Z,False,False,5.287097454071045,-4.9375,-4.8125,2.4375,1.4289196024473316,18,G Q C,G,False,True,5.0478386878967285,1.359375,0.7956580519676208,False,1.5879607200622559
train-002996-f0560e0587b8eb9f,12,12,train,17318044834014489503,pointer,R,G,Z,False,Z,False,False,5.1431660652160645,-4.8125,-4.8125,2.5625,1.3853674172590071,17,G Q C,G,False,True,3.9221792221069336,1.375,0.7981867790222168,True,0.22541265189647675
train-011475-e455092e4f2301cf,1,1,train,16453066908168815055,pointer,D,N,N,True,N,True,False,2.4914430468925275e-05,11.4375,11.4375,11.4375,0.00033472375908248815,1,N M Q,N,True,True,0.00019476900342851877,-0.1689453125,0.45786386728286743,True,0.7811834216117859
train-011475-e455092e4f2301cf,1,2,train,16453066908168815055,pointer,D,G,,,N,False,True,,,-18.53125,13.3125,8.020459132138513e-05,,G C A,G,,True,,-0.337890625,0.4163219630718231,,
train-011475-e455092e4f2301cf,1,3,train,16453066908168815055,pointer,D,P,,,N,False,True,,,-9.8125,9.125,0.014094896419913516,,P K M,G,,False,,-0.060302734375,0.4849288761615753,,
train-011475-e455092e4f2301cf,1,4,train,16453066908168815055,pointer,D,K,,,N,False,True,,,-7.625,6.0625,0.08094247299050697,,K P J,K,,True,,0.31640625,0.5784481763839722,,
train-011475-e455092e4f2301cf,1,5,train,16453066908168815055,pointer,D,Z,,,N,False,True,,,-5.0,2.625,0.6134828684118552,,Z K N,K,,False,,0.65234375,0.6575384140014648,,
train-011475-e455092e4f2301cf,1,6,train,16453066908168815055,pointer,D,W,,,N,False,True,,,-5.25,3.6875,0.6652501669653984,,W Z M,Z,,False,,0.82421875,0.6951311230659485,,
train-011475-e455092e4f2301cf,1,7,train,16453066908168815055,pointer,D,M,,,N,False,True,,,-4.625,1.625,1.0504685807432548,,M W Z,W,,False,,0.9921875,0.729519784450531,,
train-011475-e455092e4f2301cf,1,8,train,16453066908168815055,pointer,D,V,,,N,False,True,,,-4.5,3.125,1.0493768198387536,,V K M,N,,False,,1.140625,0.7577943801879883,,
train-011475-e455092e4f2301cf,1,9,train,16453066908168815055,pointer,D,P,,,N,False,True,,,-2.25,0.5,2.1550635291197033,,P V K,V,,False,,1.2890625,0.7839884757995605,,
train-011475-e455092e4f2301cf,1,10,train,16453066908168815055,pointer,D,P,,,N,False,True,,,-2.4375,0.875,1.9729902053043675,,P E V,V,,False,,1.390625,0.8006919622421265,,
train-011475-e455092e4f2301cf,1,11,train,16453066908168815055,pointer,D,K,,,N,False,True,,,-1.875,1.875,1.397080277970359,,K N P,N,,False,,1.4609375,0.8116759657859802,,
train-011475-e455092e4f2301cf,1,12,train,16453066908168815055,pointer,D,P,,,N,False,True,,,-6.0625,2.3125,0.6269557597596954,,P G E,G,,False,,1.40625,0.8031737804412842,,
train-026488-25c07310c4572ad5,2,1,train,2720300690782497493,pointer,V,C,C,True,O,False,False,0.00010632903286023065,9.875,-17.6875,9.875,0.0012402048449218761,1,C A D,C,True,True,1.883488948806189e-05,-0.26953125,0.4330222010612488,False,0.567435085773468
train-026488-25c07310c4572ad5,2,2,train,2720300690782497493,pointer,V,O,O,True,O,True,False,1.2516897186287679e-05,12.6875,12.6875,12.6875,0.0001850710539128005,1,O A U,O,True,True,0.0008761619683355093,-0.33984375,0.41584745049476624,True,0.8774368762969971
train-026488-25c07310c4572ad5,2,3,train,2720300690782497493,pointer,V,W,,,O,False,True,,,-8.625,7.9375,0.017755912497221978,,W Q O,O,,False,,-0.01153564453125,0.4971161186695099,,
train-026488-25c07310c4572ad5,2,4,train,2720300690782497493,pointer,V,K,,,O,False,True,,,-8.3125,3.9375,0.22116129951920432,,K W M,W,,False,,0.380859375,0.5940803289413452,,
train-026488-25c07310c4572ad5,2,5,train,2720300690782497493,pointer,V,U,,,O,False,True,,,-6.3125,3.625,0.7303890469090245,,U K T,U,,True,,0.60546875,0.6469064354896545,,
train-026488-25c07310c4572ad5,2,6,train,2720300690782497493,pointer,V,I,,,O,False,True,,,-4.375,0.8125,1.597824436632635,,I U X,U,,False,,0.8203125,0.6943026781082153,,
train-026488-25c07310c4572ad5,2,7,train,2720300690782497493,pointer,V,X,,,O,False,True,,,-5.0625,2.625,1.227271792616601,,X Z I,X,,True,,1.0703125,0.7446563243865967,,
train-026488-25c07310c4572ad5,2,8,train,2720300690782497493,pointer,V,R,,,O,False,True,,,-5.625,1.0625,1.7189776070285223,,R Z F,Z,,False,,1.2265625,0.7732163667678833,,
train-026488-25c07310c4572ad5,2,9,train,2720300690782497493,pointer,V,F,,,O,False,True,,,-4.9375,0.625,2.192472702203684,,F R T,R,,False,,1.3046875,0.7866228222846985,,
train-026488-25c07310c4572ad5,2,10,train,2720300690782497493,pointer,V,U,,,O,False,True,,,-3.5,1.8125,2.2616193360227888,,U K F,K,,False,,1.390625,0.8006919622421265,,
train-026488-25c07310c4572ad5,2,11,train,2720300690782497493,pointer,V,U,,,O,False,True,,,-3.5,1.375,2.505468632574113,,U I W,U,,True,,1.375,0.7981867790222168,,
train-026488-25c07310c4572ad5,2,12,train,2720300690782497493,pointer,V,I,,,O,False,True,,,-2.625,0.125,2.541407401587836,,I X U,U,,False,,1.4140625,0.804405927658081,,
train-018632-67d576e62d08797d,3,1,train,7482017086916032893,pointer,Y,E,E,True,G,False,False,5.090107151772827e-05,10.625,-13.0625,10.625,0.0006450543464886483,1,E A I,E,True,True,9.226373367710039e-05,-0.37109375,0.40827676653862,False,0.5247162580490112
train-018632-67d576e62d08797d,3,2,train,7482017086916032893,pointer,Y,D,D,True,G,False,False,1.4305012882687151e-05,11.5,-15.65625,11.5,0.00019241747737279522,1,D C B,D,True,True,0.00046659549116156995,-0.38671875,0.40450745820999146,False,0.5183663964271545
train-018632-67d576e62d08797d,3,3,train,7482017086916032893,pointer,Y,G,G,True,G,True,False,0.010818402282893658,5.25,5.25,5.25,0.07462734720900788,1,G D M,G,True,True,0.011452645994722843,-0.099609375,0.4751182496547699,True,0.744191586971283
train-018632-67d576e62d08797d,3,4,train,7482017086916032893,pointer,Y,M,,,G,False,True,,,-0.6875,0.6875,0.9535461724825817,,M G D,G,,False,,0.291015625,0.5722447633743286,,
train-018632-67d576e62d08797d,3,5,train,7482017086916032893,pointer,Y,X,,,G,False,True,,,-0.375,0.375,2.5769998417613005,,X G I,G,,False,,0.6875,0.665410578250885,,
train-018632-67d576e62d08797d,3,6,train,7482017086916032893,pointer,Y,Q,,,G,False,True,,,-2.5625,0.8125,2.689061037542615,,Q X S,Q,,True,,0.9609375,0.7233095169067383,,
train-018632-67d576e62d08797d,3,7,train,7482017086916032893,pointer,Y,M,,,G,False,True,,,-3.75,0.25,2.121901389085012,,M K S,S,,False,,1.078125,0.7461389899253845,,
train-018632-67d576e62d08797d,3,8,train,7482017086916032893,pointer,Y,P,,,G,False,True,,,-4.0,1.25,1.7373744266346445,,P K J,K,,False,,1.15625,0.7606506943702698,,
train-018632-67d576e62d08797d,3,9,train,7482017086916032893,pointer,Y,J,,,G,False,True,,,-4.5625,3.5,1.1890804529352765,,J P I,J,,True,,1.2109375,0.7704647779464722,,
train-018632-67d576e62d08797d,3,10,train,7482017086916032893,pointer,Y,J,,,G,False,True,,,-3.125,0.0625,2.318213225796257,,J Z O,J,,True,,1.265625,0.7799928784370422,,
train-018632-67d576e62d08797d,3,11,train,7482017086916032893,pointer,Y,O,,,G,False,True,,,-2.3125,0.125,2.7749469056043257,,O J Z,J,,False,,1.34375,0.793105959892273,,
train-018632-67d576e62d08797d,3,12,train,7482017086916032893,pointer,Y,Y,,,G,False,True,,,-3.25,1.0625,2.7223895310982114,,Y O Z,Y,,True,,1.4453125,0.8092759251594543,,
train-032574-a1752cdb7c3395bf,4,1,train,11634254533574759871,pointer,Z,B,B,True,S,False,False,1.3112935448589269e-05,12.0,-16.625,12.0,0.00017597948465842604,1,B C A,B,True,True,8.689979586051777e-05,-0.490234375,0.37983831763267517,False,0.4777751564979553
train-032574-a1752cdb7c3395bf,4,2,train,11634254533574759871,pointer,Z,V,V,True,S,False,False,2.253030106658116e-05,12.0625,-14.65625,12.0625,0.0003196791274136042,1,V C U,V,True,True,0.0008007657015696168,-0.451171875,0.3890821933746338,False,0.49279284477233887
train-032574-a1752cdb7c3395bf,4,3,train,11634254533574759871,pointer,Z,H,H,True,S,False,False,0.0008618692518211901,8.375,-8.375,8.375,0.009331519772777474,1,H S F,V,False,False,3.310940742492676,-0.060546875,0.4848678708076477,False,0.663331925868988
train-032574-a1752cdb7c3395bf,4,4,train,11634254533574759871,pointer,Z,S,S,True,S,True,False,0.0038600473199039698,7.125,7.125,7.125,0.03585335038508011,1,S H T,S,True,True,0.29360711574554443,0.322265625,0.5798763036727905,True,0.5449404716491699
train-032574-a1752cdb7c3395bf,4,5,train,11634254533574759871,pointer,Z,D,,,S,False,True,,,-3.375,0.625,1.7948704099092,,D G V,V,,False,,0.65625,0.6584175229072571,,
train-032574-a1752cdb7c3395bf,4,6,train,11634254533574759871,pointer,Z,G,,,S,False,True,,,-5.5625,2.5,0.689642729614513,,G B D,G,,True,,0.9375,0.7185943722724915,,
train-032574-a1752cdb7c3395bf,4,7,train,11634254533574759871,pointer,Z,G,,,S,False,True,,,-4.125,0.125,1.6754772669208913,,G B Z,B,,False,,1.140625,0.7577943801879883,,
train-032574-a1752cdb7c3395bf,4,8,train,11634254533574759871,pointer,Z,H,,,S,False,True,,,-0.625,0.625,2.0291525828821046,,H S V,V,,False,,1.2734375,0.7813306450843811,,
train-032574-a1752cdb7c3395bf,4,9,train,11634254533574759871,pointer,Z,D,,,S,False,True,,,-2.4375,2.4375,0.9187249457471779,,D S B,W,,False,,1.3515625,0.7943849563598633,,
train-032574-a1752cdb7c3395bf,4,10,train,11634254533574759871,pointer,Z,G,,,S,False,True,,,-5.0625,1.875,1.0017705547242899,,G D B,D,,False,,1.421875,0.8056321740150452,,
train-032574-a1752cdb7c3395bf,4,11,train,11634254533574759871,pointer,Z,B,,,S,False,True,,,-2.9375,2.125,1.1118998237819495,,B G S,B,,True,,1.453125,0.8104788661003113,,
train-032574-a1752cdb7c3395bf,4,12,train,11634254533574759871,pointer,Z,G,,,S,False,True,,,-1.6875,0.0625,2.7549777641843605,,G Z B,V,,False,,1.5078125,0.8187368512153625,,
train-014071-5dc5b5981dba5e10,5,1,train,6757006480877706768,pointer,Y,S,S,True,Q,False,False,3.015949550899677e-05,11.46875,-15.0625,11.46875,0.0004106806526566655,1,S R V,S,True,True,0.00023398046323563904,-0.458984375,0.38722676038742065,False,0.4897603988647461
train-014071-5dc5b5981dba5e10,5,2,train,6757006480877706768,pointer,Y,U,U,True,Q,False,False,3.2186455882765586e-06,13.75,-19.625,13.75,5.159467972294464e-05,1,U T Z,U,True,True,0.000501983508002013,-0.478515625,0.382602721452713,False,0.48224252462387085
train-014071-5dc5b5981dba5e10,5,3,train,6757006480877706768,pointer,Y,G,G,True,Q,False,False,0.0002752163854893297,10.4375,-12.5625,10.4375,0.0033418300853427538,1,G C U,G,True,True,0.023943325504660606,-0.234375,0.44167301058769226,False,0.5828105211257935
train-014071-5dc5b5981dba5e10,5,4,train,6757006480877706768,pointer,Y,G,H,False,Q,False,False,0.9620498418807983,-0.4375,-6.5625,0.4375,0.8500205167130471,2,G H W,G,False,True,3.312062978744507,0.2080078125,0.5518152713775635,False,0.8025497794151306
train-014071-5dc5b5981dba5e10,5,5,train,6757006480877706768,pointer,Y,H,Q,False,Q,False,False,1.3233128786087036,-0.5625,-0.5625,0.5625,1.7771299205963769,2,H Q S,H,False,True,3.483901262283325,0.640625,0.6548947095870972,True,0.42328080534935
train-014071-5dc5b5981dba5e10,5,6,train,6757006480877706768,pointer,Y,S,,,Q,False,True,,,-4.9375,3.5625,0.9494061466258233,,S T H,S,,True,,0.9296875,0.7170118689537048,,
train-014071-5dc5b5981dba5e10,5,7,train,6757006480877706768,pointer,Y,U,,,Q,False,True,,,-4.6875,0.875,2.0279629229556524,,U G S,S,,False,,1.1171875,0.7534666657447815,,
train-014071-5dc5b5981dba5e10,5,8,train,6757006480877706768,pointer,Y,G,,,Q,False,True,,,-5.875,1.9375,1.0747710885330128,,G H F,G,,True,,1.265625,0.7799928784370422,,
train-014071-5dc5b5981dba5e10,5,9,train,6757006480877706768,pointer,Y,H,,,Q,False,True,,,-1.875,1.875,1.233572352900613,,H Q G,H,,True,,1.3671875,0.7969253659248352,,
train-014071-5dc5b5981dba5e10,5,10,train,6757006480877706768,pointer,Y,R,,,Q,False,True,,,-0.625,0.625,2.4675580418295797,,R Q Y,Q,,False,,1.40625,0.8031737804412842,,
train-014071-5dc5b5981dba5e10,5,11,train,6757006480877706768,pointer,Y,S,,,Q,False,True,,,-5.5,3.8125,0.9183218379118968,,S T Y,S,,True,,1.3671875,0.7969253659248352,,
train-014071-5dc5b5981dba5e10,5,12,train,6757006480877706768,pointer,Y,S,,,Q,False,True,,,-4.5625,2.0625,2.148060895059993,,S G T,S,,True,,1.3984375,0.8019358515739441,,
train-018230-909d2eb973e88a60,6,1,train,10420536486853642848,pointer,C,O,O,True,B,False,False,5.4596363042946905e-05,10.4375,-13.078125,10.4375,0.0006873809175705448,1,O A P,O,True,True,7.712543447269127e-05,-0.462890625,0.38630032539367676,False,0.4882495403289795
train-018230-909d2eb973e88a60,6,2,train,10420536486853642848,pointer,C,T,T,True,B,False,False,3.576272320060525e-06,14.1875,-15.375,14.1875,5.8332201562642536e-05,1,T S C,T,True,True,0.0003184764937032014,-0.50390625,0.37662312388420105,False,0.47260403633117676
train-018230-909d2eb973e88a60,6,3,train,10420536486853642848,pointer,C,Z,Z,True,B,False,False,0.002577199600636959,6.5,-9.75,6.5,0.022602246786953037,1,Z Q X,X,False,False,3.247551202774048,-0.2041015625,0.4491509795188904,False,0.5962945818901062
train-018230-909d2eb973e88a60,6,4,train,10420536486853642848,pointer,C,Y,Y,True,B,False,False,0.03651797026395798,4.4375,-6.8125,4.4375,0.2462966946245513,1,Y Z C,C,False,False,3.6838936805725098,0.251953125,0.5626571774482727,False,0.8270379304885864
train-018230-909d2eb973e88a60,6,5,train,10420536486853642848,pointer,C,D,D,True,B,False,False,0.9239504933357239,0.75,-0.75,0.75,2.1937200954917,1,D B E,D,True,True,1.1512227058410645,0.6171875,0.6495786309242249,False,1.0486189126968384
train-018230-909d2eb973e88a60,6,6,train,10420536486853642848,pointer,C,B,B,True,B,True,False,1.15768563747406,1.625,1.625,1.625,2.7160322373743075,1,B D M,B,True,True,0.8457539081573486,0.8984375,0.7106282711029053,True,0.3416057825088501
train-018230-909d2eb973e88a60,6,7,train,10420536486853642848,pointer,C,B,,,B,True,True,,,0.3125,0.3125,2.954245352599817,,B X C,B,,True,,1.125,0.7549149990081787,,
train-018230-909d2eb973e88a60,6,8,train,10420536486853642848,pointer,C,L,,,B,False,True,,,-1.375,0.0625,3.023956533665859,,L W H,H,,False,,1.265625,0.7799928784370422,,
train-018230-909d2eb973e88a60,6,9,train,10420536486853642848,pointer,C,J,,,B,False,True,,,-2.0,2.0,2.3337808480541917,,J B D,J,,True,,1.328125,0.7905303239822388,,
train-018230-909d2eb973e88a60,6,10,train,10420536486853642848,pointer,C,J,,,B,False,True,,,-2.5625,0.0,2.0362457525989486,,J K Z,J,,True,,1.3125,0.7879312038421631,,
train-018230-909d2eb973e88a60,6,11,train,10420536486853642848,pointer,C,I,,,B,False,True,,,-3.9375,2.9375,1.5141946499763146,,I S T,I,,True,,1.34375,0.793105959892273,,
train-018230-909d2eb973e88a60,6,12,train,10420536486853642848,pointer,C,S,,,B,False,True,,,-0.5625,0.5625,2.6012771061414317,,S B I,B,,False,,1.390625,0.8006919622421265,,
train-019860-bdb691eb438723a7,8,1,train,13670274158565991335,pointer,S,O,O,True,W,False,False,4.7205765440594405e-05,10.5,-18.0625,10.5,0.0005914738318573015,1,O A P,O,True,True,1.7762025890988298e-05,-0.44921875,0.38954654335975647,False,0.4935532212257385
train-019860-bdb691eb438723a7,8,2,train,13670274158565991335,pointer,S,E,E,True,W,False,False,1.1205610462639015e-05,13.1875,-17.25,13.1875,0.0001658432489559967,1,E C F,E,True,True,0.0010542079107835889,-0.458984375,0.38722676038742065,False,0.4897603988647461
train-019860-bdb691eb438723a7,8,3,train,13670274158565991335,pointer,S,K,K,True,W,False,False,0.0004368066438473761,10.0,-11.4375,10.0,0.005154651588028185,1,K J E,E,False,False,3.600576877593994,-0.06884765625,0.4827949106693268,False,0.6593157052993774
train-019860-bdb691eb438723a7,8,4,train,13670274158565991335,pointer,S,M,M,True,W,False,False,0.1983870267868042,2.5,-5.125,2.5,0.929838941304528,1,M K N,M,True,True,0.15541483461856842,0.375,0.5926666259765625,False,0.8981232643127441
train-019860-bdb691eb438723a7,8,5,train,13670274158565991335,pointer,S,B,B,True,W,False,False,1.264278769493103,0.5625,-3.0,0.5625,2.4932273697127023,1,B M K,H,False,False,2.451362133026123,0.73046875,0.6749081611633301,False,1.1236474514007568
train-019860-bdb691eb438723a7,8,6,train,13670274158565991335,pointer,S,C,J,False,W,False,False,5.165121555328369,-4.5625,-4.25,1.875,1.936210892949958,23,C U I,H,False,False,3.166604518890381,0.96875,0.7248703241348267,False,1.2905125617980957
train-019860-bdb691eb438723a7,8,7,train,13670274158565991335,pointer,S,U,Z,False,W,False,False,6.792139053344727,-6.625,-5.5625,3.3125,0.8634259751272985,24,U T C,U,False,True,4.722323894500732,1.0390625,0.7386690378189087,False,1.3419678211212158
train-019860-bdb691eb438723a7,8,8,train,13670274158565991335,pointer,S,Y,W,False,W,False,False,3.7034568786621094,-1.875,-1.875,0.125,2.885253744679357,13,Y L H,Y,False,True,3.451530694961548,1.21875,0.7718434929847717,True,0.25897347927093506
train-019860-bdb691eb438723a7,8,9,train,13670274158565991335,pointer,S,H,,,W,False,True,,,-1.5,0.1875,2.977542159272778,,H F X,H,,True,,1.2890625,0.7839884757995605,,
train-019860-bdb691eb438723a7,8,10,train,13670274158565991335,pointer,S,D,,,W,False,True,,,-1.9375,0.25,2.7964968323955466,,D X Y,D,,True,,1.375,0.7981867790222168,,
train-019860-bdb691eb438723a7,8,11,train,13670274158565991335,pointer,S,Q,,,W,False,True,,,-3.75,1.75,1.907787578391755,,Q D H,D,,False,,1.3671875,0.7969253659248352,,
train-019860-bdb691eb438723a7,8,12,train,13670274158565991335,pointer,S,C,,,W,False,True,,,-2.4375,0.3125,2.7766939051620607,,C I G,G,,False,,1.34375,0.793105959892273,,
train-025720-61b231b44159fe6e,10,1,train,7039743817793797742,pointer,P,F,F,True,G,False,False,6.556489552167477e-06,12.9375,-15.1875,12.9375,9.98212417225193e-05,1,F C T,F,True,True,6.9141146923357155e-06,-0.42578125,0.3951341509819031,False,0.5027486681938171
train-025720-61b231b44159fe6e,10,2,train,7039743817793797742,pointer,P,D,D,True,G,False,False,6.580135959666222e-05,10.25,-16.40625,10.25,0.0008051474663580536,1,D C B,D,True,True,0.000619696278590709,-0.431640625,0.3937346339225769,False,0.5004374980926514
train-025720-61b231b44159fe6e,10,3,train,7039743817793797742,pointer,P,X,X,True,G,False,False,0.0017767847748473287,7.875,-10.71875,7.875,0.01805522427195617,1,X O D,D,False,False,3.0193679332733154,-0.0859375,0.47852879762649536,False,0.651101291179657
train-025720-61b231b44159fe6e,10,4,train,7039743817793797742,pointer,P,G,G,True,G,True,False,0.1510385274887085,2.0,2.0,2.0,0.5376622310407523,1,G X Y,G,True,True,1.8606070280075073,0.2890625,0.5717666149139404,False,0.8480868935585022
train-025720-61b231b44159fe6e,10,5,train,7039743817793797742,pointer,P,E,E,True,G,False,False,0.16363032162189484,2.8125,-2.8125,2.8125,0.8139439466303235,1,E G Q,G,False,False,2.812845230102539,0.55078125,0.6343168616294861,False,1.0059880018234253
train-025720-61b231b44159fe6e,10,6,train,7039743817793797742,pointer,P,P,P,True,G,False,False,0.2406807690858841,2.1875,-5.375,2.1875,1.0112965682762167,1,P E Q,E,False,False,3.318518877029419,0.7421875,0.6774740219116211,False,1.1315715312957764
train-025720-61b231b44159fe6e,10,7,train,7039743817793797742,pointer,P,F,F,True,G,False,False,1.001074194908142,0.0625,-3.875,0.0625,1.8809985530736069,1,F S P,F,True,True,1.777369499206543,0.9140625,0.7138307690620422,False,1.2511719465255737
train-025720-61b231b44159fe6e,10,8,train,7039743817793797742,pointer,P,D,D,True,G,False,False,1.6889172792434692,0.4375,-2.1875,0.4375,2.8726852371190685,1,D J N,N,False,False,2.5328917503356934,1.125,0.7549149990081787,False,1.4061501026153564
train-025720-61b231b44159fe6e,10,9,train,7039743817793797742,pointer,P,X,X,True,G,False,False,0.559073805809021,1.25,-4.0625,1.25,1.7487395370264698,1,X O R,O,False,False,3.2044692039489746,1.25,0.7772998809814453,False,1.5019290447235107
train-025720-61b231b44159fe6e,10,10,train,7039743817793797742,pointer,P,G,G,True,G,True,False,0.8768970966339111,0.625,0.625,0.625,2.104987386099471,1,G X Y,K,False,False,2.764779806137085,1.328125,0.7905303239822388,True,0.23505128920078278
train-025720-61b231b44159fe6e,10,11,train,7039743817793797742,pointer,P,Y,,,G,False,True,,,-1.4375,1.4375,2.8387572220811252,,Y G X,Y,,True,,1.4140625,0.804405927658081,,
train-025720-61b231b44159fe6e,10,12,train,7039743817793797742,pointer,P,K,,,G,False,True,,,-1.75,0.0625,2.5743965859475075,,K Y S,Y,,False,,1.453125,0.8104788661003113,,
train-030608-c1f077d0bf70e845,12,1,train,13974801382179399749,pointer,C,E,E,True,W,False,False,7.998623186722398e-05,10.28125,-17.599609375,10.28125,0.0009801274867210787,1,E A C,E,True,True,0.0001597276859683916,-0.37890625,0.4063906967639923,False,0.5215339660644531
train-030608-c1f077d0bf70e845,12,2,train,13974801382179399749,pointer,C,X,X,True,W,False,False,7.390948667307384e-06,12.4375,-19.0,12.4375,0.00010738854781325714,1,X I C,X,True,True,0.0008702066843397915,-0.396484375,0.4021573066711426,False,0.5144276022911072
train-030608-c1f077d0bf70e845,12,3,train,13974801382179399749,pointer,C,I,I,True,W,False,False,0.0006798578542657197,7.625,-13.625,7.625,0.006589057281098542,1,I X J,X,False,False,3.4134278297424316,-0.1484375,0.46295860409736633,False,0.6216801404953003
train-030608-c1f077d0bf70e845,12,4,train,13974801382179399749,pointer,C,J,J,True,W,False,False,0.3390254080295563,1.3125,-6.6875,1.3125,0.9868516590851938,1,J Y I,Y,False,False,2.7917160987854004,0.251953125,0.5626571774482727,False,0.8270379304885864
train-030608-c1f077d0bf70e845,12,5,train,13974801382179399749,pointer,C,K,V,False,W,False,False,7.763617992401123,-7.6875,-6.5,3.375,0.424636510361389,25,K Y G,Y,False,False,4.443490982055664,0.52734375,0.6288633942604065,False,0.9911850094795227
train-030608-c1f077d0bf70e845,12,6,train,13974801382179399749,pointer,C,G,U,False,W,False,False,4.925075531005859,-4.125,-3.8125,0.625,1.9918476683657451,22,G K H,K,False,False,3.894242525100708,0.78515625,0.6867902874946594,False,1.1608824729919434
train-030608-c1f077d0bf70e845,12,7,train,13974801382179399749,pointer,C,O,W,False,W,False,False,6.956378936767578,-6.875,-6.875,4.125,0.5045937681144769,25,O H D,G,False,False,3.6314072608947754,0.96875,0.7248703241348267,False,1.2905125617980957
train-030608-c1f077d0bf70e845,12,8,train,13974801382179399749,pointer,C,H,I,False,W,False,False,5.409740447998047,-5.25,-5.125,2.9375,0.8201887613531523,11,H O U,O,False,False,3.9959537982940674,1.1640625,0.7620701193809509,False,1.4357792139053345
train-030608-c1f077d0bf70e845,12,9,train,13974801382179399749,pointer,C,Y,J,False,W,False,False,4.676153182983398,-4.25,-4.6875,2.3125,1.6294704897612198,15,Y H K,Y,False,True,3.7226405143737793,1.3046875,0.7866228222846985,False,1.544693946838379
train-030608-c1f077d0bf70e845,12,10,train,13974801382179399749,pointer,C,Y,V,False,W,False,False,3.342050790786743,-1.875,-2.625,0.8125,2.83994119258489,7,Y G H,Y,False,True,4.070383548736572,1.34375,0.793105959892273,False,1.5755484104156494
train-030608-c1f077d0bf70e845,12,11,train,13974801382179399749,pointer,C,G,U,False,W,False,False,4.4924750328063965,-3.1875,-3.125,0.4375,2.5637859245591743,22,G K O,K,False,False,3.667469024658203,1.34375,0.793105959892273,False,1.5755484104156494
train-030608-c1f077d0bf70e845,12,12,train,13974801382179399749,pointer,C,O,W,False,W,False,False,6.557417869567871,-6.4375,-6.4375,3.6875,0.6794207571906978,24,O H G,G,False,False,3.5615830421447754,1.328125,0.7905303239822388,True,0.23505128920078278
train-009711-ec4ff622dab94905,1,1,train,17028099345670031621,pointer,B,S,S,True,S,True,False,1.07287787614041e-05,12.25,12.25,12.25,0.00015450726179082298,1,S R T,S,True,True,0.00011657988943625242,-0.171875,0.45713672041893005,True,0.7827727794647217
train-009711-ec4ff622dab94905,1,2,train,17028099345670031621,pointer,B,C,,,S,False,True,,,-14.0625,11.875,0.0002460265060271472,,C D B,C,,True,,-0.25,0.43782350420951843,,
train-009711-ec4ff622dab94905,1,3,train,17028099345670031621,pointer,B,K,,,S,False,True,,,-10.0625,8.5625,0.017244678692601642,,K N J,K,,True,,-0.01806640625,0.49548354744911194,,
train-009711-ec4ff622dab94905,1,4,train,17028099345670031621,pointer,B,K,,,S,False,True,,,-5.0,2.3125,1.1407448052848252,,K N C,K,,True,,0.455078125,0.6118459105491638,,
train-009711-ec4ff622dab94905,1,5,train,17028099345670031621,pointer,B,K,,,S,False,True,,,-2.9375,0.375,2.446615952349913,,K X V,K,,True,,0.80078125,0.6901415586471558,,
train-009711-ec4ff622dab94905,1,6,train,17028099345670031621,pointer,B,Y,,,S,False,True,,,-2.4375,0.0625,2.6943175034674836,,Y X T,Y,,True,,1.0234375,0.735641598701477,,
train-009711-ec4ff622dab94905,1,7,train,17028099345670031621,pointer,B,V,,,S,False,True,,,-5.0,2.125,1.1619685595180205,,V G T,G,,False,,1.1015625,0.7505527138710022,,
train-009711-ec4ff622dab94905,1,8,train,17028099345670031621,pointer,B,T,,,S,False,True,,,-4.75,3.5,1.1634775604244743,,T V M,Y,,False,,1.203125,0.7690802216529846,,
train-009711-ec4ff622dab94905,1,9,train,17028099345670031621,pointer,B,M,,,S,False,True,,,-2.4375,0.6875,2.8276455934043,,M T J,J,,False,,1.34375,0.793105959892273,,
train-009711-ec4ff622dab94905,1,10,train,17028099345670031621,pointer,B,J,,,S,False,True,,,-1.6875,0.0625,2.9472864775930634,,J D O,J,,True,,1.46875,0.8128673434257507,,
train-009711-ec4ff622dab94905,1,11,train,17028099345670031621,pointer,B,B,,,S,False,True,,,-1.25,0.1875,3.0341215862365853,,B J I,J,,False,,1.5234375,0.8210441470146179,,
train-009711-ec4ff622dab94905,1,12,train,17028099345670031621,pointer,B,B,,,S,False,True,,,-0.5625,0.0625,3.195182749219716,,B G T,G,,False,,1.546875,0.8244618773460388,,
train-031816-da025afc549ac38f,2,1,train,15709218490019398543,pointer,Q,P,P,True,N,False,False,5.364403477869928e-06,13.625,-17.71875,13.625,8.143375551405367e-05,1,P B Q,P,True,True,2.2649508537142538e-05,-0.419921875,0.3965354859828949,False,0.5050680041313171
train-031816-da025afc549ac38f,2,2,train,15709218490019398543,pointer,Q,N,N,True,N,True,False,3.0517112463712692e-05,10.5,10.5,10.5,0.0003655005847013286,1,N M O,N,True,True,0.0011360150529071689,-0.447265625,0.3900110721588135,True,0.9415801167488098
train-031816-da025afc549ac38f,2,3,train,15709218490019398543,pointer,Q,L,,,N,False,True,,,-9.875,8.6875,0.009465321993187932,,L S K,N,,False,,-0.21875,0.4455295205116272,,
train-031816-da025afc549ac38f,2,4,train,15709218490019398543,pointer,Q,S,,,N,False,True,,,-5.0625,3.0,0.6676391488372646,,S L Z,S,,True,,0.267578125,0.5664982199668884,,
train-031816-da025afc549ac38f,2,5,train,15709218490019398543,pointer,Q,S,,,N,False,True,,,-2.75,0.0625,2.3451224628783347,,S L Z,Z,,False,,0.7109375,0.6706082820892334,,
train-031816-da025afc549ac38f,2,6,train,15709218490019398543,pointer,Q,S,,,N,False,True,,,-2.375,0.3125,2.7876035122265144,,S E L,E,,False,,1.03125,0.7371581792831421,,
train-031816-da025afc549ac38f,2,7,train,15709218490019398543,pointer,Q,E,,,N,False,True,,,-3.375,2.0,2.4679803008469756,,E Z H,E,,True,,1.2421875,0.7759445905685425,,
train-031816-da025afc549ac38f,2,8,train,15709218490019398543,pointer,Q,J,,,N,False,True,,,-3.8125,0.3125,2.2828508503539107,,J E O,E,,False,,1.3359375,0.7918210625648499,,
train-031816-da025afc549ac38f,2,9,train,15709218490019398543,pointer,Q,I,,,N,False,True,,,-2.75,1.0625,2.441077033729538,,I J C,J,,False,,1.359375,0.7956580519676208,,
train-031816-da025afc549ac38f,2,10,train,15709218490019398543,pointer,Q,I,,,N,False,True,,,-1.8125,0.0625,2.972912020786163,,I C Y,I,,True,,1.3984375,0.8019358515739441,,
train-031816-da025afc549ac38f,2,11,train,15709218490019398543,pointer,Q,W,,,N,False,True,,,-2.4375,2.0625,2.6262785862411353,,W L E,W,,True,,1.4921875,0.8164063692092896,,
train-031816-da025afc549ac38f,2,12,train,15709218490019398543,pointer,Q,F,,,N,False,True,,,-1.375,0.5625,3.127857345204274,,F M L,F,,True,,1.5546875,0.8255897164344788,,
train-028415-3026a5791fe89900,3,1,train,3469642502580508928,pointer,T,K,K,True,C,False,False,2.145764938177308e-06,14.28125,-14.75,14.28125,3.581995102384528e-05,1,K J C,K,True,True,3.8265450712060556e-05,-0.376953125,0.4068619906902313,False,0.5223281383514404
train-028415-3026a5791fe89900,3,2,train,3469642502580508928,pointer,T,H,H,True,C,False,False,4.124556289752945e-05,11.75,-12.9375,11.75,0.0005733397829838535,1,H N L,H,True,True,0.00040415700641460717,-0.330078125,0.4182216227054596,False,0.5416656732559204
train-028415-3026a5791fe89900,3,3,train,3469642502580508928,pointer,T,C,C,True,C,True,False,0.002348880982026458,7.625,7.625,7.625,0.02287520257422946,1,C W D,H,False,False,3.0415971279144287,-0.04345703125,0.4891374707221985,True,0.7151117324829102
train-028415-3026a5791fe89900,3,4,train,3469642502580508928,pointer,T,W,,,C,False,True,,,-4.1875,4.1875,0.38294738499315756,,W C B,W,,True,,0.375,0.5926666259765625,,
train-028415-3026a5791fe89900,3,5,train,3469642502580508928,pointer,T,W,,,C,False,True,,,-3.75,2.375,0.9069410064572163,,W E C,W,,True,,0.73046875,0.6749081611633301,,
train-028415-3026a5791fe89900,3,6,train,3469642502580508928,pointer,T,W,,,C,False,True,,,-2.375,0.875,1.5527190167123812,,W E C,E,,False,,0.97265625,0.7256485819816589,,
train-028415-3026a5791fe89900,3,7,train,3469642502580508928,pointer,T,W,,,C,False,True,,,-1.5,0.5,2.0029350538347344,,W E C,E,,False,,1.1328125,0.7563575506210327,,
train-028415-3026a5791fe89900,3,8,train,3469642502580508928,pointer,T,W,,,C,False,True,,,-1.4375,0.6875,2.124407100161974,,W E C,E,,False,,1.234375,0.7745833992958069,,
train-028415-3026a5791fe89900,3,9,train,3469642502580508928,pointer,T,W,,,C,False,True,,,-1.875,0.6875,2.000086947785416,,W E C,E,,False,,1.3046875,0.7866228222846985,,
train-028415-3026a5791fe89900,3,10,train,3469642502580508928,pointer,T,W,,,C,False,True,,,-1.8125,0.4375,2.031234555869968,,W E C,E,,False,,1.34375,0.793105959892273,,
train-028415-3026a5791fe89900,3,11,train,3469642502580508928,pointer,T,W,,,C,False,True,,,-1.5625,0.4375,2.1388605164376986,,W E C,E,,False,,1.3671875,0.7969253659248352,,
train-028415-3026a5791fe89900,3,12,train,3469642502580508928,pointer,T,W,,,C,False,True,,,-1.5625,0.5,2.1401394639830897,,W E C,E,,False,,1.390625,0.8006919622421265,,
train-013062-80ac3cea47323079,4,1,train,9271852709763494009,pointer,Y,M,M,True,A,False,False,0.000102037942269817,9.6875,-12.34375,9.6875,0.0012039865931143014,1,M N O,M,True,True,4.2676016164477915e-05,-0.353515625,0.41253018379211426,False,0.5319303274154663
train-013062-80ac3cea47323079,4,2,train,9271852709763494009,pointer,Y,Z,Z,True,A,False,False,3.576278118089249e-07,16.5,-16.5625,16.5,7.621882965292057e-06,1,Z X A,Z,True,True,0.0005100856651552022,-0.4140625,0.3979383707046509,False,0.5073955655097961
train-013062-80ac3cea47323079,4,3,train,9271852709763494009,pointer,Y,O,O,True,A,False,False,0.07927591353654861,2.625,-6.0,2.625,0.32257337715040807,1,O K A,K,False,False,3.679586410522461,-0.11865234375,0.47037166357040405,False,0.6355798244476318
train-013062-80ac3cea47323079,4,4,train,9271852709763494009,pointer,Y,A,A,True,A,True,False,0.5738691091537476,0.75,0.75,0.75,1.4443678064274756,1,A O X,O,False,False,4.284206867218018,0.3203125,0.5794004201889038,True,0.5457614660263062
train-013062-80ac3cea47323079,4,5,train,9271852709763494009,pointer,Y,S,,,A,False,True,,,-3.5625,2.1875,1.4930219598009185,,S U B,O,,False,,0.61328125,0.6486889719963074,,
train-013062-80ac3cea47323079,4,6,train,9271852709763494009,pointer,Y,J,,,A,False,True,,,-3.5625,0.5,1.8641075359666657,,J E U,J,,True,,0.828125,0.6959583163261414,,
train-013062-80ac3cea47323079,4,7,train,9271852709763494009,pointer,Y,U,,,A,False,True,,,-2.625,1.1875,2.3031340114965078,,U I E,E,,False,,1.0234375,0.735641598701477,,
train-013062-80ac3cea47323079,4,8,train,9271852709763494009,pointer,Y,C,,,A,False,True,,,-2.75,0.3125,1.833704905908571,,C U V,U,,False,,1.078125,0.7461389899253845,,
train-013062-80ac3cea47323079,4,9,train,9271852709763494009,pointer,Y,V,,,A,False,True,,,-2.125,0.1875,2.8758874361754394,,V U E,V,,True,,1.25,0.7772998809814453,,
train-013062-80ac3cea47323079,4,10,train,9271852709763494009,pointer,Y,X,,,A,False,True,,,-2.4375,2.125,2.3051904147372615,,X V A,V,,False,,1.34375,0.793105959892273,,
train-013062-80ac3cea47323079,4,11,train,9271852709763494009,pointer,Y,B,,,A,False,True,,,-3.25,1.375,1.5782522873141172,,B X A,X,,False,,1.3671875,0.7969253659248352,,
train-013062-80ac3cea47323079,4,12,train,9271852709763494009,pointer,Y,E,,,A,False,True,,,-3.5,2.875,1.5395441796378029,,E J B,E,,True,,1.328125,0.7905303239822388,,
train-007672-91e9f28a20ed0a35,5,1,train,10514201480144947765,pointer,V,E,E,True,R,False,False,5.3881147323409095e-05,10.6875,-14.796875,10.6875,0.0006810979840192683,1,E A F,E,True,True,7.879423355916515e-05,-0.421875,0.39606815576553345,False,0.5042939186096191
train-007672-91e9f28a20ed0a35,5,2,train,10514201480144947765,pointer,V,L,L,True,R,False,False,2.9802276912960224e-06,13.75,-17.28125,13.75,4.6949674759384307e-05,1,L C D,L,True,True,0.0003634030872490257,-0.431640625,0.3937346339225769,False,0.5004374980926514
train-007672-91e9f28a20ed0a35,5,3,train,10514201480144947765,pointer,V,O,O,True,R,False,False,0.00027771908207796514,10.0625,-12.4375,10.0625,0.0033562787173640253,1,O U Y,O,True,True,0.13228240609169006,-0.1376953125,0.465630441904068,False,0.6266676783561707
train-007672-91e9f28a20ed0a35,5,4,train,10514201480144947765,pointer,V,W,W,True,R,False,False,0.04841357469558716,4.0,-5.9375,4.0,0.31167064836066066,1,W O Y,O,False,False,3.021652936935425,0.236328125,0.5588085651397705,False,0.8182764053344727
train-007672-91e9f28a20ed0a35,5,5,train,10514201480144947765,pointer,V,R,R,True,R,True,False,0.1884492188692093,2.0625,2.0625,2.0625,0.7643196247129597,1,R W H,W,False,False,3.9675192832946777,0.57421875,0.6397360563278198,True,0.4466996192932129
train-007672-91e9f28a20ed0a35,5,6,train,10514201480144947765,pointer,V,H,,,R,False,True,,,-2.625,2.625,1.0601910782170116,,H R D,H,,True,,0.80859375,0.6918097138404846,,
train-007672-91e9f28a20ed0a35,5,7,train,10514201480144947765,pointer,V,H,,,R,False,True,,,-2.3125,2.3125,2.072682053789592,,H R D,H,,True,,1.015625,0.7341195344924927,,
train-007672-91e9f28a20ed0a35,5,8,train,10514201480144947765,pointer,V,H,,,R,False,True,,,-1.875,1.875,2.344417197144961,,H R D,H,,True,,1.15625,0.7606506943702698,,
train-007672-91e9f28a20ed0a35,5,9,train,10514201480144947765,pointer,V,H,,,R,False,True,,,-1.8125,1.8125,2.4017421895885467,,H R F,H,,True,,1.25,0.7772998809814453,,
train-007672-91e9f28a20ed0a35,5,10,train,10514201480144947765,pointer,V,H,,,R,False,True,,,-1.8125,1.8125,2.446978033715943,,H R F,H,,True,,1.3046875,0.7866228222846985,,
train-007672-91e9f28a20ed0a35,5,11,train,10514201480144947765,pointer,V,H,,,R,False,True,,,-1.8125,1.8125,2.472388938719316,,H R F,H,,True,,1.3359375,0.7918210625648499,,
train-007672-91e9f28a20ed0a35,5,12,train,10514201480144947765,pointer,V,H,,,R,False,True,,,-1.75,1.75,2.4806571592888167,,H R F,H,,True,,1.3515625,0.7943849563598633,,
train-004010-e0a0c6ae1c61d00c,6,1,train,16186155511872344076,pointer,D,S,S,True,N,False,False,7.271740287251305e-06,13.375,-17.21875,13.375,0.00011035892722272189,1,S R V,S,True,True,9.583967766957358e-05,-0.466796875,0.38537469506263733,False,0.48674237728118896
train-004010-e0a0c6ae1c61d00c,6,2,train,16186155511872344076,pointer,D,G,E,False,N,False,False,4.018290996551514,-4.0,-15.3125,4.0,0.09169929315434196,2,G E C,G,False,True,5.3874382972717285,-0.46875,0.3849121630191803,False,0.48599016666412354
train-004010-e0a0c6ae1c61d00c,6,3,train,16186155511872344076,pointer,D,Z,B,False,N,False,False,5.158115863800049,-5.125,-7.25,5.125,0.2310967337505524,2,Z B X,E,False,False,3.128828525543213,-0.1826171875,0.454472154378891,False,0.6060014367103577
train-004010-e0a0c6ae1c61d00c,6,4,train,16186155511872344076,pointer,D,O,M,False,N,False,False,6.2678327560424805,-6.25,-6.6875,6.25,0.14261524823449467,2,O M I,O,False,True,3.6390347480773926,0.296875,0.5736784338951111,False,0.8525612950325012
train-004010-e0a0c6ae1c61d00c,6,5,train,16186155511872344076,pointer,D,I,C,False,N,False,False,5.650644302368164,-5.5625,-5.5625,4.25,0.5365471803075523,8,I O D,O,False,False,3.5455169677734375,0.6875,0.665410578250885,False,1.094851016998291
train-004010-e0a0c6ae1c61d00c,6,6,train,16186155511872344076,pointer,D,D,N,False,N,False,False,4.997429847717285,-4.8125,-4.8125,2.9375,0.9041123330725547,6,D I S,I,False,False,3.108316421508789,0.90234375,0.7114308476448059,True,0.34047701954841614
train-004010-e0a0c6ae1c61d00c,6,7,train,16186155511872344076,pointer,D,S,,,N,False,True,,,-5.3125,4.3125,0.6922407941594336,,S M T,S,,True,,1.015625,0.7341195344924927,,
train-004010-e0a0c6ae1c61d00c,6,8,train,16186155511872344076,pointer,D,F,,,N,False,True,,,-2.8125,0.75,2.7298546057259276,,F Z S,C,,False,,1.15625,0.7606506943702698,,
train-004010-e0a0c6ae1c61d00c,6,9,train,16186155511872344076,pointer,D,Z,,,N,False,True,,,-3.875,2.0,1.8968294748946317,,Z G X,G,,False,,1.2421875,0.7759445905685425,,
train-004010-e0a0c6ae1c61d00c,6,10,train,16186155511872344076,pointer,D,O,,,N,False,True,,,-3.6875,0.5,2.2714411273823623,,O X Z,V,,False,,1.359375,0.7956580519676208,,
train-004010-e0a0c6ae1c61d00c,6,11,train,16186155511872344076,pointer,D,O,,,N,False,True,,,-4.125,2.3125,1.6005346634488733,,O I U,O,,True,,1.4140625,0.804405927658081,,
train-004010-e0a0c6ae1c61d00c,6,12,train,16186155511872344076,pointer,D,I,,,N,False,True,,,-4.125,2.625,1.6611409635815557,,I S O,I,,True,,1.4453125,0.8092759251594543,,
train-028239-adf422ec4d4ce5fa,8,1,train,12534682061183444474,pointer,S,V,V,True,T,False,False,7.152555099310121e-07,15.6875,-18.9453125,15.6875,1.3525046928141759e-05,1,V W Z,V,True,True,0.0001280225842492655,-0.470703125,0.38444983959198,False,0.48523885011672974
train-028239-adf422ec4d4ce5fa,8,2,train,12534682061183444474,pointer,S,J,J,True,T,False,False,9.298280929215252e-06,12.0,-15.9375,12.0,0.00012757189634113385,1,J Y Z,J,True,True,0.00012587709352374077,-0.443359375,0.39094078540802,False,0.49583977460861206
train-028239-adf422ec4d4ce5fa,8,3,train,12534682061183444474,pointer,S,Y,Y,True,T,False,False,0.00021240839851088822,9.8125,-12.3125,9.8125,0.0025366603283122273,1,Y J I,Y,True,True,0.03333427757024765,-0.2236328125,0.4443236291408539,False,0.5875692367553711
train-028239-adf422ec4d4ce5fa,8,4,train,12534682061183444474,pointer,S,C,I,False,T,False,False,2.636990785598755,-2.5,-6.5,2.5,0.6112405231525239,2,C I M,I,True,False,0.4158724844455719,0.10205078125,0.5254905819892883,False,0.7454738020896912
train-028239-adf422ec4d4ce5fa,8,5,train,12534682061183444474,pointer,S,B,C,False,T,False,False,5.356555938720703,-4.8125,-4.9375,0.9375,1.2981039087166468,8,B K M,M,False,False,3.5943760871887207,0.423828125,0.6043989062309265,False,0.9273489713668823
train-028239-adf422ec4d4ce5fa,8,6,train,12534682061183444474,pointer,S,K,B,False,T,False,False,5.0391316413879395,-4.625,-0.875,0.875,0.9913985986879562,4,K T A,K,False,True,3.920691967010498,0.75390625,0.6800292134284973,False,1.1395256519317627
train-028239-adf422ec4d4ce5fa,8,7,train,12534682061183444474,pointer,S,A,K,False,T,False,False,2.2924561500549316,-1.0,-0.3125,0.3125,2.474378476631695,3,A T K,T,False,False,2.7828850746154785,1.015625,0.7341195344924927,False,1.3247084617614746
train-028239-adf422ec4d4ce5fa,8,8,train,12534682061183444474,pointer,S,X,T,False,T,False,False,2.8488705158233643,-2.125,-2.125,1.4375,2.0631244273928453,4,X A K,K,False,False,2.978623390197754,1.203125,0.7690802216529846,True,0.2625599503517151
train-028239-adf422ec4d4ce5fa,8,9,train,12534682061183444474,pointer,S,M,,,T,False,True,,,-3.875,1.9375,1.2377574470926034,,M X I,X,,False,,1.234375,0.7745833992958069,,
train-028239-adf422ec4d4ce5fa,8,10,train,12534682061183444474,pointer,S,R,,,T,False,True,,,-4.25,0.8125,1.3735113712357199,,R M N,M,,False,,1.171875,0.7634837031364441,,
train-028239-adf422ec4d4ce5fa,8,11,train,12534682061183444474,pointer,S,E,,,T,False,True,,,-4.25,1.1875,1.5012350933783092,,E R W,R,,False,,1.21875,0.7718434929847717,,
train-028239-adf422ec4d4ce5fa,8,12,train,12534682061183444474,pointer,S,H,,,T,False,True,,,-4.375,1.125,1.853181818470051,,H E A,E,,False,,1.2734375,0.7813306450843811,,
train-024028-87d3f9ab188b0397,10,1,train,9787440928452707223,pointer,N,V,V,True,M,False,False,9.536738616588991e-07,15.875,-17.8125,15.875,1.4595268972423476e-05,1,V Z W,V,True,True,0.00012814177898690104,-0.427734375,0.39466747641563416,False,0.5019773244857788
train-024028-87d3f9ab188b0397,10,2,train,9787440928452707223,pointer,N,M,M,True,M,True,False,0.0005634627304971218,7.625,7.625,7.625,0.005188337412145604,1,M T C,M,True,True,0.00010668662434909493,-0.4609375,0.38676342368125916,False,0.4890044927597046
train-024028-87d3f9ab188b0397,10,3,train,9787440928452707223,pointer,N,T,T,True,M,False,False,0.0003831844369415194,8.8125,-8.8125,8.8125,0.004291393038785517,1,T M S,T,True,True,0.36585256457328796,-0.25,0.43782350420951843,False,0.575939416885376
train-024028-87d3f9ab188b0397,10,4,train,9787440928452707223,pointer,N,N,N,True,M,False,False,0.36356306076049805,1.125,-4.5625,1.125,0.9384520143815585,1,N V T,T,False,False,3.091750144958496,0.234375,0.5583270192146301,False,0.8171855211257935
train-024028-87d3f9ab188b0397,10,5,train,9787440928452707223,pointer,N,V,V,True,M,False,False,0.2370254248380661,1.9375,-3.0,1.9375,0.8962054655462554,1,V N M,V,True,True,1.6742737293243408,0.63671875,0.6540113687515259,False,1.0613492727279663
train-024028-87d3f9ab188b0397,10,6,train,9787440928452707223,pointer,N,M,M,True,M,True,False,1.1075016260147095,0.0,0.0,0.0,1.8209004219828568,1,M T V,T,False,False,3.140289306640625,0.97265625,0.7256485819816589,False,1.29334557056427
train-024028-87d3f9ab188b0397,10,7,train,9787440928452707223,pointer,N,N,T,False,M,False,False,2.4885177612304688,-2.125,-3.625,1.8125,1.2489685007781692,3,N V T,T,True,False,1.5597608089447021,1.1640625,0.7620701193809509,False,1.4357792139053345
train-024028-87d3f9ab188b0397,10,8,train,9787440928452707223,pointer,N,V,N,False,M,False,False,1.8798588514328003,-1.5,-2.4375,1.5,1.2559660608678003,2,V N M,V,False,True,2.7693374156951904,1.2890625,0.7839884757995605,False,1.532423496246338
train-024028-87d3f9ab188b0397,10,9,train,9787440928452707223,pointer,N,M,V,False,M,True,False,1.368234395980835,-0.3125,0.3125,0.3125,1.9288605880471796,2,M V T,T,False,False,2.826463460922241,1.4140625,0.804405927658081,False,1.6317137479782104
train-024028-87d3f9ab188b0397,10,10,train,9787440928452707223,pointer,N,T,M,False,M,False,False,1.3355448246002197,-0.625,-0.625,0.625,1.6499018192563528,2,T M N,T,False,True,3.094594955444336,1.4765625,0.8140527606010437,True,0.20573005080223083
train-024028-87d3f9ab188b0397,10,11,train,9787440928452707223,pointer,N,N,,,M,False,True,,,-4.3125,2.625,0.8575834950507681,,N T V,T,,False,,1.4453125,0.8092759251594543,,
train-024028-87d3f9ab188b0397,10,12,train,9787440928452707223,pointer,N,V,,,M,False,True,,,-2.75,2.125,1.0373426169901423,,V N M,V,,True,,1.4453125,0.8092759251594543,,
train-021266-d3d042fb23253b94,12,1,train,15262772783552478100,pointer,B,A,A,True,A,True,False,1.4305104514278355e-06,14.6875,14.6875,14.6875,2.5027843431056072e-05,1,A B I,A,True,True,0.00011562632425921038,-0.396484375,0.4021573066711426,False,0.5144276022911072
train-021266-d3d042fb23253b94,12,2,train,15262772783552478100,pointer,B,T,T,True,A,False,False,1.4305104514278355e-06,15.0,-15.0,15.0,2.40151276813538e-05,1,T A B,T,True,True,0.00024423000286333263,-0.43359375,0.39326852560043335,False,0.4996689558029175
train-021266-d3d042fb23253b94,12,3,train,15262772783552478100,pointer,B,S,S,True,A,False,False,0.0007404923089779913,8.5,-10.125,8.5,0.008037171181056131,1,S T D,S,True,True,0.10096615552902222,-0.169921875,0.4576214849948883,False,0.6117910742759705
train-021266-d3d042fb23253b94,12,4,train,15262772783552478100,pointer,B,D,D,True,A,False,False,0.17035137116909027,2.0625,-5.3125,2.0625,0.6709253542526659,1,D S T,S,False,False,4.076537609100342,0.212890625,0.553022563457489,False,0.8052471280097961
train-021266-d3d042fb23253b94,12,5,train,15262772783552478100,pointer,B,D,C,False,A,False,False,1.7865707874298096,-1.375,-5.5625,1.375,1.1913937609053449,2,D C S,S,False,False,4.0268378257751465,0.61328125,0.6486889719963074,False,1.0460832118988037
train-021266-d3d042fb23253b94,12,6,train,15262772783552478100,pointer,B,C,G,False,A,False,False,2.40238618850708,-2.0625,-4.9375,2.0625,1.279729319029808,2,C G D,C,False,True,3.733971357345581,0.953125,0.7217432260513306,False,1.2792108058929443
train-021266-d3d042fb23253b94,12,7,train,15262772783552478100,pointer,B,C,M,False,A,False,False,4.165184497833252,-3.25,-2.875,0.9375,2.2979292830156814,15,C D S,C,False,True,3.3214058876037598,1.1953125,0.7676898241043091,False,1.4596819877624512
train-021266-d3d042fb23253b94,12,8,train,15262772783552478100,pointer,B,S,V,False,A,False,False,4.944570541381836,-3.375,-1.625,0.25,2.781089796481441,25,S D T,S,False,True,4.409300327301025,1.3125,0.7879312038421631,False,1.5508445501327515
train-021266-d3d042fb23253b94,12,9,train,15262772783552478100,pointer,B,S,Q,False,A,False,False,5.929523468017578,-5.375,-3.25,1.875,1.8983456396604705,26,S T D,S,False,True,4.728592395782471,1.3359375,0.7918210625648499,False,1.5693573951721191
train-021266-d3d042fb23253b94,12,10,train,15262772783552478100,pointer,B,D,E,False,A,False,False,4.958775520324707,-4.6875,-4.6875,2.0,1.1135596530291747,10,D S T,S,False,False,3.7225537300109863,1.359375,0.7956580519676208,False,1.5879607200622559
train-021266-d3d042fb23253b94,12,11,train,15262772783552478100,pointer,B,C,B,False,A,False,False,4.3641533851623535,-3.8125,-4.25,1.4375,1.7071022769568664,7,C D G,S,False,False,2.944413661956787,1.4453125,0.8092759251594543,False,1.6569278240203857
train-021266-d3d042fb23253b94,12,12,train,15262772783552478100,pointer,B,C,A,False,A,False,False,3.7078232765197754,-2.9375,-2.9375,1.5,2.2314640477768255,9,C D B,C,False,True,4.050467491149902,1.53125,0.8221890926361084,True,0.1957848221063614
train-030429-0536e84ed28563f3,1,1,train,375743044169065459,pointer,H,Q,Q,True,Q,True,False,1.9192511899746023e-05,11.125,11.125,11.125,0.00025032372312022515,1,Q K L,Q,True,True,3.814624506048858e-05,-0.267578125,0.4335017800331116,True,0.8358594179153442
train-030429-0536e84ed28563f3,1,2,train,375743044169065459,pointer,H,I,,,Q,False,True,,,-16.65625,12.625,0.00017337595983640691,,I O L,I,,True,,-0.359375,0.41111087799072266,,
train-030429-0536e84ed28563f3,1,3,train,375743044169065459,pointer,H,G,,,Q,False,True,,,-11.1875,8.25,0.022082420040337985,,G D F,I,,False,,-0.08984375,0.47755420207977295,,
train-030429-0536e84ed28563f3,1,4,train,375743044169065459,pointer,H,W,,,Q,False,True,,,-7.375,4.0625,0.2420947715932479,,W B G,B,,False,,0.33203125,0.5822535157203674,,
train-030429-0536e84ed28563f3,1,5,train,375743044169065459,pointer,H,X,,,Q,False,True,,,-5.3125,2.75,0.9035591906734648,,X B W,X,,True,,0.6953125,0.6671476364135742,,
train-030429-0536e84ed28563f3,1,6,train,375743044169065459,pointer,H,X,,,Q,False,True,,,-5.0,2.0625,1.4320504150007232,,X V T,X,,True,,0.9140625,0.7138307690620422,,
train-030429-0536e84ed28563f3,1,7,train,375743044169065459,pointer,H,V,,,Q,False,True,,,-2.125,0.25,3.053949515233685,,V G K,V,,True,,1.0703125,0.7446563243865967,,
train-030429-0536e84ed28563f3,1,8,train,375743044169065459,pointer,H,T,,,Q,False,True,,,-2.1875,0.4375,2.919851072652918,,T G V,V,,False,,1.1875,0.7662936449050903,,
train-030429-0536e84ed28563f3,1,9,train,375743044169065459,pointer,H,A,,,Q,False,True,,,-3.4375,1.875,2.6015004278678484,,A T H,T,,False,,1.3046875,0.7866228222846985,,
train-030429-0536e84ed28563f3,1,10,train,375743044169065459,pointer,H,N,,,Q,False,True,,,-4.6875,1.875,1.8863814621073363,,N A G,N,,True,,1.421875,0.8056321740150452,,
train-030429-0536e84ed28563f3,1,11,train,375743044169065459,pointer,H,U,,,Q,False,True,,,-4.0,1.25,2.502463072200055,,U K N,N,,False,,1.421875,0.8056321740150452,,
train-030429-0536e84ed28563f3,1,12,train,375743044169065459,pointer,H,K,,,Q,False,True,,,-5.9375,2.0625,1.2121749804728588,,K U T,U,,False,,1.3671875,0.7969253659248352,,
train-026632-d8895a6b8b0a9677,2,1,train,15603101801942521463,pointer,R,K,K,True,E,False,False,2.9802276912960224e-06,13.40625,-20.9375,13.40625,4.645678697930921e-05,1,K J R,K,True,True,4.875540980719961e-05,-0.314453125,0.42202815413475037,False,0.5482301115989685
train-026632-d8895a6b8b0a9677,2,2,train,15603101801942521463,pointer,R,E,E,True,E,True,False,7.629365427419543e-06,12.6875,12.6875,12.6875,0.00011280477093135556,1,E A C,E,True,True,0.00020990552729927003,-0.380859375,0.4059196412563324,True,0.9016000628471375
train-026632-d8895a6b8b0a9677,2,3,train,15603101801942521463,pointer,R,H,,,E,False,True,,,-13.0625,7.0,0.012626234102524442,,H K I,H,,True,,-0.142578125,0.4644157588481903,,
train-026632-d8895a6b8b0a9677,2,4,train,15603101801942521463,pointer,R,K,,,E,False,True,,,-8.0,4.5,0.16604248504146937,,K H J,H,,False,,0.28125,0.5698526501655579,,
train-026632-d8895a6b8b0a9677,2,5,train,15603101801942521463,pointer,R,E,,,E,True,True,,,3.6875,3.6875,0.6133007193545225,,E B K,K,,False,,0.58984375,0.6433292627334595,,
train-026632-d8895a6b8b0a9677,2,6,train,15603101801942521463,pointer,R,H,,,E,False,True,,,-6.0,3.1875,0.7541052339765355,,H K L,H,,True,,0.828125,0.6959583163261414,,
train-026632-d8895a6b8b0a9677,2,7,train,15603101801942521463,pointer,R,K,,,E,False,True,,,-6.625,3.375,0.4615314223518036,,K H W,H,,False,,0.99609375,0.730289876461029,,
train-026632-d8895a6b8b0a9677,2,8,train,15603101801942521463,pointer,R,E,,,E,True,True,,,2.5,2.5,0.8781102164266473,,E K H,K,,False,,1.0703125,0.7446563243865967,,
train-026632-d8895a6b8b0a9677,2,9,train,15603101801942521463,pointer,R,H,,,E,False,True,,,-5.3125,3.0,0.9591321100662867,,H K L,H,,True,,1.1640625,0.7620701193809509,,
train-026632-d8895a6b8b0a9677,2,10,train,15603101801942521463,pointer,R,K,,,E,False,True,,,-6.4375,3.125,0.5396048278452716,,K H W,H,,False,,1.2109375,0.7704647779464722,,
train-026632-d8895a6b8b0a9677,2,11,train,15603101801942521463,pointer,R,E,,,E,True,True,,,2.375,2.375,0.902019114487576,,E K H,K,,False,,1.2109375,0.7704647779464722,,
train-026632-d8895a6b8b0a9677,2,12,train,15603101801942521463,pointer,R,H,,,E,False,True,,,-5.1875,2.9375,1.0138399701090768,,H K L,H,,True,,1.2578125,0.7786493301391602,,
train-024617-ae255de3918cedd9,3,1,train,12548539168718646745,pointer,E,J,J,True,U,False,False,5.030505417380482e-05,10.375,-15.546875,10.375,0.000621094444507063,1,J B A,J,True,True,1.7165990357170813e-05,-0.423828125,0.3956010639667511,False,0.5035208463668823
train-024617-ae255de3918cedd9,3,2,train,12548539168718646745,pointer,E,D,D,True,U,False,False,1.7881233361549675e-05,11.5625,-13.0,11.5625,0.00024137488210245253,1,D C B,D,True,True,0.0008759237825870514,-0.455078125,0.3881540596485138,False,0.4912748336791992
train-024617-ae255de3918cedd9,3,3,train,12548539168718646745,pointer,E,U,U,True,U,True,False,0.0013155624037608504,7.125,7.125,7.125,0.012225101149866963,1,U C D,D,False,False,3.5650649070739746,-0.12109375,0.46976348757743835,True,0.7555258870124817
train-024617-ae255de3918cedd9,3,4,train,12548539168718646745,pointer,E,C,,,U,False,True,,,-4.25,4.25,0.26871977055253016,,C U D,U,,False,,0.298828125,0.5741560459136963,,
train-024617-ae255de3918cedd9,3,5,train,12548539168718646745,pointer,E,Q,,,U,False,True,,,-6.9375,1.9375,0.6595569842304888,,Q J V,Q,,True,,0.66796875,0.6610482335090637,,
train-024617-ae255de3918cedd9,3,6,train,12548539168718646745,pointer,E,J,,,U,False,True,,,-6.25,2.8125,0.7571683143822124,,J T Q,J,,True,,0.9609375,0.7233095169067383,,
train-024617-ae255de3918cedd9,3,7,train,12548539168718646745,pointer,E,J,,,U,False,True,,,-3.625,2.0625,1.1877997597409464,,J D U,J,,True,,1.1796875,0.7648916244506836,,
train-024617-ae255de3918cedd9,3,8,train,12548539168718646745,pointer,E,U,,,U,True,True,,,3.1875,3.1875,0.41829472408786206,,U C D,D,,False,,1.2421875,0.7759445905685425,,
train-024617-ae255de3918cedd9,3,9,train,12548539168718646745,pointer,E,C,,,U,False,True,,,-2.1875,2.1875,1.0765774332841733,,C U D,U,,False,,1.203125,0.7690802216529846,,
train-024617-ae255de3918cedd9,3,10,train,12548539168718646745,pointer,E,Q,,,U,False,True,,,-6.3125,1.875,0.8124224456975899,,Q J V,Q,,True,,1.296875,0.7853085398674011,,
train-024617-ae255de3918cedd9,3,11,train,12548539168718646745,pointer,E,J,,,U,False,True,,,-5.6875,2.3125,1.0072504232573154,,J Q T,J,,True,,1.3828125,0.7994422912597656,,
train-024617-ae255de3918cedd9,3,12,train,12548539168718646745,pointer,E,J,,,U,False,True,,,-3.5625,2.0,1.2398346430394234,,J D C,J,,True,,1.4453125,0.8092759251594543,,
train-012801-7782f5cb5ee87a60,4,1,train,8611715691305269856,pointer,N,F,F,True,V,False,False,2.9802276912960224e-06,13.5,-20.53125,13.5,4.796458374464052e-05,1,F C T,F,True,True,1.3470558769768104e-05,-0.41796875,0.3970029056072235,False,0.505842924118042
train-012801-7782f5cb5ee87a60,4,2,train,8611715691305269856,pointer,N,T,T,True,V,False,False,4.529942543740617e-06,14.1875,-16.9375,14.1875,7.226951293750304e-05,1,T S M,T,True,True,0.0003493413969408721,-0.439453125,0.39187127351760864,False,0.4973686933517456
train-012801-7782f5cb5ee87a60,4,3,train,8611715691305269856,pointer,N,H,H,True,V,False,False,0.0010954099707305431,7.875,-10.875,7.875,0.011387984358209122,1,H K L,T,False,False,3.8836448192596436,-0.08984375,0.47755420207977295,False,0.6492339372634888
train-012801-7782f5cb5ee87a60,4,4,train,8611715691305269856,pointer,N,V,V,True,V,True,False,0.009166537784039974,7.0625,7.0625,7.0625,0.07996242396258745,1,V D C,V,True,True,1.3006317615509033,0.29296875,0.5727227926254272,True,0.5573534965515137
train-012801-7782f5cb5ee87a60,4,5,train,8611715691305269856,pointer,N,N,,,V,False,True,,,-2.625,2.625,0.8819062253540367,,N V F,V,,False,,0.6640625,0.6601723432540894,,
train-012801-7782f5cb5ee87a60,4,6,train,8611715691305269856,pointer,N,B,,,V,False,True,,,-5.75,0.5,1.6516127259880977,,B L F,L,,False,,0.94140625,0.7193835973739624,,
train-012801-7782f5cb5ee87a60,4,7,train,8611715691305269856,pointer,N,B,,,V,False,True,,,-5.6875,1.3125,0.8826221546474321,,B L C,L,,False,,1.09375,0.7490872144699097,,
train-012801-7782f5cb5ee87a60,4,8,train,8611715691305269856,pointer,N,L,,,V,False,True,,,-7.375,1.6875,0.7650736511797147,,L B R,B,,False,,1.140625,0.7577943801879883,,
train-012801-7782f5cb5ee87a60,4,9,train,8611715691305269856,pointer,N,B,,,V,False,True,,,-6.5625,1.625,0.8473855406625085,,B L D,B,,True,,1.140625,0.7577943801879883,,
train-012801-7782f5cb5ee87a60,4,10,train,8611715691305269856,pointer,N,L,,,V,False,True,,,-7.3125,1.5625,0.7560945669868837,,L B R,B,,False,,1.171875,0.7634837031364441,,
train-012801-7782f5cb5ee87a60,4,11,train,8611715691305269856,pointer,N,B,,,V,False,True,,,-6.6875,1.8125,0.7653992605513942,,B L D,B,,True,,1.1640625,0.7620701193809509,,
train-012801-7782f5cb5ee87a60,4,12,train,8611715691305269856,pointer,N,L,,,V,False,True,,,-7.5625,1.8125,0.675257077606822,,L B R,B,,False,,1.1796875,0.7648916244506836,,
train-025312-1c1829dd54e630f6,5,1,train,2024414063091921142,pointer,Z,I,I,True,H,False,False,4.768360213347478e-06,13.78125,-17.578125,13.78125,7.473076520804608e-05,1,I M A,I,True,True,6.961580220377073e-05,-0.4140625,0.3979383707046509,False,0.5073955655097961
train-025312-1c1829dd54e630f6,5,2,train,2024414063091921142,pointer,Z,U,U,True,H,False,False,2.9802276912960224e-06,14.1875,-18.0625,14.1875,4.76719551128958e-05,1,U A D,U,True,True,0.0004368066438473761,-0.44921875,0.38954654335975647,False,0.4935532212257385
train-025312-1c1829dd54e630f6,5,3,train,2024414063091921142,pointer,Z,A,A,True,H,False,False,0.00013326710904948413,9.6875,-12.8125,9.6875,0.0015511629752201243,1,A U C,A,True,True,0.059694189578294754,-0.2138671875,0.44673606753349304,False,0.5919201374053955
train-025312-1c1829dd54e630f6,5,4,train,2024414063091921142,pointer,Z,C,C,True,H,False,False,0.13271082937717438,2.0,-7.0625,2.0,0.4151737068587636,1,C A B,A,False,False,4.621353626251221,0.123046875,0.530722975730896,False,0.7565619349479675
train-025312-1c1829dd54e630f6,5,5,train,2024414063091921142,pointer,Z,H,H,True,H,True,False,0.08847036957740784,3.6875,3.6875,3.6875,0.4948583370326492,1,H C A,A,False,False,2.788846969604492,0.439453125,0.6081287264823914,True,0.497368723154068
train-025312-1c1829dd54e630f6,5,6,train,2024414063091921142,pointer,Z,H,,,H,True,True,,,1.9375,1.9375,0.7099468997053174,,H W L,B,,False,,0.65234375,0.6575384140014648,,
train-025312-1c1829dd54e630f6,5,7,train,2024414063091921142,pointer,Z,W,,,H,False,True,,,-0.6875,0.6875,2.021649821416262,,W H B,W,,True,,0.87890625,0.7065955400466919,,
train-025312-1c1829dd54e630f6,5,8,train,2024414063091921142,pointer,Z,P,,,H,False,True,,,-4.0625,1.3125,1.6973252671772696,,P K I,K,,False,,1.09375,0.7490872144699097,,
train-025312-1c1829dd54e630f6,5,9,train,2024414063091921142,pointer,Z,D,,,H,False,True,,,-7.0,1.875,0.6877038409815992,,D P B,P,,False,,1.0703125,0.7446563243865967,,
train-025312-1c1829dd54e630f6,5,10,train,2024414063091921142,pointer,Z,F,,,H,False,True,,,-3.5,0.9375,1.8917399316169994,,F D T,F,,True,,1.1640625,0.7620701193809509,,
train-025312-1c1829dd54e630f6,5,11,train,2024414063091921142,pointer,Z,S,,,H,False,True,,,-3.5,0.75,1.8436399037073048,,S F C,F,,False,,1.1953125,0.7676898241043091,,
train-025312-1c1829dd54e630f6,5,12,train,2024414063091921142,pointer,Z,G,,,H,False,True,,,-4.9375,3.3125,0.7918907079592205,,G S Q,S,,False,,1.2421875,0.7759445905685425,,
train-007979-3014314f22a9dfea,6,1,train,3464448229308489706,pointer,F,H,H,True,L,False,False,3.3378546504536644e-06,14.28125,-16.03125,14.28125,5.500558233857805e-05,1,H M A,H,True,True,4.935142715112306e-05,-0.43359375,0.39326852560043335,False,0.4996689558029175
train-007979-3014314f22a9dfea,6,2,train,3464448229308489706,pointer,F,D,D,True,L,False,False,0.002744124736636877,5.9375,-16.6875,5.9375,0.019420543218557504,1,D B C,D,True,True,0.015942370519042015,-0.43359375,0.39326852560043335,False,0.4996689558029175
train-007979-3014314f22a9dfea,6,3,train,3464448229308489706,pointer,F,Y,B,False,L,False,False,4.460915565490723,-4.4375,-10.1875,4.4375,0.1309807981845118,2,Y B N,B,True,False,1.0407240390777588,-0.09912109375,0.475240021944046,False,0.6448142528533936
train-007979-3014314f22a9dfea,6,4,train,3464448229308489706,pointer,F,N,Y,False,L,False,False,6.3762102127075195,-6.3125,-4.0625,3.4375,0.34194162616831053,4,N B L,N,False,True,3.4737861156463623,0.2421875,0.5602526664733887,False,0.8215548992156982
train-007979-3014314f22a9dfea,6,5,train,3464448229308489706,pointer,F,L,N,False,L,True,False,2.3647730350494385,-2.0,2.0,2.0,1.2960574378607665,3,L B N,N,True,False,1.8845895528793335,0.60546875,0.6469064354896545,False,1.0410223007202148
train-007979-3014314f22a9dfea,6,6,train,3464448229308489706,pointer,F,Y,L,False,L,False,False,3.4884073734283447,-2.875,-2.875,1.0,1.699642250607714,4,Y B N,B,False,False,3.1307477951049805,0.8828125,0.7074047327041626,True,0.3461523652076721
train-007979-3014314f22a9dfea,6,7,train,3464448229308489706,pointer,F,N,,,L,False,True,,,-5.4375,3.375,0.5045188508265266,,N Y B,N,,True,,1.0,0.7310585975646973,,
train-007979-3014314f22a9dfea,6,8,train,3464448229308489706,pointer,F,L,,,L,True,True,,,0.75,0.75,1.4879408417442936,,L N B,N,,False,,1.0703125,0.7446563243865967,,
train-007979-3014314f22a9dfea,6,9,train,3464448229308489706,pointer,F,L,,,L,True,True,,,1.125,1.125,2.3203533421343825,,L W H,L,,True,,1.1953125,0.7676898241043091,,
train-007979-3014314f22a9dfea,6,10,train,3464448229308489706,pointer,F,J,,,L,False,True,,,-3.0625,0.1875,2.2070395524216306,,J B Y,W,,False,,1.2578125,0.7786493301391602,,
train-007979-3014314f22a9dfea,6,11,train,3464448229308489706,pointer,F,K,,,L,False,True,,,-4.0,0.875,1.446063987218996,,K J N,J,,False,,1.265625,0.7799928784370422,,
train-007979-3014314f22a9dfea,6,12,train,3464448229308489706,pointer,F,J,,,L,False,True,,,-4.4375,1.0625,1.3479297971417497,,J K Y,K,,False,,1.2734375,0.7813306450843811,,
train-014001-e563bec2467cb922,8,1,train,16529264798995364130,pointer,L,S,S,True,C,False,False,1.2636104656849056e-05,12.96875,-12.96875,12.96875,0.0001865534266575798,1,S C R,S,True,True,0.00010394509445177391,-0.46875,0.3849121630191803,False,0.48599016666412354
train-014001-e563bec2467cb922,8,2,train,16529264798995364130,pointer,L,C,C,True,C,True,False,5.1377883210079744e-05,10.8125,10.8125,10.8125,0.000671481336641849,1,C D A,C,True,True,0.0004891153075732291,-0.4140625,0.3979383707046509,False,0.5073955655097961
train-014001-e563bec2467cb922,8,3,train,16529264798995364130,pointer,L,V,V,True,C,False,False,0.0030045625753700733,7.0625,-8.0,7.0625,0.028427869191385007,1,V X C,X,False,False,3.4217615127563477,-0.1240234375,0.469033807516098,False,0.6330569386482239
train-014001-e563bec2467cb922,8,4,train,16529264798995364130,pointer,L,B,C,False,C,False,False,3.5853025913238525,-2.1875,-2.1875,0.1875,2.351635876902369,6,B U V,V,False,False,3.8790171146392822,0.279296875,0.5693738460540771,False,0.8425149321556091
train-014001-e563bec2467cb922,8,5,train,16529264798995364130,pointer,L,R,V,False,C,False,False,8.182865142822266,-8.0625,-6.375,2.5625,0.5199230028894063,22,R N B,B,False,False,4.649439811706543,0.57421875,0.6397360563278198,False,1.020918369293213
train-014001-e563bec2467cb922,8,6,train,16529264798995364130,pointer,L,N,C,False,C,False,False,5.7579755783081055,-5.6875,-5.6875,4.125,0.4264737717581429,7,N B R,B,False,False,3.1862895488739014,0.7890625,0.6876299977302551,False,1.1635668277740479
train-014001-e563bec2467cb922,8,7,train,16529264798995364130,pointer,L,N,V,False,C,False,False,6.159823417663574,-5.9375,-4.5625,2.3125,0.9726805257223591,20,N X R,N,False,True,4.618906497955322,1.0078125,0.7325918078422546,False,1.318979024887085
train-014001-e563bec2467cb922,8,8,train,16529264798995364130,pointer,L,N,C,False,C,False,False,3.7666752338409424,-3.0,-3.0,0.4375,1.7522104946519264,4,N X R,N,False,True,3.192816972732544,1.203125,0.7690802216529846,True,0.2625599503517151
train-014001-e563bec2467cb922,8,9,train,16529264798995364130,pointer,L,X,,,C,False,True,,,-2.4375,0.0625,1.9922388692798727,,X N R,X,,True,,1.328125,0.7905303239822388,,
train-014001-e563bec2467cb922,8,10,train,16529264798995364130,pointer,L,X,,,C,False,True,,,-2.375,0.0625,2.0614364709477955,,X N R,X,,True,,1.40625,0.8031737804412842,,
train-014001-e563bec2467cb922,8,11,train,16529264798995364130,pointer,L,N,,,C,False,True,,,-2.375,0.125,2.102919437182046,,N X R,X,,False,,1.453125,0.8104788661003113,,
train-014001-e563bec2467cb922,8,12,train,16529264798995364130,pointer,L,N,,,C,False,True,,,-2.6875,0.4375,2.0131136397912672,,N X R,X,,False,,1.484375,0.815232515335083,,
train-004660-7b216b0ca8bd5f27,10,1,train,8872490443011350311,pointer,A,O,O,True,H,False,False,1.0609570381348021e-05,11.90625,-16.9140625,11.90625,0.00014814485879964333,1,O A P,O,True,True,3.2305197237292305e-05,-0.390625,0.403566837310791,False,0.516788125038147
train-004660-7b216b0ca8bd5f27,10,2,train,8872490443011350311,pointer,A,K,K,True,H,False,False,2.264974000354414e-06,13.375,-13.375,13.375,3.6575972321337704e-05,1,K H B,K,True,True,0.0002044230350293219,-0.349609375,0.4134771525859833,False,0.5335437059402466
train-004660-7b216b0ca8bd5f27,10,3,train,8872490443011350311,pointer,A,B,B,True,H,False,False,0.00403981888666749,5.875,-9.9375,5.875,0.032341541204860554,1,B X K,K,False,False,3.223116397857666,-0.10888671875,0.4728052020072937,False,0.6401851773262024
train-004660-7b216b0ca8bd5f27,10,4,train,8872490443011350311,pointer,A,X,X,True,H,False,False,0.261814147233963,1.9375,-6.0,1.9375,0.9688419744994086,1,X O R,O,False,False,3.4019575119018555,0.341796875,0.5846269726753235,False,0.878578245639801
train-004660-7b216b0ca8bd5f27,10,5,train,8872490443011350311,pointer,A,R,Y,False,H,False,False,2.4540352821350098,-1.125,-3.0,0.5625,2.4792050867073603,5,R B X,O,False,False,3.747859477996826,0.69921875,0.6680145263671875,False,1.1026641130447388
train-004660-7b216b0ca8bd5f27,10,6,train,8872490443011350311,pointer,A,B,R,False,H,False,False,3.458770275115967,-2.6875,-3.5625,0.875,2.0534925236774177,6,B X A,M,False,False,3.660214424133301,0.95703125,0.722527027130127,False,1.282031774520874
train-004660-7b216b0ca8bd5f27,10,7,train,8872490443011350311,pointer,A,X,V,False,H,False,False,6.434115886688232,-5.75,-4.5625,0.625,1.621290685008221,26,X O B,O,False,False,3.9036502838134766,1.1640625,0.7620701193809509,False,1.4357792139053345
train-004660-7b216b0ca8bd5f27,10,8,train,8872490443011350311,pointer,A,K,L,False,H,False,False,4.377614974975586,-3.5625,-3.625,1.375,2.15424548718332,9,K Y O,O,False,False,4.465893268585205,1.2265625,0.7732163667678833,False,1.4837589263916016
train-004660-7b216b0ca8bd5f27,10,9,train,8872490443011350311,pointer,A,B,G,False,H,False,False,4.7875213623046875,-4.125,-3.8125,1.0,1.8516406216935068,13,B X R,K,False,False,4.132889747619629,1.2734375,0.7813306450843811,False,1.520194411277771
train-004660-7b216b0ca8bd5f27,10,10,train,8872490443011350311,pointer,A,X,H,False,H,False,False,4.772105693817139,-4.0625,-4.0625,1.25,1.9209319238715667,11,X O R,O,False,False,3.481959819793701,1.3828125,0.7994422912597656,True,0.2238408923149109
train-004660-7b216b0ca8bd5f27,10,11,train,8872490443011350311,pointer,A,R,,,H,False,True,,,-2.4375,0.5,2.7157378603531876,,R K O,O,,False,,1.3984375,0.8019358515739441,,
train-004660-7b216b0ca8bd5f27,10,12,train,8872490443011350311,pointer,A,B,,,H,False,True,,,-3.125,0.75,2.3132640281813175,,B X R,M,,False,,1.40625,0.8031737804412842,,
train-013643-7083889b3b2dc152,12,1,train,8107473954491187538,pointer,C,E,E,True,C,False,False,9.810443589231e-05,10.0,-10.40625,10.0,0.0011600707780724414,1,E A C,E,True,True,0.00018380382971372455,-0.388671875,0.4040370583534241,False,0.5175768136978149
train-013643-7083889b3b2dc152,12,2,train,8107473954491187538,pointer,C,C,C,True,C,True,False,8.106198947643861e-06,12.5,12.5,12.5,0.00012030641885568371,1,C D A,C,True,True,0.00023016665363684297,-0.341796875,0.4153730273246765,False,0.536781370639801
train-013643-7083889b3b2dc152,12,3,train,8107473954491187538,pointer,C,E,E,True,C,False,False,0.005470899399369955,5.3125,-11.0,5.3125,0.03720702167314969,1,E T W,T,False,False,3.612740993499756,-0.169921875,0.4576214849948883,False,0.6117910742759705
train-013643-7083889b3b2dc152,12,4,train,8107473954491187538,pointer,C,B,C,False,C,False,False,4.088723659515381,-4.0625,-4.0625,4.0625,0.16304809840136372,2,B C A,B,False,True,3.0888500213623047,0.265625,0.5660185217857361,False,0.8347534537315369
train-013643-7083889b3b2dc152,12,5,train,8107473954491187538,pointer,C,B,E,False,C,False,False,7.756481170654297,-7.6875,-3.0625,3.0625,0.35566602303759726,21,B C A,O,False,False,3.1576128005981445,0.6328125,0.6531268954277039,False,1.0587962865829468
train-013643-7083889b3b2dc152,12,6,train,8107473954491187538,pointer,C,B,C,False,C,False,False,2.7001829147338867,-2.5625,-2.5625,2.5625,0.650595187025755,2,B C O,O,False,False,3.262495994567871,0.91015625,0.7130321860313416,False,1.2483850717544556
train-013643-7083889b3b2dc152,12,7,train,8107473954491187538,pointer,C,B,E,False,C,False,False,6.599870681762695,-6.5,-2.875,2.875,0.5106545248051507,16,B C A,B,False,True,3.139422655105591,1.0859375,0.7476159334182739,False,1.3768033981323242
train-013643-7083889b3b2dc152,12,8,train,8107473954491187538,pointer,C,B,C,False,C,False,False,2.925154209136963,-2.8125,-2.8125,2.8125,0.5702968272819064,2,B C O,B,False,True,3.2412126064300537,1.1953125,0.7676898241043091,False,1.4596819877624512
train-013643-7083889b3b2dc152,12,9,train,8107473954491187538,pointer,C,B,E,False,C,False,False,6.066334247589111,-5.9375,-2.6875,2.6875,0.6334298288827263,14,B C O,B,False,True,3.13716983795166,1.265625,0.7799928784370422,False,1.514095425605774
train-013643-7083889b3b2dc152,12,10,train,8107473954491187538,pointer,C,B,C,False,C,False,False,2.7628300189971924,-2.625,-2.625,2.625,0.6671785556389478,2,B C O,B,False,True,3.2276010513305664,1.3125,0.7879312038421631,False,1.5508445501327515
train-013643-7083889b3b2dc152,12,11,train,8107473954491187538,pointer,C,B,E,False,C,False,False,5.890741348266602,-5.75,-2.625,2.625,0.6811097475183959,10,B C O,B,False,True,3.141058921813965,1.34375,0.793105959892273,False,1.5755484104156494
train-013643-7083889b3b2dc152,12,12,train,8107473954491187538,pointer,C,B,C,False,C,False,False,2.822399854660034,-2.6875,-2.6875,2.6875,0.6635300598707415,2,B C O,B,False,True,3.2205543518066406,1.359375,0.7956580519676208,True,0.22858572006225586
train-009819-ea3721f54f8df566,1,1,train,16876995466079630694,pointer,L,E,E,True,E,True,False,9.881961887003854e-05,9.625,9.625,9.625,0.0011391381272820927,1,E A C,E,True,True,2.8132995794294402e-05,-0.212890625,0.446977436542511,True,0.8052471280097961
train-009819-ea3721f54f8df566,1,2,train,16876995466079630694,pointer,L,J,,,E,False,True,,,-8.25,8.25,0.003019879472067487,,J E B,J,,True,,-0.291015625,0.4277552366256714,,
train-009819-ea3721f54f8df566,1,3,train,16876995466079630694,pointer,L,X,,,E,False,True,,,-10.0625,7.1875,0.018300592828186083,,X J I,J,,False,,0.056884765625,0.5142173767089844,,
train-009819-ea3721f54f8df566,1,4,train,16876995466079630694,pointer,L,D,,,E,False,True,,,-5.75,1.4375,0.8632010421597056,,D X Z,X,,False,,0.423828125,0.6043989062309265,,
train-009819-ea3721f54f8df566,1,5,train,16876995466079630694,pointer,L,K,,,E,False,True,,,-6.9375,4.5,0.3378965980076898,,K J Z,Z,,False,,0.66796875,0.6610482335090637,,
train-009819-ea3721f54f8df566,1,6,train,16876995466079630694,pointer,L,X,,,E,False,True,,,-5.875,0.5,1.276553493680677,,X Z J,J,,False,,0.8828125,0.7074047327041626,,
train-009819-ea3721f54f8df566,1,7,train,16876995466079630694,pointer,L,D,,,E,False,True,,,-4.5,0.875,1.4831225877529484,,D X O,X,,False,,1.0546875,0.74167400598526,,
train-009819-ea3721f54f8df566,1,8,train,16876995466079630694,pointer,L,K,,,E,False,True,,,-6.625,4.25,0.45924391673076853,,K Z J,Z,,False,,1.109375,0.7520126104354858,,
train-009819-ea3721f54f8df566,1,9,train,16876995466079630694,pointer,L,Z,,,E,False,True,,,-5.625,0.3125,1.3674968352336752,,Z X J,Z,,True,,1.1875,0.7662936449050903,,
train-009819-ea3721f54f8df566,1,10,train,16876995466079630694,pointer,L,D,,,E,False,True,,,-4.3125,0.5625,1.6183435071567112,,D X O,X,,False,,1.25,0.7772998809814453,,
train-009819-ea3721f54f8df566,1,11,train,16876995466079630694,pointer,L,K,,,E,False,True,,,-6.5625,4.1875,0.47604868518342636,,K Z J,Z,,False,,1.234375,0.7745833992958069,,
train-009819-ea3721f54f8df566,1,12,train,16876995466079630694,pointer,L,Z,,,E,False,True,,,-5.625,0.375,1.3647330595199865,,Z X K,Z,,True,,1.265625,0.7799928784370422,,
train-032293-df1a7f6a1875f360,2,1,train,16076301913506050912,pointer,K,E,E,True,V,False,False,0.0001436368766007945,9.0625,-17.546875,9.0625,0.0015384696050044539,1,E A C,E,True,True,5.8053239627042785e-05,-0.283203125,0.4296686351299286,False,0.5615378022193909
train-032293-df1a7f6a1875f360,2,2,train,16076301913506050912,pointer,K,V,V,True,V,True,False,3.075552376685664e-05,12.125,12.125,12.125,0.0004351063899590633,1,V C D,V,True,True,0.0008401916129514575,-0.30859375,0.4234579801559448,True,0.8593009114265442
train-032293-df1a7f6a1875f360,2,3,train,16076301913506050912,pointer,K,W,,,V,False,True,,,-10.0,9.5,0.007107928688152217,,W Q S,V,,False,,0.045654296875,0.5114116072654724,,
train-032293-df1a7f6a1875f360,2,4,train,16076301913506050912,pointer,K,Q,,,V,False,True,,,-10.25,7.625,0.025481087301803346,,Q D W,Q,,True,,0.412109375,0.601593554019928,,
train-032293-df1a7f6a1875f360,2,5,train,16076301913506050912,pointer,K,Q,,,V,False,True,,,-2.3125,0.625,2.4996212175464674,,Q X W,X,,False,,0.8046875,0.6909762620925903,,
train-032293-df1a7f6a1875f360,2,6,train,16076301913506050912,pointer,K,W,,,V,False,True,,,-0.875,0.0625,2.7098170639777224,,W Q I,V,,False,,1.0546875,0.74167400598526,,
train-032293-df1a7f6a1875f360,2,7,train,16076301913506050912,pointer,K,U,,,V,False,True,,,-5.75,3.375,0.8981178597204973,,U F I,I,,False,,1.1484375,0.7592254281044006,,
train-032293-df1a7f6a1875f360,2,8,train,16076301913506050912,pointer,K,F,,,V,False,True,,,-7.625,3.8125,0.5832405766165432,,F T U,F,,True,,1.1796875,0.7648916244506836,,
train-032293-df1a7f6a1875f360,2,9,train,16076301913506050912,pointer,K,H,,,V,False,True,,,-4.8125,3.375,1.1036067871985755,,H T N,F,,False,,1.234375,0.7745833992958069,,
train-032293-df1a7f6a1875f360,2,10,train,16076301913506050912,pointer,K,T,,,V,False,True,,,-5.1875,1.5,1.4470930599044993,,T Q Z,H,,False,,1.328125,0.7905303239822388,,
train-032293-df1a7f6a1875f360,2,11,train,16076301913506050912,pointer,K,X,,,V,False,True,,,-3.8125,0.75,2.344100160053576,,X T Q,X,,True,,1.421875,0.8056321740150452,,
train-032293-df1a7f6a1875f360,2,12,train,16076301913506050912,pointer,K,X,,,V,False,True,,,-3.375,1.4375,2.2038014168099544,,X N K,X,,True,,1.453125,0.8104788661003113,,
train-034436-256b6d7f82ba5763,3,1,train,2696369196332898147,pointer,P,Q,Q,True,T,False,False,2.3841830625315197e-06,13.53125,-19.734375,13.53125,3.6883412419264097e-05,1,Q K L,Q,True,True,0.0001429217227268964,-0.46875,0.3849121630191803,False,0.48599016666412354
train-034436-256b6d7f82ba5763,3,2,train,2696369196332898147,pointer,P,X,X,True,T,False,False,2.9802276912960224e-06,13.6875,-13.6875,13.6875,4.570439385520843e-05,1,X T K,X,True,True,0.0014780559577047825,-0.400390625,0.4012185037136078,False,0.512858510017395
train-034436-256b6d7f82ba5763,3,3,train,2696369196332898147,pointer,P,T,T,True,T,True,False,0.0009497660794295371,8.625,8.625,8.625,0.010169196350777992,1,T X L,J,False,False,3.061331272125244,-0.169921875,0.4576214849948883,True,0.7817129492759705
train-034436-256b6d7f82ba5763,3,4,train,2696369196332898147,pointer,P,H,,,T,False,True,,,-4.375,4.375,0.3660459124711826,,H T L,H,,True,,0.2177734375,0.554229199886322,,
train-034436-256b6d7f82ba5763,3,5,train,2696369196332898147,pointer,P,H,,,T,False,True,,,-3.6875,1.3125,1.8195856614527255,,H M L,H,,True,,0.60546875,0.6469064354896545,,
train-034436-256b6d7f82ba5763,3,6,train,2696369196332898147,pointer,P,M,,,T,False,True,,,-2.125,1.1875,2.84072245038555,,M K F,M,,True,,0.8984375,0.7106282711029053,,
train-034436-256b6d7f82ba5763,3,7,train,2696369196332898147,pointer,P,U,,,T,False,True,,,-5.4375,2.8125,1.0565528354959817,,U B M,M,,False,,1.0859375,0.7476159334182739,,
train-034436-256b6d7f82ba5763,3,8,train,2696369196332898147,pointer,P,B,,,T,False,True,,,-3.9375,2.0625,1.3488417057731001,,B S U,U,,False,,1.171875,0.7634837031364441,,
train-034436-256b6d7f82ba5763,3,9,train,2696369196332898147,pointer,P,S,,,T,False,True,,,-3.5625,3.0625,1.0636648202565688,,S H N,S,,True,,1.28125,0.7826625108718872,,
train-034436-256b6d7f82ba5763,3,10,train,2696369196332898147,pointer,P,N,,,T,False,True,,,-2.5625,0.625,2.80585248883894,,N Z M,N,,True,,1.3671875,0.7969253659248352,,
train-034436-256b6d7f82ba5763,3,11,train,2696369196332898147,pointer,P,Z,,,T,False,True,,,-1.25,0.1875,3.0685238499154153,,Z M G,M,,False,,1.4375,0.8080672025680542,,
train-034436-256b6d7f82ba5763,3,12,train,2696369196332898147,pointer,P,Z,,,T,False,True,,,-1.375,0.375,3.077136545692725,,Z M H,M,,False,,1.515625,0.8198933005332947,,
train-001236-2b1edb1fa7ee3309,4,1,train,3107161721940095753,pointer,L,V,V,True,P,False,False,2.145764938177308e-06,14.40625,-18.640625,14.40625,3.7075926033666625e-05,1,V L W,V,True,True,0.0001802282058633864,-0.4609375,0.38676342368125916,False,0.4890044927597046
train-001236-2b1edb1fa7ee3309,4,2,train,3107161721940095753,pointer,L,G,G,True,P,False,False,3.4570634852570947e-06,13.0,-19.46875,13.0,5.3548998929511574e-05,1,G C D,G,True,True,0.0001823735801735893,-0.439453125,0.39187127351760864,False,0.4973686933517456
train-001236-2b1edb1fa7ee3309,4,3,train,3107161721940095753,pointer,L,T,T,True,P,False,False,9.989239333663136e-05,10.8125,-11.375,10.8125,0.001289015368393613,1,T S D,T,True,True,0.21161475777626038,-0.2080078125,0.4481847584247589,False,0.5945419669151306
train-001236-2b1edb1fa7ee3309,4,4,train,3107161721940095753,pointer,L,P,P,True,P,True,False,0.6463186144828796,1.6875,1.6875,1.6875,1.9676663124878946,1,P M W,P,True,True,0.3940559923648834,0.23828125,0.5592900514602661,True,0.5810871124267578
train-001236-2b1edb1fa7ee3309,4,5,train,3107161721940095753,pointer,L,S,,,P,False,True,,,-1.6875,1.6875,1.8387486702523244,,S P W,P,,False,,0.6015625,0.6460136771202087,,
train-001236-2b1edb1fa7ee3309,4,6,train,3107161721940095753,pointer,L,W,,,P,False,True,,,-5.3125,3.5,0.8782423178441079,,W S K,F,,False,,0.83203125,0.696784257888794,,
train-001236-2b1edb1fa7ee3309,4,7,train,3107161721940095753,pointer,L,N,,,P,False,True,,,-6.3125,4.5625,0.4256600586326199,,N M O,N,,True,,1.03125,0.7371581792831421,,
train-001236-2b1edb1fa7ee3309,4,8,train,3107161721940095753,pointer,L,A,,,P,False,True,,,-4.5,0.375,2.028590136291602,,A N Z,N,,False,,1.1640625,0.7620701193809509,,
train-001236-2b1edb1fa7ee3309,4,9,train,3107161721940095753,pointer,L,L,,,P,False,True,,,-3.5625,0.8125,2.400913300432244,,L O D,O,,False,,1.28125,0.7826625108718872,,
train-001236-2b1edb1fa7ee3309,4,10,train,3107161721940095753,pointer,L,V,,,P,False,True,,,-3.6875,0.25,1.8139370909039014,,V L N,L,,False,,1.328125,0.7905303239822388,,
train-001236-2b1edb1fa7ee3309,4,11,train,3107161721940095753,pointer,L,Z,,,P,False,True,,,-3.3125,0.3125,2.5561333095226773,,Z V G,V,,False,,1.3203125,0.7892336845397949,,
train-001236-2b1edb1fa7ee3309,4,12,train,3107161721940095753,pointer,L,T,,,P,False,True,,,-1.375,1.25,2.6104634114988157,,T C P,T,,True,,1.421875,0.8056321740150452,,
train-004081-a94953a1e320f07a,5,1,train,12198373020475125882,pointer,S,Q,Q,True,X,False,False,1.7881377516459906e-06,13.75,-20.65625,13.75,2.785821335180662e-05,1,Q K R,Q,True,True,0.00035291642416268587,-0.494140625,0.3789186179637909,False,0.47629314661026
train-004081-a94953a1e320f07a,5,2,train,12198373020475125882,pointer,S,L,L,True,X,False,False,1.6689286894688848e-06,14.125,-19.21875,14.125,2.6198431433142174e-05,1,L C D,L,True,True,0.0010912423022091389,-0.498046875,0.37799978256225586,False,0.47481483221054077
train-004081-a94953a1e320f07a,5,3,train,12198373020475125882,pointer,S,H,H,True,X,False,False,0.004068906884640455,6.6875,-9.5625,6.6875,0.03689350618354758,1,H L I,H,True,True,0.07557375729084015,-0.2109375,0.4474602937698364,False,0.5932300090789795
train-004081-a94953a1e320f07a,5,4,train,12198373020475125882,pointer,S,H,V,False,X,False,False,4.310385227203369,-4.1875,-6.4375,4.0,0.6931954579984162,3,H L V,H,False,True,4.10396671295166,0.203125,0.5506073832511902,False,0.7998583316802979
train-004081-a94953a1e320f07a,5,5,train,12198373020475125882,pointer,S,V,X,False,X,False,False,6.020682334899902,-5.875,-5.875,2.375,0.6472606163241426,11,V H L,H,False,False,4.605440139770508,0.53125,0.6297746300697327,True,0.46239328384399414
train-004081-a94953a1e320f07a,5,6,train,12198373020475125882,pointer,S,X,,,X,True,True,,,3.375,3.375,0.9724552207922197,,X F V,V,,False,,0.80078125,0.6901415586471558,,
train-004081-a94953a1e320f07a,5,7,train,12198373020475125882,pointer,S,S,,,X,False,True,,,-2.875,1.5625,1.5285087750603974,,S I X,S,,True,,1.0,0.7310585975646973,,
train-004081-a94953a1e320f07a,5,8,train,12198373020475125882,pointer,S,V,,,X,False,True,,,-3.75,1.9375,1.5654062086228067,,V H F,H,,False,,1.1328125,0.7563575506210327,,
train-004081-a94953a1e320f07a,5,9,train,12198373020475125882,pointer,S,X,,,X,True,True,,,3.125,3.125,0.9993498395895071,,X V S,V,,False,,1.1953125,0.7676898241043091,,
train-004081-a94953a1e320f07a,5,10,train,12198373020475125882,pointer,S,S,,,X,False,True,,,-4.4375,3.6875,0.558191430422918,,S I T,S,,True,,1.21875,0.7718434929847717,,
train-004081-a94953a1e320f07a,5,11,train,12198373020475125882,pointer,S,V,,,X,False,True,,,-3.1875,1.8125,2.1033108644944893,,V H F,H,,False,,1.3046875,0.7866228222846985,,
train-004081-a94953a1e320f07a,5,12,train,12198373020475125882,pointer,S,X,,,X,True,True,,,2.6875,2.6875,1.2783249943088364,,X V S,V,,False,,1.328125,0.7905303239822388,,
train-033557-44eacc919581c788,6,1,train,4966006464780027784,pointer,Y,P,P,True,O,False,False,2.3364747903542593e-05,12.125,-16.03125,12.125,0.0003263903915553287,1,P C B,P,True,True,0.00036542891757562757,-0.5703125,0.36116471886634827,False,0.4481086730957031
train-033557-44eacc919581c788,6,2,train,4966006464780027784,pointer,Y,H,H,True,O,False,False,2.50339189733495e-06,14.375,-16.40625,14.375,4.0456084265757804e-05,1,H L I,H,True,True,0.000605638197157532,-0.50390625,0.37662312388420105,False,0.47260403633117676
train-033557-44eacc919581c788,6,3,train,4966006464780027784,pointer,Y,C,E,False,O,False,False,0.7556151747703552,0.0,-7.6875,0.0,0.9368305891765958,2,C E R,R,False,False,3.689495086669922,-0.1455078125,0.46368712186813354,False,0.6230375170707703
train-033557-44eacc919581c788,6,4,train,4966006464780027784,pointer,Y,J,J,True,O,False,False,0.09386846423149109,3.0,-7.5,3.0,0.49650724982278144,1,J B E,E,False,False,3.7396764755249023,0.26953125,0.5669777989387512,False,0.836966335773468
train-033557-44eacc919581c788,6,5,train,4966006464780027784,pointer,Y,U,U,True,O,False,False,0.9088178277015686,1.0,-2.875,1.0,2.3313251890885396,1,U H F,H,False,False,2.8415846824645996,0.60546875,0.6469064354896545,False,1.0410223007202148
train-033557-44eacc919581c788,6,6,train,4966006464780027784,pointer,Y,E,O,False,O,False,False,5.149418830871582,-4.5,-4.5,0.8125,1.7018976090913553,19,E S C,S,False,False,2.9121880531311035,0.8671875,0.7041601538658142,True,0.35074949264526367
train-033557-44eacc919581c788,6,7,train,4966006464780027784,pointer,Y,J,,,O,False,True,,,-5.875,1.5,1.1339866865956911,,J E F,E,,False,,1.0078125,0.7325918078422546,,
train-033557-44eacc919581c788,6,8,train,4966006464780027784,pointer,Y,U,,,O,False,True,,,-5.4375,5.125,0.402035172587929,,U J D,U,,True,,1.0,0.7310585975646973,,
train-033557-44eacc919581c788,6,9,train,4966006464780027784,pointer,Y,E,,,O,False,True,,,-4.375,0.4375,1.6709716959678467,,E S C,S,,False,,1.1171875,0.7534666657447815,,
train-033557-44eacc919581c788,6,10,train,4966006464780027784,pointer,Y,J,,,O,False,True,,,-5.5,1.3125,1.3518064335921238,,J E F,E,,False,,1.1796875,0.7648916244506836,,
train-033557-44eacc919581c788,6,11,train,4966006464780027784,pointer,Y,U,,,O,False,True,,,-5.375,5.1875,0.39481771174319047,,U J N,U,,True,,1.1171875,0.7534666657447815,,
train-033557-44eacc919581c788,6,12,train,4966006464780027784,pointer,Y,E,,,O,False,True,,,-4.1875,0.25,1.7703221770918127,,E S C,S,,False,,1.1875,0.7662936449050903,,
train-004074-469e2a776b001a6f,8,1,train,5088551321359882863,pointer,A,H,H,True,N,False,False,9.894321920000948e-06,13.25,-16.28125,13.25,0.00014937245181212828,1,H X I,H,True,True,6.878139538457617e-05,-0.4375,0.3923368453979492,False,0.4981345534324646
train-004074-469e2a776b001a6f,8,2,train,5088551321359882863,pointer,A,O,O,True,N,False,False,1.3589766240329482e-05,11.9375,-14.40625,11.9375,0.00019061536096317563,1,O M A,O,True,True,0.0004857790481764823,-0.408203125,0.3993430435657501,False,0.5097313523292542
train-004074-469e2a776b001a6f,8,3,train,5088551321359882863,pointer,A,M,M,True,N,False,False,0.004750632215291262,6.8125,-7.75,6.8125,0.04331358382359332,1,M S N,M,True,True,0.03521686792373657,-0.142578125,0.4644157588481903,False,0.6243970394134521
train-004074-469e2a776b001a6f,8,4,train,5088551321359882863,pointer,A,F,F,True,N,False,False,0.03759765625,3.9375,-7.625,3.9375,0.2306174762502129,1,F M S,M,False,False,3.7431423664093018,0.1708984375,0.5426208972930908,False,0.7822427749633789
train-004074-469e2a776b001a6f,8,5,train,5088551321359882863,pointer,A,L,L,True,N,False,False,0.07636474817991257,3.8125,-6.125,3.8125,0.45072231364210824,1,L F K,K,False,False,3.555943489074707,0.52734375,0.6288633942604065,False,0.9911850094795227
train-004074-469e2a776b001a6f,8,6,train,5088551321359882863,pointer,A,Z,Z,True,N,False,False,1.296301245689392,0.9375,-2.75,0.9375,2.6973292897767664,1,Z L F,D,False,False,3.1614675521850586,0.88671875,0.7082125544548035,False,1.2317297458648682
train-004074-469e2a776b001a6f,8,7,train,5088551321359882863,pointer,A,S,K,False,N,False,False,3.9358606338500977,-2.75,-3.0,0.9375,2.554683023243586,10,S I X,I,False,False,3.171727180480957,1.1171875,0.7534666657447815,False,1.4002580642700195
train-004074-469e2a776b001a6f,8,8,train,5088551321359882863,pointer,A,U,N,False,N,False,False,4.295659065246582,-3.0,-3.0,0.25,2.52951349979653,18,U L J,U,False,True,3.1742801666259766,1.2578125,0.7786493301391602,True,0.2501945197582245
train-004074-469e2a776b001a6f,8,9,train,5088551321359882863,pointer,A,S,,,N,False,True,,,-2.0625,0.375,2.9028259767692113,,S F M,D,,False,,1.3828125,0.7994422912597656,,
train-004074-469e2a776b001a6f,8,10,train,5088551321359882863,pointer,A,L,,,N,False,True,,,-2.625,0.4375,2.7520313770577602,,L U J,O,,False,,1.46875,0.8128673434257507,,
train-004074-469e2a776b001a6f,8,11,train,5088551321359882863,pointer,A,F,,,N,False,True,,,-1.625,0.125,3.0618240803219194,,F L M,D,,False,,1.5234375,0.8210441470146179,,
train-004074-469e2a776b001a6f,8,12,train,5088551321359882863,pointer,A,L,,,N,False,True,,,-1.625,0.75,3.109654377618855,,L Z F,O,,False,,1.6015625,0.8322367072105408,,
train-026854-5873933bbf314402,10,1,train,6373599782479414274,pointer,Q,N,N,True,N,True,False,2.634490556374658e-05,10.9375,10.9375,10.9375,0.0003408786863062805,1,N Q M,N,True,True,4.31528314948082e-05,-0.375,0.4073334038257599,False,0.5231232643127441
train-026854-5873933bbf314402,10,2,train,6373599782479414274,pointer,Q,E,E,True,N,False,False,1.549708758830093e-05,12.1875,-15.03125,12.1875,0.0002227131494534254,1,E A I,E,True,True,0.0002933310461230576,-0.421875,0.39606815576553345,False,0.5042939186096191
train-026854-5873933bbf314402,10,3,train,6373599782479414274,pointer,Q,Q,Q,True,N,False,False,0.0006119524477981031,8.875,-10.9375,8.875,0.006750948439331354,1,Q G Z,G,False,False,2.9386775493621826,-0.1123046875,0.4719533324241638,False,0.6385706067085266
train-026854-5873933bbf314402,10,4,train,6373599782479414274,pointer,Q,E,N,False,N,False,False,3.97782301902771,-3.375,-3.375,1.75,1.8220440031071605,6,E J Q,A,False,False,3.425279378890991,0.33203125,0.5822535157203674,False,0.8728805780410767
train-026854-5873933bbf314402,10,5,train,6373599782479414274,pointer,Q,Q,E,False,N,False,False,5.532511234283447,-5.5,-6.5,5.3125,0.23534881460380871,3,Q X E,E,True,False,0.8037614822387695,0.63671875,0.6540113687515259,False,1.0613492727279663
train-026854-5873933bbf314402,10,6,train,6373599782479414274,pointer,Q,E,Q,False,N,False,False,2.114194869995117,-1.0625,-1.625,1.0625,2.4614690352127795,2,E Q A,A,False,False,2.930894613265991,0.89453125,0.7098243832588196,False,1.2372689247131348
train-026854-5873933bbf314402,10,7,train,6373599782479414274,pointer,Q,Q,N,False,N,False,False,3.9996461868286133,-3.75,-3.75,3.25,1.1754205802413085,4,Q E X,E,False,False,3.9111273288726807,1.0546875,0.74167400598526,False,1.3535330295562744
train-026854-5873933bbf314402,10,8,train,6373599782479414274,pointer,Q,E,E,True,N,False,False,1.108974575996399,1.0,-1.8125,1.0,2.54215419436624,1,E Q A,E,True,True,1.0511081218719482,1.1640625,0.7620701193809509,False,1.4357792139053345
train-026854-5873933bbf314402,10,9,train,6373599782479414274,pointer,Q,Q,Q,True,N,False,False,0.39423951506614685,2.8125,-3.3125,2.8125,1.5999767209375908,1,Q E X,E,False,False,3.9809765815734863,1.2421875,0.7759445905685425,False,1.4958617687225342
train-026854-5873933bbf314402,10,10,train,6373599782479414274,pointer,Q,A,N,False,N,False,False,3.3031716346740723,-1.75,-1.75,0.0,2.5742795435905816,5,A Q E,E,False,False,3.117828607559204,1.328125,0.7905303239822388,True,0.23505128920078278
train-026854-5873933bbf314402,10,11,train,6373599782479414274,pointer,Q,Q,,,N,False,True,,,-4.1875,3.1875,1.2565835396268359,,Q A X,E,,False,,1.3671875,0.7969253659248352,,
train-026854-5873933bbf314402,10,12,train,6373599782479414274,pointer,Q,N,,,N,True,True,,,2.4375,2.4375,0.760795692479622,,N Q E,A,,False,,1.3671875,0.7969253659248352,,
train-011168-87293f2ee627e44d,12,1,train,9739385139827827789,pointer,X,N,N,True,C,False,False,3.731181277544238e-05,10.75,-14.625,10.75,0.00047531796327305106,1,N Q M,N,True,True,9.357491217087954e-05,-0.44140625,0.39140594005584717,False,0.4966038465499878
train-011168-87293f2ee627e44d,12,2,train,9739385139827827789,pointer,X,U,U,True,C,False,False,4.0531076592742465e-06,13.5,-15.75,13.5,6.244306743585769e-05,1,U T Z,U,True,True,0.0014842457603663206,-0.44140625,0.39140594005584717,False,0.4966038465499878
train-011168-87293f2ee627e44d,12,3,train,9739385139827827789,pointer,X,A,A,True,C,False,False,0.00120936194434762,7.1875,-10.375,7.1875,0.011359380899531528,1,A I B,E,False,False,3.073233127593994,-0.09765625,0.4756052792072296,False,0.6455106735229492
train-011168-87293f2ee627e44d,12,4,train,9739385139827827789,pointer,X,I,I,True,C,False,False,0.00752826826646924,6.125,-8.6875,6.125,0.0635053943387298,1,I J A,I,True,True,0.3085492253303528,0.255859375,0.5636181831359863,False,0.8292376399040222
train-011168-87293f2ee627e44d,12,5,train,9739385139827827789,pointer,X,C,J,False,C,True,False,5.965489864349365,-5.4375,0.875,0.875,1.2743407630679209,13,C U A,U,False,False,3.7121031284332275,0.58984375,0.6433292627334595,False,1.0309423208236694
train-011168-87293f2ee627e44d,12,6,train,9739385139827827789,pointer,X,P,G,False,C,False,False,5.011539936065674,-4.4375,-2.125,1.1875,1.6810675409920415,12,P W C,W,False,False,4.18795108795166,0.875,0.7057850360870361,False,1.2234445810317993
train-011168-87293f2ee627e44d,12,7,train,9739385139827827789,pointer,X,C,V,False,C,True,False,6.029042720794678,-5.6875,2.0,2.0,1.2714057229379865,22,C W B,W,False,False,3.60825777053833,1.0625,0.7431680560112,False,1.3593331575393677
train-011168-87293f2ee627e44d,12,8,train,9739385139827827789,pointer,X,P,R,False,C,False,False,3.9213385581970215,-3.125,-1.5,1.0625,2.016280803916064,6,P W C,W,False,False,3.9701809883117676,1.1953125,0.7676898241043091,False,1.4596819877624512
train-011168-87293f2ee627e44d,12,9,train,9739385139827827789,pointer,X,C,B,False,C,True,False,2.2504470348358154,-1.75,1.75,1.75,1.625088220917099,2,C B W,B,True,False,1.8192715644836426,1.2734375,0.7813306450843811,False,1.520194411277771
train-011168-87293f2ee627e44d,12,10,train,9739385139827827789,pointer,X,P,Y,False,C,False,False,4.967275619506836,-4.0,-1.0625,0.875,2.1790369849948945,19,P W C,W,False,False,3.5215251445770264,1.3359375,0.7918210625648499,False,1.5693573951721191
train-011168-87293f2ee627e44d,12,11,train,9739385139827827789,pointer,X,C,W,False,C,True,False,2.269918441772461,-1.6875,1.625,1.625,1.7744632783505696,3,C B W,B,False,False,2.191746950149536,1.3671875,0.7969253659248352,False,1.594181776046753
train-011168-87293f2ee627e44d,12,12,train,9739385139827827789,pointer,X,P,C,False,C,False,False,2.000093936920166,-1.0,-1.0,0.8125,2.205760168414234,3,P W C,W,False,False,3.6806156635284424,1.3984375,0.8019358515739441,True,0.22072669863700867
train-024255-99b2b8f40a41b8fb,1,1,train,11075117791941081339,pointer,L,J,J,True,J,True,False,0.0001062098381225951,9.3125,9.3125,9.3125,0.0011508633454335613,1,J B A,J,True,True,1.7165990357170813e-05,-0.216796875,0.44601210951805115,True,0.8074092268943787
train-024255-99b2b8f40a41b8fb,1,2,train,11075117791941081339,pointer,L,U,,,J,False,True,,,-16.46875,13.4375,9.657676170499022e-05,,U T D,U,,True,,-0.283203125,0.4296686351299286,,
train-024255-99b2b8f40a41b8fb,1,3,train,11075117791941081339,pointer,L,R,,,J,False,True,,,-9.3125,5.375,0.045946821285682074,,R Y Z,R,,True,,-0.0279541015625,0.4930119514465332,,
train-024255-99b2b8f40a41b8fb,1,4,train,11075117791941081339,pointer,L,L,,,J,False,True,,,-6.0,3.25,0.36395726251547506,,L R Z,R,,False,,0.388671875,0.5959629416465759,,
train-024255-99b2b8f40a41b8fb,1,5,train,11075117791941081339,pointer,L,S,,,J,False,True,,,-2.0625,1.9375,1.7358737005956961,,S L J,S,,True,,0.7265625,0.6740504503250122,,
train-024255-99b2b8f40a41b8fb,1,6,train,11075117791941081339,pointer,L,M,,,J,False,True,,,-5.5625,2.1875,1.2011197223998058,,M Z S,S,,False,,1.0078125,0.7325918078422546,,
train-024255-99b2b8f40a41b8fb,1,7,train,11075117791941081339,pointer,L,F,,,J,False,True,,,-4.3125,0.125,2.045034859064712,,F M S,M,,False,,1.1171875,0.7534666657447815,,
train-024255-99b2b8f40a41b8fb,1,8,train,11075117791941081339,pointer,L,E,,,J,False,True,,,-4.5625,1.0,1.5866403835591576,,E F O,F,,False,,1.21875,0.7718434929847717,,
train-024255-99b2b8f40a41b8fb,1,9,train,11075117791941081339,pointer,L,L,,,J,False,True,,,-4.75,4.1875,0.6508269511537387,,L I Y,L,,True,,1.2890625,0.7839884757995605,,
train-024255-99b2b8f40a41b8fb,1,10,train,11075117791941081339,pointer,L,L,,,J,False,True,,,-0.625,0.625,1.7993057613408145,,L J U,L,,True,,1.390625,0.8006919622421265,,
train-024255-99b2b8f40a41b8fb,1,11,train,11075117791941081339,pointer,L,U,,,J,False,True,,,-2.625,0.1875,2.2673379586482114,,U R Y,U,,True,,1.40625,0.8031737804412842,,
train-024255-99b2b8f40a41b8fb,1,12,train,11075117791941081339,pointer,L,L,,,J,False,True,,,-3.3125,2.0,1.8520977726713146,,L R Z,R,,False,,1.4609375,0.8116759657859802,,
train-015292-8519a988adcd4869,2,1,train,9590883285958740073,pointer,W,P,P,True,I,False,False,5.483612312673358e-06,13.6875,-16.90625,13.6875,8.492050492883792e-05,1,P M B,P,True,True,2.4318398573086597e-05,-0.4375,0.3923368453979492,False,0.4981345534324646
train-015292-8519a988adcd4869,2,2,train,9590883285958740073,pointer,W,I,I,True,I,True,False,2.0265558760002023e-06,14.5625,14.5625,14.5625,3.517837799241057e-05,1,I O M,I,True,True,0.00028391621890477836,-0.4765625,0.3830641508102417,True,0.9595527648925781
train-015292-8519a988adcd4869,2,3,train,9590883285958740073,pointer,W,F,,,I,False,True,,,-5.5,5.5,0.04823613089814884,,F I J,I,,False,,-0.216796875,0.44601210951805115,,
train-015292-8519a988adcd4869,2,4,train,9590883285958740073,pointer,W,Y,,,I,False,True,,,-5.3125,1.5,1.0394158221191698,,Y B P,F,,False,,0.173828125,0.543347954750061,,
train-015292-8519a988adcd4869,2,5,train,9590883285958740073,pointer,W,J,,,I,False,True,,,-4.5625,1.4375,1.6503563307036235,,J Q C,Q,,False,,0.5546875,0.6352224349975586,,
train-015292-8519a988adcd4869,2,6,train,9590883285958740073,pointer,W,A,,,I,False,True,,,-2.75,0.5,2.5853678168541054,,A W C,C,,False,,0.9140625,0.7138307690620422,,
train-015292-8519a988adcd4869,2,7,train,9590883285958740073,pointer,W,T,,,I,False,True,,,-2.4375,0.125,2.5718097035902936,,T P A,P,,False,,1.1171875,0.7534666657447815,,
train-015292-8519a988adcd4869,2,8,train,9590883285958740073,pointer,W,P,,,I,False,True,,,-1.5625,0.1875,3.0174507295330004,,P T W,P,,True,,1.2734375,0.7813306450843811,,
train-015292-8519a988adcd4869,2,9,train,9590883285958740073,pointer,W,V,,,I,False,True,,,-1.0625,0.1875,3.1978273884491486,,V H B,O,,False,,1.3828125,0.7994422912597656,,
train-015292-8519a988adcd4869,2,10,train,9590883285958740073,pointer,W,L,,,I,False,True,,,-3.5,1.9375,2.320303411164317,,L V M,L,,True,,1.40625,0.8031737804412842,,
train-015292-8519a988adcd4869,2,11,train,9590883285958740073,pointer,W,M,,,I,False,True,,,-4.9375,0.75,1.516100723311189,,M L R,L,,False,,1.390625,0.8006919622421265,,
train-015292-8519a988adcd4869,2,12,train,9590883285958740073,pointer,W,R,,,I,False,True,,,-4.5,2.25,1.0669550405038588,,R M O,M,,False,,1.3203125,0.7892336845397949,,
train-016931-8160259db0a157c6,3,1,train,9322492587860383686,pointer,B,P,P,True,R,False,False,5.602820692729438e-06,13.5,-14.8125,13.5,8.774898865118445e-05,1,P B Q,P,True,True,4.088794958079234e-05,-0.486328125,0.3807589113712311,False,0.4792606830596924
train-016931-8160259db0a157c6,3,2,train,9322492587860383686,pointer,B,L,L,True,R,False,False,1.5616295058862306e-05,12.125,-16.0,12.125,0.00022123342083975209,1,L B C,L,True,True,0.0013266343157738447,-0.47265625,0.3839877247810364,False,0.48448842763900757
train-016931-8160259db0a157c6,3,3,train,9322492587860383686,pointer,B,R,R,True,R,True,False,0.008384385146200657,5.25,5.25,5.25,0.0579887313095397,1,R L W,L,False,False,4.126583099365234,-0.1845703125,0.4539879560470581,True,0.789684534072876
train-016931-8160259db0a157c6,3,4,train,9322492587860383686,pointer,B,W,,,R,False,True,,,-6.875,5.625,0.11000552099466748,,W G S,W,,True,,0.267578125,0.5664982199668884,,
train-016931-8160259db0a157c6,3,5,train,9322492587860383686,pointer,B,W,,,R,False,True,,,-4.75,0.125,1.0944074542043276,,W G T,G,,False,,0.6640625,0.6601723432540894,,
train-016931-8160259db0a157c6,3,6,train,9322492587860383686,pointer,B,G,,,R,False,True,,,-1.3125,0.0,2.2326265441568487,,G T W,G,,True,,0.91015625,0.7130321860313416,,
train-016931-8160259db0a157c6,3,7,train,9322492587860383686,pointer,B,U,,,R,False,True,,,-5.4375,4.5,0.3902247926702022,,U T L,T,,False,,1.0078125,0.7325918078422546,,
train-016931-8160259db0a157c6,3,8,train,9322492587860383686,pointer,B,U,,,R,False,True,,,-5.5625,5.3125,0.44093929717716057,,U W F,U,,True,,1.1015625,0.7505527138710022,,
train-016931-8160259db0a157c6,3,9,train,9322492587860383686,pointer,B,U,,,R,False,True,,,-3.9375,3.25,1.1958431865534591,,U L Z,U,,True,,1.21875,0.7718434929847717,,
train-016931-8160259db0a157c6,3,10,train,9322492587860383686,pointer,B,U,,,R,False,True,,,-3.0625,2.0625,1.5280119809441062,,U W Z,U,,True,,1.296875,0.7853085398674011,,
train-016931-8160259db0a157c6,3,11,train,9322492587860383686,pointer,B,U,,,R,False,True,,,-2.625,1.5,1.7688273674796515,,U W L,U,,True,,1.359375,0.7956580519676208,,
train-016931-8160259db0a157c6,3,12,train,9322492587860383686,pointer,B,U,,,R,False,True,,,-2.5,1.3125,1.852339235179946,,U W L,U,,True,,1.3984375,0.8019358515739441,,
train-025068-98b407ebeb1e1885,4,1,train,11003428499416291461,pointer,J,F,F,True,J,False,False,5.364403477869928e-06,13.4375,-14.875,13.4375,8.458420256424411e-05,1,F C T,F,True,True,8.4638240878121e-06,-0.435546875,0.39280253648757935,False,0.4989013075828552
train-025068-98b407ebeb1e1885,4,2,train,11003428499416291461,pointer,J,Z,Z,True,J,False,False,1.1920922133867862e-06,15.375,-16.0,15.375,2.0809138824196974e-05,1,Z A D,Z,True,True,5.817244164063595e-05,-0.41015625,0.3988746404647827,False,0.5089517831802368
train-025068-98b407ebeb1e1885,4,3,train,11003428499416291461,pointer,J,S,S,True,J,False,False,0.00045789722935296595,9.4375,-9.9375,9.4375,0.005289567335707294,1,S Z I,S,True,True,0.9886066913604736,-0.1708984375,0.4573790431022644,False,0.6113443374633789
train-025068-98b407ebeb1e1885,4,4,train,11003428499416291461,pointer,J,J,J,True,J,True,False,0.020869897678494453,5.375,5.375,5.375,0.1548484331226794,1,J S T,S,False,False,3.421929121017456,0.224609375,0.555917501449585,True,0.5871354341506958
train-025068-98b407ebeb1e1885,4,5,train,11003428499416291461,pointer,J,F,,,J,False,True,,,-1.5625,1.5625,0.6544192294588077,,F J Z,J,,False,,0.61328125,0.6486889719963074,,
train-025068-98b407ebeb1e1885,4,6,train,11003428499416291461,pointer,J,Z,,,J,False,True,,,-1.0,1.0,1.6043801945297558,,Z J I,I,,False,,0.88671875,0.7082125544548035,,
train-025068-98b407ebeb1e1885,4,7,train,11003428499416291461,pointer,J,J,,,J,True,True,,,0.0,0.0,1.5956711636820455,,J S F,S,,False,,1.1328125,0.7563575506210327,,
train-025068-98b407ebeb1e1885,4,8,train,11003428499416291461,pointer,J,J,,,J,True,True,,,3.0,3.0,0.8746670771161857,,J S T,S,,False,,1.2734375,0.7813306450843811,,
train-025068-98b407ebeb1e1885,4,9,train,11003428499416291461,pointer,J,F,,,J,False,True,,,-0.875,0.875,1.0652686644176084,,F J Z,J,,False,,1.3671875,0.7969253659248352,,
train-025068-98b407ebeb1e1885,4,10,train,11003428499416291461,pointer,J,Z,,,J,False,True,,,-1.3125,1.3125,1.6348114831109677,,Z J I,I,,False,,1.3984375,0.8019358515739441,,
train-025068-98b407ebeb1e1885,4,11,train,11003428499416291461,pointer,J,S,,,J,False,True,,,-0.75,0.75,1.4581943439555078,,S J Z,S,,True,,1.4609375,0.8116759657859802,,
train-025068-98b407ebeb1e1885,4,12,train,11003428499416291461,pointer,J,J,,,J,True,True,,,2.875,2.875,0.8735429308032281,,J S T,S,,False,,1.4765625,0.8140527606010437,,
train-024799-9b5a7074237022e7,5,1,train,11194383467895857895,pointer,W,E,E,True,L,False,False,6.806619057897478e-05,10.0625,-14.4375,10.0625,0.0008220193638857401,1,E A I,E,True,True,5.674201020156033e-05,-0.41796875,0.3970029056072235,False,0.505842924118042
train-024799-9b5a7074237022e7,5,2,train,11194383467895857895,pointer,W,I,I,True,L,False,False,1.7046782886609435e-05,12.5,-13.375,12.5,0.00024709002448255107,1,I O S,I,True,True,0.0016876515001058578,-0.3828125,0.4054487347602844,False,0.5199483633041382
train-024799-9b5a7074237022e7,5,3,train,11194383467895857895,pointer,W,L,L,True,L,True,False,0.09503143280744553,2.75,2.75,2.75,0.43299441538950734,1,L I S,S,False,False,3.199580192565918,-0.0673828125,0.4831606447696686,False,0.6600232124328613
train-024799-9b5a7074237022e7,5,4,train,11194383467895857895,pointer,W,H,N,False,L,False,False,3.40576434135437,-2.5,-1.1875,0.0625,1.4449966654566972,4,H I L,I,False,False,3.395597457885742,0.345703125,0.5855752229690552,False,0.8808637857437134
train-024799-9b5a7074237022e7,5,5,train,11194383467895857895,pointer,W,H,L,False,L,False,False,1.6168503761291504,-0.5,-0.5,0.125,1.8201141050911285,3,H I L,N,False,False,3.1418209075927734,0.71484375,0.671470582485199,True,0.3982851207256317
train-024799-9b5a7074237022e7,5,6,train,11194383467895857895,pointer,W,L,,,L,True,True,,,0.1875,0.1875,1.935018216194668,,L I H,I,,False,,0.98046875,0.7272012233734131,,
train-024799-9b5a7074237022e7,5,7,train,11194383467895857895,pointer,W,N,,,L,False,True,,,-0.25,0.25,0.9929416816290219,,N L I,N,,True,,1.1171875,0.7534666657447815,,
train-024799-9b5a7074237022e7,5,8,train,11194383467895857895,pointer,W,L,,,L,True,True,,,0.625,0.625,0.9168475820526968,,L N H,N,,False,,1.1796875,0.7648916244506836,,
train-024799-9b5a7074237022e7,5,9,train,11194383467895857895,pointer,W,L,,,L,True,True,,,0.5,0.5,0.9161856331198049,,L N I,L,,True,,1.28125,0.7826625108718872,,
train-024799-9b5a7074237022e7,5,10,train,11194383467895857895,pointer,W,L,,,L,True,True,,,0.5625,0.5625,0.9374709756794545,,L N M,N,,False,,1.3046875,0.7866228222846985,,
train-024799-9b5a7074237022e7,5,11,train,11194383467895857895,pointer,W,L,,,L,True,True,,,0.375,0.375,0.8478456835664989,,L N I,L,,True,,1.3515625,0.7943849563598633,,
train-024799-9b5a7074237022e7,5,12,train,11194383467895857895,pointer,W,L,,,L,True,True,,,0.6875,0.6875,0.8910835981344062,,L N M,N,,False,,1.3515625,0.7943849563598633,,
train-030524-a6e7463bb3d9a60b,6,1,train,12026658552150599179,pointer,M,P,P,True,Y,False,False,1.8954096958623268e-05,12.25,-19.03125,12.25,0.0002672442309864067,1,P C B,P,True,True,4.708655978902243e-05,-0.56640625,0.36206647753715515,False,0.44952118396759033
train-030524-a6e7463bb3d9a60b,6,2,train,12026658552150599179,pointer,M,B,B,True,Y,False,False,1.0013530300057027e-05,12.8125,-18.78125,12.8125,0.00015206133210550178,1,B C A,B,True,True,0.002875124802812934,-0.52734375,0.3711366057395935,False,0.4638412594795227
train-030524-a6e7463bb3d9a60b,6,3,train,12026658552150599179,pointer,M,O,O,True,Y,False,False,0.0008827127167023718,8.25,-11.4375,8.25,0.009489365043453797,1,O B C,B,False,False,3.0766186714172363,-0.1494140625,0.4627158045768738,False,0.6212280988693237
train-030524-a6e7463bb3d9a60b,6,4,train,12026658552150599179,pointer,M,C,C,True,Y,False,False,0.05729975178837776,4.125,-8.125,4.125,0.3629216783659392,1,C O M,O,False,False,3.493452548980713,0.267578125,0.5664982199668884,False,0.8358594179153442
train-030524-a6e7463bb3d9a60b,6,5,train,12026658552150599179,pointer,M,V,V,True,Y,False,False,0.410226970911026,2.3125,-3.6875,2.3125,1.6351249013871751,1,V B M,V,True,True,1.5653904676437378,0.5625,0.6370307803153992,False,1.013437271118164
train-030524-a6e7463bb3d9a60b,6,6,train,12026658552150599179,pointer,M,Y,Y,True,Y,True,False,0.7093933820724487,0.8125,0.8125,0.8125,1.8788851100980233,1,Y K Z,H,False,False,2.956425428390503,0.84765625,0.7000752091407776,True,0.35656747221946716
train-030524-a6e7463bb3d9a60b,6,7,train,12026658552150599179,pointer,M,L,,,Y,False,True,,,-4.4375,1.9375,1.5413005898293932,,L K G,K,,False,,1.1015625,0.7505527138710022,,
train-030524-a6e7463bb3d9a60b,6,8,train,12026658552150599179,pointer,M,L,,,Y,False,True,,,-4.75,2.0,1.8517621441264644,,L A K,L,,True,,1.25,0.7772998809814453,,
train-030524-a6e7463bb3d9a60b,6,9,train,12026658552150599179,pointer,M,A,,,Y,False,True,,,-4.5,2.1875,2.0721275433459523,,A L M,A,,True,,1.3203125,0.7892336845397949,,
train-030524-a6e7463bb3d9a60b,6,10,train,12026658552150599179,pointer,M,E,,,Y,False,True,,,-5.625,1.75,1.4359871264251571,,E O A,A,,False,,1.3203125,0.7892336845397949,,
train-030524-a6e7463bb3d9a60b,6,11,train,12026658552150599179,pointer,M,I,,,Y,False,True,,,-5.5625,2.625,1.0635562074837244,,I E Q,E,,False,,1.265625,0.7799928784370422,,
train-030524-a6e7463bb3d9a60b,6,12,train,12026658552150599179,pointer,M,X,,,Y,False,True,,,-3.625,2.1875,1.4985274413633087,,X J D,S,,False,,1.3046875,0.7866228222846985,,
train-020796-d564dde7c3497331,8,1,train,15376659015233270577,pointer,K,E,E,True,B,False,False,0.0002308817347511649,8.5,-12.5625,8.5,0.0023000299538438237,1,E A C,E,True,True,4.029192859889008e-05,-0.4453125,0.3904758393764496,False,0.49507665634155273
train-020796-d564dde7c3497331,8,2,train,15376659015233270577,pointer,K,Q,Q,True,B,False,False,9.775113539944869e-06,11.625,-18.3125,11.625,0.00012783381347708096,1,Q O P,Q,True,True,0.001965140225365758,-0.45703125,0.38769033551216125,False,0.49051713943481445
train-020796-d564dde7c3497331,8,3,train,15376659015233270577,pointer,K,O,O,True,B,False,False,0.0018053437815979123,7.1875,-11.0,7.1875,0.017424672890782988,1,O Q I,Q,False,False,2.98734188079834,-0.041748046875,0.48956453800201416,False,0.6724910140037537
train-020796-d564dde7c3497331,8,4,train,15376659015233270577,pointer,K,P,P,True,B,False,False,0.06105727329850197,3.5,-7.3125,3.5,0.32455374874669657,1,P O Y,O,False,False,3.6950438022613525,0.326171875,0.5808276534080505,False,0.8694730997085571
train-020796-d564dde7c3497331,8,5,train,15376659015233270577,pointer,K,Y,Y,True,B,False,False,0.163231760263443,2.4375,-6.0,2.4375,0.753042186594385,1,Y G P,Y,True,True,1.6422533988952637,0.65234375,0.6575384140014648,False,1.0715957880020142
train-020796-d564dde7c3497331,8,6,train,15376659015233270577,pointer,K,G,G,True,B,False,False,1.3862744569778442,0.5625,-3.0625,0.5625,2.5793442748706394,1,G P Y,G,True,True,0.8325507044792175,0.91796875,0.7146279811859131,False,1.2539618015289307
train-020796-d564dde7c3497331,8,7,train,15376659015233270577,pointer,K,Y,M,False,B,False,False,3.5412611961364746,-2.4375,-3.1875,0.125,2.1950195663393903,5,Y G P,G,False,False,3.7515735626220703,1.171875,0.7634837031364441,False,1.4417383670806885
train-020796-d564dde7c3497331,8,8,train,15376659015233270577,pointer,K,G,B,False,B,False,False,3.928541660308838,-2.3125,-2.3125,0.4375,2.8489855694501993,18,G Y M,G,False,True,3.769664764404297,1.3125,0.7879312038421631,True,0.23834450542926788
train-020796-d564dde7c3497331,8,9,train,15376659015233270577,pointer,K,Y,,,B,False,True,,,-0.125,0.125,2.957911890153393,,Y B G,B,,False,,1.4296875,0.8068526387214661,,
train-020796-d564dde7c3497331,8,10,train,15376659015233270577,pointer,K,B,,,B,True,True,,,0.0,0.0,2.952333895624376,,B C O,B,,True,,1.5078125,0.8187368512153625,,
train-020796-d564dde7c3497331,8,11,train,15376659015233270577,pointer,K,W,,,B,False,True,,,-4.8125,3.8125,0.9205902513427261,,W O S,W,,True,,1.5078125,0.8187368512153625,,
train-020796-d564dde7c3497331,8,12,train,15376659015233270577,pointer,K,W,,,B,False,True,,,-5.1875,4.3125,0.6490856577324792,,W S H,W,,True,,1.484375,0.815232515335083,,
train-001933-375e70f2ba504574,10,1,train,3989750507707057524,pointer,J,K,K,True,R,False,False,3.3378546504536644e-06,14.28125,-14.46875,14.28125,5.343295653015875e-05,1,K B J,K,True,True,8.535020606359467e-05,-0.365234375,0.40969306230545044,False,0.527112603187561
train-001933-375e70f2ba504574,10,2,train,3989750507707057524,pointer,J,U,U,True,R,False,False,2.861018856492592e-06,14.3125,-17.28125,14.3125,4.515767933555686e-05,1,U T Z,U,True,True,0.0030273818410933018,-0.416015625,0.3974705636501312,False,0.5066187977790833
train-001933-375e70f2ba504574,10,3,train,3989750507707057524,pointer,J,G,G,True,R,False,False,0.008237434551119804,6.25,-8.75,6.25,0.069748865940259,1,G M U,G,True,True,0.020333999767899513,-0.220703125,0.44504714012145996,False,0.5888720750808716
train-001933-375e70f2ba504574,10,4,train,3989750507707057524,pointer,J,M,M,True,R,False,False,0.29916223883628845,1.4375,-6.25,1.4375,0.9597978981915052,1,M G W,G,False,False,4.107180595397949,0.1865234375,0.5464961528778076,False,0.7907514572143555
train-001933-375e70f2ba504574,10,5,train,3989750507707057524,pointer,J,G,A,False,R,False,False,5.433557987213135,-4.0625,-3.0625,0.3125,2.544918731665391,25,G E Z,G,False,True,4.280412673950195,0.58203125,0.6415346264839172,False,1.025923252105713
train-001933-375e70f2ba504574,10,6,train,3989750507707057524,pointer,J,Y,X,False,R,False,False,4.462489604949951,-4.1875,-4.6875,3.375,1.2857171322757053,8,Y Q Z,Y,False,True,3.755218267440796,0.85546875,0.7017130851745605,False,1.2096993923187256
train-001933-375e70f2ba504574,10,7,train,3989750507707057524,pointer,J,Y,O,False,R,False,False,7.087100028991699,-7.0625,-7.125,5.625,0.18621970503797622,11,Y Z X,Y,False,True,4.241427421569824,0.95703125,0.722527027130127,False,1.282031774520874
train-001933-375e70f2ba504574,10,8,train,3989750507707057524,pointer,J,Y,I,False,R,False,False,6.5851731300354,-6.5625,-7.3125,5.625,0.17320354194792995,6,Y Z X,Y,False,True,5.731532573699951,1.0078125,0.7325918078422546,False,1.318979024887085
train-001933-375e70f2ba504574,10,9,train,3989750507707057524,pointer,J,Y,C,False,R,False,False,7.335020542144775,-7.3125,-7.3125,5.625,0.1719526486007359,13,Y Z X,Y,False,True,5.931073188781738,1.03125,0.7371581792831421,False,1.33620285987854
train-001933-375e70f2ba504574,10,10,train,3989750507707057524,pointer,J,Y,R,False,R,False,False,7.458057880401611,-7.4375,-7.4375,5.6875,0.158657011850763,14,Y Z X,Y,False,True,6.062287330627441,1.046875,0.740174412727356,True,0.30086952447891235
train-001933-375e70f2ba504574,10,11,train,3989750507707057524,pointer,J,Y,,,R,False,True,,,-7.4375,5.6875,0.15967080996869537,,Y Z X,Y,,True,,1.0546875,0.74167400598526,,
train-001933-375e70f2ba504574,10,12,train,3989750507707057524,pointer,J,Y,,,R,False,True,,,-7.375,5.625,0.16875798168399533,,Y Z X,Y,,True,,1.0625,0.7431680560112,,
train-009746-13fede6ce2c0ace2,12,1,train,1440833490047249634,pointer,I,M,M,True,A,False,False,4.160317621426657e-05,11.8125,-12.3125,11.8125,0.0005667565899345929,1,M O C,M,True,True,6.198863957251888e-06,-0.357421875,0.411583811044693,False,0.5303207635879517
train-009746-13fede6ce2c0ace2,12,2,train,1440833490047249634,pointer,I,J,J,True,A,False,False,5.2569914259947836e-05,10.5625,-13.375,10.5625,0.0006559131141487843,1,J T O,J,True,True,0.00014506718434859067,-0.4140625,0.3979383707046509,False,0.5073955655097961
train-009746-13fede6ce2c0ace2,12,3,train,1440833490047249634,pointer,I,O,O,True,A,False,False,0.0002401778765488416,9.875,-9.875,9.875,0.0028727722361418934,1,O A N,O,True,True,0.0684870257973671,-0.1884765625,0.4530198276042938,False,0.6033427715301514
train-009746-13fede6ce2c0ace2,12,4,train,1440833490047249634,pointer,I,G,G,True,A,False,False,0.1852811574935913,2.0,-5.75,2.0,0.729146104326546,1,G O C,O,False,False,3.82564115524292,0.212890625,0.553022563457489,False,0.8052471280097961
train-009746-13fede6ce2c0ace2,12,5,train,1440833490047249634,pointer,I,C,C,True,A,False,False,0.3722253441810608,1.4375,-5.8125,1.4375,1.2614013649822395,1,C G Q,G,False,False,3.4476535320281982,0.5546875,0.6352224349975586,False,1.0084675550460815
train-009746-13fede6ce2c0ace2,12,6,train,1440833490047249634,pointer,I,V,V,True,A,False,False,0.26055335998535156,2.4375,-4.8125,2.4375,1.1469182590392022,1,V C R,K,False,False,4.249805450439453,0.77734375,0.6851073503494263,False,1.1555235385894775
train-009746-13fede6ce2c0ace2,12,7,train,1440833490047249634,pointer,I,R,R,True,A,False,False,0.6402021050453186,1.6875,-3.9375,1.6875,2.0067475873368394,1,R V I,V,False,False,2.733672857284546,0.9609375,0.7233095169067383,False,1.284855604171753
train-009746-13fede6ce2c0ace2,12,8,train,1440833490047249634,pointer,I,I,F,False,A,False,False,2.746727705001831,-0.75,-1.5,0.4375,3.0807728980170093,3,I M F,I,False,True,3.423326253890991,1.1875,0.7662936449050903,False,1.4536898136138916
train-009746-13fede6ce2c0ace2,12,9,train,1440833490047249634,pointer,I,U,U,True,A,False,False,1.7608866691589355,0.1875,-2.3125,0.1875,2.9408655087374354,1,U F P,W,False,False,3.6885807514190674,1.3515625,0.7943849563598633,False,1.5817495584487915
train-009746-13fede6ce2c0ace2,12,10,train,1440833490047249634,pointer,I,U,Y,False,A,False,False,2.1583926677703857,-1.6875,-4.3125,1.6875,1.6814916332613956,2,U Y F,U,False,True,3.2272210121154785,1.40625,0.8031737804412842,False,1.625434160232544
train-009746-13fede6ce2c0ace2,12,11,train,1440833490047249634,pointer,I,Y,X,False,A,False,False,3.400937557220459,-2.3125,-2.375,1.3125,2.623474699020151,7,Y Z U,Z,False,False,3.206078052520752,1.5078125,0.8187368512153625,False,1.7078051567077637
train-009746-13fede6ce2c0ace2,12,12,train,1440833490047249634,pointer,I,H,A,False,A,False,False,3.411954879760742,-1.625,-1.625,0.125,2.90955001861568,6,H K N,K,False,False,3.8399317264556885,1.5546875,0.8255897164344788,True,0.19165733456611633
train-003015-7ce6850f491efb56,1,1,train,9000027206044285782,pointer,M,I,I,True,I,True,False,1.7881233361549675e-05,12.5,12.5,12.5,0.00025878653111306173,1,I A M,I,True,True,0.0001578206429257989,-0.12158203125,0.46964189410209656,True,0.755784809589386
train-003015-7ce6850f491efb56,1,2,train,9000027206044285782,pointer,M,F,,,I,False,True,,,-16.875,14.9375,1.7347550166602907e-05,,F C T,F,,True,,-0.2333984375,0.44191381335258484,,
train-003015-7ce6850f491efb56,1,3,train,9000027206044285782,pointer,M,G,,,I,False,True,,,-8.1875,1.5,0.5078324076321391,,G S Z,S,,False,,0.00982666015625,0.5024566650390625,,
train-003015-7ce6850f491efb56,1,4,train,9000027206044285782,pointer,M,Z,,,I,False,True,,,-5.625,5.625,0.20429074981702405,,Z I V,G,,False,,0.412109375,0.601593554019928,,
train-003015-7ce6850f491efb56,1,5,train,9000027206044285782,pointer,M,W,,,I,False,True,,,-5.625,1.875,1.1092799624282275,,W J K,W,,True,,0.734375,0.6757646203041077,,
train-003015-7ce6850f491efb56,1,6,train,9000027206044285782,pointer,M,W,,,I,False,True,,,-4.4375,1.75,1.7834289917945296,,W J K,W,,True,,0.984375,0.7279754281044006,,
train-003015-7ce6850f491efb56,1,7,train,9000027206044285782,pointer,M,W,,,I,False,True,,,-2.6875,0.5625,2.6320443666748137,,W E J,W,,True,,1.125,0.7549149990081787,,
train-003015-7ce6850f491efb56,1,8,train,9000027206044285782,pointer,M,B,,,I,False,True,,,-4.0625,2.0625,1.6171867077852395,,B Y E,E,,False,,1.2109375,0.7704647779464722,,
train-003015-7ce6850f491efb56,1,9,train,9000027206044285782,pointer,M,H,,,I,False,True,,,-4.75,2.5,1.6618658468100358,,H Y N,H,,True,,1.2734375,0.7813306450843811,,
train-003015-7ce6850f491efb56,1,10,train,9000027206044285782,pointer,M,N,,,I,False,True,,,-3.3125,2.25,1.9391897067038757,,N D A,N,,True,,1.3203125,0.7892336845397949,,
train-003015-7ce6850f491efb56,1,11,train,9000027206044285782,pointer,M,T,,,I,False,True,,,-4.125,1.875,1.1470853398299956,,T N M,N,,False,,1.2734375,0.7813306450843811,,
train-003015-7ce6850f491efb56,1,12,train,9000027206044285782,pointer,M,D,,,I,False,True,,,-3.75,2.25,1.9955246696312878,,D O S,N,,False,,1.3359375,0.7918210625648499,,
train-032401-0d39fad330c459ca,2,1,train,953068581128788426,pointer,C,R,R,True,K,False,False,1.2993727978027891e-05,11.75,-16.625,11.75,0.00018007446096831377,1,R Q C,R,True,True,0.000169382052263245,-0.369140625,0.40874868631362915,False,0.5255141258239746
train-032401-0d39fad330c459ca,2,2,train,953068581128788426,pointer,C,K,K,True,K,True,False,5.722029527532868e-06,13.125,13.125,13.125,8.68267896048182e-05,1,K H C,K,True,True,0.00017391123401466757,-0.3671875,0.40922078490257263,True,0.8935004472732544
train-032401-0d39fad330c459ca,2,3,train,953068581128788426,pointer,C,T,,,K,False,True,,,-10.75,9.25,0.0048929508990842975,,T B S,T,,True,,-0.1025390625,0.47438764572143555,,
train-032401-0d39fad330c459ca,2,4,train,953068581128788426,pointer,C,X,,,K,False,True,,,-4.3125,2.6875,1.037132803938076,,X B T,X,,True,,0.40234375,0.5992506742477417,,
train-032401-0d39fad330c459ca,2,5,train,953068581128788426,pointer,C,X,,,K,False,True,,,-3.75,0.75,1.8642977701578325,,X P A,X,,True,,0.70703125,0.6697448492050171,,
train-032401-0d39fad330c459ca,2,6,train,953068581128788426,pointer,C,A,,,K,False,True,,,-2.125,1.125,2.139972813692201,,A X B,X,,False,,0.8984375,0.7106282711029053,,
train-032401-0d39fad330c459ca,2,7,train,953068581128788426,pointer,C,W,,,K,False,True,,,-1.625,0.25,2.738759031708435,,W X A,X,,False,,1.078125,0.7461389899253845,,
train-032401-0d39fad330c459ca,2,8,train,953068581128788426,pointer,C,X,,,K,False,True,,,-0.5,0.375,2.711285542844415,,X T M,X,,True,,1.2421875,0.7759445905685425,,
train-032401-0d39fad330c459ca,2,9,train,953068581128788426,pointer,C,Y,,,K,False,True,,,-1.6875,0.875,2.7300634626856626,,Y X B,X,,False,,1.3515625,0.7943849563598633,,
train-032401-0d39fad330c459ca,2,10,train,953068581128788426,pointer,C,Y,,,K,False,True,,,-1.125,0.75,2.9685776560254538,,Y L Q,Y,,True,,1.4375,0.8080672025680542,,
train-032401-0d39fad330c459ca,2,11,train,953068581128788426,pointer,C,Q,,,K,False,True,,,-1.625,1.125,2.810081585505833,,Q L H,Q,,True,,1.453125,0.8104788661003113,,
train-032401-0d39fad330c459ca,2,12,train,953068581128788426,pointer,C,Q,,,K,False,True,,,-1.6875,0.6875,2.8625984282456507,,Q N H,Q,,True,,1.4296875,0.8068526387214661,,
train-015518-030d53432fdc1f7e,3,1,train,219923504841891710,pointer,P,O,O,True,Y,False,False,2.8371408916427754e-05,11.0625,-16.65625,11.0625,0.0003720558871415404,1,O A P,O,True,True,4.053033626405522e-05,-0.369140625,0.40874868631362915,False,0.5255141258239746
train-015518-030d53432fdc1f7e,3,2,train,219923504841891710,pointer,P,X,X,True,Y,False,False,9.298280929215252e-06,13.5625,-14.1875,13.5625,0.0001388129333479673,1,X Z C,X,True,True,0.003286914434283972,-0.34765625,0.4139508903026581,False,0.5343517065048218
train-015518-030d53432fdc1f7e,3,3,train,219923504841891710,pointer,P,Y,Y,True,Y,True,False,0.0006008726777508855,8.8125,8.8125,8.8125,0.006680864950170434,1,Y T A,Y,True,True,0.19168275594711304,-0.173828125,0.45665207505226135,True,0.7838335037231445
train-015518-030d53432fdc1f7e,3,4,train,219923504841891710,pointer,P,T,,,Y,False,True,,,-5.25,5.25,0.09132395085294014,,T Y J,T,,True,,0.1611328125,0.5401962995529175,,
train-015518-030d53432fdc1f7e,3,5,train,219923504841891710,pointer,P,T,,,Y,False,True,,,-6.0,5.1875,0.24807864398813598,,T B L,T,,True,,0.49609375,0.621540904045105,,
train-015518-030d53432fdc1f7e,3,6,train,219923504841891710,pointer,P,T,,,Y,False,True,,,-3.5625,2.625,1.3230759799689618,,T J Z,T,,True,,0.78515625,0.6867902874946594,,
train-015518-030d53432fdc1f7e,3,7,train,219923504841891710,pointer,P,T,,,Y,False,True,,,-1.375,0.75,2.6858379747841052,,T L X,T,,True,,1.046875,0.740174412727356,,
train-015518-030d53432fdc1f7e,3,8,train,219923504841891710,pointer,P,T,,,Y,False,True,,,-1.6875,1.4375,2.450695496578666,,T L Y,T,,True,,1.25,0.7772998809814453,,
train-015518-030d53432fdc1f7e,3,9,train,219923504841891710,pointer,P,T,,,Y,False,True,,,-1.875,1.625,2.456035070315235,,T X Y,T,,True,,1.375,0.7981867790222168,,
train-015518-030d53432fdc1f7e,3,10,train,219923504841891710,pointer,P,T,,,Y,False,True,,,-1.3125,0.5625,2.963822606235346,,T L X,T,,True,,1.46875,0.8128673434257507,,
train-015518-030d53432fdc1f7e,3,11,train,219923504841891710,pointer,P,L,,,Y,False,True,,,-0.875,0.0625,3.0826417335960077,,L T X,K,,False,,1.5546875,0.8255897164344788,,
train-015518-030d53432fdc1f7e,3,12,train,219923504841891710,pointer,P,L,,,Y,False,True,,,-0.9375,0.25,3.1931058504651557,,L O T,O,,False,,1.640625,0.837619960308075,,
train-005862-0a7c4a6df369611f,4,1,train,755560673587061023,pointer,N,U,U,True,I,False,False,3.2186455882765586e-06,13.8125,-17.4375,13.8125,5.224834097566017e-05,1,U A V,U,True,True,5.924526340095326e-05,-0.4609375,0.38676342368125916,False,0.4890044927597046
train-005862-0a7c4a6df369611f,4,2,train,755560673587061023,pointer,N,T,T,True,I,False,False,2.3841830625315197e-06,14.1875,-17.28125,14.1875,3.829101724360459e-05,1,T S M,T,True,True,0.0006170752458274364,-0.486328125,0.3807589113712311,False,0.4792606830596924
train-005862-0a7c4a6df369611f,4,3,train,755560673587061023,pointer,N,O,O,True,I,False,False,0.019128264859318733,4.0625,-8.25,4.0625,0.10614436140414653,1,O C S,O,True,True,2.2525794506073,-0.1806640625,0.45495641231536865,False,0.606889545917511
train-005862-0a7c4a6df369611f,4,4,train,755560673587061023,pointer,N,T,I,False,I,False,False,3.5260400772094727,-2.4375,-2.4375,0.4375,2.2543922603132454,7,T D O,T,False,True,3.548105239868164,0.1669921875,0.5416513085365295,True,0.6131328344345093
train-005862-0a7c4a6df369611f,4,5,train,755560673587061023,pointer,N,L,,,I,False,True,,,-7.25,3.625,0.4424434824387572,,L D W,L,,True,,0.5625,0.6370307803153992,,
train-005862-0a7c4a6df369611f,4,6,train,755560673587061023,pointer,N,W,,,I,False,True,,,-6.125,0.5,1.3673121506289638,,W L Q,L,,False,,0.84765625,0.7000752091407776,,
train-005862-0a7c4a6df369611f,4,7,train,755560673587061023,pointer,N,Q,,,I,False,True,,,-5.875,0.5,1.2996955949852398,,Q W L,W,,False,,1.0703125,0.7446563243865967,,
train-005862-0a7c4a6df369611f,4,8,train,755560673587061023,pointer,N,R,,,I,False,True,,,-5.5,0.9375,1.321638599236651,,R Q D,Q,,False,,1.1796875,0.7648916244506836,,
train-005862-0a7c4a6df369611f,4,9,train,755560673587061023,pointer,N,J,,,I,False,True,,,-3.875,2.6875,1.4575823586700465,,J R D,J,,True,,1.1875,0.7662936449050903,,
train-005862-0a7c4a6df369611f,4,10,train,755560673587061023,pointer,N,U,,,I,False,True,,,-3.3125,0.8125,2.1891020458340065,,U T N,J,,False,,1.2265625,0.7732163667678833,,
train-005862-0a7c4a6df369611f,4,11,train,755560673587061023,pointer,N,T,,,I,False,True,,,-4.875,2.5,1.3270381290026547,,T O U,T,,True,,1.2890625,0.7839884757995605,,
train-005862-0a7c4a6df369611f,4,12,train,755560673587061023,pointer,N,C,,,I,False,True,,,-3.1875,0.3125,2.3243526428561587,,C T O,T,,False,,1.34375,0.793105959892273,,
train-026770-0c5aad758e55ff71,5,1,train,890214596769873777,pointer,R,W,W,True,E,False,False,2.7418097943154862e-06,13.9375,-16.953125,13.9375,4.519563981966332e-05,1,W V A,W,True,True,6.985420623095706e-05,-0.458984375,0.38722676038742065,False,0.4897603988647461
train-026770-0c5aad758e55ff71,5,2,train,890214596769873777,pointer,R,L,L,True,E,False,False,2.9802276912960224e-06,14.1875,-17.53125,14.1875,4.855630667540167e-05,1,L I C,L,True,True,0.0010343207977712154,-0.47265625,0.3839877247810364,False,0.48448842763900757
train-026770-0c5aad758e55ff71,5,3,train,890214596769873777,pointer,R,S,S,True,E,False,False,0.0021665452513843775,8.0,-10.9375,8.0,0.02150999458371634,1,S L C,L,False,False,3.366567850112915,-0.2060546875,0.44866785407066345,False,0.5954177975654602
train-026770-0c5aad758e55ff71,5,4,train,890214596769873777,pointer,R,S,C,False,E,False,False,6.0144853591918945,-6.0,-8.6875,6.0,0.11645225917215565,2,S C A,A,False,False,3.1544506549835205,0.205078125,0.5510905981063843,False,0.8009341955184937
train-026770-0c5aad758e55ff71,5,5,train,890214596769873777,pointer,R,S,E,False,E,False,False,7.86232852935791,-7.8125,-7.8125,3.6875,0.2976346125195745,21,S C L,A,False,False,2.5475587844848633,0.6171875,0.6495786309242249,True,0.4314314126968384
train-026770-0c5aad758e55ff71,5,6,train,890214596769873777,pointer,R,C,,,E,False,True,,,-5.75,0.375,1.191788914946314,,C S B,C,,True,,0.94140625,0.7193835973739624,,
train-026770-0c5aad758e55ff71,5,7,train,890214596769873777,pointer,R,C,,,E,False,True,,,-1.8125,1.75,2.167568477165929,,C S E,C,,True,,1.1953125,0.7676898241043091,,
train-026770-0c5aad758e55ff71,5,8,train,890214596769873777,pointer,R,S,,,E,False,True,,,-1.0625,0.1875,2.4130413114166838,,S C P,E,,False,,1.3671875,0.7969253659248352,,
train-026770-0c5aad758e55ff71,5,9,train,890214596769873777,pointer,R,S,,,E,False,True,,,-4.875,0.9375,1.571899772824283,,S C P,C,,False,,1.46875,0.8128673434257507,,
train-026770-0c5aad758e55ff71,5,10,train,890214596769873777,pointer,R,C,,,E,False,True,,,-4.625,0.8125,1.5436659531091472,,C S A,C,,True,,1.5390625,0.8233283758163452,,
train-026770-0c5aad758e55ff71,5,11,train,890214596769873777,pointer,R,C,,,E,False,True,,,-3.0625,0.25,1.8082407816522474,,C S P,C,,True,,1.59375,0.8311430811882019,,
train-026770-0c5aad758e55ff71,5,12,train,890214596769873777,pointer,R,S,,,E,False,True,,,-5.0625,0.8125,1.3388098710364518,,S C L,C,,False,,1.6171875,0.8344069123268127,,
train-023198-6d4afa17a35b5954,6,1,train,7875381877842598228,pointer,O,T,T,True,J,False,False,4.768360213347478e-06,13.5625,-16.359375,13.5625,7.478555599857582e-05,1,T A W,T,True,True,3.313963316031732e-05,-0.51953125,0.3729618489742279,False,0.4667479395866394
train-023198-6d4afa17a35b5954,6,2,train,7875381877842598228,pointer,O,G,G,True,J,False,False,5.602820692729438e-06,12.875,-15.0625,12.875,8.536295468790161e-05,1,G C F,G,True,True,0.0005025792634114623,-0.52734375,0.3711366057395935,False,0.4638412594795227
train-023198-6d4afa17a35b5954,6,3,train,7875381877842598228,pointer,O,V,V,True,J,False,False,0.05046887695789337,3.0,-10.75,3.0,0.20928144583451938,1,V W T,W,False,False,3.443504810333252,-0.2001953125,0.45011767745018005,False,0.5980509519577026
train-023198-6d4afa17a35b5954,6,4,train,7875381877842598228,pointer,O,U,U,True,J,False,False,0.07358795404434204,4.3125,-6.75,4.3125,0.45456210409786085,1,U F M,U,True,True,0.7225017547607422,0.26171875,0.5650587677955627,False,0.8325443267822266
train-023198-6d4afa17a35b5954,6,5,train,7875381877842598228,pointer,O,F,F,True,J,False,False,0.19947810471057892,3.25,-3.5,3.25,0.980948940543632,1,F U J,U,False,False,3.1969456672668457,0.6328125,0.6531268954277039,False,1.0587962865829468
train-023198-6d4afa17a35b5954,6,6,train,7875381877842598228,pointer,O,W,J,False,J,False,False,1.6527056694030762,-0.125,-0.125,0.125,2.599691179496866,2,W J V,F,False,False,3.6004059314727783,0.9140625,0.7138307690620422,True,0.33710941672325134
train-023198-6d4afa17a35b5954,6,7,train,7875381877842598228,pointer,O,W,,,J,False,True,,,-4.25,3.75,1.2458451253761353,,W D B,W,,True,,1.109375,0.7520126104354858,,
train-023198-6d4afa17a35b5954,6,8,train,7875381877842598228,pointer,O,A,,,J,False,True,,,-5.5625,2.1875,1.1842034775097319,,A W B,W,,False,,1.2109375,0.7704647779464722,,
train-023198-6d4afa17a35b5954,6,9,train,7875381877842598228,pointer,O,M,,,J,False,True,,,-6.125,1.9375,1.177917969793765,,M A N,M,,True,,1.2578125,0.7786493301391602,,
train-023198-6d4afa17a35b5954,6,10,train,7875381877842598228,pointer,O,Z,,,J,False,True,,,-4.375,0.875,2.0971984376782316,,Z M O,M,,False,,1.25,0.7772998809814453,,
train-023198-6d4afa17a35b5954,6,11,train,7875381877842598228,pointer,O,K,,,J,False,True,,,-4.5,1.75,1.6536915383869448,,K T O,K,,True,,1.3203125,0.7892336845397949,,
train-023198-6d4afa17a35b5954,6,12,train,7875381877842598228,pointer,O,D,,,J,False,True,,,-4.1875,0.9375,2.310580432565631,,D A T,T,,False,,1.3203125,0.7892336845397949,,
train-000132-034de662d04de031,8,1,train,238099667396452401,pointer,S,U,U,True,E,False,False,3.2186455882765586e-06,14.21875,-18.453125,14.21875,5.252551932514758e-05,1,U V A,U,True,True,3.1470757676288486e-05,-0.51953125,0.3729618489742279,False,0.4667479395866394
train-000132-034de662d04de031,8,2,train,238099667396452401,pointer,S,X,X,True,E,False,False,0.0004354958946350962,7.75,-18.28125,7.75,0.0038425193308258897,1,X C J,X,True,True,0.0007165487040765584,-0.4453125,0.3904758393764496,False,0.49507665634155273
train-000132-034de662d04de031,8,3,train,238099667396452401,pointer,S,J,J,True,E,False,False,0.004933446180075407,5.5625,-10.1875,5.5625,0.036887143004254386,1,J C B,X,False,False,2.5514321327209473,-0.1220703125,0.46952024102211,False,0.6339734792709351
train-000132-034de662d04de031,8,4,train,238099667396452401,pointer,S,C,C,True,E,False,False,0.010316734202206135,5.5625,-9.3125,5.5625,0.08255932425714714,1,C B D,C,True,True,1.2152583599090576,0.26171875,0.5650587677955627,False,0.8325443267822266
train-000132-034de662d04de031,8,5,train,238099667396452401,pointer,S,B,B,True,E,False,False,0.33435726165771484,1.625,-5.6875,1.625,1.0937584630276085,1,B C F,C,False,False,2.9487593173980713,0.60546875,0.6469064354896545,False,1.0410223007202148
train-000132-034de662d04de031,8,6,train,238099667396452401,pointer,S,F,F,True,E,False,False,0.241893008351326,3.375,-4.375,3.375,1.164733531549279,1,F B G,F,True,True,1.2835694551467896,0.90625,0.7122321724891663,False,1.2456012964248657
train-000132-034de662d04de031,8,7,train,238099667396452401,pointer,S,R,R,True,E,False,False,0.525444746017456,1.1875,-2.875,1.1875,1.631838480554541,1,R F E,F,False,False,3.794156074523926,1.0703125,0.7446563243865967,False,1.365144968032837
train-000132-034de662d04de031,8,8,train,238099667396452401,pointer,S,E,E,True,E,True,False,0.38472071290016174,2.25,2.25,2.25,1.530483159796503,1,E R W,O,False,False,2.8333799839019775,1.1875,0.7662936449050903,True,0.2661898136138916
train-000132-034de662d04de031,8,9,train,238099667396452401,pointer,S,T,,,E,False,True,,,-0.1875,0.1875,2.1507388642011924,,T E V,E,,False,,1.28125,0.7826625108718872,,
train-000132-034de662d04de031,8,10,train,238099667396452401,pointer,S,Z,,,E,False,True,,,-5.9375,3.25,1.0270032175584858,,Z C Y,Z,,True,,1.359375,0.7956580519676208,,
train-000132-034de662d04de031,8,11,train,238099667396452401,pointer,S,P,,,E,False,True,,,-4.0,1.1875,1.622916176776867,,P Z Q,Z,,False,,1.328125,0.7905303239822388,,
train-000132-034de662d04de031,8,12,train,238099667396452401,pointer,S,Q,,,E,False,True,,,-3.8125,1.25,2.018771860160306,,Q P A,P,,False,,1.3515625,0.7943849563598633,,
train-005758-cbaafe03cdd0b3ab,10,1,train,14675821628031546283,pointer,T,M,M,True,F,False,False,1.5258672647178173e-05,12.78125,-14.71875,12.78125,0.00022628034819759043,1,M C A,M,True,True,1.6212332411669195e-05,-0.39453125,0.40262696146965027,False,0.5152135491371155
train-005758-cbaafe03cdd0b3ab,10,2,train,14675821628031546283,pointer,T,N,N,True,F,False,False,5.23315102327615e-05,10.5,-18.34375,10.5,0.0006215518560206485,1,N M W,N,True,True,0.004062139429152012,-0.470703125,0.38444983959198,False,0.48523885011672974
train-005758-cbaafe03cdd0b3ab,10,3,train,14675821628031546283,pointer,T,W,W,True,F,False,False,0.0003887851198669523,9.1875,-12.375,9.1875,0.004382162504233707,1,W N X,W,True,True,0.13022682070732117,-0.333984375,0.4172714650630951,False,0.5400338768959045
train-005758-cbaafe03cdd0b3ab,10,4,train,14675821628031546283,pointer,T,X,X,True,F,False,False,0.009800177067518234,6.6875,-9.125,6.6875,0.08367491735762464,1,X I W,X,True,True,0.60673987865448,0.1787109375,0.5445592403411865,False,0.7864895462989807
train-005758-cbaafe03cdd0b3ab,10,5,train,14675821628031546283,pointer,T,I,I,True,F,False,False,0.3908725380897522,0.9375,-6.6875,0.9375,0.9176665149483088,1,I X J,X,False,False,4.481121063232422,0.5859375,0.642432451248169,False,1.0284310579299927
train-005758-cbaafe03cdd0b3ab,10,6,train,14675821628031546283,pointer,T,J,J,True,F,False,False,0.3973478674888611,1.4375,-4.5625,1.4375,1.3672714046537446,1,J I P,I,False,False,3.078486442565918,0.78125,0.6859495043754578,False,1.1582013368606567
train-005758-cbaafe03cdd0b3ab,10,7,train,14675821628031546283,pointer,T,O,O,True,F,False,False,0.19112586975097656,2.6875,-5.625,2.6875,0.9038646216757866,1,O P I,J,False,False,2.4964706897735596,0.875,0.7057850360870361,False,1.2234445810317993
train-005758-cbaafe03cdd0b3ab,10,8,train,14675821628031546283,pointer,T,P,P,True,F,False,False,0.1794116497039795,4.0625,-5.0625,4.0625,0.9463417729840141,1,P O S,P,True,True,1.0035545825958252,0.9921875,0.729519784450531,False,1.3075562715530396
train-005758-cbaafe03cdd0b3ab,10,9,train,14675821628031546283,pointer,T,E,E,True,F,False,False,0.4178522825241089,1.9375,-2.875,1.9375,1.5632661417511156,1,E P F,P,False,False,2.886270523071289,1.09375,0.7490872144699097,False,1.3826498985290527
train-005758-cbaafe03cdd0b3ab,10,10,train,14675821628031546283,pointer,T,F,F,True,F,True,False,0.6734293699264526,1.375,1.375,1.375,2.085621536164068,1,F E Z,E,False,False,3.348522663116455,1.1796875,0.7648916244506836,True,0.2680211365222931
train-005758-cbaafe03cdd0b3ab,10,11,train,14675821628031546283,pointer,T,Y,,,F,False,True,,,-1.5625,0.5625,2.769862011365195,,Y U V,Y,,True,,1.3046875,0.7866228222846985,,
train-005758-cbaafe03cdd0b3ab,10,12,train,14675821628031546283,pointer,T,Z,,,F,False,True,,,-4.375,0.5625,1.7989535076028789,,Z A X,A,,False,,1.3125,0.7879312038421631,,
train-018719-95574bc6546993de,12,1,train,10761153149816902622,pointer,G,J,J,True,D,False,False,0.00010358751023886725,9.3125,-13.28125,9.3125,0.001121587263469392,1,J B A,J,True,True,2.9444261599564925e-05,-0.458984375,0.38722676038742065,False,0.4897603988647461
train-018719-95574bc6546993de,12,2,train,10761153149816902622,pointer,G,W,W,True,D,False,False,1.2278481335670222e-05,12.375,-15.125,12.375,0.00017770485402251643,1,W J H,W,True,True,0.0015480450820177794,-0.41796875,0.3970029056072235,False,0.505842924118042
train-018719-95574bc6546993de,12,3,train,10761153149816902622,pointer,G,E,E,True,D,False,False,0.0009511952521279454,7.4375,-10.625,7.4375,0.009261664307986693,1,E W F,W,False,False,3.966433048248291,-0.0361328125,0.4909677505493164,False,0.6752439737319946
train-018719-95574bc6546993de,12,4,train,10761153149816902622,pointer,G,M,M,True,D,False,False,0.04758981242775917,3.5625,-5.5,3.5625,0.27478764996314275,1,M E D,D,False,False,2.2145004272460938,0.376953125,0.5931380391120911,False,0.8992812633514404
train-018719-95574bc6546993de,12,5,train,10761153149816902622,pointer,G,V,V,True,D,False,False,0.03962361440062523,4.375,-6.6875,4.375,0.2694995019267099,1,V M N,M,False,False,2.939945697784424,0.65625,0.6584175229072571,False,1.0741660594940186
train-018719-95574bc6546993de,12,6,train,10761153149816902622,pointer,G,E,K,False,D,False,False,2.349971294403076,-1.875,-4.0625,1.875,1.6037364401262748,2,E K V,K,True,False,1.4681282043457031,0.93359375,0.7178038358688354,False,1.2651526927947998
train-018719-95574bc6546993de,12,7,train,10761153149816902622,pointer,G,M,Y,False,D,False,False,7.049589157104492,-6.75,-4.5625,1.5625,1.0566247514160205,25,M E V,M,False,True,4.674430847167969,1.125,0.7549149990081787,False,1.4061501026153564
train-018719-95574bc6546993de,12,8,train,10761153149816902622,pointer,G,V,D,False,D,False,False,5.855062961578369,-5.75,-5.75,3.25,0.5854140462004928,11,V M N,M,False,False,3.166224479675293,1.1875,0.7662936449050903,False,1.4536898136138916
train-018719-95574bc6546993de,12,9,train,10761153149816902622,pointer,G,E,V,False,D,False,False,3.2311697006225586,-2.6875,-3.75,1.8125,1.7399851322515387,5,E M W,K,False,False,3.40459942817688,1.3046875,0.7866228222846985,False,1.544693946838379
train-018719-95574bc6546993de,12,10,train,10761153149816902622,pointer,G,M,K,False,D,False,False,5.240685939788818,-4.4375,-3.4375,0.25,1.6564990549763545,19,M E V,M,False,True,3.592927932739258,1.3828125,0.7994422912597656,False,1.6066534519195557
train-018719-95574bc6546993de,12,11,train,10761153149816902622,pointer,G,V,Y,False,D,False,False,6.3437042236328125,-6.125,-4.9375,2.5,1.0124690815440838,26,V M N,M,False,False,4.531420707702637,1.375,0.7981867790222168,False,1.6004126071929932
train-018719-95574bc6546993de,12,12,train,10761153149816902622,pointer,G,E,D,False,D,False,False,4.235621929168701,-3.625,-3.625,1.6875,1.8481201518347954,9,E M W,K,False,False,3.357171058654785,1.4453125,0.8092759251594543,True,0.21161527931690216
train-004320-7008cf8753f864b3,1,1,train,8072930512197936307,pointer,A,Z,Z,True,Z,True,False,2.4914430468925275e-05,11.5625,11.5625,11.5625,0.0003324328631582859,1,Z Q R,Z,True,True,1.2874520507466514e-05,-0.126953125,0.46830427646636963,True,0.758637011051178
train-004320-7008cf8753f864b3,1,2,train,8072930512197936307,pointer,A,N,,,Z,False,True,,,-15.40625,9.8125,0.0010479264786386875,,N Q M,N,,True,,-0.259765625,0.435421347618103,,
train-004320-7008cf8753f864b3,1,3,train,8072930512197936307,pointer,A,Q,,,Z,False,True,,,-11.875,9.875,0.006611838567895685,,Q O P,O,,False,,-0.07958984375,0.48011302947998047,,
train-004320-7008cf8753f864b3,1,4,train,8072930512197936307,pointer,A,F,,,Z,False,True,,,-6.6875,4.375,0.31705360868325183,,F X G,X,,False,,0.37890625,0.5936092734336853,,
train-004320-7008cf8753f864b3,1,5,train,8072930512197936307,pointer,A,R,,,Z,False,True,,,-4.875,0.625,1.6101178542763255,,R O F,R,,True,,0.69921875,0.6680145263671875,,
train-004320-7008cf8753f864b3,1,6,train,8072930512197936307,pointer,A,M,,,Z,False,True,,,-3.75,1.5,1.3763510941424384,,M R Z,R,,False,,0.9375,0.7185943722724915,,
train-004320-7008cf8753f864b3,1,7,train,8072930512197936307,pointer,A,M,,,Z,False,True,,,-2.875,0.1875,2.48251211059891,,M P G,M,,True,,1.078125,0.7461389899253845,,
train-004320-7008cf8753f864b3,1,8,train,8072930512197936307,pointer,A,F,,,Z,False,True,,,-1.8125,0.375,2.9725453480544073,,F G X,X,,False,,1.2890625,0.7839884757995605,,
train-004320-7008cf8753f864b3,1,9,train,8072930512197936307,pointer,A,Q,,,Z,False,True,,,-1.0,0.1875,2.996690678698485,,Q F Y,X,,False,,1.4140625,0.804405927658081,,
train-004320-7008cf8753f864b3,1,10,train,8072930512197936307,pointer,A,F,,,Z,False,True,,,-2.4375,0.6875,2.596993954914185,,F G Q,G,,False,,1.453125,0.8104788661003113,,
train-004320-7008cf8753f864b3,1,11,train,8072930512197936307,pointer,A,F,,,Z,False,True,,,-2.0,0.5,2.7856944404806563,,F O Q,O,,False,,1.46875,0.8128673434257507,,
train-004320-7008cf8753f864b3,1,12,train,8072930512197936307,pointer,A,F,,,Z,False,True,,,-1.8125,0.1875,2.870591597863358,,F O G,O,,False,,1.515625,0.8198933005332947,,
train-016372-780dfa594c957f04,2,1,train,8650845720692489988,pointer,C,J,J,True,E,False,False,3.3378546504536644e-06,13.84375,-17.46875,13.84375,5.414159165625153e-05,1,J B D,J,True,True,2.002696055569686e-05,-0.37109375,0.40827676653862,False,0.5247162580490112
train-016372-780dfa594c957f04,2,2,train,8650845720692489988,pointer,C,E,E,True,E,True,False,4.6491513785440475e-06,13.1875,13.1875,13.1875,7.046253898124874e-05,1,E A C,E,True,True,0.0001380348257953301,-0.400390625,0.4012185037136078,True,0.913249135017395
train-016372-780dfa594c957f04,2,3,train,8650845720692489988,pointer,C,S,,,E,False,True,,,-12.0625,8.3125,0.0035739703496335375,,S B D,S,,True,,-0.16015625,0.46004632115364075,,
train-016372-780dfa594c957f04,2,4,train,8650845720692489988,pointer,C,B,,,E,False,True,,,-9.625,5.3125,0.07964183383184188,,B S T,S,,False,,0.1904296875,0.5474640727043152,,
train-016372-780dfa594c957f04,2,5,train,8650845720692489988,pointer,C,T,,,E,False,True,,,-7.5625,3.25,0.373656993259337,,T B O,B,,False,,0.54296875,0.6325027346611023,,
train-016372-780dfa594c957f04,2,6,train,8650845720692489988,pointer,C,O,,,E,False,True,,,-7.6875,4.625,0.24206142652016757,,O T B,O,,True,,0.77734375,0.6851073503494263,,
train-016372-780dfa594c957f04,2,7,train,8650845720692489988,pointer,C,O,,,E,False,True,,,-3.3125,0.0,2.106394320657964,,O W B,O,,True,,1.0,0.7310585975646973,,
train-016372-780dfa594c957f04,2,8,train,8650845720692489988,pointer,C,T,,,E,False,True,,,-3.8125,0.5,2.055467044748498,,T O B,O,,False,,1.1875,0.7662936449050903,,
train-016372-780dfa594c957f04,2,9,train,8650845720692489988,pointer,C,O,,,E,False,True,,,-5.25,2.5625,1.0463553148477636,,O T B,O,,True,,1.265625,0.7799928784370422,,
train-016372-780dfa594c957f04,2,10,train,8650845720692489988,pointer,C,O,,,E,False,True,,,-3.125,0.1875,2.2136835773337946,,O W T,O,,True,,1.328125,0.7905303239822388,,
train-016372-780dfa594c957f04,2,11,train,8650845720692489988,pointer,C,T,,,E,False,True,,,-4.1875,0.8125,1.7850545199845245,,T O B,O,,False,,1.390625,0.8006919622421265,,
train-016372-780dfa594c957f04,2,12,train,8650845720692489988,pointer,C,O,,,E,False,True,,,-5.875,3.25,0.713247305930422,,O T Q,O,,True,,1.3671875,0.7969253659248352,,
train-001469-4d0859df4e005851,3,1,train,5550785356355360849,pointer,N,G,G,True,H,False,False,3.3378546504536644e-06,13.90625,-20.984375,13.90625,5.522556150598022e-05,1,G C F,G,True,True,3.2782016205601394e-05,-0.41015625,0.3988746404647827,False,0.5089517831802368
train-001469-4d0859df4e005851,3,2,train,5550785356355360849,pointer,N,R,R,True,H,False,False,6.6756979322235566e-06,13.375,-17.0,13.375,0.00010117176215329537,1,R M T,R,True,True,0.0016429034294560552,-0.451171875,0.3890821933746338,False,0.49279284477233887
train-001469-4d0859df4e005851,3,3,train,5550785356355360849,pointer,N,H,H,True,H,True,False,0.08758963644504547,2.8125,2.8125,2.8125,0.427118036404475,1,H R Y,H,True,True,0.5617356896400452,-0.06787109375,0.4830387234687805,True,0.7276583909988403
train-001469-4d0859df4e005851,3,4,train,5550785356355360849,pointer,N,V,,,H,False,True,,,-4.125,0.875,1.7441050310201587,,V Y X,Y,,False,,0.40625,0.6001883149147034,,
train-001469-4d0859df4e005851,3,5,train,5550785356355360849,pointer,N,P,,,H,False,True,,,-3.0,0.875,2.137308995682265,,P E X,P,,True,,0.734375,0.6757646203041077,,
train-001469-4d0859df4e005851,3,6,train,5550785356355360849,pointer,N,Y,,,H,False,True,,,-1.6875,1.0625,2.1409634303353426,,Y R H,Y,,True,,1.015625,0.7341195344924927,,
train-001469-4d0859df4e005851,3,7,train,5550785356355360849,pointer,N,V,,,H,False,True,,,-2.375,0.4375,2.6700878946348556,,V Y X,Y,,False,,1.203125,0.7690802216529846,,
train-001469-4d0859df4e005851,3,8,train,5550785356355360849,pointer,N,E,,,H,False,True,,,-2.625,0.4375,2.499531266109732,,E P M,P,,False,,1.28125,0.7826625108718872,,
train-001469-4d0859df4e005851,3,9,train,5550785356355360849,pointer,N,Y,,,H,False,True,,,-1.75,0.875,2.7940949451134625,,Y E P,Y,,True,,1.390625,0.8006919622421265,,
train-001469-4d0859df4e005851,3,10,train,5550785356355360849,pointer,N,Y,,,H,False,True,,,-1.5,1.3125,2.898244511252673,,Y U E,Y,,True,,1.484375,0.815232515335083,,
train-001469-4d0859df4e005851,3,11,train,5550785356355360849,pointer,N,Y,,,H,False,True,,,-1.5,1.25,2.986737904554677,,Y E U,Y,,True,,1.546875,0.8244618773460388,,
train-001469-4d0859df4e005851,3,12,train,5550785356355360849,pointer,N,Y,,,H,False,True,,,-1.5,0.9375,3.0096352049016875,,Y E P,Y,,True,,1.578125,0.8289388418197632,,
train-001308-035f69439b51029a,4,1,train,243028643990799002,pointer,K,A,A,True,A,True,False,2.9802276912960224e-06,13.71875,13.71875,13.71875,4.82240815589818e-05,1,A B P,A,True,True,3.802703940891661e-05,-0.392578125,0.4030968248844147,False,0.5160003900527954
train-001308-035f69439b51029a,4,2,train,243028643990799002,pointer,K,Q,Q,True,A,False,False,6.770858453819528e-05,9.625,-15.0,9.625,0.0007281074681899156,1,Q K A,Q,True,True,0.002172017004340887,-0.439453125,0.39187127351760864,False,0.4973686933517456
train-001308-035f69439b51029a,4,3,train,243028643990799002,pointer,K,K,K,True,A,False,False,0.0004586121649481356,9.4375,-9.9375,9.4375,0.0052358043479609085,1,K J Q,Q,False,False,2.564365863800049,-0.04833984375,0.487917423248291,False,0.669269323348999
train-001308-035f69439b51029a,4,4,train,243028643990799002,pointer,K,A,A,True,A,True,False,0.031502194702625275,4.75,4.75,4.75,0.21402893242693782,1,A K Q,K,False,False,4.173867225646973,0.298828125,0.5741560459136963,True,0.5548540949821472
train-001308-035f69439b51029a,4,5,train,243028643990799002,pointer,K,Q,,,A,False,True,,,-3.3125,3.3125,0.8738708221313701,,Q A K,Q,,True,,0.58984375,0.6433292627334595,,
train-001308-035f69439b51029a,4,6,train,243028643990799002,pointer,K,K,,,A,False,True,,,-5.6875,2.375,0.5667716614044005,,K Q J,Q,,False,,0.81640625,0.6934729218482971,,
train-001308-035f69439b51029a,4,7,train,243028643990799002,pointer,K,A,,,A,True,True,,,2.4375,2.4375,0.6741180208059363,,A K Q,K,,False,,0.92578125,0.7162185907363892,,
train-001308-035f69439b51029a,4,8,train,243028643990799002,pointer,K,Q,,,A,False,True,,,-2.5,2.5,1.2661050386598287,,Q A K,Q,,True,,1.0390625,0.7386690378189087,,
train-001308-035f69439b51029a,4,9,train,243028643990799002,pointer,K,K,,,A,False,True,,,-5.375,2.125,0.6752950349268002,,K Q J,Q,,False,,1.109375,0.7520126104354858,,
train-001308-035f69439b51029a,4,10,train,243028643990799002,pointer,K,A,,,A,True,True,,,2.1875,2.1875,0.7539768157089695,,A K Q,K,,False,,1.109375,0.7520126104354858,,
train-001308-035f69439b51029a,4,11,train,243028643990799002,pointer,K,Q,,,A,False,True,,,-2.4375,2.4375,1.2904264402714205,,Q A K,Q,,True,,1.15625,0.7606506943702698,,
train-001308-035f69439b51029a,4,12,train,243028643990799002,pointer,K,K,,,A,False,True,,,-5.3125,2.125,0.6890335562627944,,K Q J,Q,,False,,1.1875,0.7662936449050903,,
train-002830-3c02bf0b4b385ab8,5,1,train,4324228647456627384,pointer,D,I,I,True,T,False,False,4.0531076592742465e-06,13.75,-16.453125,13.75,6.222992630445804e-05,1,I M A,I,True,True,5.376194530981593e-05,-0.4375,0.3923368453979492,False,0.4981345534324646
train-002830-3c02bf0b4b385ab8,5,2,train,4324228647456627384,pointer,D,M,M,True,T,False,False,0.00011038171214750037,10.8125,-11.1875,10.8125,0.0014111355219090013,1,M C D,M,True,True,0.0002308817347511649,-0.51953125,0.3729618489742279,False,0.4667479395866394
train-002830-3c02bf0b4b385ab8,5,3,train,4324228647456627384,pointer,D,X,X,True,T,False,False,0.0026049036532640457,8.0625,-8.8125,8.0625,0.025851893055199856,1,X W Y,X,True,True,2.3310294151306152,-0.181640625,0.4547143280506134,False,0.6064453721046448
train-002830-3c02bf0b4b385ab8,5,4,train,4324228647456627384,pointer,D,W,W,True,T,False,False,0.13751214742660522,2.75,-2.75,2.75,0.6862776603850068,1,W T X,X,False,False,3.325770378112793,0.3046875,0.5755879878997803,False,0.8570506572723389
train-002830-3c02bf0b4b385ab8,5,5,train,4324228647456627384,pointer,D,T,T,True,T,True,False,0.30469509959220886,3.0,3.0,3.0,1.3271616538115725,1,T B C,T,True,True,1.006144404411316,0.625,0.6513549089431763,True,0.42870068550109863
train-002830-3c02bf0b4b385ab8,5,6,train,4324228647456627384,pointer,D,K,,,T,False,True,,,-1.625,1.0625,2.53402242092186,,K J L,K,,True,,0.92578125,0.7162185907363892,,
train-002830-3c02bf0b4b385ab8,5,7,train,4324228647456627384,pointer,D,L,,,T,False,True,,,-2.6875,1.5625,2.412214220808481,,L K J,K,,False,,1.1171875,0.7534666657447815,,
train-002830-3c02bf0b4b385ab8,5,8,train,4324228647456627384,pointer,D,D,,,T,False,True,,,-4.0625,0.8125,1.8719490650797297,,D L A,L,,False,,1.203125,0.7690802216529846,,
train-002830-3c02bf0b4b385ab8,5,9,train,4324228647456627384,pointer,D,I,,,T,False,True,,,-4.125,3.625,1.1835437284924422,,I D L,I,,True,,1.2890625,0.7839884757995605,,
train-002830-3c02bf0b4b385ab8,5,10,train,4324228647456627384,pointer,D,M,,,T,False,True,,,-4.625,1.1875,1.4283898630504683,,M I N,I,,False,,1.3125,0.7879312038421631,,
train-002830-3c02bf0b4b385ab8,5,11,train,4324228647456627384,pointer,D,X,,,T,False,True,,,-4.1875,1.25,1.347719272028014,,X M W,M,,False,,1.3125,0.7879312038421631,,
train-002830-3c02bf0b4b385ab8,5,12,train,4324228647456627384,pointer,D,W,,,T,False,True,,,-1.75,0.8125,2.0200555672182534,,W X T,X,,False,,1.3515625,0.7943849563598633,,
train-028436-0b0c4740a9c337c2,6,1,train,796089577189357506,pointer,T,G,G,True,M,False,False,2.9802276912960224e-06,14.21875,-18.5,14.21875,4.641335437394923e-05,1,G C F,G,True,True,0.00021884430316276848,-0.4453125,0.3904758393764496,False,0.49507665634155273
train-028436-0b0c4740a9c337c2,6,2,train,796089577189357506,pointer,T,B,B,True,M,False,False,4.410734163684538e-06,13.125,-17.625,13.125,6.772178811357081e-05,1,B C A,B,True,True,0.0014699617167934775,-0.439453125,0.39187127351760864,False,0.4973686933517456
train-028436-0b0c4740a9c337c2,6,3,train,796089577189357506,pointer,T,Q,Q,True,M,False,False,0.0009416675311513245,8.25,-10.25,8.25,0.010022730392128053,1,Q B K,B,False,False,2.112389326095581,-0.126953125,0.46830427646636963,False,0.631683886051178
train-028436-0b0c4740a9c337c2,6,4,train,796089577189357506,pointer,T,C,V,False,M,False,False,7.321688652038574,-7.25,-6.5625,4.25,0.42822710917843776,20,C K Q,Q,False,False,3.56730580329895,0.228515625,0.5568816065788269,False,0.8139182329177856
train-028436-0b0c4740a9c337c2,6,5,train,796089577189357506,pointer,T,C,O,False,M,False,False,7.893331527709961,-7.8125,-6.5,3.5,0.4528800426812103,25,C K Z,K,False,False,3.517711639404297,0.55078125,0.6343168616294861,False,1.0059880018234253
train-028436-0b0c4740a9c337c2,6,6,train,796089577189357506,pointer,T,C,M,False,M,False,False,6.255702495574951,-6.125,-6.125,3.0625,0.6400657204783154,14,C K Z,K,False,False,3.9047658443450928,0.7890625,0.6876299977302551,True,0.3745043873786926
train-028436-0b0c4740a9c337c2,6,7,train,796089577189357506,pointer,T,C,,,M,False,True,,,-5.8125,2.6875,0.7916818040225572,,C K Z,K,,False,,0.953125,0.7217432260513306,,
train-028436-0b0c4740a9c337c2,6,8,train,796089577189357506,pointer,T,C,,,M,False,True,,,-5.6875,2.5,0.8739506552259555,,C K Z,K,,False,,1.0625,0.7431680560112,,
train-028436-0b0c4740a9c337c2,6,9,train,796089577189357506,pointer,T,C,,,M,False,True,,,-5.625,2.4375,0.9020503738871355,,C K Z,K,,False,,1.1328125,0.7563575506210327,,
train-028436-0b0c4740a9c337c2,6,10,train,796089577189357506,pointer,T,C,,,M,False,True,,,-5.5,2.3125,0.9606908748167032,,C K Z,K,,False,,1.1796875,0.7648916244506836,,
train-028436-0b0c4740a9c337c2,6,11,train,796089577189357506,pointer,T,C,,,M,False,True,,,-5.5,2.3125,0.9622267480690745,,C K Z,K,,False,,1.2109375,0.7704647779464722,,
train-028436-0b0c4740a9c337c2,6,12,train,796089577189357506,pointer,T,C,,,M,False,True,,,-5.5,2.25,0.9860548927116933,,C K Z,K,,False,,1.234375,0.7745833992958069,,
train-031938-0b5b595e7a83e1a3,8,1,train,818346019615138211,pointer,Q,K,K,True,M,False,False,2.312633478140924e-05,12.53125,-13.546875,12.53125,0.0003290895044105149,1,K Q J,K,True,True,0.00011681827891152352,-0.412109375,0.39840641617774963,False,0.5081732273101807
train-031938-0b5b595e7a83e1a3,8,2,train,818346019615138211,pointer,Q,O,O,True,M,False,False,4.410734163684538e-06,13.0,-15.5,13.0,6.91957123290004e-05,1,O N A,O,True,True,0.00082923355512321,-0.466796875,0.38537469506263733,False,0.48674237728118896
train-031938-0b5b595e7a83e1a3,8,3,train,818346019615138211,pointer,Q,M,M,True,M,True,False,0.0014488924061879516,8.3125,8.3125,8.3125,0.015122186284644588,1,M P N,X,False,False,3.6448655128479004,-0.08544921875,0.47865068912506104,False,0.6513350009918213
train-031938-0b5b595e7a83e1a3,8,4,train,818346019615138211,pointer,Q,P,P,True,M,False,False,0.009115389548242092,5.0625,-5.0625,5.0625,0.06557860414169996,1,P M C,P,True,True,0.40204399824142456,0.197265625,0.5491570830345154,False,0.7966363430023193
train-031938-0b5b595e7a83e1a3,8,5,train,818346019615138211,pointer,Q,P,G,False,M,False,False,2.571010112762451,-2.3125,-2.875,2.3125,1.0351664800560947,2,P G M,O,False,False,3.4188942909240723,0.63671875,0.6540113687515259,False,1.0613492727279663
train-031938-0b5b595e7a83e1a3,8,6,train,818346019615138211,pointer,Q,K,K,True,M,False,False,0.3058420419692993,2.0625,-4.4375,2.0625,1.2482224351954805,1,K O Q,K,True,True,1.2922388315200806,0.9921875,0.729519784450531,False,1.3075562715530396
train-031938-0b5b595e7a83e1a3,8,7,train,818346019615138211,pointer,Q,Y,O,False,M,False,False,3.9378466606140137,-3.375,-3.1875,1.6875,1.7770818467744212,7,Y K X,K,False,False,3.1114282608032227,1.1640625,0.7620701193809509,False,1.4357792139053345
train-031938-0b5b595e7a83e1a3,8,8,train,818346019615138211,pointer,Q,N,M,False,M,False,False,4.297375202178955,-4.0,-4.0,2.25,1.2043761941320095,5,N O Y,N,False,True,3.464047908782959,1.15625,0.7606506943702698,True,0.2735810875892639
train-031938-0b5b595e7a83e1a3,8,9,train,818346019615138211,pointer,Q,Y,,,M,False,True,,,-3.4375,0.375,1.642442777831147,,Y N O,N,,False,,1.1640625,0.7620701193809509,,
train-031938-0b5b595e7a83e1a3,8,10,train,818346019615138211,pointer,Q,N,,,M,False,True,,,-4.375,2.1875,0.9897902828294003,,N Y O,N,,True,,1.2265625,0.7732163667678833,,
train-031938-0b5b595e7a83e1a3,8,11,train,818346019615138211,pointer,Q,Y,,,M,False,True,,,-3.3125,0.1875,1.6160137777837096,,Y N K,N,,False,,1.2109375,0.7704647779464722,,
train-031938-0b5b595e7a83e1a3,8,12,train,818346019615138211,pointer,Q,N,,,M,False,True,,,-4.5,2.1875,0.9665881253597324,,N O Y,N,,True,,1.2578125,0.7786493301391602,,
train-034333-6300b5d8654b6802,10,1,train,7133901750771869698,pointer,K,M,M,True,O,False,False,2.2411095415009186e-05,12.625,-12.71875,12.625,0.00032296986381280497,1,M C O,M,True,True,5.245195097813848e-06,-0.3828125,0.4054487347602844,False,0.5199483633041382
train-034333-6300b5d8654b6802,10,2,train,7133901750771869698,pointer,K,R,R,True,O,False,False,2.0265558760002023e-06,14.75,-19.90625,14.75,3.3438816878261615e-05,1,R C M,R,True,True,0.0007195267826318741,-0.41796875,0.3970029056072235,False,0.505842924118042
train-034333-6300b5d8654b6802,10,3,train,7133901750771869698,pointer,K,S,S,True,O,False,False,0.0022540895733982325,7.875,-11.0,7.875,0.022433479405874007,1,S Y R,C,False,False,3.5709164142608643,-0.11279296875,0.47183164954185486,False,0.6383401155471802
train-034333-6300b5d8654b6802,10,4,train,7133901750771869698,pointer,K,G,G,True,O,False,False,0.0659760981798172,4.125,-7.6875,4.125,0.40486453851722637,1,G S T,K,False,False,3.9715070724487305,0.28125,0.5698526501655579,False,0.8436274528503418
train-034333-6300b5d8654b6802,10,5,train,7133901750771869698,pointer,K,X,T,False,O,False,False,2.9435157775878906,-1.875,-4.125,0.25,1.9918848506293336,4,X W G,B,False,False,3.2968974113464355,0.66796875,0.6610482335090637,False,1.081897258758545
train-034333-6300b5d8654b6802,10,6,train,7133901750771869698,pointer,K,X,I,False,O,False,False,5.691946983337402,-5.5625,-5.9375,3.0,0.6640555274179278,8,X H W,X,False,True,4.295376777648926,0.9609375,0.7233095169067383,False,1.284855604171753
train-034333-6300b5d8654b6802,10,7,train,7133901750771869698,pointer,K,H,E,False,O,False,False,6.072439670562744,-5.4375,-4.375,0.5625,1.4640015794225252,24,H X F,H,False,True,3.8612730503082275,1.1171875,0.7534666657447815,False,1.4002580642700195
train-034333-6300b5d8654b6802,10,8,train,7133901750771869698,pointer,K,F,N,False,O,False,False,4.34696626663208,-3.5,-4.0,0.5625,2.064525193339747,11,F H T,H,False,False,3.1911184787750244,1.2109375,0.7704647779464722,False,1.4716987609863281
train-034333-6300b5d8654b6802,10,9,train,7133901750771869698,pointer,K,W,D,False,O,False,False,4.5056586265563965,-3.6875,-4.875,1.1875,2.113762521300896,13,W F X,F,False,False,3.3423519134521484,1.265625,0.7799928784370422,False,1.514095425605774
train-034333-6300b5d8654b6802,10,10,train,7133901750771869698,pointer,K,X,O,False,O,False,False,6.06324577331543,-5.9375,-5.9375,3.4375,0.6809260282442259,18,X H W,X,False,True,3.7142624855041504,1.3125,0.7879312038421631,True,0.23834450542926788
train-034333-6300b5d8654b6802,10,11,train,7133901750771869698,pointer,K,H,,,O,False,True,,,-4.4375,0.125,1.408650375320173,,H X F,X,,False,,1.3359375,0.7918210625648499,,
train-034333-6300b5d8654b6802,10,12,train,7133901750771869698,pointer,K,F,,,O,False,True,,,-3.875,0.25,2.0361049192659664,,F H T,H,,False,,1.328125,0.7905303239822388,,
train-029222-9b7ef553bedd9688,12,1,train,11204662662977656456,pointer,W,B,B,True,W,False,False,1.2159273865108844e-05,12.0625,-16.375,12.0625,0.0001639357154152257,1,B A C,B,True,True,0.00011085849109804258,-0.515625,0.37387579679489136,False,0.468206524848938
train-029222-9b7ef553bedd9688,12,2,train,11204662662977656456,pointer,W,V,V,True,W,False,False,1.764281842042692e-05,12.1875,-13.9375,12.1875,0.000253026342923773,1,V C X,V,True,True,0.002934675430878997,-0.435546875,0.39280253648757935,False,0.4989013075828552
train-029222-9b7ef553bedd9688,12,3,train,11204662662977656456,pointer,W,I,I,True,W,False,False,0.0009738231892697513,8.8125,-10.6875,8.8125,0.01057516369465357,1,I A T,V,False,False,2.944927930831909,-0.140625,0.4649015963077545,False,0.6253045797348022
train-029222-9b7ef553bedd9688,12,4,train,11204662662977656456,pointer,W,I,W,False,W,False,False,5.914926052093506,-5.875,-5.875,3.9375,0.2485153534479147,4,I Y X,Y,False,False,4.440159797668457,0.2890625,0.5717666149139404,False,0.8480868935585022
train-029222-9b7ef553bedd9688,12,5,train,11204662662977656456,pointer,W,J,B,False,W,False,False,4.815223217010498,-3.5625,-3.6875,0.0625,2.1544529221779314,14,J I F,F,False,False,4.219683647155762,0.65625,0.6584175229072571,False,1.0741660594940186
train-029222-9b7ef553bedd9688,12,6,train,11204662662977656456,pointer,W,K,V,False,W,False,False,5.728971004486084,-5.1875,-2.5625,2.5625,1.9316170286285745,26,K F W,K,False,True,5.048430442810059,0.9140625,0.7138307690620422,False,1.2511719465255737
train-029222-9b7ef553bedd9688,12,7,train,11204662662977656456,pointer,W,A,I,False,W,False,False,3.974801540374756,-3.3125,-4.9375,0.875,1.8242468572044026,6,A F G,F,False,False,3.910276174545288,1.1015625,0.7505527138710022,False,1.3885078430175781
train-029222-9b7ef553bedd9688,12,8,train,11204662662977656456,pointer,W,G,W,False,W,False,False,5.246967315673828,-5.125,-5.125,3.75,0.6875405759510127,8,G A I,G,False,True,4.006909370422363,1.21875,0.7718434929847717,False,1.477723479270935
train-029222-9b7ef553bedd9688,12,9,train,11204662662977656456,pointer,W,M,B,False,W,False,False,3.796006202697754,-2.625,-2.8125,0.875,2.5781912277194943,10,M G F,M,False,True,4.498431205749512,1.3203125,0.7892336845397949,False,1.5570052862167358
train-029222-9b7ef553bedd9688,12,10,train,11204662662977656456,pointer,W,H,V,False,W,False,False,3.4297094345092773,-2.625,-3.875,1.0625,2.2028468536324026,4,H M T,M,False,False,3.760824680328369,1.3203125,0.7892336845397949,False,1.5570052862167358
train-029222-9b7ef553bedd9688,12,11,train,11204662662977656456,pointer,W,Z,I,False,W,False,False,4.030920028686523,-2.875,-2.5,0.875,2.5998264853929447,17,Z H T,H,False,False,3.7776615619659424,1.3046875,0.7866228222846985,False,1.544693946838379
train-029222-9b7ef553bedd9688,12,12,train,11204662662977656456,pointer,W,S,W,False,W,False,False,3.2632179260253906,-1.375,-1.375,0.0625,2.9280425466610804,8,S B V,S,False,True,3.0952019691467285,1.3671875,0.7969253659248352,True,0.22699424624443054
train-023994-7b530fa831d97e35,1,1,train,8886463704797380149,pointer,G,Z,Z,True,Z,True,False,1.1444026313256472e-05,13.0,13.0,13.0,0.00016957081785756308,1,Z Q D,Z,True,True,8.22540732769994e-06,-0.1796875,0.45519864559173584,True,0.7870214581489563
train-023994-7b530fa831d97e35,1,2,train,8886463704797380149,pointer,G,O,,,Z,False,True,,,-15.09375,12.3125,0.00019396403706676966,,O A D,O,,True,,-0.267578125,0.4335017800331116,,
train-023994-7b530fa831d97e35,1,3,train,8886463704797380149,pointer,G,A,,,Z,False,True,,,-11.0,8.375,0.010816651048963271,,A B N,I,,False,,0.006561279296875,0.5016403198242188,,
train-023994-7b530fa831d97e35,1,4,train,8886463704797380149,pointer,G,T,,,Z,False,True,,,-10.0625,5.5625,0.0947194121318197,,T A N,T,,True,,0.294921875,0.5732006430625916,,
train-023994-7b530fa831d97e35,1,5,train,8886463704797380149,pointer,G,N,,,Z,False,True,,,-6.375,2.8125,0.6134122025838683,,N T F,T,,False,,0.58203125,0.6415346264839172,,
train-023994-7b530fa831d97e35,1,6,train,8886463704797380149,pointer,G,F,,,Z,False,True,,,-6.625,1.6875,1.2260305272751233,,F K N,K,,False,,0.82421875,0.6951311230659485,,
train-023994-7b530fa831d97e35,1,7,train,8886463704797380149,pointer,G,F,,,Z,False,True,,,-2.9375,0.0,2.637859804116419,,F K N,K,,False,,1.0703125,0.7446563243865967,,
train-023994-7b530fa831d97e35,1,8,train,8886463704797380149,pointer,G,A,,,Z,False,True,,,-5.4375,3.375,1.0947764321078763,,A T N,I,,False,,1.1953125,0.7676898241043091,,
train-023994-7b530fa831d97e35,1,9,train,8886463704797380149,pointer,G,T,,,Z,False,True,,,-6.75,3.1875,0.7002327130642261,,T A N,T,,True,,1.234375,0.7745833992958069,,
train-023994-7b530fa831d97e35,1,10,train,8886463704797380149,pointer,G,N,,,Z,False,True,,,-4.8125,1.8125,1.3942665019701541,,N T F,T,,False,,1.2578125,0.7786493301391602,,
train-023994-7b530fa831d97e35,1,11,train,8886463704797380149,pointer,G,F,,,Z,False,True,,,-5.25,0.75,1.8526643750414136,,F K N,K,,False,,1.3125,0.7879312038421631,,
train-023994-7b530fa831d97e35,1,12,train,8886463704797380149,pointer,G,F,,,Z,False,True,,,-2.625,0.125,2.7722055944020094,,F K N,K,,False,,1.390625,0.8006919622421265,,
train-020791-96695dc76ed46aeb,2,1,train,10838297089383099115,pointer,E,W,W,True,V,False,False,9.536697689327411e-06,12.4375,-12.4375,12.4375,0.0001401439056332255,1,W V A,W,True,True,6.782778655178845e-05,-0.41015625,0.3988746404647827,False,0.5089517831802368
train-020791-96695dc76ed46aeb,2,2,train,10838297089383099115,pointer,E,V,V,True,V,True,False,2.264974000354414e-06,14.25,14.25,14.25,3.61211254621447e-05,1,V C D,V,True,True,0.0005540504935197532,-0.400390625,0.4012185037136078,True,0.913249135017395
train-020791-96695dc76ed46aeb,2,3,train,10838297089383099115,pointer,E,H,,,V,False,True,,,-12.875,10.3125,0.002777975920400412,,H C L,V,,False,,-0.02685546875,0.4932865500450134,,
train-020791-96695dc76ed46aeb,2,4,train,10838297089383099115,pointer,E,C,,,V,False,True,,,-10.125,6.3125,0.07677672644614944,,C D S,C,,True,,0.365234375,0.5903069376945496,,
train-020791-96695dc76ed46aeb,2,5,train,10838297089383099115,pointer,E,X,,,V,False,True,,,-3.5,0.5,2.5848788872726836,,X C O,X,,True,,0.77734375,0.6851073503494263,,
train-020791-96695dc76ed46aeb,2,6,train,10838297089383099115,pointer,E,L,,,V,False,True,,,-5.625,2.0625,1.53781016973816,,L Q D,D,,False,,1.0,0.7310585975646973,,
train-020791-96695dc76ed46aeb,2,7,train,10838297089383099115,pointer,E,Q,,,V,False,True,,,-6.25,2.125,0.9905975073791277,,Q X L,Q,,True,,1.109375,0.7520126104354858,,
train-020791-96695dc76ed46aeb,2,8,train,10838297089383099115,pointer,E,X,,,V,False,True,,,-6.0625,2.5625,1.0825272559069832,,X Q D,X,,True,,1.25,0.7772998809814453,,
train-020791-96695dc76ed46aeb,2,9,train,10838297089383099115,pointer,E,X,,,V,False,True,,,-3.3125,1.6875,2.699075555301224,,X T D,X,,True,,1.3359375,0.7918210625648499,,
train-020791-96695dc76ed46aeb,2,10,train,10838297089383099115,pointer,E,L,,,V,False,True,,,-3.375,0.25,2.6578350682747303,,L X Q,D,,False,,1.3984375,0.8019358515739441,,
train-020791-96695dc76ed46aeb,2,11,train,10838297089383099115,pointer,E,Q,,,V,False,True,,,-4.4375,0.1875,2.0199306559304993,,Q X L,X,,False,,1.421875,0.8056321740150452,,
train-020791-96695dc76ed46aeb,2,12,train,10838297089383099115,pointer,E,X,,,V,False,True,,,-4.875,2.0,1.9148342115268309,,X Q B,X,,True,,1.46875,0.8128673434257507,,
train-003971-c5f6362c2374a558,3,1,train,14264648432943932760,pointer,T,N,N,True,N,True,False,1.6569954823353328e-05,12.1875,12.1875,12.1875,0.00023420011400950735,1,N M Q,N,True,True,5.9602869441732764e-05,-0.373046875,0.40780502557754517,False,0.5239193439483643
train-003971-c5f6362c2374a558,3,2,train,14264648432943932760,pointer,T,T,T,True,N,False,False,1.1324817933200393e-05,11.875,-11.875,11.875,0.0001598286210561869,1,T N D,T,True,True,0.0006123098428361118,-0.4140625,0.3979383707046509,False,0.5073955655097961
train-003971-c5f6362c2374a558,3,3,train,14264648432943932760,pointer,T,N,N,True,N,True,False,0.00024530262453481555,10.125,10.125,10.125,0.0029528458479715063,1,N M Z,Z,False,False,2.7898309230804443,-0.091796875,0.47706684470176697,True,0.7400985956192017
train-003971-c5f6362c2374a558,3,4,train,14264648432943932760,pointer,T,T,,,N,False,True,,,-0.5,0.5,0.7299659120719711,,T N B,N,,False,,0.287109375,0.5712883472442627,,
train-003971-c5f6362c2374a558,3,5,train,14264648432943932760,pointer,T,N,,,N,True,True,,,4.1875,4.1875,0.19309367295922494,,N T Z,T,,False,,0.640625,0.6548947095870972,,
train-003971-c5f6362c2374a558,3,6,train,14264648432943932760,pointer,T,T,,,N,False,True,,,-0.125,0.125,0.8348729468253574,,T N Z,N,,False,,0.875,0.7057850360870361,,
train-003971-c5f6362c2374a558,3,7,train,14264648432943932760,pointer,T,N,,,N,True,True,,,3.625,3.625,0.2845795448764874,,N T Z,T,,False,,1.046875,0.740174412727356,,
train-003971-c5f6362c2374a558,3,8,train,14264648432943932760,pointer,T,N,,,N,True,True,,,0.0,0.0,0.8626735755166884,,N T Z,N,,True,,1.140625,0.7577943801879883,,
train-003971-c5f6362c2374a558,3,9,train,14264648432943932760,pointer,T,N,,,N,True,True,,,3.4375,3.4375,0.3188681970147007,,N T Z,T,,False,,1.21875,0.7718434929847717,,
train-003971-c5f6362c2374a558,3,10,train,14264648432943932760,pointer,T,N,,,N,True,True,,,0.0,0.0,0.8626165574363021,,N T Z,N,,True,,1.25,0.7772998809814453,,
train-003971-c5f6362c2374a558,3,11,train,14264648432943932760,pointer,T,N,,,N,True,True,,,3.375,3.375,0.3280675818499768,,N T Z,T,,False,,1.2890625,0.7839884757995605,,
train-003971-c5f6362c2374a558,3,12,train,14264648432943932760,pointer,T,N,,,N,True,True,,,0.0,0.0,0.8638433070707133,,N T Z,N,,True,,1.296875,0.7853085398674011,,
train-005709-276642cdfa2b90a2,4,1,train,2839030067536564386,pointer,I,G,G,True,L,False,False,3.4570634852570947e-06,14.28125,-16.125,14.28125,5.545925280129647e-05,1,G C J,G,True,True,3.0874729418428615e-05,-0.41015625,0.3988746404647827,False,0.5089517831802368
train-005709-276642cdfa2b90a2,4,2,train,2839030067536564386,pointer,I,O,O,True,L,False,False,7.390948667307384e-06,13.0,-16.4375,13.0,0.00011161256866903706,1,O A D,O,True,True,0.0002849888114724308,-0.4140625,0.3979383707046509,False,0.5073955655097961
train-005709-276642cdfa2b90a2,4,3,train,2839030067536564386,pointer,I,C,C,True,L,False,False,0.0006366133457049727,9.25,-11.0625,9.25,0.007148025683149469,1,C Z S,X,False,False,3.0332298278808594,-0.0859375,0.47852879762649536,False,0.651101291179657
train-005709-276642cdfa2b90a2,4,4,train,2839030067536564386,pointer,I,L,L,True,L,True,False,0.011471030302345753,5.1875,5.1875,5.1875,0.08697272497175561,1,L C D,C,False,False,3.963019847869873,0.32421875,0.5803520083427429,True,0.5441204309463501
train-005709-276642cdfa2b90a2,4,5,train,2839030067536564386,pointer,I,K,,,L,False,True,,,-1.0,0.375,2.423204637209378,,K M P,K,,True,,0.69140625,0.666279673576355,,
train-005709-276642cdfa2b90a2,4,6,train,2839030067536564386,pointer,I,C,,,L,False,True,,,-4.25,3.125,0.926346501439375,,C P Z,K,,False,,0.9375,0.7185943722724915,,
train-005709-276642cdfa2b90a2,4,7,train,2839030067536564386,pointer,I,L,,,L,True,True,,,2.5,2.5,0.6012138801586302,,L C M,C,,False,,1.1484375,0.7592254281044006,,
train-005709-276642cdfa2b90a2,4,8,train,2839030067536564386,pointer,I,L,,,L,True,True,,,1.0625,1.0625,2.2078772975024696,,L M O,L,,True,,1.296875,0.7853085398674011,,
train-005709-276642cdfa2b90a2,4,9,train,2839030067536564386,pointer,I,C,,,L,False,True,,,-0.75,0.125,2.6512117476233694,,C K L,K,,False,,1.4453125,0.8092759251594543,,
train-005709-276642cdfa2b90a2,4,10,train,2839030067536564386,pointer,I,L,,,L,True,True,,,1.125,1.125,2.0962484951927096,,L C K,K,,False,,1.5,0.8175744414329529,,
train-005709-276642cdfa2b90a2,4,11,train,2839030067536564386,pointer,I,L,,,L,True,True,,,1.5,1.5,1.6142652682370353,,L W C,L,,True,,1.546875,0.8244618773460388,,
train-005709-276642cdfa2b90a2,4,12,train,2839030067536564386,pointer,I,R,,,L,False,True,,,-1.125,0.5,2.443807477260214,,R W N,W,,False,,1.5546875,0.8255897164344788,,
train-023377-86e7f9e2cbcec1d3,5,1,train,9721013073179754963,pointer,J,C,C,True,K,False,False,6.83045873302035e-05,10.5625,-14.09375,10.5625,0.0008521911424949658,1,C A D,C,True,True,7.462222856702283e-05,-0.365234375,0.40969306230545044,False,0.527112603187561
train-023377-86e7f9e2cbcec1d3,5,2,train,9721013073179754963,pointer,J,Q,Q,True,K,False,False,0.0005604841862805188,7.5,-7.5,7.5,0.004811619125601363,1,Q K C,Q,True,True,0.005397983361035585,-0.419921875,0.3965354859828949,False,0.5050680041313171
train-023377-86e7f9e2cbcec1d3,5,3,train,9721013073179754963,pointer,J,K,K,True,K,True,False,0.00027307120035402477,10.375,10.375,10.375,0.0033394509353466945,1,K Q M,Q,False,False,2.6655352115631104,-0.041259765625,0.489686518907547,False,0.6727300882339478
train-023377-86e7f9e2cbcec1d3,5,4,train,9721013073179754963,pointer,J,K,K,True,K,True,False,0.00719409016892314,6.4375,6.4375,6.4375,0.06190733138990359,1,K Q C,K,True,True,0.45473286509513855,0.3203125,0.5794004201889038,False,0.8660739660263062
train-023377-86e7f9e2cbcec1d3,5,5,train,9721013073179754963,pointer,J,K,K,True,K,True,False,0.028883451595902443,5.25,5.25,5.25,0.2069396337052466,1,K Q L,K,True,True,0.5671064257621765,0.65625,0.6584175229072571,True,0.41791605949401855
train-023377-86e7f9e2cbcec1d3,5,6,train,9721013073179754963,pointer,J,K,,,K,True,True,,,4.75,4.75,0.250885905622134,,K L Q,K,,True,,0.91015625,0.7130321860313416,,
train-023377-86e7f9e2cbcec1d3,5,7,train,9721013073179754963,pointer,J,K,,,K,True,True,,,4.4375,4.4375,0.29182209499079986,,K L Q,K,,True,,1.078125,0.7461389899253845,,
train-023377-86e7f9e2cbcec1d3,5,8,train,9721013073179754963,pointer,J,K,,,K,True,True,,,4.3125,4.3125,0.31516996242283546,,K L C,K,,True,,1.1875,0.7662936449050903,,
train-023377-86e7f9e2cbcec1d3,5,9,train,9721013073179754963,pointer,J,K,,,K,True,True,,,4.25,4.25,0.31988554210071213,,K L C,K,,True,,1.265625,0.7799928784370422,,
train-023377-86e7f9e2cbcec1d3,5,10,train,9721013073179754963,pointer,J,K,,,K,True,True,,,4.1875,4.1875,0.33206908568225635,,K L C,K,,True,,1.3046875,0.7866228222846985,,
train-023377-86e7f9e2cbcec1d3,5,11,train,9721013073179754963,pointer,J,K,,,K,True,True,,,4.1875,4.1875,0.33165306352947443,,K L C,K,,True,,1.3359375,0.7918210625648499,,
train-023377-86e7f9e2cbcec1d3,5,12,train,9721013073179754963,pointer,J,K,,,K,True,True,,,4.1875,4.1875,0.3286796753056689,,K L C,K,,True,,1.3515625,0.7943849563598633,,
train-008492-240e76925130107c,6,1,train,2598144405838762108,pointer,D,I,I,True,Y,False,False,6.198863957251888e-06,13.46875,-18.98828125,13.46875,9.47914504093804e-05,1,I A M,I,True,True,0.0001419681793777272,-0.41796875,0.3970029056072235,False,0.505842924118042
train-008492-240e76925130107c,6,2,train,2598144405838762108,pointer,D,G,G,True,Y,False,False,6.198863957251888e-06,12.5625,-18.5625,12.5625,9.14002090303591e-05,1,G C D,G,True,True,0.001396753010340035,-0.458984375,0.38722676038742065,False,0.4897603988647461
train-008492-240e76925130107c,6,3,train,2598144405838762108,pointer,D,X,X,True,Y,False,False,0.0006275591440498829,9.0625,-10.5625,9.0625,0.007018283898940137,1,X R S,X,True,True,0.5711731910705566,-0.126953125,0.46830427646636963,False,0.631683886051178
train-008492-240e76925130107c,6,4,train,2598144405838762108,pointer,D,R,R,True,Y,False,False,1.0509696006774902,0.1875,-3.1875,0.1875,2.149318914549203,1,R X J,X,False,False,3.009685516357422,0.388671875,0.5959629416465759,False,0.9062486886978149
train-008492-240e76925130107c,6,5,train,2598144405838762108,pointer,D,H,K,False,Y,False,False,3.2247605323791504,-2.1875,-3.875,1.5,2.544753052450411,8,H Q A,F,False,False,3.441932201385498,0.65625,0.6584175229072571,False,1.0741660594940186
train-008492-240e76925130107c,6,6,train,2598144405838762108,pointer,D,C,Y,False,Y,False,False,6.41206693649292,-6.125,-6.125,2.125,1.1882804536044214,25,C S H,S,False,False,4.118165016174316,0.94921875,0.7209580540657043,True,0.3271743655204773
train-008492-240e76925130107c,6,7,train,2598144405838762108,pointer,D,M,,,Y,False,True,,,-5.125,2.5625,1.7336535270447262,,M C D,M,,True,,1.15625,0.7606506943702698,,
train-008492-240e76925130107c,6,8,train,2598144405838762108,pointer,D,D,,,Y,False,True,,,-6.375,1.6875,1.2990655142989216,,D M R,M,,False,,1.1796875,0.7648916244506836,,
train-008492-240e76925130107c,6,9,train,2598144405838762108,pointer,D,I,,,Y,False,True,,,-5.625,3.5625,0.8654690871553297,,I X D,D,,False,,1.2265625,0.7732163667678833,,
train-008492-240e76925130107c,6,10,train,2598144405838762108,pointer,D,G,,,Y,False,True,,,-3.9375,1.6875,1.8430104420150952,,G I X,G,,True,,1.2109375,0.7704647779464722,,
train-008492-240e76925130107c,6,11,train,2598144405838762108,pointer,D,X,,,Y,False,True,,,-3.3125,1.5,1.9010116860114379,,X G R,G,,False,,1.265625,0.7799928784370422,,
train-008492-240e76925130107c,6,12,train,2598144405838762108,pointer,D,X,,,Y,False,True,,,-2.6875,0.3125,2.3430289697990836,,X R J,X,,True,,1.3125,0.7879312038421631,,
train-020229-7c9aa3f3c6e63bb1,8,1,train,8978669074525862833,pointer,X,K,K,True,J,False,False,8.940656698541716e-06,12.96875,-13.65625,12.96875,0.00013459033132274135,1,K R H,K,True,True,9.810443589231e-05,-0.408203125,0.3993430435657501,False,0.5097313523292542
train-020229-7c9aa3f3c6e63bb1,8,2,train,8978669074525862833,pointer,X,W,W,True,J,False,False,8.940656698541716e-06,13.0,-16.6875,13.0,0.00013611827450898183,1,W X Y,W,True,True,0.003536282340064645,-0.419921875,0.3965354859828949,False,0.5050680041313171
train-020229-7c9aa3f3c6e63bb1,8,3,train,8978669074525862833,pointer,X,R,R,True,J,False,False,0.006444268394261599,5.75,-9.375,5.75,0.05207250331102517,1,R D L,R,True,True,0.2676100432872772,-0.1591796875,0.4602888524532318,False,0.6167212724685669
train-020229-7c9aa3f3c6e63bb1,8,4,train,8978669074525862833,pointer,X,R,M,False,J,False,False,4.885450839996338,-4.3125,-2.4375,0.75,1.4266225654140832,9,R D J,R,False,True,3.853538990020752,0.294921875,0.5732006430625916,False,0.8514412641525269
train-020229-7c9aa3f3c6e63bb1,8,5,train,8978669074525862833,pointer,X,Q,Q,True,J,False,False,0.8880678415298462,0.5625,-0.5625,0.5625,2.084327945527509,1,Q J B,J,False,False,3.2075395584106445,0.6953125,0.6671476364135742,False,1.1000564098358154
train-020229-7c9aa3f3c6e63bb1,8,6,train,8978669074525862833,pointer,X,J,Y,False,J,True,False,3.731117010116577,-2.4375,0.3125,0.3125,2.600311531214806,8,J Q B,J,False,True,3.4848806858062744,0.9765625,0.7264255881309509,False,1.2961816787719727
train-020229-7c9aa3f3c6e63bb1,8,7,train,8978669074525862833,pointer,X,Q,D,False,J,False,False,3.8154640197753906,-2.6875,-2.1875,0.3125,2.345983150992806,6,Q M C,C,False,False,3.3663296699523926,1.21875,0.7718434929847717,False,1.477723479270935
train-020229-7c9aa3f3c6e63bb1,8,8,train,8978669074525862833,pointer,X,M,J,False,J,False,False,3.1858835220336914,-1.5625,-1.5625,0.375,2.8419158708171515,6,M P Q,J,True,False,2.6338720321655273,1.3359375,0.7918210625648499,True,0.23341983556747437
train-020229-7c9aa3f3c6e63bb1,8,9,train,8978669074525862833,pointer,X,Q,,,J,False,True,,,-4.75,1.375,1.753105723963397,,Q M X,X,,False,,1.390625,0.8006919622421265,,
train-020229-7c9aa3f3c6e63bb1,8,10,train,8978669074525862833,pointer,X,X,,,J,False,True,,,-3.9375,0.875,2.0142079177329246,,X K Y,X,,True,,1.3828125,0.7994422912597656,,
train-020229-7c9aa3f3c6e63bb1,8,11,train,8978669074525862833,pointer,X,W,,,J,False,True,,,-4.3125,1.5625,2.108487830867173,,W K A,A,,False,,1.359375,0.7956580519676208,,
train-020229-7c9aa3f3c6e63bb1,8,12,train,8978669074525862833,pointer,X,D,,,J,False,True,,,-2.125,0.1875,1.9802361922673097,,D R J,R,,False,,1.390625,0.8006919622421265,,
train-014821-3183b84ebac7680b,10,1,train,3567897978088155147,pointer,K,S,S,True,L,False,False,1.1920858014491387e-05,12.46875,-16.265625,12.46875,0.00017610545166053755,1,S R T,S,True,True,6.139089964563027e-05,-0.384765625,0.40497803688049316,False,0.5191568732261658
train-014821-3183b84ebac7680b,10,2,train,3567897978088155147,pointer,K,H,H,True,L,False,False,1.6927575416048057e-05,12.6875,-12.6875,12.6875,0.00024657427449372376,1,H L M,H,True,True,0.0009334497735835612,-0.36328125,0.4101654887199402,False,0.5279132723808289
train-014821-3183b84ebac7680b,10,3,train,3567897978088155147,pointer,K,V,V,True,L,False,False,0.0038608787581324577,6.6875,-8.375,6.6875,0.03519949599760407,1,V R H,H,False,False,3.653414249420166,-0.024169921875,0.4939578175544739,False,0.6811352372169495
train-014821-3183b84ebac7680b,10,4,train,3567897978088155147,pointer,K,R,R,True,L,False,False,0.009028680622577667,6.4375,-7.4375,6.4375,0.07726555445853514,1,R V S,R,True,True,1.1462817192077637,0.390625,0.596433162689209,False,0.907413125038147
train-014821-3183b84ebac7680b,10,5,train,3567897978088155147,pointer,K,B,B,True,L,False,False,0.14909112453460693,2.875,-5.6875,2.875,0.7444689795102178,1,B R Q,R,False,False,2.978692054748535,0.72265625,0.6731916666030884,False,1.1183815002441406
train-014821-3183b84ebac7680b,10,6,train,3567897978088155147,pointer,K,N,E,False,L,False,False,1.8665953874588013,-1.4375,-4.8125,1.4375,1.4665011134570383,2,N E A,E,True,False,1.1705400943756104,0.9296875,0.7170118689537048,False,1.26235032081604
train-014821-3183b84ebac7680b,10,7,train,3567897978088155147,pointer,K,M,O,False,L,False,False,5.221826553344727,-4.8125,-4.125,1.4375,1.4151047093320497,16,M N S,N,False,False,4.023830413818359,1.0234375,0.735641598701477,False,1.3304497003555298
train-014821-3183b84ebac7680b,10,8,train,3567897978088155147,pointer,K,W,Z,False,L,False,False,4.607145309448242,-3.875,-3.1875,0.625,1.8504724464020976,15,W M S,M,False,False,4.558443069458008,1.1015625,0.7505527138710022,False,1.3885078430175781
train-014821-3183b84ebac7680b,10,9,train,3567897978088155147,pointer,K,J,P,False,L,False,False,4.5434956550598145,-3.875,-3.625,2.1875,2.1928386578167576,22,J B N,J,False,True,4.320412635803223,1.2109375,0.7704647779464722,False,1.4716987609863281
train-014821-3183b84ebac7680b,10,10,train,3567897978088155147,pointer,K,V,L,False,L,False,False,3.774590492248535,-3.125,-3.125,1.1875,1.8328228938150166,4,V H R,H,False,False,3.4020586013793945,1.265625,0.7799928784370422,True,0.2484704554080963
train-014821-3183b84ebac7680b,10,11,train,3567897978088155147,pointer,K,R,,,L,False,True,,,-4.625,2.1875,0.9917440785638784,,R V Z,R,,True,,1.3515625,0.7943849563598633,,
train-014821-3183b84ebac7680b,10,12,train,3567897978088155147,pointer,K,B,,,L,False,True,,,-4.4375,1.25,1.449369715051139,,B R C,R,,False,,1.3828125,0.7994422912597656,,
train-010574-c0bb923f113f8b6c,12,1,train,13887854675497028460,pointer,G,Z,Z,True,D,False,False,1.07287787614041e-05,13.25,-13.25,13.25,0.00015923352874874859,1,Z D Q,Z,True,True,1.0251946150674485e-05,-0.416015625,0.3974705636501312,False,0.5066187977790833
train-010574-c0bb923f113f8b6c,12,2,train,13887854675497028460,pointer,G,L,L,True,D,False,False,9.894321920000948e-06,12.625,-14.125,12.625,0.00014670293083091158,1,L C I,L,True,True,0.0003103728231508285,-0.447265625,0.3900110721588135,False,0.4943144917488098
train-010574-c0bb923f113f8b6c,12,3,train,13887854675497028460,pointer,G,U,U,True,D,False,False,0.0003951007383875549,10.0,-10.375,10.0,0.0046560248648728686,1,U P T,U,True,True,0.22126504778862,-0.1796875,0.45519864559173584,False,0.6073339581489563
train-010574-c0bb923f113f8b6c,12,4,train,13887854675497028460,pointer,G,H,H,True,D,False,False,0.01791791059076786,4.375,-8.3125,4.375,0.11649001352607964,1,H U P,U,False,False,4.262383937835693,0.197265625,0.5491570830345154,False,0.7966363430023193
train-010574-c0bb923f113f8b6c,12,5,train,13887854675497028460,pointer,G,P,P,True,D,False,False,0.03906259685754776,4.875,-7.0625,4.875,0.27435646634187444,1,P U H,P,True,True,1.2462172508239746,0.55078125,0.6343168616294861,False,1.0059880018234253
train-010574-c0bb923f113f8b6c,12,6,train,13887854675497028460,pointer,G,F,X,False,D,False,False,5.3300909996032715,-5.0625,-4.6875,2.6875,1.2141022479563734,19,F K P,K,False,False,3.325512647628784,0.80859375,0.6918097138404846,False,1.1770379543304443
train-010574-c0bb923f113f8b6c,12,7,train,13887854675497028460,pointer,G,A,J,False,D,False,False,4.934913635253906,-4.75,-4.4375,3.75,0.9644094142001651,11,A P F,A,False,True,3.4173645973205566,1.0078125,0.7325918078422546,False,1.318979024887085
train-010574-c0bb923f113f8b6c,12,8,train,13887854675497028460,pointer,G,Q,O,False,D,False,False,5.142487525939941,-4.75,-4.0625,2.375,1.582848273141849,22,Q A K,Q,False,True,3.581221103668213,1.140625,0.7577943801879883,False,1.4179682731628418
train-010574-c0bb923f113f8b6c,12,9,train,13887854675497028460,pointer,G,B,M,False,D,False,False,5.6819257736206055,-5.375,-5.3125,1.5625,1.0822621069022185,14,B Q N,Q,False,False,3.9932241439819336,1.1640625,0.7620701193809509,False,1.4357792139053345
train-010574-c0bb923f113f8b6c,12,10,train,13887854675497028460,pointer,G,N,C,False,D,False,False,5.02827787399292,-4.8125,-5.3125,1.9375,0.8438899094105131,5,N B T,B,False,False,3.4594035148620605,1.1328125,0.7563575506210327,False,1.4120535850524902
train-010574-c0bb923f113f8b6c,12,11,train,13887854675497028460,pointer,G,T,S,False,D,False,False,4.986667156219482,-4.75,-4.8125,1.8125,0.8949063249280627,6,T N M,N,False,False,3.610347032546997,1.1171875,0.7534666657447815,False,1.4002580642700195
train-010574-c0bb923f113f8b6c,12,12,train,13887854675497028460,pointer,G,W,D,False,D,False,False,4.748579502105713,-4.5,-4.5,3.1875,1.1615675472868194,10,W S T,W,False,True,3.801400661468506,1.1953125,0.7676898241043091,True,0.2643694579601288
train-002061-c2d311c993169188,1,1,train,14038584020897796488,pointer,U,B,B,True,B,True,False,1.811964830267243e-05,11.3125,11.3125,11.3125,0.00023757273696634463,1,B C A,B,True,True,8.248942322097719e-05,-0.251953125,0.4373428225517273,True,0.8270379304885864
train-002061-c2d311c993169188,1,2,train,14038584020897796488,pointer,U,K,,,B,False,True,,,-13.5,13.25,0.00016997660648979194,,K Q D,K,,True,,-0.2734375,0.43206343054771423,,
train-002061-c2d311c993169188,1,3,train,14038584020897796488,pointer,U,X,,,B,False,True,,,-10.8125,5.1875,0.03886026846763339,,X K A,X,,True,,-0.040771484375,0.4898085296154022,,
train-002061-c2d311c993169188,1,4,train,14038584020897796488,pointer,U,X,,,B,False,True,,,-6.4375,1.3125,0.620105446544146,,X A K,A,,False,,0.314453125,0.5779718160629272,,
train-002061-c2d311c993169188,1,5,train,14038584020897796488,pointer,U,A,,,B,False,True,,,-5.0625,2.6875,0.5856347021455789,,A X F,A,,True,,0.60546875,0.6469064354896545,,
train-002061-c2d311c993169188,1,6,train,14038584020897796488,pointer,U,F,,,B,False,True,,,-3.625,1.4375,1.2771637104279674,,F A K,A,,False,,0.78125,0.6859495043754578,,
train-002061-c2d311c993169188,1,7,train,14038584020897796488,pointer,U,M,,,B,False,True,,,-4.4375,2.5625,1.503143312152445,,M Z A,A,,False,,0.91015625,0.7130321860313416,,
train-002061-c2d311c993169188,1,8,train,14038584020897796488,pointer,U,Y,,,B,False,True,,,-5.125,3.625,0.8056288087855982,,Y G D,Y,,True,,1.0546875,0.74167400598526,,
train-002061-c2d311c993169188,1,9,train,14038584020897796488,pointer,U,X,,,B,False,True,,,-2.9375,0.75,2.0519893778531917,,X A G,G,,False,,1.21875,0.7718434929847717,,
train-002061-c2d311c993169188,1,10,train,14038584020897796488,pointer,U,F,,,B,False,True,,,-3.0625,1.125,1.676744563170235,,F A K,A,,False,,1.2421875,0.7759445905685425,,
train-002061-c2d311c993169188,1,11,train,14038584020897796488,pointer,U,M,,,B,False,True,,,-4.25,2.0625,1.6951963130357328,,M F Z,F,,False,,1.234375,0.7745833992958069,,
train-002061-c2d311c993169188,1,12,train,14038584020897796488,pointer,U,Y,,,B,False,True,,,-4.9375,3.5625,0.9092785111561866,,Y G D,Y,,True,,1.2734375,0.7813306450843811,,
train-021745-58b55edc60d51af4,2,1,train,6392119546732681972,pointer,V,Z,Z,True,T,False,False,4.6491513785440475e-06,13.3125,-18.1875,13.3125,7.120092615645958e-05,1,Z A Q,Z,True,True,1.7762025890988298e-05,-0.3515625,0.4130035638809204,False,0.5327365398406982
train-021745-58b55edc60d51af4,2,2,train,6392119546732681972,pointer,V,T,T,True,T,True,False,6.794906312279636e-06,13.5,13.5,13.5,0.00010588517688725767,1,T B C,T,True,True,0.0004690977220889181,-0.359375,0.41111087799072266,True,0.8888923525810242
train-021745-58b55edc60d51af4,2,3,train,6392119546732681972,pointer,V,B,,,T,False,True,,,-9.125,6.8125,0.02148686152128116,,B C D,O,,False,,-0.0791015625,0.48023492097854614,,
train-021745-58b55edc60d51af4,2,4,train,6392119546732681972,pointer,V,H,,,T,False,True,,,-7.1875,6.0,0.16472966346861476,,H B L,H,,True,,0.337890625,0.5836780667304993,,
train-021745-58b55edc60d51af4,2,5,train,6392119546732681972,pointer,V,H,,,T,False,True,,,-1.875,0.5,2.3286106309547976,,H B T,H,,True,,0.72265625,0.6731916666030884,,
train-021745-58b55edc60d51af4,2,6,train,6392119546732681972,pointer,V,A,,,T,False,True,,,-5.625,2.0625,0.9985645040475901,,A O B,O,,False,,0.94140625,0.7193835973739624,,
train-021745-58b55edc60d51af4,2,7,train,6392119546732681972,pointer,V,K,,,T,False,True,,,-5.125,2.875,1.2059469297685779,,K H B,K,,True,,1.0625,0.7431680560112,,
train-021745-58b55edc60d51af4,2,8,train,6392119546732681972,pointer,V,C,,,T,False,True,,,-1.5625,0.0625,2.8734784962862743,,C H B,C,,True,,1.2265625,0.7732163667678833,,
train-021745-58b55edc60d51af4,2,9,train,6392119546732681972,pointer,V,C,,,T,False,True,,,-2.0625,0.125,2.543009667769851,,C B D,C,,True,,1.359375,0.7956580519676208,,
train-021745-58b55edc60d51af4,2,10,train,6392119546732681972,pointer,V,D,,,T,False,True,,,-1.625,0.4375,3.0380444024394144,,D B E,D,,True,,1.4609375,0.8116759657859802,,
train-021745-58b55edc60d51af4,2,11,train,6392119546732681972,pointer,V,H,,,T,False,True,,,-2.0,1.125,3.018855509639093,,H B X,H,,True,,1.5390625,0.8233283758163452,,
train-021745-58b55edc60d51af4,2,12,train,6392119546732681972,pointer,V,A,,,T,False,True,,,-1.25,0.1875,3.146180512773868,,A H E,H,,False,,1.578125,0.8289388418197632,,
train-024518-66e0df9bb1707859,3,1,train,7413170846441699417,pointer,X,Z,Z,True,F,False,False,2.5629668016335927e-05,11.75,-18.640625,11.75,0.00034763251856345277,1,Z R A,Z,True,True,1.5258672647178173e-05,-0.34765625,0.4139508903026581,False,0.5343517065048218
train-024518-66e0df9bb1707859,3,2,train,7413170846441699417,pointer,X,P,P,True,F,False,False,2.992108420585282e-05,10.9375,-15.625,10.9375,0.00039383915959876606,1,P Z C,P,True,True,0.003592586610466242,-0.49609375,0.378459095954895,False,0.4755535125732422
train-024518-66e0df9bb1707859,3,3,train,7413170846441699417,pointer,X,F,F,True,F,True,False,0.00157803890760988,8.1875,8.1875,8.1875,0.016123456428321564,1,F C Z,P,False,False,3.7939834594726562,-0.1435546875,0.4641728699207306,True,0.7674983143806458
train-024518-66e0df9bb1707859,3,4,train,7413170846441699417,pointer,X,E,,,F,False,True,,,-7.5,5.75,0.10921060598719275,,E X D,E,,True,,0.25,0.562176525592804,,
train-024518-66e0df9bb1707859,3,5,train,7413170846441699417,pointer,X,X,,,F,False,True,,,-4.4375,2.875,0.6781235871577448,,X E Z,E,,False,,0.65234375,0.6575384140014648,,
train-024518-66e0df9bb1707859,3,6,train,7413170846441699417,pointer,X,K,,,F,False,True,,,-3.625,0.375,1.611197796634893,,K P Z,K,,True,,0.90625,0.7122321724891663,,
train-024518-66e0df9bb1707859,3,7,train,7413170846441699417,pointer,X,K,,,F,False,True,,,-3.0,0.875,2.0015663147417837,,K Q Z,K,,True,,1.0859375,0.7476159334182739,,
train-024518-66e0df9bb1707859,3,8,train,7413170846441699417,pointer,X,K,,,F,False,True,,,-3.625,0.625,1.758285201546368,,K P Z,K,,True,,1.234375,0.7745833992958069,,
train-024518-66e0df9bb1707859,3,9,train,7413170846441699417,pointer,X,K,,,F,False,True,,,-2.5625,0.5625,2.2673364742261666,,K Q Z,K,,True,,1.296875,0.7853085398674011,,
train-024518-66e0df9bb1707859,3,10,train,7413170846441699417,pointer,X,K,,,F,False,True,,,-3.125,0.375,1.9964795883810185,,K P Z,K,,True,,1.3828125,0.7994422912597656,,
train-024518-66e0df9bb1707859,3,11,train,7413170846441699417,pointer,X,K,,,F,False,True,,,-2.5625,0.6875,2.2960698153096075,,K Q Z,K,,True,,1.3984375,0.8019358515739441,,
train-024518-66e0df9bb1707859,3,12,train,7413170846441699417,pointer,X,K,,,F,False,True,,,-3.0,0.375,2.081828158426354,,K P Z,K,,True,,1.4453125,0.8092759251594543,,
train-035184-285d48899940e5a1,4,1,train,2908560690170095009,pointer,M,Z,Z,True,U,False,False,1.2159273865108844e-05,12.125,-16.03125,12.125,0.00017093745322937086,1,Z R Q,Z,True,True,2.169585604860913e-05,-0.388671875,0.4040370583534241,False,0.5175768136978149
train-035184-285d48899940e5a1,4,2,train,2908560690170095009,pointer,M,C,C,True,U,False,False,1.7762025890988298e-05,12.125,-15.9375,12.125,0.00025268786128809366,1,C D I,C,True,True,0.001077786204405129,-0.330078125,0.4182216227054596,False,0.5416656732559204
train-035184-285d48899940e5a1,4,3,train,2908560690170095009,pointer,M,I,I,True,U,False,False,0.001773571828380227,8.375,-9.3125,8.375,0.018179653788730418,1,I V A,L,False,False,4.439879894256592,-0.126953125,0.46830427646636963,False,0.631683886051178
train-035184-285d48899940e5a1,4,4,train,2908560690170095009,pointer,M,U,U,True,U,True,False,0.3865909278392792,1.6875,1.6875,1.6875,1.3790980082529631,1,U T P,Q,False,False,3.5362963676452637,0.2216796875,0.555194079875946,True,0.588437557220459
train-035184-285d48899940e5a1,4,5,train,2908560690170095009,pointer,M,Y,,,U,False,True,,,-5.25,2.5,0.8536126444539619,,Y P D,P,,False,,0.55859375,0.6361271142959595,,
train-035184-285d48899940e5a1,4,6,train,2908560690170095009,pointer,M,D,,,U,False,True,,,-4.0625,2.625,1.779623167789658,,D G N,D,,True,,0.70703125,0.6697448492050171,,
train-035184-285d48899940e5a1,4,7,train,2908560690170095009,pointer,M,P,,,U,False,True,,,-1.3125,0.625,2.81267528947053,,P V I,P,,True,,0.91015625,0.7130321860313416,,
train-035184-285d48899940e5a1,4,8,train,2908560690170095009,pointer,M,V,,,U,False,True,,,-1.375,0.25,3.1555547910876207,,V N F,V,,True,,1.1015625,0.7505527138710022,,
train-035184-285d48899940e5a1,4,9,train,2908560690170095009,pointer,M,I,,,U,False,True,,,-1.625,1.625,2.5432342112924555,,I C U,S,,False,,1.2578125,0.7786493301391602,,
train-035184-285d48899940e5a1,4,10,train,2908560690170095009,pointer,M,U,,,U,True,True,,,0.0625,0.0625,2.356215169355557,,U I T,I,,False,,1.28125,0.7826625108718872,,
train-035184-285d48899940e5a1,4,11,train,2908560690170095009,pointer,M,U,,,U,True,True,,,0.625,0.625,2.952157297041223,,U Y P,U,,True,,1.3203125,0.7892336845397949,,
train-035184-285d48899940e5a1,4,12,train,2908560690170095009,pointer,M,U,,,U,True,True,,,0.0625,0.0625,3.11686206795915,,U I T,O,,False,,1.4140625,0.804405927658081,,
train-015151-5a91fc41fae73eb8,5,1,train,6526274695349092024,pointer,Y,U,U,True,B,False,False,4.529942543740617e-06,13.5,-14.59375,13.5,7.000835394168646e-05,1,U V A,U,True,True,5.3881147323409095e-05,-0.53515625,0.36931508779525757,False,0.4609488844871521
train-015151-5a91fc41fae73eb8,5,2,train,6526274695349092024,pointer,Y,A,A,True,B,False,False,2.3841830625315197e-06,13.5625,-13.5625,13.5625,3.8183011737330146e-05,1,A B O,A,True,True,0.0004314445541240275,-0.490234375,0.37983831763267517,False,0.4777751564979553
train-015151-5a91fc41fae73eb8,5,3,train,6526274695349092024,pointer,Y,P,P,True,B,False,False,0.007802722044289112,6.875,-7.9375,6.875,0.06876259899305182,1,P S M,P,True,True,0.18846403062343597,-0.28515625,0.42919009923934937,False,0.5606991052627563
train-015151-5a91fc41fae73eb8,5,4,train,6526274695349092024,pointer,Y,W,W,True,B,False,False,0.04426276311278343,4.0,-6.1875,4.0,0.27900133314403536,1,W P S,P,False,False,4.104361534118652,0.125,0.531209409236908,False,0.7575990557670593
train-015151-5a91fc41fae73eb8,5,5,train,6526274695349092024,pointer,Y,B,B,True,B,True,False,0.03591645136475563,5.0625,5.0625,5.0625,0.2511104359290429,1,B J E,B,True,True,1.2994253635406494,0.5234375,0.6279512047767639,True,0.4652928113937378
train-015151-5a91fc41fae73eb8,5,6,train,6526274695349092024,pointer,Y,B,,,B,True,True,,,0.0,0.0,2.162014189119895,,B Q J,Q,,False,,0.859375,0.7025300860404968,,
train-015151-5a91fc41fae73eb8,5,7,train,6526274695349092024,pointer,Y,Q,,,B,False,True,,,-1.75,1.75,2.02255688089613,,Q B R,Q,,True,,1.078125,0.7461389899253845,,
train-015151-5a91fc41fae73eb8,5,8,train,6526274695349092024,pointer,Y,Q,,,B,False,True,,,-1.625,1.625,2.287431736183825,,Q B R,Q,,True,,1.2265625,0.7732163667678833,,
train-015151-5a91fc41fae73eb8,5,9,train,6526274695349092024,pointer,Y,Q,,,B,False,True,,,-1.375,1.375,2.595531804579434,,Q B O,Q,,True,,1.328125,0.7905303239822388,,
train-015151-5a91fc41fae73eb8,5,10,train,6526274695349092024,pointer,Y,Q,,,B,False,True,,,-0.75,0.75,2.815846899963022,,Q B O,Q,,True,,1.4140625,0.804405927658081,,
train-015151-5a91fc41fae73eb8,5,11,train,6526274695349092024,pointer,Y,A,,,B,False,True,,,-0.25,0.25,2.9484590598579588,,A B J,Q,,False,,1.484375,0.815232515335083,,
train-015151-5a91fc41fae73eb8,5,12,train,6526274695349092024,pointer,Y,W,,,B,False,True,,,-3.625,1.625,1.5039140299574314,,W P S,P,,False,,1.3828125,0.7994422912597656,,
train-005837-e176bcc34fcb5b38,6,1,train,16246380252829014840,pointer,D,P,P,True,V,False,False,1.1205610462639015e-05,12.875,-16.28125,12.875,0.0001678617232204627,1,P C B,P,True,True,1.0251946150674485e-05,-0.59765625,0.35488009452819824,False,0.4383190870285034
train-005837-e176bcc34fcb5b38,6,2,train,16246380252829014840,pointer,D,L,L,True,V,False,False,1.2159273865108844e-05,12.3125,-17.03125,12.3125,0.00017285614591898893,1,L B C,L,True,True,0.0009291622554883361,-0.5390625,0.36840569972991943,False,0.4595080614089966
train-005837-e176bcc34fcb5b38,6,3,train,16246380252829014840,pointer,D,F,F,True,V,False,False,0.001029557315632701,8.75,-11.375,8.75,0.011027855566756317,1,F L C,L,False,False,2.7594900131225586,-0.2119140625,0.4472188949584961,False,0.5927931070327759
train-005837-e176bcc34fcb5b38,6,4,train,16246380252829014840,pointer,D,B,B,True,V,False,False,0.007876290939748287,6.875,-8.25,6.875,0.0693946618451017,1,B C A,B,True,True,1.2379599809646606,0.23828125,0.5592900514602661,False,0.8193683624267578
train-005837-e176bcc34fcb5b38,6,5,train,16246380252829014840,pointer,D,Y,Y,True,V,False,False,0.06120305508375168,4.4375,-6.5,4.4375,0.40124703557913444,1,Y B X,B,False,False,3.2576584815979004,0.58203125,0.6415346264839172,False,1.025923252105713
train-005837-e176bcc34fcb5b38,6,6,train,16246380252829014840,pointer,D,V,V,True,V,True,False,0.11207098513841629,4.0625,4.0625,4.0625,0.6597782352960516,1,V Y U,V,True,True,1.621692419052124,0.7890625,0.6876299977302551,True,0.3745043873786926
train-005837-e176bcc34fcb5b38,6,7,train,16246380252829014840,pointer,D,U,,,V,False,True,,,-4.375,3.8125,0.7699963720085109,,U Q T,U,,True,,0.9375,0.7185943722724915,,
train-005837-e176bcc34fcb5b38,6,8,train,16246380252829014840,pointer,D,E,,,V,False,True,,,-5.9375,3.1875,0.556858955237615,,E U S,U,,False,,1.0390625,0.7386690378189087,,
train-005837-e176bcc34fcb5b38,6,9,train,16246380252829014840,pointer,D,S,,,V,False,True,,,-8.0,5.4375,0.16541041388029512,,S J T,S,,True,,1.0859375,0.7476159334182739,,
train-005837-e176bcc34fcb5b38,6,10,train,16246380252829014840,pointer,D,J,,,V,False,True,,,-5.5625,1.6875,1.6435949366967324,,J D O,O,,False,,1.15625,0.7606506943702698,,
train-005837-e176bcc34fcb5b38,6,11,train,16246380252829014840,pointer,D,D,,,V,False,True,,,-3.375,0.8125,2.661609616765149,,D P S,D,,True,,1.3046875,0.7866228222846985,,
train-005837-e176bcc34fcb5b38,6,12,train,16246380252829014840,pointer,D,P,,,V,False,True,,,-3.25,1.4375,2.5613694421860114,,P D S,P,,True,,1.40625,0.8031737804412842,,
train-007467-5e3ed60da32ede03,8,1,train,6791100642181963267,pointer,X,G,G,True,B,False,False,1.9073468138230965e-06,15.03125,-16.59375,15.03125,3.118729657322306e-05,1,G J C,G,True,True,0.00013422065239865333,-0.45703125,0.38769033551216125,False,0.49051713943481445
train-007467-5e3ed60da32ede03,8,2,train,6791100642181963267,pointer,X,U,U,True,B,False,False,5.364403477869928e-06,13.0625,-15.5625,13.0625,8.35203763790315e-05,1,U T Z,U,True,True,0.00017772526189219207,-0.45703125,0.38769033551216125,False,0.49051713943481445
train-007467-5e3ed60da32ede03,8,3,train,6791100642181963267,pointer,X,L,L,True,B,False,False,0.0007303669699467719,9.375,-10.5,9.375,0.008173333192058473,1,L T D,L,True,True,0.2965097725391388,-0.2099609375,0.4477017819881439,False,0.5936670899391174
train-007467-5e3ed60da32ede03,8,4,train,6791100642181963267,pointer,X,D,D,True,B,False,False,0.024203654378652573,5.3125,-7.0625,5.3125,0.17550552383853898,1,D C L,D,True,True,2.3249590396881104,0.228515625,0.5568816065788269,False,0.8139182329177856
train-007467-5e3ed60da32ede03,8,5,train,6791100642181963267,pointer,X,C,C,True,B,False,False,0.23743155598640442,1.6875,-4.0,1.6875,0.8312064610926315,1,C D B,D,False,False,3.576882839202881,0.56640625,0.6379335522651672,False,1.0159274339675903
train-007467-5e3ed60da32ede03,8,6,train,6791100642181963267,pointer,X,Q,Q,True,B,False,False,0.176879420876503,2.5,-4.6875,2.5,0.7981745424625433,1,Q C H,C,False,False,3.0083043575286865,0.796875,0.6893056035041809,False,1.168945550918579
train-007467-5e3ed60da32ede03,8,7,train,6791100642181963267,pointer,X,H,H,True,B,False,False,0.3251093327999115,1.9375,-4.0,1.9375,1.3028049299222775,1,H Q O,H,True,True,0.6449753046035767,0.96875,0.7248703241348267,False,1.2905125617980957
train-007467-5e3ed60da32ede03,8,8,train,6791100642181963267,pointer,X,B,B,True,B,True,False,1.144817590713501,0.125,0.125,0.125,2.1911392672370784,1,B H O,H,False,False,3.256499767303467,1.1015625,0.7505527138710022,True,0.28694531321525574
train-007467-5e3ed60da32ede03,8,9,train,6791100642181963267,pointer,X,O,,,B,False,True,,,-3.1875,0.5625,1.5347228183572825,,O S Y,O,,True,,1.25,0.7772998809814453,,
train-007467-5e3ed60da32ede03,8,10,train,6791100642181963267,pointer,X,S,,,B,False,True,,,-6.375,4.875,0.34817517227677997,,S N T,S,,True,,1.265625,0.7799928784370422,,
train-007467-5e3ed60da32ede03,8,11,train,6791100642181963267,pointer,X,N,,,B,False,True,,,-4.75,1.125,1.6666160969270676,,N S J,S,,False,,1.2734375,0.7813306450843811,,
train-007467-5e3ed60da32ede03,8,12,train,6791100642181963267,pointer,X,J,,,B,False,True,,,-3.75,2.125,1.6208006267936603,,J N K,J,,True,,1.3125,0.7879312038421631,,
train-001096-afd3f792c3f400f4,10,1,train,12669742386448171252,pointer,M,N,N,True,V,False,False,8.189342770492658e-05,9.625,-17.09375,9.625,0.0009174555621788376,1,N M O,N,True,True,0.0010580186499282718,-0.404296875,0.4002804160118103,False,0.5112930536270142
train-001096-afd3f792c3f400f4,10,2,train,12669742386448171252,pointer,M,B,B,True,V,False,False,1.1444026313256472e-05,11.875,-17.46875,11.875,0.00015820750341187802,1,B C A,B,True,True,0.0012562725460156798,-0.46484375,0.3858373761177063,False,0.4874955415725708
train-001096-afd3f792c3f400f4,10,3,train,12669742386448171252,pointer,M,O,O,True,V,False,False,0.0011268462985754013,7.9375,-12.84375,7.9375,0.011541023252285907,1,O B A,O,True,True,0.14599266648292542,-0.171875,0.45713672041893005,False,0.6108977794647217
train-001096-afd3f792c3f400f4,10,4,train,12669742386448171252,pointer,M,E,E,True,V,False,False,0.3164460361003876,1.375,-6.4375,1.375,1.0188125797974756,1,E O S,O,False,False,2.8472092151641846,0.24609375,0.561214804649353,False,0.8237453103065491
train-001096-afd3f792c3f400f4,10,5,train,12669742386448171252,pointer,M,E,S,False,V,False,False,4.156980991363525,-3.5625,-4.3125,2.1875,2.02142574843221,11,E I O,E,False,True,3.7397162914276123,0.60546875,0.6469064354896545,False,1.0410223007202148
train-001096-afd3f792c3f400f4,10,6,train,12669742386448171252,pointer,M,I,A,False,V,False,False,3.7978525161743164,-3.25,-4.25,2.75,1.9958709523968512,6,I S K,I,False,True,4.342120170593262,0.81640625,0.6934729218482971,False,1.1824493408203125
train-001096-afd3f792c3f400f4,10,7,train,12669742386448171252,pointer,M,Z,P,False,V,False,False,4.790236949920654,-4.1875,-4.5625,1.125,1.8401370917905764,18,Z I X,I,False,False,4.171494960784912,0.9453125,0.7201715111732483,False,1.273578405380249
train-001096-afd3f792c3f400f4,10,8,train,12669742386448171252,pointer,M,Q,C,False,V,False,False,5.928201675415039,-5.75,-6.625,3.0,0.8745222827645188,17,Q Z R,O,False,False,3.0741097927093506,1.0703125,0.7446563243865967,False,1.365144968032837
train-001096-afd3f792c3f400f4,10,9,train,12669742386448171252,pointer,M,R,T,False,V,False,False,5.322751045227051,-4.875,-5.875,1.125,1.316616786296313,12,R Q L,Q,False,False,3.530843734741211,1.1484375,0.7592254281044006,False,1.4238940477371216
train-001096-afd3f792c3f400f4,10,10,train,12669742386448171252,pointer,M,L,V,False,V,False,False,6.402466297149658,-6.25,-6.25,3.875,0.8337286436286496,26,L R X,L,False,True,3.847567319869995,1.1953125,0.7676898241043091,True,0.2643694579601288
train-001096-afd3f792c3f400f4,10,11,train,12669742386448171252,pointer,M,L,,,V,False,True,,,-5.375,1.5625,1.581749412754512,,L X E,L,,True,,1.2734375,0.7813306450843811,,
train-001096-afd3f792c3f400f4,10,12,train,12669742386448171252,pointer,M,X,,,V,False,True,,,-3.75,0.375,2.6138829847517826,,X L E,L,,False,,1.3671875,0.7969253659248352,,
train-029762-5ead6e74952c175c,12,1,train,6822230457534125916,pointer,C,D,D,True,B,False,False,2.7418097943154862e-06,13.8125,-14.53125,13.8125,4.267975860486203e-05,1,D C B,D,True,True,3.4450891689630225e-05,-0.52734375,0.3711366057395935,False,0.4638412594795227
train-029762-5ead6e74952c175c,12,2,train,6822230457534125916,pointer,C,S,S,True,B,False,False,1.156323378381785e-05,12.4375,-14.71875,12.4375,0.00016699043274497473,1,S D T,S,True,True,0.0019820346496999264,-0.47265625,0.3839877247810364,False,0.48448842763900757
train-029762-5ead6e74952c175c,12,3,train,6822230457534125916,pointer,C,H,H,True,B,False,False,0.0023500702809542418,7.625,-10.125,7.625,0.023314295538246977,1,H J S,N,False,False,4.178764820098877,-0.173828125,0.45665207505226135,False,0.6100053787231445
train-029762-5ead6e74952c175c,12,4,train,6822230457534125916,pointer,C,X,X,True,B,False,False,0.08199106901884079,3.3125,-3.6875,3.3125,0.42595261472469825,1,X H B,X,True,True,1.7300770282745361,0.306640625,0.5760650634765625,False,0.8581752777099609
train-029762-5ead6e74952c175c,12,5,train,6822230457534125916,pointer,C,X,N,False,B,False,False,3.2198357582092285,-2.5625,-3.125,1.6875,2.0735334154084577,4,X E H,X,False,True,3.334200620651245,0.734375,0.6757646203041077,False,1.1262855529785156
train-029762-5ead6e74952c175c,12,6,train,6822230457534125916,pointer,C,R,R,True,B,False,False,2.1362249851226807,0.0625,-1.625,0.0625,2.939989828477818,1,R E M,M,False,False,3.9772987365722656,0.96875,0.7248703241348267,False,1.2905125617980957
train-029762-5ead6e74952c175c,12,7,train,6822230457534125916,pointer,C,H,G,False,B,False,False,4.044286727905273,-3.0,-3.375,1.25,2.543453957494704,16,H M X,M,False,False,3.838883399963379,1.140625,0.7577943801879883,False,1.4179682731628418
train-029762-5ead6e74952c175c,12,8,train,6822230457534125916,pointer,C,X,P,False,B,False,False,3.7919249534606934,-2.125,-0.4375,0.0625,2.7919846623632063,12,X H B,O,False,False,3.7794575691223145,1.296875,0.7853085398674011,False,1.5385534763336182
train-029762-5ead6e74952c175c,12,9,train,6822230457534125916,pointer,C,E,T,False,B,False,False,4.427065849304199,-3.5625,-2.875,1.3125,2.3699283025560733,20,E O H,O,False,False,3.437589168548584,1.390625,0.8006919622421265,False,1.6129039525985718
train-029762-5ead6e74952c175c,12,10,train,6822230457534125916,pointer,C,V,J,False,B,False,False,4.792451858520508,-3.625,-2.9375,0.5625,2.534549081079642,24,V E X,V,False,True,4.01177978515625,1.4375,0.8080672025680542,False,1.650610089302063
train-029762-5ead6e74952c175c,12,11,train,6822230457534125916,pointer,C,V,L,False,B,False,False,3.978184461593628,-2.9375,-3.3125,0.5,2.3431296714045855,10,V A H,V,False,True,3.483578681945801,1.4140625,0.804405927658081,False,1.6317137479782104
train-029762-5ead6e74952c175c,12,12,train,6822230457534125916,pointer,C,W,B,False,B,False,False,4.264834880828857,-3.8125,-3.8125,1.5,1.563142330434428,6,W A Y,A,False,False,3.3534836769104004,1.3828125,0.7994422912597656,True,0.2238408923149109
train-017631-0c0e1af9e4d5891d,1,1,train,868661438717462813,pointer,K,W,W,True,W,True,False,3.099436753473128e-06,14.0625,14.0625,14.0625,5.064280055545888e-05,1,W V A,W,True,True,4.303362584323622e-05,-0.1904296875,0.4525359272956848,True,0.7928881645202637
train-017631-0c0e1af9e4d5891d,1,2,train,868661438717462813,pointer,K,L,,,W,False,True,,,-15.78125,13.0,0.00016840393160636808,,L I C,L,,True,,-0.2734375,0.43206343054771423,,
train-017631-0c0e1af9e4d5891d,1,3,train,868661438717462813,pointer,K,T,,,W,False,True,,,-10.4375,6.8125,0.024573462464794135,,T L S,L,,False,,-0.11474609375,0.47134488821029663,,
train-017631-0c0e1af9e4d5891d,1,4,train,868661438717462813,pointer,K,C,,,W,False,True,,,-7.75,4.9375,0.1401487929751272,,C T S,C,,True,,0.3515625,0.5869964361190796,,
train-017631-0c0e1af9e4d5891d,1,5,train,868661438717462813,pointer,K,C,,,W,False,True,,,-5.5,2.875,0.8175202504997591,,C T L,C,,True,,0.7734375,0.6842640042304993,,
train-017631-0c0e1af9e4d5891d,1,6,train,868661438717462813,pointer,K,C,,,W,False,True,,,-3.5,0.625,2.2555064627156183,,C T L,C,,True,,1.078125,0.7461389899253845,,
train-017631-0c0e1af9e4d5891d,1,7,train,868661438717462813,pointer,K,C,,,W,False,True,,,-3.75,1.5625,2.0665136740972794,,C T L,C,,True,,1.28125,0.7826625108718872,,
train-017631-0c0e1af9e4d5891d,1,8,train,868661438717462813,pointer,K,C,,,W,False,True,,,-3.5625,2.0,2.1402504011144106,,C T L,C,,True,,1.421875,0.8056321740150452,,
train-017631-0c0e1af9e4d5891d,1,9,train,868661438717462813,pointer,K,C,,,W,False,True,,,-3.25,1.625,2.3917327907278993,,C T L,C,,True,,1.5078125,0.8187368512153625,,
train-017631-0c0e1af9e4d5891d,1,10,train,868661438717462813,pointer,K,C,,,W,False,True,,,-3.0625,1.3125,2.5509410364229614,,C T L,C,,True,,1.5703125,0.8278281688690186,,
train-017631-0c0e1af9e4d5891d,1,11,train,868661438717462813,pointer,K,C,,,W,False,True,,,-3.25,1.625,2.388805232803482,,C T L,C,,True,,1.609375,0.8333246111869812,,
train-017631-0c0e1af9e4d5891d,1,12,train,868661438717462813,pointer,K,C,,,W,False,True,,,-3.125,1.5625,2.4761019877117327,,C T L,C,,True,,1.6328125,0.8365545868873596,,
train-034921-ba5b9a7ba9e212de,2,1,train,13428496569857086174,pointer,J,W,W,True,Z,False,False,1.9430925021879375e-05,11.96875,-14.40625,11.96875,0.0002717104380985729,1,W A V,W,True,True,0.00010406429646536708,-0.41015625,0.3988746404647827,False,0.5089517831802368
train-034921-ba5b9a7ba9e212de,2,2,train,13428496569857086174,pointer,J,Z,Z,True,Z,True,False,2.9802276912960224e-06,13.5625,13.5625,13.5625,4.7380885940107595e-05,1,Z C D,Z,True,True,0.0006279165390878916,-0.380859375,0.4059196412563324,True,0.9016000628471375
train-034921-ba5b9a7ba9e212de,2,3,train,13428496569857086174,pointer,J,C,,,Z,False,True,,,-9.625,8.1875,0.01573201803940114,,C D B,Z,,False,,0.014404296875,0.5036010146141052,,
train-034921-ba5b9a7ba9e212de,2,4,train,13428496569857086174,pointer,J,C,,,Z,False,True,,,-0.75,0.75,1.3358975379861875,,C Z U,C,,True,,0.466796875,0.6146253347396851,,
train-034921-ba5b9a7ba9e212de,2,5,train,13428496569857086174,pointer,J,Z,,,Z,True,True,,,2.25,2.25,0.7034268458370176,,Z C U,Z,,True,,0.765625,0.6825737357139587,,
train-034921-ba5b9a7ba9e212de,2,6,train,13428496569857086174,pointer,J,C,,,Z,False,True,,,-1.3125,1.3125,0.9427556459586106,,C Z D,Z,,False,,1.015625,0.7341195344924927,,
train-034921-ba5b9a7ba9e212de,2,7,train,13428496569857086174,pointer,J,C,,,Z,False,True,,,-0.6875,0.6875,1.6494103116521135,,C Z U,C,,True,,1.21875,0.7718434929847717,,
train-034921-ba5b9a7ba9e212de,2,8,train,13428496569857086174,pointer,J,Z,,,Z,True,True,,,1.9375,1.9375,0.966063078045207,,Z C U,Z,,True,,1.2734375,0.7813306450843811,,
train-034921-ba5b9a7ba9e212de,2,9,train,13428496569857086174,pointer,J,C,,,Z,False,True,,,-1.1875,1.1875,1.00360737304893,,C Z D,Z,,False,,1.359375,0.7956580519676208,,
train-034921-ba5b9a7ba9e212de,2,10,train,13428496569857086174,pointer,J,C,,,Z,False,True,,,-0.6875,0.6875,1.6728514340936402,,C Z U,C,,True,,1.4296875,0.8068526387214661,,
train-034921-ba5b9a7ba9e212de,2,11,train,13428496569857086174,pointer,J,Z,,,Z,True,True,,,1.9375,1.9375,0.9953342187516163,,Z C U,Z,,True,,1.4140625,0.804405927658081,,
train-034921-ba5b9a7ba9e212de,2,12,train,13428496569857086174,pointer,J,C,,,Z,False,True,,,-1.125,1.125,1.0148156160183681,,C Z D,Z,,False,,1.4453125,0.8092759251594543,,
train-023258-7662a793ea592b7a,3,1,train,8530564897926884218,pointer,A,M,M,True,L,False,False,3.6238969187252223e-05,12.1875,-13.28125,12.1875,0.0005041908893634708,1,M C O,M,True,True,9.059865078597795e-06,-0.345703125,0.4144248068332672,False,0.5351606607437134
train-023258-7662a793ea592b7a,3,2,train,8530564897926884218,pointer,A,G,G,True,L,False,False,4.768360213347478e-06,13.0,-15.6875,13.0,7.38343951959855e-05,1,G C F,G,True,True,0.0006648475537076592,-0.380859375,0.4059196412563324,False,0.5207406878471375
train-023258-7662a793ea592b7a,3,3,train,8530564897926884218,pointer,A,L,L,True,L,True,False,0.0005669178790412843,9.0625,9.0625,9.0625,0.006360623058229519,1,L S M,G,False,False,3.099869728088379,-0.09716796875,0.4757270812988281,True,0.7429109215736389
train-023258-7662a793ea592b7a,3,4,train,8530564897926884218,pointer,A,F,,,L,False,True,,,-6.25,6.25,0.07551756921134364,,F L D,F,,True,,0.35546875,0.5879431366920471,,
train-023258-7662a793ea592b7a,3,5,train,8530564897926884218,pointer,A,D,,,L,False,True,,,-4.1875,0.125,1.1208881258224273,,D F N,F,,False,,0.73828125,0.6766199469566345,,
train-023258-7662a793ea592b7a,3,6,train,8530564897926884218,pointer,A,D,,,L,False,True,,,-4.3125,2.875,1.244735400612139,,D C F,D,,True,,0.9765625,0.7264255881309509,,
train-023258-7662a793ea592b7a,3,7,train,8530564897926884218,pointer,A,F,,,L,False,True,,,-1.1875,0.3125,1.9036938561418446,,F D L,D,,False,,1.1015625,0.7505527138710022,,
train-023258-7662a793ea592b7a,3,8,train,8530564897926884218,pointer,A,F,,,L,False,True,,,-1.5,1.5,1.3674251097092875,,F L D,D,,False,,1.1953125,0.7676898241043091,,
train-023258-7662a793ea592b7a,3,9,train,8530564897926884218,pointer,A,F,,,L,False,True,,,-2.25,0.25,1.6566336705452396,,F D L,D,,False,,1.296875,0.7853085398674011,,
train-023258-7662a793ea592b7a,3,10,train,8530564897926884218,pointer,A,D,,,L,False,True,,,-3.5625,2.25,1.6123704508493377,,D F C,D,,True,,1.328125,0.7905303239822388,,
train-023258-7662a793ea592b7a,3,11,train,8530564897926884218,pointer,A,F,,,L,False,True,,,-1.375,0.25,1.8566079719270934,,F D L,D,,False,,1.3125,0.7879312038421631,,
train-023258-7662a793ea592b7a,3,12,train,8530564897926884218,pointer,A,F,,,L,False,True,,,-1.75,1.4375,1.4025173587556798,,F D L,D,,False,,1.328125,0.7905303239822388,,
train-003846-77a1b1fc3e664ee7,4,1,train,8620366858700607207,pointer,S,W,W,True,D,False,False,2.3841830625315197e-06,14.28125,-15.71875,14.28125,3.9589410457643104e-05,1,W A V,W,True,True,7.426462980220094e-05,-0.494140625,0.3789186179637909,False,0.47629314661026
train-003846-77a1b1fc3e664ee7,4,2,train,8620366858700607207,pointer,S,C,C,True,D,False,False,7.033323527139146e-06,13.125,-13.125,13.125,0.00010730927231359986,1,C D F,C,True,True,0.0009298768127337098,-0.375,0.4073334038257599,False,0.5231232643127441
train-003846-77a1b1fc3e664ee7,4,3,train,8620366858700607207,pointer,S,G,G,True,D,False,False,0.0044726100750267506,6.75,-7.1875,6.75,0.039509394913099585,1,G C D,K,False,False,3.0104832649230957,-0.09814453125,0.4754835367202759,False,0.6452784538269043
train-003846-77a1b1fc3e664ee7,4,4,train,8620366858700607207,pointer,S,D,D,True,D,True,False,0.7760307192802429,1.0,1.0,1.0,1.9751806741714175,1,D G Z,G,False,False,3.2357380390167236,0.328125,0.581303060054779,True,0.5424830317497253
train-003846-77a1b1fc3e664ee7,4,5,train,8620366858700607207,pointer,S,O,,,D,False,True,,,-4.8125,1.0,1.3306329992372654,,O X U,X,,False,,0.640625,0.6548947095870972,,
train-003846-77a1b1fc3e664ee7,4,6,train,8620366858700607207,pointer,S,Q,,,D,False,True,,,-5.6875,2.5625,0.7953127956009414,,Q T R,T,,False,,0.80078125,0.6901415586471558,,
train-003846-77a1b1fc3e664ee7,4,7,train,8620366858700607207,pointer,S,M,,,D,False,True,,,-2.375,0.4375,2.514070013110809,,M Z L,M,,True,,0.953125,0.7217432260513306,,
train-003846-77a1b1fc3e664ee7,4,8,train,8620366858700607207,pointer,S,G,,,D,False,True,,,-2.9375,1.6875,2.0046103004169535,,G M Z,M,,False,,1.0859375,0.7476159334182739,,
train-003846-77a1b1fc3e664ee7,4,9,train,8620366858700607207,pointer,S,G,,,D,False,True,,,-0.375,0.3125,2.978685373751212,,G Z D,G,,True,,1.25,0.7772998809814453,,
train-003846-77a1b1fc3e664ee7,4,10,train,8620366858700607207,pointer,S,G,,,D,False,True,,,-2.8125,1.5625,1.8661901724411025,,G C L,C,,False,,1.3125,0.7879312038421631,,
train-003846-77a1b1fc3e664ee7,4,11,train,8620366858700607207,pointer,S,D,,,D,True,True,,,0.6875,0.6875,1.726808766359279,,D G X,G,,False,,1.328125,0.7905303239822388,,
train-003846-77a1b1fc3e664ee7,4,12,train,8620366858700607207,pointer,S,X,,,D,False,True,,,-3.8125,0.25,1.602205462059817,,X O U,X,,True,,1.2890625,0.7839884757995605,,
train-010822-e426975e2bc53ca7,5,1,train,16439993920479640743,pointer,N,H,H,True,R,False,False,4.529942543740617e-06,14.0,-15.640625,14.0,7.22910272170432e-05,1,H A M,H,True,True,3.802703940891661e-05,-0.421875,0.39606815576553345,False,0.5042939186096191
train-010822-e426975e2bc53ca7,5,2,train,16439993920479640743,pointer,N,E,E,True,R,False,False,2.1576648578047752e-05,11.75,-16.5625,11.75,0.00029499289455963654,1,E C A,E,True,True,0.0004766043566633016,-0.462890625,0.38630032539367676,False,0.4882495403289795
train-010822-e426975e2bc53ca7,5,3,train,16439993920479640743,pointer,N,P,P,True,R,False,False,0.007193971890956163,6.25,-9.125,6.25,0.06129652916547495,1,P E T,P,True,True,0.12660343945026398,-0.248046875,0.4383043050765991,False,0.5767949819564819
train-010822-e426975e2bc53ca7,5,4,train,16439993920479640743,pointer,N,T,T,True,R,False,False,0.00920551735907793,5.375,-6.5,5.375,0.0705602475391051,1,T P R,P,False,False,3.2698981761932373,0.1826171875,0.5455278754234314,False,0.7886186242103577
train-010822-e426975e2bc53ca7,5,5,train,16439993920479640743,pointer,N,R,R,True,R,True,False,0.019585086032748222,4.9375,4.9375,4.9375,0.14440287255292916,1,R T C,R,True,True,2.3673040866851807,0.484375,0.6187804341316223,True,0.48000478744506836
train-010822-e426975e2bc53ca7,5,6,train,16439993920479640743,pointer,N,A,,,R,False,True,,,-1.0,1.0,1.0404868472985136,,A R D,A,,True,,0.81640625,0.6934729218482971,,
train-010822-e426975e2bc53ca7,5,7,train,16439993920479640743,pointer,N,Y,,,R,False,True,,,-2.375,0.8125,2.5593332737565913,,Y K L,O,,False,,1.0546875,0.74167400598526,,
train-010822-e426975e2bc53ca7,5,8,train,16439993920479640743,pointer,N,Q,,,R,False,True,,,-4.75,2.375,1.1228186417434913,,Q Y B,Y,,False,,1.09375,0.7490872144699097,,
train-010822-e426975e2bc53ca7,5,9,train,16439993920479640743,pointer,N,B,,,R,False,True,,,-3.0625,2.125,2.1767586454732037,,B Q H,B,,True,,1.171875,0.7634837031364441,,
train-010822-e426975e2bc53ca7,5,10,train,16439993920479640743,pointer,N,B,,,R,False,True,,,-2.6875,1.9375,2.346257988935494,,B Q K,B,,True,,1.2109375,0.7704647779464722,,
train-010822-e426975e2bc53ca7,5,11,train,16439993920479640743,pointer,N,B,,,R,False,True,,,-2.5625,1.9375,2.4199782508496446,,B Q H,B,,True,,1.2421875,0.7759445905685425,,
train-010822-e426975e2bc53ca7,5,12,train,16439993920479640743,pointer,N,B,,,R,False,True,,,-2.375,1.9375,2.4486427156493233,,B Q R,B,,True,,1.265625,0.7799928784370422,,
train-021839-a8126bab7a20118d,6,1,train,12110860732185186701,pointer,V,V,V,True,V,True,False,7.152531907195225e-06,13.125,13.125,13.125,0.00010724878522784207,1,V F D,V,True,True,0.00028796817059628665,-0.37890625,0.4063906967639923,False,0.5215339660644531
train-021839-a8126bab7a20118d,6,2,train,12110860732185186701,pointer,V,V,V,True,V,True,False,4.5060096454108134e-05,11.1875,11.1875,11.1875,0.00059396765069209,1,V F C,V,True,True,0.0010892179561778903,-0.34765625,0.4139508903026581,False,0.5343517065048218
train-021839-a8126bab7a20118d,6,3,train,12110860732185186701,pointer,V,V,V,True,V,True,False,0.0014192519010975957,7.6875,7.6875,7.6875,0.01425952830741484,1,V F A,V,True,True,0.7706217169761658,-0.052978515625,0.48675844073295593,False,0.6670086979866028
train-021839-a8126bab7a20118d,6,4,train,12110860732185186701,pointer,V,V,V,True,V,True,False,0.00931016355752945,6.125,6.125,6.125,0.07653575121940684,1,V F A,V,True,True,1.2818083763122559,0.345703125,0.5855752229690552,False,0.8808637857437134
train-021839-a8126bab7a20118d,6,5,train,12110860732185186701,pointer,V,V,V,True,V,True,False,0.024620015174150467,5.125,5.125,5.125,0.1746346765467428,1,V F A,V,True,True,1.3525817394256592,0.6796875,0.6636689305305481,False,1.089659333229065
train-021839-a8126bab7a20118d,6,6,train,12110860732185186701,pointer,V,V,V,True,V,True,False,0.03887123987078667,4.75,4.75,4.75,0.25522652952154345,1,V F H,V,True,True,1.2291781902313232,0.91796875,0.7146279811859131,True,0.33599308133125305
train-021839-a8126bab7a20118d,6,7,train,12110860732185186701,pointer,V,V,,,V,True,True,,,4.5625,4.5625,0.29809005237389385,,V F H,V,,True,,1.0859375,0.7476159334182739,,
train-021839-a8126bab7a20118d,6,8,train,12110860732185186701,pointer,V,V,,,V,True,True,,,4.5,4.5,0.3163116869351254,,V A F,V,,True,,1.1953125,0.7676898241043091,,
train-021839-a8126bab7a20118d,6,9,train,12110860732185186701,pointer,V,V,,,V,True,True,,,4.3125,4.3125,0.35843546019268635,,V A H,V,,True,,1.265625,0.7799928784370422,,
train-021839-a8126bab7a20118d,6,10,train,12110860732185186701,pointer,V,V,,,V,True,True,,,4.3125,4.3125,0.35542108287905033,,V A H,V,,True,,1.3125,0.7879312038421631,,
train-021839-a8126bab7a20118d,6,11,train,12110860732185186701,pointer,V,V,,,V,True,True,,,4.3125,4.3125,0.3494079545381294,,V A H,V,,True,,1.34375,0.793105959892273,,
train-021839-a8126bab7a20118d,6,12,train,12110860732185186701,pointer,V,V,,,V,True,True,,,4.3125,4.3125,0.35617884444176023,,V A H,V,,True,,1.3671875,0.7969253659248352,,
train-012543-834c2b5c27b34d3a,8,1,train,9460984592001617210,pointer,N,Y,Y,True,K,False,False,1.1920922133867862e-06,14.8125,-17.53125,14.8125,1.906129870591917e-05,1,Y R Q,Y,True,True,0.00010549465514486656,-0.365234375,0.40969306230545044,False,0.527112603187561
train-012543-834c2b5c27b34d3a,8,2,train,9460984592001617210,pointer,N,Z,Z,True,K,False,False,6.794906312279636e-06,12.8125,-16.0,12.8125,0.00010274136110935003,1,Z C D,Z,True,True,0.0007541911327280104,-0.3203125,0.4205995798110962,False,0.5457614660263062
train-012543-834c2b5c27b34d3a,8,3,train,9460984592001617210,pointer,N,T,T,True,K,False,False,0.0008966478053480387,9.25,-10.5,9.25,0.009856132234800075,1,T C D,C,False,False,3.923374891281128,-0.062255859375,0.48444104194641113,False,0.6625036597251892
train-012543-834c2b5c27b34d3a,8,4,train,9460984592001617210,pointer,N,T,C,False,K,False,False,5.203102111816406,-5.1875,-8.25,5.1875,0.11754612508729796,2,T C Z,Z,False,False,2.440810441970825,0.337890625,0.5836780667304993,False,0.8762964010238647
train-012543-834c2b5c27b34d3a,8,5,train,9460984592001617210,pointer,N,T,G,False,K,False,False,6.831679821014404,-6.6875,-7.0625,2.0625,0.5282732725727849,11,T C Z,C,False,False,3.8625311851501465,0.6875,0.665410578250885,False,1.094851016998291
train-012543-834c2b5c27b34d3a,8,6,train,9460984592001617210,pointer,N,T,R,False,K,False,False,6.086591720581055,-5.875,-6.5,1.6875,0.705280710892078,11,T C O,C,False,False,3.9876627922058105,0.94140625,0.7193835973739624,False,1.2707667350769043
train-012543-834c2b5c27b34d3a,8,7,train,9460984592001617210,pointer,N,T,M,False,K,False,False,6.22841739654541,-5.9375,-6.0,1.375,0.8902648121683899,15,T C O,C,False,False,3.9907689094543457,1.125,0.7549149990081787,False,1.4061501026153564
train-012543-834c2b5c27b34d3a,8,8,train,9460984592001617210,pointer,N,T,K,False,K,False,False,6.0246429443359375,-5.6875,-5.6875,1.25,1.0063902904876603,16,T C B,C,False,False,3.0876898765563965,1.25,0.7772998809814453,True,0.2519291043281555
train-012543-834c2b5c27b34d3a,8,9,train,9460984592001617210,pointer,N,T,,,K,False,True,,,-5.6875,1.25,1.012262059715699,,T C B,C,,False,,1.328125,0.7905303239822388,,
train-012543-834c2b5c27b34d3a,8,10,train,9460984592001617210,pointer,N,T,,,K,False,True,,,-5.5,1.1875,1.0812062841163792,,T C B,C,,False,,1.390625,0.8006919622421265,,
train-012543-834c2b5c27b34d3a,8,11,train,9460984592001617210,pointer,N,T,,,K,False,True,,,-5.3125,1.0,1.1831836234307067,,T C B,C,,False,,1.4296875,0.8068526387214661,,
train-012543-834c2b5c27b34d3a,8,12,train,9460984592001617210,pointer,N,T,,,K,False,True,,,-5.375,1.125,1.1438759228616127,,T C B,C,,False,,1.453125,0.8104788661003113,,
train-028564-75bd4b6667af7a64,10,1,train,8484020176234183268,pointer,B,P,P,True,E,False,False,9.059865078597795e-06,13.125,-15.8125,13.125,0.0001351536778313981,1,P B C,P,True,True,8.225102646974847e-05,-0.498046875,0.37799978256225586,False,0.47481483221054077
train-028564-75bd4b6667af7a64,10,2,train,8484020176234183268,pointer,B,M,M,True,E,False,False,1.5258672647178173e-05,12.5625,-16.59375,12.5625,0.00022391892970888993,1,M T C,M,True,True,0.000379132863599807,-0.53515625,0.36931508779525757,False,0.4609488844871521
train-028564-75bd4b6667af7a64,10,3,train,8484020176234183268,pointer,B,O,O,True,E,False,False,0.008331661112606525,5.0625,-10.3125,5.0625,0.058348760570945506,1,O Q C,I,False,False,3.151460886001587,-0.306640625,0.4239349663257599,False,0.5515346527099609
train-028564-75bd4b6667af7a64,10,4,train,8484020176234183268,pointer,B,Q,Q,True,E,False,False,0.00395848648622632,7.9375,-10.3125,7.9375,0.03774114594692517,1,Q D J,Q,True,True,1.876832127571106,0.14453125,0.5360700488090515,False,0.7680217027664185
train-028564-75bd4b6667af7a64,10,5,train,8484020176234183268,pointer,B,D,D,True,E,False,False,0.9114725589752197,0.75,-4.3125,0.75,2.127991771555065,1,D B Q,B,False,False,3.0910511016845703,0.578125,0.6406359076499939,False,1.0234191417694092
train-028564-75bd4b6667af7a64,10,6,train,8484020176234183268,pointer,B,H,H,True,E,False,False,0.5997544527053833,2.4375,-4.5625,2.4375,2.0510018291642527,1,H A D,H,True,True,1.1881299018859863,0.90625,0.7122321724891663,False,1.2456012964248657
train-028564-75bd4b6667af7a64,10,7,train,8484020176234183268,pointer,B,K,K,True,E,False,False,0.9247745871543884,1.25,-3.6875,1.25,2.3814996373147013,1,K H A,K,True,True,1.686633586883545,1.125,0.7549149990081787,False,1.4061501026153564
train-028564-75bd4b6667af7a64,10,8,train,8484020176234183268,pointer,B,K,V,False,E,False,False,4.431245803833008,-2.8125,-2.4375,1.0,3.0076866009566827,26,K I S,K,False,True,4.467638969421387,1.2734375,0.7813306450843811,False,1.520194411277771
train-028564-75bd4b6667af7a64,10,9,train,8484020176234183268,pointer,B,X,L,False,E,False,False,4.011433124542236,-2.4375,-3.0,0.5625,2.890229722619988,19,X B J,B,False,False,3.4398887157440186,1.3359375,0.7918210625648499,False,1.5693573951721191
train-028564-75bd4b6667af7a64,10,10,train,8484020176234183268,pointer,B,I,E,False,E,False,False,4.441789627075195,-3.375,-3.375,1.5625,2.673941737884892,25,I Q Y,I,False,True,3.600209951400757,1.34375,0.793105959892273,True,0.2317984700202942
train-028564-75bd4b6667af7a64,10,11,train,8484020176234183268,pointer,B,X,,,E,False,True,,,-6.0,2.4375,1.1364979136061948,,X I J,I,,False,,1.3046875,0.7866228222846985,,
train-028564-75bd4b6667af7a64,10,12,train,8484020176234183268,pointer,B,J,,,E,False,True,,,-4.8125,0.4375,1.861376386992643,,J Z X,J,,True,,1.21875,0.7718434929847717,,
train-023165-f27f1ac5fcee0813,12,1,train,17473714516875151379,pointer,D,K,K,True,G,False,False,1.7404405298293568e-05,12.0625,-14.34375,12.0625,0.00024388306419041272,1,K J B,K,True,True,2.634490556374658e-05,-0.443359375,0.39094078540802,False,0.49583977460861206
train-023165-f27f1ac5fcee0813,12,2,train,17473714516875151379,pointer,D,F,F,True,G,False,False,4.887569048150908e-06,13.375,-17.0,13.375,7.396221419648677e-05,1,F C T,F,True,True,0.0004605186404660344,-0.408203125,0.3993430435657501,False,0.5097313523292542
train-023165-f27f1ac5fcee0813,12,3,train,17473714516875151379,pointer,D,V,V,True,G,False,False,0.029024388641119003,4.4375,-7.9375,4.4375,0.19929815574524437,1,V A B,K,False,False,4.755637168884277,-0.0771484375,0.4807223975658417,False,0.6553167700767517
train-023165-f27f1ac5fcee0813,12,4,train,17473714516875151379,pointer,D,P,P,True,G,False,False,0.10556460171937943,2.8125,-6.4375,2.8125,0.537316430240749,1,P V A,V,False,False,3.752408504486084,0.38671875,0.5954925417900085,False,0.9050851464271545
train-023165-f27f1ac5fcee0813,12,5,train,17473714516875151379,pointer,D,Q,Q,True,G,False,False,0.36759641766548157,1.5,-5.625,1.5,1.2943214779559824,1,Q P W,P,False,False,3.42900013923645,0.6875,0.665410578250885,False,1.094851016998291
train-023165-f27f1ac5fcee0813,12,6,train,17473714516875151379,pointer,D,U,U,True,G,False,False,0.7901435494422913,0.75,-0.75,0.75,2.046864289449052,1,U G C,U,True,True,1.598888635635376,0.86328125,0.703345775604248,False,1.2151880264282227
train-023165-f27f1ac5fcee0813,12,7,train,17473714516875151379,pointer,D,A,J,False,G,False,False,6.000877380371094,-5.4375,-1.375,1.375,1.8038760616666851,26,A G F,G,False,False,3.2956032752990723,1.0546875,0.74167400598526,False,1.3535330295562744
train-023165-f27f1ac5fcee0813,12,8,train,17473714516875151379,pointer,D,N,I,False,G,False,False,4.3341450691223145,-3.5,-3.5,1.125,2.1854876829654346,14,N A R,A,False,False,4.1623029708862305,1.1640625,0.7620701193809509,False,1.4357792139053345
train-023165-f27f1ac5fcee0813,12,9,train,17473714516875151379,pointer,D,R,X,False,G,False,False,4.8813090324401855,-4.6875,-4.5625,3.5625,0.9984686852166291,11,R N L,R,False,True,3.489563465118408,1.1640625,0.7620701193809509,False,1.4357792139053345
train-023165-f27f1ac5fcee0813,12,10,train,17473714516875151379,pointer,D,L,Y,False,G,False,False,6.084739685058594,-5.5625,-4.6875,1.0,1.5157990505966743,26,L R M,R,False,False,4.258626937866211,1.2265625,0.7732163667678833,False,1.4837589263916016
train-023165-f27f1ac5fcee0813,12,11,train,17473714516875151379,pointer,D,M,C,False,G,False,False,5.433938026428223,-4.9375,-5.5,0.8125,1.2781931362142973,16,M L H,L,False,False,3.736692428588867,1.25,0.7772998809814453,False,1.5019290447235107
train-023165-f27f1ac5fcee0813,12,12,train,17473714516875151379,pointer,D,H,G,False,G,False,False,5.094964027404785,-4.6875,-4.6875,2.625,1.5865743900145577,18,H B M,H,False,True,3.754796266555786,1.3125,0.7879312038421631,True,0.23834450542926788
train-029871-67b857cb3a4ad356,1,1,train,7473820111989298006,pointer,Y,E,E,True,E,True,False,0.00010108436981681734,9.6875,9.6875,9.6875,0.001182718183303385,1,E A C,E,True,True,0.00010930894495686516,-0.15625,0.46101677417755127,True,0.7743208408355713
train-029871-67b857cb3a4ad356,1,2,train,7473820111989298006,pointer,Y,R,,,E,False,True,,,-17.09375,8.9375,0.0014835348604246156,,R M T,R,,True,,-0.271484375,0.43254271149635315,,
train-029871-67b857cb3a4ad356,1,3,train,7473820111989298006,pointer,Y,M,,,E,False,True,,,-11.125,5.875,0.033585920593740375,,M T D,T,,False,,0.0021514892578125,0.5005378723144531,,
train-029871-67b857cb3a4ad356,1,4,train,7473820111989298006,pointer,Y,T,,,E,False,True,,,-8.9375,3.0625,0.41092086695101765,,T M K,K,,False,,0.388671875,0.5959629416465759,,
train-029871-67b857cb3a4ad356,1,5,train,7473820111989298006,pointer,Y,T,,,E,False,True,,,-3.0625,0.875,1.7417030891138412,,T M Q,T,,True,,0.734375,0.6757646203041077,,
train-029871-67b857cb3a4ad356,1,6,train,7473820111989298006,pointer,Y,M,,,E,False,True,,,-5.0,1.0,1.6509736248679339,,M K T,T,,False,,0.96875,0.7248703241348267,,
train-029871-67b857cb3a4ad356,1,7,train,7473820111989298006,pointer,Y,D,,,E,False,True,,,-4.375,1.0,1.4891077669082002,,D K L,K,,False,,1.1484375,0.7592254281044006,,
train-029871-67b857cb3a4ad356,1,8,train,7473820111989298006,pointer,Y,M,,,E,False,True,,,-3.625,1.1875,1.5781047297126356,,M R D,D,,False,,1.234375,0.7745833992958069,,
train-029871-67b857cb3a4ad356,1,9,train,7473820111989298006,pointer,Y,M,,,E,False,True,,,-4.375,0.3125,1.6320493711090278,,M T R,M,,True,,1.3046875,0.7866228222846985,,
train-029871-67b857cb3a4ad356,1,10,train,7473820111989298006,pointer,Y,T,,,E,False,True,,,-5.625,1.375,1.1245665499897144,,T M K,T,,True,,1.359375,0.7956580519676208,,
train-029871-67b857cb3a4ad356,1,11,train,7473820111989298006,pointer,Y,Q,,,E,False,True,,,-3.125,1.5,1.599617803672059,,Q T R,T,,False,,1.3671875,0.7969253659248352,,
train-029871-67b857cb3a4ad356,1,12,train,7473820111989298006,pointer,Y,K,,,E,False,True,,,-5.375,1.375,1.178601847212949,,K M R,K,,True,,1.375,0.7981867790222168,,
train-003367-3209c55cf82ad8de,2,1,train,3605629979778013406,pointer,G,T,T,True,O,False,False,2.264974000354414e-06,14.5,-18.6015625,14.5,3.8155083856776425e-05,1,T A R,T,True,True,2.777537883957848e-05,-0.41796875,0.3970029056072235,False,0.505842924118042
train-003367-3209c55cf82ad8de,2,2,train,3605629979778013406,pointer,G,O,O,True,O,True,False,0.0002693767019081861,8.25,8.25,8.25,0.0025410680725125954,1,O I A,O,True,True,0.00144091690890491,-0.439453125,0.39187127351760864,True,0.9368218183517456
train-003367-3209c55cf82ad8de,2,3,train,3605629979778013406,pointer,G,Q,,,O,False,True,,,-8.5625,8.25,0.016365441654798415,,Q N O,W,,False,,-0.1083984375,0.47292688488960266,,
train-003367-3209c55cf82ad8de,2,4,train,3605629979778013406,pointer,G,N,,,O,False,True,,,-8.0625,4.4375,0.1340149816780711,,N Q M,N,,True,,0.267578125,0.5664982199668884,,
train-003367-3209c55cf82ad8de,2,5,train,3605629979778013406,pointer,G,V,,,O,False,True,,,-2.8125,0.125,2.135564834629709,,V N Q,N,,False,,0.5859375,0.642432451248169,,
train-003367-3209c55cf82ad8de,2,6,train,3605629979778013406,pointer,G,N,,,O,False,True,,,-3.875,0.375,1.5946500092893756,,N U B,U,,False,,0.8828125,0.7074047327041626,,
train-003367-3209c55cf82ad8de,2,7,train,3605629979778013406,pointer,G,M,,,O,False,True,,,-2.3125,1.25,2.3750421639418344,,M U Q,U,,False,,1.0390625,0.7386690378189087,,
train-003367-3209c55cf82ad8de,2,8,train,3605629979778013406,pointer,G,W,,,O,False,True,,,-3.3125,2.0625,2.378077752480277,,W N M,W,,True,,1.1953125,0.7676898241043091,,
train-003367-3209c55cf82ad8de,2,9,train,3605629979778013406,pointer,G,Y,,,O,False,True,,,-5.125,1.5,1.1494778787245337,,Y W J,W,,False,,1.2734375,0.7813306450843811,,
train-003367-3209c55cf82ad8de,2,10,train,3605629979778013406,pointer,G,K,,,O,False,True,,,-5.8125,1.9375,0.9117887103165808,,K Y X,Y,,False,,1.2265625,0.7732163667678833,,
train-003367-3209c55cf82ad8de,2,11,train,3605629979778013406,pointer,G,K,,,O,False,True,,,-5.1875,1.0625,1.485703518845442,,K A Y,A,,False,,1.2578125,0.7786493301391602,,
train-003367-3209c55cf82ad8de,2,12,train,3605629979778013406,pointer,G,A,,,O,False,True,,,-5.4375,2.1875,1.2574331175811986,,A K N,A,,True,,1.28125,0.7826625108718872,,
train-016841-cdf31b3615b95ae3,3,1,train,14840235116222569187,pointer,P,Y,Y,True,Z,False,False,3.0278701160568744e-05,11.3125,-14.0,11.3125,0.00039807180054811413,1,Y R Q,Y,True,True,4.708655978902243e-05,-0.34375,0.4148988723754883,False,0.5359705090522766
train-016841-cdf31b3615b95ae3,3,2,train,14840235116222569187,pointer,P,N,N,True,Z,False,False,8.702239938429557e-06,12.125,-17.96875,12.125,0.00012293487123536995,1,N M O,N,True,True,0.0007425173535011709,-0.376953125,0.4068619906902313,False,0.5223281383514404
train-016841-cdf31b3615b95ae3,3,3,train,14840235116222569187,pointer,P,Z,Z,True,Z,True,False,0.001122202374972403,8.375,8.375,8.375,0.011951764038388952,1,Z N I,N,False,False,2.936473846435547,-0.15625,0.46101677417755127,True,0.7743208408355713
train-016841-cdf31b3615b95ae3,3,4,train,14840235116222569187,pointer,P,R,,,Z,False,True,,,-2.8125,2.8125,0.3801167403538003,,R Z M,N,,False,,0.30078125,0.5746335387229919,,
train-016841-cdf31b3615b95ae3,3,5,train,14840235116222569187,pointer,P,M,,,Z,False,True,,,-4.375,2.1875,1.1185368732840575,,M R B,M,,True,,0.67578125,0.6627964973449707,,
train-016841-cdf31b3615b95ae3,3,6,train,14840235116222569187,pointer,P,H,,,Z,False,True,,,-0.8125,0.75,2.5373603933432487,,H B M,N,,False,,1.0,0.7310585975646973,,
train-016841-cdf31b3615b95ae3,3,7,train,14840235116222569187,pointer,P,H,,,Z,False,True,,,-0.5625,0.5625,2.9561548351988045,,H W Z,W,,False,,1.234375,0.7745833992958069,,
train-016841-cdf31b3615b95ae3,3,8,train,14840235116222569187,pointer,P,J,,,Z,False,True,,,-1.0625,0.5625,3.101185129827154,,J Q T,J,,True,,1.3515625,0.7943849563598633,,
train-016841-cdf31b3615b95ae3,3,9,train,14840235116222569187,pointer,P,Q,,,Z,False,True,,,-1.0625,0.5625,3.103806526944507,,Q J H,J,,False,,1.4296875,0.8068526387214661,,
train-016841-cdf31b3615b95ae3,3,10,train,14840235116222569187,pointer,P,E,,,Z,False,True,,,-1.5,0.125,3.085771423565121,,E Q H,E,,True,,1.4765625,0.8140527606010437,,
train-016841-cdf31b3615b95ae3,3,11,train,14840235116222569187,pointer,P,E,,,Z,False,True,,,-1.25,0.25,3.127159028171979,,E G X,E,,True,,1.484375,0.815232515335083,,
train-016841-cdf31b3615b95ae3,3,12,train,14840235116222569187,pointer,P,E,,,Z,False,True,,,-1.9375,0.1875,3.0791497998915265,,E Q D,E,,True,,1.5234375,0.8210441470146179,,
train-028929-aed53e9833f9c666,4,1,train,12598044356066788966,pointer,B,N,N,True,T,False,False,2.396077979938127e-05,11.4375,-16.328125,11.4375,0.0003236512604322597,1,N Q M,N,True,True,0.0001110968878492713,-0.404296875,0.4002804160118103,False,0.5112930536270142
train-028929-aed53e9833f9c666,4,2,train,12598044356066788966,pointer,B,H,H,True,T,False,False,7.390948667307384e-06,13.6875,-15.4375,13.6875,0.00011466260571100217,1,H L U,H,True,True,0.0016277885297313333,-0.359375,0.41111087799072266,False,0.5295173525810242
train-028929-aed53e9833f9c666,4,3,train,12598044356066788966,pointer,B,U,U,True,T,False,False,0.0013330630026757717,8.125,-9.4375,8.125,0.013932380018040763,1,U S I,H,False,False,3.1926136016845703,-0.041015625,0.4897475838661194,False,0.6728496551513672
train-028929-aed53e9833f9c666,4,4,train,12598044356066788966,pointer,B,T,T,True,T,True,False,0.6448530554771423,0.125,0.125,0.125,0.7817776705337361,1,T R S,T,True,True,0.660132884979248,0.3125,0.5774953961372375,True,0.5490548610687256
train-028929-aed53e9833f9c666,4,5,train,12598044356066788966,pointer,B,D,,,T,False,True,,,-4.5625,1.5625,1.2648685137863824,,D R W,R,,False,,0.671875,0.6619228720664978,,
train-028929-aed53e9833f9c666,4,6,train,12598044356066788966,pointer,B,R,,,T,False,True,,,-5.1875,0.3125,1.226210595421047,,R O D,O,,False,,0.890625,0.709019124507904,,
train-028929-aed53e9833f9c666,4,7,train,12598044356066788966,pointer,B,R,,,T,False,True,,,-1.9375,0.5625,2.790946403930037,,R H S,H,,False,,1.125,0.7549149990081787,,
train-028929-aed53e9833f9c666,4,8,train,12598044356066788966,pointer,B,R,,,T,False,True,,,-1.1875,0.125,2.736576359713368,,R H U,H,,False,,1.2734375,0.7813306450843811,,
train-028929-aed53e9833f9c666,4,9,train,12598044356066788966,pointer,B,R,,,T,False,True,,,-1.75,0.625,2.7833794205614693,,R S H,H,,False,,1.3828125,0.7994422912597656,,
train-028929-aed53e9833f9c666,4,10,train,12598044356066788966,pointer,B,R,,,T,False,True,,,-3.0,2.3125,1.7176725951841099,,R S T,R,,True,,1.453125,0.8104788661003113,,
train-028929-aed53e9833f9c666,4,11,train,12598044356066788966,pointer,B,R,,,T,False,True,,,-3.3125,2.1875,1.5925073249569788,,R S T,R,,True,,1.5,0.8175744414329529,,
train-028929-aed53e9833f9c666,4,12,train,12598044356066788966,pointer,B,R,,,T,False,True,,,-3.5625,2.4375,1.3544008605416928,,R S T,R,,True,,1.515625,0.8198933005332947,,
train-001498-b9ff9c1a1c2b8105,5,1,train,13402602652033581317,pointer,X,L,L,True,B,False,False,2.861018856492592e-06,13.59375,-14.78125,13.59375,4.5034368072727336e-05,1,L I B,L,True,True,6.329813186312094e-05,-0.3984375,0.4016878008842468,False,0.5136426091194153
train-001498-b9ff9c1a1c2b8105,5,2,train,13402602652033581317,pointer,X,V,V,True,B,False,False,4.625213477993384e-05,10.1875,-16.46875,10.1875,0.0005499196726184947,1,V L C,V,True,True,0.0005869334563612938,-0.4375,0.3923368453979492,False,0.4981345534324646
train-001498-b9ff9c1a1c2b8105,5,3,train,13402602652033581317,pointer,X,M,M,True,B,False,False,0.0006711614551022649,8.9375,-10.625,8.9375,0.007500214761779913,1,M S V,M,True,True,0.0360223613679409,-0.240234375,0.4402286112308502,False,0.5802267789840698
train-001498-b9ff9c1a1c2b8105,5,4,train,13402602652033581317,pointer,X,W,W,True,B,False,False,0.008968664333224297,5.1875,-7.1875,5.1875,0.06648839454537991,1,W M B,M,False,False,4.849208831787109,0.10205078125,0.5254905819892883,False,0.7454738020896912
train-001498-b9ff9c1a1c2b8105,5,5,train,13402602652033581317,pointer,X,B,B,True,B,True,False,0.05528349429368973,4.0625,4.0625,4.0625,0.3440493489022533,1,B W M,M,False,False,3.1343283653259277,0.5234375,0.6279512047767639,True,0.4652928113937378
train-001498-b9ff9c1a1c2b8105,5,6,train,13402602652033581317,pointer,X,R,,,B,False,True,,,-2.5,2.5,0.9229509113681389,,R B U,R,,True,,0.83984375,0.6984323263168335,,
train-001498-b9ff9c1a1c2b8105,5,7,train,13402602652033581317,pointer,X,A,,,B,False,True,,,-2.6875,0.375,1.8523317415000045,,A R U,A,,True,,1.0625,0.7431680560112,,
train-001498-b9ff9c1a1c2b8105,5,8,train,13402602652033581317,pointer,X,A,,,B,False,True,,,-3.0,1.5625,1.950789038856886,,A R X,A,,True,,1.2109375,0.7704647779464722,,
train-001498-b9ff9c1a1c2b8105,5,9,train,13402602652033581317,pointer,X,A,,,B,False,True,,,-2.5625,1.3125,2.1903245619421665,,A R B,A,,True,,1.3046875,0.7866228222846985,,
train-001498-b9ff9c1a1c2b8105,5,10,train,13402602652033581317,pointer,X,A,,,B,False,True,,,-2.5,1.1875,2.2581925193405312,,A R B,A,,True,,1.359375,0.7956580519676208,,
train-001498-b9ff9c1a1c2b8105,5,11,train,13402602652033581317,pointer,X,A,,,B,False,True,,,-2.4375,1.1875,2.297181872811781,,A R B,A,,True,,1.3984375,0.8019358515739441,,
train-001498-b9ff9c1a1c2b8105,5,12,train,13402602652033581317,pointer,X,A,,,B,False,True,,,-2.4375,1.1875,2.3102017939944552,,A R B,A,,True,,1.421875,0.8056321740150452,,
train-009185-0259c718e550a631,6,1,train,169385370743514673,pointer,I,S,S,True,F,False,False,1.2278481335670222e-05,12.65625,-14.53125,12.65625,0.0001793845198581125,1,S R T,S,True,True,9.989239333663136e-05,-0.4296875,0.3942009508609772,False,0.5012069344520569
train-009185-0259c718e550a631,6,2,train,169385370743514673,pointer,I,G,G,True,F,False,False,5.960446742392378e-06,12.5,-14.6875,12.5,8.725364641640161e-05,1,G C B,G,True,True,0.00033098942367359996,-0.486328125,0.3807589113712311,False,0.4792606830596924
train-009185-0259c718e550a631,6,3,train,169385370743514673,pointer,I,U,U,True,F,False,False,0.000256982195423916,9.75,-11.75,9.75,0.0030428253172358212,1,U G H,U,True,True,0.07964696735143661,-0.265625,0.43398144841194153,False,0.5691284537315369
train-009185-0259c718e550a631,6,4,train,169385370743514673,pointer,I,H,H,True,F,False,False,0.0354883149266243,3.8125,-6.875,3.8125,0.2137667077490286,1,H U L,U,False,False,3.911524534225464,0.1552734375,0.5387405753135681,False,0.7737945914268494
train-009185-0259c718e550a631,6,5,train,169385370743514673,pointer,I,H,Z,False,F,False,False,2.147814989089966,-1.4375,-2.0625,1.4375,2.004287665442429,2,H Z L,H,False,True,3.249004602432251,0.5703125,0.6388352513313293,False,1.0184211730957031
train-009185-0259c718e550a631,6,6,train,169385370743514673,pointer,I,F,F,True,F,True,False,0.666168212890625,1.125,1.125,1.125,1.9605991157752707,1,F Z H,V,False,False,3.6082539558410645,0.8984375,0.7106282711029053,True,0.3416057825088501
train-009185-0259c718e550a631,6,7,train,169385370743514673,pointer,I,F,,,F,True,True,,,1.5,1.5,2.408364262866064,,F M U,F,,True,,1.1171875,0.7534666657447815,,
train-009185-0259c718e550a631,6,8,train,169385370743514673,pointer,I,A,,,F,False,True,,,-2.6875,1.375,2.1508756386250876,,A D B,A,,True,,1.2734375,0.7813306450843811,,
train-009185-0259c718e550a631,6,9,train,169385370743514673,pointer,I,I,,,F,False,True,,,-2.1875,1.5625,2.739988208414548,,I D M,I,,True,,1.3671875,0.7969253659248352,,
train-009185-0259c718e550a631,6,10,train,169385370743514673,pointer,I,R,,,F,False,True,,,-4.3125,1.375,1.4746115292148008,,R S I,I,,False,,1.375,0.7981867790222168,,
train-009185-0259c718e550a631,6,11,train,169385370743514673,pointer,I,P,,,F,False,True,,,-6.125,3.125,0.8429673813935685,,P D R,R,,False,,1.328125,0.7905303239822388,,
train-009185-0259c718e550a631,6,12,train,169385370743514673,pointer,I,P,,,F,False,True,,,-4.3125,0.9375,1.8982671445042376,,P D R,P,,True,,1.3203125,0.7892336845397949,,
train-012210-97996b7238ffee47,8,1,train,10923880509490589255,pointer,R,Q,Q,True,V,False,False,2.372236667724792e-05,10.96875,-18.419921875,10.96875,0.00030373891007963216,1,Q K L,Q,True,True,0.00010680581908673048,-0.47265625,0.3839877247810364,False,0.48448842763900757
train-012210-97996b7238ffee47,8,2,train,10923880509490589255,pointer,R,M,M,True,V,False,False,0.00011574551899684593,10.25,-14.25,10.25,0.0014404563624803037,1,M T C,M,True,True,8.928377064876258e-05,-0.51953125,0.3729618489742279,False,0.4667479395866394
train-012210-97996b7238ffee47,8,3,train,10923880509490589255,pointer,R,U,U,True,V,False,False,0.15285243093967438,1.9375,-9.28125,1.9375,0.50266786685396,1,U T Y,T,False,False,2.9692742824554443,-0.27734375,0.4311051070690155,False,0.5640596151351929
train-012210-97996b7238ffee47,8,4,train,10923880509490589255,pointer,R,Y,Y,True,V,False,False,0.025709712877869606,4.5625,-9.0,4.5625,0.18057717133077644,1,Y U X,Y,True,True,2.2578091621398926,0.18359375,0.5457699298858643,False,0.7891514897346497
train-012210-97996b7238ffee47,8,5,train,10923880509490589255,pointer,R,B,B,True,V,False,False,0.05199601873755455,3.625,-8.125,3.625,0.31116373850273277,1,B S C,B,True,True,0.9877825975418091,0.48828125,0.6197014451026917,False,0.9667986631393433
train-012210-97996b7238ffee47,8,6,train,10923880509490589255,pointer,R,C,S,False,V,False,False,2.2222964763641357,-1.6875,-3.875,1.3125,1.5556586336853029,3,C R S,S,True,False,0.7348290085792542,0.81640625,0.6934729218482971,False,1.1824493408203125
train-012210-97996b7238ffee47,8,7,train,10923880509490589255,pointer,R,V,C,False,V,True,False,2.108335494995117,-1.25,1.0625,1.0625,2.0849488375678162,3,V R C,S,False,False,2.963685989379883,1.015625,0.7341195344924927,False,1.3247084617614746
train-012210-97996b7238ffee47,8,8,train,10923880509490589255,pointer,R,V,V,True,V,True,False,1.3103687763214111,0.1875,0.1875,0.1875,2.474553254715423,1,V P T,V,True,True,2.4072678089141846,1.1484375,0.7592254281044006,True,0.27545657753944397
train-012210-97996b7238ffee47,8,9,train,10923880509490589255,pointer,R,P,,,V,False,True,,,-0.75,0.75,2.585286274710271,,P V T,P,,True,,1.234375,0.7745833992958069,,
train-012210-97996b7238ffee47,8,10,train,10923880509490589255,pointer,R,P,,,V,False,True,,,-0.75,0.75,2.3137964618411777,,P V T,P,,True,,1.28125,0.7826625108718872,,
train-012210-97996b7238ffee47,8,11,train,10923880509490589255,pointer,R,P,,,V,False,True,,,-1.5,1.4375,2.6312478097432273,,P T V,P,,True,,1.3125,0.7879312038421631,,
train-012210-97996b7238ffee47,8,12,train,10923880509490589255,pointer,R,V,,,V,True,True,,,0.0625,0.0625,2.1612987379340187,,V P T,P,,False,,1.3125,0.7879312038421631,,
train-034999-4841f772dd44612d,10,1,train,5206714716927582509,pointer,N,R,R,True,U,False,False,1.3589766240329482e-05,12.0625,-19.453125,12.0625,0.00019316443014830013,1,R Q C,R,True,True,0.0003819928097072989,-0.40625,0.39981165528297424,False,0.5105117559432983
train-034999-4841f772dd44612d,10,2,train,5206714716927582509,pointer,N,H,H,True,U,False,False,2.1934269170742482e-05,11.0,-15.4375,11.0,0.00028394726913793275,1,H L X,H,True,True,0.0011314902221783996,-0.349609375,0.4134771525859833,False,0.5335437059402466
train-034999-4841f772dd44612d,10,3,train,5206714716927582509,pointer,N,G,G,True,U,False,False,0.001632430125027895,8.5,-11.3125,8.5,0.016680446677818175,1,G D L,H,False,False,3.3556582927703857,-0.0203857421875,0.49490371346473694,False,0.683006227016449
train-034999-4841f772dd44612d,10,4,train,5206714716927582509,pointer,N,V,V,True,U,False,False,0.01623469777405262,5.25,-7.875,5.25,0.1250361517272381,1,V P L,G,False,False,3.0858445167541504,0.322265625,0.5798763036727905,False,0.8672060966491699
train-034999-4841f772dd44612d,10,5,train,5206714716927582509,pointer,N,V,P,False,U,False,False,2.323306083679199,-2.1875,-6.9375,2.1875,0.5312648496689721,2,V P G,G,False,False,2.0968680381774902,0.59375,0.6442250609397888,False,1.0334570407867432
train-034999-4841f772dd44612d,10,6,train,5206714716927582509,pointer,N,P,O,False,U,False,False,5.700709342956543,-5.5625,-6.1875,2.75,0.6915856314678553,11,P V M,P,False,True,3.635037899017334,0.80078125,0.6901415586471558,False,1.1716398000717163
train-034999-4841f772dd44612d,10,7,train,5206714716927582509,pointer,N,V,B,False,U,False,False,5.513664722442627,-5.0625,-5.25,0.9375,1.2205683306770296,16,V P O,P,False,False,4.224498748779297,0.97265625,0.7256485819816589,False,1.29334557056427
train-034999-4841f772dd44612d,10,8,train,5206714716927582509,pointer,N,P,W,False,U,False,False,4.784328460693359,-3.875,-3.625,1.0,2.378239688320628,24,P B V,P,False,True,3.5014889240264893,1.140625,0.7577943801879883,False,1.4179682731628418
train-034999-4841f772dd44612d,10,9,train,5206714716927582509,pointer,N,W,L,False,U,False,False,2.0792298316955566,-1.375,-4.1875,1.375,2.1026035269985126,2,W L B,B,False,False,3.155137062072754,1.2578125,0.7786493301391602,False,1.5080070495605469
train-034999-4841f772dd44612d,10,10,train,5206714716927582509,pointer,N,L,U,False,U,False,False,5.737729549407959,-5.5625,-5.5625,3.5,0.9168567594398869,21,L W X,L,False,True,4.663559436798096,1.28125,0.7826625108718872,True,0.2450537383556366
train-034999-4841f772dd44612d,10,11,train,5206714716927582509,pointer,N,U,,,U,True,True,,,0.875,0.875,1.5585141747520794,,U L Y,L,,False,,1.28125,0.7826625108718872,,
train-034999-4841f772dd44612d,10,12,train,5206714716927582509,pointer,N,Y,,,U,False,True,,,-3.4375,2.75,1.5892388465179703,,Y I N,Y,,True,,1.3671875,0.7969253659248352,,
train-011564-7762883a563e37c9,12,1,train,8602588022367467465,pointer,E,N,N,True,T,False,False,1.764281842042692e-05,11.9375,-16.046875,11.9375,0.0002464512175272001,1,N M O,N,True,True,4.172238186583854e-05,-0.3984375,0.4016878008842468,False,0.5136426091194153
train-011564-7762883a563e37c9,12,2,train,8602588022367467465,pointer,E,V,V,True,T,False,False,6.079655122448457e-06,13.75,-14.8125,13.75,9.653667679842487e-05,1,V D C,V,True,True,0.0013908008113503456,-0.423828125,0.3956010639667511,False,0.5035208463668823
train-011564-7762883a563e37c9,12,3,train,8602588022367467465,pointer,E,M,M,True,T,False,False,0.0031207927968353033,6.3125,-6.3125,6.3125,0.02698693618511514,1,M T Z,V,False,False,4.0729451179504395,-0.0673828125,0.4831606447696686,False,0.6600232124328613
train-011564-7762883a563e37c9,12,4,train,8602588022367467465,pointer,E,I,T,False,T,False,False,4.201117038726807,-3.8125,-3.8125,1.3125,1.2350728376014197,5,I M S,M,False,False,3.7884538173675537,0.3515625,0.5869964361190796,False,0.8842990398406982
train-011564-7762883a563e37c9,12,5,train,8602588022367467465,pointer,E,Q,D,False,T,False,False,6.42063045501709,-6.3125,-3.6875,3.6875,0.5791680660424032,11,Q I T,E,False,False,3.1102118492126465,0.69140625,0.666279673576355,False,1.0974520444869995
train-011564-7762883a563e37c9,12,6,train,8602588022367467465,pointer,E,I,V,False,T,False,False,6.70177698135376,-6.0625,-0.8125,0.8125,1.5790440191630633,25,I T S,T,False,False,3.4852447509765625,0.90234375,0.7114308476448059,False,1.2428207397460938
train-011564-7762883a563e37c9,12,7,train,8602588022367467465,pointer,E,Q,M,False,T,False,False,5.380486011505127,-5.25,-3.5625,3.3125,0.6673272223515891,6,Q I T,I,False,False,3.4983694553375244,1.0625,0.7431680560112,False,1.3593331575393677
train-011564-7762883a563e37c9,12,8,train,8602588022367467465,pointer,E,I,T,False,T,False,False,1.635256052017212,-1.0625,-1.0625,1.0625,1.575585248084933,2,I T S,T,True,False,1.804113507270813,1.1484375,0.7592254281044006,False,1.4238940477371216
train-011564-7762883a563e37c9,12,9,train,8602588022367467465,pointer,E,Q,D,False,T,False,False,6.172632217407227,-6.0,-3.0,3.0,0.81306407999647,15,Q T I,I,False,False,3.0207114219665527,1.2265625,0.7732163667678833,False,1.4837589263916016
train-011564-7762883a563e37c9,12,10,train,8602588022367467465,pointer,E,I,V,False,T,False,False,6.29417610168457,-5.1875,-0.25,0.25,1.9384729347189802,25,I T S,T,False,False,3.4583640098571777,1.2734375,0.7813306450843811,False,1.520194411277771
train-011564-7762883a563e37c9,12,11,train,8602588022367467465,pointer,E,Q,M,False,T,False,False,4.585946559906006,-4.0,-1.0625,1.0625,1.5942968874838261,7,Q T I,S,False,False,3.450207471847534,1.3359375,0.7918210625648499,False,1.5693573951721191
train-011564-7762883a563e37c9,12,12,train,8602588022367467465,pointer,E,D,T,False,T,False,False,1.3821583986282349,0.0,0.0,0.0,2.1448134291441026,2,D T I,T,True,False,2.548489570617676,1.3984375,0.8019358515739441,True,0.22072669863700867
train-009225-e6d88a97d91644e8,1,1,train,16634197608479737064,pointer,S,U,U,True,U,True,False,7.271740287251305e-06,13.65625,13.65625,13.65625,0.00011124660136127306,1,U V F,U,True,True,6.5205356804654e-05,-0.2294921875,0.4428774416446686,True,0.8144622445106506
train-009225-e6d88a97d91644e8,1,2,train,16634197608479737064,pointer,S,J,,,U,False,True,,,-16.0625,12.75,8.602303285157721e-05,,J Y B,J,,True,,-0.322265625,0.4201236963272095,,
train-009225-e6d88a97d91644e8,1,3,train,16634197608479737064,pointer,S,Y,,,U,False,True,,,-10.6875,7.625,0.007916759333318943,,Y W J,Y,,True,,-0.12890625,0.4678179919719696,,
train-009225-e6d88a97d91644e8,1,4,train,16634197608479737064,pointer,S,W,,,U,False,True,,,-7.625,4.4375,0.16768617787203074,,W Y H,Y,,False,,0.26953125,0.5669777989387512,,
train-009225-e6d88a97d91644e8,1,5,train,16634197608479737064,pointer,S,H,,,U,False,True,,,-7.875,2.25,0.47897920718236114,,H W L,W,,False,,0.5859375,0.642432451248169,,
train-009225-e6d88a97d91644e8,1,6,train,16634197608479737064,pointer,S,H,,,U,False,True,,,-6.8125,1.4375,0.8826621160180461,,H I W,W,,False,,0.8359375,0.6976089477539062,,
train-009225-e6d88a97d91644e8,1,7,train,16634197608479737064,pointer,S,I,,,U,False,True,,,-6.0,1.75,1.1649539400019855,,I H B,I,,True,,1.0234375,0.735641598701477,,
train-009225-e6d88a97d91644e8,1,8,train,16634197608479737064,pointer,S,B,,,U,False,True,,,-5.5,0.0,1.4100149013812684,,B I H,B,,True,,1.15625,0.7606506943702698,,
train-009225-e6d88a97d91644e8,1,9,train,16634197608479737064,pointer,S,B,,,U,False,True,,,-5.375,2.25,1.4104277984854146,,B I N,B,,True,,1.2109375,0.7704647779464722,,
train-009225-e6d88a97d91644e8,1,10,train,16634197608479737064,pointer,S,N,,,U,False,True,,,-5.5625,1.875,0.8364304207801128,,N B S,B,,False,,1.1953125,0.7676898241043091,,
train-009225-e6d88a97d91644e8,1,11,train,16634197608479737064,pointer,S,M,,,U,False,True,,,-5.25,2.0,0.7967050343264842,,M N T,N,,False,,1.1328125,0.7563575506210327,,
train-009225-e6d88a97d91644e8,1,12,train,16634197608479737064,pointer,S,T,,,U,False,True,,,-2.9375,2.5625,1.5606597118504157,,T M K,T,,True,,1.1875,0.7662936449050903,,
train-001306-18fe11ce3b98c489,2,1,train,1800896478455579785,pointer,E,N,N,True,I,False,False,1.5735502529423684e-05,11.875,-17.96875,11.875,0.00021988582867971576,1,N M Q,N,True,True,3.302042750874534e-05,-0.3671875,0.40922078490257263,False,0.5263129472732544
train-001306-18fe11ce3b98c489,2,2,train,1800896478455579785,pointer,E,I,I,True,I,True,False,1.1324817933200393e-05,12.6875,12.6875,12.6875,0.0001677976356103117,1,I A O,I,True,True,0.0010236029047518969,-0.451171875,0.3890821933746338,True,0.9439647197723389
train-001306-18fe11ce3b98c489,2,3,train,1800896478455579785,pointer,E,F,,,I,False,True,,,-10.5,9.625,0.006055096184531767,,F C D,I,,False,,-0.1396484375,0.4651445150375366,,
train-001306-18fe11ce3b98c489,2,4,train,1800896478455579785,pointer,E,A,,,I,False,True,,,-3.9375,3.9375,0.1942019538085844,,A I B,I,,False,,0.2294921875,0.5571225881576538,,
train-001306-18fe11ce3b98c489,2,5,train,1800896478455579785,pointer,E,J,,,I,False,True,,,-5.6875,2.3125,1.1208040546829425,,J L H,L,,False,,0.546875,0.6334102749824524,,
train-001306-18fe11ce3b98c489,2,6,train,1800896478455579785,pointer,E,O,,,I,False,True,,,-4.9375,2.625,0.8308578436829247,,O J P,J,,False,,0.8046875,0.6909762620925903,,
train-001306-18fe11ce3b98c489,2,7,train,1800896478455579785,pointer,E,P,,,I,False,True,,,-5.0625,3.0,0.7388070803146428,,P Q C,P,,True,,0.984375,0.7279754281044006,,
train-001306-18fe11ce3b98c489,2,8,train,1800896478455579785,pointer,E,Q,,,I,False,True,,,-3.8125,1.875,2.1357791610805914,,Q P D,Q,,True,,1.1875,0.7662936449050903,,
train-001306-18fe11ce3b98c489,2,9,train,1800896478455579785,pointer,E,W,,,I,False,True,,,-4.375,0.125,1.889520970309652,,W Q D,Q,,False,,1.328125,0.7905303239822388,,
train-001306-18fe11ce3b98c489,2,10,train,1800896478455579785,pointer,E,D,,,I,False,True,,,-3.3125,1.375,2.4125462876162223,,D W C,D,,True,,1.3671875,0.7969253659248352,,
train-001306-18fe11ce3b98c489,2,11,train,1800896478455579785,pointer,E,G,,,I,False,True,,,-3.1875,0.625,2.6131651585289357,,G D R,D,,False,,1.3515625,0.7943849563598633,,
train-001306-18fe11ce3b98c489,2,12,train,1800896478455579785,pointer,E,V,,,I,False,True,,,-1.8125,0.4375,3.0854746210230677,,V Z U,V,,True,,1.40625,0.8031737804412842,,
train-016049-a073b77648266286,3,1,train,11561786387034694278,pointer,G,A,A,True,E,False,False,3.814689989667386e-06,13.71875,-15.78125,13.71875,6.08814515872419e-05,1,A B N,A,True,True,4.458328112377785e-05,-0.400390625,0.4012185037136078,False,0.512858510017395
train-016049-a073b77648266286,3,2,train,11561786387034694278,pointer,G,M,M,True,E,False,False,0.0005788319394923747,9.1875,-12.34375,9.1875,0.006389856594236822,1,M T C,M,True,True,0.00011097769311163574,-0.48046875,0.3821414113044739,False,0.48149573802948
train-016049-a073b77648266286,3,3,train,11561786387034694278,pointer,G,E,E,True,E,True,False,0.000692961853928864,8.9375,8.9375,8.9375,0.0077335519416100035,1,E F C,U,False,False,2.7262444496154785,-0.224609375,0.4440825283527374,True,0.8117448091506958
train-016049-a073b77648266286,3,4,train,11561786387034694278,pointer,G,K,,,E,False,True,,,-12.28125,8.0625,0.019233287567305628,,K J L,K,,True,,0.154296875,0.5384978652000427,,
train-016049-a073b77648266286,3,5,train,11561786387034694278,pointer,G,V,,,E,False,True,,,-3.3125,1.875,1.6546235043589077,,V K P,V,,True,,0.609375,0.6477982401847839,,
train-016049-a073b77648266286,3,6,train,11561786387034694278,pointer,G,Q,,,E,False,True,,,-5.0,2.8125,1.1676489174673226,,Q V U,V,,False,,0.87890625,0.7065955400466919,,
train-016049-a073b77648266286,3,7,train,11561786387034694278,pointer,G,W,,,E,False,True,,,-4.9375,3.5,0.9051261289148793,,W D H,W,,True,,1.046875,0.740174412727356,,
train-016049-a073b77648266286,3,8,train,11561786387034694278,pointer,G,N,,,E,False,True,,,-2.875,0.0,2.623658801024012,,N X O,N,,True,,1.1171875,0.7534666657447815,,
train-016049-a073b77648266286,3,9,train,11561786387034694278,pointer,G,X,,,E,False,True,,,-3.5,0.1875,1.5413244897679925,,X B C,X,,True,,1.1953125,0.7676898241043091,,
train-016049-a073b77648266286,3,10,train,11561786387034694278,pointer,G,L,,,E,False,True,,,-2.875,0.875,2.7661354226881407,,L Z C,C,,False,,1.234375,0.7745833992958069,,
train-016049-a073b77648266286,3,11,train,11561786387034694278,pointer,G,O,,,E,False,True,,,-3.3125,0.5625,2.4153791159899693,,O H L,N,,False,,1.3125,0.7879312038421631,,
train-016049-a073b77648266286,3,12,train,11561786387034694278,pointer,G,H,,,E,False,True,,,-1.4375,1.0625,2.7553419285244427,,H X K,X,,False,,1.4296875,0.8068526387214661,,
train-010893-54a61a1968f8e7bf,4,1,train,6099591441757562815,pointer,F,N,N,True,Q,False,False,2.1815061700181104e-05,11.4375,-12.75,11.4375,0.00029585802040562746,1,N M O,N,True,True,7.509902934543788e-05,-0.435546875,0.39280253648757935,False,0.4989013075828552
train-010893-54a61a1968f8e7bf,4,2,train,6099591441757562815,pointer,F,J,J,True,Q,False,False,5.960446742392378e-06,12.4375,-15.9375,12.4375,8.621396241413635e-05,1,J B D,J,True,True,0.0009559590835124254,-0.451171875,0.3890821933746338,False,0.49279284477233887
train-010893-54a61a1968f8e7bf,4,3,train,6099591441757562815,pointer,F,P,P,True,Q,False,False,0.0008835464250296354,8.375,-8.8125,8.375,0.009367332714518659,1,P J Q,J,False,False,3.938798666000366,-0.099609375,0.4751182496547699,False,0.644582211971283
train-010893-54a61a1968f8e7bf,4,4,train,6099591441757562815,pointer,F,Q,Q,True,Q,True,False,0.01555899903178215,4.8125,4.8125,4.8125,0.10746261468478639,1,Q K P,Q,True,True,1.6888103485107422,0.28515625,0.5708099007606506,True,0.5606991052627563
train-010893-54a61a1968f8e7bf,4,5,train,6099591441757562815,pointer,F,W,,,Q,False,True,,,-2.375,2.375,0.8668867019500772,,W Q K,W,,True,,0.68359375,0.6645402908325195,,
train-010893-54a61a1968f8e7bf,4,6,train,6099591441757562815,pointer,F,O,,,Q,False,True,,,-3.375,0.5,2.0651445220090694,,O W U,O,,True,,0.9609375,0.7233095169067383,,
train-010893-54a61a1968f8e7bf,4,7,train,6099591441757562815,pointer,F,O,,,Q,False,True,,,-1.0625,0.4375,2.6605411339443643,,O G P,O,,True,,1.0859375,0.7476159334182739,,
train-010893-54a61a1968f8e7bf,4,8,train,6099591441757562815,pointer,F,I,,,Q,False,True,,,-2.375,0.5,2.7295947271805625,,I G H,G,,False,,1.1875,0.7662936449050903,,
train-010893-54a61a1968f8e7bf,4,9,train,6099591441757562815,pointer,F,Z,,,Q,False,True,,,-3.375,0.875,2.7717233518904836,,Z S I,Z,,True,,1.2890625,0.7839884757995605,,
train-010893-54a61a1968f8e7bf,4,10,train,6099591441757562815,pointer,F,V,,,Q,False,True,,,-4.75,1.3125,1.430799608282575,,V Z D,Z,,False,,1.3125,0.7879312038421631,,
train-010893-54a61a1968f8e7bf,4,11,train,6099591441757562815,pointer,F,B,,,Q,False,True,,,-1.9375,1.9375,2.140966133048543,,B Q V,B,,True,,1.359375,0.7956580519676208,,
train-010893-54a61a1968f8e7bf,4,12,train,6099591441757562815,pointer,F,D,,,Q,False,True,,,-5.375,0.6875,1.671046643318262,,D B W,B,,False,,1.3515625,0.7943849563598633,,
train-035347-804f37ed051ea6d8,5,1,train,9245670051147589336,pointer,B,Y,Y,True,J,False,False,6.794698856538162e-05,10.375,-13.21875,10.375,0.0008325835099691798,1,Y R Q,Y,True,True,7.4741430580616e-05,-0.376953125,0.4068619906902313,False,0.5223281383514404
train-035347-804f37ed051ea6d8,5,2,train,9245670051147589336,pointer,B,K,K,True,J,False,False,1.764281842042692e-05,12.25,-13.3125,12.25,0.00025322485943241285,1,K H B,K,True,True,0.0002079985715681687,-0.357421875,0.411583811044693,False,0.5303207635879517
train-035347-804f37ed051ea6d8,5,3,train,9245670051147589336,pointer,B,I,I,True,J,False,False,0.0022754985839128494,8.1875,-8.9375,8.1875,0.022753184226969158,1,I A V,I,True,True,2.0492427349090576,-0.07568359375,0.4810881018638611,False,0.656021237373352
train-035347-804f37ed051ea6d8,5,4,train,9245670051147589336,pointer,B,V,V,True,J,False,False,0.17683236300945282,2.6875,-5.4375,2.6875,0.8107907258363299,1,V U I,V,True,True,1.904012680053711,0.318359375,0.5789243578910828,False,0.8649427890777588
train-035347-804f37ed051ea6d8,5,5,train,9245670051147589336,pointer,B,J,J,True,J,True,False,0.09825077652931213,3.875,3.875,3.875,0.5741889579038505,1,J U V,V,False,False,3.5242838859558105,0.6328125,0.6531268954277039,True,0.42598381638526917
train-035347-804f37ed051ea6d8,5,6,train,9245670051147589336,pointer,B,U,,,J,False,True,,,-6.875,5.4375,0.31911788327970525,,U I D,U,,True,,0.77734375,0.6851073503494263,,
train-035347-804f37ed051ea6d8,5,7,train,9245670051147589336,pointer,B,J,,,J,True,True,,,1.8125,1.8125,1.9083551339722358,,J O V,V,,False,,0.94140625,0.7193835973739624,,
train-035347-804f37ed051ea6d8,5,8,train,9245670051147589336,pointer,B,U,,,J,False,True,,,-3.8125,1.125,1.8698809655745325,,U X C,U,,True,,1.1171875,0.7534666657447815,,
train-035347-804f37ed051ea6d8,5,9,train,9245670051147589336,pointer,B,C,,,J,False,True,,,-1.9375,0.3125,3.030103116343179,,C Z V,V,,False,,1.2890625,0.7839884757995605,,
train-035347-804f37ed051ea6d8,5,10,train,9245670051147589336,pointer,B,Z,,,J,False,True,,,-2.6875,1.375,2.953136659271676,,Z V C,V,,False,,1.4296875,0.8068526387214661,,
train-035347-804f37ed051ea6d8,5,11,train,9245670051147589336,pointer,B,R,,,J,False,True,,,-1.5625,0.0625,3.12640057069959,,R P G,R,,True,,1.5234375,0.8210441470146179,,
train-035347-804f37ed051ea6d8,5,12,train,9245670051147589336,pointer,B,R,,,J,False,True,,,-1.625,0.5,3.176025681491092,,R P H,N,,False,,1.609375,0.8333246111869812,,
train-012677-fa476f934299767c,6,1,train,18034505911096669820,pointer,N,N,N,True,N,True,False,3.0040289857424796e-05,11.375,11.375,11.375,0.00040029382018416274,1,N M O,N,True,True,9.858122211880982e-05,-0.4375,0.3923368453979492,False,0.4981345534324646
train-012677-fa476f934299767c,6,2,train,18034505911096669820,pointer,N,N,N,True,N,True,False,1.4781842764932662e-05,11.75,11.75,11.75,0.0002040543995211717,1,N M S,N,True,True,0.00037448544753715396,-0.455078125,0.3881540596485138,False,0.4912748336791992
train-012677-fa476f934299767c,6,3,train,18034505911096669820,pointer,N,N,N,True,N,True,False,0.0002759314374998212,9.625,9.625,9.625,0.003210139083196754,1,N I M,N,True,True,0.030191656202077866,-0.283203125,0.4296686351299286,False,0.5615378022193909
train-012677-fa476f934299767c,6,4,train,18034505911096669820,pointer,N,N,N,True,N,True,False,0.04083900898694992,3.875,3.875,3.875,0.25114465689082277,1,N O M,O,False,False,1.6026124954223633,0.11083984375,0.5276816487312317,False,0.7501019835472107
train-012677-fa476f934299767c,6,5,train,18034505911096669820,pointer,N,N,N,True,N,True,False,0.24358202517032623,2.0,2.0,2.0,0.9913613752932763,1,N O C,O,False,False,2.4535322189331055,0.5078125,0.6242935657501221,False,0.9789471626281738
train-012677-fa476f934299767c,6,6,train,18034505911096669820,pointer,N,N,N,True,N,True,False,0.44859904050827026,1.6875,1.6875,1.6875,1.5860785676682332,1,N O C,O,False,False,2.6133742332458496,0.82421875,0.6951311230659485,True,0.3636547923088074
train-012677-fa476f934299767c,6,7,train,18034505911096669820,pointer,N,N,,,N,True,True,,,2.0625,2.0625,1.6814379325195847,,N G C,G,,False,,1.0546875,0.74167400598526,,
train-012677-fa476f934299767c,6,8,train,18034505911096669820,pointer,N,N,,,N,True,True,,,1.0625,1.0625,2.3440513829240097,,N G K,G,,False,,1.203125,0.7690802216529846,,
train-012677-fa476f934299767c,6,9,train,18034505911096669820,pointer,N,N,,,N,True,True,,,0.875,0.875,2.4541761447449537,,N G K,G,,False,,1.3125,0.7879312038421631,,
train-012677-fa476f934299767c,6,10,train,18034505911096669820,pointer,N,G,,,N,False,True,,,-0.0625,0.0625,2.698905908427502,,G N C,G,,True,,1.375,0.7981867790222168,,
train-012677-fa476f934299767c,6,11,train,18034505911096669820,pointer,N,C,,,N,False,True,,,-0.25,0.125,2.7946237605316053,,C J N,J,,False,,1.3984375,0.8019358515739441,,
train-012677-fa476f934299767c,6,12,train,18034505911096669820,pointer,N,U,,,N,False,True,,,-0.8125,0.8125,2.656017263508309,,U N K,U,,True,,1.3828125,0.7994422912597656,,
train-011589-e2ac7a4572e7f3c6,8,1,train,16333564387265082310,pointer,J,L,L,True,U,False,False,1.9073468138230965e-06,14.4375,-16.765625,14.4375,3.1509879228620166e-05,1,L I B,L,True,True,4.0411134250462055e-05,-0.494140625,0.3789186179637909,False,0.47629314661026
train-011589-e2ac7a4572e7f3c6,8,2,train,16333564387265082310,pointer,J,B,B,True,U,False,False,9.179073458653875e-06,12.5625,-17.15625,12.5625,0.00013535576879617048,1,B C A,B,True,True,0.005684875417500734,-0.50390625,0.37662312388420105,False,0.47260403633117676
train-011589-e2ac7a4572e7f3c6,8,3,train,16333564387265082310,pointer,J,K,K,True,U,False,False,0.0015988674713298678,7.75,-11.875,7.75,0.01619188471705418,1,K Q B,B,False,False,2.8901381492614746,-0.12890625,0.4678179919719696,False,0.6307697296142578
train-011589-e2ac7a4572e7f3c6,8,4,train,16333564387265082310,pointer,J,Q,Q,True,U,False,False,0.006229981314390898,6.25,-9.0,6.25,0.054367287708005224,1,Q K P,Q,True,True,0.5458347797393799,0.263671875,0.5655387043952942,False,0.8336484432220459
train-011589-e2ac7a4572e7f3c6,8,5,train,16333564387265082310,pointer,J,I,I,True,U,False,False,0.2779102623462677,1.6875,-5.4375,1.6875,1.036399650722933,1,I Q K,Q,False,False,4.11086368560791,0.62109375,0.6504672765731812,False,1.05115807056427
train-011589-e2ac7a4572e7f3c6,8,6,train,16333564387265082310,pointer,J,S,S,True,U,False,False,0.11568784713745117,2.6875,-6.1875,2.6875,0.5689507513394446,1,S I N,I,False,False,4.099394798278809,0.75390625,0.6800292134284973,False,1.1395256519317627
train-011589-e2ac7a4572e7f3c6,8,7,train,16333564387265082310,pointer,J,Z,Z,True,U,False,False,0.7442519664764404,1.125,-2.875,1.125,2.1232580112440185,1,Z O S,O,False,False,2.9385392665863037,0.953125,0.7217432260513306,False,1.2792108058929443
train-011589-e2ac7a4572e7f3c6,8,8,train,16333564387265082310,pointer,J,H,U,False,U,False,False,2.9913856983184814,-0.9375,-0.9375,0.1875,3.0256133996269132,7,H R V,E,False,False,3.852207660675049,1.1484375,0.7592254281044006,True,0.27545657753944397
train-011589-e2ac7a4572e7f3c6,8,9,train,16333564387265082310,pointer,J,Q,,,U,False,True,,,-3.0,0.0625,2.503407624188156,,Q K N,K,,False,,1.3046875,0.7866228222846985,,
train-011589-e2ac7a4572e7f3c6,8,10,train,16333564387265082310,pointer,J,Q,,,U,False,True,,,-3.25,1.25,2.447465074547203,,Q K N,Q,,True,,1.3984375,0.8019358515739441,,
train-011589-e2ac7a4572e7f3c6,8,11,train,16333564387265082310,pointer,J,Q,,,U,False,True,,,-2.6875,0.25,2.5926686181525604,,Q I K,Q,,True,,1.4140625,0.804405927658081,,
train-011589-e2ac7a4572e7f3c6,8,12,train,16333564387265082310,pointer,J,S,,,U,False,True,,,-4.625,1.625,1.3008886804446051,,S I Z,I,,False,,1.296875,0.7853085398674011,,
train-009844-241dc1586a630f61,10,1,train,2602448745176174433,pointer,R,F,F,True,P,False,False,5.8412379075889476e-06,12.8125,-15.3125,12.8125,8.76304105317529e-05,1,F C T,F,True,True,2.6940935640595853e-05,-0.396484375,0.4021573066711426,False,0.5144276022911072
train-009844-241dc1586a630f61,10,2,train,2602448745176174433,pointer,R,E,E,True,P,False,False,1.2516897186287679e-05,12.625,-15.5,12.625,0.00018178818639302236,1,E A C,E,True,True,0.0005912224878557026,-0.400390625,0.4012185037136078,False,0.512858510017395
train-009844-241dc1586a630f61,10,3,train,2602448745176174433,pointer,R,A,A,True,P,False,False,0.00045265440712682903,9.5,-11.375,9.5,0.005215402526954158,1,A B Y,E,False,False,3.22544527053833,-0.08056640625,0.4798692762851715,False,0.6536751389503479
train-009844-241dc1586a630f61,10,4,train,2602448745176174433,pointer,R,Y,Y,True,P,False,False,0.024373872205615044,4.125,-8.3125,4.125,0.14944209522995852,1,Y D A,Y,True,True,0.13737832009792328,0.296875,0.5736784338951111,False,0.8525612950325012
train-009844-241dc1586a630f61,10,5,train,2602448745176174433,pointer,R,Q,D,False,P,False,False,2.842874050140381,-1.625,-2.75,1.0625,2.625873631256155,4,Q O U,O,False,False,3.312380075454712,0.68359375,0.6645402908325195,False,1.0922534465789795
train-009844-241dc1586a630f61,10,6,train,2602448745176174433,pointer,R,Q,Q,True,P,False,False,0.5530573725700378,2.375,-3.3125,2.375,1.9661481772656944,1,Q R D,Q,True,True,0.9628632068634033,0.91796875,0.7146279811859131,False,1.2539618015289307
train-009844-241dc1586a630f61,10,7,train,2602448745176174433,pointer,R,Q,J,False,P,False,False,3.576164960861206,-2.875,-3.1875,1.9375,2.2441772232676014,5,Q R D,Q,False,True,3.047780990600586,1.1015625,0.7505527138710022,False,1.3885078430175781
train-009844-241dc1586a630f61,10,8,train,2602448745176174433,pointer,R,Q,H,False,P,False,False,3.4468886852264404,-1.9375,-1.875,0.75,2.9363965898516624,9,Q Z K,Q,False,True,3.844172477722168,1.1953125,0.7676898241043091,False,1.4596819877624512
train-009844-241dc1586a630f61,10,9,train,2602448745176174433,pointer,R,Q,G,False,P,False,False,3.8312196731567383,-2.5,-2.0,1.3125,2.8498504872112087,14,Q Z Y,Q,False,True,3.6681504249572754,1.3203125,0.7892336845397949,False,1.5570052862167358
train-009844-241dc1586a630f61,10,10,train,2602448745176174433,pointer,R,Q,P,False,P,False,False,3.5325496196746826,-2.5,-2.5,1.625,2.6736495543383576,6,Q R D,Q,False,True,3.573012590408325,1.3984375,0.8019358515739441,True,0.22072669863700867
train-009844-241dc1586a630f61,10,11,train,2602448745176174433,pointer,R,Q,,,P,False,True,,,-1.5,0.625,3.057641027885016,,Q Z K,Q,,True,,1.4296875,0.8068526387214661,,
train-009844-241dc1586a630f61,10,12,train,2602448745176174433,pointer,R,Q,,,P,False,True,,,-1.75,1.0,2.98450148231897,,Q Z R,Q,,True,,1.4921875,0.8164063692092896,,
train-005516-e9fcb22782d02811,12,1,train,16860546987736442897,pointer,J,M,M,True,U,False,False,1.883488948806189e-05,12.4375,-15.265625,12.4375,0.0002716450012518859,1,M O N,M,True,True,1.3708974620385561e-05,-0.41796875,0.3970029056072235,False,0.505842924118042
train-005516-e9fcb22782d02811,12,2,train,16860546987736442897,pointer,J,Z,Z,True,U,False,False,7.271740287251305e-06,11.9375,-19.15625,11.9375,9.862929318492593e-05,1,Z K M,Z,True,True,0.00022003613412380219,-0.474609375,0.3835258483886719,False,0.48373889923095703
train-005516-e9fcb22782d02811,12,3,train,16860546987736442897,pointer,J,K,K,True,U,False,False,0.00021550717065110803,10.3125,-12.5625,10.3125,0.00264349855469108,1,K M N,K,True,True,0.1107826754450798,-0.2177734375,0.44577082991600037,False,0.5901769399642944
train-005516-e9fcb22782d02811,12,4,train,16860546987736442897,pointer,J,K,P,False,U,False,False,1.0148191452026367,-0.0625,-5.375,0.0625,1.7007296128854643,2,K P Z,K,False,True,4.0619025230407715,0.177734375,0.5443170070648193,False,0.7859578728675842
train-005516-e9fcb22782d02811,12,5,train,16860546987736442897,pointer,J,G,G,True,U,False,False,0.08503441512584686,3.1875,-7.1875,3.1875,0.4651193094730612,1,G P W,G,True,True,0.6607959270477295,0.55859375,0.6361271142959595,False,1.0109505653381348
train-005516-e9fcb22782d02811,12,6,train,16860546987736442897,pointer,J,G,Y,False,U,False,False,1.2632596492767334,-0.4375,-4.8125,0.4375,1.7955213390572642,2,G Y P,G,False,True,4.304948806762695,0.8515625,0.700894832611084,False,1.2069599628448486
train-005516-e9fcb22782d02811,12,7,train,16860546987736442897,pointer,J,W,W,True,U,False,False,0.6492068767547607,1.5625,-4.3125,1.5625,1.9384106046178757,1,W Y X,Y,False,False,2.389359712600708,1.078125,0.7461389899253845,False,1.3709683418273926
train-005516-e9fcb22782d02811,12,8,train,16860546987736442897,pointer,J,X,X,True,U,False,False,0.39095911383628845,2.0625,-5.125,2.0625,1.5341351564601173,1,X W D,X,True,True,1.0440449714660645,1.25,0.7772998809814453,False,1.5019290447235107
train-005516-e9fcb22782d02811,12,9,train,16860546987736442897,pointer,J,F,F,True,U,False,False,1.3531211614608765,0.125,-3.125,0.125,2.6248127205541643,1,F X H,X,False,False,2.530716896057129,1.390625,0.8006919622421265,False,1.6129039525985718
train-005516-e9fcb22782d02811,12,10,train,16860546987736442897,pointer,J,S,S,True,U,False,False,0.615738034248352,1.125,-4.0625,1.125,1.851788831493584,1,S F P,F,False,False,3.320896625518799,1.375,0.7981867790222168,False,1.6004126071929932
train-005516-e9fcb22782d02811,12,11,train,16860546987736442897,pointer,J,L,L,True,U,False,False,0.5073395371437073,2.3125,-3.9375,2.3125,1.868872980202203,1,L S T,L,True,True,1.4677904844284058,1.3828125,0.7994422912597656,False,1.6066534519195557
train-005516-e9fcb22782d02811,12,12,train,16860546987736442897,pointer,J,U,U,True,U,True,False,0.3154919147491455,1.5625,1.5625,1.5625,1.0694015721168195,1,U L V,L,False,False,3.3023767471313477,1.359375,0.7956580519676208,True,0.22858572006225586
train-023310-77aa2a9eabeba03a,1,1,train,8622751297531781178,pointer,V,I,I,True,I,True,False,1.156323378381785e-05,13.0,13.0,13.0,0.0001712717001203706,1,I M A,I,True,True,7.390703103737906e-05,-0.10888671875,0.4728052020072937,True,0.7490718960762024
train-023310-77aa2a9eabeba03a,1,2,train,8622751297531781178,pointer,V,E,,,I,False,True,,,-13.625,13.1875,9.63033607728836e-05,,E C I,E,,True,,-0.2490234375,0.4380638897418976,,
train-023310-77aa2a9eabeba03a,1,3,train,8622751297531781178,pointer,V,R,,,I,False,True,,,-12.8125,10.3125,0.0016480546702185375,,R L C,R,,True,,-0.1025390625,0.47438764572143555,,
train-023310-77aa2a9eabeba03a,1,4,train,8622751297531781178,pointer,V,L,,,I,False,True,,,-8.75,5.375,0.10141448333193913,,L R Z,R,,False,,0.251953125,0.5626571774482727,,
train-023310-77aa2a9eabeba03a,1,5,train,8622751297531781178,pointer,V,Z,,,I,False,True,,,-6.75,2.6875,0.4476559280590642,,Z L H,Z,,True,,0.58984375,0.6433292627334595,,
train-023310-77aa2a9eabeba03a,1,6,train,8622751297531781178,pointer,V,Z,,,I,False,True,,,-4.4375,2.25,1.8456073933469526,,Z C H,Z,,True,,0.875,0.7057850360870361,,
train-023310-77aa2a9eabeba03a,1,7,train,8622751297531781178,pointer,V,Y,,,I,False,True,,,-3.5625,0.6875,2.5879693558158894,,Y C X,Y,,True,,1.1015625,0.7505527138710022,,
train-023310-77aa2a9eabeba03a,1,8,train,8622751297531781178,pointer,V,W,,,I,False,True,,,-3.3125,0.6875,2.7188438319682824,,W Y X,Y,,False,,1.2109375,0.7704647779464722,,
train-023310-77aa2a9eabeba03a,1,9,train,8622751297531781178,pointer,V,W,,,I,False,True,,,-5.875,1.5625,1.2206910828220585,,W B K,B,,False,,1.1953125,0.7676898241043091,,
train-023310-77aa2a9eabeba03a,1,10,train,8622751297531781178,pointer,V,W,,,I,False,True,,,-6.25,0.8125,1.1151080809856073,,W B K,B,,False,,1.171875,0.7634837031364441,,
train-023310-77aa2a9eabeba03a,1,11,train,8622751297531781178,pointer,V,W,,,I,False,True,,,-6.125,0.5,1.168954825940906,,W B K,B,,False,,1.1640625,0.7620701193809509,,
train-023310-77aa2a9eabeba03a,1,12,train,8622751297531781178,pointer,V,W,,,I,False,True,,,-6.125,0.4375,1.1832824309837606,,W B K,B,,False,,1.15625,0.7606506943702698,,
train-022978-13ba08dce2929565,2,1,train,1421458377175897445,pointer,R,B,B,True,S,False,False,8.4638240878121e-06,12.1875,-16.53125,12.1875,0.00011852623536238015,1,B C A,B,True,True,8.380061626667157e-05,-0.423828125,0.3956010639667511,False,0.5035208463668823
train-022978-13ba08dce2929565,2,2,train,1421458377175897445,pointer,R,S,S,True,S,True,False,8.940656698541716e-06,12.625,12.625,12.625,0.0001312168082805479,1,S T R,S,True,True,0.0010281282011419535,-0.380859375,0.4059196412563324,True,0.9016000628471375
train-022978-13ba08dce2929565,2,3,train,1421458377175897445,pointer,R,M,,,S,False,True,,,-6.8125,6.8125,0.016238006632977708,,M S N,M,,True,,-0.1845703125,0.4539879560470581,,
train-022978-13ba08dce2929565,2,4,train,1421458377175897445,pointer,R,M,,,S,False,True,,,-6.0,4.8125,0.19540752106895318,,M R N,M,,True,,0.162109375,0.5404388308525085,,
train-022978-13ba08dce2929565,2,5,train,1421458377175897445,pointer,R,R,,,S,False,True,,,-7.5,4.75,0.1762738885104669,,R B L,R,,True,,0.52734375,0.6288633942604065,,
train-022978-13ba08dce2929565,2,6,train,1421458377175897445,pointer,R,R,,,S,False,True,,,-3.875,1.1875,1.5057794715005342,,R B M,R,,True,,0.86328125,0.703345775604248,,
train-022978-13ba08dce2929565,2,7,train,1421458377175897445,pointer,R,R,,,S,False,True,,,-3.0,0.8125,1.859006165040555,,R B M,R,,True,,1.1015625,0.7505527138710022,,
train-022978-13ba08dce2929565,2,8,train,1421458377175897445,pointer,R,R,,,S,False,True,,,-1.5625,0.3125,2.076094867896758,,R M S,R,,True,,1.25,0.7772998809814453,,
train-022978-13ba08dce2929565,2,9,train,1421458377175897445,pointer,R,M,,,S,False,True,,,-3.375,2.6875,1.1072771423387637,,M R S,M,,True,,1.25,0.7772998809814453,,
train-022978-13ba08dce2929565,2,10,train,1421458377175897445,pointer,R,R,,,S,False,True,,,-5.0625,2.4375,0.933087719185631,,R M B,M,,False,,1.28125,0.7826625108718872,,
train-022978-13ba08dce2929565,2,11,train,1421458377175897445,pointer,R,B,,,S,False,True,,,-3.25,0.6875,1.477471172394981,,B R M,R,,False,,1.34375,0.793105959892273,,
train-022978-13ba08dce2929565,2,12,train,1421458377175897445,pointer,R,S,,,S,True,True,,,0.3125,0.3125,1.8861355850995867,,S R M,R,,False,,1.3671875,0.7969253659248352,,
train-027047-98f17e966822d0ca,3,1,train,11020728947609620682,pointer,D,C,C,True,R,False,False,6.41325386823155e-05,10.1875,-14.09375,10.1875,0.0007769849225812942,1,C A D,C,True,True,5.674201020156033e-05,-0.3203125,0.4205995798110962,False,0.5457614660263062
train-027047-98f17e966822d0ca,3,2,train,11020728947609620682,pointer,D,E,E,True,R,False,False,1.847726889536716e-05,11.9375,-15.34375,11.9375,0.00025472066448326437,1,E C A,E,True,True,0.00010525626566959545,-0.388671875,0.4040370583534241,False,0.5175768136978149
train-027047-98f17e966822d0ca,3,3,train,11020728947609620682,pointer,D,R,R,True,R,True,False,0.08072563260793686,3.25,3.25,3.25,0.4365934328673497,1,R E T,R,True,True,0.20806431770324707,-0.1787109375,0.45544081926345825,True,0.7864895462989807
train-027047-98f17e966822d0ca,3,4,train,11020728947609620682,pointer,D,C,,,R,False,True,,,-4.875,4.875,0.09528978315454502,,C R T,R,,False,,0.283203125,0.570331335067749,,
train-027047-98f17e966822d0ca,3,5,train,11020728947609620682,pointer,D,E,,,R,False,True,,,-4.375,3.875,0.37766128786673064,,E C R,E,,True,,0.6484375,0.6566582322120667,,
train-027047-98f17e966822d0ca,3,6,train,11020728947609620682,pointer,D,C,,,R,False,True,,,-0.875,0.875,2.000428077990199,,C R E,R,,False,,0.93359375,0.7178038358688354,,
train-027047-98f17e966822d0ca,3,7,train,11020728947609620682,pointer,D,C,,,R,False,True,,,-1.5,1.5,1.4653095749514529,,C R F,R,,False,,1.140625,0.7577943801879883,,
train-027047-98f17e966822d0ca,3,8,train,11020728947609620682,pointer,D,E,,,R,False,True,,,-1.9375,1.9375,1.408829534920396,,E R C,V,,False,,1.28125,0.7826625108718872,,
train-027047-98f17e966822d0ca,3,9,train,11020728947609620682,pointer,D,C,,,R,False,True,,,-1.0625,1.0625,1.884900342383994,,C R E,R,,False,,1.375,0.7981867790222168,,
train-027047-98f17e966822d0ca,3,10,train,11020728947609620682,pointer,D,C,,,R,False,True,,,-1.125,0.5,1.8828312663061728,,C E R,R,,False,,1.453125,0.8104788661003113,,
train-027047-98f17e966822d0ca,3,11,train,11020728947609620682,pointer,D,C,,,R,False,True,,,-1.0,1.0,1.990198599389085,,C R E,R,,False,,1.4921875,0.8164063692092896,,
train-027047-98f17e966822d0ca,3,12,train,11020728947609620682,pointer,D,C,,,R,False,True,,,-1.0625,0.8125,1.965764094133379,,C E R,R,,False,,1.5234375,0.8210441470146179,,
train-025995-6972db8fde5b4f70,4,1,train,7598376932284780400,pointer,F,A,A,True,R,False,False,3.2186455882765586e-06,14.0,-17.140625,14.0,5.0101440641434806e-05,1,A B I,A,True,True,9.655486064730212e-05,-0.404296875,0.4002804160118103,False,0.5112930536270142
train-025995-6972db8fde5b4f70,4,2,train,7598376932284780400,pointer,F,H,H,True,R,False,False,2.8609820219571702e-05,12.0625,-15.125,12.0625,0.00039918123607298904,1,H A I,H,True,True,0.00021419614495243877,-0.396484375,0.4021573066711426,False,0.5144276022911072
train-025995-6972db8fde5b4f70,4,3,train,7598376932284780400,pointer,F,N,N,True,R,False,False,0.0007946909172460437,8.0,-8.0,8.0,0.008227652976945603,1,N R M,N,True,True,0.27521026134490967,-0.150390625,0.4624730348587036,False,0.620776355266571
train-025995-6972db8fde5b4f70,4,4,train,7598376932284780400,pointer,F,R,R,True,R,True,False,0.05928296968340874,3.0625,3.0625,3.0625,0.287348604652552,1,R N D,N,False,False,3.8117685317993164,0.234375,0.5583270192146301,True,0.5828105211257935
train-025995-6972db8fde5b4f70,4,5,train,7598376932284780400,pointer,F,N,,,R,False,True,,,-2.0625,2.0625,0.5785740237392273,,N R M,R,,False,,0.61328125,0.6486889719963074,,
train-025995-6972db8fde5b4f70,4,6,train,7598376932284780400,pointer,F,S,,,R,False,True,,,-4.3125,4.3125,0.5148852934029656,,S R N,S,,True,,0.875,0.7057850360870361,,
train-025995-6972db8fde5b4f70,4,7,train,7598376932284780400,pointer,F,D,,,R,False,True,,,-3.8125,1.5,1.4299204951204592,,D S I,S,,False,,1.078125,0.7461389899253845,,
train-025995-6972db8fde5b4f70,4,8,train,7598376932284780400,pointer,F,R,,,R,True,True,,,1.1875,1.1875,1.9457562846595333,,R D N,D,,False,,1.234375,0.7745833992958069,,
train-025995-6972db8fde5b4f70,4,9,train,7598376932284780400,pointer,F,R,,,R,True,True,,,0.0625,0.0625,2.2263608674190305,,R M N,D,,False,,1.359375,0.7956580519676208,,
train-025995-6972db8fde5b4f70,4,10,train,7598376932284780400,pointer,F,M,,,R,False,True,,,-0.5625,0.3125,1.8659079926727498,,M C R,C,,False,,1.4296875,0.8068526387214661,,
train-025995-6972db8fde5b4f70,4,11,train,7598376932284780400,pointer,F,M,,,R,False,True,,,-3.1875,1.25,1.466059566877099,,M C N,M,,True,,1.4453125,0.8092759251594543,,
train-025995-6972db8fde5b4f70,4,12,train,7598376932284780400,pointer,F,M,,,R,False,True,,,-3.6875,0.8125,1.3402613795261284,,M C N,M,,True,,1.453125,0.8104788661003113,,
train-030946-0b1c810a2e9eca08,5,1,train,800656714496920072,pointer,F,H,H,True,Z,False,False,5.722029527532868e-06,13.75,-18.17578125,13.75,9.107723624767025e-05,1,H A M,H,True,True,1.1920858014491387e-05,-0.396484375,0.4021573066711426,False,0.5144276022911072
train-030946-0b1c810a2e9eca08,5,2,train,800656714496920072,pointer,F,O,O,True,Z,False,False,9.179073458653875e-06,13.0,-17.8125,13.0,0.00013830723852201876,1,O M A,O,True,True,0.00019524575327523053,-0.408203125,0.3993430435657501,False,0.5097313523292542
train-030946-0b1c810a2e9eca08,5,3,train,800656714496920072,pointer,F,N,N,True,Z,False,False,0.004014173056930304,7.5,-7.5625,7.5,0.037682865452160506,1,N T Z,O,False,False,3.7617292404174805,-0.043212890625,0.4891984760761261,False,0.67177414894104
train-030946-0b1c810a2e9eca08,5,4,train,800656714496920072,pointer,F,M,M,True,Z,False,False,0.045132797211408615,4.3125,-6.1875,4.3125,0.30158329330341643,1,M N D,M,True,True,0.4017186760902405,0.306640625,0.5760650634765625,False,0.8581752777099609
train-030946-0b1c810a2e9eca08,5,5,train,800656714496920072,pointer,F,Z,Z,True,Z,True,False,0.5409480333328247,0.9375,0.9375,0.9375,1.5294960437417324,1,Z M N,M,False,False,3.7076380252838135,0.6484375,0.6566582322120667,True,0.4205915629863739
train-030946-0b1c810a2e9eca08,5,6,train,800656714496920072,pointer,F,G,,,Z,False,True,,,-1.1875,0.875,2.4979571237417897,,G M L,N,,False,,0.9453125,0.7201715111732483,,
train-030946-0b1c810a2e9eca08,5,7,train,800656714496920072,pointer,F,G,,,Z,False,True,,,-1.0625,0.6875,2.882906641030543,,G W F,G,,True,,1.1484375,0.7592254281044006,,
train-030946-0b1c810a2e9eca08,5,8,train,800656714496920072,pointer,F,X,,,Z,False,True,,,-1.6875,1.0,2.964017680835059,,X N L,W,,False,,1.296875,0.7853085398674011,,
train-030946-0b1c810a2e9eca08,5,9,train,800656714496920072,pointer,F,V,,,Z,False,True,,,-2.125,0.875,2.9506191882183463,,V X J,B,,False,,1.359375,0.7956580519676208,,
train-030946-0b1c810a2e9eca08,5,10,train,800656714496920072,pointer,F,J,,,Z,False,True,,,-3.75,2.0,2.1702244161081197,,J S C,J,,True,,1.421875,0.8056321740150452,,
train-030946-0b1c810a2e9eca08,5,11,train,800656714496920072,pointer,F,T,,,Z,False,True,,,-2.125,1.6875,2.475459856343847,,T C Z,C,,False,,1.4453125,0.8092759251594543,,
train-030946-0b1c810a2e9eca08,5,12,train,800656714496920072,pointer,F,P,,,Z,False,True,,,-2.1875,1.5625,2.66502028779035,,P T E,M,,False,,1.46875,0.8128673434257507,,
train-018032-ffcd7200291d2b07,6,1,train,18432514194912652039,pointer,L,O,O,True,E,False,False,5.721882189391181e-05,10.25,-15.427978515625,10.25,0.0007073583624232638,1,O A P,O,True,True,2.5629668016335927e-05,-0.486328125,0.3807589113712311,False,0.4792606830596924
train-018032-ffcd7200291d2b07,6,2,train,18432514194912652039,pointer,L,H,H,True,E,False,False,5.8412379075889476e-06,13.4375,-19.125,13.4375,9.02256338936997e-05,1,H A I,H,True,True,0.00048423008411191404,-0.4609375,0.38676342368125916,False,0.4890044927597046
train-018032-ffcd7200291d2b07,6,3,train,18432514194912652039,pointer,L,K,K,True,E,False,False,0.0015626850072294474,7.125,-11.625,7.125,0.014837310971842769,1,K N A,K,True,True,0.5157565474510193,-0.056884765625,0.4857826828956604,False,0.6651092767715454
train-018032-ffcd7200291d2b07,6,4,train,18432514194912652039,pointer,L,P,A,False,E,False,False,6.07205057144165,-5.875,-6.9375,2.1875,0.7277423210657329,6,P J K,K,False,False,3.390869617462158,0.314453125,0.5779718160629272,False,0.8626832365989685
train-018032-ffcd7200291d2b07,6,5,train,18432514194912652039,pointer,L,J,N,False,E,False,False,7.043668270111084,-7.0,-6.9375,4.125,0.28640930254351227,18,J U I,J,False,True,4.707457542419434,0.57421875,0.6397360563278198,False,1.020918369293213
train-018032-ffcd7200291d2b07,6,6,train,18432514194912652039,pointer,L,U,E,False,E,False,False,6.155971527099609,-6.0,-6.0,3.25,0.8289164297470893,24,U Y J,J,False,False,3.292161464691162,0.8359375,0.6976089477539062,True,0.36009663343429565
train-018032-ffcd7200291d2b07,6,7,train,18432514194912652039,pointer,L,Y,,,E,False,True,,,-4.9375,3.3125,1.0463064726136158,,Y S U,Y,,True,,1.0546875,0.74167400598526,,
train-018032-ffcd7200291d2b07,6,8,train,18432514194912652039,pointer,L,S,,,E,False,True,,,-3.8125,1.8125,2.038902709892968,,S Y T,S,,True,,1.2265625,0.7732163667678833,,
train-018032-ffcd7200291d2b07,6,9,train,18432514194912652039,pointer,L,X,,,E,False,True,,,-2.75,0.5625,2.6134405207756535,,X S T,S,,False,,1.328125,0.7905303239822388,,
train-018032-ffcd7200291d2b07,6,10,train,18432514194912652039,pointer,L,L,,,E,False,True,,,-3.4375,0.625,2.082426047685515,,L X O,X,,False,,1.3828125,0.7994422912597656,,
train-018032-ffcd7200291d2b07,6,11,train,18432514194912652039,pointer,L,O,,,E,False,True,,,-3.6875,1.75,1.695029016871705,,O L H,O,,True,,1.375,0.7981867790222168,,
train-018032-ffcd7200291d2b07,6,12,train,18432514194912652039,pointer,L,H,,,E,False,True,,,-3.875,1.625,2.249297657073887,,H F K,H,,True,,1.4453125,0.8092759251594543,,
train-035304-861d797911c2a0e4,8,1,train,9664013936302924004,pointer,B,J,J,True,B,False,False,5.8412379075889476e-06,12.78125,-12.78125,12.78125,8.76815754665056e-05,1,J B A,J,True,True,2.8967437174287625e-05,-0.51171875,0.3747906982898712,False,0.46966880559921265
train-035304-861d797911c2a0e4,8,2,train,9664013936302924004,pointer,B,B,B,True,B,True,False,1.5497195136049413e-06,13.875,13.875,13.875,2.60139237476757e-05,1,B C A,B,True,True,0.0010412277188152075,-0.494140625,0.3789186179637909,False,0.47629314661026
train-035304-861d797911c2a0e4,8,3,train,9664013936302924004,pointer,B,J,J,True,B,False,False,0.0008213722030632198,7.3125,-7.3125,7.3125,0.007480406701596821,1,J B K,J,True,True,0.015372131019830704,-0.19921875,0.45035937428474426,False,0.5984906554222107
train-035304-861d797911c2a0e4,8,4,train,9664013936302924004,pointer,B,J,B,False,B,False,False,3.1215648651123047,-3.0625,-3.0625,3.0625,0.2898523303373643,2,J B K,J,False,True,4.169734477996826,0.20703125,0.5515737533569336,False,0.8020110130310059
train-035304-861d797911c2a0e4,8,5,train,9664013936302924004,pointer,B,B,J,False,B,True,False,1.5601603984832764,-1.25,1.25,1.25,0.8864495668127278,2,B J C,J,True,False,0.5970436930656433,0.53515625,0.6306849718093872,False,0.9961051344871521
train-035304-861d797911c2a0e4,8,6,train,9664013936302924004,pointer,B,J,B,False,B,False,False,3.127133846282959,-3.0,-3.0,3.0,0.6662522224688674,2,J B C,J,False,True,3.4273791313171387,0.8203125,0.6943026781082153,False,1.1851598024368286
train-035304-861d797911c2a0e4,8,7,train,9664013936302924004,pointer,B,B,J,False,B,True,False,1.3134100437164307,-0.75,0.75,0.75,1.454810315717221,2,B J C,J,True,False,0.7663202881813049,0.984375,0.7279754281044006,False,1.3018629550933838
train-035304-861d797911c2a0e4,8,8,train,9664013936302924004,pointer,B,J,B,False,B,False,False,2.880044460296631,-2.6875,-2.6875,2.6875,0.9211203165851843,2,J B C,J,False,True,3.3325977325439453,1.1328125,0.7563575506210327,True,0.27924108505249023
train-035304-861d797911c2a0e4,8,9,train,9664013936302924004,pointer,B,B,,,B,True,True,,,0.5,0.5,1.7181301280062582,,B J C,J,,False,,1.1953125,0.7676898241043091,,
train-035304-861d797911c2a0e4,8,10,train,9664013936302924004,pointer,B,J,,,B,False,True,,,-2.5,2.5,1.0517179342007876,,J B C,J,,True,,1.2734375,0.7813306450843811,,
train-035304-861d797911c2a0e4,8,11,train,9664013936302924004,pointer,B,B,,,B,True,True,,,0.4375,0.4375,1.7711277905014917,,B J C,J,,False,,1.2890625,0.7839884757995605,,
train-035304-861d797911c2a0e4,8,12,train,9664013936302924004,pointer,B,J,,,B,False,True,,,-2.4375,2.4375,1.0974417723581158,,J B C,J,,True,,1.3359375,0.7918210625648499,,
train-026224-313af4c6f8dc8c97,10,1,train,3547416791923592343,pointer,Q,W,W,True,Q,False,False,3.576272320060525e-06,13.84375,-18.75,13.84375,5.797442182140117e-05,1,W V A,W,True,True,7.86750388215296e-05,-0.400390625,0.4012185037136078,False,0.512858510017395
train-026224-313af4c6f8dc8c97,10,2,train,3547416791923592343,pointer,Q,Z,Z,True,Q,False,False,2.9802276912960224e-06,14.0,-14.9375,14.0,4.7031040920427824e-05,1,Z T C,Z,True,True,0.00036864637513644993,-0.3671875,0.40922078490257263,False,0.5263129472732544
train-026224-313af4c6f8dc8c97,10,3,train,3547416791923592343,pointer,Q,T,T,True,Q,False,False,0.8008566498756409,0.25,-4.75,0.25,1.5610302376455667,1,T A Z,A,False,False,5.477128028869629,-0.11767578125,0.4706149399280548,False,0.6360392570495605
train-026224-313af4c6f8dc8c97,10,4,train,3547416791923592343,pointer,Q,T,L,False,Q,False,False,3.3868186473846436,-2.3125,-2.375,0.625,2.446197005684574,6,T A X,A,False,False,4.652957916259766,0.21875,0.5544704794883728,False,0.8084917664527893
train-026224-313af4c6f8dc8c97,10,5,train,3547416791923592343,pointer,Q,B,Q,False,Q,False,False,4.512157440185547,-3.625,-3.625,0.375,1.9183981185098369,10,B U A,A,False,False,3.477191925048828,0.58984375,0.6433292627334595,False,1.0309423208236694
train-026224-313af4c6f8dc8c97,10,6,train,3547416791923592343,pointer,Q,H,W,False,Q,False,False,1.9224324226379395,-1.25,-2.8125,1.25,1.9779373093060069,2,H W B,W,True,False,2.0395114421844482,0.83984375,0.6984323263168335,False,1.198760747909546
train-026224-313af4c6f8dc8c97,10,7,train,3547416791923592343,pointer,Q,T,Z,False,Q,False,False,1.9070873260498047,-0.875,-2.375,0.875,2.477451092746219,2,T Z A,Z,True,False,1.7736330032348633,1.0,0.7310585975646973,False,1.3132617473602295
train-026224-313af4c6f8dc8c97,10,8,train,3547416791923592343,pointer,Q,T,T,True,Q,False,False,1.1763126850128174,0.9375,-2.3125,0.9375,2.7025658644400736,1,T L A,T,True,True,1.9257012605667114,1.171875,0.7634837031364441,False,1.4417383670806885
train-026224-313af4c6f8dc8c97,10,9,train,3547416791923592343,pointer,Q,Q,L,False,Q,True,False,1.8401706218719482,-0.625,0.625,0.625,2.6376000615784747,2,Q L B,L,True,False,2.3727452754974365,1.3125,0.7879312038421631,False,1.5508445501327515
train-026224-313af4c6f8dc8c97,10,10,train,3547416791923592343,pointer,Q,Q,Q,True,Q,True,False,0.6853025555610657,0.9375,0.9375,0.9375,1.9260181951207154,1,Q W B,Q,True,True,0.9529433250427246,1.3828125,0.7994422912597656,True,0.2238408923149109
train-026224-313af4c6f8dc8c97,10,11,train,3547416791923592343,pointer,Q,W,,,Q,False,True,,,-2.375,0.5625,2.552175742624777,,W Z H,W,,True,,1.390625,0.8006919622421265,,
train-026224-313af4c6f8dc8c97,10,12,train,3547416791923592343,pointer,Q,T,,,Q,False,True,,,-2.5,0.9375,2.4866943184606294,,T Z A,Z,,False,,1.390625,0.8006919622421265,,
train-026081-f3d0094b2f6203a7,12,1,train,17568552364894454695,pointer,F,N,N,True,G,False,False,5.340433563105762e-05,10.125,-16.3125,10.125,0.0006345515568757286,1,N M O,N,True,True,0.00019798702851403505,-0.439453125,0.39187127351760864,False,0.4973686933517456
train-026081-f3d0094b2f6203a7,12,2,train,17568552364894454695,pointer,F,D,D,True,G,False,False,0.0006266061100177467,7.8125,-14.125,7.8125,0.005921253956814733,1,D C B,D,True,True,0.002141922013834119,-0.4921875,0.37937837839126587,False,0.47703373432159424
train-026081-f3d0094b2f6203a7,12,3,train,17568552364894454695,pointer,F,S,S,True,G,False,False,0.0005831210291944444,9.0625,-12.34375,9.0625,0.006551015771739302,1,S X T,S,True,True,0.13989998400211334,-0.2109375,0.4474602937698364,False,0.5932300090789795
train-026081-f3d0094b2f6203a7,12,4,train,17568552364894454695,pointer,F,X,X,True,G,False,False,0.0653863474726677,3.5625,-3.5625,3.5625,0.3524076107265632,1,X G S,S,False,False,3.726741313934326,0.2392578125,0.5595307350158691,False,0.8199146389961243
train-026081-f3d0094b2f6203a7,12,5,train,17568552364894454695,pointer,F,X,G,False,G,False,False,2.4888691902160645,-1.5625,-1.5625,1.0,2.184335364006632,4,X S L,L,False,False,3.4511220455169678,0.6328125,0.6531268954277039,False,1.0587962865829468
train-026081-f3d0094b2f6203a7,12,6,train,17568552364894454695,pointer,F,M,C,False,G,False,False,5.678175926208496,-4.8125,-3.8125,0.5,1.8581470669575715,18,M S X,L,False,False,3.1406426429748535,0.90234375,0.7114308476448059,False,1.2428207397460938
train-026081-f3d0094b2f6203a7,12,7,train,17568552364894454695,pointer,F,N,M,False,G,False,False,3.1705150604248047,-2.1875,-2.4375,0.3125,1.9056867604035377,4,N X S,N,False,True,2.8782739639282227,1.0390625,0.7386690378189087,False,1.3419678211212158
train-026081-f3d0094b2f6203a7,12,8,train,17568552364894454695,pointer,F,X,N,False,G,False,False,4.6728410720825195,-4.0,-2.4375,0.4375,1.4325026276945154,7,X S G,S,False,False,2.7302119731903076,1.21875,0.7718434929847717,False,1.477723479270935
train-026081-f3d0094b2f6203a7,12,9,train,17568552364894454695,pointer,F,S,D,False,G,False,False,3.8186473846435547,-2.5625,-0.25,0.25,2.1447026360675103,7,S G X,S,False,True,3.499441623687744,1.34375,0.793105959892273,False,1.5755484104156494
train-026081-f3d0094b2f6203a7,12,10,train,17568552364894454695,pointer,F,S,S,True,G,False,False,1.0277588367462158,0.6875,-2.6875,0.6875,2.2791575459872404,1,S M X,L,False,False,3.029022216796875,1.359375,0.7956580519676208,False,1.5879607200622559
train-026081-f3d0094b2f6203a7,12,11,train,17568552364894454695,pointer,F,X,X,True,G,False,False,1.31223726272583,0.0625,-1.6875,0.0625,2.1933795393179882,1,X C S,S,False,False,2.8306233882904053,1.390625,0.8006919622421265,False,1.6129039525985718
train-026081-f3d0094b2f6203a7,12,12,train,17568552364894454695,pointer,F,M,G,False,G,False,False,2.830148935317993,-1.0625,-1.0625,0.0625,2.6571371084725373,5,M S X,M,False,True,4.104455471038818,1.3984375,0.8019358515739441,True,0.22072669863700867
train-031041-98064af06d1fae93,1,1,train,10954525540108709523,pointer,K,C,C,True,C,True,False,3.659658250398934e-05,11.25,11.25,11.25,0.000480089670145731,1,C A D,C,True,True,3.302042750874534e-05,-0.0830078125,0.4792599678039551,True,0.7355121374130249
train-031041-98064af06d1fae93,1,2,train,10954525540108709523,pointer,K,Q,,,C,False,True,,,-12.3125,5.125,0.03637497427271569,,Q K C,Q,,True,,-0.279296875,0.43062615394592285,,
train-031041-98064af06d1fae93,1,3,train,10954525540108709523,pointer,K,K,,,C,False,True,,,-9.6875,8.5625,0.004707342199269551,,K Q C,K,,True,,0.006103515625,0.50152587890625,,
train-031041-98064af06d1fae93,1,4,train,10954525540108709523,pointer,K,C,,,C,True,True,,,3.1875,3.1875,0.4251846441552957,,C K Q,K,,False,,0.3671875,0.590779185295105,,
train-031041-98064af06d1fae93,1,5,train,10954525540108709523,pointer,K,K,,,C,False,True,,,-1.3125,0.375,1.399617479947574,,K Q C,K,,True,,0.68359375,0.6645402908325195,,
train-031041-98064af06d1fae93,1,6,train,10954525540108709523,pointer,K,C,,,C,True,True,,,0.375,0.375,1.7338693653051578,,C K Q,K,,False,,0.9453125,0.7201715111732483,,
train-031041-98064af06d1fae93,1,7,train,10954525540108709523,pointer,K,K,,,C,False,True,,,-1.1875,0.6875,1.8312566933571783,,K Q C,K,,True,,1.1328125,0.7563575506210327,,
train-031041-98064af06d1fae93,1,8,train,10954525540108709523,pointer,K,K,,,C,False,True,,,-0.3125,0.3125,2.286956707699331,,K C Q,K,,True,,1.265625,0.7799928784370422,,
train-031041-98064af06d1fae93,1,9,train,10954525540108709523,pointer,K,K,,,C,False,True,,,-1.3125,0.75,2.115668860043044,,K Q C,K,,True,,1.3671875,0.7969253659248352,,
train-031041-98064af06d1fae93,1,10,train,10954525540108709523,pointer,K,Q,,,C,False,True,,,-0.6875,0.3125,2.8919167266720933,,Q P K,P,,False,,1.4375,0.8080672025680542,,
train-031041-98064af06d1fae93,1,11,train,10954525540108709523,pointer,K,H,,,C,False,True,,,-0.75,0.4375,3.0804604636851227,,H N K,N,,False,,1.5,0.8175744414329529,,
train-031041-98064af06d1fae93,1,12,train,10954525540108709523,pointer,K,M,,,C,False,True,,,-1.75,0.6875,3.088734421063775,,M Y V,V,,False,,1.484375,0.815232515335083,,
train-012970-ffb20a14f8264d55,2,1,train,18424800110705003861,pointer,C,D,D,True,J,False,False,9.536738616588991e-07,14.5625,-17.46875,14.5625,1.611016170975295e-05,1,D C F,D,True,True,0.00013815402053296566,-0.423828125,0.3956010639667511,False,0.5035208463668823
train-012970-ffb20a14f8264d55,2,2,train,18424800110705003861,pointer,C,J,J,True,J,True,False,1.2516897186287679e-05,12.5,12.5,12.5,0.00018136683967580848,1,J C D,J,True,True,0.00046266341814771295,-0.40234375,0.4007493853569031,True,0.9144190549850464
train-012970-ffb20a14f8264d55,2,3,train,18424800110705003861,pointer,C,H,,,J,False,True,,,-6.4375,6.4375,0.02631897027006081,,H J L,J,,False,,-0.11376953125,0.47158825397491455,,
train-012970-ffb20a14f8264d55,2,4,train,18424800110705003861,pointer,C,H,,,J,False,True,,,-3.9375,2.375,1.2319604744351922,,H L K,H,,True,,0.275390625,0.5684158205986023,,
train-012970-ffb20a14f8264d55,2,5,train,18424800110705003861,pointer,C,A,,,J,False,True,,,-3.375,0.75,2.7038965557311982,,A R K,R,,False,,0.640625,0.6548947095870972,,
train-012970-ffb20a14f8264d55,2,6,train,18424800110705003861,pointer,C,C,,,J,False,True,,,-5.5,3.375,0.9259755492306853,,C B D,B,,False,,0.85546875,0.7017130851745605,,
train-012970-ffb20a14f8264d55,2,7,train,18424800110705003861,pointer,C,D,,,J,False,True,,,-3.375,0.375,2.175750832493587,,D B R,B,,False,,1.0390625,0.7386690378189087,,
train-012970-ffb20a14f8264d55,2,8,train,18424800110705003861,pointer,C,R,,,J,False,True,,,-4.4375,2.625,1.6224669025972493,,R B H,R,,True,,1.1953125,0.7676898241043091,,
train-012970-ffb20a14f8264d55,2,9,train,18424800110705003861,pointer,C,A,,,J,False,True,,,-3.8125,1.0,2.596263152072622,,A R C,R,,False,,1.28125,0.7826625108718872,,
train-012970-ffb20a14f8264d55,2,10,train,18424800110705003861,pointer,C,C,,,J,False,True,,,-5.125,2.25,1.2552551269858112,,C W Y,W,,False,,1.28125,0.7826625108718872,,
train-012970-ffb20a14f8264d55,2,11,train,18424800110705003861,pointer,C,D,,,J,False,True,,,-3.4375,0.5,2.1860868297654044,,D B R,B,,False,,1.3125,0.7879312038421631,,
train-012970-ffb20a14f8264d55,2,12,train,18424800110705003861,pointer,C,R,,,J,False,True,,,-3.9375,2.25,1.9576182355165055,,R B H,R,,True,,1.375,0.7981867790222168,,
train-021881-2be446dd51237528,3,1,train,3162730754683925800,pointer,B,P,P,True,J,False,False,6.556489552167477e-06,13.1875,-15.53125,13.1875,9.930447716546175e-05,1,P B C,P,True,True,0.00010549465514486656,-0.5234375,0.3720487952232361,False,0.4652928113937378
train-021881-2be446dd51237528,3,2,train,3162730754683925800,pointer,B,S,S,True,J,False,False,2.622600959512056e-06,13.75,-17.09375,13.75,4.194160221119364e-05,1,S T C,S,True,True,0.0033635490108281374,-0.5078125,0.3757064640522003,False,0.47113466262817383
train-021881-2be446dd51237528,3,3,train,3162730754683925800,pointer,B,J,J,True,J,True,False,0.00039891392225399613,9.1875,9.1875,9.1875,0.004586264645865945,1,J K S,J,True,True,0.044588543474674225,-0.25,0.43782350420951843,True,0.825939416885376
train-021881-2be446dd51237528,3,4,train,3162730754683925800,pointer,B,K,,,J,False,True,,,-4.875,4.875,0.26348855556244416,,K J C,K,,True,,0.14453125,0.5360700488090515,,
train-021881-2be446dd51237528,3,5,train,3162730754683925800,pointer,B,R,,,J,False,True,,,-5.6875,1.6875,0.8563556220740269,,R K L,K,,False,,0.54296875,0.6325027346611023,,
train-021881-2be446dd51237528,3,6,train,3162730754683925800,pointer,B,L,,,J,False,True,,,-5.5,3.25,0.7562166063842455,,L R S,R,,False,,0.76953125,0.6834195256233215,,
train-021881-2be446dd51237528,3,7,train,3162730754683925800,pointer,B,L,,,J,False,True,,,-5.0,0.6875,1.5005479494547362,,L B M,L,,True,,0.9296875,0.7170118689537048,,
train-021881-2be446dd51237528,3,8,train,3162730754683925800,pointer,B,P,,,J,False,True,,,-5.0,2.9375,1.6759887471100579,,P B G,P,,True,,1.09375,0.7490872144699097,,
train-021881-2be446dd51237528,3,9,train,3162730754683925800,pointer,B,P,,,J,False,True,,,-4.0625,0.1875,1.819059442763814,,P S D,P,,True,,1.1875,0.7662936449050903,,
train-021881-2be446dd51237528,3,10,train,3162730754683925800,pointer,B,G,,,J,False,True,,,-4.6875,1.375,1.5229480328191183,,G D E,G,,True,,1.234375,0.7745833992958069,,
train-021881-2be446dd51237528,3,11,train,3162730754683925800,pointer,B,G,,,J,False,True,,,-3.875,0.75,2.3411999578398874,,G E T,G,,True,,1.296875,0.7853085398674011,,
train-021881-2be446dd51237528,3,12,train,3162730754683925800,pointer,B,D,,,J,False,True,,,-2.375,0.1875,2.9728180933658295,,D M T,M,,False,,1.34375,0.793105959892273,,
train-018354-7a90cb4389406756,4,1,train,8831782360199489366,pointer,F,I,I,True,H,False,False,6.318072337307967e-06,13.6875,-17.0,13.6875,9.982217715306245e-05,1,I O A,I,True,True,5.471556869451888e-05,-0.431640625,0.3937346339225769,False,0.5004374980926514
train-018354-7a90cb4389406756,4,2,train,8831782360199489366,pointer,F,N,N,True,H,False,False,6.318072337307967e-06,12.1875,-17.75,12.1875,8.832602357600568e-05,1,N M S,N,True,True,0.002552824327722192,-0.4609375,0.38676342368125916,False,0.4890044927597046
train-018354-7a90cb4389406756,4,3,train,8831782360199489366,pointer,F,W,W,True,H,False,False,0.0059729889035224915,5.5625,-9.0625,5.5625,0.046635513294264574,1,W Q D,Q,False,False,2.8122475147247314,-0.208984375,0.44794324040412903,False,0.5941044092178345
train-018354-7a90cb4389406756,4,4,train,8831782360199489366,pointer,F,H,H,True,H,True,False,0.9420209527015686,0.375,0.375,0.375,2.015903654848105,1,H W D,H,True,True,1.381466031074524,0.32421875,0.5803520083427429,True,0.5441204309463501
train-018354-7a90cb4389406756,4,5,train,8831782360199489366,pointer,F,L,,,H,False,True,,,-1.8125,1.1875,2.7735159927546085,,L D P,D,,False,,0.6953125,0.6671476364135742,,
train-018354-7a90cb4389406756,4,6,train,8831782360199489366,pointer,F,R,,,H,False,True,,,-2.25,1.25,2.518851516723725,,R W S,S,,False,,0.98046875,0.7272012233734131,,
train-018354-7a90cb4389406756,4,7,train,8831782360199489366,pointer,F,D,,,H,False,True,,,-1.75,0.375,2.316713211744686,,D X H,D,,True,,1.1640625,0.7620701193809509,,
train-018354-7a90cb4389406756,4,8,train,8831782360199489366,pointer,F,T,,,H,False,True,,,-2.9375,0.75,2.186316859550645,,T D A,D,,False,,1.203125,0.7690802216529846,,
train-018354-7a90cb4389406756,4,9,train,8831782360199489366,pointer,F,M,,,H,False,True,,,-3.875,2.0,1.7139176920195853,,M T D,M,,True,,1.203125,0.7690802216529846,,
train-018354-7a90cb4389406756,4,10,train,8831782360199489366,pointer,F,G,,,H,False,True,,,-3.1875,0.8125,1.896994460122694,,G M L,M,,False,,1.2421875,0.7759445905685425,,
train-018354-7a90cb4389406756,4,11,train,8831782360199489366,pointer,F,Q,,,H,False,True,,,-3.5,1.0625,1.6298748595001742,,Q G K,G,,False,,1.3203125,0.7892336845397949,,
train-018354-7a90cb4389406756,4,12,train,8831782360199489366,pointer,F,Q,,,H,False,True,,,-2.5,0.0625,2.6100878907056013,,Q E K,Q,,True,,1.359375,0.7956580519676208,,
train-015907-e7c1df0f00dd6b57,5,1,train,16699874148798524247,pointer,P,Y,Y,True,A,False,False,1.0371154530730564e-05,12.8125,-15.4375,12.8125,0.00015022524758011015,1,Y Q R,Y,True,True,2.1457441107486375e-05,-0.384765625,0.40497803688049316,False,0.5191568732261658
train-015907-e7c1df0f00dd6b57,5,2,train,16699874148798524247,pointer,P,N,N,True,A,False,False,4.6491513785440475e-06,13.0625,-16.28125,13.0625,7.003478312761946e-05,1,N M O,N,True,True,0.0009005781612358987,-0.4375,0.3923368453979492,False,0.4981345534324646
train-015907-e7c1df0f00dd6b57,5,3,train,16699874148798524247,pointer,P,F,F,True,A,False,False,0.001359372865408659,8.5625,-9.0625,8.5625,0.014134620514137277,1,F C B,N,False,False,3.876145601272583,-0.138671875,0.4653875231742859,False,0.6262130737304688
train-015907-e7c1df0f00dd6b57,5,4,train,16699874148798524247,pointer,P,F,X,False,A,False,False,4.542520999908447,-4.5,-6.5625,4.25,0.2678422616517588,3,F N X,N,False,False,3.3687987327575684,0.337890625,0.5836780667304993,False,0.8762964010238647
train-015907-e7c1df0f00dd6b57,5,5,train,16699874148798524247,pointer,P,X,A,False,A,False,False,4.025413513183594,-3.875,-3.875,3.125,0.779151150787152,3,X C A,X,False,True,4.069597244262695,0.78125,0.6859495043754578,True,0.37695133686065674
train-015907-e7c1df0f00dd6b57,5,6,train,16699874148798524247,pointer,P,A,,,A,True,True,,,2.25,2.25,1.2215283348262815,,A X C,X,,False,,1.0390625,0.7386690378189087,,
train-015907-e7c1df0f00dd6b57,5,7,train,16699874148798524247,pointer,P,U,,,A,False,True,,,-2.6875,2.6875,1.201426680482183,,U A C,N,,False,,1.125,0.7549149990081787,,
train-015907-e7c1df0f00dd6b57,5,8,train,16699874148798524247,pointer,P,C,,,A,False,True,,,-3.5625,0.5625,1.9275908310496253,,C F X,N,,False,,1.25,0.7772998809814453,,
train-015907-e7c1df0f00dd6b57,5,9,train,16699874148798524247,pointer,P,P,,,A,False,True,,,-4.375,0.25,1.3087494761741778,,P C Y,C,,False,,1.359375,0.7956580519676208,,
train-015907-e7c1df0f00dd6b57,5,10,train,16699874148798524247,pointer,P,Y,,,A,False,True,,,-3.3125,0.875,1.7579889633833465,,Y P C,C,,False,,1.421875,0.8056321740150452,,
train-015907-e7c1df0f00dd6b57,5,11,train,16699874148798524247,pointer,P,Y,,,A,False,True,,,-2.3125,0.1875,2.2074585237274027,,Y N C,K,,False,,1.5,0.8175744414329529,,
train-015907-e7c1df0f00dd6b57,5,12,train,16699874148798524247,pointer,P,F,,,A,False,True,,,-5.1875,2.25,0.933981403648642,,F N X,N,,False,,1.4296875,0.8068526387214661,,
train-020372-d4bfc952f0acc23f,6,1,train,15330193014654812735,pointer,P,G,G,True,N,False,False,1.1920922133867862e-06,15.25,-20.578125,15.25,2.04747536130411e-05,1,G C F,G,True,True,7.533743337262422e-05,-0.41796875,0.3970029056072235,False,0.505842924118042
train-020372-d4bfc952f0acc23f,6,2,train,15330193014654812735,pointer,P,S,S,True,N,False,False,1.1801649634435307e-05,12.5,-15.46875,12.5,0.00017341910821527316,1,S T C,S,True,True,0.0006622266955673695,-0.408203125,0.3993430435657501,False,0.5097313523292542
train-020372-d4bfc952f0acc23f,6,3,train,15330193014654812735,pointer,P,O,O,True,N,False,False,0.005740821827203035,5.4375,-5.4375,5.4375,0.042389647880250514,1,O N S,N,False,False,3.217470407485962,-0.203125,0.4493926763534546,False,0.5967333316802979
train-020372-d4bfc952f0acc23f,6,4,train,15330193014654812735,pointer,P,O,J,False,N,False,False,2.764080286026001,-2.5625,-5.25,2.5625,0.9348116422685961,2,O J R,J,True,False,1.8703229427337646,0.25390625,0.5631377696990967,False,0.8281373381614685
train-020372-d4bfc952f0acc23f,6,5,train,15330193014654812735,pointer,P,J,H,False,N,False,False,2.5472636222839355,-2.0625,-4.75,2.0625,1.6526829798687301,2,J H O,F,False,False,2.9750399589538574,0.71875,0.672331690788269,False,1.115753412246704
train-020372-d4bfc952f0acc23f,6,6,train,15330193014654812735,pointer,P,O,N,False,N,False,False,4.3184285163879395,-2.8125,-2.8125,0.625,2.755581662618541,22,O F P,F,False,False,3.0855019092559814,1.0,0.7310585975646973,True,0.3132617175579071
train-020372-d4bfc952f0acc23f,6,7,train,15330193014654812735,pointer,P,V,,,N,False,True,,,-4.0625,1.625,2.286051643433052,,V U E,V,,True,,1.171875,0.7634837031364441,,
train-020372-d4bfc952f0acc23f,6,8,train,15330193014654812735,pointer,P,X,,,N,False,True,,,-5.6875,2.8125,1.1863462967281673,,X V F,V,,False,,1.2265625,0.7732163667678833,,
train-020372-d4bfc952f0acc23f,6,9,train,15330193014654812735,pointer,P,W,,,N,False,True,,,-6.625,4.3125,0.5799728899238557,,W B X,W,,True,,1.25,0.7772998809814453,,
train-020372-d4bfc952f0acc23f,6,10,train,15330193014654812735,pointer,P,P,,,N,False,True,,,-3.3125,2.0,2.518557567125429,,P T D,P,,True,,1.234375,0.7745833992958069,,
train-020372-d4bfc952f0acc23f,6,11,train,15330193014654812735,pointer,P,G,,,N,False,True,,,-5.3125,1.125,1.4885325258940791,,G P O,P,,False,,1.2109375,0.7704647779464722,,
train-020372-d4bfc952f0acc23f,6,12,train,15330193014654812735,pointer,P,S,,,N,False,True,,,-3.5,0.6875,1.7607557565976144,,S G C,G,,False,,1.2265625,0.7732163667678833,,
train-018951-3cc74311f97bca09,8,1,train,4379542907120241161,pointer,B,J,J,True,B,False,False,0.00013660451804753393,9.1875,-9.1875,9.1875,0.001505067331509186,1,J B A,J,True,True,9.703165414975956e-05,-0.5078125,0.3757064640522003,False,0.47113466262817383
train-018951-3cc74311f97bca09,8,2,train,4379542907120241161,pointer,B,B,B,True,B,True,False,7.867782187531702e-06,12.375,12.375,12.375,0.0001107041303910157,1,B J C,B,True,True,0.0004727914638351649,-0.48046875,0.3821414113044739,False,0.48149573802948
train-018951-3cc74311f97bca09,8,3,train,4379542907120241161,pointer,B,J,J,True,B,False,False,0.00037281715776771307,10.0,-12.0,10.0,0.004408563494141918,1,J Z L,B,False,False,3.7365639209747314,-0.13671875,0.46587347984313965,False,0.6271225214004517
train-018951-3cc74311f97bca09,8,4,train,4379542907120241161,pointer,B,B,B,True,B,True,False,0.021932432428002357,4.125,4.125,4.125,0.13443191438569194,1,B J C,B,True,True,2.0757551193237305,0.2470703125,0.5614553093910217,False,0.8242934942245483
train-018951-3cc74311f97bca09,8,5,train,4379542907120241161,pointer,B,J,J,True,B,False,False,0.024665141478180885,4.8125,-4.8125,4.8125,0.17790764590232425,1,J B S,B,False,False,3.753699779510498,0.58984375,0.6433292627334595,False,1.0309423208236694
train-018951-3cc74311f97bca09,8,6,train,4379542907120241161,pointer,B,B,B,True,B,True,False,0.17729423940181732,1.8125,1.8125,1.8125,0.5910082558710933,1,B J C,J,False,False,2.4115750789642334,0.81640625,0.6934729218482971,False,1.1824493408203125
train-018951-3cc74311f97bca09,8,7,train,4379542907120241161,pointer,B,J,J,True,B,False,False,0.04348670691251755,4.0625,-4.0625,4.0625,0.2807400526683382,1,J B S,B,False,False,3.8826255798339844,0.98046875,0.7272012233734131,False,1.299020767211914
train-018951-3cc74311f97bca09,8,8,train,4379542907120241161,pointer,B,B,B,True,B,True,False,0.2126959264278412,1.625,1.625,1.625,0.6721140150241057,1,B J C,J,False,False,2.330122947692871,1.078125,0.7461389899253845,True,0.29284340143203735
train-018951-3cc74311f97bca09,8,9,train,4379542907120241161,pointer,B,J,,,B,False,True,,,-3.9375,3.9375,0.30978769168553205,,J B S,B,,False,,1.140625,0.7577943801879883,,
train-018951-3cc74311f97bca09,8,10,train,4379542907120241161,pointer,B,B,,,B,True,True,,,1.625,1.625,0.6748065266261452,,B J C,J,,False,,1.1796875,0.7648916244506836,,
train-018951-3cc74311f97bca09,8,11,train,4379542907120241161,pointer,B,J,,,B,False,True,,,-3.9375,3.9375,0.31162764212003147,,J B S,B,,False,,1.203125,0.7690802216529846,,
train-018951-3cc74311f97bca09,8,12,train,4379542907120241161,pointer,B,B,,,B,True,True,,,1.5625,1.5625,0.691661748452827,,B J C,J,,False,,1.21875,0.7718434929847717,,
train-015190-27a5287bbddd9c8a,10,1,train,2856734050567953546,pointer,T,Z,Z,True,K,False,False,1.9073468138230965e-06,14.125,-17.125,14.125,3.118658588204151e-05,1,Z A X,Z,True,True,2.5033637939486653e-05,-0.40625,0.39981165528297424,False,0.5105117559432983
train-015190-27a5287bbddd9c8a,10,2,train,2856734050567953546,pointer,T,C,C,True,K,False,False,0.00019596086349338293,8.6875,-14.71875,8.6875,0.002008850103937802,1,C B D,C,True,True,0.0008930747280828655,-0.2890625,0.42823341488838196,False,0.5590243935585022
train-015190-27a5287bbddd9c8a,10,3,train,2856734050567953546,pointer,T,B,B,True,K,False,False,0.0027925088070333004,6.75,-9.1875,6.75,0.0254210470434567,1,B M C,C,False,False,2.339521646499634,-0.044921875,0.4887714385986328,False,0.6709384322166443
train-015190-27a5287bbddd9c8a,10,4,train,2856734050567953546,pointer,T,W,M,False,K,False,False,0.874340295791626,-0.25,-4.9375,0.25,0.9694364807150037,2,W M N,W,False,True,3.871150255203247,0.37109375,0.5917232036590576,False,0.8958100080490112
train-015190-27a5287bbddd9c8a,10,5,train,2856734050567953546,pointer,T,Y,N,False,K,False,False,6.816370964050293,-6.5625,-6.125,1.625,0.8503186044300942,21,Y W B,W,False,False,3.7697596549987793,0.703125,0.66888028383255,False,1.1052751541137695
train-015190-27a5287bbddd9c8a,10,6,train,2856734050567953546,pointer,T,W,V,False,K,False,False,6.662960529327393,-6.625,-7.5,4.8125,0.2646413911079474,12,W Y M,W,False,True,3.600064992904663,0.8984375,0.7106282711029053,False,1.24004328250885
train-015190-27a5287bbddd9c8a,10,7,train,2856734050567953546,pointer,T,Y,A,False,K,False,False,6.791394233703613,-6.5625,-6.3125,1.6875,0.7884409076633475,18,Y W B,W,False,False,5.345095157623291,1.046875,0.740174412727356,False,1.3477444648742676
train-015190-27a5287bbddd9c8a,10,8,train,2856734050567953546,pointer,T,W,L,False,K,False,False,6.604359149932861,-6.5625,-7.375,4.6875,0.287603438707825,12,W Y M,W,False,True,4.481250286102295,1.1171875,0.7534666657447815,False,1.4002580642700195
train-015190-27a5287bbddd9c8a,10,9,train,2856734050567953546,pointer,T,Y,Q,False,K,False,False,6.427865982055664,-6.1875,-6.25,1.625,0.8097889797001705,16,Y W B,W,False,False,3.602451801300049,1.1875,0.7662936449050903,False,1.4536898136138916
train-015190-27a5287bbddd9c8a,10,10,train,2856734050567953546,pointer,T,W,K,False,K,False,False,7.417576313018799,-7.375,-7.375,4.6875,0.2918747157083965,22,W Y M,W,False,True,4.691074371337891,1.203125,0.7690802216529846,True,0.2625599503517151
train-015190-27a5287bbddd9c8a,10,11,train,2856734050567953546,pointer,T,Y,,,K,False,True,,,-6.3125,1.625,0.8023347784935903,,Y W B,W,,False,,1.234375,0.7745833992958069,,
train-015190-27a5287bbddd9c8a,10,12,train,2856734050567953546,pointer,T,W,,,K,False,True,,,-7.375,4.625,0.2878563531775462,,W Y M,W,,True,,1.234375,0.7745833992958069,,
train-034658-7ce362f19e5da916,12,1,train,8999145270299961622,pointer,J,M,M,True,D,False,False,6.472854875028133e-05,10.625,-13.0,10.625,0.0008283456555019666,1,M N O,M,True,True,1.3470558769768104e-05,-0.42578125,0.3951341509819031,False,0.5027486681938171
train-034658-7ce362f19e5da916,12,2,train,8999145270299961622,pointer,J,N,N,True,D,False,False,0.0001528146385680884,8.8125,-15.5625,8.8125,0.0015249927797525871,1,N M S,N,True,True,0.004178721457719803,-0.43359375,0.39326852560043335,False,0.4996689558029175
train-034658-7ce362f19e5da916,12,3,train,8999145270299961622,pointer,J,Q,Q,True,D,False,False,0.000789688085205853,8.9375,-9.875,8.9375,0.008700258571656154,1,Q A S,N,False,False,3.987774133682251,-0.1650390625,0.4588336646556854,False,0.6140285730361938
train-034658-7ce362f19e5da916,12,4,train,8999145270299961622,pointer,J,A,A,True,D,False,False,0.1241937056183815,2.4375,-6.25,2.4375,0.5273782007810688,1,A Q I,E,False,False,3.297116756439209,0.306640625,0.5760650634765625,False,0.8581752777099609
train-034658-7ce362f19e5da916,12,5,train,8999145270299961622,pointer,J,A,B,False,D,False,False,1.0975476503372192,-0.4375,-5.3125,0.4375,1.3303159936699671,2,A B F,B,True,False,0.9558322429656982,0.62890625,0.6522414088249207,False,1.0562467575073242
train-034658-7ce362f19e5da916,12,6,train,8999145270299961622,pointer,J,A,X,False,D,False,False,4.6267571449279785,-3.3125,-3.6875,0.1875,2.1315064386098928,9,A B Q,B,False,False,3.2614707946777344,0.87890625,0.7065955400466919,False,1.226203203201294
train-034658-7ce362f19e5da916,12,7,train,8999145270299961622,pointer,J,I,K,False,D,False,False,2.1779580116271973,-0.6875,-3.0,0.375,2.4434367263876746,4,I A Q,B,False,False,3.140286684036255,1.0859375,0.7476159334182739,False,1.3768033981323242
train-034658-7ce362f19e5da916,12,8,train,8999145270299961622,pointer,J,F,I,False,D,False,False,1.6855595111846924,-0.5,-3.5625,0.5,2.2035599148693414,2,F I A,B,False,False,3.350851058959961,1.21875,0.7718434929847717,False,1.477723479270935
train-034658-7ce362f19e5da916,12,9,train,8999145270299961622,pointer,J,F,F,True,D,False,False,1.2133760452270508,0.6875,-2.75,0.6875,2.5567420711385918,1,F B I,B,False,False,2.670297145843506,1.3203125,0.7892336845397949,False,1.5570052862167358
train-034658-7ce362f19e5da916,12,10,train,8999145270299961622,pointer,J,S,S,True,D,False,False,1.1529306173324585,1.375,-2.0,1.375,2.7108163949846618,1,S F Q,S,True,True,1.0749726295471191,1.421875,0.8056321740150452,False,1.6380029916763306
train-034658-7ce362f19e5da916,12,11,train,8999145270299961622,pointer,J,Q,O,False,D,False,False,3.1548471450805664,-2.25,-2.8125,1.4375,2.447467810716923,6,Q S Y,S,False,False,3.295353651046753,1.4921875,0.8164063692092896,False,1.6950305700302124
train-034658-7ce362f19e5da916,12,12,train,8999145270299961622,pointer,J,Q,D,False,D,False,False,3.7095000743865967,-2.5,-2.5,0.25,2.393453971358838,8,Q A I,E,False,False,2.933432102203369,1.5234375,0.8210441470146179,True,0.197178453207016
