condition,example_id,depth,first_stop,executed_loops,exact_stop,early_stop,late_stop,missing_stop,prediction,target,stop_probability,executor_nominal_correct,stopped_answer_correct,joint_success
controller,validation-000587-c59e46b5e046eac3-steps-1,1,1,1,True,False,False,False,A,A,0.9995976090431213,True,True,True
controller,validation-000587-c59e46b5e046eac3-steps-2,2,2,2,True,False,False,False,O,O,0.9975314140319824,True,True,True
controller,validation-000587-c59e46b5e046eac3-steps-3,3,3,3,True,False,False,False,M,M,0.9994138479232788,True,True,True
controller,validation-000587-c59e46b5e046eac3-steps-4,4,4,4,True,False,False,False,G,G,0.9996719360351562,True,True,True
controller,validation-000587-c59e46b5e046eac3-steps-5,5,5,5,True,False,False,False,H,H,0.9997878670692444,True,True,True
controller,validation-000587-c59e46b5e046eac3-steps-6,6,6,6,True,False,False,False,O,O,0.9998021721839905,True,True,True
controller,validation-000587-c59e46b5e046eac3-steps-7,7,7,7,True,False,False,False,M,M,0.9999246597290039,True,True,True
controller,validation-000587-c59e46b5e046eac3-steps-8,8,8,8,True,False,False,False,G,G,0.9998682737350464,True,True,True
controller,validation-000587-c59e46b5e046eac3-steps-9,9,7,7,False,True,False,False,M,H,0.866081953048706,True,False,False
controller,validation-000587-c59e46b5e046eac3-steps-10,10,9,9,False,True,False,False,H,O,0.5919718146324158,True,False,False
controller,validation-000587-c59e46b5e046eac3-steps-11,11,11,11,True,False,False,False,M,M,0.991990864276886,True,True,True
controller,validation-000587-c59e46b5e046eac3-steps-12,12,11,11,False,True,False,False,M,G,0.6589305400848389,True,False,False
controller,validation-000587-c59e46b5e046eac3-steps-13,13,12,12,False,True,False,False,G,H,0.8396562933921814,True,False,False
controller,validation-000587-c59e46b5e046eac3-steps-14,14,12,12,False,True,False,False,G,O,0.998275876045227,True,False,False
controller,validation-000587-c59e46b5e046eac3-steps-15,15,11,11,False,True,False,False,M,M,0.9557331204414368,True,True,False
controller,validation-000587-c59e46b5e046eac3-steps-16,16,12,12,False,True,False,False,G,G,0.9998737573623657,True,True,False
controller,validation-000539-f76500341b94bd7d-steps-1,1,1,1,True,False,False,False,D,D,0.9983577132225037,True,True,True
controller,validation-000539-f76500341b94bd7d-steps-2,2,2,2,True,False,False,False,E,E,0.9578064680099487,True,True,True
controller,validation-000539-f76500341b94bd7d-steps-3,3,3,3,True,False,False,False,W,W,0.9424176216125488,True,True,True
controller,validation-000539-f76500341b94bd7d-steps-4,4,4,4,True,False,False,False,G,G,0.9616563320159912,True,True,True
controller,validation-000539-f76500341b94bd7d-steps-5,5,5,5,True,False,False,False,L,L,0.9467825293540955,True,True,True
controller,validation-000539-f76500341b94bd7d-steps-6,6,6,6,True,False,False,False,A,A,0.8653871417045593,True,True,True
controller,validation-000539-f76500341b94bd7d-steps-7,7,7,7,True,False,False,False,Z,Z,0.9350783824920654,True,True,True
controller,validation-000539-f76500341b94bd7d-steps-8,8,8,8,True,False,False,False,D,D,0.8294482827186584,True,True,True
controller,validation-000539-f76500341b94bd7d-steps-9,9,8,8,False,True,False,False,D,E,0.9951571822166443,True,False,False
controller,validation-000539-f76500341b94bd7d-steps-10,10,10,10,True,False,False,False,W,W,0.8131253719329834,True,True,True
controller,validation-000539-f76500341b94bd7d-steps-11,11,12,12,False,False,True,False,L,G,0.998005211353302,True,False,False
controller,validation-000539-f76500341b94bd7d-steps-12,12,12,12,True,False,False,False,L,L,0.9469369649887085,True,True,True
controller,validation-000539-f76500341b94bd7d-steps-13,13,13,13,True,False,False,False,A,A,0.9832966327667236,True,True,True
controller,validation-000539-f76500341b94bd7d-steps-14,14,13,13,False,True,False,False,A,Z,0.9995822310447693,True,False,False
controller,validation-000539-f76500341b94bd7d-steps-15,15,12,12,False,True,False,False,L,D,0.9909327030181885,True,False,False
controller,validation-000539-f76500341b94bd7d-steps-16,16,12,12,False,True,False,False,L,E,0.9326121807098389,True,False,False
controller,validation-001175-f8bc6d41031bea05-steps-1,1,1,1,True,False,False,False,Z,Z,0.9988815188407898,True,True,True
controller,validation-001175-f8bc6d41031bea05-steps-2,2,2,2,True,False,False,False,V,V,0.9662262201309204,True,True,True
controller,validation-001175-f8bc6d41031bea05-steps-3,3,3,3,True,False,False,False,K,K,0.9457465410232544,True,True,True
controller,validation-001175-f8bc6d41031bea05-steps-4,4,4,4,True,False,False,False,E,E,0.9218831062316895,True,True,True
controller,validation-001175-f8bc6d41031bea05-steps-5,5,5,5,True,False,False,False,Q,Q,0.7096766829490662,True,True,True
controller,validation-001175-f8bc6d41031bea05-steps-6,6,6,6,True,False,False,False,L,L,0.5346587300300598,True,True,True
controller,validation-001175-f8bc6d41031bea05-steps-7,7,7,7,True,False,False,False,N,N,0.7173479199409485,True,True,True
controller,validation-001175-f8bc6d41031bea05-steps-8,8,8,8,True,False,False,False,H,H,0.5202121734619141,True,True,True
controller,validation-001175-f8bc6d41031bea05-steps-9,9,8,8,False,True,False,False,H,A,0.9706804752349854,True,False,False
controller,validation-001175-f8bc6d41031bea05-steps-10,10,10,10,True,False,False,False,F,F,0.7392950057983398,True,True,True
controller,validation-001175-f8bc6d41031bea05-steps-11,11,12,12,False,False,True,False,W,S,0.9929643869400024,True,False,False
controller,validation-001175-f8bc6d41031bea05-steps-12,12,12,12,True,False,False,False,W,W,0.7888163328170776,True,True,True
controller,validation-001175-f8bc6d41031bea05-steps-13,13,13,13,True,False,False,False,R,R,0.9537007808685303,True,True,True
controller,validation-001175-f8bc6d41031bea05-steps-14,14,13,13,False,True,False,False,R,X,0.9994706511497498,True,False,False
controller,validation-001175-f8bc6d41031bea05-steps-15,15,12,12,False,True,False,False,W,B,0.989469051361084,True,False,False
controller,validation-001175-f8bc6d41031bea05-steps-16,16,12,12,False,True,False,False,W,O,0.7443515062332153,True,False,False
controller,validation-000575-a49455d6ec936787-steps-1,1,1,1,True,False,False,False,S,S,0.9990038275718689,True,True,True
controller,validation-000575-a49455d6ec936787-steps-2,2,2,2,True,False,False,False,R,R,0.9676939845085144,True,True,True
controller,validation-000575-a49455d6ec936787-steps-3,3,3,3,True,False,False,False,S,S,0.9473803639411926,True,True,True
controller,validation-000575-a49455d6ec936787-steps-4,4,4,4,True,False,False,False,R,R,0.8981000185012817,True,True,True
controller,validation-000575-a49455d6ec936787-steps-5,5,5,5,True,False,False,False,S,S,0.8496532440185547,True,True,True
controller,validation-000575-a49455d6ec936787-steps-6,6,6,6,True,False,False,False,R,R,0.6774132251739502,True,True,True
controller,validation-000575-a49455d6ec936787-steps-7,7,7,7,True,False,False,False,S,S,0.893714189529419,True,True,True
controller,validation-000575-a49455d6ec936787-steps-8,8,8,8,True,False,False,False,R,R,0.7130391597747803,True,True,True
controller,validation-000575-a49455d6ec936787-steps-9,9,8,8,False,True,False,False,R,S,0.9912187457084656,True,False,False
controller,validation-000575-a49455d6ec936787-steps-10,10,10,10,True,False,False,False,R,R,0.5096316337585449,True,True,True
controller,validation-000575-a49455d6ec936787-steps-11,11,12,12,False,False,True,False,R,S,0.9831575751304626,True,False,False
controller,validation-000575-a49455d6ec936787-steps-12,12,12,12,True,False,False,False,R,R,0.6547881960868835,True,True,True
controller,validation-000575-a49455d6ec936787-steps-13,13,13,13,True,False,False,False,S,S,0.8556936383247375,True,True,True
controller,validation-000575-a49455d6ec936787-steps-14,14,13,13,False,True,False,False,S,R,0.9987205862998962,True,False,False
controller,validation-000575-a49455d6ec936787-steps-15,15,12,12,False,True,False,False,R,S,0.9587700366973877,True,False,False
controller,validation-000575-a49455d6ec936787-steps-16,16,12,12,False,True,False,False,R,R,0.6898172497749329,True,True,False
controller,validation-000527-c77e9440688603e4-steps-1,1,1,1,True,False,False,False,T,T,0.9995680451393127,True,True,True
controller,validation-000527-c77e9440688603e4-steps-2,2,2,2,True,False,False,False,J,J,0.9980558156967163,True,True,True
controller,validation-000527-c77e9440688603e4-steps-3,3,3,3,True,False,False,False,T,T,0.9997214674949646,True,True,True
controller,validation-000527-c77e9440688603e4-steps-4,4,4,4,True,False,False,False,J,J,0.9998955726623535,True,True,True
controller,validation-000527-c77e9440688603e4-steps-5,5,5,5,True,False,False,False,T,T,0.9999009370803833,True,True,True
controller,validation-000527-c77e9440688603e4-steps-6,6,6,6,True,False,False,False,J,J,0.9998944997787476,True,True,True
controller,validation-000527-c77e9440688603e4-steps-7,7,6,6,False,True,False,False,J,T,0.5594441890716553,True,False,False
controller,validation-000527-c77e9440688603e4-steps-8,8,8,8,True,False,False,False,J,J,0.9999327659606934,True,True,True
controller,validation-000527-c77e9440688603e4-steps-9,9,7,7,False,True,False,False,T,T,0.9688091278076172,True,True,False
controller,validation-000527-c77e9440688603e4-steps-10,10,10,10,True,False,False,False,J,J,0.9997745156288147,True,True,True
controller,validation-000527-c77e9440688603e4-steps-11,11,11,11,True,False,False,False,T,T,0.9463841319084167,True,True,True
controller,validation-000527-c77e9440688603e4-steps-12,12,12,12,True,False,False,False,J,J,0.999755322933197,True,True,True
controller,validation-000527-c77e9440688603e4-steps-13,13,12,12,False,True,False,False,J,T,0.5229901075363159,True,False,False
controller,validation-000527-c77e9440688603e4-steps-14,14,12,12,False,True,False,False,J,J,0.9940086603164673,True,True,False
controller,validation-000527-c77e9440688603e4-steps-15,15,11,11,False,True,False,False,T,T,0.8176244497299194,True,True,False
controller,validation-000527-c77e9440688603e4-steps-16,16,12,12,False,True,False,False,J,J,0.999815046787262,True,True,False
controller,validation-001343-3eae56d6e9ed6519-steps-1,1,1,1,True,False,False,False,Q,Q,0.9988204836845398,True,True,True
controller,validation-001343-3eae56d6e9ed6519-steps-2,2,2,2,True,False,False,False,D,D,0.9856723546981812,True,True,True
controller,validation-001343-3eae56d6e9ed6519-steps-3,3,3,3,True,False,False,False,T,T,0.9911075234413147,True,True,True
controller,validation-001343-3eae56d6e9ed6519-steps-4,4,4,4,True,False,False,False,D,D,0.9868619441986084,True,True,True
controller,validation-001343-3eae56d6e9ed6519-steps-5,5,5,5,True,False,False,False,T,T,0.9642277359962463,True,True,True
controller,validation-001343-3eae56d6e9ed6519-steps-6,6,6,6,True,False,False,False,D,D,0.8927600383758545,True,True,True
controller,validation-001343-3eae56d6e9ed6519-steps-7,7,7,7,True,False,False,False,T,T,0.8560916781425476,True,True,True
controller,validation-001343-3eae56d6e9ed6519-steps-8,8,8,8,True,False,False,False,D,D,0.7911280989646912,True,True,True
controller,validation-001343-3eae56d6e9ed6519-steps-9,9,8,8,False,True,False,False,D,T,0.9927722811698914,True,False,False
controller,validation-001343-3eae56d6e9ed6519-steps-10,10,11,11,False,False,True,False,T,D,0.9998701810836792,True,False,False
controller,validation-001343-3eae56d6e9ed6519-steps-11,11,12,12,False,False,True,False,D,T,0.9882716536521912,True,False,False
controller,validation-001343-3eae56d6e9ed6519-steps-12,12,12,12,True,False,False,False,D,D,0.5055983662605286,True,True,True
controller,validation-001343-3eae56d6e9ed6519-steps-13,13,13,13,True,False,False,False,T,T,0.8954281210899353,True,True,True
controller,validation-001343-3eae56d6e9ed6519-steps-14,14,13,13,False,True,False,False,T,D,0.9978925585746765,True,False,False
controller,validation-001343-3eae56d6e9ed6519-steps-15,15,12,12,False,True,False,False,D,T,0.914074718952179,True,False,False
controller,validation-001343-3eae56d6e9ed6519-steps-16,16,12,12,False,True,False,False,D,D,0.5184895992279053,True,True,False
controller,validation-001523-3296e447ce252ee9-steps-1,1,1,1,True,False,False,False,Y,Y,0.9983715415000916,True,True,True
controller,validation-001523-3296e447ce252ee9-steps-2,2,2,2,True,False,False,False,C,C,0.9629570841789246,True,True,True
controller,validation-001523-3296e447ce252ee9-steps-3,3,3,3,True,False,False,False,S,S,0.9592527747154236,True,True,True
controller,validation-001523-3296e447ce252ee9-steps-4,4,4,4,True,False,False,False,P,P,0.9778344631195068,True,True,True
controller,validation-001523-3296e447ce252ee9-steps-5,5,5,5,True,False,False,False,X,X,0.9497132301330566,True,True,True
controller,validation-001523-3296e447ce252ee9-steps-6,6,6,6,True,False,False,False,D,D,0.930199921131134,True,True,True
controller,validation-001523-3296e447ce252ee9-steps-7,7,7,7,True,False,False,False,B,B,0.9583684802055359,True,True,True
controller,validation-001523-3296e447ce252ee9-steps-8,8,8,8,True,False,False,False,H,H,0.8930357694625854,True,True,True
controller,validation-001523-3296e447ce252ee9-steps-9,9,8,8,False,True,False,False,H,I,0.9969124794006348,True,False,False
controller,validation-001523-3296e447ce252ee9-steps-10,10,10,10,True,False,False,False,Z,Z,0.8033897280693054,True,True,True
controller,validation-001523-3296e447ce252ee9-steps-11,11,12,12,False,False,True,False,K,O,0.9980716109275818,True,False,False
controller,validation-001523-3296e447ce252ee9-steps-12,12,12,12,True,False,False,False,K,K,0.9167142510414124,True,True,True
controller,validation-001523-3296e447ce252ee9-steps-13,13,13,13,True,False,False,False,K,K,0.9718605875968933,True,True,True
controller,validation-001523-3296e447ce252ee9-steps-14,14,13,13,False,True,False,False,K,K,0.9995711445808411,True,True,False
controller,validation-001523-3296e447ce252ee9-steps-15,15,12,12,False,True,False,False,K,K,0.9930515289306641,True,True,False
controller,validation-001523-3296e447ce252ee9-steps-16,16,12,12,False,True,False,False,K,K,0.8955565094947815,True,True,False
controller,validation-000611-46c166ebb1c244ff-steps-1,1,1,1,True,False,False,False,J,J,0.9992126226425171,True,True,True
controller,validation-000611-46c166ebb1c244ff-steps-2,2,2,2,True,False,False,False,Y,Y,0.9908740520477295,True,True,True
controller,validation-000611-46c166ebb1c244ff-steps-3,3,3,3,True,False,False,False,K,K,0.9961016178131104,True,True,True
controller,validation-000611-46c166ebb1c244ff-steps-4,4,4,4,True,False,False,False,S,S,0.9976569414138794,True,True,True
controller,validation-000611-46c166ebb1c244ff-steps-5,5,5,5,True,False,False,False,O,O,0.9985066056251526,True,True,True
controller,validation-000611-46c166ebb1c244ff-steps-6,6,6,6,True,False,False,False,E,E,0.9984867572784424,True,True,True
controller,validation-000611-46c166ebb1c244ff-steps-7,7,7,7,True,False,False,False,G,G,0.9996589422225952,True,True,True
controller,validation-000611-46c166ebb1c244ff-steps-8,8,8,8,True,False,False,False,U,U,0.9995235204696655,True,True,True
controller,validation-000611-46c166ebb1c244ff-steps-9,9,8,8,False,True,False,False,U,N,0.9999122619628906,True,False,False
controller,validation-000611-46c166ebb1c244ff-steps-10,10,10,10,True,False,False,False,H,H,0.9995860457420349,True,True,True
controller,validation-000611-46c166ebb1c244ff-steps-11,11,11,11,True,False,False,False,T,T,0.7925078868865967,True,True,True
controller,validation-000611-46c166ebb1c244ff-steps-12,12,12,12,True,False,False,False,F,F,0.9997146725654602,True,True,True
controller,validation-000611-46c166ebb1c244ff-steps-13,13,13,13,True,False,False,False,Q,Q,0.9998000264167786,True,True,True
controller,validation-000611-46c166ebb1c244ff-steps-14,14,12,12,False,True,False,False,F,B,0.9871784448623657,True,False,False
controller,validation-000611-46c166ebb1c244ff-steps-15,15,11,11,False,True,False,False,T,P,0.5060484409332275,True,False,False
controller,validation-000611-46c166ebb1c244ff-steps-16,16,12,12,False,True,False,False,F,A,0.9997392296791077,True,False,False
controller,validation-000083-1a1c162c8a716f0f-steps-1,1,1,1,True,False,False,False,L,L,0.9983595013618469,True,True,True
controller,validation-000083-1a1c162c8a716f0f-steps-2,2,2,2,True,False,False,False,C,C,0.9740728139877319,True,True,True
controller,validation-000083-1a1c162c8a716f0f-steps-3,3,3,3,True,False,False,False,D,D,0.9882763028144836,True,True,True
controller,validation-000083-1a1c162c8a716f0f-steps-4,4,4,4,True,False,False,False,Q,Q,0.9968507885932922,True,True,True
controller,validation-000083-1a1c162c8a716f0f-steps-5,5,5,5,True,False,False,False,S,S,0.9987313151359558,True,True,True
controller,validation-000083-1a1c162c8a716f0f-steps-6,6,6,6,True,False,False,False,N,N,0.997214138507843,True,True,True
controller,validation-000083-1a1c162c8a716f0f-steps-7,7,7,7,True,False,False,False,V,V,0.9996702671051025,True,True,True
controller,validation-000083-1a1c162c8a716f0f-steps-8,8,8,8,True,False,False,False,B,B,0.999643087387085,True,True,True
controller,validation-000083-1a1c162c8a716f0f-steps-9,9,8,8,False,True,False,False,B,E,0.9999159574508667,True,False,False
controller,validation-000083-1a1c162c8a716f0f-steps-10,10,10,10,True,False,False,False,Z,Z,0.9989835619926453,True,True,True
controller,validation-000083-1a1c162c8a716f0f-steps-11,11,11,11,True,False,False,False,M,M,0.711581826210022,True,True,True
controller,validation-000083-1a1c162c8a716f0f-steps-12,12,12,12,True,False,False,False,W,W,0.9997019171714783,True,True,True
controller,validation-000083-1a1c162c8a716f0f-steps-13,13,13,13,True,False,False,False,R,R,0.999834418296814,True,True,True
controller,validation-000083-1a1c162c8a716f0f-steps-14,14,12,12,False,True,False,False,W,K,0.9820972084999084,True,False,False
controller,validation-000083-1a1c162c8a716f0f-steps-15,15,12,12,False,True,False,False,W,A,0.9998887777328491,True,False,False
controller,validation-000083-1a1c162c8a716f0f-steps-16,16,12,12,False,True,False,False,W,O,0.9996457099914551,True,False,False
controller,validation-000359-b92f23fc5463bcf8-steps-1,1,1,1,True,False,False,False,O,O,0.9997246861457825,True,True,True
controller,validation-000359-b92f23fc5463bcf8-steps-2,2,2,2,True,False,False,False,J,J,0.998035728931427,True,True,True
controller,validation-000359-b92f23fc5463bcf8-steps-3,3,3,3,True,False,False,False,E,E,0.9995606541633606,True,True,True
controller,validation-000359-b92f23fc5463bcf8-steps-4,4,4,4,True,False,False,False,Y,Y,0.999816358089447,True,True,True
controller,validation-000359-b92f23fc5463bcf8-steps-5,5,5,5,True,False,False,False,G,G,0.9998247027397156,True,True,True
controller,validation-000359-b92f23fc5463bcf8-steps-6,6,6,6,True,False,False,False,X,X,0.9998639822006226,True,True,True
controller,validation-000359-b92f23fc5463bcf8-steps-7,7,7,7,True,False,False,False,T,T,0.9999196529388428,True,True,True
controller,validation-000359-b92f23fc5463bcf8-steps-8,8,8,8,True,False,False,False,N,N,0.9998101592063904,True,True,True
controller,validation-000359-b92f23fc5463bcf8-steps-9,9,7,7,False,True,False,False,T,M,0.7932725548744202,True,False,False
controller,validation-000359-b92f23fc5463bcf8-steps-10,10,10,10,True,False,False,False,C,C,0.9998533725738525,True,True,True
controller,validation-000359-b92f23fc5463bcf8-steps-11,11,11,11,True,False,False,False,O,O,0.8998660445213318,True,True,True
controller,validation-000359-b92f23fc5463bcf8-steps-12,12,12,12,True,False,False,False,J,J,0.9997997879981995,True,True,True
controller,validation-000359-b92f23fc5463bcf8-steps-13,13,13,13,True,False,False,False,E,E,0.9998316764831543,True,True,True
controller,validation-000359-b92f23fc5463bcf8-steps-14,14,12,12,False,True,False,False,J,Y,0.9914480447769165,True,False,False
controller,validation-000359-b92f23fc5463bcf8-steps-15,15,11,11,False,True,False,False,O,G,0.8071901202201843,True,False,False
controller,validation-000359-b92f23fc5463bcf8-steps-16,16,12,12,False,True,False,False,J,X,0.9998420476913452,True,False,False
controller,validation-000323-bdc0809a8b0d79a5-steps-1,1,1,1,True,False,False,False,S,S,0.9986078143119812,True,True,True
controller,validation-000323-bdc0809a8b0d79a5-steps-2,2,2,2,True,False,False,False,X,X,0.9410964250564575,True,True,True
controller,validation-000323-bdc0809a8b0d79a5-steps-3,3,3,3,True,False,False,False,Q,Q,0.9304445385932922,True,True,True
controller,validation-000323-bdc0809a8b0d79a5-steps-4,4,4,4,True,False,False,False,D,D,0.8944483399391174,True,True,True
controller,validation-000323-bdc0809a8b0d79a5-steps-5,5,5,5,True,False,False,False,P,P,0.8910817503929138,True,True,True
controller,validation-000323-bdc0809a8b0d79a5-steps-6,6,6,6,True,False,False,False,E,E,0.7945674657821655,True,True,True
controller,validation-000323-bdc0809a8b0d79a5-steps-7,7,7,7,True,False,False,False,Z,Z,0.9577101469039917,True,True,True
controller,validation-000323-bdc0809a8b0d79a5-steps-8,8,8,8,True,False,False,False,M,M,0.9521564841270447,True,True,True
controller,validation-000323-bdc0809a8b0d79a5-steps-9,9,8,8,False,True,False,False,M,A,0.9965139031410217,True,False,False
controller,validation-000323-bdc0809a8b0d79a5-steps-10,10,10,10,True,False,False,False,C,C,0.9195941686630249,True,True,True
controller,validation-000323-bdc0809a8b0d79a5-steps-11,11,12,12,False,False,True,False,T,N,0.9994257688522339,True,False,False
controller,validation-000323-bdc0809a8b0d79a5-steps-12,12,12,12,True,False,False,False,T,T,0.9844707250595093,True,True,True
controller,validation-000323-bdc0809a8b0d79a5-steps-13,13,13,13,True,False,False,False,U,U,0.9920592308044434,True,True,True
controller,validation-000323-bdc0809a8b0d79a5-steps-14,14,13,13,False,True,False,False,U,O,0.9998020529747009,True,False,False
controller,validation-000323-bdc0809a8b0d79a5-steps-15,15,12,12,False,True,False,False,T,W,0.9981666803359985,True,False,False
controller,validation-000323-bdc0809a8b0d79a5-steps-16,16,12,12,False,True,False,False,T,H,0.9775577783584595,True,False,False
controller,validation-000899-75f60bb8180d1a83-steps-1,1,1,1,True,False,False,False,I,I,0.9993246793746948,True,True,True
controller,validation-000899-75f60bb8180d1a83-steps-2,2,2,2,True,False,False,False,A,A,0.9851664900779724,True,True,True
controller,validation-000899-75f60bb8180d1a83-steps-3,3,3,3,True,False,False,False,V,V,0.9927440881729126,True,True,True
controller,validation-000899-75f60bb8180d1a83-steps-4,4,4,4,True,False,False,False,Y,Y,0.9952173233032227,True,True,True
controller,validation-000899-75f60bb8180d1a83-steps-5,5,5,5,True,False,False,False,G,G,0.9958800077438354,True,True,True
controller,validation-000899-75f60bb8180d1a83-steps-6,6,6,6,True,False,False,False,P,P,0.9930470585823059,True,True,True
controller,validation-000899-75f60bb8180d1a83-steps-7,7,7,7,True,False,False,False,N,N,0.9978354573249817,True,True,True
controller,validation-000899-75f60bb8180d1a83-steps-8,8,8,8,True,False,False,False,F,F,0.9978675842285156,True,True,True
controller,validation-000899-75f60bb8180d1a83-steps-9,9,8,8,False,True,False,False,F,T,0.9998444318771362,True,False,False
controller,validation-000899-75f60bb8180d1a83-steps-10,10,10,10,True,False,False,False,O,O,0.9998026490211487,True,True,True
controller,validation-000899-75f60bb8180d1a83-steps-11,11,11,11,True,False,False,False,Q,Q,0.9477809071540833,True,True,True
controller,validation-000899-75f60bb8180d1a83-steps-12,12,12,12,True,False,False,False,U,U,0.9997448325157166,True,True,True
controller,validation-000899-75f60bb8180d1a83-steps-13,13,13,13,True,False,False,False,S,S,0.9998533725738525,True,True,True
controller,validation-000899-75f60bb8180d1a83-steps-14,14,12,12,False,True,False,False,U,H,0.9868412017822266,True,False,False
controller,validation-000899-75f60bb8180d1a83-steps-15,15,11,11,False,True,False,False,Q,K,0.6944151520729065,True,False,False
controller,validation-000899-75f60bb8180d1a83-steps-16,16,12,12,False,True,False,False,U,C,0.9997574687004089,True,False,False
controller,validation-000599-2f78e7c2fe9b1ad3-steps-1,1,1,1,True,False,False,False,V,V,0.9997168183326721,True,True,True
controller,validation-000599-2f78e7c2fe9b1ad3-steps-2,2,2,2,True,False,False,False,V,V,0.9992308616638184,True,True,True
controller,validation-000599-2f78e7c2fe9b1ad3-steps-3,3,3,3,True,False,False,False,V,V,0.9998927116394043,True,True,True
controller,validation-000599-2f78e7c2fe9b1ad3-steps-4,4,4,4,True,False,False,False,V,V,0.999943733215332,True,True,True
controller,validation-000599-2f78e7c2fe9b1ad3-steps-5,5,4,4,False,True,False,False,V,V,0.5217806696891785,True,True,False
controller,validation-000599-2f78e7c2fe9b1ad3-steps-6,6,5,5,False,True,False,False,V,V,0.8790624141693115,True,True,False
controller,validation-000599-2f78e7c2fe9b1ad3-steps-7,7,6,6,False,True,False,False,V,V,0.9917992353439331,True,True,False
controller,validation-000599-2f78e7c2fe9b1ad3-steps-8,8,7,7,False,True,False,False,V,V,0.9870331287384033,True,True,False
controller,validation-000599-2f78e7c2fe9b1ad3-steps-9,9,7,7,False,True,False,False,V,V,0.9994900226593018,True,True,False
controller,validation-000599-2f78e7c2fe9b1ad3-steps-10,10,9,9,False,True,False,False,V,V,0.9988958835601807,True,True,False
controller,validation-000599-2f78e7c2fe9b1ad3-steps-11,11,10,10,False,True,False,False,V,V,0.7175348401069641,True,True,False
controller,validation-000599-2f78e7c2fe9b1ad3-steps-12,12,11,11,False,True,False,False,V,V,0.9988071918487549,True,True,False
controller,validation-000599-2f78e7c2fe9b1ad3-steps-13,13,12,12,False,True,False,False,V,V,0.9994775652885437,True,True,False
controller,validation-000599-2f78e7c2fe9b1ad3-steps-14,14,11,11,False,True,False,False,V,V,0.9475818872451782,True,True,False
controller,validation-000599-2f78e7c2fe9b1ad3-steps-15,15,11,11,False,True,False,False,V,V,0.9997437596321106,True,True,False
controller,validation-000599-2f78e7c2fe9b1ad3-steps-16,16,11,11,False,True,False,False,V,V,0.9987768530845642,True,True,False
controller,validation-001331-08e35c3a1f358a68-steps-1,1,1,1,True,False,False,False,L,L,0.9993459582328796,True,True,True
controller,validation-001331-08e35c3a1f358a68-steps-2,2,2,2,True,False,False,False,P,P,0.9957219362258911,True,True,True
controller,validation-001331-08e35c3a1f358a68-steps-3,3,3,3,True,False,False,False,C,C,0.9988571405410767,True,True,True
controller,validation-001331-08e35c3a1f358a68-steps-4,4,4,4,True,False,False,False,Z,Z,0.999349057674408,True,True,True
controller,validation-001331-08e35c3a1f358a68-steps-5,5,5,5,True,False,False,False,U,U,0.9994182586669922,True,True,True
controller,validation-001331-08e35c3a1f358a68-steps-6,6,6,6,True,False,False,False,N,N,0.9995336532592773,True,True,True
controller,validation-001331-08e35c3a1f358a68-steps-7,7,7,7,True,False,False,False,L,L,0.9996097683906555,True,True,True
controller,validation-001331-08e35c3a1f358a68-steps-8,8,8,8,True,False,False,False,P,P,0.9993358254432678,True,True,True
controller,validation-001331-08e35c3a1f358a68-steps-9,9,8,8,False,True,False,False,P,C,0.9999173879623413,True,False,False
controller,validation-001331-08e35c3a1f358a68-steps-10,10,10,10,True,False,False,False,Z,Z,0.9992386102676392,True,True,True
controller,validation-001331-08e35c3a1f358a68-steps-11,11,11,11,True,False,False,False,U,U,0.8282505869865417,True,True,True
controller,validation-001331-08e35c3a1f358a68-steps-12,12,12,12,True,False,False,False,N,N,0.9994327425956726,True,True,True
controller,validation-001331-08e35c3a1f358a68-steps-13,13,13,13,True,False,False,False,L,L,0.9997612833976746,True,True,True
controller,validation-001331-08e35c3a1f358a68-steps-14,14,12,12,False,True,False,False,N,P,0.9682530164718628,True,False,False
controller,validation-001331-08e35c3a1f358a68-steps-15,15,12,12,False,True,False,False,N,C,0.9998515844345093,True,False,False
controller,validation-001331-08e35c3a1f358a68-steps-16,16,12,12,False,True,False,False,N,Z,0.9995705485343933,True,False,False
controller,validation-000911-5281ea2ec2b634b7-steps-1,1,1,1,True,False,False,False,I,I,0.9995654225349426,True,True,True
controller,validation-000911-5281ea2ec2b634b7-steps-2,2,2,2,True,False,False,False,F,F,0.9970700740814209,True,True,True
controller,validation-000911-5281ea2ec2b634b7-steps-3,3,3,3,True,False,False,False,D,D,0.9993927478790283,True,True,True
controller,validation-000911-5281ea2ec2b634b7-steps-4,4,4,4,True,False,False,False,N,N,0.9997671246528625,True,True,True
controller,validation-000911-5281ea2ec2b634b7-steps-5,5,5,5,True,False,False,False,A,A,0.9998517036437988,True,True,True
controller,validation-000911-5281ea2ec2b634b7-steps-6,6,6,6,True,False,False,False,B,B,0.99985671043396,True,True,True
controller,validation-000911-5281ea2ec2b634b7-steps-7,7,7,7,True,False,False,False,L,L,0.9999399185180664,True,True,True
controller,validation-000911-5281ea2ec2b634b7-steps-8,8,8,8,True,False,False,False,W,W,0.9999097585678101,True,True,True
controller,validation-000911-5281ea2ec2b634b7-steps-9,9,7,7,False,True,False,False,L,V,0.9109317064285278,True,False,False
controller,validation-000911-5281ea2ec2b634b7-steps-10,10,10,10,True,False,False,False,U,U,0.9998489618301392,True,True,True
controller,validation-000911-5281ea2ec2b634b7-steps-11,11,11,11,True,False,False,False,X,X,0.9741490483283997,True,True,True
controller,validation-000911-5281ea2ec2b634b7-steps-12,12,12,12,True,False,False,False,R,R,0.9998559951782227,True,True,True
controller,validation-000911-5281ea2ec2b634b7-steps-13,13,12,12,False,True,False,False,R,M,0.653340756893158,True,False,False
controller,validation-000911-5281ea2ec2b634b7-steps-14,14,12,12,False,True,False,False,R,Z,0.997386634349823,True,False,False
controller,validation-000911-5281ea2ec2b634b7-steps-15,15,11,11,False,True,False,False,X,J,0.9209475517272949,True,False,False
controller,validation-000911-5281ea2ec2b634b7-steps-16,16,12,12,False,True,False,False,R,A,0.9998482465744019,True,False,False
controller,validation-000131-f86ab9cea858725f-steps-1,1,1,1,True,False,False,False,F,F,0.9990737438201904,True,True,True
controller,validation-000131-f86ab9cea858725f-steps-2,2,2,2,True,False,False,False,V,V,0.9920727610588074,True,True,True
controller,validation-000131-f86ab9cea858725f-steps-3,3,3,3,True,False,False,False,T,T,0.997622549533844,True,True,True
controller,validation-000131-f86ab9cea858725f-steps-4,4,4,4,True,False,False,False,S,S,0.9982512593269348,True,True,True
controller,validation-000131-f86ab9cea858725f-steps-5,5,5,5,True,False,False,False,E,E,0.9977676868438721,True,True,True
controller,validation-000131-f86ab9cea858725f-steps-6,6,6,6,True,False,False,False,D,D,0.9959373474121094,True,True,True
controller,validation-000131-f86ab9cea858725f-steps-7,7,7,7,True,False,False,False,B,B,0.9985851049423218,True,True,True
controller,validation-000131-f86ab9cea858725f-steps-8,8,8,8,True,False,False,False,J,J,0.9979628324508667,True,True,True
controller,validation-000131-f86ab9cea858725f-steps-9,9,8,8,False,True,False,False,J,O,0.9997883439064026,True,False,False
controller,validation-000131-f86ab9cea858725f-steps-10,10,10,10,True,False,False,False,I,I,0.9990898370742798,True,True,True
controller,validation-000131-f86ab9cea858725f-steps-11,11,12,12,False,False,True,False,U,R,0.9998537302017212,True,False,False
controller,validation-000131-f86ab9cea858725f-steps-12,12,12,12,True,False,False,False,U,U,0.9986569881439209,True,True,True
controller,validation-000131-f86ab9cea858725f-steps-13,13,13,13,True,False,False,False,W,W,0.9992974996566772,True,True,True
controller,validation-000131-f86ab9cea858725f-steps-14,14,12,12,False,True,False,False,U,G,0.8511894941329956,True,False,False
controller,validation-000131-f86ab9cea858725f-steps-15,15,12,12,False,True,False,False,U,F,0.9997469782829285,True,False,False
controller,validation-000131-f86ab9cea858725f-steps-16,16,12,12,False,True,False,False,U,V,0.9985476136207581,True,False,False
controller,validation-000107-f9696f08ed7f5e0c-steps-1,1,1,1,True,False,False,False,T,T,0.9984614849090576,True,True,True
controller,validation-000107-f9696f08ed7f5e0c-steps-2,2,2,2,True,False,False,False,W,W,0.9442873597145081,True,True,True
controller,validation-000107-f9696f08ed7f5e0c-steps-3,3,3,3,True,False,False,False,Z,Z,0.9581284523010254,True,True,True
controller,validation-000107-f9696f08ed7f5e0c-steps-4,4,4,4,True,False,False,False,H,H,0.9781054854393005,True,True,True
controller,validation-000107-f9696f08ed7f5e0c-steps-5,5,5,5,True,False,False,False,V,V,0.9859302639961243,True,True,True
controller,validation-000107-f9696f08ed7f5e0c-steps-6,6,6,6,True,False,False,False,E,E,0.9844768643379211,True,True,True
controller,validation-000107-f9696f08ed7f5e0c-steps-7,7,7,7,True,False,False,False,B,B,0.9972670078277588,True,True,True
controller,validation-000107-f9696f08ed7f5e0c-steps-8,8,8,8,True,False,False,False,O,O,0.9949064254760742,True,True,True
controller,validation-000107-f9696f08ed7f5e0c-steps-9,9,8,8,False,True,False,False,O,X,0.9996970891952515,True,False,False
controller,validation-000107-f9696f08ed7f5e0c-steps-10,10,10,10,True,False,False,False,J,J,0.9884345531463623,True,True,True
controller,validation-000107-f9696f08ed7f5e0c-steps-11,11,12,12,False,False,True,False,K,I,0.9997842907905579,True,False,False
controller,validation-000107-f9696f08ed7f5e0c-steps-12,12,12,12,True,False,False,False,K,K,0.9973543882369995,True,True,True
controller,validation-000107-f9696f08ed7f5e0c-steps-13,13,13,13,True,False,False,False,Y,Y,0.9992526173591614,True,True,True
controller,validation-000107-f9696f08ed7f5e0c-steps-14,14,12,12,False,True,False,False,K,G,0.7879765629768372,True,False,False
controller,validation-000107-f9696f08ed7f5e0c-steps-15,15,12,12,False,True,False,False,K,D,0.9996422529220581,True,False,False
controller,validation-000107-f9696f08ed7f5e0c-steps-16,16,12,12,False,True,False,False,K,S,0.9976239800453186,True,False,False
controller,validation-000155-c11524fc7103abc4-steps-1,1,1,1,True,False,False,False,T,T,0.999776303768158,True,True,True
controller,validation-000155-c11524fc7103abc4-steps-2,2,2,2,True,False,False,False,J,J,0.9985154271125793,True,True,True
controller,validation-000155-c11524fc7103abc4-steps-3,3,3,3,True,False,False,False,G,G,0.9997261166572571,True,True,True
controller,validation-000155-c11524fc7103abc4-steps-4,4,4,4,True,False,False,False,O,O,0.9998227953910828,True,True,True
controller,validation-000155-c11524fc7103abc4-steps-5,5,5,5,True,False,False,False,W,W,0.9998432397842407,True,True,True
controller,validation-000155-c11524fc7103abc4-steps-6,6,6,6,True,False,False,False,S,S,0.9998288154602051,True,True,True
controller,validation-000155-c11524fc7103abc4-steps-7,7,7,7,True,False,False,False,M,M,0.9998677968978882,True,True,True
controller,validation-000155-c11524fc7103abc4-steps-8,8,8,8,True,False,False,False,E,E,0.999862790107727,True,True,True
controller,validation-000155-c11524fc7103abc4-steps-9,9,7,7,False,True,False,False,M,H,0.7583298087120056,True,False,False
controller,validation-000155-c11524fc7103abc4-steps-10,10,10,10,True,False,False,False,F,F,0.9996591806411743,True,True,True
controller,validation-000155-c11524fc7103abc4-steps-11,11,11,11,True,False,False,False,Z,Z,0.8485180139541626,True,True,True
controller,validation-000155-c11524fc7103abc4-steps-12,12,12,12,True,False,False,False,D,D,0.9994906187057495,True,True,True
controller,validation-000155-c11524fc7103abc4-steps-13,13,13,13,True,False,False,False,R,R,0.9997032284736633,True,True,True
controller,validation-000155-c11524fc7103abc4-steps-14,14,12,12,False,True,False,False,D,A,0.9556189179420471,True,False,False
controller,validation-000155-c11524fc7103abc4-steps-15,15,12,12,False,True,False,False,D,N,0.9998266100883484,True,False,False
controller,validation-000155-c11524fc7103abc4-steps-16,16,12,12,False,True,False,False,D,V,0.9994452595710754,True,False,False
controller,validation-000095-504840b469af04bd-steps-1,1,1,1,True,False,False,False,J,J,0.9995710253715515,True,True,True
controller,validation-000095-504840b469af04bd-steps-2,2,2,2,True,False,False,False,L,L,0.9988294243812561,True,True,True
controller,validation-000095-504840b469af04bd-steps-3,3,3,3,True,False,False,False,S,S,0.9998219609260559,True,True,True
controller,validation-000095-504840b469af04bd-steps-4,4,4,4,True,False,False,False,B,B,0.9999196529388428,True,True,True
controller,validation-000095-504840b469af04bd-steps-5,5,5,5,True,False,False,False,I,I,0.9999408721923828,True,True,True
controller,validation-000095-504840b469af04bd-steps-6,6,6,6,True,False,False,False,P,P,0.9999463558197021,True,True,True
controller,validation-000095-504840b469af04bd-steps-7,7,6,6,False,True,False,False,P,M,0.8930712342262268,True,False,False
controller,validation-000095-504840b469af04bd-steps-8,8,7,7,False,True,False,False,M,N,0.7963919043540955,True,False,False
controller,validation-000095-504840b469af04bd-steps-9,9,7,7,False,True,False,False,M,K,0.9862615466117859,True,False,False
controller,validation-000095-504840b469af04bd-steps-10,10,9,9,False,True,False,False,K,X,0.8378680944442749,True,False,False
controller,validation-000095-504840b469af04bd-steps-11,11,11,11,True,False,False,False,Q,Q,0.9959484934806824,True,True,True
controller,validation-000095-504840b469af04bd-steps-12,12,11,11,False,True,False,False,Q,G,0.8361799120903015,True,False,False
controller,validation-000095-504840b469af04bd-steps-13,13,12,12,False,True,False,False,G,U,0.9564582109451294,True,False,False
controller,validation-000095-504840b469af04bd-steps-14,14,12,12,False,True,False,False,G,F,0.9995704293251038,True,False,False
controller,validation-000095-504840b469af04bd-steps-15,15,11,11,False,True,False,False,Q,W,0.979889452457428,True,False,False
controller,validation-000095-504840b469af04bd-steps-16,16,11,11,False,True,False,False,Q,Z,0.6883540153503418,True,False,False
controller,validation-000263-080cb59a5f62a448-steps-1,1,1,1,True,False,False,False,M,M,0.9992546439170837,True,True,True
controller,validation-000263-080cb59a5f62a448-steps-2,2,2,2,True,False,False,False,V,V,0.9906376004219055,True,True,True
controller,validation-000263-080cb59a5f62a448-steps-3,3,3,3,True,False,False,False,J,J,0.9958261251449585,True,True,True
controller,validation-000263-080cb59a5f62a448-steps-4,4,4,4,True,False,False,False,R,R,0.9974222183227539,True,True,True
controller,validation-000263-080cb59a5f62a448-steps-5,5,5,5,True,False,False,False,I,I,0.9962058067321777,True,True,True
controller,validation-000263-080cb59a5f62a448-steps-6,6,6,6,True,False,False,False,K,K,0.9946215152740479,True,True,True
controller,validation-000263-080cb59a5f62a448-steps-7,7,7,7,True,False,False,False,S,S,0.9978592991828918,True,True,True
controller,validation-000263-080cb59a5f62a448-steps-8,8,8,8,True,False,False,False,M,M,0.9938696622848511,True,True,True
controller,validation-000263-080cb59a5f62a448-steps-9,9,8,8,False,True,False,False,M,V,0.9996041655540466,True,False,False
controller,validation-000263-080cb59a5f62a448-steps-10,10,10,10,True,False,False,False,J,J,0.9951699376106262,True,True,True
controller,validation-000263-080cb59a5f62a448-steps-11,11,12,12,False,False,True,False,I,R,0.9997091889381409,True,False,False
controller,validation-000263-080cb59a5f62a448-steps-12,12,12,12,True,False,False,False,I,I,0.9951991438865662,True,True,True
controller,validation-000263-080cb59a5f62a448-steps-13,13,13,13,True,False,False,False,K,K,0.9962158799171448,True,True,True
controller,validation-000263-080cb59a5f62a448-steps-14,14,12,12,False,True,False,False,I,S,0.5264465808868408,True,False,False
controller,validation-000263-080cb59a5f62a448-steps-15,15,12,12,False,True,False,False,I,M,0.9991563558578491,True,False,False
controller,validation-000263-080cb59a5f62a448-steps-16,16,12,12,False,True,False,False,I,V,0.9948845505714417,True,False,False
controller,validation-000035-4556add4dc81041f-steps-1,1,1,1,True,False,False,False,Z,Z,0.9990843534469604,True,True,True
controller,validation-000035-4556add4dc81041f-steps-2,2,2,2,True,False,False,False,S,S,0.9682766795158386,True,True,True
controller,validation-000035-4556add4dc81041f-steps-3,3,3,3,True,False,False,False,G,G,0.9698543548583984,True,True,True
controller,validation-000035-4556add4dc81041f-steps-4,4,4,4,True,False,False,False,M,M,0.9472208619117737,True,True,True
controller,validation-000035-4556add4dc81041f-steps-5,5,5,5,True,False,False,False,L,L,0.9611297845840454,True,True,True
controller,validation-000035-4556add4dc81041f-steps-6,6,6,6,True,False,False,False,X,X,0.8836814761161804,True,True,True
controller,validation-000035-4556add4dc81041f-steps-7,7,7,7,True,False,False,False,F,F,0.9539966583251953,True,True,True
controller,validation-000035-4556add4dc81041f-steps-8,8,8,8,True,False,False,False,V,V,0.901465892791748,True,True,True
controller,validation-000035-4556add4dc81041f-steps-9,9,8,8,False,True,False,False,V,C,0.9967064261436462,True,False,False
controller,validation-000035-4556add4dc81041f-steps-10,10,10,10,True,False,False,False,Y,Y,0.9963229894638062,True,True,True
controller,validation-000035-4556add4dc81041f-steps-11,11,12,12,False,False,True,False,W,K,0.9998599290847778,True,False,False
controller,validation-000035-4556add4dc81041f-steps-12,12,12,12,True,False,False,False,W,W,0.9985175728797913,True,True,True
controller,validation-000035-4556add4dc81041f-steps-13,13,13,13,True,False,False,False,A,A,0.9995927214622498,True,True,True
controller,validation-000035-4556add4dc81041f-steps-14,14,12,12,False,True,False,False,W,H,0.8958120346069336,True,False,False
controller,validation-000035-4556add4dc81041f-steps-15,15,12,12,False,True,False,False,W,O,0.9997524619102478,True,False,False
controller,validation-000035-4556add4dc81041f-steps-16,16,12,12,False,True,False,False,W,N,0.9986569881439209,True,False,False
controller,validation-001031-a5ebe1abb68903fd-steps-1,1,1,1,True,False,False,False,H,H,0.9995073080062866,True,True,True
controller,validation-001031-a5ebe1abb68903fd-steps-2,2,2,2,True,False,False,False,H,H,0.9985476136207581,True,True,True
controller,validation-001031-a5ebe1abb68903fd-steps-3,3,3,3,True,False,False,False,H,H,0.9998075366020203,True,True,True
controller,validation-001031-a5ebe1abb68903fd-steps-4,4,4,4,True,False,False,False,H,H,0.9999028444290161,True,True,True
controller,validation-001031-a5ebe1abb68903fd-steps-5,5,5,5,True,False,False,False,H,H,0.9999151229858398,True,True,True
controller,validation-001031-a5ebe1abb68903fd-steps-6,6,6,6,True,False,False,False,H,H,0.9998983144760132,True,True,True
controller,validation-001031-a5ebe1abb68903fd-steps-7,7,6,6,False,True,False,False,H,H,0.5650760531425476,True,True,False
controller,validation-001031-a5ebe1abb68903fd-steps-8,8,8,8,True,False,False,False,H,H,0.9999006986618042,True,True,True
controller,validation-001031-a5ebe1abb68903fd-steps-9,9,7,7,False,True,False,False,H,H,0.9359893798828125,True,True,False
controller,validation-001031-a5ebe1abb68903fd-steps-10,10,10,10,True,False,False,False,H,H,0.999843955039978,True,True,True
controller,validation-001031-a5ebe1abb68903fd-steps-11,11,11,11,True,False,False,False,H,H,0.9674605131149292,True,True,True
controller,validation-001031-a5ebe1abb68903fd-steps-12,12,12,12,True,False,False,False,H,H,0.9998339414596558,True,True,True
controller,validation-001031-a5ebe1abb68903fd-steps-13,13,13,13,True,False,False,False,H,H,0.9998748302459717,True,True,True
controller,validation-001031-a5ebe1abb68903fd-steps-14,14,12,12,False,True,False,False,H,H,0.9942576885223389,True,True,False
controller,validation-001031-a5ebe1abb68903fd-steps-15,15,11,11,False,True,False,False,H,H,0.7821834683418274,True,True,False
controller,validation-001031-a5ebe1abb68903fd-steps-16,16,12,12,False,True,False,False,H,H,0.9998161196708679,True,True,False
controller,validation-001511-fb952adf90f30952-steps-1,1,1,1,True,False,False,False,N,N,0.9992966651916504,True,True,True
controller,validation-001511-fb952adf90f30952-steps-2,2,2,2,True,False,False,False,O,O,0.9950742125511169,True,True,True
controller,validation-001511-fb952adf90f30952-steps-3,3,3,3,True,False,False,False,Z,Z,0.9987188577651978,True,True,True
controller,validation-001511-fb952adf90f30952-steps-4,4,4,4,True,False,False,False,S,S,0.9987784028053284,True,True,True
controller,validation-001511-fb952adf90f30952-steps-5,5,5,5,True,False,False,False,U,U,0.9985101819038391,True,True,True
controller,validation-001511-fb952adf90f30952-steps-6,6,6,6,True,False,False,False,A,A,0.9960700273513794,True,True,True
controller,validation-001511-fb952adf90f30952-steps-7,7,7,7,True,False,False,False,P,P,0.9991418123245239,True,True,True
controller,validation-001511-fb952adf90f30952-steps-8,8,8,8,True,False,False,False,Y,Y,0.9978033900260925,True,True,True
controller,validation-001511-fb952adf90f30952-steps-9,9,8,8,False,True,False,False,Y,J,0.9998424053192139,True,False,False
controller,validation-001511-fb952adf90f30952-steps-10,10,10,10,True,False,False,False,X,X,0.9992328882217407,True,True,True
controller,validation-001511-fb952adf90f30952-steps-11,11,12,12,False,False,True,False,O,N,0.9998728036880493,True,False,False
controller,validation-001511-fb952adf90f30952-steps-12,12,12,12,True,False,False,False,O,O,0.9985619187355042,True,True,True
controller,validation-001511-fb952adf90f30952-steps-13,13,13,13,True,False,False,False,Z,Z,0.999568521976471,True,True,True
controller,validation-001511-fb952adf90f30952-steps-14,14,12,12,False,True,False,False,O,S,0.896457850933075,True,False,False
controller,validation-001511-fb952adf90f30952-steps-15,15,12,12,False,True,False,False,O,U,0.9997864365577698,True,False,False
controller,validation-001511-fb952adf90f30952-steps-16,16,12,12,False,True,False,False,O,A,0.9982696771621704,True,False,False
controller,validation-000647-86dde2b258128b01-steps-1,1,1,1,True,False,False,False,G,G,0.9989402890205383,True,True,True
controller,validation-000647-86dde2b258128b01-steps-2,2,2,2,True,False,False,False,B,B,0.9593673944473267,True,True,True
controller,validation-000647-86dde2b258128b01-steps-3,3,3,3,True,False,False,False,V,V,0.9879876375198364,True,True,True
controller,validation-000647-86dde2b258128b01-steps-4,4,4,4,True,False,False,False,L,L,0.9946342706680298,True,True,True
controller,validation-000647-86dde2b258128b01-steps-5,5,5,5,True,False,False,False,S,S,0.99406898021698,True,True,True
controller,validation-000647-86dde2b258128b01-steps-6,6,6,6,True,False,False,False,S,S,0.9952057003974915,True,True,True
controller,validation-000647-86dde2b258128b01-steps-7,7,7,7,True,False,False,False,S,S,0.9989331364631653,True,True,True
controller,validation-000647-86dde2b258128b01-steps-8,8,8,8,True,False,False,False,S,S,0.9987335801124573,True,True,True
controller,validation-000647-86dde2b258128b01-steps-9,9,8,8,False,True,False,False,S,S,0.9998230338096619,True,True,False
controller,validation-000647-86dde2b258128b01-steps-10,10,10,10,True,False,False,False,S,S,0.9977444410324097,True,True,True
controller,validation-000647-86dde2b258128b01-steps-11,11,11,11,True,False,False,False,S,S,0.622805118560791,True,True,True
controller,validation-000647-86dde2b258128b01-steps-12,12,12,12,True,False,False,False,S,S,0.9987885355949402,True,True,True
controller,validation-000647-86dde2b258128b01-steps-13,13,13,13,True,False,False,False,S,S,0.9995593428611755,True,True,True
controller,validation-000647-86dde2b258128b01-steps-14,14,12,12,False,True,False,False,S,S,0.9229469895362854,True,True,False
controller,validation-000647-86dde2b258128b01-steps-15,15,12,12,False,True,False,False,S,S,0.9998217225074768,True,True,False
controller,validation-000647-86dde2b258128b01-steps-16,16,12,12,False,True,False,False,S,S,0.9992011189460754,True,True,False
controller,validation-000395-d194a8d6d0f1f1d1-steps-1,1,1,1,True,False,False,False,S,S,0.9990160465240479,True,True,True
controller,validation-000395-d194a8d6d0f1f1d1-steps-2,2,2,2,True,False,False,False,L,L,0.9721130132675171,True,True,True
controller,validation-000395-d194a8d6d0f1f1d1-steps-3,3,3,3,True,False,False,False,U,U,0.9536519646644592,True,True,True
controller,validation-000395-d194a8d6d0f1f1d1-steps-4,4,4,4,True,False,False,False,K,K,0.978675901889801,True,True,True
controller,validation-000395-d194a8d6d0f1f1d1-steps-5,5,5,5,True,False,False,False,J,J,0.9768898487091064,True,True,True
controller,validation-000395-d194a8d6d0f1f1d1-steps-6,6,6,6,True,False,False,False,Z,Z,0.95953369140625,True,True,True
controller,validation-000395-d194a8d6d0f1f1d1-steps-7,7,7,7,True,False,False,False,B,B,0.9895902276039124,True,True,True
controller,validation-000395-d194a8d6d0f1f1d1-steps-8,8,8,8,True,False,False,False,C,C,0.9886422753334045,True,True,True
controller,validation-000395-d194a8d6d0f1f1d1-steps-9,9,8,8,False,True,False,False,C,O,0.9993840456008911,True,False,False
controller,validation-000395-d194a8d6d0f1f1d1-steps-10,10,10,10,True,False,False,False,H,H,0.9984721541404724,True,True,True
controller,validation-000395-d194a8d6d0f1f1d1-steps-11,11,12,12,False,False,True,False,V,T,0.9998515844345093,True,False,False
controller,validation-000395-d194a8d6d0f1f1d1-steps-12,12,12,12,True,False,False,False,V,V,0.9989344477653503,True,True,True
controller,validation-000395-d194a8d6d0f1f1d1-steps-13,13,13,13,True,False,False,False,Q,Q,0.9994614720344543,True,True,True
controller,validation-000395-d194a8d6d0f1f1d1-steps-14,14,12,12,False,True,False,False,V,N,0.9347304701805115,True,False,False
controller,validation-000395-d194a8d6d0f1f1d1-steps-15,15,12,12,False,True,False,False,V,R,0.99977046251297,True,False,False
controller,validation-000395-d194a8d6d0f1f1d1-steps-16,16,12,12,False,True,False,False,V,A,0.9992527365684509,True,False,False
controller,validation-000971-d7bddfb099136465-steps-1,1,1,1,True,False,False,False,E,E,0.998897910118103,True,True,True
controller,validation-000971-d7bddfb099136465-steps-2,2,2,2,True,False,False,False,K,K,0.9924213290214539,True,True,True
controller,validation-000971-d7bddfb099136465-steps-3,3,3,3,True,False,False,False,P,P,0.998214840888977,True,True,True
controller,validation-000971-d7bddfb099136465-steps-4,4,4,4,True,False,False,False,H,H,0.999516487121582,True,True,True
controller,validation-000971-d7bddfb099136465-steps-5,5,5,5,True,False,False,False,N,N,0.9995779395103455,True,True,True
controller,validation-000971-d7bddfb099136465-steps-6,6,6,6,True,False,False,False,J,J,0.9996042847633362,True,True,True
controller,validation-000971-d7bddfb099136465-steps-7,7,7,7,True,False,False,False,A,A,0.99985671043396,True,True,True
controller,validation-000971-d7bddfb099136465-steps-8,8,8,8,True,False,False,False,Y,Y,0.9997931122779846,True,True,True
controller,validation-000971-d7bddfb099136465-steps-9,9,8,8,False,True,False,False,Y,V,0.9999396800994873,True,False,False
controller,validation-000971-d7bddfb099136465-steps-10,10,10,10,True,False,False,False,L,L,0.9995418787002563,True,True,True
controller,validation-000971-d7bddfb099136465-steps-11,11,11,11,True,False,False,False,B,B,0.7811943888664246,True,True,True
controller,validation-000971-d7bddfb099136465-steps-12,12,12,12,True,False,False,False,T,T,0.9995110034942627,True,True,True
controller,validation-000971-d7bddfb099136465-steps-13,13,13,13,True,False,False,False,X,X,0.9996126294136047,True,True,True
controller,validation-000971-d7bddfb099136465-steps-14,14,12,12,False,True,False,False,T,Q,0.9617784023284912,True,False,False
controller,validation-000971-d7bddfb099136465-steps-15,15,12,12,False,True,False,False,T,M,0.9998421669006348,True,False,False
controller,validation-000971-d7bddfb099136465-steps-16,16,12,12,False,True,False,False,T,O,0.9992326498031616,True,False,False
controller,validation-000863-946ff3c84ee89062-steps-1,1,1,1,True,False,False,False,G,G,0.9997186064720154,True,True,True
controller,validation-000863-946ff3c84ee89062-steps-2,2,2,2,True,False,False,False,C,C,0.9987456798553467,True,True,True
controller,validation-000863-946ff3c84ee89062-steps-3,3,3,3,True,False,False,False,N,N,0.9997764229774475,True,True,True
controller,validation-000863-946ff3c84ee89062-steps-4,4,4,4,True,False,False,False,R,R,0.9998987913131714,True,True,True
controller,validation-000863-946ff3c84ee89062-steps-5,5,5,5,True,False,False,False,M,M,0.9998866319656372,True,True,True
controller,validation-000863-946ff3c84ee89062-steps-6,6,6,6,True,False,False,False,D,D,0.9998899698257446,True,True,True
controller,validation-000863-946ff3c84ee89062-steps-7,7,6,6,False,True,False,False,D,F,0.5936957001686096,True,False,False
controller,validation-000863-946ff3c84ee89062-steps-8,8,8,8,True,False,False,False,A,A,0.9998815059661865,True,True,True
controller,validation-000863-946ff3c84ee89062-steps-9,9,7,7,False,True,False,False,F,P,0.9068697690963745,True,False,False
controller,validation-000863-946ff3c84ee89062-steps-10,10,10,10,True,False,False,False,O,O,0.9998482465744019,True,True,True
controller,validation-000863-946ff3c84ee89062-steps-11,11,11,11,True,False,False,False,V,V,0.9336556792259216,True,True,True
controller,validation-000863-946ff3c84ee89062-steps-12,12,12,12,True,False,False,False,L,L,0.9997320771217346,True,True,True
controller,validation-000863-946ff3c84ee89062-steps-13,13,13,13,True,False,False,False,J,J,0.9998283386230469,True,True,True
controller,validation-000863-946ff3c84ee89062-steps-14,14,12,12,False,True,False,False,L,U,0.9894726872444153,True,False,False
controller,validation-000863-946ff3c84ee89062-steps-15,15,11,11,False,True,False,False,V,B,0.7800087332725525,True,False,False
controller,validation-000863-946ff3c84ee89062-steps-16,16,12,12,False,True,False,False,L,T,0.9996477365493774,True,False,False
controller,validation-000479-ea829e2972ceb9f1-steps-1,1,1,1,True,False,False,False,E,E,0.9962628483772278,True,True,True
controller,validation-000479-ea829e2972ceb9f1-steps-2,2,2,2,True,False,False,False,V,V,0.6987282037734985,True,True,True
controller,validation-000479-ea829e2972ceb9f1-steps-3,3,4,4,False,False,True,False,G,D,0.9999573230743408,True,False,False
controller,validation-000479-ea829e2972ceb9f1-steps-4,4,5,5,False,False,True,False,D,G,0.9999432563781738,True,False,False
controller,validation-000479-ea829e2972ceb9f1-steps-5,5,6,6,False,False,True,False,G,D,0.9999260902404785,True,False,False
controller,validation-000479-ea829e2972ceb9f1-steps-6,6,7,7,False,False,True,False,D,G,0.9998581409454346,True,False,False
controller,validation-000479-ea829e2972ceb9f1-steps-7,7,8,8,False,False,True,False,G,D,0.9999041557312012,True,False,False
controller,validation-000479-ea829e2972ceb9f1-steps-8,8,9,9,False,False,True,False,D,G,0.9998658895492554,True,False,False
controller,validation-000479-ea829e2972ceb9f1-steps-9,9,8,8,False,True,False,False,G,D,0.8869008421897888,True,False,False
controller,validation-000479-ea829e2972ceb9f1-steps-10,10,11,11,False,False,True,False,D,G,0.9997168183326721,True,False,False
controller,validation-000479-ea829e2972ceb9f1-steps-11,11,12,12,False,False,True,False,G,D,0.981124997138977,True,False,False
controller,validation-000479-ea829e2972ceb9f1-steps-12,12,12,12,True,False,False,False,G,G,0.6474242210388184,True,True,True
controller,validation-000479-ea829e2972ceb9f1-steps-13,13,13,13,True,False,False,False,D,D,0.8353505730628967,True,True,True
controller,validation-000479-ea829e2972ceb9f1-steps-14,14,13,13,False,True,False,False,D,G,0.9976829290390015,True,False,False
controller,validation-000479-ea829e2972ceb9f1-steps-15,15,12,12,False,True,False,False,G,D,0.9450288414955139,True,False,False
controller,validation-000479-ea829e2972ceb9f1-steps-16,16,12,12,False,True,False,False,G,G,0.6804388761520386,True,True,False
controller,validation-000983-00aae1d6b2f41986-steps-1,1,1,1,True,False,False,False,L,L,0.9993384480476379,True,True,True
controller,validation-000983-00aae1d6b2f41986-steps-2,2,2,2,True,False,False,False,C,C,0.9961697459220886,True,True,True
controller,validation-000983-00aae1d6b2f41986-steps-3,3,3,3,True,False,False,False,Q,Q,0.9991347193717957,True,True,True
controller,validation-000983-00aae1d6b2f41986-steps-4,4,4,4,True,False,False,False,A,A,0.9995768666267395,True,True,True
controller,validation-000983-00aae1d6b2f41986-steps-5,5,5,5,True,False,False,False,K,K,0.9995030164718628,True,True,True
controller,validation-000983-00aae1d6b2f41986-steps-6,6,6,6,True,False,False,False,T,T,0.9991538524627686,True,True,True
controller,validation-000983-00aae1d6b2f41986-steps-7,7,7,7,True,False,False,False,Z,Z,0.9997178912162781,True,True,True
controller,validation-000983-00aae1d6b2f41986-steps-8,8,8,8,True,False,False,False,J,J,0.9990737438201904,True,True,True
controller,validation-000983-00aae1d6b2f41986-steps-9,9,8,8,False,True,False,False,J,G,0.9998863935470581,True,False,False
controller,validation-000983-00aae1d6b2f41986-steps-10,10,10,10,True,False,False,False,Y,Y,0.9978436231613159,True,True,True
controller,validation-000983-00aae1d6b2f41986-steps-11,11,11,11,True,False,False,False,U,U,0.5810109376907349,True,True,True
controller,validation-000983-00aae1d6b2f41986-steps-12,12,12,12,True,False,False,False,B,B,0.9992519021034241,True,True,True
controller,validation-000983-00aae1d6b2f41986-steps-13,13,13,13,True,False,False,False,N,N,0.9997311234474182,True,True,True
controller,validation-000983-00aae1d6b2f41986-steps-14,14,12,12,False,True,False,False,B,V,0.9685044288635254,True,False,False
controller,validation-000983-00aae1d6b2f41986-steps-15,15,12,12,False,True,False,False,B,I,0.9998069405555725,True,False,False
controller,validation-000983-00aae1d6b2f41986-steps-16,16,12,12,False,True,False,False,B,S,0.9991944432258606,True,False,False
controller,validation-000551-17c1268a7c68e5ba-steps-1,1,1,1,True,False,False,False,Z,Z,0.999466598033905,True,True,True
controller,validation-000551-17c1268a7c68e5ba-steps-2,2,2,2,True,False,False,False,P,P,0.9956852197647095,True,True,True
controller,validation-000551-17c1268a7c68e5ba-steps-3,3,3,3,True,False,False,False,M,M,0.9988172054290771,True,True,True
controller,validation-000551-17c1268a7c68e5ba-steps-4,4,4,4,True,False,False,False,S,S,0.9991024732589722,True,True,True
controller,validation-000551-17c1268a7c68e5ba-steps-5,5,5,5,True,False,False,False,B,B,0.9977599382400513,True,True,True
controller,validation-000551-17c1268a7c68e5ba-steps-6,6,6,6,True,False,False,False,D,D,0.9932278990745544,True,True,True
controller,validation-000551-17c1268a7c68e5ba-steps-7,7,7,7,True,False,False,False,C,C,0.9984323382377625,True,True,True
controller,validation-000551-17c1268a7c68e5ba-steps-8,8,8,8,True,False,False,False,E,E,0.9919891953468323,True,True,True
controller,validation-000551-17c1268a7c68e5ba-steps-9,9,8,8,False,True,False,False,E,O,0.9996374845504761,True,False,False
controller,validation-000551-17c1268a7c68e5ba-steps-10,10,10,10,True,False,False,False,Y,Y,0.997619092464447,True,True,True
controller,validation-000551-17c1268a7c68e5ba-steps-11,11,12,12,False,False,True,False,C,D,0.9998364448547363,True,False,False
controller,validation-000551-17c1268a7c68e5ba-steps-12,12,12,12,True,False,False,False,C,C,0.9980437755584717,True,True,True
controller,validation-000551-17c1268a7c68e5ba-steps-13,13,13,13,True,False,False,False,E,E,0.9991056323051453,True,True,True
controller,validation-000551-17c1268a7c68e5ba-steps-14,14,12,12,False,True,False,False,C,O,0.7394807934761047,True,False,False
controller,validation-000551-17c1268a7c68e5ba-steps-15,15,12,12,False,True,False,False,C,Y,0.9996098875999451,True,False,False
controller,validation-000551-17c1268a7c68e5ba-steps-16,16,12,12,False,True,False,False,C,D,0.997785210609436,True,False,False
controller,validation-001463-f304471fa5af482f-steps-1,1,1,1,True,False,False,False,S,S,0.9997230172157288,True,True,True
controller,validation-001463-f304471fa5af482f-steps-2,2,2,2,True,False,False,False,P,P,0.9969605803489685,True,True,True
controller,validation-001463-f304471fa5af482f-steps-3,3,3,3,True,False,False,False,W,W,0.9992320537567139,True,True,True
controller,validation-001463-f304471fa5af482f-steps-4,4,4,4,True,False,False,False,D,D,0.9994426369667053,True,True,True
controller,validation-001463-f304471fa5af482f-steps-5,5,5,5,True,False,False,False,H,H,0.9995228052139282,True,True,True
controller,validation-001463-f304471fa5af482f-steps-6,6,6,6,True,False,False,False,T,T,0.99937504529953,True,True,True
controller,validation-001463-f304471fa5af482f-steps-7,7,7,7,True,False,False,False,X,X,0.9997203946113586,True,True,True
controller,validation-001463-f304471fa5af482f-steps-8,8,8,8,True,False,False,False,U,U,0.9994727969169617,True,True,True
controller,validation-001463-f304471fa5af482f-steps-9,9,8,8,False,True,False,False,U,F,0.9998981952667236,True,False,False
controller,validation-001463-f304471fa5af482f-steps-10,10,10,10,True,False,False,False,V,V,0.9989975094795227,True,True,True
controller,validation-001463-f304471fa5af482f-steps-11,11,11,11,True,False,False,False,R,R,0.6666500568389893,True,True,True
controller,validation-001463-f304471fa5af482f-steps-12,12,12,12,True,False,False,False,Z,Z,0.9990297555923462,True,True,True
controller,validation-001463-f304471fa5af482f-steps-13,13,13,13,True,False,False,False,G,G,0.9996800422668457,True,True,True
controller,validation-001463-f304471fa5af482f-steps-14,14,12,12,False,True,False,False,Z,M,0.9434506893157959,True,False,False
controller,validation-001463-f304471fa5af482f-steps-15,15,12,12,False,True,False,False,Z,L,0.9997562766075134,True,False,False
controller,validation-001463-f304471fa5af482f-steps-16,16,12,12,False,True,False,False,Z,N,0.9987636804580688,True,False,False
controller,validation-000695-45b5e88a90397fc7-steps-1,1,1,1,True,False,False,False,S,S,0.9996169805526733,True,True,True
controller,validation-000695-45b5e88a90397fc7-steps-2,2,2,2,True,False,False,False,D,D,0.9987208247184753,True,True,True
controller,validation-000695-45b5e88a90397fc7-steps-3,3,3,3,True,False,False,False,L,L,0.999799907207489,True,True,True
controller,validation-000695-45b5e88a90397fc7-steps-4,4,4,4,True,False,False,False,F,F,0.9998959302902222,True,True,True
controller,validation-000695-45b5e88a90397fc7-steps-5,5,5,5,True,False,False,False,V,V,0.999885082244873,True,True,True
controller,validation-000695-45b5e88a90397fc7-steps-6,6,6,6,True,False,False,False,B,B,0.9998694658279419,True,True,True
controller,validation-000695-45b5e88a90397fc7-steps-7,7,7,7,True,False,False,False,C,C,0.9999314546585083,True,True,True
controller,validation-000695-45b5e88a90397fc7-steps-8,8,8,8,True,False,False,False,E,E,0.9998961687088013,True,True,True
controller,validation-000695-45b5e88a90397fc7-steps-9,9,7,7,False,True,False,False,C,T,0.930427610874176,True,False,False
controller,validation-000695-45b5e88a90397fc7-steps-10,10,10,10,True,False,False,False,Y,Y,0.9997169375419617,True,True,True
controller,validation-000695-45b5e88a90397fc7-steps-11,11,11,11,True,False,False,False,O,O,0.9122797846794128,True,True,True
controller,validation-000695-45b5e88a90397fc7-steps-12,12,12,12,True,False,False,False,K,K,0.9997629523277283,True,True,True
controller,validation-000695-45b5e88a90397fc7-steps-13,13,13,13,True,False,False,False,Q,Q,0.9998581409454346,True,True,True
controller,validation-000695-45b5e88a90397fc7-steps-14,14,12,12,False,True,False,False,K,I,0.9918506741523743,True,False,False
controller,validation-000695-45b5e88a90397fc7-steps-15,15,11,11,False,True,False,False,O,R,0.6652575731277466,True,False,False
controller,validation-000695-45b5e88a90397fc7-steps-16,16,12,12,False,True,False,False,K,A,0.9997537732124329,True,False,False
controller,validation-000947-bb4a6b3344df2538-steps-1,1,1,1,True,False,False,False,T,T,0.9993376135826111,True,True,True
controller,validation-000947-bb4a6b3344df2538-steps-2,2,2,2,True,False,False,False,E,E,0.9893141984939575,True,True,True
controller,validation-000947-bb4a6b3344df2538-steps-3,3,3,3,True,False,False,False,T,T,0.9902357459068298,True,True,True
controller,validation-000947-bb4a6b3344df2538-steps-4,4,4,4,True,False,False,False,E,E,0.9935850501060486,True,True,True
controller,validation-000947-bb4a6b3344df2538-steps-5,5,5,5,True,False,False,False,T,T,0.9911732077598572,True,True,True
controller,validation-000947-bb4a6b3344df2538-steps-6,6,6,6,True,False,False,False,E,E,0.9891849756240845,True,True,True
controller,validation-000947-bb4a6b3344df2538-steps-7,7,7,7,True,False,False,False,T,T,0.9971981048583984,True,True,True
controller,validation-000947-bb4a6b3344df2538-steps-8,8,8,8,True,False,False,False,E,E,0.9964867830276489,True,True,True
controller,validation-000947-bb4a6b3344df2538-steps-9,9,8,8,False,True,False,False,E,T,0.9995988011360168,True,False,False
controller,validation-000947-bb4a6b3344df2538-steps-10,10,10,10,True,False,False,False,E,E,0.9976387023925781,True,True,True
controller,validation-000947-bb4a6b3344df2538-steps-11,11,12,12,False,False,True,False,E,T,0.9998623132705688,True,False,False
controller,validation-000947-bb4a6b3344df2538-steps-12,12,12,12,True,False,False,False,E,E,0.9987192153930664,True,True,True
controller,validation-000947-bb4a6b3344df2538-steps-13,13,13,13,True,False,False,False,T,T,0.999509334564209,True,True,True
controller,validation-000947-bb4a6b3344df2538-steps-14,14,12,12,False,True,False,False,E,E,0.9311627745628357,True,True,False
controller,validation-000947-bb4a6b3344df2538-steps-15,15,12,12,False,True,False,False,E,T,0.9997661709785461,True,False,False
controller,validation-000947-bb4a6b3344df2538-steps-16,16,12,12,False,True,False,False,E,E,0.9990405440330505,True,True,False
controller,validation-000275-092ef6288db8df19-steps-1,1,1,1,True,False,False,False,R,R,0.9989845156669617,True,True,True
controller,validation-000275-092ef6288db8df19-steps-2,2,2,2,True,False,False,False,Y,Y,0.9926873445510864,True,True,True
controller,validation-000275-092ef6288db8df19-steps-3,3,3,3,True,False,False,False,N,N,0.9956532716751099,True,True,True
controller,validation-000275-092ef6288db8df19-steps-4,4,4,4,True,False,False,False,Z,Z,0.9976708292961121,True,True,True
controller,validation-000275-092ef6288db8df19-steps-5,5,5,5,True,False,False,False,Z,Z,0.9956912398338318,True,True,True
controller,validation-000275-092ef6288db8df19-steps-6,6,6,6,True,False,False,False,Z,Z,0.9878925085067749,True,True,True
controller,validation-000275-092ef6288db8df19-steps-7,7,7,7,True,False,False,False,Z,Z,0.9945705533027649,True,True,True
controller,validation-000275-092ef6288db8df19-steps-8,8,8,8,True,False,False,False,Z,Z,0.9960265159606934,True,True,True
controller,validation-000275-092ef6288db8df19-steps-9,9,8,8,False,True,False,False,Z,Z,0.999439537525177,True,True,False
controller,validation-000275-092ef6288db8df19-steps-10,10,10,10,True,False,False,False,Z,Z,0.9822571873664856,True,True,True
controller,validation-000275-092ef6288db8df19-steps-11,11,12,12,False,False,True,False,Z,Z,0.9995927214622498,True,True,False
controller,validation-000275-092ef6288db8df19-steps-12,12,12,12,True,False,False,False,Z,Z,0.996597945690155,True,True,True
controller,validation-000275-092ef6288db8df19-steps-13,13,13,13,True,False,False,False,Z,Z,0.9984059929847717,True,True,True
controller,validation-000275-092ef6288db8df19-steps-14,14,12,12,False,True,False,False,Z,Z,0.7187312841415405,True,True,False
controller,validation-000275-092ef6288db8df19-steps-15,15,12,12,False,True,False,False,Z,Z,0.9994717240333557,True,True,False
controller,validation-000275-092ef6288db8df19-steps-16,16,12,12,False,True,False,False,Z,Z,0.9935178756713867,True,True,False
controller,validation-001211-c01a574e1cc7b56e-steps-1,1,1,1,True,False,False,False,W,W,0.9992701411247253,True,True,True
controller,validation-001211-c01a574e1cc7b56e-steps-2,2,2,2,True,False,False,False,W,W,0.996286153793335,True,True,True
controller,validation-001211-c01a574e1cc7b56e-steps-3,3,3,3,True,False,False,False,W,W,0.9992173910140991,True,True,True
controller,validation-001211-c01a574e1cc7b56e-steps-4,4,4,4,True,False,False,False,W,W,0.9995477795600891,True,True,True
controller,validation-001211-c01a574e1cc7b56e-steps-5,5,5,5,True,False,False,False,W,W,0.9995146989822388,True,True,True
controller,validation-001211-c01a574e1cc7b56e-steps-6,6,6,6,True,False,False,False,W,W,0.9990845918655396,True,True,True
controller,validation-001211-c01a574e1cc7b56e-steps-7,7,7,7,True,False,False,False,W,W,0.9996274709701538,True,True,True
controller,validation-001211-c01a574e1cc7b56e-steps-8,8,8,8,True,False,False,False,W,W,0.9982775449752808,True,True,True
controller,validation-001211-c01a574e1cc7b56e-steps-9,9,8,8,False,True,False,False,W,W,0.9997773766517639,True,True,False
controller,validation-001211-c01a574e1cc7b56e-steps-10,10,10,10,True,False,False,False,W,W,0.9919652938842773,True,True,True
controller,validation-001211-c01a574e1cc7b56e-steps-11,11,12,12,False,False,True,False,W,W,0.9981038570404053,True,True,False
controller,validation-001211-c01a574e1cc7b56e-steps-12,12,12,12,True,False,False,False,W,W,0.9557128548622131,True,True,True
controller,validation-001211-c01a574e1cc7b56e-steps-13,13,13,13,True,False,False,False,W,W,0.9473018646240234,True,True,True
controller,validation-001211-c01a574e1cc7b56e-steps-14,14,13,13,False,True,False,False,W,W,0.9991412162780762,True,True,False
controller,validation-001211-c01a574e1cc7b56e-steps-15,15,12,12,False,True,False,False,W,W,0.9956440925598145,True,True,False
controller,validation-001211-c01a574e1cc7b56e-steps-16,16,12,12,False,True,False,False,W,W,0.9224728345870972,True,True,False
controller,validation-000443-bc622b263743e776-steps-1,1,1,1,True,False,False,False,H,H,0.9995704293251038,True,True,True
controller,validation-000443-bc622b263743e776-steps-2,2,2,2,True,False,False,False,X,X,0.9987284541130066,True,True,True
controller,validation-000443-bc622b263743e776-steps-3,3,3,3,True,False,False,False,C,C,0.9997149109840393,True,True,True
controller,validation-000443-bc622b263743e776-steps-4,4,4,4,True,False,False,False,J,J,0.9997015595436096,True,True,True
controller,validation-000443-bc622b263743e776-steps-5,5,5,5,True,False,False,False,W,W,0.9996218681335449,True,True,True
controller,validation-000443-bc622b263743e776-steps-6,6,6,6,True,False,False,False,U,U,0.9991651773452759,True,True,True
controller,validation-000443-bc622b263743e776-steps-7,7,7,7,True,False,False,False,O,O,0.9996514320373535,True,True,True
controller,validation-000443-bc622b263743e776-steps-8,8,8,8,True,False,False,False,D,D,0.9990382194519043,True,True,True
controller,validation-000443-bc622b263743e776-steps-9,9,8,8,False,True,False,False,D,S,0.999845027923584,True,False,False
controller,validation-000443-bc622b263743e776-steps-10,10,10,10,True,False,False,False,Y,Y,0.9985055923461914,True,True,True
controller,validation-000443-bc622b263743e776-steps-11,11,12,12,False,False,True,False,P,I,0.9998475313186646,True,False,False
controller,validation-000443-bc622b263743e776-steps-12,12,12,12,True,False,False,False,P,P,0.9983682036399841,True,True,True
controller,validation-000443-bc622b263743e776-steps-13,13,13,13,True,False,False,False,F,F,0.9993695616722107,True,True,True
controller,validation-000443-bc622b263743e776-steps-14,14,12,12,False,True,False,False,P,K,0.8380747437477112,True,False,False
controller,validation-000443-bc622b263743e776-steps-15,15,12,12,False,True,False,False,P,M,0.9997369647026062,True,False,False
controller,validation-000443-bc622b263743e776-steps-16,16,12,12,False,True,False,False,P,E,0.9982615113258362,True,False,False
controller,validation-000779-1c49a8f8856b15f1-steps-1,1,1,1,True,False,False,False,G,G,0.9990813732147217,True,True,True
controller,validation-000779-1c49a8f8856b15f1-steps-2,2,2,2,True,False,False,False,H,H,0.9893409609794617,True,True,True
controller,validation-000779-1c49a8f8856b15f1-steps-3,3,3,3,True,False,False,False,X,X,0.9976540207862854,True,True,True
controller,validation-000779-1c49a8f8856b15f1-steps-4,4,4,4,True,False,False,False,Y,Y,0.9994146823883057,True,True,True
controller,validation-000779-1c49a8f8856b15f1-steps-5,5,5,5,True,False,False,False,B,B,0.9996398687362671,True,True,True
controller,validation-000779-1c49a8f8856b15f1-steps-6,6,6,6,True,False,False,False,C,C,0.9997114539146423,True,True,True
controller,validation-000779-1c49a8f8856b15f1-steps-7,7,7,7,True,False,False,False,Q,Q,0.9998793601989746,True,True,True
controller,validation-000779-1c49a8f8856b15f1-steps-8,8,8,8,True,False,False,False,R,R,0.9999336004257202,True,True,True
controller,validation-000779-1c49a8f8856b15f1-steps-9,9,7,7,False,True,False,False,Q,V,0.7559810876846313,True,False,False
controller,validation-000779-1c49a8f8856b15f1-steps-10,10,9,9,False,True,False,False,V,S,0.8627889752388,True,False,False
controller,validation-000779-1c49a8f8856b15f1-steps-11,11,11,11,True,False,False,False,M,M,0.9989184141159058,True,True,True
controller,validation-000779-1c49a8f8856b15f1-steps-12,12,11,11,False,True,False,False,M,U,0.950873613357544,True,False,False
controller,validation-000779-1c49a8f8856b15f1-steps-13,13,12,12,False,True,False,False,U,K,0.9795050024986267,True,False,False
controller,validation-000779-1c49a8f8856b15f1-steps-14,14,12,12,False,True,False,False,U,T,0.9996870756149292,True,False,False
controller,validation-000779-1c49a8f8856b15f1-steps-15,15,11,11,False,True,False,False,M,N,0.9964296221733093,True,False,False
controller,validation-000779-1c49a8f8856b15f1-steps-16,16,11,11,False,True,False,False,M,Z,0.9650171995162964,True,False,False
controller,validation-001259-861c6869f8f63361-steps-1,1,1,1,True,False,False,False,N,N,0.998428463935852,True,True,True
controller,validation-001259-861c6869f8f63361-steps-2,2,2,2,True,False,False,False,V,V,0.9275863766670227,True,True,True
controller,validation-001259-861c6869f8f63361-steps-3,3,3,3,True,False,False,False,F,F,0.9161152243614197,True,True,True
controller,validation-001259-861c6869f8f63361-steps-4,4,4,4,True,False,False,False,G,G,0.9301009178161621,True,True,True
controller,validation-001259-861c6869f8f63361-steps-5,5,5,5,True,False,False,False,Q,Q,0.9614595770835876,True,True,True
controller,validation-001259-861c6869f8f63361-steps-6,6,6,6,True,False,False,False,M,M,0.9742439985275269,True,True,True
controller,validation-001259-861c6869f8f63361-steps-7,7,7,7,True,False,False,False,K,K,0.997478187084198,True,True,True
controller,validation-001259-861c6869f8f63361-steps-8,8,8,8,True,False,False,False,O,O,0.9983508586883545,True,True,True
controller,validation-001259-861c6869f8f63361-steps-9,9,8,8,False,True,False,False,O,D,0.9998032450675964,True,False,False
controller,validation-001259-861c6869f8f63361-steps-10,10,10,10,True,False,False,False,W,W,0.9989587068557739,True,True,True
controller,validation-001259-861c6869f8f63361-steps-11,11,12,12,False,False,True,False,S,R,0.9997861981391907,True,False,False
controller,validation-001259-861c6869f8f63361-steps-12,12,12,12,True,False,False,False,S,S,0.9975530505180359,True,True,True
controller,validation-001259-861c6869f8f63361-steps-13,13,13,13,True,False,False,False,C,C,0.9982869029045105,True,True,True
controller,validation-001259-861c6869f8f63361-steps-14,14,12,12,False,True,False,False,S,U,0.7725849747657776,True,False,False
controller,validation-001259-861c6869f8f63361-steps-15,15,12,12,False,True,False,False,S,P,0.9996832609176636,True,False,False
controller,validation-001259-861c6869f8f63361-steps-16,16,12,12,False,True,False,False,S,Z,0.99809330701828,True,False,False
controller,validation-000635-19a1af8b634c577b-steps-1,1,1,1,True,False,False,False,A,A,0.999541163444519,True,True,True
controller,validation-000635-19a1af8b634c577b-steps-2,2,2,2,True,False,False,False,Q,Q,0.9987130165100098,True,True,True
controller,validation-000635-19a1af8b634c577b-steps-3,3,3,3,True,False,False,False,G,G,0.9998385906219482,True,True,True
controller,validation-000635-19a1af8b634c577b-steps-4,4,4,4,True,False,False,False,D,D,0.9999332427978516,True,True,True
controller,validation-000635-19a1af8b634c577b-steps-5,5,5,5,True,False,False,False,U,U,0.9999525547027588,True,True,True
controller,validation-000635-19a1af8b634c577b-steps-6,6,5,5,False,True,False,False,U,K,0.7154503464698792,True,False,False
controller,validation-000635-19a1af8b634c577b-steps-7,7,6,6,False,True,False,False,K,R,0.966627299785614,True,False,False
controller,validation-000635-19a1af8b634c577b-steps-8,8,7,7,False,True,False,False,R,M,0.9141626358032227,True,False,False
controller,validation-000635-19a1af8b634c577b-steps-9,9,7,7,False,True,False,False,R,C,0.9959956407546997,True,False,False
controller,validation-000635-19a1af8b634c577b-steps-10,10,9,9,False,True,False,False,C,S,0.8835062384605408,True,False,False
controller,validation-000635-19a1af8b634c577b-steps-11,11,11,11,True,False,False,False,Z,Z,0.9988076686859131,True,True,True
controller,validation-000635-19a1af8b634c577b-steps-12,12,11,11,False,True,False,False,Z,W,0.9504032731056213,True,False,False
controller,validation-000635-19a1af8b634c577b-steps-13,13,12,12,False,True,False,False,W,E,0.9851588606834412,True,False,False
controller,validation-000635-19a1af8b634c577b-steps-14,14,12,12,False,True,False,False,W,X,0.9997232556343079,True,False,False
controller,validation-000635-19a1af8b634c577b-steps-15,15,11,11,False,True,False,False,Z,H,0.994387686252594,True,False,False
controller,validation-000635-19a1af8b634c577b-steps-16,16,11,11,False,True,False,False,Z,J,0.9412510395050049,True,False,False
controller,validation-000671-5d18246f193a235b-steps-1,1,1,1,True,False,False,False,J,J,0.9974262118339539,True,True,True
controller,validation-000671-5d18246f193a235b-steps-2,2,2,2,True,False,False,False,K,K,0.889886736869812,True,True,True
controller,validation-000671-5d18246f193a235b-steps-3,3,3,3,True,False,False,False,K,K,0.9179601669311523,True,True,True
controller,validation-000671-5d18246f193a235b-steps-4,4,4,4,True,False,False,False,K,K,0.9473903179168701,True,True,True
controller,validation-000671-5d18246f193a235b-steps-5,5,5,5,True,False,False,False,K,K,0.9430639147758484,True,True,True
controller,validation-000671-5d18246f193a235b-steps-6,6,6,6,True,False,False,False,K,K,0.9023146033287048,True,True,True
controller,validation-000671-5d18246f193a235b-steps-7,7,7,7,True,False,False,False,K,K,0.9669597744941711,True,True,True
controller,validation-000671-5d18246f193a235b-steps-8,8,8,8,True,False,False,False,K,K,0.980591356754303,True,True,True
controller,validation-000671-5d18246f193a235b-steps-9,9,8,8,False,True,False,False,K,K,0.9988431930541992,True,True,False
controller,validation-000671-5d18246f193a235b-steps-10,10,10,10,True,False,False,False,K,K,0.9952864050865173,True,True,True
controller,validation-000671-5d18246f193a235b-steps-11,11,12,12,False,False,True,False,K,K,0.9998470544815063,True,True,False
controller,validation-000671-5d18246f193a235b-steps-12,12,12,12,True,False,False,False,K,K,0.9971420168876648,True,True,True
controller,validation-000671-5d18246f193a235b-steps-13,13,13,13,True,False,False,False,K,K,0.9991968274116516,True,True,True
controller,validation-000671-5d18246f193a235b-steps-14,14,12,12,False,True,False,False,K,K,0.7991239428520203,True,True,False
controller,validation-000671-5d18246f193a235b-steps-15,15,12,12,False,True,False,False,K,K,0.9996395111083984,True,True,False
controller,validation-000671-5d18246f193a235b-steps-16,16,12,12,False,True,False,False,K,K,0.9982384443283081,True,True,False
controller,validation-001079-f74c1180f41b1fc7-steps-1,1,1,1,True,False,False,False,K,K,0.9991455078125,True,True,True
controller,validation-001079-f74c1180f41b1fc7-steps-2,2,2,2,True,False,False,False,M,M,0.9961200952529907,True,True,True
controller,validation-001079-f74c1180f41b1fc7-steps-3,3,3,3,True,False,False,False,Q,Q,0.9994884729385376,True,True,True
controller,validation-001079-f74c1180f41b1fc7-steps-4,4,4,4,True,False,False,False,F,F,0.9998223185539246,True,True,True
controller,validation-001079-f74c1180f41b1fc7-steps-5,5,5,5,True,False,False,False,H,H,0.9999226331710815,True,True,True
controller,validation-001079-f74c1180f41b1fc7-steps-6,6,6,6,True,False,False,False,C,C,0.9999027252197266,True,True,True
controller,validation-001079-f74c1180f41b1fc7-steps-7,7,6,6,False,True,False,False,C,A,0.8030147552490234,True,False,False
controller,validation-001079-f74c1180f41b1fc7-steps-8,8,8,8,True,False,False,False,L,L,0.9999338388442993,True,True,True
controller,validation-001079-f74c1180f41b1fc7-steps-9,9,7,7,False,True,False,False,A,X,0.9820350408554077,True,False,False
controller,validation-001079-f74c1180f41b1fc7-steps-10,10,10,10,True,False,False,False,P,P,0.9998611211776733,True,True,True
controller,validation-001079-f74c1180f41b1fc7-steps-11,11,11,11,True,False,False,False,T,T,0.9605647325515747,True,True,True
controller,validation-001079-f74c1180f41b1fc7-steps-12,12,12,12,True,False,False,False,V,V,0.9998303651809692,True,True,True
controller,validation-001079-f74c1180f41b1fc7-steps-13,13,12,12,False,True,False,False,V,I,0.6703949570655823,True,False,False
controller,validation-001079-f74c1180f41b1fc7-steps-14,14,12,12,False,True,False,False,V,E,0.9960745573043823,True,False,False
controller,validation-001079-f74c1180f41b1fc7-steps-15,15,11,11,False,True,False,False,T,N,0.874068558216095,True,False,False
controller,validation-001079-f74c1180f41b1fc7-steps-16,16,12,12,False,True,False,False,V,O,0.9998214840888977,True,False,False
controller,validation-001487-caf8b98aff7f6ebd-steps-1,1,1,1,True,False,False,False,H,H,0.9995062351226807,True,True,True
controller,validation-001487-caf8b98aff7f6ebd-steps-2,2,2,2,True,False,False,False,P,P,0.9983969330787659,True,True,True
controller,validation-001487-caf8b98aff7f6ebd-steps-3,3,3,3,True,False,False,False,P,P,0.9995579123497009,True,True,True
controller,validation-001487-caf8b98aff7f6ebd-steps-4,4,4,4,True,False,False,False,P,P,0.9996830224990845,True,True,True
controller,validation-001487-caf8b98aff7f6ebd-steps-5,5,5,5,True,False,False,False,P,P,0.9994868040084839,True,True,True
controller,validation-001487-caf8b98aff7f6ebd-steps-6,6,6,6,True,False,False,False,P,P,0.9993626475334167,True,True,True
controller,validation-001487-caf8b98aff7f6ebd-steps-7,7,7,7,True,False,False,False,P,P,0.9998103976249695,True,True,True
controller,validation-001487-caf8b98aff7f6ebd-steps-8,8,8,8,True,False,False,False,P,P,0.9996256828308105,True,True,True
controller,validation-001487-caf8b98aff7f6ebd-steps-9,9,8,8,False,True,False,False,P,P,0.999908447265625,True,True,False
controller,validation-001487-caf8b98aff7f6ebd-steps-10,10,10,10,True,False,False,False,P,P,0.9996789693832397,True,True,True
controller,validation-001487-caf8b98aff7f6ebd-steps-11,11,11,11,True,False,False,False,P,P,0.8690665364265442,True,True,True
controller,validation-001487-caf8b98aff7f6ebd-steps-12,12,12,12,True,False,False,False,P,P,0.9997681975364685,True,True,True
controller,validation-001487-caf8b98aff7f6ebd-steps-13,13,13,13,True,False,False,False,P,P,0.9998655319213867,True,True,True
controller,validation-001487-caf8b98aff7f6ebd-steps-14,14,12,12,False,True,False,False,P,P,0.9914134740829468,True,True,False
controller,validation-001487-caf8b98aff7f6ebd-steps-15,15,11,11,False,True,False,False,P,P,0.590271532535553,True,True,False
controller,validation-001487-caf8b98aff7f6ebd-steps-16,16,12,12,False,True,False,False,P,P,0.9997542500495911,True,True,False
controller,validation-000467-d43cd4933b687dc2-steps-1,1,1,1,True,False,False,False,P,P,0.9997634291648865,True,True,True
controller,validation-000467-d43cd4933b687dc2-steps-2,2,2,2,True,False,False,False,X,X,0.9987381100654602,True,True,True
controller,validation-000467-d43cd4933b687dc2-steps-3,3,3,3,True,False,False,False,E,E,0.9997531771659851,True,True,True
controller,validation-000467-d43cd4933b687dc2-steps-4,4,4,4,True,False,False,False,H,H,0.9998019337654114,True,True,True
controller,validation-000467-d43cd4933b687dc2-steps-5,5,5,5,True,False,False,False,H,H,0.9996837377548218,True,True,True
controller,validation-000467-d43cd4933b687dc2-steps-6,6,6,6,True,False,False,False,H,H,0.9993743300437927,True,True,True
controller,validation-000467-d43cd4933b687dc2-steps-7,7,7,7,True,False,False,False,H,H,0.9997522234916687,True,True,True
controller,validation-000467-d43cd4933b687dc2-steps-8,8,8,8,True,False,False,False,H,H,0.999647855758667,True,True,True
controller,validation-000467-d43cd4933b687dc2-steps-9,9,8,8,False,True,False,False,H,H,0.9999040365219116,True,True,False
controller,validation-000467-d43cd4933b687dc2-steps-10,10,10,10,True,False,False,False,H,H,0.9998539686203003,True,True,True
controller,validation-000467-d43cd4933b687dc2-steps-11,11,11,11,True,False,False,False,H,H,0.9604025483131409,True,True,True
controller,validation-000467-d43cd4933b687dc2-steps-12,12,12,12,True,False,False,False,H,H,0.999823272228241,True,True,True
controller,validation-000467-d43cd4933b687dc2-steps-13,13,12,12,False,True,False,False,H,H,0.5564932823181152,True,True,False
controller,validation-000467-d43cd4933b687dc2-steps-14,14,12,12,False,True,False,False,H,H,0.9946836829185486,True,True,False
controller,validation-000467-d43cd4933b687dc2-steps-15,15,11,11,False,True,False,False,H,H,0.8231676816940308,True,True,False
controller,validation-000467-d43cd4933b687dc2-steps-16,16,12,12,False,True,False,False,H,H,0.9997531771659851,True,True,False
controller,validation-001187-54b952e50cd9fea8-steps-1,1,1,1,True,False,False,False,V,V,0.9992142915725708,True,True,True
controller,validation-001187-54b952e50cd9fea8-steps-2,2,2,2,True,False,False,False,V,V,0.9947627186775208,True,True,True
controller,validation-001187-54b952e50cd9fea8-steps-3,3,3,3,True,False,False,False,V,V,0.9984598159790039,True,True,True
controller,validation-001187-54b952e50cd9fea8-steps-4,4,4,4,True,False,False,False,V,V,0.9992321729660034,True,True,True
controller,validation-001187-54b952e50cd9fea8-steps-5,5,5,5,True,False,False,False,V,V,0.9993834495544434,True,True,True
controller,validation-001187-54b952e50cd9fea8-steps-6,6,6,6,True,False,False,False,V,V,0.9993411898612976,True,True,True
controller,validation-001187-54b952e50cd9fea8-steps-7,7,7,7,True,False,False,False,V,V,0.9997932314872742,True,True,True
controller,validation-001187-54b952e50cd9fea8-steps-8,8,8,8,True,False,False,False,V,V,0.9997023940086365,True,True,True
controller,validation-001187-54b952e50cd9fea8-steps-9,9,7,7,False,True,False,False,V,V,0.5998011231422424,True,True,False
controller,validation-001187-54b952e50cd9fea8-steps-10,10,10,10,True,False,False,False,V,V,0.9996894598007202,True,True,True
controller,validation-001187-54b952e50cd9fea8-steps-11,11,11,11,True,False,False,False,V,V,0.9713115692138672,True,True,True
controller,validation-001187-54b952e50cd9fea8-steps-12,12,12,12,True,False,False,False,V,V,0.9997413754463196,True,True,True
controller,validation-001187-54b952e50cd9fea8-steps-13,13,12,12,False,True,False,False,V,V,0.7188704013824463,True,True,False
controller,validation-001187-54b952e50cd9fea8-steps-14,14,12,12,False,True,False,False,V,V,0.9960009455680847,True,True,False
controller,validation-001187-54b952e50cd9fea8-steps-15,15,11,11,False,True,False,False,V,V,0.8645414710044861,True,True,False
controller,validation-001187-54b952e50cd9fea8-steps-16,16,12,12,False,True,False,False,V,V,0.9996546506881714,True,True,False
controller,validation-000995-bbc5be80ecf21887-steps-1,1,1,1,True,False,False,False,F,F,0.9992634654045105,True,True,True
controller,validation-000995-bbc5be80ecf21887-steps-2,2,2,2,True,False,False,False,K,K,0.9965595602989197,True,True,True
controller,validation-000995-bbc5be80ecf21887-steps-3,3,3,3,True,False,False,False,J,J,0.9992648959159851,True,True,True
controller,validation-000995-bbc5be80ecf21887-steps-4,4,4,4,True,False,False,False,Y,Y,0.9993705153465271,True,True,True
controller,validation-000995-bbc5be80ecf21887-steps-5,5,5,5,True,False,False,False,R,R,0.9991785883903503,True,True,True
controller,validation-000995-bbc5be80ecf21887-steps-6,6,6,6,True,False,False,False,F,F,0.9977287650108337,True,True,True
controller,validation-000995-bbc5be80ecf21887-steps-7,7,7,7,True,False,False,False,K,K,0.9993971586227417,True,True,True
controller,validation-000995-bbc5be80ecf21887-steps-8,8,8,8,True,False,False,False,J,J,0.9982800483703613,True,True,True
controller,validation-000995-bbc5be80ecf21887-steps-9,9,8,8,False,True,False,False,J,Y,0.9998099207878113,True,False,False
controller,validation-000995-bbc5be80ecf21887-steps-10,10,10,10,True,False,False,False,R,R,0.9964097142219543,True,True,True
controller,validation-000995-bbc5be80ecf21887-steps-11,11,12,12,False,False,True,False,K,F,0.9998169541358948,True,False,False
controller,validation-000995-bbc5be80ecf21887-steps-12,12,12,12,True,False,False,False,K,K,0.998410701751709,True,True,True
controller,validation-000995-bbc5be80ecf21887-steps-13,13,13,13,True,False,False,False,J,J,0.9991077780723572,True,True,True
controller,validation-000995-bbc5be80ecf21887-steps-14,14,12,12,False,True,False,False,K,Y,0.7974862456321716,True,False,False
controller,validation-000995-bbc5be80ecf21887-steps-15,15,12,12,False,True,False,False,K,R,0.9996341466903687,True,False,False
controller,validation-000995-bbc5be80ecf21887-steps-16,16,12,12,False,True,False,False,K,F,0.9975526928901672,True,False,False
controller,validation-001475-86ff66f777d064fd-steps-1,1,1,1,True,False,False,False,K,K,0.9990366697311401,True,True,True
controller,validation-001475-86ff66f777d064fd-steps-2,2,2,2,True,False,False,False,C,C,0.98065185546875,True,True,True
controller,validation-001475-86ff66f777d064fd-steps-3,3,3,3,True,False,False,False,X,X,0.9750876426696777,True,True,True
controller,validation-001475-86ff66f777d064fd-steps-4,4,4,4,True,False,False,False,I,I,0.9462194442749023,True,True,True
controller,validation-001475-86ff66f777d064fd-steps-5,5,5,5,True,False,False,False,L,L,0.7462117671966553,True,True,True
controller,validation-001475-86ff66f777d064fd-steps-6,6,7,7,False,False,True,False,W,R,0.9999382495880127,True,False,False
controller,validation-001475-86ff66f777d064fd-steps-7,7,7,7,True,False,False,False,W,W,0.6911548972129822,True,True,True
controller,validation-001475-86ff66f777d064fd-steps-8,8,9,9,False,False,True,False,B,F,0.9998989105224609,True,False,False
controller,validation-001475-86ff66f777d064fd-steps-9,9,8,8,False,True,False,False,F,B,0.9625643491744995,True,False,False
controller,validation-001475-86ff66f777d064fd-steps-10,10,10,10,True,False,False,False,G,G,0.7752271890640259,True,True,True
controller,validation-001475-86ff66f777d064fd-steps-11,11,12,12,False,False,True,False,H,O,0.9921877384185791,True,False,False
controller,validation-001475-86ff66f777d064fd-steps-12,12,12,12,True,False,False,False,H,H,0.6875113844871521,True,True,True
controller,validation-001475-86ff66f777d064fd-steps-13,13,13,13,True,False,False,False,Q,Q,0.8204973936080933,True,True,True
controller,validation-001475-86ff66f777d064fd-steps-14,14,13,13,False,True,False,False,Q,A,0.9984776377677917,True,False,False
controller,validation-001475-86ff66f777d064fd-steps-15,15,12,12,False,True,False,False,H,P,0.9673837423324585,True,False,False
controller,validation-001475-86ff66f777d064fd-steps-16,16,12,12,False,True,False,False,H,V,0.6713994741439819,True,False,False
controller,validation-001499-0106e87b0480663d-steps-1,1,1,1,True,False,False,False,N,N,0.9994714856147766,True,True,True
controller,validation-001499-0106e87b0480663d-steps-2,2,2,2,True,False,False,False,Z,Z,0.9982660412788391,True,True,True
controller,validation-001499-0106e87b0480663d-steps-3,3,3,3,True,False,False,False,J,J,0.999704897403717,True,True,True
controller,validation-001499-0106e87b0480663d-steps-4,4,4,4,True,False,False,False,M,M,0.999879002571106,True,True,True
controller,validation-001499-0106e87b0480663d-steps-5,5,5,5,True,False,False,False,L,L,0.9999120235443115,True,True,True
controller,validation-001499-0106e87b0480663d-steps-6,6,6,6,True,False,False,False,S,S,0.9999200105667114,True,True,True
controller,validation-001499-0106e87b0480663d-steps-7,7,6,6,False,True,False,False,S,H,0.5173478722572327,True,False,False
controller,validation-001499-0106e87b0480663d-steps-8,8,7,7,False,True,False,False,H,W,0.5790669322013855,True,False,False
controller,validation-001499-0106e87b0480663d-steps-9,9,7,7,False,True,False,False,H,K,0.9625383019447327,True,False,False
controller,validation-001499-0106e87b0480663d-steps-10,10,9,9,False,True,False,False,K,Z,0.8124426007270813,True,False,False
controller,validation-001499-0106e87b0480663d-steps-11,11,11,11,True,False,False,False,J,J,0.9968751668930054,True,True,True
controller,validation-001499-0106e87b0480663d-steps-12,12,11,11,False,True,False,False,J,M,0.8724026083946228,True,False,False
controller,validation-001499-0106e87b0480663d-steps-13,13,12,12,False,True,False,False,M,L,0.9484062790870667,True,False,False
controller,validation-001499-0106e87b0480663d-steps-14,14,12,12,False,True,False,False,M,S,0.9994537234306335,True,False,False
controller,validation-001499-0106e87b0480663d-steps-15,15,11,11,False,True,False,False,J,H,0.98541659116745,True,False,False
controller,validation-001499-0106e87b0480663d-steps-16,16,11,11,False,True,False,False,J,W,0.8841204047203064,True,False,False
controller,validation-001007-8e55fe30f00318e8-steps-1,1,1,1,True,False,False,False,W,W,0.9996535778045654,True,True,True
controller,validation-001007-8e55fe30f00318e8-steps-2,2,2,2,True,False,False,False,C,C,0.9968916773796082,True,True,True
controller,validation-001007-8e55fe30f00318e8-steps-3,3,3,3,True,False,False,False,Z,Z,0.9990869760513306,True,True,True
controller,validation-001007-8e55fe30f00318e8-steps-4,4,4,4,True,False,False,False,Q,Q,0.999305009841919,True,True,True
controller,validation-001007-8e55fe30f00318e8-steps-5,5,5,5,True,False,False,False,E,E,0.9990004897117615,True,True,True
controller,validation-001007-8e55fe30f00318e8-steps-6,6,6,6,True,False,False,False,R,R,0.9976140260696411,True,True,True
controller,validation-001007-8e55fe30f00318e8-steps-7,7,7,7,True,False,False,False,N,N,0.9990110397338867,True,True,True
controller,validation-001007-8e55fe30f00318e8-steps-8,8,8,8,True,False,False,False,A,A,0.9986549615859985,True,True,True
controller,validation-001007-8e55fe30f00318e8-steps-9,9,8,8,False,True,False,False,A,U,0.9998437166213989,True,False,False
controller,validation-001007-8e55fe30f00318e8-steps-10,10,10,10,True,False,False,False,L,L,0.9991424083709717,True,True,True
controller,validation-001007-8e55fe30f00318e8-steps-11,11,11,11,True,False,False,False,K,K,0.5239701867103577,True,True,True
controller,validation-001007-8e55fe30f00318e8-steps-12,12,12,12,True,False,False,False,M,M,0.9991126656532288,True,True,True
controller,validation-001007-8e55fe30f00318e8-steps-13,13,13,13,True,False,False,False,Y,Y,0.9996398687362671,True,True,True
controller,validation-001007-8e55fe30f00318e8-steps-14,14,12,12,False,True,False,False,M,X,0.915851891040802,True,False,False
controller,validation-001007-8e55fe30f00318e8-steps-15,15,12,12,False,True,False,False,M,D,0.999799907207489,True,False,False
controller,validation-001007-8e55fe30f00318e8-steps-16,16,12,12,False,True,False,False,M,V,0.9988387227058411,True,False,False
controller,validation-001439-47776492d9fe48c3-steps-1,1,1,1,True,False,False,False,H,H,0.9994242191314697,True,True,True
controller,validation-001439-47776492d9fe48c3-steps-2,2,2,2,True,False,False,False,O,O,0.9981290698051453,True,True,True
controller,validation-001439-47776492d9fe48c3-steps-3,3,3,3,True,False,False,False,S,S,0.9996194839477539,True,True,True
controller,validation-001439-47776492d9fe48c3-steps-4,4,4,4,True,False,False,False,Q,Q,0.9998021721839905,True,True,True
controller,validation-001439-47776492d9fe48c3-steps-5,5,5,5,True,False,False,False,U,U,0.9998394250869751,True,True,True
controller,validation-001439-47776492d9fe48c3-steps-6,6,6,6,True,False,False,False,R,R,0.9999024868011475,True,True,True
controller,validation-001439-47776492d9fe48c3-steps-7,7,7,7,True,False,False,False,N,N,0.99989914894104,True,True,True
controller,validation-001439-47776492d9fe48c3-steps-8,8,8,8,True,False,False,False,X,X,0.9998123049736023,True,True,True
controller,validation-001439-47776492d9fe48c3-steps-9,9,7,7,False,True,False,False,N,F,0.649331271648407,True,False,False
controller,validation-001439-47776492d9fe48c3-steps-10,10,10,10,True,False,False,False,W,W,0.9998345375061035,True,True,True
controller,validation-001439-47776492d9fe48c3-steps-11,11,11,11,True,False,False,False,Y,Y,0.8391951322555542,True,True,True
controller,validation-001439-47776492d9fe48c3-steps-12,12,12,12,True,False,False,False,E,E,0.9997994303703308,True,True,True
controller,validation-001439-47776492d9fe48c3-steps-13,13,13,13,True,False,False,False,T,T,0.9998218417167664,True,True,True
controller,validation-001439-47776492d9fe48c3-steps-14,14,12,12,False,True,False,False,E,B,0.9868822693824768,True,False,False
controller,validation-001439-47776492d9fe48c3-steps-15,15,11,11,False,True,False,False,Y,D,0.7358007431030273,True,False,False
controller,validation-001439-47776492d9fe48c3-steps-16,16,12,12,False,True,False,False,E,K,0.9997225403785706,True,False,False
controller,validation-000503-f6821c31afbef11e-steps-1,1,1,1,True,False,False,False,R,R,0.9993987083435059,True,True,True
controller,validation-000503-f6821c31afbef11e-steps-2,2,2,2,True,False,False,False,C,C,0.9970371723175049,True,True,True
controller,validation-000503-f6821c31afbef11e-steps-3,3,3,3,True,False,False,False,U,U,0.999610960483551,True,True,True
controller,validation-000503-f6821c31afbef11e-steps-4,4,4,4,True,False,False,False,M,M,0.9998156428337097,True,True,True
controller,validation-000503-f6821c31afbef11e-steps-5,5,5,5,True,False,False,False,W,W,0.9998413324356079,True,True,True
controller,validation-000503-f6821c31afbef11e-steps-6,6,6,6,True,False,False,False,H,H,0.9998506307601929,True,True,True
controller,validation-000503-f6821c31afbef11e-steps-7,7,7,7,True,False,False,False,A,A,0.9999212026596069,True,True,True
controller,validation-000503-f6821c31afbef11e-steps-8,8,8,8,True,False,False,False,T,T,0.9998962879180908,True,True,True
controller,validation-000503-f6821c31afbef11e-steps-9,9,7,7,False,True,False,False,A,Y,0.937879204750061,True,False,False
controller,validation-000503-f6821c31afbef11e-steps-10,10,10,10,True,False,False,False,G,G,0.9998183846473694,True,True,True
controller,validation-000503-f6821c31afbef11e-steps-11,11,11,11,True,False,False,False,N,N,0.9234145283699036,True,True,True
controller,validation-000503-f6821c31afbef11e-steps-12,12,12,12,True,False,False,False,N,N,0.9997605681419373,True,True,True
controller,validation-000503-f6821c31afbef11e-steps-13,13,13,13,True,False,False,False,N,N,0.9998846054077148,True,True,True
controller,validation-000503-f6821c31afbef11e-steps-14,14,12,12,False,True,False,False,N,N,0.9930100440979004,True,True,False
controller,validation-000503-f6821c31afbef11e-steps-15,15,11,11,False,True,False,False,N,N,0.7715656757354736,True,True,False
controller,validation-000503-f6821c31afbef11e-steps-16,16,12,12,False,True,False,False,N,N,0.999798595905304,True,True,False
controller,validation-000431-12c2148d7ec54c23-steps-1,1,1,1,True,False,False,False,W,W,0.9995800852775574,True,True,True
controller,validation-000431-12c2148d7ec54c23-steps-2,2,2,2,True,False,False,False,D,D,0.9983622431755066,True,True,True
controller,validation-000431-12c2148d7ec54c23-steps-3,3,3,3,True,False,False,False,R,R,0.9996764659881592,True,True,True
controller,validation-000431-12c2148d7ec54c23-steps-4,4,4,4,True,False,False,False,B,B,0.9998366832733154,True,True,True
controller,validation-000431-12c2148d7ec54c23-steps-5,5,5,5,True,False,False,False,S,S,0.9998217225074768,True,True,True
controller,validation-000431-12c2148d7ec54c23-steps-6,6,6,6,True,False,False,False,R,R,0.9997410178184509,True,True,True
controller,validation-000431-12c2148d7ec54c23-steps-7,7,7,7,True,False,False,False,B,B,0.999858021736145,True,True,True
controller,validation-000431-12c2148d7ec54c23-steps-8,8,8,8,True,False,False,False,S,S,0.9997833371162415,True,True,True
controller,validation-000431-12c2148d7ec54c23-steps-9,9,8,8,False,True,False,False,S,R,0.999934196472168,True,False,False
controller,validation-000431-12c2148d7ec54c23-steps-10,10,10,10,True,False,False,False,B,B,0.9995019435882568,True,True,True
controller,validation-000431-12c2148d7ec54c23-steps-11,11,11,11,True,False,False,False,S,S,0.7076037526130676,True,True,True
controller,validation-000431-12c2148d7ec54c23-steps-12,12,12,12,True,False,False,False,R,R,0.9995198249816895,True,True,True
controller,validation-000431-12c2148d7ec54c23-steps-13,13,13,13,True,False,False,False,B,B,0.9996769428253174,True,True,True
controller,validation-000431-12c2148d7ec54c23-steps-14,14,12,12,False,True,False,False,R,S,0.9542298913002014,True,False,False
controller,validation-000431-12c2148d7ec54c23-steps-15,15,12,12,False,True,False,False,R,R,0.9998424053192139,True,True,False
controller,validation-000431-12c2148d7ec54c23-steps-16,16,12,12,False,True,False,False,R,B,0.9994440674781799,True,False,False
controller,validation-001055-9fbdbb4ee26e7f99-steps-1,1,1,1,True,False,False,False,Z,Z,0.9990658164024353,True,True,True
controller,validation-001055-9fbdbb4ee26e7f99-steps-2,2,2,2,True,False,False,False,B,B,0.9784747362136841,True,True,True
controller,validation-001055-9fbdbb4ee26e7f99-steps-3,3,3,3,True,False,False,False,G,G,0.9950418472290039,True,True,True
controller,validation-001055-9fbdbb4ee26e7f99-steps-4,4,4,4,True,False,False,False,N,N,0.9972207546234131,True,True,True
controller,validation-001055-9fbdbb4ee26e7f99-steps-5,5,5,5,True,False,False,False,D,D,0.998449444770813,True,True,True
controller,validation-001055-9fbdbb4ee26e7f99-steps-6,6,6,6,True,False,False,False,H,H,0.9988034963607788,True,True,True
controller,validation-001055-9fbdbb4ee26e7f99-steps-7,7,7,7,True,False,False,False,M,M,0.9996623992919922,True,True,True
controller,validation-001055-9fbdbb4ee26e7f99-steps-8,8,8,8,True,False,False,False,P,P,0.9996378421783447,True,True,True
controller,validation-001055-9fbdbb4ee26e7f99-steps-9,9,8,8,False,True,False,False,P,E,0.9999266862869263,True,False,False
controller,validation-001055-9fbdbb4ee26e7f99-steps-10,10,10,10,True,False,False,False,V,V,0.9996500015258789,True,True,True
controller,validation-001055-9fbdbb4ee26e7f99-steps-11,11,11,11,True,False,False,False,R,R,0.9578123688697815,True,True,True
controller,validation-001055-9fbdbb4ee26e7f99-steps-12,12,12,12,True,False,False,False,L,L,0.9998080134391785,True,True,True
controller,validation-001055-9fbdbb4ee26e7f99-steps-13,13,12,12,False,True,False,False,L,C,0.7087052464485168,True,False,False
controller,validation-001055-9fbdbb4ee26e7f99-steps-14,14,12,12,False,True,False,False,L,W,0.9964762330055237,True,False,False
controller,validation-001055-9fbdbb4ee26e7f99-steps-15,15,11,11,False,True,False,False,R,Q,0.8357588648796082,True,False,False
controller,validation-001055-9fbdbb4ee26e7f99-steps-16,16,12,12,False,True,False,False,L,F,0.9998375177383423,True,False,False
controller,validation-000335-d90b114ba957e83a-steps-1,1,1,1,True,False,False,False,E,E,0.9987258315086365,True,True,True
controller,validation-000335-d90b114ba957e83a-steps-2,2,2,2,True,False,False,False,O,O,0.9629740118980408,True,True,True
controller,validation-000335-d90b114ba957e83a-steps-3,3,3,3,True,False,False,False,G,G,0.9478408098220825,True,True,True
controller,validation-000335-d90b114ba957e83a-steps-4,4,4,4,True,False,False,False,L,L,0.9178012609481812,True,True,True
controller,validation-000335-d90b114ba957e83a-steps-5,5,5,5,True,False,False,False,Q,Q,0.962936282157898,True,True,True
controller,validation-000335-d90b114ba957e83a-steps-6,6,6,6,True,False,False,False,T,T,0.9328547716140747,True,True,True
controller,validation-000335-d90b114ba957e83a-steps-7,7,7,7,True,False,False,False,M,M,0.9904229640960693,True,True,True
controller,validation-000335-d90b114ba957e83a-steps-8,8,8,8,True,False,False,False,Y,Y,0.9696441888809204,True,True,True
controller,validation-000335-d90b114ba957e83a-steps-9,9,8,8,False,True,False,False,Y,R,0.9987239241600037,True,False,False
controller,validation-000335-d90b114ba957e83a-steps-10,10,10,10,True,False,False,False,E,E,0.9790958166122437,True,True,True
controller,validation-000335-d90b114ba957e83a-steps-11,11,12,12,False,False,True,False,G,O,0.9987164735794067,True,False,False
controller,validation-000335-d90b114ba957e83a-steps-12,12,12,12,True,False,False,False,G,G,0.9789590239524841,True,True,True
controller,validation-000335-d90b114ba957e83a-steps-13,13,13,13,True,False,False,False,L,L,0.9933875799179077,True,True,True
controller,validation-000335-d90b114ba957e83a-steps-14,14,13,13,False,True,False,False,L,Q,0.9997679591178894,True,False,False
controller,validation-000335-d90b114ba957e83a-steps-15,15,12,12,False,True,False,False,G,T,0.9973875880241394,True,False,False
controller,validation-000335-d90b114ba957e83a-steps-16,16,12,12,False,True,False,False,G,M,0.974324107170105,True,False,False
controller,validation-000383-f0afb736156f28b0-steps-1,1,1,1,True,False,False,False,C,C,0.9994940757751465,True,True,True
controller,validation-000383-f0afb736156f28b0-steps-2,2,2,2,True,False,False,False,H,H,0.9981562495231628,True,True,True
controller,validation-000383-f0afb736156f28b0-steps-3,3,3,3,True,False,False,False,A,A,0.9997003078460693,True,True,True
controller,validation-000383-f0afb736156f28b0-steps-4,4,4,4,True,False,False,False,M,M,0.9998370409011841,True,True,True
controller,validation-000383-f0afb736156f28b0-steps-5,5,5,5,True,False,False,False,F,F,0.9998608827590942,True,True,True
controller,validation-000383-f0afb736156f28b0-steps-6,6,6,6,True,False,False,False,V,V,0.9997766613960266,True,True,True
controller,validation-000383-f0afb736156f28b0-steps-7,7,7,7,True,False,False,False,C,C,0.9998962879180908,True,True,True
controller,validation-000383-f0afb736156f28b0-steps-8,8,8,8,True,False,False,False,H,H,0.9998347759246826,True,True,True
controller,validation-000383-f0afb736156f28b0-steps-9,9,7,7,False,True,False,False,C,A,0.6140004396438599,True,False,False
controller,validation-000383-f0afb736156f28b0-steps-10,10,10,10,True,False,False,False,M,M,0.9997825026512146,True,True,True
controller,validation-000383-f0afb736156f28b0-steps-11,11,11,11,True,False,False,False,F,F,0.9606287479400635,True,True,True
controller,validation-000383-f0afb736156f28b0-steps-12,12,12,12,True,False,False,False,V,V,0.9998231530189514,True,True,True
controller,validation-000383-f0afb736156f28b0-steps-13,13,12,12,False,True,False,False,V,C,0.5408042669296265,True,False,False
controller,validation-000383-f0afb736156f28b0-steps-14,14,12,12,False,True,False,False,V,H,0.9939637780189514,True,False,False
controller,validation-000383-f0afb736156f28b0-steps-15,15,11,11,False,True,False,False,F,A,0.6769981384277344,True,False,False
controller,validation-000383-f0afb736156f28b0-steps-16,16,12,12,False,True,False,False,V,M,0.9997088313102722,True,False,False
controller,validation-001223-f78dabefc858d2cf-steps-1,1,1,1,True,False,False,False,R,R,0.9995673298835754,True,True,True
controller,validation-001223-f78dabefc858d2cf-steps-2,2,2,2,True,False,False,False,W,W,0.9955077171325684,True,True,True
controller,validation-001223-f78dabefc858d2cf-steps-3,3,3,3,True,False,False,False,B,B,0.9992928504943848,True,True,True
controller,validation-001223-f78dabefc858d2cf-steps-4,4,4,4,True,False,False,False,Y,Y,0.999610960483551,True,True,True
controller,validation-001223-f78dabefc858d2cf-steps-5,5,5,5,True,False,False,False,X,X,0.9996789693832397,True,True,True
controller,validation-001223-f78dabefc858d2cf-steps-6,6,6,6,True,False,False,False,Z,Z,0.9996896982192993,True,True,True
controller,validation-001223-f78dabefc858d2cf-steps-7,7,7,7,True,False,False,False,G,G,0.9998793601989746,True,True,True
controller,validation-001223-f78dabefc858d2cf-steps-8,8,8,8,True,False,False,False,O,O,0.9997879862785339,True,True,True
controller,validation-001223-f78dabefc858d2cf-steps-9,9,7,7,False,True,False,False,G,E,0.5866813659667969,True,False,False
controller,validation-001223-f78dabefc858d2cf-steps-10,10,10,10,True,False,False,False,D,D,0.9998754262924194,True,True,True
controller,validation-001223-f78dabefc858d2cf-steps-11,11,11,11,True,False,False,False,Q,Q,0.9731782674789429,True,True,True
controller,validation-001223-f78dabefc858d2cf-steps-12,12,12,12,True,False,False,False,L,L,0.9998507499694824,True,True,True
controller,validation-001223-f78dabefc858d2cf-steps-13,13,12,12,False,True,False,False,L,A,0.6210845708847046,True,False,False
controller,validation-001223-f78dabefc858d2cf-steps-14,14,12,12,False,True,False,False,L,C,0.9941564798355103,True,False,False
controller,validation-001223-f78dabefc858d2cf-steps-15,15,11,11,False,True,False,False,Q,P,0.8159507513046265,True,False,False
controller,validation-001223-f78dabefc858d2cf-steps-16,16,12,12,False,True,False,False,L,F,0.9998461008071899,True,False,False
controller,validation-001535-41ba19cdf8bf8986-steps-1,1,1,1,True,False,False,False,X,X,0.999330997467041,True,True,True
controller,validation-001535-41ba19cdf8bf8986-steps-2,2,2,2,True,False,False,False,I,I,0.9957186579704285,True,True,True
controller,validation-001535-41ba19cdf8bf8986-steps-3,3,3,3,True,False,False,False,Y,Y,0.9989420771598816,True,True,True
controller,validation-001535-41ba19cdf8bf8986-steps-4,4,4,4,True,False,False,False,K,K,0.9994022846221924,True,True,True
controller,validation-001535-41ba19cdf8bf8986-steps-5,5,5,5,True,False,False,False,U,U,0.9991453886032104,True,True,True
controller,validation-001535-41ba19cdf8bf8986-steps-6,6,6,6,True,False,False,False,B,B,0.998963475227356,True,True,True
controller,validation-001535-41ba19cdf8bf8986-steps-7,7,7,7,True,False,False,False,M,M,0.9996602535247803,True,True,True
controller,validation-001535-41ba19cdf8bf8986-steps-8,8,8,8,True,False,False,False,E,E,0.9992352724075317,True,True,True
controller,validation-001535-41ba19cdf8bf8986-steps-9,9,8,8,False,True,False,False,E,A,0.9998797178268433,True,False,False
controller,validation-001535-41ba19cdf8bf8986-steps-10,10,10,10,True,False,False,False,S,S,0.9982328414916992,True,True,True
controller,validation-001535-41ba19cdf8bf8986-steps-11,11,12,12,False,False,True,False,R,T,0.9997841715812683,True,False,False
controller,validation-001535-41ba19cdf8bf8986-steps-12,12,12,12,True,False,False,False,R,R,0.9969088435173035,True,True,True
controller,validation-001535-41ba19cdf8bf8986-steps-13,13,13,13,True,False,False,False,J,J,0.9973172545433044,True,True,True
controller,validation-001535-41ba19cdf8bf8986-steps-14,14,12,12,False,True,False,False,R,N,0.6549878716468811,True,False,False
controller,validation-001535-41ba19cdf8bf8986-steps-15,15,12,12,False,True,False,False,R,H,0.9995837807655334,True,False,False
controller,validation-001535-41ba19cdf8bf8986-steps-16,16,12,12,False,True,False,False,R,Z,0.9955558180809021,True,False,False
controller,validation-001091-91feaffb856cca6c-steps-1,1,1,1,True,False,False,False,P,P,0.9996041655540466,True,True,True
controller,validation-001091-91feaffb856cca6c-steps-2,2,2,2,True,False,False,False,Q,Q,0.9941692352294922,True,True,True
controller,validation-001091-91feaffb856cca6c-steps-3,3,3,3,True,False,False,False,W,W,0.9964433312416077,True,True,True
controller,validation-001091-91feaffb856cca6c-steps-4,4,4,4,True,False,False,False,H,H,0.9977044463157654,True,True,True
controller,validation-001091-91feaffb856cca6c-steps-5,5,5,5,True,False,False,False,X,X,0.9958147406578064,True,True,True
controller,validation-001091-91feaffb856cca6c-steps-6,6,6,6,True,False,False,False,N,N,0.9933667778968811,True,True,True
controller,validation-001091-91feaffb856cca6c-steps-7,7,7,7,True,False,False,False,E,E,0.9988055229187012,True,True,True
controller,validation-001091-91feaffb856cca6c-steps-8,8,8,8,True,False,False,False,D,D,0.9979578256607056,True,True,True
controller,validation-001091-91feaffb856cca6c-steps-9,9,8,8,False,True,False,False,D,F,0.999813973903656,True,False,False
controller,validation-001091-91feaffb856cca6c-steps-10,10,10,10,True,False,False,False,Z,Z,0.9972311854362488,True,True,True
controller,validation-001091-91feaffb856cca6c-steps-11,11,12,12,False,False,True,False,A,J,0.9997789263725281,True,False,False
controller,validation-001091-91feaffb856cca6c-steps-12,12,12,12,True,False,False,False,A,A,0.9977013468742371,True,True,True
controller,validation-001091-91feaffb856cca6c-steps-13,13,13,13,True,False,False,False,C,C,0.99932861328125,True,True,True
controller,validation-001091-91feaffb856cca6c-steps-14,14,12,12,False,True,False,False,A,I,0.7740432024002075,True,False,False
controller,validation-001091-91feaffb856cca6c-steps-15,15,12,12,False,True,False,False,A,T,0.9996389150619507,True,False,False
controller,validation-001091-91feaffb856cca6c-steps-16,16,12,12,False,True,False,False,A,S,0.9978929162025452,True,False,False
controller,validation-000923-3da6e61b2a558eff-steps-1,1,1,1,True,False,False,False,I,I,0.999794065952301,True,True,True
controller,validation-000923-3da6e61b2a558eff-steps-2,2,2,2,True,False,False,False,I,I,0.9975826740264893,True,True,True
controller,validation-000923-3da6e61b2a558eff-steps-3,3,3,3,True,False,False,False,I,I,0.9994163513183594,True,True,True
controller,validation-000923-3da6e61b2a558eff-steps-4,4,4,4,True,False,False,False,I,I,0.9995483756065369,True,True,True
controller,validation-000923-3da6e61b2a558eff-steps-5,5,5,5,True,False,False,False,I,I,0.9993220567703247,True,True,True
controller,validation-000923-3da6e61b2a558eff-steps-6,6,6,6,True,False,False,False,I,I,0.9984513521194458,True,True,True
controller,validation-000923-3da6e61b2a558eff-steps-7,7,7,7,True,False,False,False,I,I,0.9994827508926392,True,True,True
controller,validation-000923-3da6e61b2a558eff-steps-8,8,8,8,True,False,False,False,I,I,0.9991469383239746,True,True,True
controller,validation-000923-3da6e61b2a558eff-steps-9,9,8,8,False,True,False,False,I,I,0.9998766183853149,True,True,False
controller,validation-000923-3da6e61b2a558eff-steps-10,10,10,10,True,False,False,False,I,I,0.999755322933197,True,True,True
controller,validation-000923-3da6e61b2a558eff-steps-11,11,11,11,True,False,False,False,I,I,0.8459964990615845,True,True,True
controller,validation-000923-3da6e61b2a558eff-steps-12,12,12,12,True,False,False,False,I,I,0.9997097849845886,True,True,True
controller,validation-000923-3da6e61b2a558eff-steps-13,13,13,13,True,False,False,False,I,I,0.9998121857643127,True,True,True
controller,validation-000923-3da6e61b2a558eff-steps-14,14,12,12,False,True,False,False,I,I,0.9735144972801208,True,True,False
controller,validation-000923-3da6e61b2a558eff-steps-15,15,11,11,False,True,False,False,I,I,0.5331218838691711,True,True,False
controller,validation-000923-3da6e61b2a558eff-steps-16,16,12,12,False,True,False,False,I,I,0.9996911287307739,True,True,False
controller,validation-000287-f15bc8539395ddeb-steps-1,1,1,1,True,False,False,False,T,T,0.9987806677818298,True,True,True
controller,validation-000287-f15bc8539395ddeb-steps-2,2,2,2,True,False,False,False,H,H,0.9889197945594788,True,True,True
controller,validation-000287-f15bc8539395ddeb-steps-3,3,3,3,True,False,False,False,J,J,0.9971126317977905,True,True,True
controller,validation-000287-f15bc8539395ddeb-steps-4,4,4,4,True,False,False,False,Q,Q,0.9986069798469543,True,True,True
controller,validation-000287-f15bc8539395ddeb-steps-5,5,5,5,True,False,False,False,W,W,0.998528003692627,True,True,True
controller,validation-000287-f15bc8539395ddeb-steps-6,6,6,6,True,False,False,False,B,B,0.9980291724205017,True,True,True
controller,validation-000287-f15bc8539395ddeb-steps-7,7,7,7,True,False,False,False,E,E,0.9997056126594543,True,True,True
controller,validation-000287-f15bc8539395ddeb-steps-8,8,8,8,True,False,False,False,S,S,0.9992720484733582,True,True,True
controller,validation-000287-f15bc8539395ddeb-steps-9,9,8,8,False,True,False,False,S,C,0.9998961687088013,True,False,False
controller,validation-000287-f15bc8539395ddeb-steps-10,10,10,10,True,False,False,False,P,P,0.9980301260948181,True,True,True
controller,validation-000287-f15bc8539395ddeb-steps-11,11,12,12,False,False,True,False,Y,O,0.9998741149902344,True,False,False
controller,validation-000287-f15bc8539395ddeb-steps-12,12,12,12,True,False,False,False,Y,Y,0.9989834427833557,True,True,True
controller,validation-000287-f15bc8539395ddeb-steps-13,13,13,13,True,False,False,False,I,I,0.9992231130599976,True,True,True
controller,validation-000287-f15bc8539395ddeb-steps-14,14,12,12,False,True,False,False,Y,V,0.8482515215873718,True,False,False
controller,validation-000287-f15bc8539395ddeb-steps-15,15,12,12,False,True,False,False,Y,T,0.9997760653495789,True,False,False
controller,validation-000287-f15bc8539395ddeb-steps-16,16,12,12,False,True,False,False,Y,H,0.9980217218399048,True,False,False
controller,validation-000683-c9c2938aa3bd1cdc-steps-1,1,1,1,True,False,False,False,L,L,0.9995431900024414,True,True,True
controller,validation-000683-c9c2938aa3bd1cdc-steps-2,2,2,2,True,False,False,False,E,E,0.9981179237365723,True,True,True
controller,validation-000683-c9c2938aa3bd1cdc-steps-3,3,3,3,True,False,False,False,G,G,0.9996753931045532,True,True,True
controller,validation-000683-c9c2938aa3bd1cdc-steps-4,4,4,4,True,False,False,False,N,N,0.9998078942298889,True,True,True
controller,validation-000683-c9c2938aa3bd1cdc-steps-5,5,5,5,True,False,False,False,Y,Y,0.999873161315918,True,True,True
controller,validation-000683-c9c2938aa3bd1cdc-steps-6,6,6,6,True,False,False,False,P,P,0.9998611211776733,True,True,True
controller,validation-000683-c9c2938aa3bd1cdc-steps-7,7,7,7,True,False,False,False,I,I,0.9999082088470459,True,True,True
controller,validation-000683-c9c2938aa3bd1cdc-steps-8,8,8,8,True,False,False,False,X,X,0.9998288154602051,True,True,True
controller,validation-000683-c9c2938aa3bd1cdc-steps-9,9,7,7,False,True,False,False,I,S,0.6272322535514832,True,False,False
controller,validation-000683-c9c2938aa3bd1cdc-steps-10,10,10,10,True,False,False,False,Z,Z,0.9997192025184631,True,True,True
controller,validation-000683-c9c2938aa3bd1cdc-steps-11,11,11,11,True,False,False,False,R,R,0.8038078546524048,True,True,True
controller,validation-000683-c9c2938aa3bd1cdc-steps-12,12,12,12,True,False,False,False,O,O,0.9997991919517517,True,True,True
controller,validation-000683-c9c2938aa3bd1cdc-steps-13,13,13,13,True,False,False,False,U,U,0.9998416900634766,True,True,True
controller,validation-000683-c9c2938aa3bd1cdc-steps-14,14,12,12,False,True,False,False,O,T,0.9914024472236633,True,False,False
controller,validation-000683-c9c2938aa3bd1cdc-steps-15,15,11,11,False,True,False,False,R,F,0.5823445916175842,True,False,False
controller,validation-000683-c9c2938aa3bd1cdc-steps-16,16,12,12,False,True,False,False,O,W,0.9996330738067627,True,False,False
controller,validation-001067-527abe078c805ef7-steps-1,1,1,1,True,False,False,False,B,B,0.9990279674530029,True,True,True
controller,validation-001067-527abe078c805ef7-steps-2,2,2,2,True,False,False,False,B,B,0.9868795275688171,True,True,True
controller,validation-001067-527abe078c805ef7-steps-3,3,3,3,True,False,False,False,B,B,0.9965248703956604,True,True,True
controller,validation-001067-527abe078c805ef7-steps-4,4,4,4,True,False,False,False,B,B,0.9989388585090637,True,True,True
controller,validation-001067-527abe078c805ef7-steps-5,5,5,5,True,False,False,False,B,B,0.9985571503639221,True,True,True
controller,validation-001067-527abe078c805ef7-steps-6,6,6,6,True,False,False,False,B,B,0.9987146854400635,True,True,True
controller,validation-001067-527abe078c805ef7-steps-7,7,7,7,True,False,False,False,B,B,0.9994673132896423,True,True,True
controller,validation-001067-527abe078c805ef7-steps-8,8,8,8,True,False,False,False,B,B,0.9996212720870972,True,True,True
controller,validation-001067-527abe078c805ef7-steps-9,9,8,8,False,True,False,False,B,B,0.9998952150344849,True,True,False
controller,validation-001067-527abe078c805ef7-steps-10,10,10,10,True,False,False,False,B,B,0.9993934631347656,True,True,True
controller,validation-001067-527abe078c805ef7-steps-11,11,11,11,True,False,False,False,B,B,0.7235909104347229,True,True,True
controller,validation-001067-527abe078c805ef7-steps-12,12,12,12,True,False,False,False,B,B,0.9998003840446472,True,True,True
controller,validation-001067-527abe078c805ef7-steps-13,13,13,13,True,False,False,False,B,B,0.9998190999031067,True,True,True
controller,validation-001067-527abe078c805ef7-steps-14,14,12,12,False,True,False,False,B,B,0.9831275939941406,True,True,False
controller,validation-001067-527abe078c805ef7-steps-15,15,11,11,False,True,False,False,B,B,0.5922237634658813,True,True,False
controller,validation-001067-527abe078c805ef7-steps-16,16,12,12,False,True,False,False,B,B,0.9997467398643494,True,True,False
controller,validation-000143-55a022f5099feb4c-steps-1,1,1,1,True,False,False,False,P,P,0.999398946762085,True,True,True
controller,validation-000143-55a022f5099feb4c-steps-2,2,2,2,True,False,False,False,F,F,0.992708146572113,True,True,True
controller,validation-000143-55a022f5099feb4c-steps-3,3,3,3,True,False,False,False,A,A,0.9953868985176086,True,True,True
controller,validation-000143-55a022f5099feb4c-steps-4,4,4,4,True,False,False,False,U,U,0.9936389327049255,True,True,True
controller,validation-000143-55a022f5099feb4c-steps-5,5,5,5,True,False,False,False,C,C,0.9929496049880981,True,True,True
controller,validation-000143-55a022f5099feb4c-steps-6,6,6,6,True,False,False,False,S,S,0.9815633296966553,True,True,True
controller,validation-000143-55a022f5099feb4c-steps-7,7,7,7,True,False,False,False,H,H,0.9934547543525696,True,True,True
controller,validation-000143-55a022f5099feb4c-steps-8,8,8,8,True,False,False,False,R,R,0.9451403021812439,True,True,True
controller,validation-000143-55a022f5099feb4c-steps-9,9,8,8,False,True,False,False,R,P,0.9987775683403015,True,False,False
controller,validation-000143-55a022f5099feb4c-steps-10,10,10,10,True,False,False,False,F,F,0.8204755783081055,True,True,True
controller,validation-000143-55a022f5099feb4c-steps-11,11,12,12,False,False,True,False,U,A,0.995871365070343,True,False,False
controller,validation-000143-55a022f5099feb4c-steps-12,12,12,12,True,False,False,False,U,U,0.9144479632377625,True,True,True
controller,validation-000143-55a022f5099feb4c-steps-13,13,13,13,True,False,False,False,C,C,0.9911075234413147,True,True,True
controller,validation-000143-55a022f5099feb4c-steps-14,14,13,13,False,True,False,False,C,S,0.9997833371162415,True,False,False
controller,validation-000143-55a022f5099feb4c-steps-15,15,12,12,False,True,False,False,U,H,0.9922032356262207,True,False,False
controller,validation-000143-55a022f5099feb4c-steps-16,16,12,12,False,True,False,False,U,R,0.8734132647514343,True,False,False
controller,validation-001427-4ecc46346a69d9fe-steps-1,1,1,1,True,False,False,False,B,B,0.9994007349014282,True,True,True
controller,validation-001427-4ecc46346a69d9fe-steps-2,2,2,2,True,False,False,False,N,N,0.9960860013961792,True,True,True
controller,validation-001427-4ecc46346a69d9fe-steps-3,3,3,3,True,False,False,False,Z,Z,0.9993265867233276,True,True,True
controller,validation-001427-4ecc46346a69d9fe-steps-4,4,4,4,True,False,False,False,B,B,0.9997020363807678,True,True,True
controller,validation-001427-4ecc46346a69d9fe-steps-5,5,5,5,True,False,False,False,N,N,0.9996520280838013,True,True,True
controller,validation-001427-4ecc46346a69d9fe-steps-6,6,6,6,True,False,False,False,Z,Z,0.999553382396698,True,True,True
controller,validation-001427-4ecc46346a69d9fe-steps-7,7,7,7,True,False,False,False,B,B,0.9998421669006348,True,True,True
controller,validation-001427-4ecc46346a69d9fe-steps-8,8,8,8,True,False,False,False,N,N,0.9995394945144653,True,True,True
controller,validation-001427-4ecc46346a69d9fe-steps-9,9,8,8,False,True,False,False,N,Z,0.9999372959136963,True,False,False
controller,validation-001427-4ecc46346a69d9fe-steps-10,10,10,10,True,False,False,False,B,B,0.9998311996459961,True,True,True
controller,validation-001427-4ecc46346a69d9fe-steps-11,11,11,11,True,False,False,False,N,N,0.9330913424491882,True,True,True
controller,validation-001427-4ecc46346a69d9fe-steps-12,12,12,12,True,False,False,False,Z,Z,0.999809205532074,True,True,True
controller,validation-001427-4ecc46346a69d9fe-steps-13,13,13,13,True,False,False,False,B,B,0.9998772144317627,True,True,True
controller,validation-001427-4ecc46346a69d9fe-steps-14,14,12,12,False,True,False,False,Z,N,0.990304708480835,True,False,False
controller,validation-001427-4ecc46346a69d9fe-steps-15,15,11,11,False,True,False,False,N,Z,0.6104970574378967,True,False,False
controller,validation-001427-4ecc46346a69d9fe-steps-16,16,12,12,False,True,False,False,Z,B,0.9997596144676208,True,False,False
controller,validation-000251-4d2868d58614a55e-steps-1,1,1,1,True,False,False,False,W,W,0.9993211030960083,True,True,True
controller,validation-000251-4d2868d58614a55e-steps-2,2,2,2,True,False,False,False,B,B,0.99512779712677,True,True,True
controller,validation-000251-4d2868d58614a55e-steps-3,3,3,3,True,False,False,False,Z,Z,0.9988666772842407,True,True,True
controller,validation-000251-4d2868d58614a55e-steps-4,4,4,4,True,False,False,False,V,V,0.9995582699775696,True,True,True
controller,validation-000251-4d2868d58614a55e-steps-5,5,5,5,True,False,False,False,W,W,0.9994075298309326,True,True,True
controller,validation-000251-4d2868d58614a55e-steps-6,6,6,6,True,False,False,False,B,B,0.9994825124740601,True,True,True
controller,validation-000251-4d2868d58614a55e-steps-7,7,7,7,True,False,False,False,Z,Z,0.9997761845588684,True,True,True
controller,validation-000251-4d2868d58614a55e-steps-8,8,8,8,True,False,False,False,V,V,0.9996510744094849,True,True,True
controller,validation-000251-4d2868d58614a55e-steps-9,9,8,8,False,True,False,False,V,W,0.9999176263809204,True,False,False
controller,validation-000251-4d2868d58614a55e-steps-10,10,10,10,True,False,False,False,B,B,0.9993879795074463,True,True,True
controller,validation-000251-4d2868d58614a55e-steps-11,11,11,11,True,False,False,False,Z,Z,0.823377251625061,True,True,True
controller,validation-000251-4d2868d58614a55e-steps-12,12,12,12,True,False,False,False,V,V,0.9995346069335938,True,True,True
controller,validation-000251-4d2868d58614a55e-steps-13,13,13,13,True,False,False,False,W,W,0.9997150301933289,True,True,True
controller,validation-000251-4d2868d58614a55e-steps-14,14,12,12,False,True,False,False,V,B,0.9790040850639343,True,False,False
controller,validation-000251-4d2868d58614a55e-steps-15,15,12,12,False,True,False,False,V,Z,0.9998262524604797,True,False,False
controller,validation-000251-4d2868d58614a55e-steps-16,16,12,12,False,True,False,False,V,V,0.999432384967804,True,True,False
controller,validation-000299-a6cb6a71e814471a-steps-1,1,1,1,True,False,False,False,Y,Y,0.9987478256225586,True,True,True
controller,validation-000299-a6cb6a71e814471a-steps-2,2,2,2,True,False,False,False,L,L,0.968818187713623,True,True,True
controller,validation-000299-a6cb6a71e814471a-steps-3,3,3,3,True,False,False,False,T,T,0.9615567922592163,True,True,True
controller,validation-000299-a6cb6a71e814471a-steps-4,4,4,4,True,False,False,False,D,D,0.9777978658676147,True,True,True
controller,validation-000299-a6cb6a71e814471a-steps-5,5,5,5,True,False,False,False,E,E,0.9498874545097351,True,True,True
controller,validation-000299-a6cb6a71e814471a-steps-6,6,6,6,True,False,False,False,U,U,0.8042393326759338,True,True,True
controller,validation-000299-a6cb6a71e814471a-steps-7,7,7,7,True,False,False,False,S,S,0.9130701422691345,True,True,True
controller,validation-000299-a6cb6a71e814471a-steps-8,8,8,8,True,False,False,False,K,K,0.8745550513267517,True,True,True
controller,validation-000299-a6cb6a71e814471a-steps-9,9,8,8,False,True,False,False,K,N,0.9962867498397827,True,False,False
controller,validation-000299-a6cb6a71e814471a-steps-10,10,11,11,False,False,True,False,O,J,0.9998780488967896,True,False,False
controller,validation-000299-a6cb6a71e814471a-steps-11,11,12,12,False,False,True,False,Z,O,0.9937129616737366,True,False,False
controller,validation-000299-a6cb6a71e814471a-steps-12,12,12,12,True,False,False,False,Z,Z,0.7860638499259949,True,True,True
controller,validation-000299-a6cb6a71e814471a-steps-13,13,13,13,True,False,False,False,X,X,0.9450172185897827,True,True,True
controller,validation-000299-a6cb6a71e814471a-steps-14,14,13,13,False,True,False,False,X,Y,0.9992249011993408,True,False,False
controller,validation-000299-a6cb6a71e814471a-steps-15,15,12,12,False,True,False,False,Z,L,0.9712902903556824,True,False,False
controller,validation-000299-a6cb6a71e814471a-steps-16,16,12,12,False,True,False,False,Z,T,0.753938615322113,True,False,False
controller,validation-000959-a8d52e3ae31b6109-steps-1,1,1,1,True,False,False,False,S,S,0.9981631636619568,True,True,True
controller,validation-000959-a8d52e3ae31b6109-steps-2,2,2,2,True,False,False,False,V,V,0.964605987071991,True,True,True
controller,validation-000959-a8d52e3ae31b6109-steps-3,3,3,3,True,False,False,False,F,F,0.9912983775138855,True,True,True
controller,validation-000959-a8d52e3ae31b6109-steps-4,4,4,4,True,False,False,False,N,N,0.9945448637008667,True,True,True
controller,validation-000959-a8d52e3ae31b6109-steps-5,5,5,5,True,False,False,False,Q,Q,0.9962272644042969,True,True,True
controller,validation-000959-a8d52e3ae31b6109-steps-6,6,6,6,True,False,False,False,T,T,0.9957154393196106,True,True,True
controller,validation-000959-a8d52e3ae31b6109-steps-7,7,7,7,True,False,False,False,A,A,0.9994933605194092,True,True,True
controller,validation-000959-a8d52e3ae31b6109-steps-8,8,8,8,True,False,False,False,Z,Z,0.9992552399635315,True,True,True
controller,validation-000959-a8d52e3ae31b6109-steps-9,9,8,8,False,True,False,False,Z,L,0.9999104738235474,True,False,False
controller,validation-000959-a8d52e3ae31b6109-steps-10,10,10,10,True,False,False,False,O,O,0.9983439445495605,True,True,True
controller,validation-000959-a8d52e3ae31b6109-steps-11,11,11,11,True,False,False,False,D,D,0.6169991493225098,True,True,True
controller,validation-000959-a8d52e3ae31b6109-steps-12,12,12,12,True,False,False,False,E,E,0.999356210231781,True,True,True
controller,validation-000959-a8d52e3ae31b6109-steps-13,13,13,13,True,False,False,False,C,C,0.9997989535331726,True,True,True
controller,validation-000959-a8d52e3ae31b6109-steps-14,14,12,12,False,True,False,False,E,K,0.9765245914459229,True,False,False
controller,validation-000959-a8d52e3ae31b6109-steps-15,15,12,12,False,True,False,False,E,X,0.9998726844787598,True,False,False
controller,validation-000959-a8d52e3ae31b6109-steps-16,16,12,12,False,True,False,False,E,I,0.999396800994873,True,False,False
controller,validation-000887-704039b5f97f78a3-steps-1,1,1,1,True,False,False,False,B,B,0.9995057582855225,True,True,True
controller,validation-000887-704039b5f97f78a3-steps-2,2,2,2,True,False,False,False,S,S,0.9969797730445862,True,True,True
controller,validation-000887-704039b5f97f78a3-steps-3,3,3,3,True,False,False,False,G,G,0.9995754361152649,True,True,True
controller,validation-000887-704039b5f97f78a3-steps-4,4,4,4,True,False,False,False,F,F,0.9997817873954773,True,True,True
controller,validation-000887-704039b5f97f78a3-steps-5,5,5,5,True,False,False,False,U,U,0.9998749494552612,True,True,True
controller,validation-000887-704039b5f97f78a3-steps-6,6,6,6,True,False,False,False,W,W,0.9999048709869385,True,True,True
controller,validation-000887-704039b5f97f78a3-steps-7,7,6,6,False,True,False,False,W,A,0.5670751333236694,True,False,False
controller,validation-000887-704039b5f97f78a3-steps-8,8,7,7,False,True,False,False,A,K,0.5645744204521179,True,False,False
controller,validation-000887-704039b5f97f78a3-steps-9,9,7,7,False,True,False,False,A,D,0.9829620718955994,True,False,False
controller,validation-000887-704039b5f97f78a3-steps-10,10,9,9,False,True,False,False,D,H,0.9600095748901367,True,False,False
controller,validation-000887-704039b5f97f78a3-steps-11,11,11,11,True,False,False,False,X,X,0.9974963068962097,True,True,True
controller,validation-000887-704039b5f97f78a3-steps-12,12,11,11,False,True,False,False,X,J,0.8763027787208557,True,False,False
controller,validation-000887-704039b5f97f78a3-steps-13,13,12,12,False,True,False,False,J,O,0.9366859197616577,True,False,False
controller,validation-000887-704039b5f97f78a3-steps-14,14,12,12,False,True,False,False,J,L,0.9995018243789673,True,False,False
controller,validation-000887-704039b5f97f78a3-steps-15,15,11,11,False,True,False,False,X,B,0.9922789335250854,True,False,False
controller,validation-000887-704039b5f97f78a3-steps-16,16,11,11,False,True,False,False,X,S,0.9198279976844788,True,False,False
controller,validation-000743-edf85aff35719d37-steps-1,1,1,1,True,False,False,False,W,W,0.998900294303894,True,True,True
controller,validation-000743-edf85aff35719d37-steps-2,2,2,2,True,False,False,False,W,W,0.9725976586341858,True,True,True
controller,validation-000743-edf85aff35719d37-steps-3,3,3,3,True,False,False,False,W,W,0.9866276383399963,True,True,True
controller,validation-000743-edf85aff35719d37-steps-4,4,4,4,True,False,False,False,W,W,0.9914108514785767,True,True,True
controller,validation-000743-edf85aff35719d37-steps-5,5,5,5,True,False,False,False,W,W,0.9922050833702087,True,True,True
controller,validation-000743-edf85aff35719d37-steps-6,6,6,6,True,False,False,False,W,W,0.9893649816513062,True,True,True
controller,validation-000743-edf85aff35719d37-steps-7,7,7,7,True,False,False,False,W,W,0.9983342289924622,True,True,True
controller,validation-000743-edf85aff35719d37-steps-8,8,8,8,True,False,False,False,W,W,0.9937658309936523,True,True,True
controller,validation-000743-edf85aff35719d37-steps-9,9,8,8,False,True,False,False,W,W,0.9995126724243164,True,True,False
controller,validation-000743-edf85aff35719d37-steps-10,10,10,10,True,False,False,False,W,W,0.9652321934700012,True,True,True
controller,validation-000743-edf85aff35719d37-steps-11,11,12,12,False,False,True,False,W,W,0.9987226128578186,True,True,False
controller,validation-000743-edf85aff35719d37-steps-12,12,12,12,True,False,False,False,W,W,0.9723451137542725,True,True,True
controller,validation-000743-edf85aff35719d37-steps-13,13,13,13,True,False,False,False,W,W,0.9892305731773376,True,True,True
controller,validation-000743-edf85aff35719d37-steps-14,14,13,13,False,True,False,False,W,W,0.9995177984237671,True,True,False
controller,validation-000743-edf85aff35719d37-steps-15,15,12,12,False,True,False,False,W,W,0.9966572523117065,True,True,False
controller,validation-000743-edf85aff35719d37-steps-16,16,12,12,False,True,False,False,W,W,0.9687204957008362,True,True,False
controller,validation-000227-c91cc7b79cb069b7-steps-1,1,1,1,True,False,False,False,M,M,0.998805046081543,True,True,True
controller,validation-000227-c91cc7b79cb069b7-steps-2,2,2,2,True,False,False,False,P,P,0.9867843985557556,True,True,True
controller,validation-000227-c91cc7b79cb069b7-steps-3,3,3,3,True,False,False,False,E,E,0.9948899745941162,True,True,True
controller,validation-000227-c91cc7b79cb069b7-steps-4,4,4,4,True,False,False,False,W,W,0.9982099533081055,True,True,True
controller,validation-000227-c91cc7b79cb069b7-steps-5,5,5,5,True,False,False,False,T,T,0.9994633793830872,True,True,True
controller,validation-000227-c91cc7b79cb069b7-steps-6,6,6,6,True,False,False,False,A,A,0.9997826218605042,True,True,True
controller,validation-000227-c91cc7b79cb069b7-steps-7,7,7,7,True,False,False,False,S,S,0.9999028444290161,True,True,True
controller,validation-000227-c91cc7b79cb069b7-steps-8,8,8,8,True,False,False,False,J,J,0.9999285936355591,True,True,True
controller,validation-000227-c91cc7b79cb069b7-steps-9,9,7,7,False,True,False,False,S,Z,0.9443539977073669,True,False,False
controller,validation-000227-c91cc7b79cb069b7-steps-10,10,10,10,True,False,False,False,X,X,0.9998096823692322,True,True,True
controller,validation-000227-c91cc7b79cb069b7-steps-11,11,11,11,True,False,False,False,Q,Q,0.9812775254249573,True,True,True
controller,validation-000227-c91cc7b79cb069b7-steps-12,12,12,12,True,False,False,False,D,D,0.9998494386672974,True,True,True
controller,validation-000227-c91cc7b79cb069b7-steps-13,13,12,12,False,True,False,False,D,V,0.7459632158279419,True,False,False
controller,validation-000227-c91cc7b79cb069b7-steps-14,14,12,12,False,True,False,False,D,C,0.9979464411735535,True,False,False
controller,validation-000227-c91cc7b79cb069b7-steps-15,15,11,11,False,True,False,False,Q,H,0.9114426970481873,True,False,False
controller,validation-000227-c91cc7b79cb069b7-steps-16,16,12,12,False,True,False,False,D,O,0.9998427629470825,True,False,False
controller,validation-000047-a3e70e733eed44c8-steps-1,1,1,1,True,False,False,False,I,I,0.9988917708396912,True,True,True
controller,validation-000047-a3e70e733eed44c8-steps-2,2,2,2,True,False,False,False,R,R,0.9327645301818848,True,True,True
controller,validation-000047-a3e70e733eed44c8-steps-3,3,3,3,True,False,False,False,M,M,0.946130096912384,True,True,True
controller,validation-000047-a3e70e733eed44c8-steps-4,4,4,4,True,False,False,False,B,B,0.9693647027015686,True,True,True
controller,validation-000047-a3e70e733eed44c8-steps-5,5,5,5,True,False,False,False,H,H,0.981437087059021,True,True,True
controller,validation-000047-a3e70e733eed44c8-steps-6,6,6,6,True,False,False,False,T,T,0.9888309836387634,True,True,True
controller,validation-000047-a3e70e733eed44c8-steps-7,7,7,7,True,False,False,False,Z,Z,0.9988563060760498,True,True,True
controller,validation-000047-a3e70e733eed44c8-steps-8,8,8,8,True,False,False,False,W,W,0.9992386102676392,True,True,True
controller,validation-000047-a3e70e733eed44c8-steps-9,9,8,8,False,True,False,False,W,W,0.9998672008514404,True,True,False
controller,validation-000047-a3e70e733eed44c8-steps-10,10,10,10,True,False,False,False,W,W,0.9931140542030334,True,True,True
controller,validation-000047-a3e70e733eed44c8-steps-11,11,12,12,False,False,True,False,W,W,0.9995840191841125,True,True,False
controller,validation-000047-a3e70e733eed44c8-steps-12,12,12,12,True,False,False,False,W,W,0.9950394034385681,True,True,True
controller,validation-000047-a3e70e733eed44c8-steps-13,13,13,13,True,False,False,False,W,W,0.9976678490638733,True,True,True
controller,validation-000047-a3e70e733eed44c8-steps-14,14,12,12,False,True,False,False,W,W,0.6604388952255249,True,True,False
controller,validation-000047-a3e70e733eed44c8-steps-15,15,12,12,False,True,False,False,W,W,0.99922776222229,True,True,False
controller,validation-000047-a3e70e733eed44c8-steps-16,16,12,12,False,True,False,False,W,W,0.9969680905342102,True,True,False
controller,validation-001367-2fc6b45a91a9ded3-steps-1,1,1,1,True,False,False,False,B,B,0.9997710585594177,True,True,True
controller,validation-001367-2fc6b45a91a9ded3-steps-2,2,2,2,True,False,False,False,U,U,0.9981860518455505,True,True,True
controller,validation-001367-2fc6b45a91a9ded3-steps-3,3,3,3,True,False,False,False,P,P,0.9996737241744995,True,True,True
controller,validation-001367-2fc6b45a91a9ded3-steps-4,4,4,4,True,False,False,False,X,X,0.9997076392173767,True,True,True
controller,validation-001367-2fc6b45a91a9ded3-steps-5,5,5,5,True,False,False,False,W,W,0.9996230602264404,True,True,True
controller,validation-001367-2fc6b45a91a9ded3-steps-6,6,6,6,True,False,False,False,Y,Y,0.9990556836128235,True,True,True
controller,validation-001367-2fc6b45a91a9ded3-steps-7,7,7,7,True,False,False,False,F,F,0.9995983242988586,True,True,True
controller,validation-001367-2fc6b45a91a9ded3-steps-8,8,8,8,True,False,False,False,C,C,0.9993433356285095,True,True,True
controller,validation-001367-2fc6b45a91a9ded3-steps-9,9,8,8,False,True,False,False,C,Z,0.9998971223831177,True,False,False
controller,validation-001367-2fc6b45a91a9ded3-steps-10,10,10,10,True,False,False,False,H,H,0.9990707635879517,True,True,True
controller,validation-001367-2fc6b45a91a9ded3-steps-11,11,12,12,False,False,True,False,S,Q,0.9998594522476196,True,False,False
controller,validation-001367-2fc6b45a91a9ded3-steps-12,12,12,12,True,False,False,False,S,S,0.9981353282928467,True,True,True
controller,validation-001367-2fc6b45a91a9ded3-steps-13,13,13,13,True,False,False,False,D,D,0.9980884194374084,True,True,True
controller,validation-001367-2fc6b45a91a9ded3-steps-14,14,12,12,False,True,False,False,S,V,0.7627586722373962,True,False,False
controller,validation-001367-2fc6b45a91a9ded3-steps-15,15,12,12,False,True,False,False,S,G,0.999743640422821,True,False,False
controller,validation-001367-2fc6b45a91a9ded3-steps-16,16,12,12,False,True,False,False,S,E,0.997778594493866,True,False,False
controller,validation-001235-43bf7bd2507b6d2b-steps-1,1,1,1,True,False,False,False,O,O,0.998004138469696,True,True,True
controller,validation-001235-43bf7bd2507b6d2b-steps-2,2,2,2,True,False,False,False,U,U,0.945383608341217,True,True,True
controller,validation-001235-43bf7bd2507b6d2b-steps-3,3,3,3,True,False,False,False,R,R,0.9487711787223816,True,True,True
controller,validation-001235-43bf7bd2507b6d2b-steps-4,4,4,4,True,False,False,False,J,J,0.9818457365036011,True,True,True
controller,validation-001235-43bf7bd2507b6d2b-steps-5,5,5,5,True,False,False,False,S,S,0.9848388433456421,True,True,True
controller,validation-001235-43bf7bd2507b6d2b-steps-6,6,6,6,True,False,False,False,J,J,0.9871669411659241,True,True,True
controller,validation-001235-43bf7bd2507b6d2b-steps-7,7,7,7,True,False,False,False,S,S,0.9962485432624817,True,True,True
controller,validation-001235-43bf7bd2507b6d2b-steps-8,8,8,8,True,False,False,False,J,J,0.9960023760795593,True,True,True
controller,validation-001235-43bf7bd2507b6d2b-steps-9,9,8,8,False,True,False,False,J,S,0.9994588494300842,True,False,False
controller,validation-001235-43bf7bd2507b6d2b-steps-10,10,10,10,True,False,False,False,J,J,0.9802643060684204,True,True,True
controller,validation-001235-43bf7bd2507b6d2b-steps-11,11,12,12,False,False,True,False,J,S,0.9996336698532104,True,False,False
controller,validation-001235-43bf7bd2507b6d2b-steps-12,12,12,12,True,False,False,False,J,J,0.9931041598320007,True,True,True
controller,validation-001235-43bf7bd2507b6d2b-steps-13,13,13,13,True,False,False,False,S,S,0.9963930249214172,True,True,True
controller,validation-001235-43bf7bd2507b6d2b-steps-14,14,13,13,False,True,False,False,S,J,0.9998599290847778,True,False,False
controller,validation-001235-43bf7bd2507b6d2b-steps-15,15,12,12,False,True,False,False,J,S,0.9985376596450806,True,False,False
controller,validation-001235-43bf7bd2507b6d2b-steps-16,16,12,12,False,True,False,False,J,J,0.992932915687561,True,True,False
controller,validation-000119-1a235a674d16061e-steps-1,1,1,1,True,False,False,False,V,V,0.9996829032897949,True,True,True
controller,validation-000119-1a235a674d16061e-steps-2,2,2,2,True,False,False,False,Q,Q,0.9993096590042114,True,True,True
controller,validation-000119-1a235a674d16061e-steps-3,3,3,3,True,False,False,False,X,X,0.9998401403427124,True,True,True
controller,validation-000119-1a235a674d16061e-steps-4,4,4,4,True,False,False,False,F,F,0.999920129776001,True,True,True
controller,validation-000119-1a235a674d16061e-steps-5,5,5,5,True,False,False,False,A,A,0.999931812286377,True,True,True
controller,validation-000119-1a235a674d16061e-steps-6,6,6,6,True,False,False,False,X,X,0.9999139308929443,True,True,True
controller,validation-000119-1a235a674d16061e-steps-7,7,6,6,False,True,False,False,X,F,0.5489916205406189,True,False,False
controller,validation-000119-1a235a674d16061e-steps-8,8,8,8,True,False,False,False,A,A,0.9998868703842163,True,True,True
controller,validation-000119-1a235a674d16061e-steps-9,9,7,7,False,True,False,False,F,X,0.8727657198905945,True,False,False
controller,validation-000119-1a235a674d16061e-steps-10,10,10,10,True,False,False,False,F,F,0.9997217059135437,True,True,True
controller,validation-000119-1a235a674d16061e-steps-11,11,11,11,True,False,False,False,A,A,0.7965713143348694,True,True,True
controller,validation-000119-1a235a674d16061e-steps-12,12,12,12,True,False,False,False,X,X,0.9995256662368774,True,True,True
controller,validation-000119-1a235a674d16061e-steps-13,13,13,13,True,False,False,False,F,F,0.9996365308761597,True,True,True
controller,validation-000119-1a235a674d16061e-steps-14,14,12,12,False,True,False,False,X,A,0.9666782021522522,True,False,False
controller,validation-000119-1a235a674d16061e-steps-15,15,12,12,False,True,False,False,X,X,0.9998501539230347,True,True,False
controller,validation-000119-1a235a674d16061e-steps-16,16,12,12,False,True,False,False,X,F,0.9996230602264404,True,False,False
controller,validation-001295-1558180b10268705-steps-1,1,1,1,True,False,False,False,Q,Q,0.9994353652000427,True,True,True
controller,validation-001295-1558180b10268705-steps-2,2,2,2,True,False,False,False,W,W,0.9914320707321167,True,True,True
controller,validation-001295-1558180b10268705-steps-3,3,3,3,True,False,False,False,L,L,0.9951452612876892,True,True,True
controller,validation-001295-1558180b10268705-steps-4,4,4,4,True,False,False,False,D,D,0.9900688529014587,True,True,True
controller,validation-001295-1558180b10268705-steps-5,5,5,5,True,False,False,False,F,F,0.9711984395980835,True,True,True
controller,validation-001295-1558180b10268705-steps-6,6,6,6,True,False,False,False,X,X,0.9049111604690552,True,True,True
controller,validation-001295-1558180b10268705-steps-7,7,7,7,True,False,False,False,H,H,0.9745491147041321,True,True,True
controller,validation-001295-1558180b10268705-steps-8,8,8,8,True,False,False,False,S,S,0.7202938199043274,True,True,True
controller,validation-001295-1558180b10268705-steps-9,9,8,8,False,True,False,False,S,U,0.991740345954895,True,False,False
controller,validation-001295-1558180b10268705-steps-10,10,10,10,True,False,False,False,Z,Z,0.7664464712142944,True,True,True
controller,validation-001295-1558180b10268705-steps-11,11,12,12,False,False,True,False,N,G,0.9971228241920471,True,False,False
controller,validation-001295-1558180b10268705-steps-12,12,12,12,True,False,False,False,N,N,0.8810895681381226,True,True,True
controller,validation-001295-1558180b10268705-steps-13,13,13,13,True,False,False,False,V,V,0.9826855659484863,True,True,True
controller,validation-001295-1558180b10268705-steps-14,14,13,13,False,True,False,False,V,Q,0.9996212720870972,True,False,False
controller,validation-001295-1558180b10268705-steps-15,15,12,12,False,True,False,False,N,W,0.9909778833389282,True,False,False
controller,validation-001295-1558180b10268705-steps-16,16,12,12,False,True,False,False,N,L,0.7850642204284668,True,False,False
controller,validation-001151-1a4033de178df177-steps-1,1,1,1,True,False,False,False,S,S,0.9982753992080688,True,True,True
controller,validation-001151-1a4033de178df177-steps-2,2,2,2,True,False,False,False,M,M,0.9486028552055359,True,True,True
controller,validation-001151-1a4033de178df177-steps-3,3,3,3,True,False,False,False,A,A,0.9336813688278198,True,True,True
controller,validation-001151-1a4033de178df177-steps-4,4,4,4,True,False,False,False,N,N,0.8995733857154846,True,True,True
controller,validation-001151-1a4033de178df177-steps-5,5,5,5,True,False,False,False,L,L,0.9094153046607971,True,True,True
controller,validation-001151-1a4033de178df177-steps-6,6,6,6,True,False,False,False,F,F,0.8411417007446289,True,True,True
controller,validation-001151-1a4033de178df177-steps-7,7,7,7,True,False,False,False,C,C,0.9661797285079956,True,True,True
controller,validation-001151-1a4033de178df177-steps-8,8,8,8,True,False,False,False,U,U,0.9734189510345459,True,True,True
controller,validation-001151-1a4033de178df177-steps-9,9,8,8,False,True,False,False,U,M,0.998472273349762,True,False,False
controller,validation-001151-1a4033de178df177-steps-10,10,10,10,True,False,False,False,A,A,0.7660395503044128,True,True,True
controller,validation-001151-1a4033de178df177-steps-11,11,12,12,False,False,True,False,L,N,0.9979912042617798,True,False,False
controller,validation-001151-1a4033de178df177-steps-12,12,12,12,True,False,False,False,L,L,0.9442176222801208,True,True,True
controller,validation-001151-1a4033de178df177-steps-13,13,13,13,True,False,False,False,F,F,0.9854736328125,True,True,True
controller,validation-001151-1a4033de178df177-steps-14,14,13,13,False,True,False,False,F,C,0.9996745586395264,True,False,False
controller,validation-001151-1a4033de178df177-steps-15,15,12,12,False,True,False,False,L,U,0.9930900931358337,True,False,False
controller,validation-001151-1a4033de178df177-steps-16,16,12,12,False,True,False,False,L,M,0.9280717968940735,True,False,False
controller,validation-000191-9121ac97bf48885c-steps-1,1,1,1,True,False,False,False,T,T,0.9986531734466553,True,True,True
controller,validation-000191-9121ac97bf48885c-steps-2,2,2,2,True,False,False,False,H,H,0.9837189316749573,True,True,True
controller,validation-000191-9121ac97bf48885c-steps-3,3,3,3,True,False,False,False,X,X,0.9948704242706299,True,True,True
controller,validation-000191-9121ac97bf48885c-steps-4,4,4,4,True,False,False,False,B,B,0.999114453792572,True,True,True
controller,validation-000191-9121ac97bf48885c-steps-5,5,5,5,True,False,False,False,N,N,0.9991806149482727,True,True,True
controller,validation-000191-9121ac97bf48885c-steps-6,6,6,6,True,False,False,False,O,O,0.9993588328361511,True,True,True
controller,validation-000191-9121ac97bf48885c-steps-7,7,7,7,True,False,False,False,T,T,0.9997714161872864,True,True,True
controller,validation-000191-9121ac97bf48885c-steps-8,8,8,8,True,False,False,False,H,H,0.9996688365936279,True,True,True
controller,validation-000191-9121ac97bf48885c-steps-9,9,8,8,False,True,False,False,H,X,0.9999134540557861,True,False,False
controller,validation-000191-9121ac97bf48885c-steps-10,10,10,10,True,False,False,False,B,B,0.9997366070747375,True,True,True
controller,validation-000191-9121ac97bf48885c-steps-11,11,11,11,True,False,False,False,N,N,0.9804623126983643,True,True,True
controller,validation-000191-9121ac97bf48885c-steps-12,12,12,12,True,False,False,False,O,O,0.9998906850814819,True,True,True
controller,validation-000191-9121ac97bf48885c-steps-13,13,12,12,False,True,False,False,O,T,0.7814543843269348,True,False,False
controller,validation-000191-9121ac97bf48885c-steps-14,14,12,12,False,True,False,False,O,H,0.9982581734657288,True,False,False
controller,validation-000191-9121ac97bf48885c-steps-15,15,11,11,False,True,False,False,N,X,0.8686375021934509,True,False,False
controller,validation-000191-9121ac97bf48885c-steps-16,16,12,12,False,True,False,False,O,B,0.9998819828033447,True,False,False
controller,validation-000419-6b241c92a4a02f79-steps-1,1,1,1,True,False,False,False,S,S,0.9995760321617126,True,True,True
controller,validation-000419-6b241c92a4a02f79-steps-2,2,2,2,True,False,False,False,O,O,0.9970884919166565,True,True,True
controller,validation-000419-6b241c92a4a02f79-steps-3,3,3,3,True,False,False,False,V,V,0.9993911981582642,True,True,True
controller,validation-000419-6b241c92a4a02f79-steps-4,4,4,4,True,False,False,False,G,G,0.9996527433395386,True,True,True
controller,validation-000419-6b241c92a4a02f79-steps-5,5,5,5,True,False,False,False,D,D,0.9997308850288391,True,True,True
controller,validation-000419-6b241c92a4a02f79-steps-6,6,6,6,True,False,False,False,Q,Q,0.9997510313987732,True,True,True
controller,validation-000419-6b241c92a4a02f79-steps-7,7,7,7,True,False,False,False,N,N,0.9998891353607178,True,True,True
controller,validation-000419-6b241c92a4a02f79-steps-8,8,8,8,True,False,False,False,J,J,0.9997521042823792,True,True,True
controller,validation-000419-6b241c92a4a02f79-steps-9,9,7,7,False,True,False,False,N,P,0.6040299534797668,True,False,False
controller,validation-000419-6b241c92a4a02f79-steps-10,10,10,10,True,False,False,False,I,I,0.9995057582855225,True,True,True
controller,validation-000419-6b241c92a4a02f79-steps-11,11,11,11,True,False,False,False,U,U,0.8433475494384766,True,True,True
controller,validation-000419-6b241c92a4a02f79-steps-12,12,12,12,True,False,False,False,K,K,0.9997064471244812,True,True,True
controller,validation-000419-6b241c92a4a02f79-steps-13,13,13,13,True,False,False,False,M,M,0.9998641014099121,True,True,True
controller,validation-000419-6b241c92a4a02f79-steps-14,14,12,12,False,True,False,False,K,X,0.9899774789810181,True,False,False
controller,validation-000419-6b241c92a4a02f79-steps-15,15,11,11,False,True,False,False,U,A,0.5693586468696594,True,False,False
controller,validation-000419-6b241c92a4a02f79-steps-16,16,12,12,False,True,False,False,K,T,0.9996767044067383,True,False,False
controller,validation-000179-92596fae71366ccd-steps-1,1,1,1,True,False,False,False,R,R,0.9989620447158813,True,True,True
controller,validation-000179-92596fae71366ccd-steps-2,2,2,2,True,False,False,False,S,S,0.981990396976471,True,True,True
controller,validation-000179-92596fae71366ccd-steps-3,3,3,3,True,False,False,False,C,C,0.9944151639938354,True,True,True
controller,validation-000179-92596fae71366ccd-steps-4,4,4,4,True,False,False,False,D,D,0.9969106316566467,True,True,True
controller,validation-000179-92596fae71366ccd-steps-5,5,5,5,True,False,False,False,X,X,0.996738851070404,True,True,True
controller,validation-000179-92596fae71366ccd-steps-6,6,6,6,True,False,False,False,H,H,0.9978887438774109,True,True,True
controller,validation-000179-92596fae71366ccd-steps-7,7,7,7,True,False,False,False,J,J,0.9991349577903748,True,True,True
controller,validation-000179-92596fae71366ccd-steps-8,8,8,8,True,False,False,False,F,F,0.9990450739860535,True,True,True
controller,validation-000179-92596fae71366ccd-steps-9,9,8,8,False,True,False,False,F,Y,0.9998062252998352,True,False,False
controller,validation-000179-92596fae71366ccd-steps-10,10,10,10,True,False,False,False,U,U,0.9790168404579163,True,True,True
controller,validation-000179-92596fae71366ccd-steps-11,11,12,12,False,False,True,False,W,I,0.9997871518135071,True,False,False
controller,validation-000179-92596fae71366ccd-steps-12,12,12,12,True,False,False,False,W,W,0.9973570704460144,True,True,True
controller,validation-000179-92596fae71366ccd-steps-13,13,13,13,True,False,False,False,H,B,0.9992689490318298,False,False,False
controller,validation-000179-92596fae71366ccd-steps-14,14,12,12,False,True,False,False,W,E,0.7956288456916809,False,False,False
controller,validation-000179-92596fae71366ccd-steps-15,15,12,12,False,True,False,False,W,A,0.9996402263641357,False,False,False
controller,validation-000179-92596fae71366ccd-steps-16,16,12,12,False,True,False,False,W,M,0.9968501925468445,False,False,False
controller,validation-001043-5a45d7d3eeb848ef-steps-1,1,1,1,True,False,False,False,Y,Y,0.9990345239639282,True,True,True
controller,validation-001043-5a45d7d3eeb848ef-steps-2,2,2,2,True,False,False,False,W,W,0.9898688793182373,True,True,True
controller,validation-001043-5a45d7d3eeb848ef-steps-3,3,3,3,True,False,False,False,V,V,0.9985044002532959,True,True,True
controller,validation-001043-5a45d7d3eeb848ef-steps-4,4,4,4,True,False,False,False,F,F,0.9996141195297241,True,True,True
controller,validation-001043-5a45d7d3eeb848ef-steps-5,5,5,5,True,False,False,False,D,D,0.9997751116752625,True,True,True
controller,validation-001043-5a45d7d3eeb848ef-steps-6,6,6,6,True,False,False,False,P,P,0.9998688697814941,True,True,True
controller,validation-001043-5a45d7d3eeb848ef-steps-7,7,6,6,False,True,False,False,P,B,0.5181064009666443,True,False,False
controller,validation-001043-5a45d7d3eeb848ef-steps-8,8,7,7,False,True,False,False,B,Y,0.5256566405296326,True,False,False
controller,validation-001043-5a45d7d3eeb848ef-steps-9,9,7,7,False,True,False,False,B,W,0.9521173238754272,True,False,False
controller,validation-001043-5a45d7d3eeb848ef-steps-10,10,10,10,True,False,False,False,V,V,0.9998478889465332,True,True,True
controller,validation-001043-5a45d7d3eeb848ef-steps-11,11,11,11,True,False,False,False,F,F,0.9829369187355042,True,True,True
controller,validation-001043-5a45d7d3eeb848ef-steps-12,12,11,11,False,True,False,False,F,D,0.702998697757721,True,False,False
controller,validation-001043-5a45d7d3eeb848ef-steps-13,13,12,12,False,True,False,False,D,P,0.7607817649841309,True,False,False
controller,validation-001043-5a45d7d3eeb848ef-steps-14,14,12,12,False,True,False,False,D,B,0.9977454543113708,True,False,False
controller,validation-001043-5a45d7d3eeb848ef-steps-15,15,11,11,False,True,False,False,F,Y,0.968356192111969,True,False,False
controller,validation-001043-5a45d7d3eeb848ef-steps-16,16,11,11,False,True,False,False,F,W,0.642926812171936,True,False,False
controller,validation-000215-53d18d4c23c7031e-steps-1,1,1,1,True,False,False,False,G,G,0.9994423985481262,True,True,True
controller,validation-000215-53d18d4c23c7031e-steps-2,2,2,2,True,False,False,False,M,M,0.9956855773925781,True,True,True
controller,validation-000215-53d18d4c23c7031e-steps-3,3,3,3,True,False,False,False,S,S,0.9990836381912231,True,True,True
controller,validation-000215-53d18d4c23c7031e-steps-4,4,4,4,True,False,False,False,P,P,0.9991164803504944,True,True,True
controller,validation-000215-53d18d4c23c7031e-steps-5,5,5,5,True,False,False,False,N,N,0.9978804588317871,True,True,True
controller,validation-000215-53d18d4c23c7031e-steps-6,6,6,6,True,False,False,False,Q,Q,0.9951034784317017,True,True,True
controller,validation-000215-53d18d4c23c7031e-steps-7,7,7,7,True,False,False,False,L,L,0.9991720914840698,True,True,True
controller,validation-000215-53d18d4c23c7031e-steps-8,8,8,8,True,False,False,False,V,V,0.9952616691589355,True,True,True
controller,validation-000215-53d18d4c23c7031e-steps-9,9,8,8,False,True,False,False,V,O,0.9997443556785583,True,False,False
controller,validation-000215-53d18d4c23c7031e-steps-10,10,10,10,True,False,False,False,J,J,0.9980442523956299,True,True,True
controller,validation-000215-53d18d4c23c7031e-steps-11,11,12,12,False,False,True,False,D,A,0.999751627445221,True,False,False
controller,validation-000215-53d18d4c23c7031e-steps-12,12,12,12,True,False,False,False,D,D,0.9969934225082397,True,True,True
controller,validation-000215-53d18d4c23c7031e-steps-13,13,13,13,True,False,False,False,F,F,0.9989938139915466,True,True,True
controller,validation-000215-53d18d4c23c7031e-steps-14,14,12,12,False,True,False,False,D,C,0.7155589461326599,True,False,False
controller,validation-000215-53d18d4c23c7031e-steps-15,15,12,12,False,True,False,False,D,U,0.999626874923706,True,False,False
controller,validation-000215-53d18d4c23c7031e-steps-16,16,12,12,False,True,False,False,D,B,0.9967605471611023,True,False,False
controller,validation-000659-1fa30f16753baa83-steps-1,1,1,1,True,False,False,False,S,S,0.9992695450782776,True,True,True
controller,validation-000659-1fa30f16753baa83-steps-2,2,2,2,True,False,False,False,R,R,0.9944002032279968,True,True,True
controller,validation-000659-1fa30f16753baa83-steps-3,3,3,3,True,False,False,False,A,A,0.9990524649620056,True,True,True
controller,validation-000659-1fa30f16753baa83-steps-4,4,4,4,True,False,False,False,O,O,0.9994032382965088,True,True,True
controller,validation-000659-1fa30f16753baa83-steps-5,5,5,5,True,False,False,False,M,M,0.9995255470275879,True,True,True
controller,validation-000659-1fa30f16753baa83-steps-6,6,6,6,True,False,False,False,E,E,0.9994229078292847,True,True,True
controller,validation-000659-1fa30f16753baa83-steps-7,7,7,7,True,False,False,False,F,F,0.9997962117195129,True,True,True
controller,validation-000659-1fa30f16753baa83-steps-8,8,8,8,True,False,False,False,J,J,0.9993605017662048,True,True,True
controller,validation-000659-1fa30f16753baa83-steps-9,9,8,8,False,True,False,False,J,Q,0.9999159574508667,True,False,False
controller,validation-000659-1fa30f16753baa83-steps-10,10,10,10,True,False,False,False,L,L,0.9990289211273193,True,True,True
controller,validation-000659-1fa30f16753baa83-steps-11,11,11,11,True,False,False,False,Y,Y,0.6135441064834595,True,True,True
controller,validation-000659-1fa30f16753baa83-steps-12,12,12,12,True,False,False,False,W,W,0.999220609664917,True,True,True
controller,validation-000659-1fa30f16753baa83-steps-13,13,13,13,True,False,False,False,U,U,0.9995744824409485,True,True,True
controller,validation-000659-1fa30f16753baa83-steps-14,14,12,12,False,True,False,False,W,T,0.9400479197502136,True,False,False
controller,validation-000659-1fa30f16753baa83-steps-15,15,12,12,False,True,False,False,W,B,0.9997846484184265,True,False,False
controller,validation-000659-1fa30f16753baa83-steps-16,16,12,12,False,True,False,False,W,I,0.9986226558685303,True,False,False
controller,validation-001415-665d4f354367d421-steps-1,1,1,1,True,False,False,False,C,C,0.9986017346382141,True,True,True
controller,validation-001415-665d4f354367d421-steps-2,2,2,2,True,False,False,False,Y,Y,0.9476897120475769,True,True,True
controller,validation-001415-665d4f354367d421-steps-3,3,3,3,True,False,False,False,S,S,0.9337407946586609,True,True,True
controller,validation-001415-665d4f354367d421-steps-4,4,4,4,True,False,False,False,X,X,0.8858376741409302,True,True,True
controller,validation-001415-665d4f354367d421-steps-5,5,5,5,True,False,False,False,K,K,0.9102414846420288,True,True,True
controller,validation-001415-665d4f354367d421-steps-6,6,6,6,True,False,False,False,L,L,0.7877932190895081,True,True,True
controller,validation-001415-665d4f354367d421-steps-7,7,7,7,True,False,False,False,O,O,0.9753788113594055,True,True,True
controller,validation-001415-665d4f354367d421-steps-8,8,8,8,True,False,False,False,J,J,0.9833953380584717,True,True,True
controller,validation-001415-665d4f354367d421-steps-9,9,8,8,False,True,False,False,J,P,0.9985910058021545,True,False,False
controller,validation-001415-665d4f354367d421-steps-10,10,10,10,True,False,False,False,I,I,0.9053462743759155,True,True,True
controller,validation-001415-665d4f354367d421-steps-11,11,12,12,False,False,True,False,R,M,0.999421238899231,True,False,False
controller,validation-001415-665d4f354367d421-steps-12,12,12,12,True,False,False,False,R,R,0.9889569878578186,True,True,True
controller,validation-001415-665d4f354367d421-steps-13,13,13,13,True,False,False,False,A,A,0.9969385862350464,True,True,True
controller,validation-001415-665d4f354367d421-steps-14,14,13,13,False,True,False,False,A,Q,0.9998639822006226,True,False,False
controller,validation-001415-665d4f354367d421-steps-15,15,12,12,False,True,False,False,R,H,0.9983530044555664,True,False,False
controller,validation-001415-665d4f354367d421-steps-16,16,12,12,False,True,False,False,R,T,0.9868661761283875,True,False,False
controller,validation-000371-78d890c948b32a0c-steps-1,1,1,1,True,False,False,False,J,J,0.9993742108345032,True,True,True
controller,validation-000371-78d890c948b32a0c-steps-2,2,2,2,True,False,False,False,B,B,0.9900100827217102,True,True,True
controller,validation-000371-78d890c948b32a0c-steps-3,3,3,3,True,False,False,False,O,O,0.9939524531364441,True,True,True
controller,validation-000371-78d890c948b32a0c-steps-4,4,4,4,True,False,False,False,U,U,0.9848330616950989,True,True,True
controller,validation-000371-78d890c948b32a0c-steps-5,5,5,5,True,False,False,False,Q,Q,0.9036300182342529,True,True,True
controller,validation-000371-78d890c948b32a0c-steps-6,6,6,6,True,False,False,False,H,H,0.5950166583061218,True,True,True
controller,validation-000371-78d890c948b32a0c-steps-7,7,7,7,True,False,False,False,V,V,0.6584309935569763,True,True,True
controller,validation-000371-78d890c948b32a0c-steps-8,8,8,8,True,False,False,False,G,G,0.5232387185096741,True,True,True
controller,validation-000371-78d890c948b32a0c-steps-9,9,8,8,False,True,False,False,G,T,0.9805595874786377,True,False,False
controller,validation-000371-78d890c948b32a0c-steps-10,10,10,10,True,False,False,False,K,K,0.6483839750289917,True,True,True
controller,validation-000371-78d890c948b32a0c-steps-11,11,12,12,False,False,True,False,E,L,0.9974811673164368,True,False,False
controller,validation-000371-78d890c948b32a0c-steps-12,12,12,12,True,False,False,False,E,E,0.932887852191925,True,True,True
controller,validation-000371-78d890c948b32a0c-steps-13,13,13,13,True,False,False,False,I,I,0.9786897301673889,True,True,True
controller,validation-000371-78d890c948b32a0c-steps-14,14,13,13,False,True,False,False,I,D,0.9993353486061096,True,False,False
controller,validation-000371-78d890c948b32a0c-steps-15,15,12,12,False,True,False,False,E,A,0.9883688688278198,True,False,False
controller,validation-000371-78d890c948b32a0c-steps-16,16,12,12,False,True,False,False,E,F,0.9314405918121338,True,False,False
controller,validation-000023-2abfe560bdf28a3c-steps-1,1,1,1,True,False,False,False,C,C,0.9994663596153259,True,True,True
controller,validation-000023-2abfe560bdf28a3c-steps-2,2,2,2,True,False,False,False,W,W,0.995244562625885,True,True,True
controller,validation-000023-2abfe560bdf28a3c-steps-3,3,3,3,True,False,False,False,R,R,0.9984328150749207,True,True,True
controller,validation-000023-2abfe560bdf28a3c-steps-4,4,4,4,True,False,False,False,N,N,0.998225748538971,True,True,True
controller,validation-000023-2abfe560bdf28a3c-steps-5,5,5,5,True,False,False,False,J,J,0.9974242448806763,True,True,True
controller,validation-000023-2abfe560bdf28a3c-steps-6,6,6,6,True,False,False,False,H,H,0.9953396320343018,True,True,True
controller,validation-000023-2abfe560bdf28a3c-steps-7,7,7,7,True,False,False,False,Q,Q,0.9985460042953491,True,True,True
controller,validation-000023-2abfe560bdf28a3c-steps-8,8,8,8,True,False,False,False,T,T,0.9913631677627563,True,True,True
controller,validation-000023-2abfe560bdf28a3c-steps-9,9,8,8,False,True,False,False,T,P,0.9995009899139404,True,False,False
controller,validation-000023-2abfe560bdf28a3c-steps-10,10,10,10,True,False,False,False,X,X,0.99289470911026,True,True,True
controller,validation-000023-2abfe560bdf28a3c-steps-11,11,12,12,False,False,True,False,O,D,0.9997938275337219,True,False,False
controller,validation-000023-2abfe560bdf28a3c-steps-12,12,12,12,True,False,False,False,O,O,0.997403085231781,True,True,True
controller,validation-000023-2abfe560bdf28a3c-steps-13,13,13,13,True,False,False,False,M,M,0.9987584352493286,True,True,True
controller,validation-000023-2abfe560bdf28a3c-steps-14,14,12,12,False,True,False,False,O,U,0.7389992475509644,True,False,False
controller,validation-000023-2abfe560bdf28a3c-steps-15,15,12,12,False,True,False,False,O,A,0.9995385408401489,True,False,False
controller,validation-000023-2abfe560bdf28a3c-steps-16,16,12,12,False,True,False,False,O,F,0.99539715051651,True,False,False
controller,validation-000167-ef04a8a383c2c7cd-steps-1,1,1,1,True,False,False,False,W,W,0.9997187256813049,True,True,True
controller,validation-000167-ef04a8a383c2c7cd-steps-2,2,2,2,True,False,False,False,N,N,0.9987177848815918,True,True,True
controller,validation-000167-ef04a8a383c2c7cd-steps-3,3,3,3,True,False,False,False,R,R,0.9998233914375305,True,True,True
controller,validation-000167-ef04a8a383c2c7cd-steps-4,4,4,4,True,False,False,False,T,T,0.9998887777328491,True,True,True
controller,validation-000167-ef04a8a383c2c7cd-steps-5,5,5,5,True,False,False,False,Y,Y,0.9998970031738281,True,True,True
controller,validation-000167-ef04a8a383c2c7cd-steps-6,6,6,6,True,False,False,False,L,L,0.9998294115066528,True,True,True
controller,validation-000167-ef04a8a383c2c7cd-steps-7,7,7,7,True,False,False,False,U,U,0.9998811483383179,True,True,True
controller,validation-000167-ef04a8a383c2c7cd-steps-8,8,8,8,True,False,False,False,S,S,0.9998780488967896,True,True,True
controller,validation-000167-ef04a8a383c2c7cd-steps-9,9,7,7,False,True,False,False,U,G,0.7354722619056702,True,False,False
controller,validation-000167-ef04a8a383c2c7cd-steps-10,10,10,10,True,False,False,False,Z,Z,0.9997534155845642,True,True,True
controller,validation-000167-ef04a8a383c2c7cd-steps-11,11,11,11,True,False,False,False,C,C,0.9420488476753235,True,True,True
controller,validation-000167-ef04a8a383c2c7cd-steps-12,12,12,12,True,False,False,False,X,X,0.9997735619544983,True,True,True
controller,validation-000167-ef04a8a383c2c7cd-steps-13,13,12,12,False,True,False,False,X,M,0.5869061946868896,True,False,False
controller,validation-000167-ef04a8a383c2c7cd-steps-14,14,12,12,False,True,False,False,X,F,0.9934725761413574,True,False,False
controller,validation-000167-ef04a8a383c2c7cd-steps-15,15,11,11,False,True,False,False,C,J,0.7115909457206726,True,False,False
controller,validation-000167-ef04a8a383c2c7cd-steps-16,16,12,12,False,True,False,False,X,K,0.999772846698761,True,False,False
controller,validation-000827-f2013414cdd97363-steps-1,1,1,1,True,False,False,False,N,N,0.9991318583488464,True,True,True
controller,validation-000827-f2013414cdd97363-steps-2,2,2,2,True,False,False,False,O,O,0.9962565898895264,True,True,True
controller,validation-000827-f2013414cdd97363-steps-3,3,3,3,True,False,False,False,N,N,0.9992585778236389,True,True,True
controller,validation-000827-f2013414cdd97363-steps-4,4,4,4,True,False,False,False,O,O,0.9997863173484802,True,True,True
controller,validation-000827-f2013414cdd97363-steps-5,5,5,5,True,False,False,False,N,N,0.9997662901878357,True,True,True
controller,validation-000827-f2013414cdd97363-steps-6,6,6,6,True,False,False,False,O,O,0.9998608827590942,True,True,True
controller,validation-000827-f2013414cdd97363-steps-7,7,7,7,True,False,False,False,N,N,0.9999244213104248,True,True,True
controller,validation-000827-f2013414cdd97363-steps-8,8,8,8,True,False,False,False,O,O,0.9999408721923828,True,True,True
controller,validation-000827-f2013414cdd97363-steps-9,9,7,7,False,True,False,False,N,N,0.8956150412559509,True,True,False
controller,validation-000827-f2013414cdd97363-steps-10,10,10,10,True,False,False,False,O,O,0.9996805191040039,True,True,True
controller,validation-000827-f2013414cdd97363-steps-11,11,11,11,True,False,False,False,N,N,0.9651906490325928,True,True,True
controller,validation-000827-f2013414cdd97363-steps-12,12,12,12,True,False,False,False,O,O,0.9998760223388672,True,True,True
controller,validation-000827-f2013414cdd97363-steps-13,13,12,12,False,True,False,False,O,N,0.714232861995697,True,False,False
controller,validation-000827-f2013414cdd97363-steps-14,14,12,12,False,True,False,False,O,O,0.9979978203773499,True,True,False
controller,validation-000827-f2013414cdd97363-steps-15,15,11,11,False,True,False,False,N,N,0.816258430480957,True,True,False
controller,validation-000827-f2013414cdd97363-steps-16,16,12,12,False,True,False,False,O,O,0.9998840093612671,True,True,False
controller,validation-000455-2b2632918e2ab0a2-steps-1,1,1,1,True,False,False,False,E,E,0.998621940612793,True,True,True
controller,validation-000455-2b2632918e2ab0a2-steps-2,2,2,2,True,False,False,False,T,T,0.9749671816825867,True,True,True
controller,validation-000455-2b2632918e2ab0a2-steps-3,3,3,3,True,False,False,False,O,O,0.9818345904350281,True,True,True
controller,validation-000455-2b2632918e2ab0a2-steps-4,4,4,4,True,False,False,False,H,H,0.986565887928009,True,True,True
controller,validation-000455-2b2632918e2ab0a2-steps-5,5,5,5,True,False,False,False,E,E,0.983068585395813,True,True,True
controller,validation-000455-2b2632918e2ab0a2-steps-6,6,6,6,True,False,False,False,T,T,0.9336158037185669,True,True,True
controller,validation-000455-2b2632918e2ab0a2-steps-7,7,7,7,True,False,False,False,O,O,0.9847303032875061,True,True,True
controller,validation-000455-2b2632918e2ab0a2-steps-8,8,8,8,True,False,False,False,H,H,0.9659937024116516,True,True,True
controller,validation-000455-2b2632918e2ab0a2-steps-9,9,8,8,False,True,False,False,H,E,0.9983053207397461,True,False,False
controller,validation-000455-2b2632918e2ab0a2-steps-10,10,10,10,True,False,False,False,T,T,0.961966335773468,True,True,True
controller,validation-000455-2b2632918e2ab0a2-steps-11,11,12,12,False,False,True,False,H,O,0.9993337988853455,True,False,False
controller,validation-000455-2b2632918e2ab0a2-steps-12,12,12,12,True,False,False,False,H,H,0.9897271990776062,True,True,True
controller,validation-000455-2b2632918e2ab0a2-steps-13,13,13,13,True,False,False,False,E,E,0.9958303570747375,True,True,True
controller,validation-000455-2b2632918e2ab0a2-steps-14,14,13,13,False,True,False,False,E,T,0.9997795224189758,True,False,False
controller,validation-000455-2b2632918e2ab0a2-steps-15,15,12,12,False,True,False,False,H,O,0.9976298809051514,True,False,False
controller,validation-000455-2b2632918e2ab0a2-steps-16,16,12,12,False,True,False,False,H,H,0.9788110256195068,True,True,False
controller,validation-001247-444ddb6218ddf1ab-steps-1,1,1,1,True,False,False,False,O,O,0.9972979426383972,True,True,True
controller,validation-001247-444ddb6218ddf1ab-steps-2,2,2,2,True,False,False,False,L,L,0.8099916577339172,True,True,True
controller,validation-001247-444ddb6218ddf1ab-steps-3,3,3,3,True,False,False,False,R,R,0.582783579826355,True,True,True
controller,validation-001247-444ddb6218ddf1ab-steps-4,4,4,4,True,False,False,False,E,E,0.659393310546875,True,True,True
controller,validation-001247-444ddb6218ddf1ab-steps-5,5,5,5,True,False,False,False,C,C,0.5892378687858582,True,True,True
controller,validation-001247-444ddb6218ddf1ab-steps-6,6,7,7,False,False,True,False,Y,F,0.9999443292617798,True,False,False
controller,validation-001247-444ddb6218ddf1ab-steps-7,7,7,7,True,False,False,False,Y,Y,0.7459402084350586,True,True,True
controller,validation-001247-444ddb6218ddf1ab-steps-8,8,8,8,True,False,False,False,J,J,0.7560155391693115,True,True,True
controller,validation-001247-444ddb6218ddf1ab-steps-9,9,8,8,False,True,False,False,J,T,0.9884385466575623,True,False,False
controller,validation-001247-444ddb6218ddf1ab-steps-10,10,11,11,False,False,True,False,K,W,0.9998760223388672,True,False,False
controller,validation-001247-444ddb6218ddf1ab-steps-11,11,12,12,False,False,True,False,X,K,0.9948127269744873,True,False,False
controller,validation-001247-444ddb6218ddf1ab-steps-12,12,12,12,True,False,False,False,X,X,0.9016464948654175,True,True,True
controller,validation-001247-444ddb6218ddf1ab-steps-13,13,13,13,True,False,False,False,D,D,0.9743126630783081,True,True,True
controller,validation-001247-444ddb6218ddf1ab-steps-14,14,13,13,False,True,False,False,D,B,0.9993958473205566,True,False,False
controller,validation-001247-444ddb6218ddf1ab-steps-15,15,12,12,False,True,False,False,X,H,0.986108124256134,True,False,False
controller,validation-001247-444ddb6218ddf1ab-steps-16,16,12,12,False,True,False,False,X,A,0.8670523762702942,True,False,False
controller,validation-001391-56eee894f7650d8e-steps-1,1,1,1,True,False,False,False,N,N,0.9992727637290955,True,True,True
controller,validation-001391-56eee894f7650d8e-steps-2,2,2,2,True,False,False,False,T,T,0.9936147928237915,True,True,True
controller,validation-001391-56eee894f7650d8e-steps-3,3,3,3,True,False,False,False,C,C,0.998684823513031,True,True,True
controller,validation-001391-56eee894f7650d8e-steps-4,4,4,4,True,False,False,False,L,L,0.9989627599716187,True,True,True
controller,validation-001391-56eee894f7650d8e-steps-5,5,5,5,True,False,False,False,C,C,0.9989326596260071,True,True,True
controller,validation-001391-56eee894f7650d8e-steps-6,6,6,6,True,False,False,False,L,L,0.9985873699188232,True,True,True
controller,validation-001391-56eee894f7650d8e-steps-7,7,7,7,True,False,False,False,C,C,0.9996693134307861,True,True,True
controller,validation-001391-56eee894f7650d8e-steps-8,8,8,8,True,False,False,False,L,L,0.9993558526039124,True,True,True
controller,validation-001391-56eee894f7650d8e-steps-9,9,8,8,False,True,False,False,L,C,0.9999064207077026,True,False,False
controller,validation-001391-56eee894f7650d8e-steps-10,10,10,10,True,False,False,False,L,L,0.9995369911193848,True,True,True
controller,validation-001391-56eee894f7650d8e-steps-11,11,11,11,True,False,False,False,C,C,0.9132888317108154,True,True,True
controller,validation-001391-56eee894f7650d8e-steps-12,12,12,12,True,False,False,False,L,L,0.9997294545173645,True,True,True
controller,validation-001391-56eee894f7650d8e-steps-13,13,12,12,False,True,False,False,L,C,0.5397637486457825,True,False,False
controller,validation-001391-56eee894f7650d8e-steps-14,14,12,12,False,True,False,False,L,L,0.990211009979248,True,True,False
controller,validation-001391-56eee894f7650d8e-steps-15,15,11,11,False,True,False,False,C,C,0.6608449816703796,True,True,False
controller,validation-001391-56eee894f7650d8e-steps-16,16,12,12,False,True,False,False,L,L,0.9997450709342957,True,True,False
controller,validation-001271-34d7356fcaaddacd-steps-1,1,1,1,True,False,False,False,T,T,0.9994916915893555,True,True,True
controller,validation-001271-34d7356fcaaddacd-steps-2,2,2,2,True,False,False,False,K,K,0.9983794689178467,True,True,True
controller,validation-001271-34d7356fcaaddacd-steps-3,3,3,3,True,False,False,False,O,O,0.9998133778572083,True,True,True
controller,validation-001271-34d7356fcaaddacd-steps-4,4,4,4,True,False,False,False,C,C,0.999929666519165,True,True,True
controller,validation-001271-34d7356fcaaddacd-steps-5,5,5,5,True,False,False,False,P,P,0.9999511241912842,True,True,True
controller,validation-001271-34d7356fcaaddacd-steps-6,6,6,6,True,False,False,False,W,W,0.9999595880508423,True,True,True
controller,validation-001271-34d7356fcaaddacd-steps-7,7,6,6,False,True,False,False,W,F,0.9426984786987305,True,False,False
controller,validation-001271-34d7356fcaaddacd-steps-8,8,7,7,False,True,False,False,F,M,0.9608641266822815,True,False,False
controller,validation-001271-34d7356fcaaddacd-steps-9,9,7,7,False,True,False,False,F,Q,0.9977586269378662,True,False,False
controller,validation-001271-34d7356fcaaddacd-steps-10,10,9,9,False,True,False,False,Q,V,0.9610758423805237,True,False,False
controller,validation-001271-34d7356fcaaddacd-steps-11,11,11,11,True,False,False,False,A,A,0.998664140701294,True,True,True
controller,validation-001271-34d7356fcaaddacd-steps-12,12,11,11,False,True,False,False,A,U,0.9386978149414062,True,False,False
controller,validation-001271-34d7356fcaaddacd-steps-13,13,12,12,False,True,False,False,U,E,0.9318332672119141,True,False,False
controller,validation-001271-34d7356fcaaddacd-steps-14,14,12,12,False,True,False,False,U,H,0.9994262456893921,True,False,False
controller,validation-001271-34d7356fcaaddacd-steps-15,15,11,11,False,True,False,False,A,L,0.9946494698524475,True,False,False
controller,validation-001271-34d7356fcaaddacd-steps-16,16,11,11,False,True,False,False,A,N,0.874330461025238,True,False,False
controller,validation-001307-977a545007683457-steps-1,1,1,1,True,False,False,False,K,K,0.9980273842811584,True,True,True
controller,validation-001307-977a545007683457-steps-2,2,2,2,True,False,False,False,L,L,0.86324542760849,True,True,True
controller,validation-001307-977a545007683457-steps-3,3,3,3,True,False,False,False,C,C,0.861405074596405,True,True,True
controller,validation-001307-977a545007683457-steps-4,4,4,4,True,False,False,False,W,W,0.8629345297813416,True,True,True
controller,validation-001307-977a545007683457-steps-5,5,5,5,True,False,False,False,E,E,0.9216954112052917,True,True,True
controller,validation-001307-977a545007683457-steps-6,6,6,6,True,False,False,False,K,K,0.7892840504646301,True,True,True
controller,validation-001307-977a545007683457-steps-7,7,7,7,True,False,False,False,L,L,0.9606991410255432,True,True,True
controller,validation-001307-977a545007683457-steps-8,8,8,8,True,False,False,False,C,C,0.9446307420730591,True,True,True
controller,validation-001307-977a545007683457-steps-9,9,8,8,False,True,False,False,C,W,0.9962659478187561,True,False,False
controller,validation-001307-977a545007683457-steps-10,10,10,10,True,False,False,False,E,E,0.713597297668457,True,True,True
controller,validation-001307-977a545007683457-steps-11,11,12,12,False,False,True,False,L,K,0.9950156807899475,True,False,False
controller,validation-001307-977a545007683457-steps-12,12,12,12,True,False,False,False,L,L,0.8540863394737244,True,True,True
controller,validation-001307-977a545007683457-steps-13,13,13,13,True,False,False,False,C,C,0.9684914350509644,True,True,True
controller,validation-001307-977a545007683457-steps-14,14,13,13,False,True,False,False,C,W,0.9995450377464294,True,False,False
controller,validation-001307-977a545007683457-steps-15,15,12,12,False,True,False,False,L,E,0.9918223023414612,True,False,False
controller,validation-001307-977a545007683457-steps-16,16,12,12,False,True,False,False,L,K,0.7981313467025757,True,False,False
controller,validation-001127-5f3007a2a286c457-steps-1,1,1,1,True,False,False,False,J,J,0.999386191368103,True,True,True
controller,validation-001127-5f3007a2a286c457-steps-2,2,2,2,True,False,False,False,C,C,0.9947977066040039,True,True,True
controller,validation-001127-5f3007a2a286c457-steps-3,3,3,3,True,False,False,False,Y,Y,0.9978806972503662,True,True,True
controller,validation-001127-5f3007a2a286c457-steps-4,4,4,4,True,False,False,False,P,P,0.9976184964179993,True,True,True
controller,validation-001127-5f3007a2a286c457-steps-5,5,5,5,True,False,False,False,F,F,0.9938137531280518,True,True,True
controller,validation-001127-5f3007a2a286c457-steps-6,6,6,6,True,False,False,False,U,U,0.982151985168457,True,True,True
controller,validation-001127-5f3007a2a286c457-steps-7,7,7,7,True,False,False,False,V,V,0.996274471282959,True,True,True
controller,validation-001127-5f3007a2a286c457-steps-8,8,8,8,True,False,False,False,Q,Q,0.9949347376823425,True,True,True
controller,validation-001127-5f3007a2a286c457-steps-9,9,8,8,False,True,False,False,Q,N,0.9997037053108215,True,False,False
controller,validation-001127-5f3007a2a286c457-steps-10,10,10,10,True,False,False,False,I,I,0.9960083961486816,True,True,True
controller,validation-001127-5f3007a2a286c457-steps-11,11,12,12,False,False,True,False,E,L,0.9998713731765747,True,False,False
controller,validation-001127-5f3007a2a286c457-steps-12,12,12,12,True,False,False,False,E,E,0.9990323781967163,True,True,True
controller,validation-001127-5f3007a2a286c457-steps-13,13,13,13,True,False,False,False,B,B,0.9995375871658325,True,True,True
controller,validation-001127-5f3007a2a286c457-steps-14,14,12,12,False,True,False,False,E,R,0.8807291388511658,True,False,False
controller,validation-001127-5f3007a2a286c457-steps-15,15,12,12,False,True,False,False,E,T,0.9997263550758362,True,False,False
controller,validation-001127-5f3007a2a286c457-steps-16,16,12,12,False,True,False,False,E,K,0.9987364411354065,True,False,False
controller,validation-000791-25a8107b06322ff2-steps-1,1,1,1,True,False,False,False,X,X,0.9987672567367554,True,True,True
controller,validation-000791-25a8107b06322ff2-steps-2,2,2,2,True,False,False,False,D,D,0.911849319934845,True,True,True
controller,validation-000791-25a8107b06322ff2-steps-3,3,3,3,True,False,False,False,K,G,0.9307078719139099,False,False,False
controller,validation-000791-25a8107b06322ff2-steps-4,4,4,4,True,False,False,False,Q,N,0.9783242344856262,False,False,False
controller,validation-000791-25a8107b06322ff2-steps-5,5,5,5,True,False,False,False,Y,H,0.9749028086662292,False,False,False
controller,validation-000791-25a8107b06322ff2-steps-6,6,6,6,True,False,False,False,B,L,0.9731577634811401,False,False,False
controller,validation-000791-25a8107b06322ff2-steps-7,7,7,7,True,False,False,False,X,O,0.992482602596283,False,False,False
controller,validation-000791-25a8107b06322ff2-steps-8,8,8,8,True,False,False,False,D,U,0.9927502870559692,False,False,False
controller,validation-000791-25a8107b06322ff2-steps-9,9,8,8,False,True,False,False,D,P,0.9992077946662903,False,False,False
controller,validation-000791-25a8107b06322ff2-steps-10,10,10,10,True,False,False,False,N,C,0.9937158226966858,False,False,False
controller,validation-000791-25a8107b06322ff2-steps-11,11,12,12,False,False,True,False,L,R,0.9997463822364807,False,False,False
controller,validation-000791-25a8107b06322ff2-steps-12,12,12,12,True,False,False,False,L,S,0.9982566237449646,False,False,False
controller,validation-000791-25a8107b06322ff2-steps-13,13,13,13,True,False,False,False,O,V,0.9990707039833069,False,False,False
controller,validation-000791-25a8107b06322ff2-steps-14,14,12,12,False,True,False,False,L,I,0.8411959409713745,False,False,False
controller,validation-000791-25a8107b06322ff2-steps-15,15,12,12,False,True,False,False,L,F,0.9997202754020691,False,False,False
controller,validation-000791-25a8107b06322ff2-steps-16,16,12,12,False,True,False,False,L,W,0.9980704188346863,False,False,False
controller,validation-000071-f1cf37317232dd54-steps-1,1,1,1,True,False,False,False,V,V,0.9992542862892151,True,True,True
controller,validation-000071-f1cf37317232dd54-steps-2,2,2,2,True,False,False,False,D,D,0.9934208989143372,True,True,True
controller,validation-000071-f1cf37317232dd54-steps-3,3,3,3,True,False,False,False,Y,Y,0.9980233907699585,True,True,True
controller,validation-000071-f1cf37317232dd54-steps-4,4,4,4,True,False,False,False,S,S,0.997671902179718,True,True,True
controller,validation-000071-f1cf37317232dd54-steps-5,5,5,5,True,False,False,False,K,K,0.9906815886497498,True,True,True
controller,validation-000071-f1cf37317232dd54-steps-6,6,6,6,True,False,False,False,H,H,0.9797742962837219,True,True,True
controller,validation-000071-f1cf37317232dd54-steps-7,7,7,7,True,False,False,False,F,F,0.9957952499389648,True,True,True
controller,validation-000071-f1cf37317232dd54-steps-8,8,8,8,True,False,False,False,X,X,0.9853155612945557,True,True,True
controller,validation-000071-f1cf37317232dd54-steps-9,9,8,8,False,True,False,False,X,J,0.9996057152748108,True,False,False
controller,validation-000071-f1cf37317232dd54-steps-10,10,10,10,True,False,False,False,K,K,0.9917900562286377,True,True,True
controller,validation-000071-f1cf37317232dd54-steps-11,11,12,12,False,False,True,False,F,H,0.9997695088386536,True,False,False
controller,validation-000071-f1cf37317232dd54-steps-12,12,12,12,True,False,False,False,F,F,0.997307538986206,True,True,True
controller,validation-000071-f1cf37317232dd54-steps-13,13,13,13,True,False,False,False,X,X,0.9989540576934814,True,True,True
controller,validation-000071-f1cf37317232dd54-steps-14,14,12,12,False,True,False,False,F,J,0.7166453003883362,True,False,False
controller,validation-000071-f1cf37317232dd54-steps-15,15,12,12,False,True,False,False,F,K,0.9994432330131531,True,False,False
controller,validation-000071-f1cf37317232dd54-steps-16,16,12,12,False,True,False,False,F,H,0.9962009787559509,True,False,False
controller,validation-000731-4393f9c59664fe67-steps-1,1,1,1,True,False,False,False,U,U,0.9987269043922424,True,True,True
controller,validation-000731-4393f9c59664fe67-steps-2,2,2,2,True,False,False,False,W,W,0.9294356107711792,True,True,True
controller,validation-000731-4393f9c59664fe67-steps-3,3,3,3,True,False,False,False,K,K,0.8704774975776672,True,True,True
controller,validation-000731-4393f9c59664fe67-steps-4,4,4,4,True,False,False,False,T,T,0.7116028070449829,True,True,True
controller,validation-000731-4393f9c59664fe67-steps-5,5,5,5,True,False,False,False,S,S,0.5332181453704834,True,True,True
controller,validation-000731-4393f9c59664fe67-steps-6,6,7,7,False,False,True,False,V,X,0.9998867511749268,True,False,False
controller,validation-000731-4393f9c59664fe67-steps-7,7,8,8,False,False,True,False,H,V,0.9998724460601807,True,False,False
controller,validation-000731-4393f9c59664fe67-steps-8,8,9,9,False,False,True,False,E,H,0.9997804760932922,True,False,False
controller,validation-000731-4393f9c59664fe67-steps-9,9,8,8,False,True,False,False,H,E,0.7939099073410034,True,False,False
controller,validation-000731-4393f9c59664fe67-steps-10,10,11,11,False,False,True,False,Y,C,0.9997552037239075,True,False,False
controller,validation-000731-4393f9c59664fe67-steps-11,11,12,12,False,False,True,False,O,Y,0.9872809052467346,True,False,False
controller,validation-000731-4393f9c59664fe67-steps-12,12,12,12,True,False,False,False,O,O,0.5370394587516785,True,True,True
controller,validation-000731-4393f9c59664fe67-steps-13,13,13,13,True,False,False,False,F,F,0.9315815567970276,True,True,True
controller,validation-000731-4393f9c59664fe67-steps-14,14,13,13,False,True,False,False,F,D,0.9989225268363953,True,False,False
controller,validation-000731-4393f9c59664fe67-steps-15,15,12,12,False,True,False,False,O,Z,0.92523193359375,True,False,False
controller,validation-000731-4393f9c59664fe67-steps-16,16,12,12,False,True,False,False,O,P,0.6086009740829468,True,False,False
controller,validation-001451-0d9b3dab240a73d9-steps-1,1,1,1,True,False,False,False,G,G,0.9989883303642273,True,True,True
controller,validation-001451-0d9b3dab240a73d9-steps-2,2,2,2,True,False,False,False,M,M,0.9704837203025818,True,True,True
controller,validation-001451-0d9b3dab240a73d9-steps-3,3,3,3,True,False,False,False,Y,Y,0.9719988703727722,True,True,True
controller,validation-001451-0d9b3dab240a73d9-steps-4,4,4,4,True,False,False,False,L,L,0.9546647667884827,True,True,True
controller,validation-001451-0d9b3dab240a73d9-steps-5,5,5,5,True,False,False,False,K,K,0.7954110503196716,True,True,True
controller,validation-001451-0d9b3dab240a73d9-steps-6,6,6,6,True,False,False,False,U,U,0.5193721055984497,True,True,True
controller,validation-001451-0d9b3dab240a73d9-steps-7,7,7,7,True,False,False,False,V,V,0.8390382528305054,True,True,True
controller,validation-001451-0d9b3dab240a73d9-steps-8,8,8,8,True,False,False,False,D,D,0.8850484490394592,True,True,True
controller,validation-001451-0d9b3dab240a73d9-steps-9,9,8,8,False,True,False,False,D,X,0.9815030097961426,True,False,False
controller,validation-001451-0d9b3dab240a73d9-steps-10,10,10,10,True,False,False,False,E,E,0.6150683164596558,True,True,True
controller,validation-001451-0d9b3dab240a73d9-steps-11,11,12,12,False,False,True,False,M,B,0.9899943470954895,True,False,False
controller,validation-001451-0d9b3dab240a73d9-steps-12,12,12,12,True,False,False,False,M,M,0.6332886219024658,True,True,True
controller,validation-001451-0d9b3dab240a73d9-steps-13,13,13,13,True,False,False,False,Y,Y,0.8375006318092346,True,True,True
controller,validation-001451-0d9b3dab240a73d9-steps-14,14,13,13,False,True,False,False,Y,L,0.9988402724266052,True,False,False
controller,validation-001451-0d9b3dab240a73d9-steps-15,15,12,12,False,True,False,False,M,K,0.9812940359115601,True,False,False
controller,validation-001451-0d9b3dab240a73d9-steps-16,16,12,12,False,True,False,False,M,U,0.7018229961395264,True,False,False
controller,validation-000203-8d05d3eccae0a505-steps-1,1,1,1,True,False,False,False,J,J,0.9993066787719727,True,True,True
controller,validation-000203-8d05d3eccae0a505-steps-2,2,2,2,True,False,False,False,J,J,0.9933978319168091,True,True,True
controller,validation-000203-8d05d3eccae0a505-steps-3,3,3,3,True,False,False,False,J,J,0.9973801970481873,True,True,True
controller,validation-000203-8d05d3eccae0a505-steps-4,4,4,4,True,False,False,False,J,J,0.9981487989425659,True,True,True
controller,validation-000203-8d05d3eccae0a505-steps-5,5,5,5,True,False,False,False,J,J,0.9970180988311768,True,True,True
controller,validation-000203-8d05d3eccae0a505-steps-6,6,6,6,True,False,False,False,J,J,0.9946208000183105,True,True,True
controller,validation-000203-8d05d3eccae0a505-steps-7,7,7,7,True,False,False,False,J,J,0.9985654950141907,True,True,True
controller,validation-000203-8d05d3eccae0a505-steps-8,8,8,8,True,False,False,False,J,J,0.9983277916908264,True,True,True
controller,validation-000203-8d05d3eccae0a505-steps-9,9,8,8,False,True,False,False,J,J,0.9997972846031189,True,True,False
controller,validation-000203-8d05d3eccae0a505-steps-10,10,10,10,True,False,False,False,J,J,0.9925909042358398,True,True,True
controller,validation-000203-8d05d3eccae0a505-steps-11,11,12,12,False,False,True,False,J,J,0.9998351335525513,True,True,False
controller,validation-000203-8d05d3eccae0a505-steps-12,12,12,12,True,False,False,False,J,J,0.9977686405181885,True,True,True
controller,validation-000203-8d05d3eccae0a505-steps-13,13,13,13,True,False,False,False,J,J,0.999196469783783,True,True,True
controller,validation-000203-8d05d3eccae0a505-steps-14,14,12,12,False,True,False,False,J,J,0.8345201015472412,True,True,False
controller,validation-000203-8d05d3eccae0a505-steps-15,15,12,12,False,True,False,False,J,J,0.9996716976165771,True,True,False
controller,validation-000203-8d05d3eccae0a505-steps-16,16,12,12,False,True,False,False,J,J,0.9985430240631104,True,True,False
controller,validation-000347-2eb9df801e1e63ec-steps-1,1,1,1,True,False,False,False,G,G,0.9995323419570923,True,True,True
controller,validation-000347-2eb9df801e1e63ec-steps-2,2,2,2,True,False,False,False,E,E,0.9933254718780518,True,True,True
controller,validation-000347-2eb9df801e1e63ec-steps-3,3,3,3,True,False,False,False,D,D,0.9977298378944397,True,True,True
controller,validation-000347-2eb9df801e1e63ec-steps-4,4,4,4,True,False,False,False,C,C,0.9994588494300842,True,True,True
controller,validation-000347-2eb9df801e1e63ec-steps-5,5,5,5,True,False,False,False,E,E,0.999489426612854,True,True,True
controller,validation-000347-2eb9df801e1e63ec-steps-6,6,6,6,True,False,False,False,D,D,0.9996494054794312,True,True,True
controller,validation-000347-2eb9df801e1e63ec-steps-7,7,7,7,True,False,False,False,C,C,0.9998705387115479,True,True,True
controller,validation-000347-2eb9df801e1e63ec-steps-8,8,8,8,True,False,False,False,E,E,0.9998905658721924,True,True,True
controller,validation-000347-2eb9df801e1e63ec-steps-9,9,7,7,False,True,False,False,C,D,0.6652705073356628,True,False,False
controller,validation-000347-2eb9df801e1e63ec-steps-10,10,10,10,True,False,False,False,C,C,0.999881386756897,True,True,True
controller,validation-000347-2eb9df801e1e63ec-steps-11,11,11,11,True,False,False,False,E,E,0.9452110528945923,True,True,True
controller,validation-000347-2eb9df801e1e63ec-steps-12,12,12,12,True,False,False,False,D,D,0.9998745918273926,True,True,True
controller,validation-000347-2eb9df801e1e63ec-steps-13,13,12,12,False,True,False,False,D,C,0.5854184031486511,True,False,False
controller,validation-000347-2eb9df801e1e63ec-steps-14,14,12,12,False,True,False,False,D,E,0.9973432421684265,True,False,False
controller,validation-000347-2eb9df801e1e63ec-steps-15,15,11,11,False,True,False,False,E,D,0.9490597248077393,True,False,False
controller,validation-000347-2eb9df801e1e63ec-steps-16,16,12,12,False,True,False,False,D,C,0.9998857975006104,True,False,False
controller,validation-001379-bc0ce66067e0cc0b-steps-1,1,1,1,True,False,False,False,C,C,0.9991742968559265,True,True,True
controller,validation-001379-bc0ce66067e0cc0b-steps-2,2,2,2,True,False,False,False,A,A,0.9881899356842041,True,True,True
controller,validation-001379-bc0ce66067e0cc0b-steps-3,3,3,3,True,False,False,False,H,H,0.9932194352149963,True,True,True
controller,validation-001379-bc0ce66067e0cc0b-steps-4,4,4,4,True,False,False,False,L,L,0.996307373046875,True,True,True
controller,validation-001379-bc0ce66067e0cc0b-steps-5,5,5,5,True,False,False,False,I,I,0.9956228137016296,True,True,True
controller,validation-001379-bc0ce66067e0cc0b-steps-6,6,6,6,True,False,False,False,X,X,0.9872990250587463,True,True,True
controller,validation-001379-bc0ce66067e0cc0b-steps-7,7,7,7,True,False,False,False,Q,Q,0.9948691129684448,True,True,True
controller,validation-001379-bc0ce66067e0cc0b-steps-8,8,8,8,True,False,False,False,S,S,0.9875310063362122,True,True,True
controller,validation-001379-bc0ce66067e0cc0b-steps-9,9,8,8,False,True,False,False,S,J,0.9991006851196289,True,False,False
controller,validation-001379-bc0ce66067e0cc0b-steps-10,10,10,10,True,False,False,False,G,G,0.9616159796714783,True,True,True
controller,validation-001379-bc0ce66067e0cc0b-steps-11,11,12,12,False,False,True,False,B,V,0.9996386766433716,True,False,False
controller,validation-001379-bc0ce66067e0cc0b-steps-12,12,12,12,True,False,False,False,B,B,0.9974372386932373,True,True,True
controller,validation-001379-bc0ce66067e0cc0b-steps-13,13,13,13,True,False,False,False,C,C,0.999089241027832,True,True,True
controller,validation-001379-bc0ce66067e0cc0b-steps-14,14,12,12,False,True,False,False,B,A,0.6813005805015564,True,False,False
controller,validation-001379-bc0ce66067e0cc0b-steps-15,15,12,12,False,True,False,False,B,H,0.9994189739227295,True,False,False
controller,validation-001379-bc0ce66067e0cc0b-steps-16,16,12,12,False,True,False,False,B,L,0.9962252378463745,True,False,False
controller,validation-000515-42e2480d7f6675c0-steps-1,1,1,1,True,False,False,False,B,B,0.9992815852165222,True,True,True
controller,validation-000515-42e2480d7f6675c0-steps-2,2,2,2,True,False,False,False,V,V,0.9909383058547974,True,True,True
controller,validation-000515-42e2480d7f6675c0-steps-3,3,3,3,True,False,False,False,K,K,0.9974045157432556,True,True,True
controller,validation-000515-42e2480d7f6675c0-steps-4,4,4,4,True,False,False,False,S,S,0.9973522424697876,True,True,True
controller,validation-000515-42e2480d7f6675c0-steps-5,5,5,5,True,False,False,False,R,R,0.9945525527000427,True,True,True
controller,validation-000515-42e2480d7f6675c0-steps-6,6,6,6,True,False,False,False,M,M,0.9830113649368286,True,True,True
controller,validation-000515-42e2480d7f6675c0-steps-7,7,7,7,True,False,False,False,F,F,0.9977779984474182,True,True,True
controller,validation-000515-42e2480d7f6675c0-steps-8,8,8,8,True,False,False,False,H,H,0.9900626540184021,True,True,True
controller,validation-000515-42e2480d7f6675c0-steps-9,9,8,8,False,True,False,False,H,Z,0.999652624130249,True,False,False
controller,validation-000515-42e2480d7f6675c0-steps-10,10,10,10,True,False,False,False,B,B,0.9610795378684998,True,True,True
controller,validation-000515-42e2480d7f6675c0-steps-11,11,12,12,False,False,True,False,K,V,0.9996434450149536,True,False,False
controller,validation-000515-42e2480d7f6675c0-steps-12,12,12,12,True,False,False,False,K,K,0.9938862919807434,True,True,True
controller,validation-000515-42e2480d7f6675c0-steps-13,13,13,13,True,False,False,False,S,S,0.9983097314834595,True,True,True
controller,validation-000515-42e2480d7f6675c0-steps-14,14,13,13,False,True,False,False,S,R,0.9998714923858643,True,False,False
controller,validation-000515-42e2480d7f6675c0-steps-15,15,12,12,False,True,False,False,K,M,0.9991994500160217,True,False,False
controller,validation-000515-42e2480d7f6675c0-steps-16,16,12,12,False,True,False,False,K,F,0.9908802509307861,True,False,False
controller,validation-001115-49ae36b759545f7f-steps-1,1,1,1,True,False,False,False,W,W,0.9988071918487549,True,True,True
controller,validation-001115-49ae36b759545f7f-steps-2,2,2,2,True,False,False,False,Y,Y,0.9637151956558228,True,True,True
controller,validation-001115-49ae36b759545f7f-steps-3,3,3,3,True,False,False,False,I,I,0.966753363609314,True,True,True
controller,validation-001115-49ae36b759545f7f-steps-4,4,4,4,True,False,False,False,R,R,0.8015614748001099,True,True,True
controller,validation-001115-49ae36b759545f7f-steps-5,5,5,5,True,False,False,False,Q,Q,0.5535989999771118,True,True,True
controller,validation-001115-49ae36b759545f7f-steps-6,6,7,7,False,False,True,False,U,M,0.9999234676361084,True,False,False
controller,validation-001115-49ae36b759545f7f-steps-7,7,8,8,False,False,True,False,A,U,0.9999270439147949,True,False,False
controller,validation-001115-49ae36b759545f7f-steps-8,8,9,9,False,False,True,False,P,A,0.9998680353164673,True,False,False
controller,validation-001115-49ae36b759545f7f-steps-9,9,8,8,False,True,False,False,A,P,0.8903844356536865,True,False,False
controller,validation-001115-49ae36b759545f7f-steps-10,10,11,11,False,False,True,False,X,F,0.9997958540916443,True,False,False
controller,validation-001115-49ae36b759545f7f-steps-11,11,12,12,False,False,True,False,C,X,0.9647618532180786,True,False,False
controller,validation-001115-49ae36b759545f7f-steps-12,12,13,13,False,False,True,False,S,C,0.9998121857643127,True,False,False
controller,validation-001115-49ae36b759545f7f-steps-13,13,13,13,True,False,False,False,S,S,0.7035143971443176,True,True,True
controller,validation-001115-49ae36b759545f7f-steps-14,14,13,13,False,True,False,False,S,J,0.9946110248565674,True,False,False
controller,validation-001115-49ae36b759545f7f-steps-15,15,12,12,False,True,False,False,C,O,0.8268418312072754,True,False,False
controller,validation-001115-49ae36b759545f7f-steps-16,16,13,13,False,True,False,False,S,G,0.9998327493667603,True,False,False
controller,validation-000623-be05128a685137c7-steps-1,1,1,1,True,False,False,False,S,S,0.9991014003753662,True,True,True
controller,validation-000623-be05128a685137c7-steps-2,2,2,2,True,False,False,False,C,C,0.9937571287155151,True,True,True
controller,validation-000623-be05128a685137c7-steps-3,3,3,3,True,False,False,False,P,P,0.9985706806182861,True,True,True
controller,validation-000623-be05128a685137c7-steps-4,4,4,4,True,False,False,False,X,X,0.9990701079368591,True,True,True
controller,validation-000623-be05128a685137c7-steps-5,5,5,5,True,False,False,False,U,U,0.9992733597755432,True,True,True
controller,validation-000623-be05128a685137c7-steps-6,6,6,6,True,False,False,False,Z,Z,0.9994763731956482,True,True,True
controller,validation-000623-be05128a685137c7-steps-7,7,7,7,True,False,False,False,M,M,0.9997515082359314,True,True,True
controller,validation-000623-be05128a685137c7-steps-8,8,8,8,True,False,False,False,D,D,0.9997554421424866,True,True,True
controller,validation-000623-be05128a685137c7-steps-9,9,7,7,False,True,False,False,M,Y,0.5736323595046997,True,False,False
controller,validation-000623-be05128a685137c7-steps-10,10,10,10,True,False,False,False,T,T,0.9997681975364685,True,True,True
controller,validation-000623-be05128a685137c7-steps-11,11,11,11,True,False,False,False,V,V,0.9371656179428101,True,True,True
controller,validation-000623-be05128a685137c7-steps-12,12,12,12,True,False,False,False,O,O,0.9997746348381042,True,True,True
controller,validation-000623-be05128a685137c7-steps-13,13,12,12,False,True,False,False,O,K,0.5094617009162903,True,False,False
controller,validation-000623-be05128a685137c7-steps-14,14,12,12,False,True,False,False,O,F,0.9946746826171875,True,False,False
controller,validation-000623-be05128a685137c7-steps-15,15,11,11,False,True,False,False,V,E,0.7634991407394409,True,False,False
controller,validation-000623-be05128a685137c7-steps-16,16,12,12,False,True,False,False,O,B,0.999767005443573,True,False,False
controller,validation-000719-ca05a30da35e7e55-steps-1,1,1,1,True,False,False,False,C,C,0.999444305896759,True,True,True
controller,validation-000719-ca05a30da35e7e55-steps-2,2,2,2,True,False,False,False,L,L,0.9960045218467712,True,True,True
controller,validation-000719-ca05a30da35e7e55-steps-3,3,3,3,True,False,False,False,V,V,0.9991475343704224,True,True,True
controller,validation-000719-ca05a30da35e7e55-steps-4,4,4,4,True,False,False,False,R,R,0.9993219375610352,True,True,True
controller,validation-000719-ca05a30da35e7e55-steps-5,5,5,5,True,False,False,False,P,P,0.9993917942047119,True,True,True
controller,validation-000719-ca05a30da35e7e55-steps-6,6,6,6,True,False,False,False,Q,Q,0.9993653893470764,True,True,True
controller,validation-000719-ca05a30da35e7e55-steps-7,7,7,7,True,False,False,False,G,G,0.9998534917831421,True,True,True
controller,validation-000719-ca05a30da35e7e55-steps-8,8,8,8,True,False,False,False,J,J,0.9994857311248779,True,True,True
controller,validation-000719-ca05a30da35e7e55-steps-9,9,8,8,False,True,False,False,J,M,0.9999300241470337,True,False,False
controller,validation-000719-ca05a30da35e7e55-steps-10,10,10,10,True,False,False,False,F,F,0.9995869994163513,True,True,True
controller,validation-000719-ca05a30da35e7e55-steps-11,11,11,11,True,False,False,False,D,D,0.9339780807495117,True,True,True
controller,validation-000719-ca05a30da35e7e55-steps-12,12,12,12,True,False,False,False,A,A,0.9997901320457458,True,True,True
controller,validation-000719-ca05a30da35e7e55-steps-13,13,12,12,False,True,False,False,A,X,0.5046182870864868,True,False,False
controller,validation-000719-ca05a30da35e7e55-steps-14,14,12,12,False,True,False,False,A,U,0.9950243830680847,True,False,False
controller,validation-000719-ca05a30da35e7e55-steps-15,15,11,11,False,True,False,False,D,O,0.6935052871704102,True,False,False
controller,validation-000719-ca05a30da35e7e55-steps-16,16,12,12,False,True,False,False,A,E,0.9997907280921936,True,False,False
controller,validation-000815-c33316a41f401a96-steps-1,1,1,1,True,False,False,False,I,I,0.9992879033088684,True,True,True
controller,validation-000815-c33316a41f401a96-steps-2,2,2,2,True,False,False,False,Q,Q,0.9884849190711975,True,True,True
controller,validation-000815-c33316a41f401a96-steps-3,3,3,3,True,False,False,False,X,X,0.9939244389533997,True,True,True
controller,validation-000815-c33316a41f401a96-steps-4,4,4,4,True,False,False,False,U,U,0.9924405813217163,True,True,True
controller,validation-000815-c33316a41f401a96-steps-5,5,5,5,True,False,False,False,V,V,0.9923168420791626,True,True,True
controller,validation-000815-c33316a41f401a96-steps-6,6,6,6,True,False,False,False,O,O,0.9797653555870056,True,True,True
controller,validation-000815-c33316a41f401a96-steps-7,7,7,7,True,False,False,False,D,D,0.9876277446746826,True,True,True
controller,validation-000815-c33316a41f401a96-steps-8,8,8,8,True,False,False,False,M,M,0.9746195673942566,True,True,True
controller,validation-000815-c33316a41f401a96-steps-9,9,8,8,False,True,False,False,M,I,0.9987788796424866,True,False,False
controller,validation-000815-c33316a41f401a96-steps-10,10,10,10,True,False,False,False,Q,Q,0.9525875449180603,True,True,True
controller,validation-000815-c33316a41f401a96-steps-11,11,12,12,False,False,True,False,U,X,0.9994908571243286,True,False,False
controller,validation-000815-c33316a41f401a96-steps-12,12,12,12,True,False,False,False,U,U,0.9763368368148804,True,True,True
controller,validation-000815-c33316a41f401a96-steps-13,13,13,13,True,False,False,False,V,V,0.9972990155220032,True,True,True
controller,validation-000815-c33316a41f401a96-steps-14,14,13,13,False,True,False,False,V,O,0.9998273253440857,True,False,False
controller,validation-000815-c33316a41f401a96-steps-15,15,12,12,False,True,False,False,U,D,0.998359739780426,True,False,False
controller,validation-000815-c33316a41f401a96-steps-16,16,12,12,False,True,False,False,U,M,0.9742823243141174,True,False,False
controller,validation-000407-56ac03610bbff5a1-steps-1,1,1,1,True,False,False,False,B,B,0.9995688796043396,True,True,True
controller,validation-000407-56ac03610bbff5a1-steps-2,2,2,2,True,False,False,False,C,C,0.9976153373718262,True,True,True
controller,validation-000407-56ac03610bbff5a1-steps-3,3,3,3,True,False,False,False,X,X,0.9996071457862854,True,True,True
controller,validation-000407-56ac03610bbff5a1-steps-4,4,4,4,True,False,False,False,W,W,0.9998570680618286,True,True,True
controller,validation-000407-56ac03610bbff5a1-steps-5,5,5,5,True,False,False,False,L,L,0.999879002571106,True,True,True
controller,validation-000407-56ac03610bbff5a1-steps-6,6,6,6,True,False,False,False,Z,Z,0.9998407363891602,True,True,True
controller,validation-000407-56ac03610bbff5a1-steps-7,7,7,7,True,False,False,False,G,G,0.9999264478683472,True,True,True
controller,validation-000407-56ac03610bbff5a1-steps-8,8,8,8,True,False,False,False,V,V,0.9998997449874878,True,True,True
controller,validation-000407-56ac03610bbff5a1-steps-9,9,7,7,False,True,False,False,G,U,0.919879138469696,True,False,False
controller,validation-000407-56ac03610bbff5a1-steps-10,10,10,10,True,False,False,False,L,L,0.9997610449790955,True,True,True
controller,validation-000407-56ac03610bbff5a1-steps-11,11,11,11,True,False,False,False,Z,Z,0.94782555103302,True,True,True
controller,validation-000407-56ac03610bbff5a1-steps-12,12,12,12,True,False,False,False,G,G,0.9998314380645752,True,True,True
controller,validation-000407-56ac03610bbff5a1-steps-13,13,12,12,False,True,False,False,G,V,0.7247220873832703,True,False,False
controller,validation-000407-56ac03610bbff5a1-steps-14,14,12,12,False,True,False,False,G,U,0.9975064396858215,True,False,False
controller,validation-000407-56ac03610bbff5a1-steps-15,15,11,11,False,True,False,False,Z,L,0.8909977078437805,True,False,False
controller,validation-000407-56ac03610bbff5a1-steps-16,16,12,12,False,True,False,False,G,Z,0.9998167157173157,True,False,False
controller,validation-001103-090f777e061c501f-steps-1,1,1,1,True,False,False,False,O,O,0.9994669556617737,True,True,True
controller,validation-001103-090f777e061c501f-steps-2,2,2,2,True,False,False,False,Y,Y,0.992078959941864,True,True,True
controller,validation-001103-090f777e061c501f-steps-3,3,3,3,True,False,False,False,U,U,0.9973898530006409,True,True,True
controller,validation-001103-090f777e061c501f-steps-4,4,4,4,True,False,False,False,B,B,0.9987784028053284,True,True,True
controller,validation-001103-090f777e061c501f-steps-5,5,5,5,True,False,False,False,Q,Q,0.9994243383407593,True,True,True
controller,validation-001103-090f777e061c501f-steps-6,6,6,6,True,False,False,False,J,J,0.9995835423469543,True,True,True
controller,validation-001103-090f777e061c501f-steps-7,7,7,7,True,False,False,False,M,M,0.999883770942688,True,True,True
controller,validation-001103-090f777e061c501f-steps-8,8,8,8,True,False,False,False,W,W,0.9998570680618286,True,True,True
controller,validation-001103-090f777e061c501f-steps-9,9,8,8,False,True,False,False,W,P,0.9999436140060425,True,False,False
controller,validation-001103-090f777e061c501f-steps-10,10,10,10,True,False,False,False,F,F,0.9998254179954529,True,True,True
controller,validation-001103-090f777e061c501f-steps-11,11,11,11,True,False,False,False,I,I,0.9820824861526489,True,True,True
controller,validation-001103-090f777e061c501f-steps-12,12,11,11,False,True,False,False,I,N,0.5778971910476685,True,False,False
controller,validation-001103-090f777e061c501f-steps-13,13,12,12,False,True,False,False,N,A,0.6696017980575562,True,False,False
controller,validation-001103-090f777e061c501f-steps-14,14,12,12,False,True,False,False,N,E,0.9980787038803101,True,False,False
controller,validation-001103-090f777e061c501f-steps-15,15,11,11,False,True,False,False,I,L,0.9730230569839478,True,False,False
controller,validation-001103-090f777e061c501f-steps-16,16,12,12,False,True,False,False,N,H,0.9998113512992859,True,False,False
controller,validation-001355-399948b60e04683c-steps-1,1,1,1,True,False,False,False,B,B,0.9996938705444336,True,True,True
controller,validation-001355-399948b60e04683c-steps-2,2,2,2,True,False,False,False,D,D,0.9989922642707825,True,True,True
controller,validation-001355-399948b60e04683c-steps-3,3,3,3,True,False,False,False,C,C,0.9998096823692322,True,True,True
controller,validation-001355-399948b60e04683c-steps-4,4,4,4,True,False,False,False,Y,Y,0.999879002571106,True,True,True
controller,validation-001355-399948b60e04683c-steps-5,5,5,5,True,False,False,False,L,L,0.9998965263366699,True,True,True
controller,validation-001355-399948b60e04683c-steps-6,6,6,6,True,False,False,False,H,H,0.9999042749404907,True,True,True
controller,validation-001355-399948b60e04683c-steps-7,7,6,6,False,True,False,False,H,A,0.5569037795066833,True,False,False
controller,validation-001355-399948b60e04683c-steps-8,8,8,8,True,False,False,False,R,R,0.9999240636825562,True,True,True
controller,validation-001355-399948b60e04683c-steps-9,9,7,7,False,True,False,False,A,B,0.96879643201828,True,False,False
controller,validation-001355-399948b60e04683c-steps-10,10,10,10,True,False,False,False,D,D,0.9998387098312378,True,True,True
controller,validation-001355-399948b60e04683c-steps-11,11,11,11,True,False,False,False,C,C,0.769698441028595,True,True,True
controller,validation-001355-399948b60e04683c-steps-12,12,12,12,True,False,False,False,Y,Y,0.9996424913406372,True,True,True
controller,validation-001355-399948b60e04683c-steps-13,13,13,13,True,False,False,False,L,L,0.9996315240859985,True,True,True
controller,validation-001355-399948b60e04683c-steps-14,14,12,12,False,True,False,False,Y,H,0.9514321684837341,True,False,False
controller,validation-001355-399948b60e04683c-steps-15,15,11,11,False,True,False,False,C,A,0.5242471694946289,True,False,False
controller,validation-001355-399948b60e04683c-steps-16,16,12,12,False,True,False,False,Y,R,0.9996200799942017,True,False,False
controller,validation-000839-0abb4e23a4ccfff3-steps-1,1,1,1,True,False,False,False,T,T,0.9996694326400757,True,True,True
controller,validation-000839-0abb4e23a4ccfff3-steps-2,2,2,2,True,False,False,False,T,T,0.997833788394928,True,True,True
controller,validation-000839-0abb4e23a4ccfff3-steps-3,3,3,3,True,False,False,False,T,T,0.9990847110748291,True,True,True
controller,validation-000839-0abb4e23a4ccfff3-steps-4,4,4,4,True,False,False,False,T,T,0.9984272718429565,True,True,True
controller,validation-000839-0abb4e23a4ccfff3-steps-5,5,5,5,True,False,False,False,T,T,0.9954267144203186,True,True,True
controller,validation-000839-0abb4e23a4ccfff3-steps-6,6,6,6,True,False,False,False,T,T,0.9659923315048218,True,True,True
controller,validation-000839-0abb4e23a4ccfff3-steps-7,7,7,7,True,False,False,False,T,T,0.9683323502540588,True,True,True
controller,validation-000839-0abb4e23a4ccfff3-steps-8,8,8,8,True,False,False,False,T,T,0.753372848033905,True,True,True
controller,validation-000839-0abb4e23a4ccfff3-steps-9,9,8,8,False,True,False,False,T,T,0.9923983216285706,True,True,False
controller,validation-000839-0abb4e23a4ccfff3-steps-10,10,11,11,False,False,True,False,T,T,0.9999017715454102,True,True,False
controller,validation-000839-0abb4e23a4ccfff3-steps-11,11,12,12,False,False,True,False,T,T,0.8986782431602478,True,True,False
controller,validation-000839-0abb4e23a4ccfff3-steps-12,12,13,13,False,False,True,False,T,T,0.9998373985290527,True,True,False
controller,validation-000839-0abb4e23a4ccfff3-steps-13,13,14,14,False,False,True,False,T,T,0.9998401403427124,True,True,False
controller,validation-000839-0abb4e23a4ccfff3-steps-14,14,13,13,False,True,False,False,T,T,0.9891659617424011,True,True,False
controller,validation-000839-0abb4e23a4ccfff3-steps-15,15,12,12,False,True,False,False,T,T,0.7601416110992432,True,True,False
controller,validation-000839-0abb4e23a4ccfff3-steps-16,16,13,13,False,True,False,False,T,T,0.9997807145118713,True,True,False
controller,validation-000239-5754984db78c8259-steps-1,1,1,1,True,False,False,False,W,W,0.9988957643508911,True,True,True
controller,validation-000239-5754984db78c8259-steps-2,2,2,2,True,False,False,False,U,U,0.9825865030288696,True,True,True
controller,validation-000239-5754984db78c8259-steps-3,3,3,3,True,False,False,False,F,F,0.9954519867897034,True,True,True
controller,validation-000239-5754984db78c8259-steps-4,4,4,4,True,False,False,False,R,R,0.9982969164848328,True,True,True
controller,validation-000239-5754984db78c8259-steps-5,5,5,5,True,False,False,False,P,P,0.9979301691055298,True,True,True
controller,validation-000239-5754984db78c8259-steps-6,6,6,6,True,False,False,False,I,I,0.9978164434432983,True,True,True
controller,validation-000239-5754984db78c8259-steps-7,7,7,7,True,False,False,False,Y,Y,0.9991064667701721,True,True,True
controller,validation-000239-5754984db78c8259-steps-8,8,8,8,True,False,False,False,K,K,0.9984266757965088,True,True,True
controller,validation-000239-5754984db78c8259-steps-9,9,8,8,False,True,False,False,K,Z,0.9997807145118713,True,False,False
controller,validation-000239-5754984db78c8259-steps-10,10,10,10,True,False,False,False,O,O,0.9993618130683899,True,True,True
controller,validation-000239-5754984db78c8259-steps-11,11,11,11,True,False,False,False,K,K,0.6098378896713257,True,True,True
controller,validation-000239-5754984db78c8259-steps-12,12,12,12,True,False,False,False,Z,Z,0.999345600605011,True,True,True
controller,validation-000239-5754984db78c8259-steps-13,13,13,13,True,False,False,False,O,O,0.999521017074585,True,True,True
controller,validation-000239-5754984db78c8259-steps-14,14,12,12,False,True,False,False,Z,K,0.9358569383621216,True,False,False
controller,validation-000239-5754984db78c8259-steps-15,15,12,12,False,True,False,False,Z,Z,0.9998514652252197,True,True,False
controller,validation-000239-5754984db78c8259-steps-16,16,12,12,False,True,False,False,Z,O,0.9993409514427185,True,False,False
controller,validation-000935-fbcd1eff2f2b2f3d-steps-1,1,1,1,True,False,False,False,O,O,0.9990038275718689,True,True,True
controller,validation-000935-fbcd1eff2f2b2f3d-steps-2,2,2,2,True,False,False,False,H,H,0.9642754197120667,True,True,True
controller,validation-000935-fbcd1eff2f2b2f3d-steps-3,3,3,3,True,False,False,False,C,C,0.9741694331169128,True,True,True
controller,validation-000935-fbcd1eff2f2b2f3d-steps-4,4,4,4,True,False,False,False,Y,Y,0.9918511509895325,True,True,True
controller,validation-000935-fbcd1eff2f2b2f3d-steps-5,5,5,5,True,False,False,False,P,P,0.9900722503662109,True,True,True
controller,validation-000935-fbcd1eff2f2b2f3d-steps-6,6,6,6,True,False,False,False,M,M,0.9872532486915588,True,True,True
controller,validation-000935-fbcd1eff2f2b2f3d-steps-7,7,7,7,True,False,False,False,P,P,0.9945458173751831,True,True,True
controller,validation-000935-fbcd1eff2f2b2f3d-steps-8,8,8,8,True,False,False,False,M,M,0.9884287714958191,True,True,True
controller,validation-000935-fbcd1eff2f2b2f3d-steps-9,9,8,8,False,True,False,False,M,P,0.9992659687995911,True,False,False
controller,validation-000935-fbcd1eff2f2b2f3d-steps-10,10,10,10,True,False,False,False,M,M,0.9368288516998291,True,True,True
controller,validation-000935-fbcd1eff2f2b2f3d-steps-11,11,12,12,False,False,True,False,M,P,0.9988338351249695,True,False,False
controller,validation-000935-fbcd1eff2f2b2f3d-steps-12,12,12,12,True,False,False,False,M,M,0.9511083364486694,True,True,True
controller,validation-000935-fbcd1eff2f2b2f3d-steps-13,13,13,13,True,False,False,False,P,P,0.9819543361663818,True,True,True
controller,validation-000935-fbcd1eff2f2b2f3d-steps-14,14,13,13,False,True,False,False,P,M,0.9997568726539612,True,False,False
controller,validation-000935-fbcd1eff2f2b2f3d-steps-15,15,12,12,False,True,False,False,M,P,0.9949383735656738,True,False,False
controller,validation-000935-fbcd1eff2f2b2f3d-steps-16,16,12,12,False,True,False,False,M,M,0.9618959426879883,True,True,False
controller,validation-000563-eb37580fbcb9fb0b-steps-1,1,1,1,True,False,False,False,W,W,0.9990806579589844,True,True,True
controller,validation-000563-eb37580fbcb9fb0b-steps-2,2,2,2,True,False,False,False,O,O,0.9929221868515015,True,True,True
controller,validation-000563-eb37580fbcb9fb0b-steps-3,3,3,3,True,False,False,False,B,B,0.998251736164093,True,True,True
controller,validation-000563-eb37580fbcb9fb0b-steps-4,4,4,4,True,False,False,False,H,H,0.9993231296539307,True,True,True
controller,validation-000563-eb37580fbcb9fb0b-steps-5,5,5,5,True,False,False,False,N,N,0.9993605017662048,True,True,True
controller,validation-000563-eb37580fbcb9fb0b-steps-6,6,6,6,True,False,False,False,X,X,0.999681830406189,True,True,True
controller,validation-000563-eb37580fbcb9fb0b-steps-7,7,7,7,True,False,False,False,V,V,0.9998123049736023,True,True,True
controller,validation-000563-eb37580fbcb9fb0b-steps-8,8,8,8,True,False,False,False,S,S,0.9996041655540466,True,True,True
controller,validation-000563-eb37580fbcb9fb0b-steps-9,9,8,8,False,True,False,False,S,E,0.9998987913131714,True,False,False
controller,validation-000563-eb37580fbcb9fb0b-steps-10,10,10,10,True,False,False,False,D,D,0.9985520243644714,True,True,True
controller,validation-000563-eb37580fbcb9fb0b-steps-11,11,12,12,False,False,True,False,A,R,0.9998027682304382,True,False,False
controller,validation-000563-eb37580fbcb9fb0b-steps-12,12,12,12,True,False,False,False,A,A,0.9989874958992004,True,True,True
controller,validation-000563-eb37580fbcb9fb0b-steps-13,13,13,13,True,False,False,False,J,J,0.9993428587913513,True,True,True
controller,validation-000563-eb37580fbcb9fb0b-steps-14,14,12,12,False,True,False,False,A,T,0.8564656376838684,True,False,False
controller,validation-000563-eb37580fbcb9fb0b-steps-15,15,12,12,False,True,False,False,A,P,0.9997401833534241,True,False,False
controller,validation-000563-eb37580fbcb9fb0b-steps-16,16,12,12,False,True,False,False,A,F,0.9986360669136047,True,False,False
controller,validation-001139-12403ff598264454-steps-1,1,1,1,True,False,False,False,W,W,0.9990228414535522,True,True,True
controller,validation-001139-12403ff598264454-steps-2,2,2,2,True,False,False,False,T,T,0.9891180396080017,True,True,True
controller,validation-001139-12403ff598264454-steps-3,3,3,3,True,False,False,False,C,C,0.9962371587753296,True,True,True
controller,validation-001139-12403ff598264454-steps-4,4,4,4,True,False,False,False,B,B,0.9981207251548767,True,True,True
controller,validation-001139-12403ff598264454-steps-5,5,5,5,True,False,False,False,X,X,0.9988651275634766,True,True,True
controller,validation-001139-12403ff598264454-steps-6,6,6,6,True,False,False,False,V,V,0.9986013770103455,True,True,True
controller,validation-001139-12403ff598264454-steps-7,7,7,7,True,False,False,False,R,R,0.9993460774421692,True,True,True
controller,validation-001139-12403ff598264454-steps-8,8,8,8,True,False,False,False,H,H,0.998457670211792,True,True,True
controller,validation-001139-12403ff598264454-steps-9,9,8,8,False,True,False,False,H,M,0.999790608882904,False,False,False
controller,validation-001139-12403ff598264454-steps-10,10,10,10,True,False,False,False,P,G,0.9954688549041748,False,False,False
controller,validation-001139-12403ff598264454-steps-11,11,12,12,False,False,True,False,T,U,0.999810516834259,False,False,False
controller,validation-001139-12403ff598264454-steps-12,12,12,12,True,False,False,False,T,N,0.9986768364906311,False,False,False
controller,validation-001139-12403ff598264454-steps-13,13,13,13,True,False,False,False,C,Z,0.9992696642875671,False,False,False
controller,validation-001139-12403ff598264454-steps-14,14,12,12,False,True,False,False,T,E,0.8600970506668091,False,False,False
controller,validation-001139-12403ff598264454-steps-15,15,12,12,False,True,False,False,T,K,0.9996697902679443,False,False,False
controller,validation-001139-12403ff598264454-steps-16,16,12,12,False,True,False,False,T,J,0.9984918832778931,False,False,False
controller,validation-001163-8c8e5b425050a7d0-steps-1,1,1,1,True,False,False,False,Z,Z,0.9994245767593384,True,True,True
controller,validation-001163-8c8e5b425050a7d0-steps-2,2,2,2,True,False,False,False,X,X,0.9962759017944336,True,True,True
controller,validation-001163-8c8e5b425050a7d0-steps-3,3,3,3,True,False,False,False,G,G,0.9991519451141357,True,True,True
controller,validation-001163-8c8e5b425050a7d0-steps-4,4,4,4,True,False,False,False,C,C,0.9995735287666321,True,True,True
controller,validation-001163-8c8e5b425050a7d0-steps-5,5,5,5,True,False,False,False,I,I,0.9995667338371277,True,True,True
controller,validation-001163-8c8e5b425050a7d0-steps-6,6,6,6,True,False,False,False,K,K,0.9995076656341553,True,True,True
controller,validation-001163-8c8e5b425050a7d0-steps-7,7,7,7,True,False,False,False,R,R,0.9998151659965515,True,True,True
controller,validation-001163-8c8e5b425050a7d0-steps-8,8,8,8,True,False,False,False,H,H,0.9998036026954651,True,True,True
controller,validation-001163-8c8e5b425050a7d0-steps-9,9,8,8,False,True,False,False,H,V,0.9999289512634277,True,False,False
controller,validation-001163-8c8e5b425050a7d0-steps-10,10,10,10,True,False,False,False,J,J,0.9996728897094727,True,True,True
controller,validation-001163-8c8e5b425050a7d0-steps-11,11,11,11,True,False,False,False,U,U,0.9579766988754272,True,True,True
controller,validation-001163-8c8e5b425050a7d0-steps-12,12,12,12,True,False,False,False,O,O,0.9997544884681702,True,True,True
controller,validation-001163-8c8e5b425050a7d0-steps-13,13,13,13,True,False,False,False,Z,Z,0.9998506307601929,True,True,True
controller,validation-001163-8c8e5b425050a7d0-steps-14,14,12,12,False,True,False,False,O,X,0.9941814541816711,True,False,False
controller,validation-001163-8c8e5b425050a7d0-steps-15,15,11,11,False,True,False,False,U,G,0.748844563961029,True,False,False
controller,validation-001163-8c8e5b425050a7d0-steps-16,16,12,12,False,True,False,False,O,C,0.9997268319129944,True,False,False
controller,validation-000851-644635f662fa0124-steps-1,1,1,1,True,False,False,False,I,I,0.9994754195213318,True,True,True
controller,validation-000851-644635f662fa0124-steps-2,2,2,2,True,False,False,False,L,L,0.996960461139679,True,True,True
controller,validation-000851-644635f662fa0124-steps-3,3,3,3,True,False,False,False,Q,Q,0.9992347955703735,True,True,True
controller,validation-000851-644635f662fa0124-steps-4,4,4,4,True,False,False,False,V,V,0.9997655749320984,True,True,True
controller,validation-000851-644635f662fa0124-steps-5,5,5,5,True,False,False,False,O,O,0.9997771382331848,True,True,True
controller,validation-000851-644635f662fa0124-steps-6,6,6,6,True,False,False,False,F,F,0.9997797608375549,True,True,True
controller,validation-000851-644635f662fa0124-steps-7,7,7,7,True,False,False,False,X,X,0.99985671043396,True,True,True
controller,validation-000851-644635f662fa0124-steps-8,8,8,8,True,False,False,False,R,R,0.9997105002403259,True,True,True
controller,validation-000851-644635f662fa0124-steps-9,9,7,7,False,True,False,False,X,C,0.5766704082489014,True,False,False
controller,validation-000851-644635f662fa0124-steps-10,10,10,10,True,False,False,False,L,L,0.9997010827064514,True,True,True
controller,validation-000851-644635f662fa0124-steps-11,11,11,11,True,False,False,False,Q,Q,0.8773573040962219,True,True,True
controller,validation-000851-644635f662fa0124-steps-12,12,12,12,True,False,False,False,V,V,0.9997084736824036,True,True,True
controller,validation-000851-644635f662fa0124-steps-13,13,13,13,True,False,False,False,O,O,0.9998177886009216,True,True,True
controller,validation-000851-644635f662fa0124-steps-14,14,12,12,False,True,False,False,V,F,0.9908377528190613,True,False,False
controller,validation-000851-644635f662fa0124-steps-15,15,11,11,False,True,False,False,Q,X,0.5983425974845886,True,False,False
controller,validation-000851-644635f662fa0124-steps-16,16,12,12,False,True,False,False,V,R,0.9996813535690308,True,False,False
controller,validation-001319-9eb25b0356a2a3af-steps-1,1,1,1,True,False,False,False,B,B,0.9990496039390564,True,True,True
controller,validation-001319-9eb25b0356a2a3af-steps-2,2,2,2,True,False,False,False,R,R,0.991661548614502,True,True,True
controller,validation-001319-9eb25b0356a2a3af-steps-3,3,3,3,True,False,False,False,J,J,0.998840868473053,True,True,True
controller,validation-001319-9eb25b0356a2a3af-steps-4,4,4,4,True,False,False,False,W,W,0.9996466636657715,True,True,True
controller,validation-001319-9eb25b0356a2a3af-steps-5,5,5,5,True,False,False,False,G,G,0.999815046787262,True,True,True
controller,validation-001319-9eb25b0356a2a3af-steps-6,6,6,6,True,False,False,False,H,H,0.9998189806938171,True,True,True
controller,validation-001319-9eb25b0356a2a3af-steps-7,7,7,7,True,False,False,False,U,U,0.9999244213104248,True,True,True
controller,validation-001319-9eb25b0356a2a3af-steps-8,8,8,8,True,False,False,False,O,O,0.9999252557754517,True,True,True
controller,validation-001319-9eb25b0356a2a3af-steps-9,9,7,7,False,True,False,False,U,Y,0.9088656306266785,True,False,False
controller,validation-001319-9eb25b0356a2a3af-steps-10,10,10,10,True,False,False,False,A,A,0.9998075366020203,True,True,True
controller,validation-001319-9eb25b0356a2a3af-steps-11,11,11,11,True,False,False,False,I,I,0.8631935119628906,True,True,True
controller,validation-001319-9eb25b0356a2a3af-steps-12,12,12,12,True,False,False,False,D,D,0.9995970129966736,True,True,True
controller,validation-001319-9eb25b0356a2a3af-steps-13,13,13,13,True,False,False,False,X,X,0.9996325969696045,True,True,True
controller,validation-001319-9eb25b0356a2a3af-steps-14,14,12,12,False,True,False,False,D,S,0.9646437764167786,True,False,False
controller,validation-001319-9eb25b0356a2a3af-steps-15,15,11,11,False,True,False,False,I,Q,0.655426561832428,True,False,False
controller,validation-001319-9eb25b0356a2a3af-steps-16,16,12,12,False,True,False,False,D,E,0.9994140863418579,True,False,False
controller,validation-000767-6214b464787f36df-steps-1,1,1,1,True,False,False,False,B,B,0.9995579123497009,True,True,True
controller,validation-000767-6214b464787f36df-steps-2,2,2,2,True,False,False,False,Y,Y,0.9947447776794434,True,True,True
controller,validation-000767-6214b464787f36df-steps-3,3,3,3,True,False,False,False,J,J,0.9989855885505676,True,True,True
controller,validation-000767-6214b464787f36df-steps-4,4,4,4,True,False,False,False,Z,Z,0.9993688464164734,True,True,True
controller,validation-000767-6214b464787f36df-steps-5,5,5,5,True,False,False,False,R,R,0.9992490410804749,True,True,True
controller,validation-000767-6214b464787f36df-steps-6,6,6,6,True,False,False,False,T,T,0.9987542629241943,True,True,True
controller,validation-000767-6214b464787f36df-steps-7,7,7,7,True,False,False,False,F,F,0.9995086193084717,True,True,True
controller,validation-000767-6214b464787f36df-steps-8,8,8,8,True,False,False,False,I,I,0.9992520213127136,True,True,True
controller,validation-000767-6214b464787f36df-steps-9,9,8,8,False,True,False,False,I,S,0.9998971223831177,True,False,False
controller,validation-000767-6214b464787f36df-steps-10,10,10,10,True,False,False,False,E,E,0.9990798234939575,True,True,True
controller,validation-000767-6214b464787f36df-steps-11,11,11,11,True,False,False,False,P,P,0.8312857747077942,True,True,True
controller,validation-000767-6214b464787f36df-steps-12,12,12,12,True,False,False,False,D,D,0.9996260404586792,True,True,True
controller,validation-000767-6214b464787f36df-steps-13,13,13,13,True,False,False,False,M,M,0.9998335838317871,True,True,True
controller,validation-000767-6214b464787f36df-steps-14,14,12,12,False,True,False,False,D,X,0.9752147197723389,True,False,False
controller,validation-000767-6214b464787f36df-steps-15,15,12,12,False,True,False,False,D,B,0.9998685121536255,True,False,False
controller,validation-000767-6214b464787f36df-steps-16,16,12,12,False,True,False,False,D,Y,0.9996671676635742,True,False,False
controller,validation-000707-23169932d9fe3f5b-steps-1,1,1,1,True,False,False,False,M,M,0.9994516968727112,True,True,True
controller,validation-000707-23169932d9fe3f5b-steps-2,2,2,2,True,False,False,False,B,B,0.9969334602355957,True,True,True
controller,validation-000707-23169932d9fe3f5b-steps-3,3,3,3,True,False,False,False,Q,Q,0.9996090531349182,True,True,True
controller,validation-000707-23169932d9fe3f5b-steps-4,4,4,4,True,False,False,False,J,J,0.9998509883880615,True,True,True
controller,validation-000707-23169932d9fe3f5b-steps-5,5,5,5,True,False,False,False,H,H,0.9998970031738281,True,True,True
controller,validation-000707-23169932d9fe3f5b-steps-6,6,6,6,True,False,False,False,X,X,0.9998663663864136,True,True,True
controller,validation-000707-23169932d9fe3f5b-steps-7,7,6,6,False,True,False,False,X,Y,0.50733482837677,True,False,False
controller,validation-000707-23169932d9fe3f5b-steps-8,8,8,8,True,False,False,False,G,G,0.999919056892395,True,True,True
controller,validation-000707-23169932d9fe3f5b-steps-9,9,7,7,False,True,False,False,Y,T,0.963340699672699,True,False,False
controller,validation-000707-23169932d9fe3f5b-steps-10,10,10,10,True,False,False,False,K,K,0.9998775720596313,True,True,True
controller,validation-000707-23169932d9fe3f5b-steps-11,11,11,11,True,False,False,False,C,C,0.9916633367538452,True,True,True
controller,validation-000707-23169932d9fe3f5b-steps-12,12,11,11,False,True,False,False,C,U,0.7307173013687134,True,False,False
controller,validation-000707-23169932d9fe3f5b-steps-13,13,12,12,False,True,False,False,U,R,0.8817431330680847,True,False,False
controller,validation-000707-23169932d9fe3f5b-steps-14,14,12,12,False,True,False,False,U,F,0.998791515827179,True,False,False
controller,validation-000707-23169932d9fe3f5b-steps-15,15,11,11,False,True,False,False,C,V,0.9708634614944458,True,False,False
controller,validation-000707-23169932d9fe3f5b-steps-16,16,11,11,False,True,False,False,C,A,0.6385766863822937,True,False,False
controller,validation-000311-d8c5b2900ecf8e95-steps-1,1,1,1,True,False,False,False,Q,Q,0.9993103742599487,True,True,True
controller,validation-000311-d8c5b2900ecf8e95-steps-2,2,2,2,True,False,False,False,D,D,0.9959115982055664,True,True,True
controller,validation-000311-d8c5b2900ecf8e95-steps-3,3,3,3,True,False,False,False,Y,Y,0.9994035959243774,True,True,True
controller,validation-000311-d8c5b2900ecf8e95-steps-4,4,4,4,True,False,False,False,Z,Z,0.9997757077217102,True,True,True
controller,validation-000311-d8c5b2900ecf8e95-steps-5,5,5,5,True,False,False,False,F,F,0.9998352527618408,True,True,True
controller,validation-000311-d8c5b2900ecf8e95-steps-6,6,6,6,True,False,False,False,V,V,0.9998282194137573,True,True,True
controller,validation-000311-d8c5b2900ecf8e95-steps-7,7,7,7,True,False,False,False,H,H,0.9999126195907593,True,True,True
controller,validation-000311-d8c5b2900ecf8e95-steps-8,8,8,8,True,False,False,False,L,L,0.9999029636383057,True,True,True
controller,validation-000311-d8c5b2900ecf8e95-steps-9,9,7,7,False,True,False,False,H,U,0.9412639141082764,True,False,False
controller,validation-000311-d8c5b2900ecf8e95-steps-10,10,10,10,True,False,False,False,J,J,0.9997989535331726,True,True,True
controller,validation-000311-d8c5b2900ecf8e95-steps-11,11,11,11,True,False,False,False,N,N,0.9658998250961304,True,True,True
controller,validation-000311-d8c5b2900ecf8e95-steps-12,12,12,12,True,False,False,False,E,E,0.9998970031738281,True,True,True
controller,validation-000311-d8c5b2900ecf8e95-steps-13,13,12,12,False,True,False,False,E,G,0.8606104254722595,True,False,False
controller,validation-000311-d8c5b2900ecf8e95-steps-14,14,12,12,False,True,False,False,E,B,0.9987120628356934,True,False,False
controller,validation-000311-d8c5b2900ecf8e95-steps-15,15,11,11,False,True,False,False,N,S,0.8839194774627686,True,False,False
controller,validation-000311-d8c5b2900ecf8e95-steps-16,16,12,12,False,True,False,False,E,R,0.9998829364776611,True,False,False
controller,validation-001283-819d178b5c86fb52-steps-1,1,1,1,True,False,False,False,I,I,0.9995796084403992,True,True,True
controller,validation-001283-819d178b5c86fb52-steps-2,2,2,2,True,False,False,False,F,F,0.9945616126060486,True,True,True
controller,validation-001283-819d178b5c86fb52-steps-3,3,3,3,True,False,False,False,S,S,0.9989638328552246,True,True,True
controller,validation-001283-819d178b5c86fb52-steps-4,4,4,4,True,False,False,False,X,X,0.9986128807067871,True,True,True
controller,validation-001283-819d178b5c86fb52-steps-5,5,5,5,True,False,False,False,I,I,0.9983111619949341,True,True,True
controller,validation-001283-819d178b5c86fb52-steps-6,6,6,6,True,False,False,False,F,F,0.9953587651252747,True,True,True
controller,validation-001283-819d178b5c86fb52-steps-7,7,7,7,True,False,False,False,S,S,0.9992320537567139,True,True,True
controller,validation-001283-819d178b5c86fb52-steps-8,8,8,8,True,False,False,False,X,X,0.9964028596878052,True,True,True
controller,validation-001283-819d178b5c86fb52-steps-9,9,8,8,False,True,False,False,X,I,0.999756395816803,True,False,False
controller,validation-001283-819d178b5c86fb52-steps-10,10,10,10,True,False,False,False,F,F,0.9992176294326782,True,True,True
controller,validation-001283-819d178b5c86fb52-steps-11,11,11,11,True,False,False,False,S,S,0.8246690630912781,True,True,True
controller,validation-001283-819d178b5c86fb52-steps-12,12,12,12,True,False,False,False,X,X,0.9995039701461792,True,True,True
controller,validation-001283-819d178b5c86fb52-steps-13,13,13,13,True,False,False,False,I,I,0.9998130202293396,True,True,True
controller,validation-001283-819d178b5c86fb52-steps-14,14,12,12,False,True,False,False,X,F,0.9782502055168152,True,False,False
controller,validation-001283-819d178b5c86fb52-steps-15,15,11,11,False,True,False,False,S,S,0.5218244194984436,True,True,False
controller,validation-001283-819d178b5c86fb52-steps-16,16,12,12,False,True,False,False,X,X,0.9993639588356018,True,True,False
controller,validation-000491-8b5d953bfd7abfef-steps-1,1,1,1,True,False,False,False,C,C,0.9995775818824768,True,True,True
controller,validation-000491-8b5d953bfd7abfef-steps-2,2,2,2,True,False,False,False,Y,Y,0.9968656897544861,True,True,True
controller,validation-000491-8b5d953bfd7abfef-steps-3,3,3,3,True,False,False,False,X,X,0.9990293979644775,True,True,True
controller,validation-000491-8b5d953bfd7abfef-steps-4,4,4,4,True,False,False,False,N,N,0.9991063475608826,True,True,True
controller,validation-000491-8b5d953bfd7abfef-steps-5,5,5,5,True,False,False,False,C,C,0.9994891881942749,True,True,True
controller,validation-000491-8b5d953bfd7abfef-steps-6,6,6,6,True,False,False,False,Y,Y,0.9995781779289246,True,True,True
controller,validation-000491-8b5d953bfd7abfef-steps-7,7,7,7,True,False,False,False,X,X,0.999813973903656,True,True,True
controller,validation-000491-8b5d953bfd7abfef-steps-8,8,8,8,True,False,False,False,N,N,0.9996203184127808,True,True,True
controller,validation-000491-8b5d953bfd7abfef-steps-9,9,7,7,False,True,False,False,X,C,0.5551592707633972,True,False,False
controller,validation-000491-8b5d953bfd7abfef-steps-10,10,10,10,True,False,False,False,Y,Y,0.9996070265769958,True,True,True
controller,validation-000491-8b5d953bfd7abfef-steps-11,11,11,11,True,False,False,False,X,X,0.9039440751075745,True,True,True
controller,validation-000491-8b5d953bfd7abfef-steps-12,12,12,12,True,False,False,False,N,N,0.9997296929359436,True,True,True
controller,validation-000491-8b5d953bfd7abfef-steps-13,13,13,13,True,False,False,False,C,C,0.9998973608016968,True,True,True
controller,validation-000491-8b5d953bfd7abfef-steps-14,14,12,12,False,True,False,False,N,Y,0.9925200939178467,True,False,False
controller,validation-000491-8b5d953bfd7abfef-steps-15,15,11,11,False,True,False,False,X,X,0.6926392316818237,True,True,False
controller,validation-000491-8b5d953bfd7abfef-steps-16,16,12,12,False,True,False,False,N,N,0.9996931552886963,True,True,False
controller,validation-001019-b39ee6adadcb67a4-steps-1,1,1,1,True,False,False,False,F,F,0.999384880065918,True,True,True
controller,validation-001019-b39ee6adadcb67a4-steps-2,2,2,2,True,False,False,False,Z,Z,0.997399091720581,True,True,True
controller,validation-001019-b39ee6adadcb67a4-steps-3,3,3,3,True,False,False,False,W,W,0.9996709823608398,True,True,True
controller,validation-001019-b39ee6adadcb67a4-steps-4,4,4,4,True,False,False,False,H,H,0.9999034404754639,True,True,True
controller,validation-001019-b39ee6adadcb67a4-steps-5,5,5,5,True,False,False,False,W,W,0.9999357461929321,True,True,True
controller,validation-001019-b39ee6adadcb67a4-steps-6,6,5,5,False,True,False,False,W,H,0.7449295520782471,True,False,False
controller,validation-001019-b39ee6adadcb67a4-steps-7,7,6,6,False,True,False,False,H,W,0.9705281853675842,True,False,False
controller,validation-001019-b39ee6adadcb67a4-steps-8,8,7,7,False,True,False,False,W,H,0.9654459357261658,True,False,False
controller,validation-001019-b39ee6adadcb67a4-steps-9,9,7,7,False,True,False,False,W,W,0.9984292387962341,True,True,False
controller,validation-001019-b39ee6adadcb67a4-steps-10,10,9,9,False,True,False,False,W,H,0.7959677577018738,True,False,False
controller,validation-001019-b39ee6adadcb67a4-steps-11,11,11,11,True,False,False,False,W,W,0.9985106587409973,True,True,True
controller,validation-001019-b39ee6adadcb67a4-steps-12,12,11,11,False,True,False,False,W,H,0.9089998602867126,True,False,False
controller,validation-001019-b39ee6adadcb67a4-steps-13,13,12,12,False,True,False,False,H,W,0.9854986667633057,True,False,False
controller,validation-001019-b39ee6adadcb67a4-steps-14,14,12,12,False,True,False,False,H,H,0.9995887875556946,True,True,False
controller,validation-001019-b39ee6adadcb67a4-steps-15,15,11,11,False,True,False,False,W,W,0.9920136332511902,True,True,False
controller,validation-001019-b39ee6adadcb67a4-steps-16,16,11,11,False,True,False,False,W,H,0.9414806962013245,True,False,False
controller,validation-000803-fb00c05a7398531f-steps-1,1,1,1,True,False,False,False,A,A,0.9996322393417358,True,True,True
controller,validation-000803-fb00c05a7398531f-steps-2,2,2,2,True,False,False,False,O,O,0.9946348667144775,True,True,True
controller,validation-000803-fb00c05a7398531f-steps-3,3,3,3,True,False,False,False,H,H,0.9981088638305664,True,True,True
controller,validation-000803-fb00c05a7398531f-steps-4,4,4,4,True,False,False,False,G,G,0.9973410964012146,True,True,True
controller,validation-000803-fb00c05a7398531f-steps-5,5,5,5,True,False,False,False,R,R,0.9948399662971497,True,True,True
controller,validation-000803-fb00c05a7398531f-steps-6,6,6,6,True,False,False,False,X,X,0.9737796187400818,True,True,True
controller,validation-000803-fb00c05a7398531f-steps-7,7,7,7,True,False,False,False,T,T,0.9874704480171204,True,True,True
controller,validation-000803-fb00c05a7398531f-steps-8,8,8,8,True,False,False,False,L,L,0.9400193095207214,True,True,True
controller,validation-000803-fb00c05a7398531f-steps-9,9,8,8,False,True,False,False,L,M,0.9970967769622803,True,False,False
controller,validation-000803-fb00c05a7398531f-steps-10,10,10,10,True,False,False,False,F,F,0.996738612651825,True,True,True
controller,validation-000803-fb00c05a7398531f-steps-11,11,12,12,False,False,True,False,Q,N,0.9998764991760254,True,False,False
controller,validation-000803-fb00c05a7398531f-steps-12,12,12,12,True,False,False,False,Q,Q,0.9990143775939941,True,True,True
controller,validation-000803-fb00c05a7398531f-steps-13,13,13,13,True,False,False,False,W,W,0.999640703201294,True,True,True
controller,validation-000803-fb00c05a7398531f-steps-14,14,12,12,False,True,False,False,Q,U,0.8756074905395508,True,False,False
controller,validation-000803-fb00c05a7398531f-steps-15,15,12,12,False,True,False,False,Q,E,0.9997768998146057,True,False,False
controller,validation-000803-fb00c05a7398531f-steps-16,16,12,12,False,True,False,False,Q,V,0.9988406300544739,True,False,False
controller,validation-000011-35f4910e59898b9f-steps-1,1,1,1,True,False,False,False,Z,Z,0.9994320273399353,True,True,True
controller,validation-000011-35f4910e59898b9f-steps-2,2,2,2,True,False,False,False,M,M,0.9938480257987976,True,True,True
controller,validation-000011-35f4910e59898b9f-steps-3,3,3,3,True,False,False,False,F,F,0.9954320192337036,True,True,True
controller,validation-000011-35f4910e59898b9f-steps-4,4,4,4,True,False,False,False,G,G,0.9954673051834106,True,True,True
controller,validation-000011-35f4910e59898b9f-steps-5,5,5,5,True,False,False,False,T,T,0.987812340259552,True,True,True
controller,validation-000011-35f4910e59898b9f-steps-6,6,6,6,True,False,False,False,H,H,0.9917830228805542,True,True,True
controller,validation-000011-35f4910e59898b9f-steps-7,7,7,7,True,False,False,False,I,I,0.9967005848884583,True,True,True
controller,validation-000011-35f4910e59898b9f-steps-8,8,8,8,True,False,False,False,A,A,0.9801809191703796,True,True,True
controller,validation-000011-35f4910e59898b9f-steps-9,9,8,8,False,True,False,False,A,M,0.9993674159049988,True,False,False
controller,validation-000011-35f4910e59898b9f-steps-10,10,10,10,True,False,False,False,F,F,0.9940979480743408,True,True,True
controller,validation-000011-35f4910e59898b9f-steps-11,11,12,12,False,False,True,False,T,G,0.9995381832122803,True,False,False
controller,validation-000011-35f4910e59898b9f-steps-12,12,12,12,True,False,False,False,T,T,0.9948016405105591,True,True,True
controller,validation-000011-35f4910e59898b9f-steps-13,13,13,13,True,False,False,False,H,H,0.9980814456939697,True,True,True
controller,validation-000011-35f4910e59898b9f-steps-14,14,12,12,False,True,False,False,T,I,0.5600777268409729,True,False,False
controller,validation-000011-35f4910e59898b9f-steps-15,15,12,12,False,True,False,False,T,A,0.9989666938781738,True,False,False
controller,validation-000011-35f4910e59898b9f-steps-16,16,12,12,False,True,False,False,T,M,0.9958215951919556,True,False,False
controller,validation-000755-4754f22067ad7fbb-steps-1,1,1,1,True,False,False,False,X,X,0.9978512525558472,True,True,True
controller,validation-000755-4754f22067ad7fbb-steps-2,2,2,2,True,False,False,False,O,O,0.9272432923316956,True,True,True
controller,validation-000755-4754f22067ad7fbb-steps-3,3,3,3,True,False,False,False,N,N,0.8703387975692749,True,True,True
controller,validation-000755-4754f22067ad7fbb-steps-4,4,4,4,True,False,False,False,R,R,0.8657680153846741,True,True,True
controller,validation-000755-4754f22067ad7fbb-steps-5,5,5,5,True,False,False,False,E,E,0.8885024785995483,True,True,True
controller,validation-000755-4754f22067ad7fbb-steps-6,6,6,6,True,False,False,False,U,U,0.845572292804718,True,True,True
controller,validation-000755-4754f22067ad7fbb-steps-7,7,7,7,True,False,False,False,W,W,0.9880744814872742,True,True,True
controller,validation-000755-4754f22067ad7fbb-steps-8,8,8,8,True,False,False,False,S,S,0.9850289225578308,True,True,True
controller,validation-000755-4754f22067ad7fbb-steps-9,9,8,8,False,True,False,False,S,B,0.9991579055786133,True,False,False
controller,validation-000755-4754f22067ad7fbb-steps-10,10,10,10,True,False,False,False,I,I,0.9386436939239502,True,True,True
controller,validation-000755-4754f22067ad7fbb-steps-11,11,12,12,False,False,True,False,J,K,0.9992541670799255,True,False,False
controller,validation-000755-4754f22067ad7fbb-steps-12,12,12,12,True,False,False,False,J,J,0.9837400317192078,True,True,True
controller,validation-000755-4754f22067ad7fbb-steps-13,13,13,13,True,False,False,False,P,P,0.996451735496521,True,True,True
controller,validation-000755-4754f22067ad7fbb-steps-14,14,13,13,False,True,False,False,P,C,0.9998337030410767,True,False,False
controller,validation-000755-4754f22067ad7fbb-steps-15,15,12,12,False,True,False,False,J,V,0.9973613619804382,True,False,False
controller,validation-000755-4754f22067ad7fbb-steps-16,16,12,12,False,True,False,False,J,F,0.9757619500160217,True,False,False
controller,validation-000059-947c2e4edc95e6b9-steps-1,1,1,1,True,False,False,False,M,M,0.9992111921310425,True,True,True
controller,validation-000059-947c2e4edc95e6b9-steps-2,2,2,2,True,False,False,False,H,H,0.9936136603355408,True,True,True
controller,validation-000059-947c2e4edc95e6b9-steps-3,3,3,3,True,False,False,False,Y,Y,0.9989058971405029,True,True,True
controller,validation-000059-947c2e4edc95e6b9-steps-4,4,4,4,True,False,False,False,U,U,0.9994825124740601,True,True,True
controller,validation-000059-947c2e4edc95e6b9-steps-5,5,5,5,True,False,False,False,J,J,0.9996968507766724,True,True,True
controller,validation-000059-947c2e4edc95e6b9-steps-6,6,6,6,True,False,False,False,E,E,0.9995438456535339,True,True,True
controller,validation-000059-947c2e4edc95e6b9-steps-7,7,7,7,True,False,False,False,S,S,0.9998785257339478,True,True,True
controller,validation-000059-947c2e4edc95e6b9-steps-8,8,8,8,True,False,False,False,R,R,0.9996557235717773,True,True,True
controller,validation-000059-947c2e4edc95e6b9-steps-9,9,7,7,False,True,False,False,S,I,0.6144850850105286,True,False,False
controller,validation-000059-947c2e4edc95e6b9-steps-10,10,10,10,True,False,False,False,B,B,0.9998431205749512,True,True,True
controller,validation-000059-947c2e4edc95e6b9-steps-11,11,11,11,True,False,False,False,V,V,0.984387993812561,True,True,True
controller,validation-000059-947c2e4edc95e6b9-steps-12,12,12,12,True,False,False,False,D,D,0.9998656511306763,True,True,True
controller,validation-000059-947c2e4edc95e6b9-steps-13,13,12,12,False,True,False,False,D,T,0.7946234941482544,True,False,False
controller,validation-000059-947c2e4edc95e6b9-steps-14,14,12,12,False,True,False,False,D,Z,0.9977104663848877,True,False,False
controller,validation-000059-947c2e4edc95e6b9-steps-15,15,11,11,False,True,False,False,V,X,0.883843183517456,True,False,False
controller,validation-000059-947c2e4edc95e6b9-steps-16,16,12,12,False,True,False,False,D,N,0.9998107552528381,True,False,False
controller,validation-001199-1331e3b222f63ed2-steps-1,1,1,1,True,False,False,False,G,G,0.9997515082359314,True,True,True
controller,validation-001199-1331e3b222f63ed2-steps-2,2,2,2,True,False,False,False,X,X,0.9990623593330383,True,True,True
controller,validation-001199-1331e3b222f63ed2-steps-3,3,3,3,True,False,False,False,R,R,0.9998039603233337,True,True,True
controller,validation-001199-1331e3b222f63ed2-steps-4,4,4,4,True,False,False,False,G,G,0.9998923540115356,True,True,True
controller,validation-001199-1331e3b222f63ed2-steps-5,5,5,5,True,False,False,False,X,X,0.9998821020126343,True,True,True
controller,validation-001199-1331e3b222f63ed2-steps-6,6,6,6,True,False,False,False,R,R,0.9998852014541626,True,True,True
controller,validation-001199-1331e3b222f63ed2-steps-7,7,7,7,True,False,False,False,G,G,0.9999213218688965,True,True,True
controller,validation-001199-1331e3b222f63ed2-steps-8,8,8,8,True,False,False,False,X,X,0.9998526573181152,True,True,True
controller,validation-001199-1331e3b222f63ed2-steps-9,9,7,7,False,True,False,False,G,R,0.8192639946937561,True,False,False
controller,validation-001199-1331e3b222f63ed2-steps-10,10,10,10,True,False,False,False,G,G,0.9997045397758484,True,True,True
controller,validation-001199-1331e3b222f63ed2-steps-11,11,11,11,True,False,False,False,X,X,0.7111184597015381,True,True,True
controller,validation-001199-1331e3b222f63ed2-steps-12,12,12,12,True,False,False,False,R,R,0.999272882938385,True,True,True
controller,validation-001199-1331e3b222f63ed2-steps-13,13,13,13,True,False,False,False,G,G,0.9995734095573425,True,True,True
controller,validation-001199-1331e3b222f63ed2-steps-14,14,12,12,False,True,False,False,R,X,0.923794686794281,True,False,False
controller,validation-001199-1331e3b222f63ed2-steps-15,15,12,12,False,True,False,False,R,R,0.9998403787612915,True,True,False
controller,validation-001199-1331e3b222f63ed2-steps-16,16,12,12,False,True,False,False,R,G,0.9994575381278992,True,False,False
controller,validation-001403-e1ecd05e0a438517-steps-1,1,1,1,True,False,False,False,R,R,0.9952660799026489,True,True,True
controller,validation-001403-e1ecd05e0a438517-steps-2,2,2,2,True,False,False,False,Y,Y,0.7167757153511047,True,True,True
controller,validation-001403-e1ecd05e0a438517-steps-3,3,3,3,True,False,False,False,F,F,0.6117090582847595,True,True,True
controller,validation-001403-e1ecd05e0a438517-steps-4,4,4,4,True,False,False,False,M,M,0.7819410562515259,True,True,True
controller,validation-001403-e1ecd05e0a438517-steps-5,5,5,5,True,False,False,False,T,T,0.6532463431358337,True,True,True
controller,validation-001403-e1ecd05e0a438517-steps-6,6,6,6,True,False,False,False,E,E,0.6526654958724976,True,True,True
controller,validation-001403-e1ecd05e0a438517-steps-7,7,7,7,True,False,False,False,U,U,0.8882037997245789,True,True,True
controller,validation-001403-e1ecd05e0a438517-steps-8,8,8,8,True,False,False,False,R,R,0.8349202275276184,True,True,True
controller,validation-001403-e1ecd05e0a438517-steps-9,9,8,8,False,True,False,False,R,Y,0.9930227994918823,True,False,False
controller,validation-001403-e1ecd05e0a438517-steps-10,10,10,10,True,False,False,False,F,F,0.5114558935165405,True,True,True
controller,validation-001403-e1ecd05e0a438517-steps-11,11,12,12,False,False,True,False,T,M,0.9890811443328857,True,False,False
controller,validation-001403-e1ecd05e0a438517-steps-12,12,12,12,True,False,False,False,T,T,0.6898899078369141,True,True,True
controller,validation-001403-e1ecd05e0a438517-steps-13,13,13,13,True,False,False,False,E,E,0.8823666572570801,True,True,True
controller,validation-001403-e1ecd05e0a438517-steps-14,14,13,13,False,True,False,False,E,U,0.9988030195236206,True,False,False
controller,validation-001403-e1ecd05e0a438517-steps-15,15,12,12,False,True,False,False,T,R,0.9820625185966492,True,False,False
controller,validation-001403-e1ecd05e0a438517-steps-16,16,12,12,False,True,False,False,T,Y,0.7221001386642456,True,False,False
controller,validation-000875-bcc2172b2648ebb4-steps-1,1,1,1,True,False,False,False,I,I,0.999285876750946,True,True,True
controller,validation-000875-bcc2172b2648ebb4-steps-2,2,2,2,True,False,False,False,K,K,0.9958932399749756,True,True,True
controller,validation-000875-bcc2172b2648ebb4-steps-3,3,3,3,True,False,False,False,B,B,0.9992488026618958,True,True,True
controller,validation-000875-bcc2172b2648ebb4-steps-4,4,4,4,True,False,False,False,Q,Q,0.9997648596763611,True,True,True
controller,validation-000875-bcc2172b2648ebb4-steps-5,5,5,5,True,False,False,False,A,A,0.9998970031738281,True,True,True
controller,validation-000875-bcc2172b2648ebb4-steps-6,6,6,6,True,False,False,False,W,W,0.9998992681503296,True,True,True
controller,validation-000875-bcc2172b2648ebb4-steps-7,7,6,6,False,True,False,False,W,O,0.5337153077125549,True,False,False
controller,validation-000875-bcc2172b2648ebb4-steps-8,8,8,8,True,False,False,False,N,N,0.9999285936355591,True,True,True
controller,validation-000875-bcc2172b2648ebb4-steps-9,9,7,7,False,True,False,False,O,U,0.9604287147521973,True,False,False
controller,validation-000875-bcc2172b2648ebb4-steps-10,10,10,10,True,False,False,False,E,E,0.9998632669448853,True,True,True
controller,validation-000875-bcc2172b2648ebb4-steps-11,11,11,11,True,False,False,False,S,S,0.9481776356697083,True,True,True
controller,validation-000875-bcc2172b2648ebb4-steps-12,12,12,12,True,False,False,False,L,L,0.9998190999031067,True,True,True
controller,validation-000875-bcc2172b2648ebb4-steps-13,13,13,13,True,False,False,False,R,R,0.9997935891151428,True,True,True
controller,validation-000875-bcc2172b2648ebb4-steps-14,14,12,12,False,True,False,False,L,D,0.986261785030365,True,False,False
controller,validation-000875-bcc2172b2648ebb4-steps-15,15,11,11,False,True,False,False,S,Z,0.6913284063339233,True,False,False
controller,validation-000875-bcc2172b2648ebb4-steps-16,16,12,12,False,True,False,False,L,F,0.9997677206993103,True,False,False
