condition,example_id,depth,first_stop,executed_loops,exact_stop,early_stop,late_stop,missing_stop,prediction,target,stop_probability,executor_nominal_correct,stopped_answer_correct,joint_success
controller,validation-000587-c59e46b5e046eac3-steps-1,1,1,1,True,False,False,False,A,A,0.9997321963310242,True,True,True
controller,validation-000587-c59e46b5e046eac3-steps-2,2,2,2,True,False,False,False,O,O,0.9987828135490417,True,True,True
controller,validation-000587-c59e46b5e046eac3-steps-3,3,3,3,True,False,False,False,M,M,0.9997178912162781,True,True,True
controller,validation-000587-c59e46b5e046eac3-steps-4,4,4,4,True,False,False,False,G,G,0.999817430973053,True,True,True
controller,validation-000587-c59e46b5e046eac3-steps-5,5,5,5,True,False,False,False,H,H,0.99985671043396,True,True,True
controller,validation-000587-c59e46b5e046eac3-steps-6,6,6,6,True,False,False,False,O,O,0.9998579025268555,True,True,True
controller,validation-000587-c59e46b5e046eac3-steps-7,7,7,7,True,False,False,False,M,M,0.999944806098938,True,True,True
controller,validation-000587-c59e46b5e046eac3-steps-8,8,8,8,True,False,False,False,G,G,0.9998973608016968,True,True,True
controller,validation-000587-c59e46b5e046eac3-steps-9,9,7,7,False,True,False,False,M,H,0.8276151418685913,True,False,False
controller,validation-000587-c59e46b5e046eac3-steps-10,10,9,9,False,True,False,False,H,O,0.5095794796943665,True,False,False
controller,validation-000587-c59e46b5e046eac3-steps-11,11,11,11,True,False,False,False,M,M,0.9945701956748962,True,True,True
controller,validation-000587-c59e46b5e046eac3-steps-12,12,11,11,False,True,False,False,M,G,0.6868888139724731,True,False,False
controller,validation-000587-c59e46b5e046eac3-steps-13,13,12,12,False,True,False,False,G,H,0.9151351451873779,True,False,False
controller,validation-000587-c59e46b5e046eac3-steps-14,14,12,12,False,True,False,False,G,O,0.9992769360542297,True,False,False
controller,validation-000587-c59e46b5e046eac3-steps-15,15,11,11,False,True,False,False,M,M,0.9677585959434509,True,True,False
controller,validation-000587-c59e46b5e046eac3-steps-16,16,12,12,False,True,False,False,G,G,0.9999306201934814,True,True,False
controller,validation-000539-f76500341b94bd7d-steps-1,1,1,1,True,False,False,False,D,D,0.9988510608673096,True,True,True
controller,validation-000539-f76500341b94bd7d-steps-2,2,2,2,True,False,False,False,E,E,0.9768486022949219,True,True,True
controller,validation-000539-f76500341b94bd7d-steps-3,3,3,3,True,False,False,False,W,W,0.968448281288147,True,True,True
controller,validation-000539-f76500341b94bd7d-steps-4,4,4,4,True,False,False,False,G,G,0.9701064825057983,True,True,True
controller,validation-000539-f76500341b94bd7d-steps-5,5,5,5,True,False,False,False,L,L,0.9305675625801086,True,True,True
controller,validation-000539-f76500341b94bd7d-steps-6,6,6,6,True,False,False,False,A,A,0.7593275904655457,True,True,True
controller,validation-000539-f76500341b94bd7d-steps-7,7,7,7,True,False,False,False,Z,Z,0.8552011251449585,True,True,True
controller,validation-000539-f76500341b94bd7d-steps-8,8,8,8,True,False,False,False,D,D,0.6741366982460022,True,True,True
controller,validation-000539-f76500341b94bd7d-steps-9,9,8,8,False,True,False,False,D,E,0.9904413223266602,True,False,False
controller,validation-000539-f76500341b94bd7d-steps-10,10,10,10,True,False,False,False,W,W,0.7022154927253723,True,True,True
controller,validation-000539-f76500341b94bd7d-steps-11,11,12,12,False,False,True,False,L,G,0.9977954626083374,True,False,False
controller,validation-000539-f76500341b94bd7d-steps-12,12,12,12,True,False,False,False,L,L,0.916790783405304,True,True,True
controller,validation-000539-f76500341b94bd7d-steps-13,13,13,13,True,False,False,False,A,A,0.9840847253799438,True,True,True
controller,validation-000539-f76500341b94bd7d-steps-14,14,13,13,False,True,False,False,A,Z,0.9997203946113586,True,False,False
controller,validation-000539-f76500341b94bd7d-steps-15,15,12,12,False,True,False,False,L,D,0.9885932207107544,True,False,False
controller,validation-000539-f76500341b94bd7d-steps-16,16,12,12,False,True,False,False,L,E,0.9026819467544556,True,False,False
controller,validation-001175-f8bc6d41031bea05-steps-1,1,1,1,True,False,False,False,Z,Z,0.9993112087249756,True,True,True
controller,validation-001175-f8bc6d41031bea05-steps-2,2,2,2,True,False,False,False,V,V,0.9856941103935242,True,True,True
controller,validation-001175-f8bc6d41031bea05-steps-3,3,3,3,True,False,False,False,K,K,0.9841334819793701,True,True,True
controller,validation-001175-f8bc6d41031bea05-steps-4,4,4,4,True,False,False,False,E,E,0.9747946262359619,True,True,True
controller,validation-001175-f8bc6d41031bea05-steps-5,5,5,5,True,False,False,False,Q,Q,0.8424890041351318,True,True,True
controller,validation-001175-f8bc6d41031bea05-steps-6,6,6,6,True,False,False,False,L,L,0.6502875089645386,True,True,True
controller,validation-001175-f8bc6d41031bea05-steps-7,7,7,7,True,False,False,False,N,N,0.7646004557609558,True,True,True
controller,validation-001175-f8bc6d41031bea05-steps-8,8,9,9,False,False,True,False,A,H,0.9999315738677979,True,False,False
controller,validation-001175-f8bc6d41031bea05-steps-9,9,8,8,False,True,False,False,H,A,0.9747945070266724,True,False,False
controller,validation-001175-f8bc6d41031bea05-steps-10,10,10,10,True,False,False,False,F,F,0.6647918224334717,True,True,True
controller,validation-001175-f8bc6d41031bea05-steps-11,11,12,12,False,False,True,False,W,S,0.9943549633026123,True,False,False
controller,validation-001175-f8bc6d41031bea05-steps-12,12,12,12,True,False,False,False,W,W,0.7674142122268677,True,True,True
controller,validation-001175-f8bc6d41031bea05-steps-13,13,13,13,True,False,False,False,R,R,0.9687948822975159,True,True,True
controller,validation-001175-f8bc6d41031bea05-steps-14,14,13,13,False,True,False,False,R,X,0.9997246861457825,True,False,False
controller,validation-001175-f8bc6d41031bea05-steps-15,15,12,12,False,True,False,False,W,B,0.9914767146110535,True,False,False
controller,validation-001175-f8bc6d41031bea05-steps-16,16,12,12,False,True,False,False,W,O,0.7372658848762512,True,False,False
controller,validation-000575-a49455d6ec936787-steps-1,1,1,1,True,False,False,False,S,S,0.9993438124656677,True,True,True
controller,validation-000575-a49455d6ec936787-steps-2,2,2,2,True,False,False,False,R,R,0.9865946769714355,True,True,True
controller,validation-000575-a49455d6ec936787-steps-3,3,3,3,True,False,False,False,S,S,0.982038676738739,True,True,True
controller,validation-000575-a49455d6ec936787-steps-4,4,4,4,True,False,False,False,R,R,0.9554691314697266,True,True,True
controller,validation-000575-a49455d6ec936787-steps-5,5,5,5,True,False,False,False,S,S,0.8802404403686523,True,True,True
controller,validation-000575-a49455d6ec936787-steps-6,6,6,6,True,False,False,False,R,R,0.643645167350769,True,True,True
controller,validation-000575-a49455d6ec936787-steps-7,7,7,7,True,False,False,False,S,S,0.8366397619247437,True,True,True
controller,validation-000575-a49455d6ec936787-steps-8,8,8,8,True,False,False,False,R,R,0.6012044548988342,True,True,True
controller,validation-000575-a49455d6ec936787-steps-9,9,8,8,False,True,False,False,R,S,0.9874109625816345,True,False,False
controller,validation-000575-a49455d6ec936787-steps-10,10,10,10,True,False,False,False,R,R,0.5393033027648926,True,True,True
controller,validation-000575-a49455d6ec936787-steps-11,11,12,12,False,False,True,False,R,S,0.9935234785079956,True,False,False
controller,validation-000575-a49455d6ec936787-steps-12,12,12,12,True,False,False,False,R,R,0.8100253343582153,True,True,True
controller,validation-000575-a49455d6ec936787-steps-13,13,13,13,True,False,False,False,S,S,0.9651364684104919,True,True,True
controller,validation-000575-a49455d6ec936787-steps-14,14,13,13,False,True,False,False,S,R,0.9996658563613892,True,False,False
controller,validation-000575-a49455d6ec936787-steps-15,15,12,12,False,True,False,False,R,S,0.9841625690460205,True,False,False
controller,validation-000575-a49455d6ec936787-steps-16,16,12,12,False,True,False,False,R,R,0.8504990339279175,True,True,False
controller,validation-000527-c77e9440688603e4-steps-1,1,1,1,True,False,False,False,T,T,0.9997252821922302,True,True,True
controller,validation-000527-c77e9440688603e4-steps-2,2,2,2,True,False,False,False,J,J,0.9991508722305298,True,True,True
controller,validation-000527-c77e9440688603e4-steps-3,3,3,3,True,False,False,False,T,T,0.9998812675476074,True,True,True
controller,validation-000527-c77e9440688603e4-steps-4,4,4,4,True,False,False,False,J,J,0.9999508857727051,True,True,True
controller,validation-000527-c77e9440688603e4-steps-5,5,5,5,True,False,False,False,T,T,0.99994957447052,True,True,True
controller,validation-000527-c77e9440688603e4-steps-6,6,6,6,True,False,False,False,J,J,0.9999457597732544,True,True,True
controller,validation-000527-c77e9440688603e4-steps-7,7,6,6,False,True,False,False,J,T,0.6555575728416443,True,False,False
controller,validation-000527-c77e9440688603e4-steps-8,8,8,8,True,False,False,False,J,J,0.9999572038650513,True,True,True
controller,validation-000527-c77e9440688603e4-steps-9,9,7,7,False,True,False,False,T,T,0.9765390157699585,True,True,False
controller,validation-000527-c77e9440688603e4-steps-10,10,10,10,True,False,False,False,J,J,0.9998760223388672,True,True,True
controller,validation-000527-c77e9440688603e4-steps-11,11,11,11,True,False,False,False,T,T,0.953960657119751,True,True,True
controller,validation-000527-c77e9440688603e4-steps-12,12,12,12,True,False,False,False,J,J,0.9998688697814941,True,True,True
controller,validation-000527-c77e9440688603e4-steps-13,13,12,12,False,True,False,False,J,T,0.5991792678833008,True,False,False
controller,validation-000527-c77e9440688603e4-steps-14,14,12,12,False,True,False,False,J,J,0.9971230626106262,True,True,False
controller,validation-000527-c77e9440688603e4-steps-15,15,11,11,False,True,False,False,T,T,0.8265747427940369,True,True,False
controller,validation-000527-c77e9440688603e4-steps-16,16,12,12,False,True,False,False,J,J,0.9999033212661743,True,True,False
controller,validation-001343-3eae56d6e9ed6519-steps-1,1,1,1,True,False,False,False,Q,Q,0.9992414712905884,True,True,True
controller,validation-001343-3eae56d6e9ed6519-steps-2,2,2,2,True,False,False,False,D,D,0.9938948750495911,True,True,True
controller,validation-001343-3eae56d6e9ed6519-steps-3,3,3,3,True,False,False,False,T,T,0.997043788433075,True,True,True
controller,validation-001343-3eae56d6e9ed6519-steps-4,4,4,4,True,False,False,False,D,D,0.9955973029136658,True,True,True
controller,validation-001343-3eae56d6e9ed6519-steps-5,5,5,5,True,False,False,False,T,T,0.9864333868026733,True,True,True
controller,validation-001343-3eae56d6e9ed6519-steps-6,6,6,6,True,False,False,False,D,D,0.9456214904785156,True,True,True
controller,validation-001343-3eae56d6e9ed6519-steps-7,7,7,7,True,False,False,False,T,T,0.903612494468689,True,True,True
controller,validation-001343-3eae56d6e9ed6519-steps-8,8,8,8,True,False,False,False,D,D,0.8337820768356323,True,True,True
controller,validation-001343-3eae56d6e9ed6519-steps-9,9,8,8,False,True,False,False,D,T,0.9954452514648438,True,False,False
controller,validation-001343-3eae56d6e9ed6519-steps-10,10,10,10,True,False,False,False,D,D,0.5626235008239746,True,True,True
controller,validation-001343-3eae56d6e9ed6519-steps-11,11,12,12,False,False,True,False,D,T,0.9971838593482971,True,False,False
controller,validation-001343-3eae56d6e9ed6519-steps-12,12,12,12,True,False,False,False,D,D,0.7831779718399048,True,True,True
controller,validation-001343-3eae56d6e9ed6519-steps-13,13,13,13,True,False,False,False,T,T,0.9862931966781616,True,True,True
controller,validation-001343-3eae56d6e9ed6519-steps-14,14,13,13,False,True,False,False,T,D,0.9996392726898193,True,False,False
controller,validation-001343-3eae56d6e9ed6519-steps-15,15,12,12,False,True,False,False,D,T,0.9789920449256897,True,False,False
controller,validation-001343-3eae56d6e9ed6519-steps-16,16,12,12,False,True,False,False,D,D,0.8092206120491028,True,True,False
controller,validation-001523-3296e447ce252ee9-steps-1,1,1,1,True,False,False,False,Y,Y,0.9989696741104126,True,True,True
controller,validation-001523-3296e447ce252ee9-steps-2,2,2,2,True,False,False,False,C,C,0.9840795397758484,True,True,True
controller,validation-001523-3296e447ce252ee9-steps-3,3,3,3,True,False,False,False,S,S,0.9853971600532532,True,True,True
controller,validation-001523-3296e447ce252ee9-steps-4,4,4,4,True,False,False,False,P,P,0.9905907511711121,True,True,True
controller,validation-001523-3296e447ce252ee9-steps-5,5,5,5,True,False,False,False,X,X,0.9623297452926636,True,True,True
controller,validation-001523-3296e447ce252ee9-steps-6,6,6,6,True,False,False,False,D,D,0.9317065477371216,True,True,True
controller,validation-001523-3296e447ce252ee9-steps-7,7,7,7,True,False,False,False,B,B,0.9382812976837158,True,True,True
controller,validation-001523-3296e447ce252ee9-steps-8,8,8,8,True,False,False,False,H,H,0.8202891945838928,True,True,True
controller,validation-001523-3296e447ce252ee9-steps-9,9,8,8,False,True,False,False,H,I,0.9956802129745483,True,False,False
controller,validation-001523-3296e447ce252ee9-steps-10,10,10,10,True,False,False,False,Z,Z,0.7671799063682556,True,True,True
controller,validation-001523-3296e447ce252ee9-steps-11,11,12,12,False,False,True,False,K,O,0.9990678429603577,True,False,False
controller,validation-001523-3296e447ce252ee9-steps-12,12,12,12,True,False,False,False,K,K,0.9502793550491333,True,True,True
controller,validation-001523-3296e447ce252ee9-steps-13,13,13,13,True,False,False,False,K,K,0.9921263456344604,True,True,True
controller,validation-001523-3296e447ce252ee9-steps-14,14,13,13,False,True,False,False,K,K,0.9998518228530884,True,True,False
controller,validation-001523-3296e447ce252ee9-steps-15,15,12,12,False,True,False,False,K,K,0.996679425239563,True,True,False
controller,validation-001523-3296e447ce252ee9-steps-16,16,12,12,False,True,False,False,K,K,0.94225013256073,True,True,False
controller,validation-000611-46c166ebb1c244ff-steps-1,1,1,1,True,False,False,False,J,J,0.9994786381721497,True,True,True
controller,validation-000611-46c166ebb1c244ff-steps-2,2,2,2,True,False,False,False,Y,Y,0.9955376386642456,True,True,True
controller,validation-000611-46c166ebb1c244ff-steps-3,3,3,3,True,False,False,False,K,K,0.9987105131149292,True,True,True
controller,validation-000611-46c166ebb1c244ff-steps-4,4,4,4,True,False,False,False,S,S,0.9993189573287964,True,True,True
controller,validation-000611-46c166ebb1c244ff-steps-5,5,5,5,True,False,False,False,O,O,0.9994354844093323,True,True,True
controller,validation-000611-46c166ebb1c244ff-steps-6,6,6,6,True,False,False,False,E,E,0.9993532299995422,True,True,True
controller,validation-000611-46c166ebb1c244ff-steps-7,7,7,7,True,False,False,False,G,G,0.9998084902763367,True,True,True
controller,validation-000611-46c166ebb1c244ff-steps-8,8,8,8,True,False,False,False,U,U,0.9997007846832275,True,True,True
controller,validation-000611-46c166ebb1c244ff-steps-9,9,8,8,False,True,False,False,U,N,0.9999431371688843,True,False,False
controller,validation-000611-46c166ebb1c244ff-steps-10,10,10,10,True,False,False,False,H,H,0.9997813105583191,True,True,True
controller,validation-000611-46c166ebb1c244ff-steps-11,11,11,11,True,False,False,False,T,T,0.8051939606666565,True,True,True
controller,validation-000611-46c166ebb1c244ff-steps-12,12,12,12,True,False,False,False,F,F,0.9998395442962646,True,True,True
controller,validation-000611-46c166ebb1c244ff-steps-13,13,13,13,True,False,False,False,Q,Q,0.9999034404754639,True,True,True
controller,validation-000611-46c166ebb1c244ff-steps-14,14,12,12,False,True,False,False,F,B,0.9937547445297241,True,False,False
controller,validation-000611-46c166ebb1c244ff-steps-15,15,11,11,False,True,False,False,T,P,0.5050231218338013,True,False,False
controller,validation-000611-46c166ebb1c244ff-steps-16,16,12,12,False,True,False,False,F,A,0.9998583793640137,True,False,False
controller,validation-000083-1a1c162c8a716f0f-steps-1,1,1,1,True,False,False,False,L,L,0.9988610744476318,True,True,True
controller,validation-000083-1a1c162c8a716f0f-steps-2,2,2,2,True,False,False,False,C,C,0.9880545735359192,True,True,True
controller,validation-000083-1a1c162c8a716f0f-steps-3,3,3,3,True,False,False,False,D,D,0.9947966933250427,True,True,True
controller,validation-000083-1a1c162c8a716f0f-steps-4,4,4,4,True,False,False,False,Q,Q,0.9983793497085571,True,True,True
controller,validation-000083-1a1c162c8a716f0f-steps-5,5,5,5,True,False,False,False,S,S,0.9992263317108154,True,True,True
controller,validation-000083-1a1c162c8a716f0f-steps-6,6,6,6,True,False,False,False,N,N,0.9979180693626404,True,True,True
controller,validation-000083-1a1c162c8a716f0f-steps-7,7,7,7,True,False,False,False,V,V,0.9997633099555969,True,True,True
controller,validation-000083-1a1c162c8a716f0f-steps-8,8,8,8,True,False,False,False,B,B,0.9997610449790955,True,True,True
controller,validation-000083-1a1c162c8a716f0f-steps-9,9,8,8,False,True,False,False,B,E,0.9999426603317261,True,False,False
controller,validation-000083-1a1c162c8a716f0f-steps-10,10,10,10,True,False,False,False,Z,Z,0.999555766582489,True,True,True
controller,validation-000083-1a1c162c8a716f0f-steps-11,11,11,11,True,False,False,False,M,M,0.831661581993103,True,True,True
controller,validation-000083-1a1c162c8a716f0f-steps-12,12,12,12,True,False,False,False,W,W,0.9998756647109985,True,True,True
controller,validation-000083-1a1c162c8a716f0f-steps-13,13,12,12,False,True,False,False,W,R,0.5925434231758118,True,False,False
controller,validation-000083-1a1c162c8a716f0f-steps-14,14,12,12,False,True,False,False,W,K,0.9951435327529907,True,False,False
controller,validation-000083-1a1c162c8a716f0f-steps-15,15,11,11,False,True,False,False,M,A,0.5193113088607788,True,False,False
controller,validation-000083-1a1c162c8a716f0f-steps-16,16,12,12,False,True,False,False,W,O,0.9998630285263062,True,False,False
controller,validation-000359-b92f23fc5463bcf8-steps-1,1,1,1,True,False,False,False,O,O,0.9998124241828918,True,True,True
controller,validation-000359-b92f23fc5463bcf8-steps-2,2,2,2,True,False,False,False,J,J,0.9990697503089905,True,True,True
controller,validation-000359-b92f23fc5463bcf8-steps-3,3,3,3,True,False,False,False,E,E,0.999786913394928,True,True,True
controller,validation-000359-b92f23fc5463bcf8-steps-4,4,4,4,True,False,False,False,Y,Y,0.9999024868011475,True,True,True
controller,validation-000359-b92f23fc5463bcf8-steps-5,5,5,5,True,False,False,False,G,G,0.9998941421508789,True,True,True
controller,validation-000359-b92f23fc5463bcf8-steps-6,6,6,6,True,False,False,False,X,X,0.9999165534973145,True,True,True
controller,validation-000359-b92f23fc5463bcf8-steps-7,7,7,7,True,False,False,False,T,T,0.9999428987503052,True,True,True
controller,validation-000359-b92f23fc5463bcf8-steps-8,8,8,8,True,False,False,False,N,N,0.9998706579208374,True,True,True
controller,validation-000359-b92f23fc5463bcf8-steps-9,9,7,7,False,True,False,False,T,M,0.7451701164245605,True,False,False
controller,validation-000359-b92f23fc5463bcf8-steps-10,10,10,10,True,False,False,False,C,C,0.9999184608459473,True,True,True
controller,validation-000359-b92f23fc5463bcf8-steps-11,11,11,11,True,False,False,False,O,O,0.9093902111053467,True,True,True
controller,validation-000359-b92f23fc5463bcf8-steps-12,12,12,12,True,False,False,False,J,J,0.9998834133148193,True,True,True
controller,validation-000359-b92f23fc5463bcf8-steps-13,13,13,13,True,False,False,False,E,E,0.9999090433120728,True,True,True
controller,validation-000359-b92f23fc5463bcf8-steps-14,14,12,12,False,True,False,False,J,Y,0.9955220222473145,True,False,False
controller,validation-000359-b92f23fc5463bcf8-steps-15,15,11,11,False,True,False,False,O,G,0.8247365355491638,True,False,False
controller,validation-000359-b92f23fc5463bcf8-steps-16,16,12,12,False,True,False,False,J,X,0.9999107122421265,True,False,False
controller,validation-000323-bdc0809a8b0d79a5-steps-1,1,1,1,True,False,False,False,S,S,0.9990662932395935,True,True,True
controller,validation-000323-bdc0809a8b0d79a5-steps-2,2,2,2,True,False,False,False,X,X,0.9759366512298584,True,True,True
controller,validation-000323-bdc0809a8b0d79a5-steps-3,3,3,3,True,False,False,False,Q,Q,0.9818891286849976,True,True,True
controller,validation-000323-bdc0809a8b0d79a5-steps-4,4,4,4,True,False,False,False,D,D,0.9687440991401672,True,True,True
controller,validation-000323-bdc0809a8b0d79a5-steps-5,5,5,5,True,False,False,False,P,P,0.9499328136444092,True,True,True
controller,validation-000323-bdc0809a8b0d79a5-steps-6,6,6,6,True,False,False,False,E,E,0.847737729549408,True,True,True
controller,validation-000323-bdc0809a8b0d79a5-steps-7,7,7,7,True,False,False,False,Z,Z,0.9587424397468567,True,True,True
controller,validation-000323-bdc0809a8b0d79a5-steps-8,8,8,8,True,False,False,False,M,M,0.9469894766807556,True,True,True
controller,validation-000323-bdc0809a8b0d79a5-steps-9,9,8,8,False,True,False,False,M,A,0.9966326355934143,True,False,False
controller,validation-000323-bdc0809a8b0d79a5-steps-10,10,10,10,True,False,False,False,C,C,0.9336557984352112,True,True,True
controller,validation-000323-bdc0809a8b0d79a5-steps-11,11,12,12,False,False,True,False,T,N,0.9997448325157166,True,False,False
controller,validation-000323-bdc0809a8b0d79a5-steps-12,12,12,12,True,False,False,False,T,T,0.9938995838165283,True,True,True
controller,validation-000323-bdc0809a8b0d79a5-steps-13,13,13,13,True,False,False,False,U,U,0.9982847571372986,True,True,True
controller,validation-000323-bdc0809a8b0d79a5-steps-14,14,13,13,False,True,False,False,U,O,0.9999234676361084,True,False,False
controller,validation-000323-bdc0809a8b0d79a5-steps-15,15,12,12,False,True,False,False,T,W,0.9992725253105164,True,False,False
controller,validation-000323-bdc0809a8b0d79a5-steps-16,16,12,12,False,True,False,False,T,H,0.9920333027839661,True,False,False
controller,validation-000899-75f60bb8180d1a83-steps-1,1,1,1,True,False,False,False,I,I,0.9995564818382263,True,True,True
controller,validation-000899-75f60bb8180d1a83-steps-2,2,2,2,True,False,False,False,A,A,0.9933539628982544,True,True,True
controller,validation-000899-75f60bb8180d1a83-steps-3,3,3,3,True,False,False,False,V,V,0.9968699812889099,True,True,True
controller,validation-000899-75f60bb8180d1a83-steps-4,4,4,4,True,False,False,False,Y,Y,0.9979694485664368,True,True,True
controller,validation-000899-75f60bb8180d1a83-steps-5,5,5,5,True,False,False,False,G,G,0.9984664916992188,True,True,True
controller,validation-000899-75f60bb8180d1a83-steps-6,6,6,6,True,False,False,False,P,P,0.9972836971282959,True,True,True
controller,validation-000899-75f60bb8180d1a83-steps-7,7,7,7,True,False,False,False,N,N,0.9987432360649109,True,True,True
controller,validation-000899-75f60bb8180d1a83-steps-8,8,8,8,True,False,False,False,F,F,0.9985979199409485,True,True,True
controller,validation-000899-75f60bb8180d1a83-steps-9,9,8,8,False,True,False,False,F,T,0.999897837638855,True,False,False
controller,validation-000899-75f60bb8180d1a83-steps-10,10,10,10,True,False,False,False,O,O,0.9999024868011475,True,True,True
controller,validation-000899-75f60bb8180d1a83-steps-11,11,11,11,True,False,False,False,Q,Q,0.9737371206283569,True,True,True
controller,validation-000899-75f60bb8180d1a83-steps-12,12,12,12,True,False,False,False,U,U,0.999875545501709,True,True,True
controller,validation-000899-75f60bb8180d1a83-steps-13,13,13,13,True,False,False,False,S,S,0.9999362230300903,True,True,True
controller,validation-000899-75f60bb8180d1a83-steps-14,14,12,12,False,True,False,False,U,H,0.9949865341186523,True,False,False
controller,validation-000899-75f60bb8180d1a83-steps-15,15,11,11,False,True,False,False,Q,K,0.80705326795578,True,False,False
controller,validation-000899-75f60bb8180d1a83-steps-16,16,12,12,False,True,False,False,U,C,0.9998879432678223,True,False,False
controller,validation-000599-2f78e7c2fe9b1ad3-steps-1,1,1,1,True,False,False,False,V,V,0.9998030066490173,True,True,True
controller,validation-000599-2f78e7c2fe9b1ad3-steps-2,2,2,2,True,False,False,False,V,V,0.9995749592781067,True,True,True
controller,validation-000599-2f78e7c2fe9b1ad3-steps-3,3,3,3,True,False,False,False,V,V,0.9999357461929321,True,True,True
controller,validation-000599-2f78e7c2fe9b1ad3-steps-4,4,4,4,True,False,False,False,V,V,0.9999634027481079,True,True,True
controller,validation-000599-2f78e7c2fe9b1ad3-steps-5,5,4,4,False,True,False,False,V,V,0.6214964985847473,True,True,False
controller,validation-000599-2f78e7c2fe9b1ad3-steps-6,6,5,5,False,True,False,False,V,V,0.9089577198028564,True,True,False
controller,validation-000599-2f78e7c2fe9b1ad3-steps-7,7,6,6,False,True,False,False,V,V,0.992148220539093,True,True,False
controller,validation-000599-2f78e7c2fe9b1ad3-steps-8,8,7,7,False,True,False,False,V,V,0.9776750206947327,True,True,False
controller,validation-000599-2f78e7c2fe9b1ad3-steps-9,9,7,7,False,True,False,False,V,V,0.9994780421257019,True,True,False
controller,validation-000599-2f78e7c2fe9b1ad3-steps-10,10,9,9,False,True,False,False,V,V,0.9981778860092163,True,True,False
controller,validation-000599-2f78e7c2fe9b1ad3-steps-11,11,11,11,True,False,False,False,V,V,0.9998225569725037,True,True,True
controller,validation-000599-2f78e7c2fe9b1ad3-steps-12,12,11,11,False,True,False,False,V,V,0.9967010617256165,True,True,False
controller,validation-000599-2f78e7c2fe9b1ad3-steps-13,13,12,12,False,True,False,False,V,V,0.999091386795044,True,True,False
controller,validation-000599-2f78e7c2fe9b1ad3-steps-14,14,11,11,False,True,False,False,V,V,0.7561166286468506,True,True,False
controller,validation-000599-2f78e7c2fe9b1ad3-steps-15,15,11,11,False,True,False,False,V,V,0.9996240139007568,True,True,False
controller,validation-000599-2f78e7c2fe9b1ad3-steps-16,16,11,11,False,True,False,False,V,V,0.996759831905365,True,True,False
controller,validation-001331-08e35c3a1f358a68-steps-1,1,1,1,True,False,False,False,L,L,0.9995325803756714,True,True,True
controller,validation-001331-08e35c3a1f358a68-steps-2,2,2,2,True,False,False,False,P,P,0.9978591799736023,True,True,True
controller,validation-001331-08e35c3a1f358a68-steps-3,3,3,3,True,False,False,False,C,C,0.9994876384735107,True,True,True
controller,validation-001331-08e35c3a1f358a68-steps-4,4,4,4,True,False,False,False,Z,Z,0.9996757507324219,True,True,True
controller,validation-001331-08e35c3a1f358a68-steps-5,5,5,5,True,False,False,False,U,U,0.9996927976608276,True,True,True
controller,validation-001331-08e35c3a1f358a68-steps-6,6,6,6,True,False,False,False,N,N,0.9997572302818298,True,True,True
controller,validation-001331-08e35c3a1f358a68-steps-7,7,7,7,True,False,False,False,L,L,0.9997891783714294,True,True,True
controller,validation-001331-08e35c3a1f358a68-steps-8,8,8,8,True,False,False,False,P,P,0.9996415376663208,True,True,True
controller,validation-001331-08e35c3a1f358a68-steps-9,9,8,8,False,True,False,False,P,C,0.9999487400054932,True,False,False
controller,validation-001331-08e35c3a1f358a68-steps-10,10,10,10,True,False,False,False,Z,Z,0.9995741248130798,True,True,True
controller,validation-001331-08e35c3a1f358a68-steps-11,11,11,11,True,False,False,False,U,U,0.8757585883140564,True,True,True
controller,validation-001331-08e35c3a1f358a68-steps-12,12,12,12,True,False,False,False,N,N,0.9997691512107849,True,True,True
controller,validation-001331-08e35c3a1f358a68-steps-13,13,13,13,True,False,False,False,L,L,0.9999175071716309,True,True,True
controller,validation-001331-08e35c3a1f358a68-steps-14,14,12,12,False,True,False,False,N,P,0.9901688098907471,True,False,False
controller,validation-001331-08e35c3a1f358a68-steps-15,15,12,12,False,True,False,False,N,C,0.9999291896820068,True,False,False
controller,validation-001331-08e35c3a1f358a68-steps-16,16,12,12,False,True,False,False,N,Z,0.99982750415802,True,False,False
controller,validation-000911-5281ea2ec2b634b7-steps-1,1,1,1,True,False,False,False,I,I,0.9997064471244812,True,True,True
controller,validation-000911-5281ea2ec2b634b7-steps-2,2,2,2,True,False,False,False,F,F,0.9984657764434814,True,True,True
controller,validation-000911-5281ea2ec2b634b7-steps-3,3,3,3,True,False,False,False,D,D,0.9996761083602905,True,True,True
controller,validation-000911-5281ea2ec2b634b7-steps-4,4,4,4,True,False,False,False,N,N,0.9998656511306763,True,True,True
controller,validation-000911-5281ea2ec2b634b7-steps-5,5,5,5,True,False,False,False,A,A,0.9999009370803833,True,True,True
controller,validation-000911-5281ea2ec2b634b7-steps-6,6,6,6,True,False,False,False,B,B,0.9998984336853027,True,True,True
controller,validation-000911-5281ea2ec2b634b7-steps-7,7,7,7,True,False,False,False,L,L,0.9999533891677856,True,True,True
controller,validation-000911-5281ea2ec2b634b7-steps-8,8,8,8,True,False,False,False,W,W,0.9999246597290039,True,True,True
controller,validation-000911-5281ea2ec2b634b7-steps-9,9,7,7,False,True,False,False,L,V,0.8595865368843079,True,False,False
controller,validation-000911-5281ea2ec2b634b7-steps-10,10,10,10,True,False,False,False,U,U,0.9998984336853027,True,True,True
controller,validation-000911-5281ea2ec2b634b7-steps-11,11,11,11,True,False,False,False,X,X,0.9689120650291443,True,True,True
controller,validation-000911-5281ea2ec2b634b7-steps-12,12,12,12,True,False,False,False,R,R,0.999911904335022,True,True,True
controller,validation-000911-5281ea2ec2b634b7-steps-13,13,12,12,False,True,False,False,R,M,0.6885305643081665,True,False,False
controller,validation-000911-5281ea2ec2b634b7-steps-14,14,12,12,False,True,False,False,R,Z,0.9985023736953735,True,False,False
controller,validation-000911-5281ea2ec2b634b7-steps-15,15,11,11,False,True,False,False,X,J,0.9006233215332031,True,False,False
controller,validation-000911-5281ea2ec2b634b7-steps-16,16,12,12,False,True,False,False,R,A,0.9999102354049683,True,False,False
controller,validation-000131-f86ab9cea858725f-steps-1,1,1,1,True,False,False,False,F,F,0.9993495345115662,True,True,True
controller,validation-000131-f86ab9cea858725f-steps-2,2,2,2,True,False,False,False,V,V,0.9962213039398193,True,True,True
controller,validation-000131-f86ab9cea858725f-steps-3,3,3,3,True,False,False,False,T,T,0.9991375207901001,True,True,True
controller,validation-000131-f86ab9cea858725f-steps-4,4,4,4,True,False,False,False,S,S,0.9994257688522339,True,True,True
controller,validation-000131-f86ab9cea858725f-steps-5,5,5,5,True,False,False,False,E,E,0.9991065859794617,True,True,True
controller,validation-000131-f86ab9cea858725f-steps-6,6,6,6,True,False,False,False,D,D,0.997962236404419,True,True,True
controller,validation-000131-f86ab9cea858725f-steps-7,7,7,7,True,False,False,False,B,B,0.9988853335380554,True,True,True
controller,validation-000131-f86ab9cea858725f-steps-8,8,8,8,True,False,False,False,J,J,0.9978563189506531,True,True,True
controller,validation-000131-f86ab9cea858725f-steps-9,9,8,8,False,True,False,False,J,O,0.9998249411582947,True,False,False
controller,validation-000131-f86ab9cea858725f-steps-10,10,10,10,True,False,False,False,I,I,0.9994816184043884,True,True,True
controller,validation-000131-f86ab9cea858725f-steps-11,11,12,12,False,False,True,False,U,R,0.9999262094497681,True,False,False
controller,validation-000131-f86ab9cea858725f-steps-12,12,12,12,True,False,False,False,U,U,0.9994555115699768,True,True,True
controller,validation-000131-f86ab9cea858725f-steps-13,13,13,13,True,False,False,False,W,W,0.9997591376304626,True,True,True
controller,validation-000131-f86ab9cea858725f-steps-14,14,12,12,False,True,False,False,U,G,0.9374113082885742,True,False,False
controller,validation-000131-f86ab9cea858725f-steps-15,15,12,12,False,True,False,False,U,F,0.9998835325241089,True,False,False
controller,validation-000131-f86ab9cea858725f-steps-16,16,12,12,False,True,False,False,U,V,0.9994589686393738,True,False,False
controller,validation-000107-f9696f08ed7f5e0c-steps-1,1,1,1,True,False,False,False,T,T,0.9990546107292175,True,True,True
controller,validation-000107-f9696f08ed7f5e0c-steps-2,2,2,2,True,False,False,False,W,W,0.9765258431434631,True,True,True
controller,validation-000107-f9696f08ed7f5e0c-steps-3,3,3,3,True,False,False,False,Z,Z,0.9869951605796814,True,True,True
controller,validation-000107-f9696f08ed7f5e0c-steps-4,4,4,4,True,False,False,False,H,H,0.9920126795768738,True,True,True
controller,validation-000107-f9696f08ed7f5e0c-steps-5,5,5,5,True,False,False,False,V,V,0.9927577972412109,True,True,True
controller,validation-000107-f9696f08ed7f5e0c-steps-6,6,6,6,True,False,False,False,E,E,0.989781379699707,True,True,True
controller,validation-000107-f9696f08ed7f5e0c-steps-7,7,7,7,True,False,False,False,B,B,0.9980331063270569,True,True,True
controller,validation-000107-f9696f08ed7f5e0c-steps-8,8,8,8,True,False,False,False,O,O,0.9951932430267334,True,True,True
controller,validation-000107-f9696f08ed7f5e0c-steps-9,9,8,8,False,True,False,False,O,X,0.9997698664665222,True,False,False
controller,validation-000107-f9696f08ed7f5e0c-steps-10,10,10,10,True,False,False,False,J,J,0.9924443364143372,True,True,True
controller,validation-000107-f9696f08ed7f5e0c-steps-11,11,12,12,False,False,True,False,K,I,0.9999009370803833,True,False,False
controller,validation-000107-f9696f08ed7f5e0c-steps-12,12,12,12,True,False,False,False,K,K,0.9989678859710693,True,True,True
controller,validation-000107-f9696f08ed7f5e0c-steps-13,13,13,13,True,False,False,False,Y,Y,0.9997695088386536,True,True,True
controller,validation-000107-f9696f08ed7f5e0c-steps-14,14,12,12,False,True,False,False,K,G,0.9087527990341187,True,False,False
controller,validation-000107-f9696f08ed7f5e0c-steps-15,15,12,12,False,True,False,False,K,D,0.9998468160629272,True,False,False
controller,validation-000107-f9696f08ed7f5e0c-steps-16,16,12,12,False,True,False,False,K,S,0.9991402626037598,True,False,False
controller,validation-000155-c11524fc7103abc4-steps-1,1,1,1,True,False,False,False,T,T,0.9998530149459839,True,True,True
controller,validation-000155-c11524fc7103abc4-steps-2,2,2,2,True,False,False,False,J,J,0.9992709755897522,True,True,True
controller,validation-000155-c11524fc7103abc4-steps-3,3,3,3,True,False,False,False,G,G,0.9998681545257568,True,True,True
controller,validation-000155-c11524fc7103abc4-steps-4,4,4,4,True,False,False,False,O,O,0.9999094009399414,True,True,True
controller,validation-000155-c11524fc7103abc4-steps-5,5,5,5,True,False,False,False,W,W,0.9999086856842041,True,True,True
controller,validation-000155-c11524fc7103abc4-steps-6,6,6,6,True,False,False,False,S,S,0.9998863935470581,True,True,True
controller,validation-000155-c11524fc7103abc4-steps-7,7,7,7,True,False,False,False,M,M,0.9998993873596191,True,True,True
controller,validation-000155-c11524fc7103abc4-steps-8,8,8,8,True,False,False,False,E,E,0.9998669624328613,True,True,True
controller,validation-000155-c11524fc7103abc4-steps-9,9,7,7,False,True,False,False,M,H,0.6282329559326172,True,False,False
controller,validation-000155-c11524fc7103abc4-steps-10,10,10,10,True,False,False,False,F,F,0.9996633529663086,True,True,True
controller,validation-000155-c11524fc7103abc4-steps-11,11,11,11,True,False,False,False,Z,Z,0.7400487661361694,True,True,True
controller,validation-000155-c11524fc7103abc4-steps-12,12,12,12,True,False,False,False,D,D,0.9995841383934021,True,True,True
controller,validation-000155-c11524fc7103abc4-steps-13,13,13,13,True,False,False,False,R,R,0.999830961227417,True,True,True
controller,validation-000155-c11524fc7103abc4-steps-14,14,12,12,False,True,False,False,D,A,0.9583567976951599,True,False,False
controller,validation-000155-c11524fc7103abc4-steps-15,15,12,12,False,True,False,False,D,N,0.999869704246521,True,False,False
controller,validation-000155-c11524fc7103abc4-steps-16,16,12,12,False,True,False,False,D,V,0.9995773434638977,True,False,False
controller,validation-000095-504840b469af04bd-steps-1,1,1,1,True,False,False,False,J,J,0.9997112154960632,True,True,True
controller,validation-000095-504840b469af04bd-steps-2,2,2,2,True,False,False,False,L,L,0.9993941783905029,True,True,True
controller,validation-000095-504840b469af04bd-steps-3,3,3,3,True,False,False,False,S,S,0.9999092817306519,True,True,True
controller,validation-000095-504840b469af04bd-steps-4,4,4,4,True,False,False,False,B,B,0.9999556541442871,True,True,True
controller,validation-000095-504840b469af04bd-steps-5,5,5,5,True,False,False,False,I,I,0.999962568283081,True,True,True
controller,validation-000095-504840b469af04bd-steps-6,6,5,5,False,True,False,False,I,P,0.5039441585540771,True,False,False
controller,validation-000095-504840b469af04bd-steps-7,7,6,6,False,True,False,False,P,M,0.9029849171638489,True,False,False
controller,validation-000095-504840b469af04bd-steps-8,8,7,7,False,True,False,False,M,N,0.7570220828056335,True,False,False
controller,validation-000095-504840b469af04bd-steps-9,9,7,7,False,True,False,False,M,K,0.9853934645652771,True,False,False
controller,validation-000095-504840b469af04bd-steps-10,10,9,9,False,True,False,False,K,X,0.8459307551383972,True,False,False
controller,validation-000095-504840b469af04bd-steps-11,11,11,11,True,False,False,False,Q,Q,0.997541069984436,True,True,True
controller,validation-000095-504840b469af04bd-steps-12,12,11,11,False,True,False,False,Q,G,0.8673003315925598,True,False,False
controller,validation-000095-504840b469af04bd-steps-13,13,12,12,False,True,False,False,G,U,0.9809213876724243,True,False,False
controller,validation-000095-504840b469af04bd-steps-14,14,12,12,False,True,False,False,G,F,0.9998155236244202,True,False,False
controller,validation-000095-504840b469af04bd-steps-15,15,11,11,False,True,False,False,Q,W,0.9869426488876343,True,False,False
controller,validation-000095-504840b469af04bd-steps-16,16,11,11,False,True,False,False,Q,Z,0.7488213181495667,True,False,False
controller,validation-000263-080cb59a5f62a448-steps-1,1,1,1,True,False,False,False,M,M,0.9995168447494507,True,True,True
controller,validation-000263-080cb59a5f62a448-steps-2,2,2,2,True,False,False,False,V,V,0.9957025647163391,True,True,True
controller,validation-000263-080cb59a5f62a448-steps-3,3,3,3,True,False,False,False,J,J,0.99834144115448,True,True,True
controller,validation-000263-080cb59a5f62a448-steps-4,4,4,4,True,False,False,False,R,R,0.9989264607429504,True,True,True
controller,validation-000263-080cb59a5f62a448-steps-5,5,5,5,True,False,False,False,I,I,0.9979667663574219,True,True,True
controller,validation-000263-080cb59a5f62a448-steps-6,6,6,6,True,False,False,False,K,K,0.996391236782074,True,True,True
controller,validation-000263-080cb59a5f62a448-steps-7,7,7,7,True,False,False,False,S,S,0.9982404708862305,True,True,True
controller,validation-000263-080cb59a5f62a448-steps-8,8,8,8,True,False,False,False,M,M,0.9947356581687927,True,True,True
controller,validation-000263-080cb59a5f62a448-steps-9,9,8,8,False,True,False,False,M,V,0.9997062087059021,True,False,False
controller,validation-000263-080cb59a5f62a448-steps-10,10,10,10,True,False,False,False,J,J,0.9971582889556885,True,True,True
controller,validation-000263-080cb59a5f62a448-steps-11,11,12,12,False,False,True,False,I,R,0.999848484992981,True,False,False
controller,validation-000263-080cb59a5f62a448-steps-12,12,12,12,True,False,False,False,I,I,0.9976708292961121,True,True,True
controller,validation-000263-080cb59a5f62a448-steps-13,13,13,13,True,False,False,False,K,K,0.9987307190895081,True,True,True
controller,validation-000263-080cb59a5f62a448-steps-14,14,12,12,False,True,False,False,I,S,0.6613578200340271,True,False,False
controller,validation-000263-080cb59a5f62a448-steps-15,15,12,12,False,True,False,False,I,M,0.9995999932289124,True,False,False
controller,validation-000263-080cb59a5f62a448-steps-16,16,12,12,False,True,False,False,I,V,0.9977217316627502,True,False,False
controller,validation-000035-4556add4dc81041f-steps-1,1,1,1,True,False,False,False,Z,Z,0.9994364380836487,True,True,True
controller,validation-000035-4556add4dc81041f-steps-2,2,2,2,True,False,False,False,S,S,0.9863389730453491,True,True,True
controller,validation-000035-4556add4dc81041f-steps-3,3,3,3,True,False,False,False,G,G,0.9899896383285522,True,True,True
controller,validation-000035-4556add4dc81041f-steps-4,4,4,4,True,False,False,False,M,M,0.9781767129898071,True,True,True
controller,validation-000035-4556add4dc81041f-steps-5,5,5,5,True,False,False,False,L,L,0.9692924618721008,True,True,True
controller,validation-000035-4556add4dc81041f-steps-6,6,6,6,True,False,False,False,X,X,0.899992823600769,True,True,True
controller,validation-000035-4556add4dc81041f-steps-7,7,7,7,True,False,False,False,F,F,0.9581269025802612,True,True,True
controller,validation-000035-4556add4dc81041f-steps-8,8,8,8,True,False,False,False,V,V,0.8846042156219482,True,True,True
controller,validation-000035-4556add4dc81041f-steps-9,9,8,8,False,True,False,False,V,C,0.9970526695251465,True,False,False
controller,validation-000035-4556add4dc81041f-steps-10,10,10,10,True,False,False,False,Y,Y,0.9975245594978333,True,True,True
controller,validation-000035-4556add4dc81041f-steps-11,11,12,12,False,False,True,False,W,K,0.9999115467071533,True,False,False
controller,validation-000035-4556add4dc81041f-steps-12,12,12,12,True,False,False,False,W,W,0.9990760087966919,True,True,True
controller,validation-000035-4556add4dc81041f-steps-13,13,13,13,True,False,False,False,A,A,0.9998074173927307,True,True,True
controller,validation-000035-4556add4dc81041f-steps-14,14,12,12,False,True,False,False,W,H,0.9264881610870361,True,False,False
controller,validation-000035-4556add4dc81041f-steps-15,15,12,12,False,True,False,False,W,O,0.9998478889465332,True,False,False
controller,validation-000035-4556add4dc81041f-steps-16,16,12,12,False,True,False,False,W,N,0.9992067217826843,True,False,False
controller,validation-001031-a5ebe1abb68903fd-steps-1,1,1,1,True,False,False,False,H,H,0.9996680021286011,True,True,True
controller,validation-001031-a5ebe1abb68903fd-steps-2,2,2,2,True,False,False,False,H,H,0.9992013573646545,True,True,True
controller,validation-001031-a5ebe1abb68903fd-steps-3,3,3,3,True,False,False,False,H,H,0.9998866319656372,True,True,True
controller,validation-001031-a5ebe1abb68903fd-steps-4,4,4,4,True,False,False,False,H,H,0.9999339580535889,True,True,True
controller,validation-001031-a5ebe1abb68903fd-steps-5,5,5,5,True,False,False,False,H,H,0.9999284744262695,True,True,True
controller,validation-001031-a5ebe1abb68903fd-steps-6,6,6,6,True,False,False,False,H,H,0.9998855590820312,True,True,True
controller,validation-001031-a5ebe1abb68903fd-steps-7,7,7,7,True,False,False,False,H,H,0.9999420642852783,True,True,True
controller,validation-001031-a5ebe1abb68903fd-steps-8,8,8,8,True,False,False,False,H,H,0.9997960925102234,True,True,True
controller,validation-001031-a5ebe1abb68903fd-steps-9,9,7,7,False,True,False,False,H,H,0.5959144234657288,True,True,False
controller,validation-001031-a5ebe1abb68903fd-steps-10,10,10,10,True,False,False,False,H,H,0.9995591044425964,True,True,True
controller,validation-001031-a5ebe1abb68903fd-steps-11,11,11,11,True,False,False,False,H,H,0.5516406297683716,True,True,True
controller,validation-001031-a5ebe1abb68903fd-steps-12,12,12,12,True,False,False,False,H,H,0.9994705319404602,True,True,True
controller,validation-001031-a5ebe1abb68903fd-steps-13,13,13,13,True,False,False,False,H,H,0.9997511506080627,True,True,True
controller,validation-001031-a5ebe1abb68903fd-steps-14,14,12,12,False,True,False,False,H,H,0.9267435073852539,True,True,False
controller,validation-001031-a5ebe1abb68903fd-steps-15,15,12,12,False,True,False,False,H,H,0.9998809099197388,True,True,False
controller,validation-001031-a5ebe1abb68903fd-steps-16,16,12,12,False,True,False,False,H,H,0.9994120597839355,True,True,False
controller,validation-001511-fb952adf90f30952-steps-1,1,1,1,True,False,False,False,N,N,0.9995496869087219,True,True,True
controller,validation-001511-fb952adf90f30952-steps-2,2,2,2,True,False,False,False,O,O,0.9980440139770508,True,True,True
controller,validation-001511-fb952adf90f30952-steps-3,3,3,3,True,False,False,False,Z,Z,0.999622106552124,True,True,True
controller,validation-001511-fb952adf90f30952-steps-4,4,4,4,True,False,False,False,S,S,0.9996474981307983,True,True,True
controller,validation-001511-fb952adf90f30952-steps-5,5,5,5,True,False,False,False,U,U,0.9995149374008179,True,True,True
controller,validation-001511-fb952adf90f30952-steps-6,6,6,6,True,False,False,False,A,A,0.9985594153404236,True,True,True
controller,validation-001511-fb952adf90f30952-steps-7,7,7,7,True,False,False,False,P,P,0.9995582699775696,True,True,True
controller,validation-001511-fb952adf90f30952-steps-8,8,8,8,True,False,False,False,Y,Y,0.9985588192939758,True,True,True
controller,validation-001511-fb952adf90f30952-steps-9,9,8,8,False,True,False,False,Y,J,0.9999035596847534,True,False,False
controller,validation-001511-fb952adf90f30952-steps-10,10,10,10,True,False,False,False,X,X,0.9996019005775452,True,True,True
controller,validation-001511-fb952adf90f30952-steps-11,11,12,12,False,False,True,False,O,N,0.9999418258666992,True,False,False
controller,validation-001511-fb952adf90f30952-steps-12,12,12,12,True,False,False,False,O,O,0.9995331764221191,True,True,True
controller,validation-001511-fb952adf90f30952-steps-13,13,13,13,True,False,False,False,Z,Z,0.9998797178268433,True,True,True
controller,validation-001511-fb952adf90f30952-steps-14,14,12,12,False,True,False,False,O,S,0.9716633558273315,True,False,False
controller,validation-001511-fb952adf90f30952-steps-15,15,12,12,False,True,False,False,O,U,0.9999125003814697,True,False,False
controller,validation-001511-fb952adf90f30952-steps-16,16,12,12,False,True,False,False,O,A,0.9994895458221436,True,False,False
controller,validation-000647-86dde2b258128b01-steps-1,1,1,1,True,False,False,False,G,G,0.9993207454681396,True,True,True
controller,validation-000647-86dde2b258128b01-steps-2,2,2,2,True,False,False,False,B,B,0.9811353087425232,True,True,True
controller,validation-000647-86dde2b258128b01-steps-3,3,3,3,True,False,False,False,V,V,0.9948806762695312,True,True,True
controller,validation-000647-86dde2b258128b01-steps-4,4,4,4,True,False,False,False,L,L,0.9975480437278748,True,True,True
controller,validation-000647-86dde2b258128b01-steps-5,5,5,5,True,False,False,False,S,S,0.9971621632575989,True,True,True
controller,validation-000647-86dde2b258128b01-steps-6,6,6,6,True,False,False,False,S,S,0.9973090887069702,True,True,True
controller,validation-000647-86dde2b258128b01-steps-7,7,7,7,True,False,False,False,S,S,0.9992413520812988,True,True,True
controller,validation-000647-86dde2b258128b01-steps-8,8,8,8,True,False,False,False,S,S,0.9988524913787842,True,True,True
controller,validation-000647-86dde2b258128b01-steps-9,9,8,8,False,True,False,False,S,S,0.9998632669448853,True,True,False
controller,validation-000647-86dde2b258128b01-steps-10,10,10,10,True,False,False,False,S,S,0.9980022311210632,True,True,True
controller,validation-000647-86dde2b258128b01-steps-11,11,11,11,True,False,False,False,S,S,0.5111649632453918,True,True,True
controller,validation-000647-86dde2b258128b01-steps-12,12,12,12,True,False,False,False,S,S,0.9990696310997009,True,True,True
controller,validation-000647-86dde2b258128b01-steps-13,13,13,13,True,False,False,False,S,S,0.9997581839561462,True,True,True
controller,validation-000647-86dde2b258128b01-steps-14,14,12,12,False,True,False,False,S,S,0.9308968782424927,True,True,False
controller,validation-000647-86dde2b258128b01-steps-15,15,12,12,False,True,False,False,S,S,0.9998778104782104,True,True,False
controller,validation-000647-86dde2b258128b01-steps-16,16,12,12,False,True,False,False,S,S,0.9994462132453918,True,True,False
controller,validation-000395-d194a8d6d0f1f1d1-steps-1,1,1,1,True,False,False,False,S,S,0.9993368983268738,True,True,True
controller,validation-000395-d194a8d6d0f1f1d1-steps-2,2,2,2,True,False,False,False,L,L,0.9876477718353271,True,True,True
controller,validation-000395-d194a8d6d0f1f1d1-steps-3,3,3,3,True,False,False,False,U,U,0.9840409755706787,True,True,True
controller,validation-000395-d194a8d6d0f1f1d1-steps-4,4,4,4,True,False,False,False,K,K,0.9927873015403748,True,True,True
controller,validation-000395-d194a8d6d0f1f1d1-steps-5,5,5,5,True,False,False,False,J,J,0.9905166029930115,True,True,True
controller,validation-000395-d194a8d6d0f1f1d1-steps-6,6,6,6,True,False,False,False,Z,Z,0.9823819994926453,True,True,True
controller,validation-000395-d194a8d6d0f1f1d1-steps-7,7,7,7,True,False,False,False,B,B,0.994209885597229,True,True,True
controller,validation-000395-d194a8d6d0f1f1d1-steps-8,8,8,8,True,False,False,False,C,C,0.9935500621795654,True,True,True
controller,validation-000395-d194a8d6d0f1f1d1-steps-9,9,8,8,False,True,False,False,C,O,0.9996609687805176,True,False,False
controller,validation-000395-d194a8d6d0f1f1d1-steps-10,10,10,10,True,False,False,False,H,H,0.9991897940635681,True,True,True
controller,validation-000395-d194a8d6d0f1f1d1-steps-11,11,12,12,False,False,True,False,V,T,0.9999198913574219,True,False,False
controller,validation-000395-d194a8d6d0f1f1d1-steps-12,12,12,12,True,False,False,False,V,V,0.9995468258857727,True,True,True
controller,validation-000395-d194a8d6d0f1f1d1-steps-13,13,13,13,True,False,False,False,Q,Q,0.9998145699501038,True,True,True
controller,validation-000395-d194a8d6d0f1f1d1-steps-14,14,12,12,False,True,False,False,V,N,0.9767971634864807,True,False,False
controller,validation-000395-d194a8d6d0f1f1d1-steps-15,15,12,12,False,True,False,False,V,R,0.999886155128479,True,False,False
controller,validation-000395-d194a8d6d0f1f1d1-steps-16,16,12,12,False,True,False,False,V,A,0.999690055847168,True,False,False
controller,validation-000971-d7bddfb099136465-steps-1,1,1,1,True,False,False,False,E,E,0.999213457107544,True,True,True
controller,validation-000971-d7bddfb099136465-steps-2,2,2,2,True,False,False,False,K,K,0.9968208074569702,True,True,True
controller,validation-000971-d7bddfb099136465-steps-3,3,3,3,True,False,False,False,P,P,0.9993467926979065,True,True,True
controller,validation-000971-d7bddfb099136465-steps-4,4,4,4,True,False,False,False,H,H,0.9997828602790833,True,True,True
controller,validation-000971-d7bddfb099136465-steps-5,5,5,5,True,False,False,False,N,N,0.9997919201850891,True,True,True
controller,validation-000971-d7bddfb099136465-steps-6,6,6,6,True,False,False,False,J,J,0.9997958540916443,True,True,True
controller,validation-000971-d7bddfb099136465-steps-7,7,7,7,True,False,False,False,A,A,0.9999072551727295,True,True,True
controller,validation-000971-d7bddfb099136465-steps-8,8,8,8,True,False,False,False,Y,Y,0.9998623132705688,True,True,True
controller,validation-000971-d7bddfb099136465-steps-9,9,8,8,False,True,False,False,Y,V,0.99996018409729,True,False,False
controller,validation-000971-d7bddfb099136465-steps-10,10,10,10,True,False,False,False,L,L,0.9997351765632629,True,True,True
controller,validation-000971-d7bddfb099136465-steps-11,11,11,11,True,False,False,False,B,B,0.677810788154602,True,True,True
controller,validation-000971-d7bddfb099136465-steps-12,12,12,12,True,False,False,False,T,T,0.9995855689048767,True,True,True
controller,validation-000971-d7bddfb099136465-steps-13,13,13,13,True,False,False,False,X,X,0.9997389912605286,True,True,True
controller,validation-000971-d7bddfb099136465-steps-14,14,12,12,False,True,False,False,T,Q,0.9486240744590759,True,False,False
controller,validation-000971-d7bddfb099136465-steps-15,15,12,12,False,True,False,False,T,M,0.9998873472213745,True,False,False
controller,validation-000971-d7bddfb099136465-steps-16,16,12,12,False,True,False,False,T,O,0.9993552565574646,True,False,False
controller,validation-000863-946ff3c84ee89062-steps-1,1,1,1,True,False,False,False,G,G,0.9998151659965515,True,True,True
controller,validation-000863-946ff3c84ee89062-steps-2,2,2,2,True,False,False,False,C,C,0.9993242025375366,True,True,True
controller,validation-000863-946ff3c84ee89062-steps-3,3,3,3,True,False,False,False,N,N,0.9998724460601807,True,True,True
controller,validation-000863-946ff3c84ee89062-steps-4,4,4,4,True,False,False,False,R,R,0.9999349117279053,True,True,True
controller,validation-000863-946ff3c84ee89062-steps-5,5,5,5,True,False,False,False,M,M,0.9999184608459473,True,True,True
controller,validation-000863-946ff3c84ee89062-steps-6,6,6,6,True,False,False,False,D,D,0.9999061822891235,True,True,True
controller,validation-000863-946ff3c84ee89062-steps-7,7,7,7,True,False,False,False,F,F,0.9999499320983887,True,True,True
controller,validation-000863-946ff3c84ee89062-steps-8,8,8,8,True,False,False,False,A,A,0.9998664855957031,True,True,True
controller,validation-000863-946ff3c84ee89062-steps-9,9,7,7,False,True,False,False,F,P,0.7525020837783813,True,False,False
controller,validation-000863-946ff3c84ee89062-steps-10,10,10,10,True,False,False,False,O,O,0.9998574256896973,True,True,True
controller,validation-000863-946ff3c84ee89062-steps-11,11,11,11,True,False,False,False,V,V,0.8673818707466125,True,True,True
controller,validation-000863-946ff3c84ee89062-steps-12,12,12,12,True,False,False,False,L,L,0.9997716546058655,True,True,True
controller,validation-000863-946ff3c84ee89062-steps-13,13,13,13,True,False,False,False,J,J,0.9998868703842163,True,True,True
controller,validation-000863-946ff3c84ee89062-steps-14,14,12,12,False,True,False,False,L,U,0.9863074421882629,True,False,False
controller,validation-000863-946ff3c84ee89062-steps-15,15,11,11,False,True,False,False,V,B,0.6009512543678284,True,False,False
controller,validation-000863-946ff3c84ee89062-steps-16,16,12,12,False,True,False,False,L,T,0.9997028708457947,True,False,False
controller,validation-000479-ea829e2972ceb9f1-steps-1,1,1,1,True,False,False,False,E,E,0.9974538683891296,True,True,True
controller,validation-000479-ea829e2972ceb9f1-steps-2,2,2,2,True,False,False,False,V,V,0.8779762983322144,True,True,True
controller,validation-000479-ea829e2972ceb9f1-steps-3,3,3,3,True,False,False,False,D,D,0.6117038726806641,True,True,True
controller,validation-000479-ea829e2972ceb9f1-steps-4,4,4,4,True,False,False,False,G,G,0.6490151882171631,True,True,True
controller,validation-000479-ea829e2972ceb9f1-steps-5,5,6,6,False,False,True,False,G,D,0.9999539852142334,True,False,False
controller,validation-000479-ea829e2972ceb9f1-steps-6,6,7,7,False,False,True,False,D,G,0.9999104738235474,True,False,False
controller,validation-000479-ea829e2972ceb9f1-steps-7,7,8,8,False,False,True,False,G,D,0.9999388456344604,True,False,False
controller,validation-000479-ea829e2972ceb9f1-steps-8,8,9,9,False,False,True,False,D,G,0.9999178647994995,True,False,False
controller,validation-000479-ea829e2972ceb9f1-steps-9,9,8,8,False,True,False,False,G,D,0.8943556547164917,True,False,False
controller,validation-000479-ea829e2972ceb9f1-steps-10,10,11,11,False,False,True,False,D,G,0.9998714923858643,True,False,False
controller,validation-000479-ea829e2972ceb9f1-steps-11,11,12,12,False,False,True,False,G,D,0.9937864542007446,True,False,False
controller,validation-000479-ea829e2972ceb9f1-steps-12,12,12,12,True,False,False,False,G,G,0.8128833174705505,True,True,True
controller,validation-000479-ea829e2972ceb9f1-steps-13,13,13,13,True,False,False,False,D,D,0.9625206589698792,True,True,True
controller,validation-000479-ea829e2972ceb9f1-steps-14,14,13,13,False,True,False,False,D,G,0.999470055103302,True,False,False
controller,validation-000479-ea829e2972ceb9f1-steps-15,15,12,12,False,True,False,False,G,D,0.9817258715629578,True,False,False
controller,validation-000479-ea829e2972ceb9f1-steps-16,16,12,12,False,True,False,False,G,G,0.8502238988876343,True,True,False
controller,validation-000983-00aae1d6b2f41986-steps-1,1,1,1,True,False,False,False,L,L,0.9995229244232178,True,True,True
controller,validation-000983-00aae1d6b2f41986-steps-2,2,2,2,True,False,False,False,C,C,0.9980576634407043,True,True,True
controller,validation-000983-00aae1d6b2f41986-steps-3,3,3,3,True,False,False,False,Q,Q,0.9995964169502258,True,True,True
controller,validation-000983-00aae1d6b2f41986-steps-4,4,4,4,True,False,False,False,A,A,0.9997633099555969,True,True,True
controller,validation-000983-00aae1d6b2f41986-steps-5,5,5,5,True,False,False,False,K,K,0.9996476173400879,True,True,True
controller,validation-000983-00aae1d6b2f41986-steps-6,6,6,6,True,False,False,False,T,T,0.999288022518158,True,True,True
controller,validation-000983-00aae1d6b2f41986-steps-7,7,7,7,True,False,False,False,Z,Z,0.9997820258140564,True,True,True
controller,validation-000983-00aae1d6b2f41986-steps-8,8,8,8,True,False,False,False,J,J,0.9992185831069946,True,True,True
controller,validation-000983-00aae1d6b2f41986-steps-9,9,8,8,False,True,False,False,J,G,0.9999139308929443,True,False,False
controller,validation-000983-00aae1d6b2f41986-steps-10,10,10,10,True,False,False,False,Y,Y,0.998734176158905,True,True,True
controller,validation-000983-00aae1d6b2f41986-steps-11,11,11,11,True,False,False,False,U,U,0.6274195909500122,True,True,True
controller,validation-000983-00aae1d6b2f41986-steps-12,12,12,12,True,False,False,False,B,B,0.9997021555900574,True,True,True
controller,validation-000983-00aae1d6b2f41986-steps-13,13,13,13,True,False,False,False,N,N,0.9999045133590698,True,True,True
controller,validation-000983-00aae1d6b2f41986-steps-14,14,12,12,False,True,False,False,B,V,0.9888624548912048,True,False,False
controller,validation-000983-00aae1d6b2f41986-steps-15,15,12,12,False,True,False,False,B,I,0.9999152421951294,True,False,False
controller,validation-000983-00aae1d6b2f41986-steps-16,16,12,12,False,True,False,False,B,S,0.9997000694274902,True,False,False
controller,validation-000551-17c1268a7c68e5ba-steps-1,1,1,1,True,False,False,False,Z,Z,0.9996612071990967,True,True,True
controller,validation-000551-17c1268a7c68e5ba-steps-2,2,2,2,True,False,False,False,P,P,0.997927188873291,True,True,True
controller,validation-000551-17c1268a7c68e5ba-steps-3,3,3,3,True,False,False,False,M,M,0.9995898604393005,True,True,True
controller,validation-000551-17c1268a7c68e5ba-steps-4,4,4,4,True,False,False,False,S,S,0.9997004270553589,True,True,True
controller,validation-000551-17c1268a7c68e5ba-steps-5,5,5,5,True,False,False,False,B,B,0.9992486834526062,True,True,True
controller,validation-000551-17c1268a7c68e5ba-steps-6,6,6,6,True,False,False,False,D,D,0.996663510799408,True,True,True
controller,validation-000551-17c1268a7c68e5ba-steps-7,7,7,7,True,False,False,False,C,C,0.9987824559211731,True,True,True
controller,validation-000551-17c1268a7c68e5ba-steps-8,8,8,8,True,False,False,False,E,E,0.9887832999229431,True,True,True
controller,validation-000551-17c1268a7c68e5ba-steps-9,9,8,8,False,True,False,False,E,O,0.9996505975723267,True,False,False
controller,validation-000551-17c1268a7c68e5ba-steps-10,10,10,10,True,False,False,False,Y,Y,0.9978943467140198,True,True,True
controller,validation-000551-17c1268a7c68e5ba-steps-11,11,12,12,False,False,True,False,C,D,0.9998973608016968,True,False,False
controller,validation-000551-17c1268a7c68e5ba-steps-12,12,12,12,True,False,False,False,C,C,0.998767614364624,True,True,True
controller,validation-000551-17c1268a7c68e5ba-steps-13,13,13,13,True,False,False,False,E,E,0.9995768666267395,True,True,True
controller,validation-000551-17c1268a7c68e5ba-steps-14,14,12,12,False,True,False,False,C,O,0.8052754402160645,True,False,False
controller,validation-000551-17c1268a7c68e5ba-steps-15,15,12,12,False,True,False,False,C,Y,0.999763548374176,True,False,False
controller,validation-000551-17c1268a7c68e5ba-steps-16,16,12,12,False,True,False,False,C,D,0.9987183809280396,True,False,False
controller,validation-001463-f304471fa5af482f-steps-1,1,1,1,True,False,False,False,S,S,0.9998130202293396,True,True,True
controller,validation-001463-f304471fa5af482f-steps-2,2,2,2,True,False,False,False,P,P,0.998508632183075,True,True,True
controller,validation-001463-f304471fa5af482f-steps-3,3,3,3,True,False,False,False,W,W,0.9996737241744995,True,True,True
controller,validation-001463-f304471fa5af482f-steps-4,4,4,4,True,False,False,False,D,D,0.9997403025627136,True,True,True
controller,validation-001463-f304471fa5af482f-steps-5,5,5,5,True,False,False,False,H,H,0.9997429251670837,True,True,True
controller,validation-001463-f304471fa5af482f-steps-6,6,6,6,True,False,False,False,T,T,0.9996273517608643,True,True,True
controller,validation-001463-f304471fa5af482f-steps-7,7,7,7,True,False,False,False,X,X,0.9998194575309753,True,True,True
controller,validation-001463-f304471fa5af482f-steps-8,8,8,8,True,False,False,False,U,U,0.9996854066848755,True,True,True
controller,validation-001463-f304471fa5af482f-steps-9,9,8,8,False,True,False,False,U,F,0.9999387264251709,True,False,False
controller,validation-001463-f304471fa5af482f-steps-10,10,10,10,True,False,False,False,V,V,0.9995381832122803,True,True,True
controller,validation-001463-f304471fa5af482f-steps-11,11,11,11,True,False,False,False,R,R,0.7555680274963379,True,True,True
controller,validation-001463-f304471fa5af482f-steps-12,12,12,12,True,False,False,False,Z,Z,0.9995834231376648,True,True,True
controller,validation-001463-f304471fa5af482f-steps-13,13,13,13,True,False,False,False,G,G,0.999864935874939,True,True,True
controller,validation-001463-f304471fa5af482f-steps-14,14,12,12,False,True,False,False,Z,M,0.9759116768836975,True,False,False
controller,validation-001463-f304471fa5af482f-steps-15,15,12,12,False,True,False,False,Z,L,0.9998865127563477,True,False,False
controller,validation-001463-f304471fa5af482f-steps-16,16,12,12,False,True,False,False,Z,N,0.9995167255401611,True,False,False
controller,validation-000695-45b5e88a90397fc7-steps-1,1,1,1,True,False,False,False,S,S,0.9997395873069763,True,True,True
controller,validation-000695-45b5e88a90397fc7-steps-2,2,2,2,True,False,False,False,D,D,0.9993454813957214,True,True,True
controller,validation-000695-45b5e88a90397fc7-steps-3,3,3,3,True,False,False,False,L,L,0.999895453453064,True,True,True
controller,validation-000695-45b5e88a90397fc7-steps-4,4,4,4,True,False,False,False,F,F,0.9999417066574097,True,True,True
controller,validation-000695-45b5e88a90397fc7-steps-5,5,5,5,True,False,False,False,V,V,0.9999291896820068,True,True,True
controller,validation-000695-45b5e88a90397fc7-steps-6,6,6,6,True,False,False,False,B,B,0.9999244213104248,True,True,True
controller,validation-000695-45b5e88a90397fc7-steps-7,7,7,7,True,False,False,False,C,C,0.9999563694000244,True,True,True
controller,validation-000695-45b5e88a90397fc7-steps-8,8,8,8,True,False,False,False,E,E,0.9999206066131592,True,True,True
controller,validation-000695-45b5e88a90397fc7-steps-9,9,7,7,False,True,False,False,C,T,0.9385259747505188,True,False,False
controller,validation-000695-45b5e88a90397fc7-steps-10,10,10,10,True,False,False,False,Y,Y,0.9998427629470825,True,True,True
controller,validation-000695-45b5e88a90397fc7-steps-11,11,11,11,True,False,False,False,O,O,0.9500588178634644,True,True,True
controller,validation-000695-45b5e88a90397fc7-steps-12,12,12,12,True,False,False,False,K,K,0.9998995065689087,True,True,True
controller,validation-000695-45b5e88a90397fc7-steps-13,13,12,12,False,True,False,False,K,Q,0.7291104197502136,True,False,False
controller,validation-000695-45b5e88a90397fc7-steps-14,14,12,12,False,True,False,False,K,I,0.9977810978889465,True,False,False
controller,validation-000695-45b5e88a90397fc7-steps-15,15,11,11,False,True,False,False,O,R,0.7664692401885986,True,False,False
controller,validation-000695-45b5e88a90397fc7-steps-16,16,12,12,False,True,False,False,K,A,0.999900221824646,True,False,False
controller,validation-000947-bb4a6b3344df2538-steps-1,1,1,1,True,False,False,False,T,T,0.9995741248130798,True,True,True
controller,validation-000947-bb4a6b3344df2538-steps-2,2,2,2,True,False,False,False,E,E,0.9951398372650146,True,True,True
controller,validation-000947-bb4a6b3344df2538-steps-3,3,3,3,True,False,False,False,T,T,0.9966546297073364,True,True,True
controller,validation-000947-bb4a6b3344df2538-steps-4,4,4,4,True,False,False,False,E,E,0.9976860284805298,True,True,True
controller,validation-000947-bb4a6b3344df2538-steps-5,5,5,5,True,False,False,False,T,T,0.9958387613296509,True,True,True
controller,validation-000947-bb4a6b3344df2538-steps-6,6,6,6,True,False,False,False,E,E,0.9934638142585754,True,True,True
controller,validation-000947-bb4a6b3344df2538-steps-7,7,7,7,True,False,False,False,T,T,0.9977618455886841,True,True,True
controller,validation-000947-bb4a6b3344df2538-steps-8,8,8,8,True,False,False,False,E,E,0.9968133568763733,True,True,True
controller,validation-000947-bb4a6b3344df2538-steps-9,9,8,8,False,True,False,False,E,T,0.9996805191040039,True,False,False
controller,validation-000947-bb4a6b3344df2538-steps-10,10,10,10,True,False,False,False,E,E,0.9983345866203308,True,True,True
controller,validation-000947-bb4a6b3344df2538-steps-11,11,12,12,False,False,True,False,E,T,0.99991774559021,True,False,False
controller,validation-000947-bb4a6b3344df2538-steps-12,12,12,12,True,False,False,False,E,E,0.9992904663085938,True,True,True
controller,validation-000947-bb4a6b3344df2538-steps-13,13,13,13,True,False,False,False,T,T,0.99979168176651,True,True,True
controller,validation-000947-bb4a6b3344df2538-steps-14,14,12,12,False,True,False,False,E,E,0.960070013999939,True,True,False
controller,validation-000947-bb4a6b3344df2538-steps-15,15,12,12,False,True,False,False,E,T,0.9998669624328613,True,False,False
controller,validation-000947-bb4a6b3344df2538-steps-16,16,12,12,False,True,False,False,E,E,0.9995031356811523,True,True,False
controller,validation-000275-092ef6288db8df19-steps-1,1,1,1,True,False,False,False,R,R,0.9993118047714233,True,True,True
controller,validation-000275-092ef6288db8df19-steps-2,2,2,2,True,False,False,False,Y,Y,0.9960060715675354,True,True,True
controller,validation-000275-092ef6288db8df19-steps-3,3,3,3,True,False,False,False,N,N,0.9981050491333008,True,True,True
controller,validation-000275-092ef6288db8df19-steps-4,4,4,4,True,False,False,False,Z,Z,0.9990361928939819,True,True,True
controller,validation-000275-092ef6288db8df19-steps-5,5,5,5,True,False,False,False,Z,Z,0.9978885054588318,True,True,True
controller,validation-000275-092ef6288db8df19-steps-6,6,6,6,True,False,False,False,Z,Z,0.9934983253479004,True,True,True
controller,validation-000275-092ef6288db8df19-steps-7,7,7,7,True,False,False,False,Z,Z,0.9966399669647217,True,True,True
controller,validation-000275-092ef6288db8df19-steps-8,8,8,8,True,False,False,False,Z,Z,0.9976004958152771,True,True,True
controller,validation-000275-092ef6288db8df19-steps-9,9,8,8,False,True,False,False,Z,Z,0.9996685981750488,True,True,False
controller,validation-000275-092ef6288db8df19-steps-10,10,10,10,True,False,False,False,Z,Z,0.9923341274261475,True,True,True
controller,validation-000275-092ef6288db8df19-steps-11,11,12,12,False,False,True,False,Z,Z,0.9998441934585571,True,True,False
controller,validation-000275-092ef6288db8df19-steps-12,12,12,12,True,False,False,False,Z,Z,0.9988715052604675,True,True,True
controller,validation-000275-092ef6288db8df19-steps-13,13,13,13,True,False,False,False,Z,Z,0.9996140599250793,True,True,True
controller,validation-000275-092ef6288db8df19-steps-14,14,12,12,False,True,False,False,Z,Z,0.8851171731948853,True,True,False
controller,validation-000275-092ef6288db8df19-steps-15,15,12,12,False,True,False,False,Z,Z,0.9998094439506531,True,True,False
controller,validation-000275-092ef6288db8df19-steps-16,16,12,12,False,True,False,False,Z,Z,0.9980691075325012,True,True,False
controller,validation-001211-c01a574e1cc7b56e-steps-1,1,1,1,True,False,False,False,W,W,0.9994831085205078,True,True,True
controller,validation-001211-c01a574e1cc7b56e-steps-2,2,2,2,True,False,False,False,W,W,0.9978718757629395,True,True,True
controller,validation-001211-c01a574e1cc7b56e-steps-3,3,3,3,True,False,False,False,W,W,0.9995100498199463,True,True,True
controller,validation-001211-c01a574e1cc7b56e-steps-4,4,4,4,True,False,False,False,W,W,0.999660849571228,True,True,True
controller,validation-001211-c01a574e1cc7b56e-steps-5,5,5,5,True,False,False,False,W,W,0.999544084072113,True,True,True
controller,validation-001211-c01a574e1cc7b56e-steps-6,6,6,6,True,False,False,False,W,W,0.9988897442817688,True,True,True
controller,validation-001211-c01a574e1cc7b56e-steps-7,7,7,7,True,False,False,False,W,W,0.999519944190979,True,True,True
controller,validation-001211-c01a574e1cc7b56e-steps-8,8,8,8,True,False,False,False,W,W,0.9963144659996033,True,True,True
controller,validation-001211-c01a574e1cc7b56e-steps-9,9,8,8,False,True,False,False,W,W,0.9997128844261169,True,True,False
controller,validation-001211-c01a574e1cc7b56e-steps-10,10,10,10,True,False,False,False,W,W,0.9742931127548218,True,True,True
controller,validation-001211-c01a574e1cc7b56e-steps-11,11,12,12,False,False,True,False,W,W,0.9936222434043884,True,True,False
controller,validation-001211-c01a574e1cc7b56e-steps-12,12,12,12,True,False,False,False,W,W,0.7545455694198608,True,True,True
controller,validation-001211-c01a574e1cc7b56e-steps-13,13,13,13,True,False,False,False,W,W,0.7280051112174988,True,True,True
controller,validation-001211-c01a574e1cc7b56e-steps-14,14,13,13,False,True,False,False,W,W,0.9981476068496704,True,True,False
controller,validation-001211-c01a574e1cc7b56e-steps-15,15,12,12,False,True,False,False,W,W,0.9819151163101196,True,True,False
controller,validation-001211-c01a574e1cc7b56e-steps-16,16,12,12,False,True,False,False,W,W,0.6342681646347046,True,True,False
controller,validation-000443-bc622b263743e776-steps-1,1,1,1,True,False,False,False,H,H,0.9997089505195618,True,True,True
controller,validation-000443-bc622b263743e776-steps-2,2,2,2,True,False,False,False,X,X,0.9992827773094177,True,True,True
controller,validation-000443-bc622b263743e776-steps-3,3,3,3,True,False,False,False,C,C,0.9998418092727661,True,True,True
controller,validation-000443-bc622b263743e776-steps-4,4,4,4,True,False,False,False,J,J,0.9998238682746887,True,True,True
controller,validation-000443-bc622b263743e776-steps-5,5,5,5,True,False,False,False,W,W,0.9996726512908936,True,True,True
controller,validation-000443-bc622b263743e776-steps-6,6,6,6,True,False,False,False,U,U,0.9991512298583984,True,True,True
controller,validation-000443-bc622b263743e776-steps-7,7,7,7,True,False,False,False,O,O,0.9996625185012817,True,True,True
controller,validation-000443-bc622b263743e776-steps-8,8,8,8,True,False,False,False,D,D,0.9987658262252808,True,True,True
controller,validation-000443-bc622b263743e776-steps-9,9,8,8,False,True,False,False,D,S,0.9998514652252197,True,False,False
controller,validation-000443-bc622b263743e776-steps-10,10,10,10,True,False,False,False,Y,Y,0.9980382323265076,True,True,True
controller,validation-000443-bc622b263743e776-steps-11,11,12,12,False,False,True,False,P,I,0.9998741149902344,True,False,False
controller,validation-000443-bc622b263743e776-steps-12,12,12,12,True,False,False,False,P,P,0.9982131719589233,True,True,True
controller,validation-000443-bc622b263743e776-steps-13,13,13,13,True,False,False,False,F,F,0.9995540976524353,True,True,True
controller,validation-000443-bc622b263743e776-steps-14,14,12,12,False,True,False,False,P,K,0.7884658575057983,True,False,False
controller,validation-000443-bc622b263743e776-steps-15,15,12,12,False,True,False,False,P,M,0.9997758269309998,True,False,False
controller,validation-000443-bc622b263743e776-steps-16,16,12,12,False,True,False,False,P,E,0.9982713460922241,True,False,False
controller,validation-000779-1c49a8f8856b15f1-steps-1,1,1,1,True,False,False,False,G,G,0.9994038343429565,True,True,True
controller,validation-000779-1c49a8f8856b15f1-steps-2,2,2,2,True,False,False,False,H,H,0.9948573112487793,True,True,True
controller,validation-000779-1c49a8f8856b15f1-steps-3,3,3,3,True,False,False,False,X,X,0.9991477727890015,True,True,True
controller,validation-000779-1c49a8f8856b15f1-steps-4,4,4,4,True,False,False,False,Y,Y,0.9997922778129578,True,True,True
controller,validation-000779-1c49a8f8856b15f1-steps-5,5,5,5,True,False,False,False,B,B,0.999861478805542,True,True,True
controller,validation-000779-1c49a8f8856b15f1-steps-6,6,6,6,True,False,False,False,C,C,0.9998825788497925,True,True,True
controller,validation-000779-1c49a8f8856b15f1-steps-7,7,7,7,True,False,False,False,Q,Q,0.9999308586120605,True,True,True
controller,validation-000779-1c49a8f8856b15f1-steps-8,8,8,8,True,False,False,False,R,R,0.9999557733535767,True,True,True
controller,validation-000779-1c49a8f8856b15f1-steps-9,9,7,7,False,True,False,False,Q,V,0.7672362923622131,True,False,False
controller,validation-000779-1c49a8f8856b15f1-steps-10,10,9,9,False,True,False,False,V,S,0.8550994992256165,True,False,False
controller,validation-000779-1c49a8f8856b15f1-steps-11,11,11,11,True,False,False,False,M,M,0.9993129968643188,True,True,True
controller,validation-000779-1c49a8f8856b15f1-steps-12,12,11,11,False,True,False,False,M,U,0.9572077393531799,True,False,False
controller,validation-000779-1c49a8f8856b15f1-steps-13,13,12,12,False,True,False,False,U,K,0.987792432308197,True,False,False
controller,validation-000779-1c49a8f8856b15f1-steps-14,14,12,12,False,True,False,False,U,T,0.9998325109481812,True,False,False
controller,validation-000779-1c49a8f8856b15f1-steps-15,15,11,11,False,True,False,False,M,N,0.9975874423980713,True,False,False
controller,validation-000779-1c49a8f8856b15f1-steps-16,16,11,11,False,True,False,False,M,Z,0.9734627604484558,True,False,False
controller,validation-001259-861c6869f8f63361-steps-1,1,1,1,True,False,False,False,N,N,0.999016523361206,True,True,True
controller,validation-001259-861c6869f8f63361-steps-2,2,2,2,True,False,False,False,V,V,0.970346987247467,True,True,True
controller,validation-001259-861c6869f8f63361-steps-3,3,3,3,True,False,False,False,F,F,0.9737575650215149,True,True,True
controller,validation-001259-861c6869f8f63361-steps-4,4,4,4,True,False,False,False,G,G,0.9767449498176575,True,True,True
controller,validation-001259-861c6869f8f63361-steps-5,5,5,5,True,False,False,False,Q,Q,0.9850762486457825,True,True,True
controller,validation-001259-861c6869f8f63361-steps-6,6,6,6,True,False,False,False,M,M,0.9858047366142273,True,True,True
controller,validation-001259-861c6869f8f63361-steps-7,7,7,7,True,False,False,False,K,K,0.9982056617736816,True,True,True
controller,validation-001259-861c6869f8f63361-steps-8,8,8,8,True,False,False,False,O,O,0.9988276362419128,True,True,True
controller,validation-001259-861c6869f8f63361-steps-9,9,8,8,False,True,False,False,O,D,0.9998630285263062,True,False,False
controller,validation-001259-861c6869f8f63361-steps-10,10,10,10,True,False,False,False,W,W,0.9993889331817627,True,True,True
controller,validation-001259-861c6869f8f63361-steps-11,11,12,12,False,False,True,False,S,R,0.9998784065246582,True,False,False
controller,validation-001259-861c6869f8f63361-steps-12,12,12,12,True,False,False,False,S,S,0.9985696077346802,True,True,True
controller,validation-001259-861c6869f8f63361-steps-13,13,13,13,True,False,False,False,C,C,0.9991018772125244,True,True,True
controller,validation-001259-861c6869f8f63361-steps-14,14,12,12,False,True,False,False,S,U,0.818362832069397,True,False,False
controller,validation-001259-861c6869f8f63361-steps-15,15,12,12,False,True,False,False,S,P,0.9998263716697693,True,False,False
controller,validation-001259-861c6869f8f63361-steps-16,16,12,12,False,True,False,False,S,Z,0.9989845156669617,True,False,False
controller,validation-000635-19a1af8b634c577b-steps-1,1,1,1,True,False,False,False,A,A,0.9996850490570068,True,True,True
controller,validation-000635-19a1af8b634c577b-steps-2,2,2,2,True,False,False,False,Q,Q,0.9992772936820984,True,True,True
controller,validation-000635-19a1af8b634c577b-steps-3,3,3,3,True,False,False,False,G,G,0.9999033212661743,True,True,True
controller,validation-000635-19a1af8b634c577b-steps-4,4,4,4,True,False,False,False,D,D,0.9999523162841797,True,True,True
controller,validation-000635-19a1af8b634c577b-steps-5,5,5,5,True,False,False,False,U,U,0.9999648332595825,True,True,True
controller,validation-000635-19a1af8b634c577b-steps-6,6,5,5,False,True,False,False,U,K,0.6725424528121948,True,False,False
controller,validation-000635-19a1af8b634c577b-steps-7,7,6,6,False,True,False,False,K,R,0.9650681614875793,True,False,False
controller,validation-000635-19a1af8b634c577b-steps-8,8,7,7,False,True,False,False,R,M,0.9146509766578674,True,False,False
controller,validation-000635-19a1af8b634c577b-steps-9,9,7,7,False,True,False,False,R,C,0.9964982271194458,True,False,False
controller,validation-000635-19a1af8b634c577b-steps-10,10,9,9,False,True,False,False,C,S,0.8574357628822327,True,False,False
controller,validation-000635-19a1af8b634c577b-steps-11,11,11,11,True,False,False,False,Z,Z,0.9986560344696045,True,True,True
controller,validation-000635-19a1af8b634c577b-steps-12,12,11,11,False,True,False,False,Z,W,0.9111655950546265,True,False,False
controller,validation-000635-19a1af8b634c577b-steps-13,13,12,12,False,True,False,False,W,E,0.9824740290641785,True,False,False
controller,validation-000635-19a1af8b634c577b-steps-14,14,12,12,False,True,False,False,W,X,0.9997871518135071,True,False,False
controller,validation-000635-19a1af8b634c577b-steps-15,15,11,11,False,True,False,False,Z,H,0.9922675490379333,True,False,False
controller,validation-000635-19a1af8b634c577b-steps-16,16,11,11,False,True,False,False,Z,J,0.9052180051803589,True,False,False
controller,validation-000671-5d18246f193a235b-steps-1,1,1,1,True,False,False,False,J,J,0.9982751607894897,True,True,True
controller,validation-000671-5d18246f193a235b-steps-2,2,2,2,True,False,False,False,K,K,0.9432647228240967,True,True,True
controller,validation-000671-5d18246f193a235b-steps-3,3,3,3,True,False,False,False,K,K,0.9697957634925842,True,True,True
controller,validation-000671-5d18246f193a235b-steps-4,4,4,4,True,False,False,False,K,K,0.9798824191093445,True,True,True
controller,validation-000671-5d18246f193a235b-steps-5,5,5,5,True,False,False,False,K,K,0.9622127413749695,True,True,True
controller,validation-000671-5d18246f193a235b-steps-6,6,6,6,True,False,False,False,K,K,0.8776367902755737,True,True,True
controller,validation-000671-5d18246f193a235b-steps-7,7,7,7,True,False,False,False,K,K,0.9233285784721375,True,True,True
controller,validation-000671-5d18246f193a235b-steps-8,8,8,8,True,False,False,False,K,K,0.9325801730155945,True,True,True
controller,validation-000671-5d18246f193a235b-steps-9,9,8,8,False,True,False,False,K,K,0.9974254965782166,True,True,False
controller,validation-000671-5d18246f193a235b-steps-10,10,10,10,True,False,False,False,K,K,0.9830923676490784,True,True,True
controller,validation-000671-5d18246f193a235b-steps-11,11,12,12,False,False,True,False,K,K,0.999761164188385,True,True,False
controller,validation-000671-5d18246f193a235b-steps-12,12,12,12,True,False,False,False,K,K,0.9880337119102478,True,True,True
controller,validation-000671-5d18246f193a235b-steps-13,13,13,13,True,False,False,False,K,K,0.9981568455696106,True,True,True
controller,validation-000671-5d18246f193a235b-steps-14,14,13,13,False,True,False,False,K,K,0.9999269247055054,True,True,False
controller,validation-000671-5d18246f193a235b-steps-15,15,12,12,False,True,False,False,K,K,0.9992247819900513,True,True,False
controller,validation-000671-5d18246f193a235b-steps-16,16,12,12,False,True,False,False,K,K,0.994067907333374,True,True,False
controller,validation-001079-f74c1180f41b1fc7-steps-1,1,1,1,True,False,False,False,K,K,0.9994655251502991,True,True,True
controller,validation-001079-f74c1180f41b1fc7-steps-2,2,2,2,True,False,False,False,M,M,0.9981246590614319,True,True,True
controller,validation-001079-f74c1180f41b1fc7-steps-3,3,3,3,True,False,False,False,Q,Q,0.9997575879096985,True,True,True
controller,validation-001079-f74c1180f41b1fc7-steps-4,4,4,4,True,False,False,False,F,F,0.9999037981033325,True,True,True
controller,validation-001079-f74c1180f41b1fc7-steps-5,5,5,5,True,False,False,False,H,H,0.9999502897262573,True,True,True
controller,validation-001079-f74c1180f41b1fc7-steps-6,6,6,6,True,False,False,False,C,C,0.9999399185180664,True,True,True
controller,validation-001079-f74c1180f41b1fc7-steps-7,7,6,6,False,True,False,False,C,A,0.8395669460296631,True,False,False
controller,validation-001079-f74c1180f41b1fc7-steps-8,8,8,8,True,False,False,False,L,L,0.9999536275863647,True,True,True
controller,validation-001079-f74c1180f41b1fc7-steps-9,9,7,7,False,True,False,False,A,X,0.9841418862342834,True,False,False
controller,validation-001079-f74c1180f41b1fc7-steps-10,10,10,10,True,False,False,False,P,P,0.9999217987060547,True,True,True
controller,validation-001079-f74c1180f41b1fc7-steps-11,11,11,11,True,False,False,False,T,T,0.9736072421073914,True,True,True
controller,validation-001079-f74c1180f41b1fc7-steps-12,12,12,12,True,False,False,False,V,V,0.9999089241027832,True,True,True
controller,validation-001079-f74c1180f41b1fc7-steps-13,13,12,12,False,True,False,False,V,I,0.7905761003494263,True,False,False
controller,validation-001079-f74c1180f41b1fc7-steps-14,14,12,12,False,True,False,False,V,E,0.9984421133995056,True,False,False
controller,validation-001079-f74c1180f41b1fc7-steps-15,15,11,11,False,True,False,False,T,N,0.9045069217681885,True,False,False
controller,validation-001079-f74c1180f41b1fc7-steps-16,16,12,12,False,True,False,False,V,O,0.9999079704284668,True,False,False
controller,validation-001487-caf8b98aff7f6ebd-steps-1,1,1,1,True,False,False,False,H,H,0.9996705055236816,True,True,True
controller,validation-001487-caf8b98aff7f6ebd-steps-2,2,2,2,True,False,False,False,P,P,0.9991324543952942,True,True,True
controller,validation-001487-caf8b98aff7f6ebd-steps-3,3,3,3,True,False,False,False,P,P,0.9997805953025818,True,True,True
controller,validation-001487-caf8b98aff7f6ebd-steps-4,4,4,4,True,False,False,False,P,P,0.999840259552002,True,True,True
controller,validation-001487-caf8b98aff7f6ebd-steps-5,5,5,5,True,False,False,False,P,P,0.9997029900550842,True,True,True
controller,validation-001487-caf8b98aff7f6ebd-steps-6,6,6,6,True,False,False,False,P,P,0.9995101690292358,True,True,True
controller,validation-001487-caf8b98aff7f6ebd-steps-7,7,7,7,True,False,False,False,P,P,0.999815046787262,True,True,True
controller,validation-001487-caf8b98aff7f6ebd-steps-8,8,8,8,True,False,False,False,P,P,0.9994620680809021,True,True,True
controller,validation-001487-caf8b98aff7f6ebd-steps-9,9,8,8,False,True,False,False,P,P,0.9999042749404907,True,True,False
controller,validation-001487-caf8b98aff7f6ebd-steps-10,10,10,10,True,False,False,False,P,P,0.9995274543762207,True,True,True
controller,validation-001487-caf8b98aff7f6ebd-steps-11,11,11,11,True,False,False,False,P,P,0.5753879547119141,True,True,True
controller,validation-001487-caf8b98aff7f6ebd-steps-12,12,12,12,True,False,False,False,P,P,0.9996517896652222,True,True,True
controller,validation-001487-caf8b98aff7f6ebd-steps-13,13,13,13,True,False,False,False,P,P,0.9998555183410645,True,True,True
controller,validation-001487-caf8b98aff7f6ebd-steps-14,14,12,12,False,True,False,False,P,P,0.9747792482376099,True,True,False
controller,validation-001487-caf8b98aff7f6ebd-steps-15,15,12,12,False,True,False,False,P,P,0.999903678894043,True,True,False
controller,validation-001487-caf8b98aff7f6ebd-steps-16,16,12,12,False,True,False,False,P,P,0.9996472597122192,True,True,False
controller,validation-000467-d43cd4933b687dc2-steps-1,1,1,1,True,False,False,False,P,P,0.9998438358306885,True,True,True
controller,validation-000467-d43cd4933b687dc2-steps-2,2,2,2,True,False,False,False,X,X,0.9994014501571655,True,True,True
controller,validation-000467-d43cd4933b687dc2-steps-3,3,3,3,True,False,False,False,E,E,0.9998801946640015,True,True,True
controller,validation-000467-d43cd4933b687dc2-steps-4,4,4,4,True,False,False,False,H,H,0.9999066591262817,True,True,True
controller,validation-000467-d43cd4933b687dc2-steps-5,5,5,5,True,False,False,False,H,H,0.9998385906219482,True,True,True
controller,validation-000467-d43cd4933b687dc2-steps-6,6,6,6,True,False,False,False,H,H,0.9996187686920166,True,True,True
controller,validation-000467-d43cd4933b687dc2-steps-7,7,7,7,True,False,False,False,H,H,0.9997934699058533,True,True,True
controller,validation-000467-d43cd4933b687dc2-steps-8,8,8,8,True,False,False,False,H,H,0.9995641112327576,True,True,True
controller,validation-000467-d43cd4933b687dc2-steps-9,9,8,8,False,True,False,False,H,H,0.9999107122421265,True,True,False
controller,validation-000467-d43cd4933b687dc2-steps-10,10,10,10,True,False,False,False,H,H,0.9998127818107605,True,True,True
controller,validation-000467-d43cd4933b687dc2-steps-11,11,11,11,True,False,False,False,H,H,0.7415167093276978,True,True,True
controller,validation-000467-d43cd4933b687dc2-steps-12,12,12,12,True,False,False,False,H,H,0.999715268611908,True,True,True
controller,validation-000467-d43cd4933b687dc2-steps-13,13,13,13,True,False,False,False,H,H,0.9998652935028076,True,True,True
controller,validation-000467-d43cd4933b687dc2-steps-14,14,12,12,False,True,False,False,H,H,0.9769303798675537,True,True,False
controller,validation-000467-d43cd4933b687dc2-steps-15,15,12,12,False,True,False,False,H,H,0.9999221563339233,True,True,False
controller,validation-000467-d43cd4933b687dc2-steps-16,16,12,12,False,True,False,False,H,H,0.9995729327201843,True,True,False
controller,validation-001187-54b952e50cd9fea8-steps-1,1,1,1,True,False,False,False,V,V,0.9994820952415466,True,True,True
controller,validation-001187-54b952e50cd9fea8-steps-2,2,2,2,True,False,False,False,V,V,0.9977153539657593,True,True,True
controller,validation-001187-54b952e50cd9fea8-steps-3,3,3,3,True,False,False,False,V,V,0.9994518160820007,True,True,True
controller,validation-001187-54b952e50cd9fea8-steps-4,4,4,4,True,False,False,False,V,V,0.9997220635414124,True,True,True
controller,validation-001187-54b952e50cd9fea8-steps-5,5,5,5,True,False,False,False,V,V,0.9997599720954895,True,True,True
controller,validation-001187-54b952e50cd9fea8-steps-6,6,6,6,True,False,False,False,V,V,0.999727189540863,True,True,True
controller,validation-001187-54b952e50cd9fea8-steps-7,7,7,7,True,False,False,False,V,V,0.9998888969421387,True,True,True
controller,validation-001187-54b952e50cd9fea8-steps-8,8,8,8,True,False,False,False,V,V,0.9998236298561096,True,True,True
controller,validation-001187-54b952e50cd9fea8-steps-9,9,7,7,False,True,False,False,V,V,0.638637363910675,True,True,False
controller,validation-001187-54b952e50cd9fea8-steps-10,10,10,10,True,False,False,False,V,V,0.9998014569282532,True,True,True
controller,validation-001187-54b952e50cd9fea8-steps-11,11,11,11,True,False,False,False,V,V,0.9567934274673462,True,True,True
controller,validation-001187-54b952e50cd9fea8-steps-12,12,12,12,True,False,False,False,V,V,0.9998077750205994,True,True,True
controller,validation-001187-54b952e50cd9fea8-steps-13,13,12,12,False,True,False,False,V,V,0.5888095498085022,True,True,False
controller,validation-001187-54b952e50cd9fea8-steps-14,14,12,12,False,True,False,False,V,V,0.996063768863678,True,True,False
controller,validation-001187-54b952e50cd9fea8-steps-15,15,11,11,False,True,False,False,V,V,0.7818560600280762,True,True,False
controller,validation-001187-54b952e50cd9fea8-steps-16,16,12,12,False,True,False,False,V,V,0.9997443556785583,True,True,False
controller,validation-000995-bbc5be80ecf21887-steps-1,1,1,1,True,False,False,False,F,F,0.999502420425415,True,True,True
controller,validation-000995-bbc5be80ecf21887-steps-2,2,2,2,True,False,False,False,K,K,0.9983832836151123,True,True,True
controller,validation-000995-bbc5be80ecf21887-steps-3,3,3,3,True,False,False,False,J,J,0.9997087121009827,True,True,True
controller,validation-000995-bbc5be80ecf21887-steps-4,4,4,4,True,False,False,False,Y,Y,0.9997511506080627,True,True,True
controller,validation-000995-bbc5be80ecf21887-steps-5,5,5,5,True,False,False,False,R,R,0.999669075012207,True,True,True
controller,validation-000995-bbc5be80ecf21887-steps-6,6,6,6,True,False,False,False,F,F,0.9988418221473694,True,True,True
controller,validation-000995-bbc5be80ecf21887-steps-7,7,7,7,True,False,False,False,K,K,0.9995224475860596,True,True,True
controller,validation-000995-bbc5be80ecf21887-steps-8,8,8,8,True,False,False,False,J,J,0.9979402422904968,True,True,True
controller,validation-000995-bbc5be80ecf21887-steps-9,9,8,8,False,True,False,False,J,Y,0.9998346567153931,True,False,False
controller,validation-000995-bbc5be80ecf21887-steps-10,10,10,10,True,False,False,False,R,R,0.9962976574897766,True,True,True
controller,validation-000995-bbc5be80ecf21887-steps-11,11,12,12,False,False,True,False,K,F,0.9998565912246704,True,False,False
controller,validation-000995-bbc5be80ecf21887-steps-12,12,12,12,True,False,False,False,K,K,0.9983812570571899,True,True,True
controller,validation-000995-bbc5be80ecf21887-steps-13,13,13,13,True,False,False,False,J,J,0.9994111061096191,True,True,True
controller,validation-000995-bbc5be80ecf21887-steps-14,14,12,12,False,True,False,False,K,Y,0.7213650941848755,True,False,False
controller,validation-000995-bbc5be80ecf21887-steps-15,15,12,12,False,True,False,False,K,R,0.9997026324272156,True,False,False
controller,validation-000995-bbc5be80ecf21887-steps-16,16,12,12,False,True,False,False,K,F,0.9976736903190613,True,False,False
controller,validation-001475-86ff66f777d064fd-steps-1,1,1,1,True,False,False,False,K,K,0.9994016885757446,True,True,True
controller,validation-001475-86ff66f777d064fd-steps-2,2,2,2,True,False,False,False,C,C,0.9910978674888611,True,True,True
controller,validation-001475-86ff66f777d064fd-steps-3,3,3,3,True,False,False,False,X,X,0.9896999597549438,True,True,True
controller,validation-001475-86ff66f777d064fd-steps-4,4,4,4,True,False,False,False,I,I,0.9730305075645447,True,True,True
controller,validation-001475-86ff66f777d064fd-steps-5,5,5,5,True,False,False,False,L,L,0.798237144947052,True,True,True
controller,validation-001475-86ff66f777d064fd-steps-6,6,6,6,True,False,False,False,R,R,0.5082308053970337,True,True,True
controller,validation-001475-86ff66f777d064fd-steps-7,7,7,7,True,False,False,False,W,W,0.7108474373817444,True,True,True
controller,validation-001475-86ff66f777d064fd-steps-8,8,9,9,False,False,True,False,B,F,0.9999357461929321,True,False,False
controller,validation-001475-86ff66f777d064fd-steps-9,9,8,8,False,True,False,False,F,B,0.9659606218338013,True,False,False
controller,validation-001475-86ff66f777d064fd-steps-10,10,10,10,True,False,False,False,G,G,0.8452951312065125,True,True,True
controller,validation-001475-86ff66f777d064fd-steps-11,11,12,12,False,False,True,False,H,O,0.9965234398841858,True,False,False
controller,validation-001475-86ff66f777d064fd-steps-12,12,12,12,True,False,False,False,H,H,0.7951440811157227,True,True,True
controller,validation-001475-86ff66f777d064fd-steps-13,13,13,13,True,False,False,False,Q,Q,0.9288074374198914,True,True,True
controller,validation-001475-86ff66f777d064fd-steps-14,14,13,13,False,True,False,False,Q,A,0.9995119571685791,True,False,False
controller,validation-001475-86ff66f777d064fd-steps-15,15,12,12,False,True,False,False,H,P,0.9851165413856506,True,False,False
controller,validation-001475-86ff66f777d064fd-steps-16,16,12,12,False,True,False,False,H,V,0.7986308336257935,True,False,False
controller,validation-001499-0106e87b0480663d-steps-1,1,1,1,True,False,False,False,N,N,0.9996488094329834,True,True,True
controller,validation-001499-0106e87b0480663d-steps-2,2,2,2,True,False,False,False,Z,Z,0.9991611242294312,True,True,True
controller,validation-001499-0106e87b0480663d-steps-3,3,3,3,True,False,False,False,J,J,0.9998624324798584,True,True,True
controller,validation-001499-0106e87b0480663d-steps-4,4,4,4,True,False,False,False,M,M,0.999937891960144,True,True,True
controller,validation-001499-0106e87b0480663d-steps-5,5,5,5,True,False,False,False,L,L,0.9999501705169678,True,True,True
controller,validation-001499-0106e87b0480663d-steps-6,6,6,6,True,False,False,False,S,S,0.9999549388885498,True,True,True
controller,validation-001499-0106e87b0480663d-steps-7,7,6,6,False,True,False,False,S,H,0.585837721824646,True,False,False
controller,validation-001499-0106e87b0480663d-steps-8,8,7,7,False,True,False,False,H,W,0.5185887217521667,True,False,False
controller,validation-001499-0106e87b0480663d-steps-9,9,7,7,False,True,False,False,H,K,0.9632039666175842,True,False,False
controller,validation-001499-0106e87b0480663d-steps-10,10,9,9,False,True,False,False,K,Z,0.7392887473106384,True,False,False
controller,validation-001499-0106e87b0480663d-steps-11,11,11,11,True,False,False,False,J,J,0.9959035515785217,True,True,True
controller,validation-001499-0106e87b0480663d-steps-12,12,11,11,False,True,False,False,J,M,0.7664831280708313,True,False,False
controller,validation-001499-0106e87b0480663d-steps-13,13,12,12,False,True,False,False,M,L,0.9443527460098267,True,False,False
controller,validation-001499-0106e87b0480663d-steps-14,14,12,12,False,True,False,False,M,S,0.9996090531349182,True,False,False
controller,validation-001499-0106e87b0480663d-steps-15,15,11,11,False,True,False,False,J,H,0.9772079586982727,True,False,False
controller,validation-001499-0106e87b0480663d-steps-16,16,11,11,False,True,False,False,J,W,0.8026381134986877,True,False,False
controller,validation-001007-8e55fe30f00318e8-steps-1,1,1,1,True,False,False,False,W,W,0.9997649788856506,True,True,True
controller,validation-001007-8e55fe30f00318e8-steps-2,2,2,2,True,False,False,False,C,C,0.9982158541679382,True,True,True
controller,validation-001007-8e55fe30f00318e8-steps-3,3,3,3,True,False,False,False,Z,Z,0.999495267868042,True,True,True
controller,validation-001007-8e55fe30f00318e8-steps-4,4,4,4,True,False,False,False,Q,Q,0.9995625615119934,True,True,True
controller,validation-001007-8e55fe30f00318e8-steps-5,5,5,5,True,False,False,False,E,E,0.9991881251335144,True,True,True
controller,validation-001007-8e55fe30f00318e8-steps-6,6,6,6,True,False,False,False,R,R,0.9980663657188416,True,True,True
controller,validation-001007-8e55fe30f00318e8-steps-7,7,7,7,True,False,False,False,N,N,0.9991274476051331,True,True,True
controller,validation-001007-8e55fe30f00318e8-steps-8,8,8,8,True,False,False,False,A,A,0.998737633228302,True,True,True
controller,validation-001007-8e55fe30f00318e8-steps-9,9,8,8,False,True,False,False,A,U,0.9998736381530762,True,False,False
controller,validation-001007-8e55fe30f00318e8-steps-10,10,10,10,True,False,False,False,L,L,0.9994251728057861,True,True,True
controller,validation-001007-8e55fe30f00318e8-steps-11,11,11,11,True,False,False,False,K,K,0.5518132448196411,True,True,True
controller,validation-001007-8e55fe30f00318e8-steps-12,12,12,12,True,False,False,False,M,M,0.9995548129081726,True,True,True
controller,validation-001007-8e55fe30f00318e8-steps-13,13,13,13,True,False,False,False,Y,Y,0.9998494386672974,True,True,True
controller,validation-001007-8e55fe30f00318e8-steps-14,14,12,12,False,True,False,False,M,X,0.9556841850280762,True,False,False
controller,validation-001007-8e55fe30f00318e8-steps-15,15,12,12,False,True,False,False,M,D,0.9998960494995117,True,False,False
controller,validation-001007-8e55fe30f00318e8-steps-16,16,12,12,False,True,False,False,M,V,0.9994669556617737,True,False,False
controller,validation-001439-47776492d9fe48c3-steps-1,1,1,1,True,False,False,False,H,H,0.9996224641799927,True,True,True
controller,validation-001439-47776492d9fe48c3-steps-2,2,2,2,True,False,False,False,O,O,0.9990792274475098,True,True,True
controller,validation-001439-47776492d9fe48c3-steps-3,3,3,3,True,False,False,False,S,S,0.9998346567153931,True,True,True
controller,validation-001439-47776492d9fe48c3-steps-4,4,4,4,True,False,False,False,Q,Q,0.9999039173126221,True,True,True
controller,validation-001439-47776492d9fe48c3-steps-5,5,5,5,True,False,False,False,U,U,0.9999079704284668,True,True,True
controller,validation-001439-47776492d9fe48c3-steps-6,6,6,6,True,False,False,False,R,R,0.9999346733093262,True,True,True
controller,validation-001439-47776492d9fe48c3-steps-7,7,7,7,True,False,False,False,N,N,0.9999271631240845,True,True,True
controller,validation-001439-47776492d9fe48c3-steps-8,8,8,8,True,False,False,False,X,X,0.9998658895492554,True,True,True
controller,validation-001439-47776492d9fe48c3-steps-9,9,7,7,False,True,False,False,N,F,0.5608410835266113,True,False,False
controller,validation-001439-47776492d9fe48c3-steps-10,10,10,10,True,False,False,False,W,W,0.9999085664749146,True,True,True
controller,validation-001439-47776492d9fe48c3-steps-11,11,11,11,True,False,False,False,Y,Y,0.8859853148460388,True,True,True
controller,validation-001439-47776492d9fe48c3-steps-12,12,12,12,True,False,False,False,E,E,0.999895453453064,True,True,True
controller,validation-001439-47776492d9fe48c3-steps-13,13,12,12,False,True,False,False,E,T,0.5050566792488098,True,False,False
controller,validation-001439-47776492d9fe48c3-steps-14,14,12,12,False,True,False,False,E,B,0.9950544834136963,True,False,False
controller,validation-001439-47776492d9fe48c3-steps-15,15,11,11,False,True,False,False,Y,D,0.8018528819084167,True,False,False
controller,validation-001439-47776492d9fe48c3-steps-16,16,12,12,False,True,False,False,E,K,0.99986732006073,True,False,False
controller,validation-000503-f6821c31afbef11e-steps-1,1,1,1,True,False,False,False,R,R,0.9995824694633484,True,True,True
controller,validation-000503-f6821c31afbef11e-steps-2,2,2,2,True,False,False,False,C,C,0.9984633922576904,True,True,True
controller,validation-000503-f6821c31afbef11e-steps-3,3,3,3,True,False,False,False,U,U,0.9997853636741638,True,True,True
controller,validation-000503-f6821c31afbef11e-steps-4,4,4,4,True,False,False,False,M,M,0.9998941421508789,True,True,True
controller,validation-000503-f6821c31afbef11e-steps-5,5,5,5,True,False,False,False,W,W,0.9999004602432251,True,True,True
controller,validation-000503-f6821c31afbef11e-steps-6,6,6,6,True,False,False,False,H,H,0.9999077320098877,True,True,True
controller,validation-000503-f6821c31afbef11e-steps-7,7,7,7,True,False,False,False,A,A,0.9999462366104126,True,True,True
controller,validation-000503-f6821c31afbef11e-steps-8,8,8,8,True,False,False,False,T,T,0.9999299049377441,True,True,True
controller,validation-000503-f6821c31afbef11e-steps-9,9,7,7,False,True,False,False,A,Y,0.9346462488174438,True,False,False
controller,validation-000503-f6821c31afbef11e-steps-10,10,10,10,True,False,False,False,G,G,0.9998911619186401,True,True,True
controller,validation-000503-f6821c31afbef11e-steps-11,11,11,11,True,False,False,False,N,N,0.9269269108772278,True,True,True
controller,validation-000503-f6821c31afbef11e-steps-12,12,12,12,True,False,False,False,N,N,0.9998582601547241,True,True,True
controller,validation-000503-f6821c31afbef11e-steps-13,13,12,12,False,True,False,False,N,N,0.5101102590560913,True,True,False
controller,validation-000503-f6821c31afbef11e-steps-14,14,12,12,False,True,False,False,N,N,0.9956982135772705,True,True,False
controller,validation-000503-f6821c31afbef11e-steps-15,15,11,11,False,True,False,False,N,N,0.7656642198562622,True,True,False
controller,validation-000503-f6821c31afbef11e-steps-16,16,12,12,False,True,False,False,N,N,0.9998868703842163,True,True,False
controller,validation-000431-12c2148d7ec54c23-steps-1,1,1,1,True,False,False,False,W,W,0.9997089505195618,True,True,True
controller,validation-000431-12c2148d7ec54c23-steps-2,2,2,2,True,False,False,False,D,D,0.9990217685699463,True,True,True
controller,validation-000431-12c2148d7ec54c23-steps-3,3,3,3,True,False,False,False,R,R,0.9998084902763367,True,True,True
controller,validation-000431-12c2148d7ec54c23-steps-4,4,4,4,True,False,False,False,B,B,0.9999034404754639,True,True,True
controller,validation-000431-12c2148d7ec54c23-steps-5,5,5,5,True,False,False,False,S,S,0.9998931884765625,True,True,True
controller,validation-000431-12c2148d7ec54c23-steps-6,6,6,6,True,False,False,False,R,R,0.9998238682746887,True,True,True
controller,validation-000431-12c2148d7ec54c23-steps-7,7,7,7,True,False,False,False,B,B,0.9998935461044312,True,True,True
controller,validation-000431-12c2148d7ec54c23-steps-8,8,8,8,True,False,False,False,S,S,0.9998171925544739,True,True,True
controller,validation-000431-12c2148d7ec54c23-steps-9,9,8,8,False,True,False,False,S,R,0.9999498128890991,True,False,False
controller,validation-000431-12c2148d7ec54c23-steps-10,10,10,10,True,False,False,False,B,B,0.9996517896652222,True,True,True
controller,validation-000431-12c2148d7ec54c23-steps-11,11,11,11,True,False,False,False,S,S,0.6770743727684021,True,True,True
controller,validation-000431-12c2148d7ec54c23-steps-12,12,12,12,True,False,False,False,R,R,0.9997175335884094,True,True,True
controller,validation-000431-12c2148d7ec54c23-steps-13,13,13,13,True,False,False,False,B,B,0.9998602867126465,True,True,True
controller,validation-000431-12c2148d7ec54c23-steps-14,14,12,12,False,True,False,False,R,S,0.975888192653656,True,False,False
controller,validation-000431-12c2148d7ec54c23-steps-15,15,12,12,False,True,False,False,R,R,0.9999032020568848,True,True,False
controller,validation-000431-12c2148d7ec54c23-steps-16,16,12,12,False,True,False,False,R,B,0.9996953010559082,True,False,False
controller,validation-001055-9fbdbb4ee26e7f99-steps-1,1,1,1,True,False,False,False,Z,Z,0.999426007270813,True,True,True
controller,validation-001055-9fbdbb4ee26e7f99-steps-2,2,2,2,True,False,False,False,B,B,0.9912347793579102,True,True,True
controller,validation-001055-9fbdbb4ee26e7f99-steps-3,3,3,3,True,False,False,False,G,G,0.9983819723129272,True,True,True
controller,validation-001055-9fbdbb4ee26e7f99-steps-4,4,4,4,True,False,False,False,N,N,0.999039351940155,True,True,True
controller,validation-001055-9fbdbb4ee26e7f99-steps-5,5,5,5,True,False,False,False,D,D,0.9993343949317932,True,True,True
controller,validation-001055-9fbdbb4ee26e7f99-steps-6,6,6,6,True,False,False,False,H,H,0.999471127986908,True,True,True
controller,validation-001055-9fbdbb4ee26e7f99-steps-7,7,7,7,True,False,False,False,M,M,0.9998304843902588,True,True,True
controller,validation-001055-9fbdbb4ee26e7f99-steps-8,8,8,8,True,False,False,False,P,P,0.9997929930686951,True,True,True
controller,validation-001055-9fbdbb4ee26e7f99-steps-9,9,8,8,False,True,False,False,P,E,0.9999533891677856,True,False,False
controller,validation-001055-9fbdbb4ee26e7f99-steps-10,10,10,10,True,False,False,False,V,V,0.9997914433479309,True,True,True
controller,validation-001055-9fbdbb4ee26e7f99-steps-11,11,11,11,True,False,False,False,R,R,0.9549732208251953,True,True,True
controller,validation-001055-9fbdbb4ee26e7f99-steps-12,12,12,12,True,False,False,False,L,L,0.9998742341995239,True,True,True
controller,validation-001055-9fbdbb4ee26e7f99-steps-13,13,12,12,False,True,False,False,L,C,0.6658363342285156,True,False,False
controller,validation-001055-9fbdbb4ee26e7f99-steps-14,14,12,12,False,True,False,False,L,W,0.9974725842475891,True,False,False
controller,validation-001055-9fbdbb4ee26e7f99-steps-15,15,11,11,False,True,False,False,R,Q,0.804412841796875,True,False,False
controller,validation-001055-9fbdbb4ee26e7f99-steps-16,16,12,12,False,True,False,False,L,F,0.9998980760574341,True,False,False
controller,validation-000335-d90b114ba957e83a-steps-1,1,1,1,True,False,False,False,E,E,0.9991222023963928,True,True,True
controller,validation-000335-d90b114ba957e83a-steps-2,2,2,2,True,False,False,False,O,O,0.9867855906486511,True,True,True
controller,validation-000335-d90b114ba957e83a-steps-3,3,3,3,True,False,False,False,G,G,0.9849912524223328,True,True,True
controller,validation-000335-d90b114ba957e83a-steps-4,4,4,4,True,False,False,False,L,L,0.9618126749992371,True,True,True
controller,validation-000335-d90b114ba957e83a-steps-5,5,5,5,True,False,False,False,Q,Q,0.9764126539230347,True,True,True
controller,validation-000335-d90b114ba957e83a-steps-6,6,6,6,True,False,False,False,T,T,0.9326786398887634,True,True,True
controller,validation-000335-d90b114ba957e83a-steps-7,7,7,7,True,False,False,False,M,M,0.9895899891853333,True,True,True
controller,validation-000335-d90b114ba957e83a-steps-8,8,8,8,True,False,False,False,Y,Y,0.9695557355880737,True,True,True
controller,validation-000335-d90b114ba957e83a-steps-9,9,8,8,False,True,False,False,Y,R,0.9988971948623657,True,False,False
controller,validation-000335-d90b114ba957e83a-steps-10,10,10,10,True,False,False,False,E,E,0.9914599657058716,True,True,True
controller,validation-000335-d90b114ba957e83a-steps-11,11,12,12,False,False,True,False,G,O,0.9995262622833252,True,False,False
controller,validation-000335-d90b114ba957e83a-steps-12,12,12,12,True,False,False,False,G,G,0.9922722578048706,True,True,True
controller,validation-000335-d90b114ba957e83a-steps-13,13,13,13,True,False,False,False,L,L,0.9982080459594727,True,True,True
controller,validation-000335-d90b114ba957e83a-steps-14,14,13,13,False,True,False,False,L,Q,0.9999110698699951,True,False,False
controller,validation-000335-d90b114ba957e83a-steps-15,15,12,12,False,True,False,False,G,T,0.999100923538208,True,False,False
controller,validation-000335-d90b114ba957e83a-steps-16,16,12,12,False,True,False,False,G,M,0.9915114045143127,True,False,False
controller,validation-000383-f0afb736156f28b0-steps-1,1,1,1,True,False,False,False,C,C,0.9996651411056519,True,True,True
controller,validation-000383-f0afb736156f28b0-steps-2,2,2,2,True,False,False,False,H,H,0.9990069270133972,True,True,True
controller,validation-000383-f0afb736156f28b0-steps-3,3,3,3,True,False,False,False,A,A,0.999854564666748,True,True,True
controller,validation-000383-f0afb736156f28b0-steps-4,4,4,4,True,False,False,False,M,M,0.9999197721481323,True,True,True
controller,validation-000383-f0afb736156f28b0-steps-5,5,5,5,True,False,False,False,F,F,0.9999189376831055,True,True,True
controller,validation-000383-f0afb736156f28b0-steps-6,6,6,6,True,False,False,False,V,V,0.9998595714569092,True,True,True
controller,validation-000383-f0afb736156f28b0-steps-7,7,7,7,True,False,False,False,C,C,0.9999287128448486,True,True,True
controller,validation-000383-f0afb736156f28b0-steps-8,8,8,8,True,False,False,False,H,H,0.9998651742935181,True,True,True
controller,validation-000383-f0afb736156f28b0-steps-9,9,7,7,False,True,False,False,C,A,0.5133349895477295,True,False,False
controller,validation-000383-f0afb736156f28b0-steps-10,10,10,10,True,False,False,False,M,M,0.9997856020927429,True,True,True
controller,validation-000383-f0afb736156f28b0-steps-11,11,11,11,True,False,False,False,F,F,0.8978069424629211,True,True,True
controller,validation-000383-f0afb736156f28b0-steps-12,12,12,12,True,False,False,False,V,V,0.9998327493667603,True,True,True
controller,validation-000383-f0afb736156f28b0-steps-13,13,13,13,True,False,False,False,C,C,0.9999043941497803,True,True,True
controller,validation-000383-f0afb736156f28b0-steps-14,14,12,12,False,True,False,False,V,H,0.9908179044723511,True,False,False
controller,validation-000383-f0afb736156f28b0-steps-15,15,12,12,False,True,False,False,V,A,0.999923825263977,True,False,False
controller,validation-000383-f0afb736156f28b0-steps-16,16,12,12,False,True,False,False,V,M,0.9997172951698303,True,False,False
controller,validation-001223-f78dabefc858d2cf-steps-1,1,1,1,True,False,False,False,R,R,0.999703586101532,True,True,True
controller,validation-001223-f78dabefc858d2cf-steps-2,2,2,2,True,False,False,False,W,W,0.9978576302528381,True,True,True
controller,validation-001223-f78dabefc858d2cf-steps-3,3,3,3,True,False,False,False,B,B,0.9996763467788696,True,True,True
controller,validation-001223-f78dabefc858d2cf-steps-4,4,4,4,True,False,False,False,Y,Y,0.9998099207878113,True,True,True
controller,validation-001223-f78dabefc858d2cf-steps-5,5,5,5,True,False,False,False,X,X,0.9998443126678467,True,True,True
controller,validation-001223-f78dabefc858d2cf-steps-6,6,6,6,True,False,False,False,Z,Z,0.9998676776885986,True,True,True
controller,validation-001223-f78dabefc858d2cf-steps-7,7,7,7,True,False,False,False,G,G,0.9999408721923828,True,True,True
controller,validation-001223-f78dabefc858d2cf-steps-8,8,8,8,True,False,False,False,O,O,0.9999123811721802,True,True,True
controller,validation-001223-f78dabefc858d2cf-steps-9,9,7,7,False,True,False,False,G,E,0.7620041370391846,True,False,False
controller,validation-001223-f78dabefc858d2cf-steps-10,10,9,9,False,True,False,False,E,D,0.5526641011238098,True,False,False
controller,validation-001223-f78dabefc858d2cf-steps-11,11,11,11,True,False,False,False,Q,Q,0.980659008026123,True,True,True
controller,validation-001223-f78dabefc858d2cf-steps-12,12,12,12,True,False,False,False,L,L,0.999919056892395,True,True,True
controller,validation-001223-f78dabefc858d2cf-steps-13,13,12,12,False,True,False,False,L,A,0.7099019885063171,True,False,False
controller,validation-001223-f78dabefc858d2cf-steps-14,14,12,12,False,True,False,False,L,C,0.9973293542861938,True,False,False
controller,validation-001223-f78dabefc858d2cf-steps-15,15,11,11,False,True,False,False,Q,P,0.8436799049377441,True,False,False
controller,validation-001223-f78dabefc858d2cf-steps-16,16,12,12,False,True,False,False,L,F,0.999921441078186,True,False,False
controller,validation-001535-41ba19cdf8bf8986-steps-1,1,1,1,True,False,False,False,X,X,0.9995412826538086,True,True,True
controller,validation-001535-41ba19cdf8bf8986-steps-2,2,2,2,True,False,False,False,I,I,0.9982205033302307,True,True,True
controller,validation-001535-41ba19cdf8bf8986-steps-3,3,3,3,True,False,False,False,Y,Y,0.99960857629776,True,True,True
controller,validation-001535-41ba19cdf8bf8986-steps-4,4,4,4,True,False,False,False,K,K,0.9997822642326355,True,True,True
controller,validation-001535-41ba19cdf8bf8986-steps-5,5,5,5,True,False,False,False,U,U,0.9996237754821777,True,True,True
controller,validation-001535-41ba19cdf8bf8986-steps-6,6,6,6,True,False,False,False,B,B,0.999523401260376,True,True,True
controller,validation-001535-41ba19cdf8bf8986-steps-7,7,7,7,True,False,False,False,M,M,0.9998102784156799,True,True,True
controller,validation-001535-41ba19cdf8bf8986-steps-8,8,8,8,True,False,False,False,E,E,0.9994049072265625,True,True,True
controller,validation-001535-41ba19cdf8bf8986-steps-9,9,8,8,False,True,False,False,E,A,0.9999147653579712,True,False,False
controller,validation-001535-41ba19cdf8bf8986-steps-10,10,10,10,True,False,False,False,S,S,0.9986672401428223,True,True,True
controller,validation-001535-41ba19cdf8bf8986-steps-11,11,12,12,False,False,True,False,R,T,0.999868631362915,True,False,False
controller,validation-001535-41ba19cdf8bf8986-steps-12,12,12,12,True,False,False,False,R,R,0.9981563687324524,True,True,True
controller,validation-001535-41ba19cdf8bf8986-steps-13,13,13,13,True,False,False,False,J,J,0.9988069534301758,True,True,True
controller,validation-001535-41ba19cdf8bf8986-steps-14,14,12,12,False,True,False,False,R,N,0.7484604716300964,True,False,False
controller,validation-001535-41ba19cdf8bf8986-steps-15,15,12,12,False,True,False,False,R,H,0.9997580647468567,True,False,False
controller,validation-001535-41ba19cdf8bf8986-steps-16,16,12,12,False,True,False,False,R,Z,0.9975692629814148,True,False,False
controller,validation-001091-91feaffb856cca6c-steps-1,1,1,1,True,False,False,False,P,P,0.9997398257255554,True,True,True
controller,validation-001091-91feaffb856cca6c-steps-2,2,2,2,True,False,False,False,Q,Q,0.9974642992019653,True,True,True
controller,validation-001091-91feaffb856cca6c-steps-3,3,3,3,True,False,False,False,W,W,0.9984581470489502,True,True,True
controller,validation-001091-91feaffb856cca6c-steps-4,4,4,4,True,False,False,False,H,H,0.9987325072288513,True,True,True
controller,validation-001091-91feaffb856cca6c-steps-5,5,5,5,True,False,False,False,X,X,0.9972591400146484,True,True,True
controller,validation-001091-91feaffb856cca6c-steps-6,6,6,6,True,False,False,False,N,N,0.9957154393196106,True,True,True
controller,validation-001091-91feaffb856cca6c-steps-7,7,7,7,True,False,False,False,E,E,0.9992132186889648,True,True,True
controller,validation-001091-91feaffb856cca6c-steps-8,8,8,8,True,False,False,False,D,D,0.9986503720283508,True,True,True
controller,validation-001091-91feaffb856cca6c-steps-9,9,8,8,False,True,False,False,D,F,0.9998735189437866,True,False,False
controller,validation-001091-91feaffb856cca6c-steps-10,10,10,10,True,False,False,False,Z,Z,0.9983830451965332,True,True,True
controller,validation-001091-91feaffb856cca6c-steps-11,11,12,12,False,False,True,False,A,J,0.9998759031295776,True,False,False
controller,validation-001091-91feaffb856cca6c-steps-12,12,12,12,True,False,False,False,A,A,0.9987364411354065,True,True,True
controller,validation-001091-91feaffb856cca6c-steps-13,13,13,13,True,False,False,False,C,C,0.9997361302375793,True,True,True
controller,validation-001091-91feaffb856cca6c-steps-14,14,12,12,False,True,False,False,A,I,0.8410316109657288,True,False,False
controller,validation-001091-91feaffb856cca6c-steps-15,15,12,12,False,True,False,False,A,T,0.9998071789741516,True,False,False
controller,validation-001091-91feaffb856cca6c-steps-16,16,12,12,False,True,False,False,A,S,0.9989328980445862,True,False,False
controller,validation-000923-3da6e61b2a558eff-steps-1,1,1,1,True,False,False,False,I,I,0.9998564720153809,True,True,True
controller,validation-000923-3da6e61b2a558eff-steps-2,2,2,2,True,False,False,False,I,I,0.9987769722938538,True,True,True
controller,validation-000923-3da6e61b2a558eff-steps-3,3,3,3,True,False,False,False,I,I,0.9997112154960632,True,True,True
controller,validation-000923-3da6e61b2a558eff-steps-4,4,4,4,True,False,False,False,I,I,0.999750554561615,True,True,True
controller,validation-000923-3da6e61b2a558eff-steps-5,5,5,5,True,False,False,False,I,I,0.9995425939559937,True,True,True
controller,validation-000923-3da6e61b2a558eff-steps-6,6,6,6,True,False,False,False,I,I,0.9988232254981995,True,True,True
controller,validation-000923-3da6e61b2a558eff-steps-7,7,7,7,True,False,False,False,I,I,0.9995878338813782,True,True,True
controller,validation-000923-3da6e61b2a558eff-steps-8,8,8,8,True,False,False,False,I,I,0.9993365406990051,True,True,True
controller,validation-000923-3da6e61b2a558eff-steps-9,9,8,8,False,True,False,False,I,I,0.999909520149231,True,True,False
controller,validation-000923-3da6e61b2a558eff-steps-10,10,10,10,True,False,False,False,I,I,0.9998569488525391,True,True,True
controller,validation-000923-3da6e61b2a558eff-steps-11,11,11,11,True,False,False,False,I,I,0.8621185421943665,True,True,True
controller,validation-000923-3da6e61b2a558eff-steps-12,12,12,12,True,False,False,False,I,I,0.9998383522033691,True,True,True
controller,validation-000923-3da6e61b2a558eff-steps-13,13,13,13,True,False,False,False,I,I,0.9999103546142578,True,True,True
controller,validation-000923-3da6e61b2a558eff-steps-14,14,12,12,False,True,False,False,I,I,0.9863764643669128,True,True,False
controller,validation-000923-3da6e61b2a558eff-steps-15,15,11,11,False,True,False,False,I,I,0.5476093888282776,True,True,False
controller,validation-000923-3da6e61b2a558eff-steps-16,16,12,12,False,True,False,False,I,I,0.999840259552002,True,True,False
controller,validation-000287-f15bc8539395ddeb-steps-1,1,1,1,True,False,False,False,T,T,0.9992308616638184,True,True,True
controller,validation-000287-f15bc8539395ddeb-steps-2,2,2,2,True,False,False,False,H,H,0.9953144788742065,True,True,True
controller,validation-000287-f15bc8539395ddeb-steps-3,3,3,3,True,False,False,False,J,J,0.9990574717521667,True,True,True
controller,validation-000287-f15bc8539395ddeb-steps-4,4,4,4,True,False,False,False,Q,Q,0.9994801878929138,True,True,True
controller,validation-000287-f15bc8539395ddeb-steps-5,5,5,5,True,False,False,False,W,W,0.9993415474891663,True,True,True
controller,validation-000287-f15bc8539395ddeb-steps-6,6,6,6,True,False,False,False,B,B,0.9987273812294006,True,True,True
controller,validation-000287-f15bc8539395ddeb-steps-7,7,7,7,True,False,False,False,E,E,0.9997320771217346,True,True,True
controller,validation-000287-f15bc8539395ddeb-steps-8,8,8,8,True,False,False,False,S,S,0.9991514682769775,True,True,True
controller,validation-000287-f15bc8539395ddeb-steps-9,9,8,8,False,True,False,False,S,C,0.9999097585678101,True,False,False
controller,validation-000287-f15bc8539395ddeb-steps-10,10,10,10,True,False,False,False,P,P,0.9978411197662354,True,True,True
controller,validation-000287-f15bc8539395ddeb-steps-11,11,12,12,False,False,True,False,Y,O,0.9999179840087891,True,False,False
controller,validation-000287-f15bc8539395ddeb-steps-12,12,12,12,True,False,False,False,Y,Y,0.9993478655815125,True,True,True
controller,validation-000287-f15bc8539395ddeb-steps-13,13,13,13,True,False,False,False,I,I,0.9997001886367798,True,True,True
controller,validation-000287-f15bc8539395ddeb-steps-14,14,12,12,False,True,False,False,Y,V,0.8977876305580139,True,False,False
controller,validation-000287-f15bc8539395ddeb-steps-15,15,12,12,False,True,False,False,Y,T,0.9998595714569092,True,False,False
controller,validation-000287-f15bc8539395ddeb-steps-16,16,12,12,False,True,False,False,Y,H,0.9988425970077515,True,False,False
controller,validation-000683-c9c2938aa3bd1cdc-steps-1,1,1,1,True,False,False,False,L,L,0.9996896982192993,True,True,True
controller,validation-000683-c9c2938aa3bd1cdc-steps-2,2,2,2,True,False,False,False,E,E,0.9990491271018982,True,True,True
controller,validation-000683-c9c2938aa3bd1cdc-steps-3,3,3,3,True,False,False,False,G,G,0.9998389482498169,True,True,True
controller,validation-000683-c9c2938aa3bd1cdc-steps-4,4,4,4,True,False,False,False,N,N,0.999893307685852,True,True,True
controller,validation-000683-c9c2938aa3bd1cdc-steps-5,5,5,5,True,False,False,False,Y,Y,0.999919056892395,True,True,True
controller,validation-000683-c9c2938aa3bd1cdc-steps-6,6,6,6,True,False,False,False,P,P,0.9999117851257324,True,True,True
controller,validation-000683-c9c2938aa3bd1cdc-steps-7,7,7,7,True,False,False,False,I,I,0.9999383687973022,True,True,True
controller,validation-000683-c9c2938aa3bd1cdc-steps-8,8,8,8,True,False,False,False,X,X,0.9998958110809326,True,True,True
controller,validation-000683-c9c2938aa3bd1cdc-steps-9,9,7,7,False,True,False,False,I,S,0.6346858143806458,True,False,False
controller,validation-000683-c9c2938aa3bd1cdc-steps-10,10,10,10,True,False,False,False,Z,Z,0.9998655319213867,True,True,True
controller,validation-000683-c9c2938aa3bd1cdc-steps-11,11,11,11,True,False,False,False,R,R,0.8655405640602112,True,True,True
controller,validation-000683-c9c2938aa3bd1cdc-steps-12,12,12,12,True,False,False,False,O,O,0.9998964071273804,True,True,True
controller,validation-000683-c9c2938aa3bd1cdc-steps-13,13,12,12,False,True,False,False,O,U,0.5385451912879944,True,False,False
controller,validation-000683-c9c2938aa3bd1cdc-steps-14,14,12,12,False,True,False,False,O,T,0.9967142343521118,True,False,False
controller,validation-000683-c9c2938aa3bd1cdc-steps-15,15,11,11,False,True,False,False,R,F,0.6709519028663635,True,False,False
controller,validation-000683-c9c2938aa3bd1cdc-steps-16,16,12,12,False,True,False,False,O,W,0.9998316764831543,True,False,False
controller,validation-001067-527abe078c805ef7-steps-1,1,1,1,True,False,False,False,B,B,0.9992768168449402,True,True,True
controller,validation-001067-527abe078c805ef7-steps-2,2,2,2,True,False,False,False,B,B,0.9939448237419128,True,True,True
controller,validation-001067-527abe078c805ef7-steps-3,3,3,3,True,False,False,False,B,B,0.9985905289649963,True,True,True
controller,validation-001067-527abe078c805ef7-steps-4,4,4,4,True,False,False,False,B,B,0.9995260238647461,True,True,True
controller,validation-001067-527abe078c805ef7-steps-5,5,5,5,True,False,False,False,B,B,0.9992295503616333,True,True,True
controller,validation-001067-527abe078c805ef7-steps-6,6,6,6,True,False,False,False,B,B,0.9991891980171204,True,True,True
controller,validation-001067-527abe078c805ef7-steps-7,7,7,7,True,False,False,False,B,B,0.9996034502983093,True,True,True
controller,validation-001067-527abe078c805ef7-steps-8,8,8,8,True,False,False,False,B,B,0.9997109770774841,True,True,True
controller,validation-001067-527abe078c805ef7-steps-9,9,8,8,False,True,False,False,B,B,0.9999245405197144,True,True,False
controller,validation-001067-527abe078c805ef7-steps-10,10,10,10,True,False,False,False,B,B,0.999649167060852,True,True,True
controller,validation-001067-527abe078c805ef7-steps-11,11,11,11,True,False,False,False,B,B,0.7447269558906555,True,True,True
controller,validation-001067-527abe078c805ef7-steps-12,12,12,12,True,False,False,False,B,B,0.9998941421508789,True,True,True
controller,validation-001067-527abe078c805ef7-steps-13,13,13,13,True,False,False,False,B,B,0.999919056892395,True,True,True
controller,validation-001067-527abe078c805ef7-steps-14,14,12,12,False,True,False,False,B,B,0.9920040965080261,True,True,False
controller,validation-001067-527abe078c805ef7-steps-15,15,11,11,False,True,False,False,B,B,0.6147139668464661,True,True,False
controller,validation-001067-527abe078c805ef7-steps-16,16,12,12,False,True,False,False,B,B,0.9998739957809448,True,True,False
controller,validation-000143-55a022f5099feb4c-steps-1,1,1,1,True,False,False,False,P,P,0.999613344669342,True,True,True
controller,validation-000143-55a022f5099feb4c-steps-2,2,2,2,True,False,False,False,F,F,0.9964285492897034,True,True,True
controller,validation-000143-55a022f5099feb4c-steps-3,3,3,3,True,False,False,False,A,A,0.997972309589386,True,True,True
controller,validation-000143-55a022f5099feb4c-steps-4,4,4,4,True,False,False,False,U,U,0.9968108534812927,True,True,True
controller,validation-000143-55a022f5099feb4c-steps-5,5,5,5,True,False,False,False,C,C,0.9956711530685425,True,True,True
controller,validation-000143-55a022f5099feb4c-steps-6,6,6,6,True,False,False,False,S,S,0.9853017926216125,True,True,True
controller,validation-000143-55a022f5099feb4c-steps-7,7,7,7,True,False,False,False,H,H,0.992771565914154,True,True,True
controller,validation-000143-55a022f5099feb4c-steps-8,8,8,8,True,False,False,False,R,R,0.914203405380249,True,True,True
controller,validation-000143-55a022f5099feb4c-steps-9,9,8,8,False,True,False,False,R,P,0.9985834360122681,True,False,False
controller,validation-000143-55a022f5099feb4c-steps-10,10,10,10,True,False,False,False,F,F,0.7156950831413269,True,True,True
controller,validation-000143-55a022f5099feb4c-steps-11,11,12,12,False,False,True,False,U,A,0.996359646320343,True,False,False
controller,validation-000143-55a022f5099feb4c-steps-12,12,12,12,True,False,False,False,U,U,0.9063753485679626,True,True,True
controller,validation-000143-55a022f5099feb4c-steps-13,13,13,13,True,False,False,False,C,C,0.9963380098342896,True,True,True
controller,validation-000143-55a022f5099feb4c-steps-14,14,13,13,False,True,False,False,C,S,0.9998953342437744,True,False,False
controller,validation-000143-55a022f5099feb4c-steps-15,15,12,12,False,True,False,False,U,H,0.993051290512085,True,False,False
controller,validation-000143-55a022f5099feb4c-steps-16,16,12,12,False,True,False,False,U,R,0.8721723556518555,True,False,False
controller,validation-001427-4ecc46346a69d9fe-steps-1,1,1,1,True,False,False,False,B,B,0.9995680451393127,True,True,True
controller,validation-001427-4ecc46346a69d9fe-steps-2,2,2,2,True,False,False,False,N,N,0.9979978203773499,True,True,True
controller,validation-001427-4ecc46346a69d9fe-steps-3,3,3,3,True,False,False,False,Z,Z,0.9997214674949646,True,True,True
controller,validation-001427-4ecc46346a69d9fe-steps-4,4,4,4,True,False,False,False,B,B,0.9998643398284912,True,True,True
controller,validation-001427-4ecc46346a69d9fe-steps-5,5,5,5,True,False,False,False,N,N,0.9998353719711304,True,True,True
controller,validation-001427-4ecc46346a69d9fe-steps-6,6,6,6,True,False,False,False,Z,Z,0.9998061060905457,True,True,True
controller,validation-001427-4ecc46346a69d9fe-steps-7,7,7,7,True,False,False,False,B,B,0.9999136924743652,True,True,True
controller,validation-001427-4ecc46346a69d9fe-steps-8,8,8,8,True,False,False,False,N,N,0.9997566342353821,True,True,True
controller,validation-001427-4ecc46346a69d9fe-steps-9,9,7,7,False,True,False,False,B,Z,0.5058209300041199,True,False,False
controller,validation-001427-4ecc46346a69d9fe-steps-10,10,10,10,True,False,False,False,B,B,0.9999229907989502,True,True,True
controller,validation-001427-4ecc46346a69d9fe-steps-11,11,11,11,True,False,False,False,N,N,0.9752811789512634,True,True,True
controller,validation-001427-4ecc46346a69d9fe-steps-12,12,12,12,True,False,False,False,Z,Z,0.999929666519165,True,True,True
controller,validation-001427-4ecc46346a69d9fe-steps-13,13,12,12,False,True,False,False,Z,B,0.6868844628334045,True,False,False
controller,validation-001427-4ecc46346a69d9fe-steps-14,14,12,12,False,True,False,False,Z,N,0.9982476234436035,True,False,False
controller,validation-001427-4ecc46346a69d9fe-steps-15,15,11,11,False,True,False,False,N,Z,0.790788471698761,True,False,False
controller,validation-001427-4ecc46346a69d9fe-steps-16,16,12,12,False,True,False,False,Z,B,0.9999194145202637,True,False,False
controller,validation-000251-4d2868d58614a55e-steps-1,1,1,1,True,False,False,False,W,W,0.9995294809341431,True,True,True
controller,validation-000251-4d2868d58614a55e-steps-2,2,2,2,True,False,False,False,B,B,0.9972614049911499,True,True,True
controller,validation-000251-4d2868d58614a55e-steps-3,3,3,3,True,False,False,False,Z,Z,0.9994706511497498,True,True,True
controller,validation-000251-4d2868d58614a55e-steps-4,4,4,4,True,False,False,False,V,V,0.999751627445221,True,True,True
controller,validation-000251-4d2868d58614a55e-steps-5,5,5,5,True,False,False,False,W,W,0.9996494054794312,True,True,True
controller,validation-000251-4d2868d58614a55e-steps-6,6,6,6,True,False,False,False,B,B,0.99969482421875,True,True,True
controller,validation-000251-4d2868d58614a55e-steps-7,7,7,7,True,False,False,False,Z,Z,0.9998550415039062,True,True,True
controller,validation-000251-4d2868d58614a55e-steps-8,8,8,8,True,False,False,False,V,V,0.9996951818466187,True,True,True
controller,validation-000251-4d2868d58614a55e-steps-9,9,8,8,False,True,False,False,V,W,0.9999357461929321,True,False,False
controller,validation-000251-4d2868d58614a55e-steps-10,10,10,10,True,False,False,False,B,B,0.9995455145835876,True,True,True
controller,validation-000251-4d2868d58614a55e-steps-11,11,11,11,True,False,False,False,Z,Z,0.7206823229789734,True,True,True
controller,validation-000251-4d2868d58614a55e-steps-12,12,12,12,True,False,False,False,V,V,0.9996033310890198,True,True,True
controller,validation-000251-4d2868d58614a55e-steps-13,13,13,13,True,False,False,False,W,W,0.9998117089271545,True,True,True
controller,validation-000251-4d2868d58614a55e-steps-14,14,12,12,False,True,False,False,V,B,0.977155327796936,True,False,False
controller,validation-000251-4d2868d58614a55e-steps-15,15,12,12,False,True,False,False,V,Z,0.9998676776885986,True,False,False
controller,validation-000251-4d2868d58614a55e-steps-16,16,12,12,False,True,False,False,V,V,0.9995347261428833,True,True,False
controller,validation-000299-a6cb6a71e814471a-steps-1,1,1,1,True,False,False,False,Y,Y,0.999206006526947,True,True,True
controller,validation-000299-a6cb6a71e814471a-steps-2,2,2,2,True,False,False,False,L,L,0.9882163405418396,True,True,True
controller,validation-000299-a6cb6a71e814471a-steps-3,3,3,3,True,False,False,False,T,T,0.9910447597503662,True,True,True
controller,validation-000299-a6cb6a71e814471a-steps-4,4,4,4,True,False,False,False,D,D,0.9945762157440186,True,True,True
controller,validation-000299-a6cb6a71e814471a-steps-5,5,5,5,True,False,False,False,E,E,0.9830318689346313,True,True,True
controller,validation-000299-a6cb6a71e814471a-steps-6,6,6,6,True,False,False,False,U,U,0.9026342630386353,True,True,True
controller,validation-000299-a6cb6a71e814471a-steps-7,7,7,7,True,False,False,False,S,S,0.9541036486625671,True,True,True
controller,validation-000299-a6cb6a71e814471a-steps-8,8,8,8,True,False,False,False,K,K,0.9277061820030212,True,True,True
controller,validation-000299-a6cb6a71e814471a-steps-9,9,8,8,False,True,False,False,K,N,0.9982579350471497,True,False,False
controller,validation-000299-a6cb6a71e814471a-steps-10,10,11,11,False,False,True,False,O,J,0.9999415874481201,True,False,False
controller,validation-000299-a6cb6a71e814471a-steps-11,11,12,12,False,False,True,False,Z,O,0.9982035160064697,True,False,False
controller,validation-000299-a6cb6a71e814471a-steps-12,12,12,12,True,False,False,False,Z,Z,0.9169965386390686,True,True,True
controller,validation-000299-a6cb6a71e814471a-steps-13,13,13,13,True,False,False,False,X,X,0.9898433685302734,True,True,True
controller,validation-000299-a6cb6a71e814471a-steps-14,14,13,13,False,True,False,False,X,Y,0.9998028874397278,True,False,False
controller,validation-000299-a6cb6a71e814471a-steps-15,15,12,12,False,True,False,False,Z,L,0.9918069243431091,True,False,False
controller,validation-000299-a6cb6a71e814471a-steps-16,16,12,12,False,True,False,False,Z,T,0.9103708863258362,True,False,False
controller,validation-000959-a8d52e3ae31b6109-steps-1,1,1,1,True,False,False,False,S,S,0.9987804293632507,True,True,True
controller,validation-000959-a8d52e3ae31b6109-steps-2,2,2,2,True,False,False,False,V,V,0.9849963188171387,True,True,True
controller,validation-000959-a8d52e3ae31b6109-steps-3,3,3,3,True,False,False,False,F,F,0.9970965385437012,True,True,True
controller,validation-000959-a8d52e3ae31b6109-steps-4,4,4,4,True,False,False,False,N,N,0.9980759620666504,True,True,True
controller,validation-000959-a8d52e3ae31b6109-steps-5,5,5,5,True,False,False,False,Q,Q,0.9986030459403992,True,True,True
controller,validation-000959-a8d52e3ae31b6109-steps-6,6,6,6,True,False,False,False,T,T,0.9979064464569092,True,True,True
controller,validation-000959-a8d52e3ae31b6109-steps-7,7,7,7,True,False,False,False,A,A,0.9996682405471802,True,True,True
controller,validation-000959-a8d52e3ae31b6109-steps-8,8,8,8,True,False,False,False,Z,Z,0.9994874000549316,True,True,True
controller,validation-000959-a8d52e3ae31b6109-steps-9,9,8,8,False,True,False,False,Z,L,0.9999414682388306,True,False,False
controller,validation-000959-a8d52e3ae31b6109-steps-10,10,10,10,True,False,False,False,O,O,0.9993444085121155,True,True,True
controller,validation-000959-a8d52e3ae31b6109-steps-11,11,11,11,True,False,False,False,D,D,0.7324415445327759,True,True,True
controller,validation-000959-a8d52e3ae31b6109-steps-12,12,12,12,True,False,False,False,E,E,0.99968421459198,True,True,True
controller,validation-000959-a8d52e3ae31b6109-steps-13,13,13,13,True,False,False,False,C,C,0.9999057054519653,True,True,True
controller,validation-000959-a8d52e3ae31b6109-steps-14,14,12,12,False,True,False,False,E,K,0.9895457625389099,True,False,False
controller,validation-000959-a8d52e3ae31b6109-steps-15,15,11,11,False,True,False,False,D,X,0.5620137453079224,True,False,False
controller,validation-000959-a8d52e3ae31b6109-steps-16,16,12,12,False,True,False,False,E,I,0.9997182488441467,True,False,False
controller,validation-000887-704039b5f97f78a3-steps-1,1,1,1,True,False,False,False,B,B,0.9996340274810791,True,True,True
controller,validation-000887-704039b5f97f78a3-steps-2,2,2,2,True,False,False,False,S,S,0.9984099864959717,True,True,True
controller,validation-000887-704039b5f97f78a3-steps-3,3,3,3,True,False,False,False,G,G,0.9997853636741638,True,True,True
controller,validation-000887-704039b5f97f78a3-steps-4,4,4,4,True,False,False,False,F,F,0.9998729228973389,True,True,True
controller,validation-000887-704039b5f97f78a3-steps-5,5,5,5,True,False,False,False,U,U,0.9999133348464966,True,True,True
controller,validation-000887-704039b5f97f78a3-steps-6,6,6,6,True,False,False,False,W,W,0.999930739402771,True,True,True
controller,validation-000887-704039b5f97f78a3-steps-7,7,7,7,True,False,False,False,A,A,0.9999572038650513,True,True,True
controller,validation-000887-704039b5f97f78a3-steps-8,8,8,8,True,False,False,False,K,K,0.9999489784240723,True,True,True
controller,validation-000887-704039b5f97f78a3-steps-9,9,7,7,False,True,False,False,A,D,0.9760993719100952,True,False,False
controller,validation-000887-704039b5f97f78a3-steps-10,10,9,9,False,True,False,False,D,H,0.9424513578414917,True,False,False
controller,validation-000887-704039b5f97f78a3-steps-11,11,11,11,True,False,False,False,X,X,0.9973115921020508,True,True,True
controller,validation-000887-704039b5f97f78a3-steps-12,12,11,11,False,True,False,False,X,J,0.7976635694503784,True,False,False
controller,validation-000887-704039b5f97f78a3-steps-13,13,12,12,False,True,False,False,J,O,0.9427450895309448,True,False,False
controller,validation-000887-704039b5f97f78a3-steps-14,14,12,12,False,True,False,False,J,L,0.9996891021728516,True,False,False
controller,validation-000887-704039b5f97f78a3-steps-15,15,11,11,False,True,False,False,X,B,0.9903938174247742,True,False,False
controller,validation-000887-704039b5f97f78a3-steps-16,16,11,11,False,True,False,False,X,S,0.8798286318778992,True,False,False
controller,validation-000743-edf85aff35719d37-steps-1,1,1,1,True,False,False,False,W,W,0.999259889125824,True,True,True
controller,validation-000743-edf85aff35719d37-steps-2,2,2,2,True,False,False,False,W,W,0.9858713746070862,True,True,True
controller,validation-000743-edf85aff35719d37-steps-3,3,3,3,True,False,False,False,W,W,0.9928458333015442,True,True,True
controller,validation-000743-edf85aff35719d37-steps-4,4,4,4,True,False,False,False,W,W,0.9941441416740417,True,True,True
controller,validation-000743-edf85aff35719d37-steps-5,5,5,5,True,False,False,False,W,W,0.9922760128974915,True,True,True
controller,validation-000743-edf85aff35719d37-steps-6,6,6,6,True,False,False,False,W,W,0.9859400987625122,True,True,True
controller,validation-000743-edf85aff35719d37-steps-7,7,7,7,True,False,False,False,W,W,0.9977338314056396,True,True,True
controller,validation-000743-edf85aff35719d37-steps-8,8,8,8,True,False,False,False,W,W,0.9882965683937073,True,True,True
controller,validation-000743-edf85aff35719d37-steps-9,9,8,8,False,True,False,False,W,W,0.9993922710418701,True,True,False
controller,validation-000743-edf85aff35719d37-steps-10,10,10,10,True,False,False,False,W,W,0.9180176854133606,True,True,True
controller,validation-000743-edf85aff35719d37-steps-11,11,12,12,False,False,True,False,W,W,0.9977977275848389,True,True,False
controller,validation-000743-edf85aff35719d37-steps-12,12,12,12,True,False,False,False,W,W,0.9097294807434082,True,True,True
controller,validation-000743-edf85aff35719d37-steps-13,13,13,13,True,False,False,False,W,W,0.9724899530410767,True,True,True
controller,validation-000743-edf85aff35719d37-steps-14,14,13,13,False,True,False,False,W,W,0.99945467710495,True,True,False
controller,validation-000743-edf85aff35719d37-steps-15,15,12,12,False,True,False,False,W,W,0.9927759170532227,True,True,False
controller,validation-000743-edf85aff35719d37-steps-16,16,12,12,False,True,False,False,W,W,0.9054414629936218,True,True,False
controller,validation-000227-c91cc7b79cb069b7-steps-1,1,1,1,True,False,False,False,M,M,0.9992054104804993,True,True,True
controller,validation-000227-c91cc7b79cb069b7-steps-2,2,2,2,True,False,False,False,P,P,0.9925481677055359,True,True,True
controller,validation-000227-c91cc7b79cb069b7-steps-3,3,3,3,True,False,False,False,E,E,0.9971888661384583,True,True,True
controller,validation-000227-c91cc7b79cb069b7-steps-4,4,4,4,True,False,False,False,W,W,0.9989784955978394,True,True,True
controller,validation-000227-c91cc7b79cb069b7-steps-5,5,5,5,True,False,False,False,T,T,0.9996490478515625,True,True,True
controller,validation-000227-c91cc7b79cb069b7-steps-6,6,6,6,True,False,False,False,A,A,0.9998437166213989,True,True,True
controller,validation-000227-c91cc7b79cb069b7-steps-7,7,7,7,True,False,False,False,S,S,0.999927282333374,True,True,True
controller,validation-000227-c91cc7b79cb069b7-steps-8,8,8,8,True,False,False,False,J,J,0.9999439716339111,True,True,True
controller,validation-000227-c91cc7b79cb069b7-steps-9,9,7,7,False,True,False,False,S,Z,0.9177490472793579,True,False,False
controller,validation-000227-c91cc7b79cb069b7-steps-10,10,10,10,True,False,False,False,X,X,0.999861478805542,True,True,True
controller,validation-000227-c91cc7b79cb069b7-steps-11,11,11,11,True,False,False,False,Q,Q,0.9836038947105408,True,True,True
controller,validation-000227-c91cc7b79cb069b7-steps-12,12,12,12,True,False,False,False,D,D,0.9999083280563354,True,True,True
controller,validation-000227-c91cc7b79cb069b7-steps-13,13,12,12,False,True,False,False,D,V,0.8389411568641663,True,False,False
controller,validation-000227-c91cc7b79cb069b7-steps-14,14,12,12,False,True,False,False,D,C,0.9990255832672119,True,False,False
controller,validation-000227-c91cc7b79cb069b7-steps-15,15,11,11,False,True,False,False,Q,H,0.9184103608131409,True,False,False
controller,validation-000227-c91cc7b79cb069b7-steps-16,16,12,12,False,True,False,False,D,O,0.999908447265625,True,False,False
controller,validation-000047-a3e70e733eed44c8-steps-1,1,1,1,True,False,False,False,I,I,0.9992631077766418,True,True,True
controller,validation-000047-a3e70e733eed44c8-steps-2,2,2,2,True,False,False,False,R,R,0.9685938954353333,True,True,True
controller,validation-000047-a3e70e733eed44c8-steps-3,3,3,3,True,False,False,False,M,M,0.9737062454223633,True,True,True
controller,validation-000047-a3e70e733eed44c8-steps-4,4,4,4,True,False,False,False,B,B,0.9803598523139954,True,True,True
controller,validation-000047-a3e70e733eed44c8-steps-5,5,5,5,True,False,False,False,H,H,0.9828177690505981,True,True,True
controller,validation-000047-a3e70e733eed44c8-steps-6,6,6,6,True,False,False,False,T,T,0.986530065536499,True,True,True
controller,validation-000047-a3e70e733eed44c8-steps-7,7,7,7,True,False,False,False,Z,Z,0.9989756345748901,True,True,True
controller,validation-000047-a3e70e733eed44c8-steps-8,8,8,8,True,False,False,False,W,W,0.9993175268173218,True,True,True
controller,validation-000047-a3e70e733eed44c8-steps-9,9,8,8,False,True,False,False,W,W,0.999893069267273,True,True,False
controller,validation-000047-a3e70e733eed44c8-steps-10,10,10,10,True,False,False,False,W,W,0.9943158030509949,True,True,True
controller,validation-000047-a3e70e733eed44c8-steps-11,11,12,12,False,False,True,False,W,W,0.9996080994606018,True,True,False
controller,validation-000047-a3e70e733eed44c8-steps-12,12,12,12,True,False,False,False,W,W,0.9920632243156433,True,True,True
controller,validation-000047-a3e70e733eed44c8-steps-13,13,13,13,True,False,False,False,W,W,0.996712327003479,True,True,True
controller,validation-000047-a3e70e733eed44c8-steps-14,14,13,13,False,True,False,False,W,W,0.9998501539230347,True,True,False
controller,validation-000047-a3e70e733eed44c8-steps-15,15,12,12,False,True,False,False,W,W,0.9991868138313293,True,True,False
controller,validation-000047-a3e70e733eed44c8-steps-16,16,12,12,False,True,False,False,W,W,0.9959540367126465,True,True,False
controller,validation-001367-2fc6b45a91a9ded3-steps-1,1,1,1,True,False,False,False,B,B,0.9998384714126587,True,True,True
controller,validation-001367-2fc6b45a91a9ded3-steps-2,2,2,2,True,False,False,False,U,U,0.9990386962890625,True,True,True
controller,validation-001367-2fc6b45a91a9ded3-steps-3,3,3,3,True,False,False,False,P,P,0.9998438358306885,True,True,True
controller,validation-001367-2fc6b45a91a9ded3-steps-4,4,4,4,True,False,False,False,X,X,0.999860405921936,True,True,True
controller,validation-001367-2fc6b45a91a9ded3-steps-5,5,5,5,True,False,False,False,W,W,0.9998138546943665,True,True,True
controller,validation-001367-2fc6b45a91a9ded3-steps-6,6,6,6,True,False,False,False,Y,Y,0.9994787573814392,True,True,True
controller,validation-001367-2fc6b45a91a9ded3-steps-7,7,7,7,True,False,False,False,F,F,0.9997239708900452,True,True,True
controller,validation-001367-2fc6b45a91a9ded3-steps-8,8,8,8,True,False,False,False,C,C,0.9995354413986206,True,True,True
controller,validation-001367-2fc6b45a91a9ded3-steps-9,9,8,8,False,True,False,False,C,Z,0.9999291896820068,True,False,False
controller,validation-001367-2fc6b45a91a9ded3-steps-10,10,10,10,True,False,False,False,H,H,0.9994169473648071,True,True,True
controller,validation-001367-2fc6b45a91a9ded3-steps-11,11,12,12,False,False,True,False,S,Q,0.9999212026596069,True,False,False
controller,validation-001367-2fc6b45a91a9ded3-steps-12,12,12,12,True,False,False,False,S,S,0.9990481734275818,True,True,True
controller,validation-001367-2fc6b45a91a9ded3-steps-13,13,13,13,True,False,False,False,D,D,0.999239444732666,True,True,True
controller,validation-001367-2fc6b45a91a9ded3-steps-14,14,12,12,False,True,False,False,S,V,0.8577831387519836,True,False,False
controller,validation-001367-2fc6b45a91a9ded3-steps-15,15,12,12,False,True,False,False,S,G,0.999866247177124,True,False,False
controller,validation-001367-2fc6b45a91a9ded3-steps-16,16,12,12,False,True,False,False,S,E,0.9989715814590454,True,False,False
controller,validation-001235-43bf7bd2507b6d2b-steps-1,1,1,1,True,False,False,False,O,O,0.9987117052078247,True,True,True
controller,validation-001235-43bf7bd2507b6d2b-steps-2,2,2,2,True,False,False,False,U,U,0.9745087027549744,True,True,True
controller,validation-001235-43bf7bd2507b6d2b-steps-3,3,3,3,True,False,False,False,R,R,0.9821516275405884,True,True,True
controller,validation-001235-43bf7bd2507b6d2b-steps-4,4,4,4,True,False,False,False,J,J,0.9924923777580261,True,True,True
controller,validation-001235-43bf7bd2507b6d2b-steps-5,5,5,5,True,False,False,False,S,S,0.9897381663322449,True,True,True
controller,validation-001235-43bf7bd2507b6d2b-steps-6,6,6,6,True,False,False,False,J,J,0.986208438873291,True,True,True
controller,validation-001235-43bf7bd2507b6d2b-steps-7,7,7,7,True,False,False,False,S,S,0.9952397346496582,True,True,True
controller,validation-001235-43bf7bd2507b6d2b-steps-8,8,8,8,True,False,False,False,J,J,0.9944800138473511,True,True,True
controller,validation-001235-43bf7bd2507b6d2b-steps-9,9,8,8,False,True,False,False,J,S,0.9993929862976074,True,False,False
controller,validation-001235-43bf7bd2507b6d2b-steps-10,10,10,10,True,False,False,False,J,J,0.9836491346359253,True,True,True
controller,validation-001235-43bf7bd2507b6d2b-steps-11,11,12,12,False,False,True,False,J,S,0.9998136162757874,True,False,False
controller,validation-001235-43bf7bd2507b6d2b-steps-12,12,12,12,True,False,False,False,J,J,0.9967120885848999,True,True,True
controller,validation-001235-43bf7bd2507b6d2b-steps-13,13,13,13,True,False,False,False,S,S,0.9989913105964661,True,True,True
controller,validation-001235-43bf7bd2507b6d2b-steps-14,14,12,12,False,True,False,False,J,J,0.5519538521766663,True,True,False
controller,validation-001235-43bf7bd2507b6d2b-steps-15,15,12,12,False,True,False,False,J,S,0.9993305206298828,True,False,False
controller,validation-001235-43bf7bd2507b6d2b-steps-16,16,12,12,False,True,False,False,J,J,0.9969391822814941,True,True,False
controller,validation-000119-1a235a674d16061e-steps-1,1,1,1,True,False,False,False,V,V,0.999776303768158,True,True,True
controller,validation-000119-1a235a674d16061e-steps-2,2,2,2,True,False,False,False,Q,Q,0.9996192455291748,True,True,True
controller,validation-000119-1a235a674d16061e-steps-3,3,3,3,True,False,False,False,X,X,0.9999125003814697,True,True,True
controller,validation-000119-1a235a674d16061e-steps-4,4,4,4,True,False,False,False,F,F,0.9999537467956543,True,True,True
controller,validation-000119-1a235a674d16061e-steps-5,5,5,5,True,False,False,False,A,A,0.9999574422836304,True,True,True
controller,validation-000119-1a235a674d16061e-steps-6,6,6,6,True,False,False,False,X,X,0.999946117401123,True,True,True
controller,validation-000119-1a235a674d16061e-steps-7,7,6,6,False,True,False,False,X,F,0.5732045769691467,True,False,False
controller,validation-000119-1a235a674d16061e-steps-8,8,8,8,True,False,False,False,A,A,0.9999239444732666,True,True,True
controller,validation-000119-1a235a674d16061e-steps-9,9,7,7,False,True,False,False,F,X,0.8812574744224548,True,False,False
controller,validation-000119-1a235a674d16061e-steps-10,10,10,10,True,False,False,False,F,F,0.9998365640640259,True,True,True
controller,validation-000119-1a235a674d16061e-steps-11,11,11,11,True,False,False,False,A,A,0.7697852849960327,True,True,True
controller,validation-000119-1a235a674d16061e-steps-12,12,12,12,True,False,False,False,X,X,0.9997286200523376,True,True,True
controller,validation-000119-1a235a674d16061e-steps-13,13,13,13,True,False,False,False,F,F,0.9998477697372437,True,True,True
controller,validation-000119-1a235a674d16061e-steps-14,14,12,12,False,True,False,False,X,A,0.980480968952179,True,False,False
controller,validation-000119-1a235a674d16061e-steps-15,15,12,12,False,True,False,False,X,X,0.9999127388000488,True,True,False
controller,validation-000119-1a235a674d16061e-steps-16,16,12,12,False,True,False,False,X,F,0.999795138835907,True,False,False
controller,validation-001295-1558180b10268705-steps-1,1,1,1,True,False,False,False,Q,Q,0.9996401071548462,True,True,True
controller,validation-001295-1558180b10268705-steps-2,2,2,2,True,False,False,False,W,W,0.9962058067321777,True,True,True
controller,validation-001295-1558180b10268705-steps-3,3,3,3,True,False,False,False,L,L,0.9981487989425659,True,True,True
controller,validation-001295-1558180b10268705-steps-4,4,4,4,True,False,False,False,D,D,0.9959691762924194,True,True,True
controller,validation-001295-1558180b10268705-steps-5,5,5,5,True,False,False,False,F,F,0.9841386675834656,True,True,True
controller,validation-001295-1558180b10268705-steps-6,6,6,6,True,False,False,False,X,X,0.929095983505249,True,True,True
controller,validation-001295-1558180b10268705-steps-7,7,7,7,True,False,False,False,H,H,0.9816934466362,True,True,True
controller,validation-001295-1558180b10268705-steps-8,8,8,8,True,False,False,False,S,S,0.7691644430160522,True,True,True
controller,validation-001295-1558180b10268705-steps-9,9,8,8,False,True,False,False,S,U,0.9949525594711304,True,False,False
controller,validation-001295-1558180b10268705-steps-10,10,10,10,True,False,False,False,Z,Z,0.820452868938446,True,True,True
controller,validation-001295-1558180b10268705-steps-11,11,12,12,False,False,True,False,N,G,0.9987932443618774,True,False,False
controller,validation-001295-1558180b10268705-steps-12,12,12,12,True,False,False,False,N,N,0.9385623931884766,True,True,True
controller,validation-001295-1558180b10268705-steps-13,13,13,13,True,False,False,False,V,V,0.9949274063110352,True,True,True
controller,validation-001295-1558180b10268705-steps-14,14,13,13,False,True,False,False,V,Q,0.9998635053634644,True,False,False
controller,validation-001295-1558180b10268705-steps-15,15,12,12,False,True,False,False,N,W,0.9963363409042358,True,False,False
controller,validation-001295-1558180b10268705-steps-16,16,12,12,False,True,False,False,N,L,0.8880836367607117,True,False,False
controller,validation-001151-1a4033de178df177-steps-1,1,1,1,True,False,False,False,S,S,0.9988552331924438,True,True,True
controller,validation-001151-1a4033de178df177-steps-2,2,2,2,True,False,False,False,M,M,0.9753203988075256,True,True,True
controller,validation-001151-1a4033de178df177-steps-3,3,3,3,True,False,False,False,A,A,0.9741806387901306,True,True,True
controller,validation-001151-1a4033de178df177-steps-4,4,4,4,True,False,False,False,N,N,0.9523228406906128,True,True,True
controller,validation-001151-1a4033de178df177-steps-5,5,5,5,True,False,False,False,L,L,0.9517601132392883,True,True,True
controller,validation-001151-1a4033de178df177-steps-6,6,6,6,True,False,False,False,F,F,0.8931602239608765,True,True,True
controller,validation-001151-1a4033de178df177-steps-7,7,7,7,True,False,False,False,C,C,0.9652770757675171,True,True,True
controller,validation-001151-1a4033de178df177-steps-8,8,8,8,True,False,False,False,U,U,0.9605860710144043,True,True,True
controller,validation-001151-1a4033de178df177-steps-9,9,8,8,False,True,False,False,U,M,0.998286783695221,True,False,False
controller,validation-001151-1a4033de178df177-steps-10,10,10,10,True,False,False,False,A,A,0.782027542591095,True,True,True
controller,validation-001151-1a4033de178df177-steps-11,11,12,12,False,False,True,False,L,N,0.9991549253463745,True,False,False
controller,validation-001151-1a4033de178df177-steps-12,12,12,12,True,False,False,False,L,L,0.9758146405220032,True,True,True
controller,validation-001151-1a4033de178df177-steps-13,13,13,13,True,False,False,False,F,F,0.9965644478797913,True,True,True
controller,validation-001151-1a4033de178df177-steps-14,14,13,13,False,True,False,False,F,C,0.9998798370361328,True,False,False
controller,validation-001151-1a4033de178df177-steps-15,15,12,12,False,True,False,False,L,U,0.9973391890525818,True,False,False
controller,validation-001151-1a4033de178df177-steps-16,16,12,12,False,True,False,False,L,M,0.9714071750640869,True,False,False
controller,validation-000191-9121ac97bf48885c-steps-1,1,1,1,True,False,False,False,T,T,0.9991307854652405,True,True,True
controller,validation-000191-9121ac97bf48885c-steps-2,2,2,2,True,False,False,False,H,H,0.9931368827819824,True,True,True
controller,validation-000191-9121ac97bf48885c-steps-3,3,3,3,True,False,False,False,X,X,0.9984038472175598,True,True,True
controller,validation-000191-9121ac97bf48885c-steps-4,4,4,4,True,False,False,False,B,B,0.999717652797699,True,True,True
controller,validation-000191-9121ac97bf48885c-steps-5,5,5,5,True,False,False,False,N,N,0.9997203946113586,True,True,True
controller,validation-000191-9121ac97bf48885c-steps-6,6,6,6,True,False,False,False,O,O,0.9997605681419373,True,True,True
controller,validation-000191-9121ac97bf48885c-steps-7,7,7,7,True,False,False,False,T,T,0.9998946189880371,True,True,True
controller,validation-000191-9121ac97bf48885c-steps-8,8,8,8,True,False,False,False,H,H,0.9998445510864258,True,True,True
controller,validation-000191-9121ac97bf48885c-steps-9,9,8,8,False,True,False,False,H,X,0.999950647354126,True,False,False
controller,validation-000191-9121ac97bf48885c-steps-10,10,10,10,True,False,False,False,B,B,0.999886155128479,True,True,True
controller,validation-000191-9121ac97bf48885c-steps-11,11,11,11,True,False,False,False,N,N,0.9894253015518188,True,True,True
controller,validation-000191-9121ac97bf48885c-steps-12,12,12,12,True,False,False,False,O,O,0.9999419450759888,True,True,True
controller,validation-000191-9121ac97bf48885c-steps-13,13,12,12,False,True,False,False,O,T,0.8875744342803955,True,False,False
controller,validation-000191-9121ac97bf48885c-steps-14,14,12,12,False,True,False,False,O,H,0.9993263483047485,True,False,False
controller,validation-000191-9121ac97bf48885c-steps-15,15,11,11,False,True,False,False,N,X,0.912794828414917,True,False,False
controller,validation-000191-9121ac97bf48885c-steps-16,16,12,12,False,True,False,False,O,B,0.999940037727356,True,False,False
controller,validation-000419-6b241c92a4a02f79-steps-1,1,1,1,True,False,False,False,S,S,0.9997192025184631,True,True,True
controller,validation-000419-6b241c92a4a02f79-steps-2,2,2,2,True,False,False,False,O,O,0.9987733960151672,True,True,True
controller,validation-000419-6b241c92a4a02f79-steps-3,3,3,3,True,False,False,False,V,V,0.9997726082801819,True,True,True
controller,validation-000419-6b241c92a4a02f79-steps-4,4,4,4,True,False,False,False,G,G,0.9998551607131958,True,True,True
controller,validation-000419-6b241c92a4a02f79-steps-5,5,5,5,True,False,False,False,D,D,0.9998623132705688,True,True,True
controller,validation-000419-6b241c92a4a02f79-steps-6,6,6,6,True,False,False,False,Q,Q,0.9998449087142944,True,True,True
controller,validation-000419-6b241c92a4a02f79-steps-7,7,7,7,True,False,False,False,N,N,0.9999183416366577,True,True,True
controller,validation-000419-6b241c92a4a02f79-steps-8,8,8,8,True,False,False,False,J,J,0.9997872710227966,True,True,True
controller,validation-000419-6b241c92a4a02f79-steps-9,9,8,8,False,True,False,False,J,P,0.9999610185623169,True,False,False
controller,validation-000419-6b241c92a4a02f79-steps-10,10,10,10,True,False,False,False,I,I,0.9997053742408752,True,True,True
controller,validation-000419-6b241c92a4a02f79-steps-11,11,11,11,True,False,False,False,U,U,0.8913761377334595,True,True,True
controller,validation-000419-6b241c92a4a02f79-steps-12,12,12,12,True,False,False,False,K,K,0.9998761415481567,True,True,True
controller,validation-000419-6b241c92a4a02f79-steps-13,13,12,12,False,True,False,False,K,M,0.6275656223297119,True,False,False
controller,validation-000419-6b241c92a4a02f79-steps-14,14,12,12,False,True,False,False,K,X,0.9969082474708557,True,False,False
controller,validation-000419-6b241c92a4a02f79-steps-15,15,11,11,False,True,False,False,U,A,0.6541457176208496,True,False,False
controller,validation-000419-6b241c92a4a02f79-steps-16,16,12,12,False,True,False,False,K,T,0.9998712539672852,True,False,False
controller,validation-000179-92596fae71366ccd-steps-1,1,1,1,True,False,False,False,R,R,0.9992994070053101,True,True,True
controller,validation-000179-92596fae71366ccd-steps-2,2,2,2,True,False,False,False,S,S,0.9917150139808655,True,True,True
controller,validation-000179-92596fae71366ccd-steps-3,3,3,3,True,False,False,False,C,C,0.9979144930839539,True,True,True
controller,validation-000179-92596fae71366ccd-steps-4,4,4,4,True,False,False,False,D,D,0.9984015822410583,True,True,True
controller,validation-000179-92596fae71366ccd-steps-5,5,5,5,True,False,False,False,X,X,0.9976217150688171,True,True,True
controller,validation-000179-92596fae71366ccd-steps-6,6,6,6,True,False,False,False,H,H,0.9983785152435303,True,True,True
controller,validation-000179-92596fae71366ccd-steps-7,7,7,7,True,False,False,False,J,J,0.9993256330490112,True,True,True
controller,validation-000179-92596fae71366ccd-steps-8,8,8,8,True,False,False,False,F,F,0.9992339611053467,True,True,True
controller,validation-000179-92596fae71366ccd-steps-9,9,8,8,False,True,False,False,F,Y,0.9998534917831421,True,False,False
controller,validation-000179-92596fae71366ccd-steps-10,10,10,10,True,False,False,False,U,U,0.9886666536331177,True,True,True
controller,validation-000179-92596fae71366ccd-steps-11,11,12,12,False,False,True,False,W,I,0.9999017715454102,True,False,False
controller,validation-000179-92596fae71366ccd-steps-12,12,12,12,True,False,False,False,W,W,0.9989535808563232,True,True,True
controller,validation-000179-92596fae71366ccd-steps-13,13,13,13,True,False,False,False,H,B,0.9997475743293762,False,False,False
controller,validation-000179-92596fae71366ccd-steps-14,14,12,12,False,True,False,False,W,E,0.900978684425354,False,False,False
controller,validation-000179-92596fae71366ccd-steps-15,15,12,12,False,True,False,False,W,A,0.9998456239700317,False,False,False
controller,validation-000179-92596fae71366ccd-steps-16,16,12,12,False,True,False,False,W,M,0.9988428354263306,False,False,False
controller,validation-001043-5a45d7d3eeb848ef-steps-1,1,1,1,True,False,False,False,Y,Y,0.9993540644645691,True,True,True
controller,validation-001043-5a45d7d3eeb848ef-steps-2,2,2,2,True,False,False,False,W,W,0.995203971862793,True,True,True
controller,validation-001043-5a45d7d3eeb848ef-steps-3,3,3,3,True,False,False,False,V,V,0.9993273019790649,True,True,True
controller,validation-001043-5a45d7d3eeb848ef-steps-4,4,4,4,True,False,False,False,F,F,0.999819815158844,True,True,True
controller,validation-001043-5a45d7d3eeb848ef-steps-5,5,5,5,True,False,False,False,D,D,0.9998776912689209,True,True,True
controller,validation-001043-5a45d7d3eeb848ef-steps-6,6,6,6,True,False,False,False,P,P,0.9999197721481323,True,True,True
controller,validation-001043-5a45d7d3eeb848ef-steps-7,7,6,6,False,True,False,False,P,B,0.521339476108551,True,False,False
controller,validation-001043-5a45d7d3eeb848ef-steps-8,8,8,8,True,False,False,False,Y,Y,0.9999607801437378,True,True,True
controller,validation-001043-5a45d7d3eeb848ef-steps-9,9,7,7,False,True,False,False,B,W,0.9479564428329468,True,False,False
controller,validation-001043-5a45d7d3eeb848ef-steps-10,10,10,10,True,False,False,False,V,V,0.9998934268951416,True,True,True
controller,validation-001043-5a45d7d3eeb848ef-steps-11,11,11,11,True,False,False,False,F,F,0.9845438599586487,True,True,True
controller,validation-001043-5a45d7d3eeb848ef-steps-12,12,11,11,False,True,False,False,F,D,0.6564508080482483,True,False,False
controller,validation-001043-5a45d7d3eeb848ef-steps-13,13,12,12,False,True,False,False,D,P,0.7584326863288879,True,False,False
controller,validation-001043-5a45d7d3eeb848ef-steps-14,14,12,12,False,True,False,False,D,B,0.998649537563324,True,False,False
controller,validation-001043-5a45d7d3eeb848ef-steps-15,15,11,11,False,True,False,False,F,Y,0.9708191156387329,True,False,False
controller,validation-001043-5a45d7d3eeb848ef-steps-16,16,11,11,False,True,False,False,F,W,0.6144814491271973,True,False,False
controller,validation-000215-53d18d4c23c7031e-steps-1,1,1,1,True,False,False,False,G,G,0.999638557434082,True,True,True
controller,validation-000215-53d18d4c23c7031e-steps-2,2,2,2,True,False,False,False,M,M,0.9976754784584045,True,True,True
controller,validation-000215-53d18d4c23c7031e-steps-3,3,3,3,True,False,False,False,S,S,0.9995442032814026,True,True,True
controller,validation-000215-53d18d4c23c7031e-steps-4,4,4,4,True,False,False,False,P,P,0.9995786547660828,True,True,True
controller,validation-000215-53d18d4c23c7031e-steps-5,5,5,5,True,False,False,False,N,N,0.9989370703697205,True,True,True
controller,validation-000215-53d18d4c23c7031e-steps-6,6,6,6,True,False,False,False,Q,Q,0.9975564479827881,True,True,True
controller,validation-000215-53d18d4c23c7031e-steps-7,7,7,7,True,False,False,False,L,L,0.9994800686836243,True,True,True
controller,validation-000215-53d18d4c23c7031e-steps-8,8,8,8,True,False,False,False,V,V,0.996932864189148,True,True,True
controller,validation-000215-53d18d4c23c7031e-steps-9,9,8,8,False,True,False,False,V,O,0.999835729598999,True,False,False
controller,validation-000215-53d18d4c23c7031e-steps-10,10,10,10,True,False,False,False,J,J,0.9991519451141357,True,True,True
controller,validation-000215-53d18d4c23c7031e-steps-11,11,12,12,False,False,True,False,D,A,0.9998730421066284,True,False,False
controller,validation-000215-53d18d4c23c7031e-steps-12,12,12,12,True,False,False,False,D,D,0.9986421465873718,True,True,True
controller,validation-000215-53d18d4c23c7031e-steps-13,13,13,13,True,False,False,False,F,F,0.9996390342712402,True,True,True
controller,validation-000215-53d18d4c23c7031e-steps-14,14,12,12,False,True,False,False,D,C,0.8419171571731567,True,False,False
controller,validation-000215-53d18d4c23c7031e-steps-15,15,12,12,False,True,False,False,D,U,0.9998190999031067,True,False,False
controller,validation-000215-53d18d4c23c7031e-steps-16,16,12,12,False,True,False,False,D,B,0.9986563920974731,True,False,False
controller,validation-000659-1fa30f16753baa83-steps-1,1,1,1,True,False,False,False,S,S,0.9995098114013672,True,True,True
controller,validation-000659-1fa30f16753baa83-steps-2,2,2,2,True,False,False,False,R,R,0.9974249601364136,True,True,True
controller,validation-000659-1fa30f16753baa83-steps-3,3,3,3,True,False,False,False,A,A,0.9995971322059631,True,True,True
controller,validation-000659-1fa30f16753baa83-steps-4,4,4,4,True,False,False,False,O,O,0.999721348285675,True,True,True
controller,validation-000659-1fa30f16753baa83-steps-5,5,5,5,True,False,False,False,M,M,0.9997391104698181,True,True,True
controller,validation-000659-1fa30f16753baa83-steps-6,6,6,6,True,False,False,False,E,E,0.9996309280395508,True,True,True
controller,validation-000659-1fa30f16753baa83-steps-7,7,7,7,True,False,False,False,F,F,0.9998487234115601,True,True,True
controller,validation-000659-1fa30f16753baa83-steps-8,8,8,8,True,False,False,False,J,J,0.9993820190429688,True,True,True
controller,validation-000659-1fa30f16753baa83-steps-9,9,8,8,False,True,False,False,J,Q,0.9999349117279053,True,False,False
controller,validation-000659-1fa30f16753baa83-steps-10,10,10,10,True,False,False,False,L,L,0.999293327331543,True,True,True
controller,validation-000659-1fa30f16753baa83-steps-11,11,11,11,True,False,False,False,Y,Y,0.5902199149131775,True,True,True
controller,validation-000659-1fa30f16753baa83-steps-12,12,12,12,True,False,False,False,W,W,0.999578058719635,True,True,True
controller,validation-000659-1fa30f16753baa83-steps-13,13,13,13,True,False,False,False,U,U,0.999824583530426,True,True,True
controller,validation-000659-1fa30f16753baa83-steps-14,14,12,12,False,True,False,False,W,T,0.9687236547470093,True,False,False
controller,validation-000659-1fa30f16753baa83-steps-15,15,12,12,False,True,False,False,W,B,0.9998754262924194,True,False,False
controller,validation-000659-1fa30f16753baa83-steps-16,16,12,12,False,True,False,False,W,I,0.9993131160736084,True,False,False
controller,validation-001415-665d4f354367d421-steps-1,1,1,1,True,False,False,False,C,C,0.9990795850753784,True,True,True
controller,validation-001415-665d4f354367d421-steps-2,2,2,2,True,False,False,False,Y,Y,0.970556914806366,True,True,True
controller,validation-001415-665d4f354367d421-steps-3,3,3,3,True,False,False,False,S,S,0.9690033793449402,True,True,True
controller,validation-001415-665d4f354367d421-steps-4,4,4,4,True,False,False,False,X,X,0.9367122054100037,True,True,True
controller,validation-001415-665d4f354367d421-steps-5,5,5,5,True,False,False,False,K,K,0.9417428970336914,True,True,True
controller,validation-001415-665d4f354367d421-steps-6,6,6,6,True,False,False,False,L,L,0.8145766258239746,True,True,True
controller,validation-001415-665d4f354367d421-steps-7,7,7,7,True,False,False,False,O,O,0.9789347052574158,True,True,True
controller,validation-001415-665d4f354367d421-steps-8,8,8,8,True,False,False,False,J,J,0.981977105140686,True,True,True
controller,validation-001415-665d4f354367d421-steps-9,9,8,8,False,True,False,False,J,P,0.9987706542015076,True,False,False
controller,validation-001415-665d4f354367d421-steps-10,10,10,10,True,False,False,False,I,I,0.8937366008758545,True,True,True
controller,validation-001415-665d4f354367d421-steps-11,11,12,12,False,False,True,False,R,M,0.9996115565299988,True,False,False
controller,validation-001415-665d4f354367d421-steps-12,12,12,12,True,False,False,False,R,R,0.9919297695159912,True,True,True
controller,validation-001415-665d4f354367d421-steps-13,13,13,13,True,False,False,False,A,A,0.9985803365707397,True,True,True
controller,validation-001415-665d4f354367d421-steps-14,14,13,13,False,True,False,False,A,Q,0.9999220371246338,True,False,False
controller,validation-001415-665d4f354367d421-steps-15,15,12,12,False,True,False,False,R,H,0.9989362359046936,True,False,False
controller,validation-001415-665d4f354367d421-steps-16,16,12,12,False,True,False,False,R,T,0.9913484454154968,True,False,False
controller,validation-000371-78d890c948b32a0c-steps-1,1,1,1,True,False,False,False,J,J,0.999591052532196,True,True,True
controller,validation-000371-78d890c948b32a0c-steps-2,2,2,2,True,False,False,False,B,B,0.995608389377594,True,True,True
controller,validation-000371-78d890c948b32a0c-steps-3,3,3,3,True,False,False,False,O,O,0.9980144500732422,True,True,True
controller,validation-000371-78d890c948b32a0c-steps-4,4,4,4,True,False,False,False,U,U,0.9948888421058655,True,True,True
controller,validation-000371-78d890c948b32a0c-steps-5,5,5,5,True,False,False,False,Q,Q,0.9545853734016418,True,True,True
controller,validation-000371-78d890c948b32a0c-steps-6,6,6,6,True,False,False,False,H,H,0.7025460004806519,True,True,True
controller,validation-000371-78d890c948b32a0c-steps-7,7,7,7,True,False,False,False,V,V,0.6487186551094055,True,True,True
controller,validation-000371-78d890c948b32a0c-steps-8,8,9,9,False,False,True,False,T,G,0.9999454021453857,True,False,False
controller,validation-000371-78d890c948b32a0c-steps-9,9,8,8,False,True,False,False,G,T,0.9817774295806885,True,False,False
controller,validation-000371-78d890c948b32a0c-steps-10,10,10,10,True,False,False,False,K,K,0.553019642829895,True,True,True
controller,validation-000371-78d890c948b32a0c-steps-11,11,12,12,False,False,True,False,E,L,0.9976420998573303,True,False,False
controller,validation-000371-78d890c948b32a0c-steps-12,12,12,12,True,False,False,False,E,E,0.914630115032196,True,True,True
controller,validation-000371-78d890c948b32a0c-steps-13,13,13,13,True,False,False,False,I,I,0.9848296046257019,True,True,True
controller,validation-000371-78d890c948b32a0c-steps-14,14,13,13,False,True,False,False,I,D,0.9996203184127808,True,False,False
controller,validation-000371-78d890c948b32a0c-steps-15,15,12,12,False,True,False,False,E,A,0.9878364205360413,True,False,False
controller,validation-000371-78d890c948b32a0c-steps-16,16,12,12,False,True,False,False,E,F,0.9210923314094543,True,False,False
controller,validation-000023-2abfe560bdf28a3c-steps-1,1,1,1,True,False,False,False,C,C,0.99965500831604,True,True,True
controller,validation-000023-2abfe560bdf28a3c-steps-2,2,2,2,True,False,False,False,W,W,0.99769526720047,True,True,True
controller,validation-000023-2abfe560bdf28a3c-steps-3,3,3,3,True,False,False,False,R,R,0.9993510842323303,True,True,True
controller,validation-000023-2abfe560bdf28a3c-steps-4,4,4,4,True,False,False,False,N,N,0.9992592930793762,True,True,True
controller,validation-000023-2abfe560bdf28a3c-steps-5,5,5,5,True,False,False,False,J,J,0.9988357424736023,True,True,True
controller,validation-000023-2abfe560bdf28a3c-steps-6,6,6,6,True,False,False,False,H,H,0.9974199533462524,True,True,True
controller,validation-000023-2abfe560bdf28a3c-steps-7,7,7,7,True,False,False,False,Q,Q,0.9991719722747803,True,True,True
controller,validation-000023-2abfe560bdf28a3c-steps-8,8,8,8,True,False,False,False,T,T,0.9944473505020142,True,True,True
controller,validation-000023-2abfe560bdf28a3c-steps-9,9,8,8,False,True,False,False,T,P,0.9996943473815918,True,False,False
controller,validation-000023-2abfe560bdf28a3c-steps-10,10,10,10,True,False,False,False,X,X,0.99689781665802,True,True,True
controller,validation-000023-2abfe560bdf28a3c-steps-11,11,12,12,False,False,True,False,O,D,0.9999065399169922,True,False,False
controller,validation-000023-2abfe560bdf28a3c-steps-12,12,12,12,True,False,False,False,O,O,0.999038815498352,True,True,True
controller,validation-000023-2abfe560bdf28a3c-steps-13,13,13,13,True,False,False,False,M,M,0.9996155500411987,True,True,True
controller,validation-000023-2abfe560bdf28a3c-steps-14,14,12,12,False,True,False,False,O,U,0.8757653832435608,True,False,False
controller,validation-000023-2abfe560bdf28a3c-steps-15,15,12,12,False,True,False,False,O,A,0.9998173117637634,True,False,False
controller,validation-000023-2abfe560bdf28a3c-steps-16,16,12,12,False,True,False,False,O,F,0.9984692931175232,True,False,False
controller,validation-000167-ef04a8a383c2c7cd-steps-1,1,1,1,True,False,False,False,W,W,0.9998108744621277,True,True,True
controller,validation-000167-ef04a8a383c2c7cd-steps-2,2,2,2,True,False,False,False,N,N,0.9993218183517456,True,True,True
controller,validation-000167-ef04a8a383c2c7cd-steps-3,3,3,3,True,False,False,False,R,R,0.9999094009399414,True,True,True
controller,validation-000167-ef04a8a383c2c7cd-steps-4,4,4,4,True,False,False,False,T,T,0.9999411106109619,True,True,True
controller,validation-000167-ef04a8a383c2c7cd-steps-5,5,5,5,True,False,False,False,Y,Y,0.9999455213546753,True,True,True
controller,validation-000167-ef04a8a383c2c7cd-steps-6,6,6,6,True,False,False,False,L,L,0.9999127388000488,True,True,True
controller,validation-000167-ef04a8a383c2c7cd-steps-7,7,7,7,True,False,False,False,U,U,0.9999384880065918,True,True,True
controller,validation-000167-ef04a8a383c2c7cd-steps-8,8,8,8,True,False,False,False,S,S,0.9999388456344604,True,True,True
controller,validation-000167-ef04a8a383c2c7cd-steps-9,9,7,7,False,True,False,False,U,G,0.8300938606262207,True,False,False
controller,validation-000167-ef04a8a383c2c7cd-steps-10,10,10,10,True,False,False,False,Z,Z,0.9998891353607178,True,True,True
controller,validation-000167-ef04a8a383c2c7cd-steps-11,11,11,11,True,False,False,False,C,C,0.9649564027786255,True,True,True
controller,validation-000167-ef04a8a383c2c7cd-steps-12,12,12,12,True,False,False,False,X,X,0.9998877048492432,True,True,True
controller,validation-000167-ef04a8a383c2c7cd-steps-13,13,12,12,False,True,False,False,X,M,0.7468717694282532,True,False,False
controller,validation-000167-ef04a8a383c2c7cd-steps-14,14,12,12,False,True,False,False,X,F,0.9976071119308472,True,False,False
controller,validation-000167-ef04a8a383c2c7cd-steps-15,15,11,11,False,True,False,False,C,J,0.7813751697540283,True,False,False
controller,validation-000167-ef04a8a383c2c7cd-steps-16,16,12,12,False,True,False,False,X,K,0.9998921155929565,True,False,False
controller,validation-000827-f2013414cdd97363-steps-1,1,1,1,True,False,False,False,N,N,0.999440610408783,True,True,True
controller,validation-000827-f2013414cdd97363-steps-2,2,2,2,True,False,False,False,O,O,0.998407781124115,True,True,True
controller,validation-000827-f2013414cdd97363-steps-3,3,3,3,True,False,False,False,N,N,0.9997290968894958,True,True,True
controller,validation-000827-f2013414cdd97363-steps-4,4,4,4,True,False,False,False,O,O,0.9999113082885742,True,True,True
controller,validation-000827-f2013414cdd97363-steps-5,5,5,5,True,False,False,False,N,N,0.9998966455459595,True,True,True
controller,validation-000827-f2013414cdd97363-steps-6,6,6,6,True,False,False,False,O,O,0.9999285936355591,True,True,True
controller,validation-000827-f2013414cdd97363-steps-7,7,7,7,True,False,False,False,N,N,0.9999539852142334,True,True,True
controller,validation-000827-f2013414cdd97363-steps-8,8,8,8,True,False,False,False,O,O,0.9999624490737915,True,True,True
controller,validation-000827-f2013414cdd97363-steps-9,9,7,7,False,True,False,False,N,N,0.9212013483047485,True,True,False
controller,validation-000827-f2013414cdd97363-steps-10,10,10,10,True,False,False,False,O,O,0.9998494386672974,True,True,True
controller,validation-000827-f2013414cdd97363-steps-11,11,11,11,True,False,False,False,N,N,0.9825782179832458,True,True,True
controller,validation-000827-f2013414cdd97363-steps-12,12,12,12,True,False,False,False,O,O,0.9999382495880127,True,True,True
controller,validation-000827-f2013414cdd97363-steps-13,13,12,12,False,True,False,False,O,N,0.872002899646759,True,False,False
controller,validation-000827-f2013414cdd97363-steps-14,14,12,12,False,True,False,False,O,O,0.9993413090705872,True,True,False
controller,validation-000827-f2013414cdd97363-steps-15,15,11,11,False,True,False,False,N,N,0.8922015428543091,True,True,False
controller,validation-000827-f2013414cdd97363-steps-16,16,12,12,False,True,False,False,O,O,0.9999433755874634,True,True,False
controller,validation-000455-2b2632918e2ab0a2-steps-1,1,1,1,True,False,False,False,E,E,0.9990377426147461,True,True,True
controller,validation-000455-2b2632918e2ab0a2-steps-2,2,2,2,True,False,False,False,T,T,0.9907814860343933,True,True,True
controller,validation-000455-2b2632918e2ab0a2-steps-3,3,3,3,True,False,False,False,O,O,0.9954793453216553,True,True,True
controller,validation-000455-2b2632918e2ab0a2-steps-4,4,4,4,True,False,False,False,H,H,0.996207594871521,True,True,True
controller,validation-000455-2b2632918e2ab0a2-steps-5,5,5,5,True,False,False,False,E,E,0.9926198124885559,True,True,True
controller,validation-000455-2b2632918e2ab0a2-steps-6,6,6,6,True,False,False,False,T,T,0.9661540985107422,True,True,True
controller,validation-000455-2b2632918e2ab0a2-steps-7,7,7,7,True,False,False,False,O,O,0.9923281073570251,True,True,True
controller,validation-000455-2b2632918e2ab0a2-steps-8,8,8,8,True,False,False,False,H,H,0.9804736375808716,True,True,True
controller,validation-000455-2b2632918e2ab0a2-steps-9,9,8,8,False,True,False,False,H,E,0.9991208910942078,True,False,False
controller,validation-000455-2b2632918e2ab0a2-steps-10,10,10,10,True,False,False,False,T,T,0.9833394289016724,True,True,True
controller,validation-000455-2b2632918e2ab0a2-steps-11,11,12,12,False,False,True,False,H,O,0.9997612833976746,True,False,False
controller,validation-000455-2b2632918e2ab0a2-steps-12,12,12,12,True,False,False,False,H,H,0.9967679977416992,True,True,True
controller,validation-000455-2b2632918e2ab0a2-steps-13,13,13,13,True,False,False,False,E,E,0.9989227652549744,True,True,True
controller,validation-000455-2b2632918e2ab0a2-steps-14,14,12,12,False,True,False,False,H,T,0.5508584976196289,True,False,False
controller,validation-000455-2b2632918e2ab0a2-steps-15,15,12,12,False,True,False,False,H,O,0.9992720484733582,True,False,False
controller,validation-000455-2b2632918e2ab0a2-steps-16,16,12,12,False,True,False,False,H,H,0.9939829707145691,True,True,False
controller,validation-001247-444ddb6218ddf1ab-steps-1,1,1,1,True,False,False,False,O,O,0.9983510971069336,True,True,True
controller,validation-001247-444ddb6218ddf1ab-steps-2,2,2,2,True,False,False,False,L,L,0.9236792325973511,True,True,True
controller,validation-001247-444ddb6218ddf1ab-steps-3,3,3,3,True,False,False,False,R,R,0.8088310360908508,True,True,True
controller,validation-001247-444ddb6218ddf1ab-steps-4,4,4,4,True,False,False,False,E,E,0.8000036478042603,True,True,True
controller,validation-001247-444ddb6218ddf1ab-steps-5,5,5,5,True,False,False,False,C,C,0.6036468744277954,True,True,True
controller,validation-001247-444ddb6218ddf1ab-steps-6,6,7,7,False,False,True,False,Y,F,0.9999581575393677,True,False,False
controller,validation-001247-444ddb6218ddf1ab-steps-7,7,7,7,True,False,False,False,Y,Y,0.6296584010124207,True,True,True
controller,validation-001247-444ddb6218ddf1ab-steps-8,8,8,8,True,False,False,False,J,J,0.6737081408500671,True,True,True
controller,validation-001247-444ddb6218ddf1ab-steps-9,9,8,8,False,True,False,False,J,T,0.9851917028427124,True,False,False
controller,validation-001247-444ddb6218ddf1ab-steps-10,10,10,10,True,False,False,False,W,W,0.6058611869812012,True,True,True
controller,validation-001247-444ddb6218ddf1ab-steps-11,11,12,12,False,False,True,False,X,K,0.9982688426971436,True,False,False
controller,validation-001247-444ddb6218ddf1ab-steps-12,12,12,12,True,False,False,False,X,X,0.9595963358879089,True,True,True
controller,validation-001247-444ddb6218ddf1ab-steps-13,13,13,13,True,False,False,False,D,D,0.9947128891944885,True,True,True
controller,validation-001247-444ddb6218ddf1ab-steps-14,14,13,13,False,True,False,False,D,B,0.9998124241828918,True,False,False
controller,validation-001247-444ddb6218ddf1ab-steps-15,15,12,12,False,True,False,False,X,H,0.9954653382301331,True,False,False
controller,validation-001247-444ddb6218ddf1ab-steps-16,16,12,12,False,True,False,False,X,A,0.9482896327972412,True,False,False
controller,validation-001391-56eee894f7650d8e-steps-1,1,1,1,True,False,False,False,N,N,0.9995311498641968,True,True,True
controller,validation-001391-56eee894f7650d8e-steps-2,2,2,2,True,False,False,False,T,T,0.9974550604820251,True,True,True
controller,validation-001391-56eee894f7650d8e-steps-3,3,3,3,True,False,False,False,C,C,0.9995926022529602,True,True,True
controller,validation-001391-56eee894f7650d8e-steps-4,4,4,4,True,False,False,False,L,L,0.99969482421875,True,True,True
controller,validation-001391-56eee894f7650d8e-steps-5,5,5,5,True,False,False,False,C,C,0.9996594190597534,True,True,True
controller,validation-001391-56eee894f7650d8e-steps-6,6,6,6,True,False,False,False,L,L,0.9995253086090088,True,True,True
controller,validation-001391-56eee894f7650d8e-steps-7,7,7,7,True,False,False,False,C,C,0.9998571872711182,True,True,True
controller,validation-001391-56eee894f7650d8e-steps-8,8,8,8,True,False,False,False,L,L,0.999727189540863,True,True,True
controller,validation-001391-56eee894f7650d8e-steps-9,9,8,8,False,True,False,False,L,C,0.9999501705169678,True,False,False
controller,validation-001391-56eee894f7650d8e-steps-10,10,10,10,True,False,False,False,L,L,0.9998326301574707,True,True,True
controller,validation-001391-56eee894f7650d8e-steps-11,11,11,11,True,False,False,False,C,C,0.9660386443138123,True,True,True
controller,validation-001391-56eee894f7650d8e-steps-12,12,12,12,True,False,False,False,L,L,0.9998979568481445,True,True,True
controller,validation-001391-56eee894f7650d8e-steps-13,13,12,12,False,True,False,False,L,C,0.7663738131523132,True,False,False
controller,validation-001391-56eee894f7650d8e-steps-14,14,12,12,False,True,False,False,L,L,0.9976264834403992,True,True,False
controller,validation-001391-56eee894f7650d8e-steps-15,15,11,11,False,True,False,False,C,C,0.815593957901001,True,True,False
controller,validation-001391-56eee894f7650d8e-steps-16,16,12,12,False,True,False,False,L,L,0.999906063079834,True,True,False
controller,validation-001271-34d7356fcaaddacd-steps-1,1,1,1,True,False,False,False,T,T,0.9996730089187622,True,True,True
controller,validation-001271-34d7356fcaaddacd-steps-2,2,2,2,True,False,False,False,K,K,0.9992413520812988,True,True,True
controller,validation-001271-34d7356fcaaddacd-steps-3,3,3,3,True,False,False,False,O,O,0.9999135732650757,True,True,True
controller,validation-001271-34d7356fcaaddacd-steps-4,4,4,4,True,False,False,False,C,C,0.9999620914459229,True,True,True
controller,validation-001271-34d7356fcaaddacd-steps-5,5,5,5,True,False,False,False,P,P,0.9999685287475586,True,True,True
controller,validation-001271-34d7356fcaaddacd-steps-6,6,5,5,False,True,False,False,P,W,0.5746943354606628,True,False,False
controller,validation-001271-34d7356fcaaddacd-steps-7,7,6,6,False,True,False,False,W,F,0.9444903135299683,True,False,False
controller,validation-001271-34d7356fcaaddacd-steps-8,8,7,7,False,True,False,False,F,M,0.9491050243377686,True,False,False
controller,validation-001271-34d7356fcaaddacd-steps-9,9,7,7,False,True,False,False,F,Q,0.9976887702941895,True,False,False
controller,validation-001271-34d7356fcaaddacd-steps-10,10,9,9,False,True,False,False,Q,V,0.955863893032074,True,False,False
controller,validation-001271-34d7356fcaaddacd-steps-11,11,11,11,True,False,False,False,A,A,0.9987466335296631,True,True,True
controller,validation-001271-34d7356fcaaddacd-steps-12,12,11,11,False,True,False,False,A,U,0.909490168094635,True,False,False
controller,validation-001271-34d7356fcaaddacd-steps-13,13,12,12,False,True,False,False,U,E,0.9102327823638916,True,False,False
controller,validation-001271-34d7356fcaaddacd-steps-14,14,12,12,False,True,False,False,U,H,0.9995792508125305,True,False,False
controller,validation-001271-34d7356fcaaddacd-steps-15,15,11,11,False,True,False,False,A,L,0.9940396547317505,True,False,False
controller,validation-001271-34d7356fcaaddacd-steps-16,16,11,11,False,True,False,False,A,N,0.8262803554534912,True,False,False
controller,validation-001307-977a545007683457-steps-1,1,1,1,True,False,False,False,K,K,0.9988195300102234,True,True,True
controller,validation-001307-977a545007683457-steps-2,2,2,2,True,False,False,False,L,L,0.9381201267242432,True,True,True
controller,validation-001307-977a545007683457-steps-3,3,3,3,True,False,False,False,C,C,0.9382461309432983,True,True,True
controller,validation-001307-977a545007683457-steps-4,4,4,4,True,False,False,False,W,W,0.9165273308753967,True,True,True
controller,validation-001307-977a545007683457-steps-5,5,5,5,True,False,False,False,E,E,0.931719183921814,True,True,True
controller,validation-001307-977a545007683457-steps-6,6,6,6,True,False,False,False,K,K,0.7833186388015747,True,True,True
controller,validation-001307-977a545007683457-steps-7,7,7,7,True,False,False,False,L,L,0.9597286581993103,True,True,True
controller,validation-001307-977a545007683457-steps-8,8,8,8,True,False,False,False,C,C,0.9488959312438965,True,True,True
controller,validation-001307-977a545007683457-steps-9,9,8,8,False,True,False,False,C,W,0.9970458149909973,True,False,False
controller,validation-001307-977a545007683457-steps-10,10,10,10,True,False,False,False,E,E,0.7270449995994568,True,True,True
controller,validation-001307-977a545007683457-steps-11,11,12,12,False,False,True,False,L,K,0.9973297119140625,True,False,False
controller,validation-001307-977a545007683457-steps-12,12,12,12,True,False,False,False,L,L,0.8964365720748901,True,True,True
controller,validation-001307-977a545007683457-steps-13,13,13,13,True,False,False,False,C,C,0.9886045455932617,True,True,True
controller,validation-001307-977a545007683457-steps-14,14,13,13,False,True,False,False,C,W,0.9998237490653992,True,False,False
controller,validation-001307-977a545007683457-steps-15,15,12,12,False,True,False,False,L,E,0.9956238865852356,True,False,False
controller,validation-001307-977a545007683457-steps-16,16,12,12,False,True,False,False,L,K,0.862824022769928,True,False,False
controller,validation-001127-5f3007a2a286c457-steps-1,1,1,1,True,False,False,False,J,J,0.9995952248573303,True,True,True
controller,validation-001127-5f3007a2a286c457-steps-2,2,2,2,True,False,False,False,C,C,0.9974429607391357,True,True,True
controller,validation-001127-5f3007a2a286c457-steps-3,3,3,3,True,False,False,False,Y,Y,0.9991163611412048,True,True,True
controller,validation-001127-5f3007a2a286c457-steps-4,4,4,4,True,False,False,False,P,P,0.9990091323852539,True,True,True
controller,validation-001127-5f3007a2a286c457-steps-5,5,5,5,True,False,False,False,F,F,0.9971029162406921,True,True,True
controller,validation-001127-5f3007a2a286c457-steps-6,6,6,6,True,False,False,False,U,U,0.988711953163147,True,True,True
controller,validation-001127-5f3007a2a286c457-steps-7,7,7,7,True,False,False,False,V,V,0.9973059892654419,True,True,True
controller,validation-001127-5f3007a2a286c457-steps-8,8,8,8,True,False,False,False,Q,Q,0.9958445429801941,True,True,True
controller,validation-001127-5f3007a2a286c457-steps-9,9,8,8,False,True,False,False,Q,N,0.9997944235801697,True,False,False
controller,validation-001127-5f3007a2a286c457-steps-10,10,10,10,True,False,False,False,I,I,0.9972220659255981,True,True,True
controller,validation-001127-5f3007a2a286c457-steps-11,11,12,12,False,False,True,False,E,L,0.9999207258224487,True,False,False
controller,validation-001127-5f3007a2a286c457-steps-12,12,12,12,True,False,False,False,E,E,0.9994654059410095,True,True,True
controller,validation-001127-5f3007a2a286c457-steps-13,13,13,13,True,False,False,False,B,B,0.9998301267623901,True,True,True
controller,validation-001127-5f3007a2a286c457-steps-14,14,12,12,False,True,False,False,E,R,0.9344803094863892,True,False,False
controller,validation-001127-5f3007a2a286c457-steps-15,15,12,12,False,True,False,False,E,T,0.9998440742492676,True,False,False
controller,validation-001127-5f3007a2a286c457-steps-16,16,12,12,False,True,False,False,E,K,0.9993516802787781,True,False,False
controller,validation-000791-25a8107b06322ff2-steps-1,1,1,1,True,False,False,False,X,X,0.9991936087608337,True,True,True
controller,validation-000791-25a8107b06322ff2-steps-2,2,2,2,True,False,False,False,D,D,0.964923620223999,True,True,True
controller,validation-000791-25a8107b06322ff2-steps-3,3,3,3,True,False,False,False,K,G,0.9778988361358643,False,False,False
controller,validation-000791-25a8107b06322ff2-steps-4,4,4,4,True,False,False,False,Q,N,0.9921030402183533,False,False,False
controller,validation-000791-25a8107b06322ff2-steps-5,5,5,5,True,False,False,False,Y,H,0.9864783883094788,False,False,False
controller,validation-000791-25a8107b06322ff2-steps-6,6,6,6,True,False,False,False,B,L,0.9828025698661804,False,False,False
controller,validation-000791-25a8107b06322ff2-steps-7,7,7,7,True,False,False,False,X,O,0.9942769408226013,False,False,False
controller,validation-000791-25a8107b06322ff2-steps-8,8,8,8,True,False,False,False,D,U,0.9947128891944885,False,False,False
controller,validation-000791-25a8107b06322ff2-steps-9,9,8,8,False,True,False,False,D,P,0.9994606375694275,False,False,False
controller,validation-000791-25a8107b06322ff2-steps-10,10,10,10,True,False,False,False,N,C,0.9965721368789673,False,False,False
controller,validation-000791-25a8107b06322ff2-steps-11,11,12,12,False,False,True,False,L,R,0.9998598098754883,False,False,False
controller,validation-000791-25a8107b06322ff2-steps-12,12,12,12,True,False,False,False,L,S,0.9990664124488831,False,False,False
controller,validation-000791-25a8107b06322ff2-steps-13,13,13,13,True,False,False,False,O,V,0.9996654987335205,False,False,False
controller,validation-000791-25a8107b06322ff2-steps-14,14,12,12,False,True,False,False,L,I,0.9015448689460754,False,False,False
controller,validation-000791-25a8107b06322ff2-steps-15,15,12,12,False,True,False,False,L,F,0.9998482465744019,False,False,False
controller,validation-000791-25a8107b06322ff2-steps-16,16,12,12,False,True,False,False,L,W,0.9990445971488953,False,False,False
controller,validation-000071-f1cf37317232dd54-steps-1,1,1,1,True,False,False,False,V,V,0.9994934797286987,True,True,True
controller,validation-000071-f1cf37317232dd54-steps-2,2,2,2,True,False,False,False,D,D,0.9966806769371033,True,True,True
controller,validation-000071-f1cf37317232dd54-steps-3,3,3,3,True,False,False,False,Y,Y,0.9991267323493958,True,True,True
controller,validation-000071-f1cf37317232dd54-steps-4,4,4,4,True,False,False,False,S,S,0.9991669654846191,True,True,True
controller,validation-000071-f1cf37317232dd54-steps-5,5,5,5,True,False,False,False,K,K,0.9965227842330933,True,True,True
controller,validation-000071-f1cf37317232dd54-steps-6,6,6,6,True,False,False,False,H,H,0.9905574321746826,True,True,True
controller,validation-000071-f1cf37317232dd54-steps-7,7,7,7,True,False,False,False,F,F,0.9974381923675537,True,True,True
controller,validation-000071-f1cf37317232dd54-steps-8,8,8,8,True,False,False,False,X,X,0.9875388145446777,True,True,True
controller,validation-000071-f1cf37317232dd54-steps-9,9,8,8,False,True,False,False,X,J,0.9997360110282898,True,False,False
controller,validation-000071-f1cf37317232dd54-steps-10,10,10,10,True,False,False,False,K,K,0.9960340857505798,True,True,True
controller,validation-000071-f1cf37317232dd54-steps-11,11,12,12,False,False,True,False,F,H,0.9998859167098999,True,False,False
controller,validation-000071-f1cf37317232dd54-steps-12,12,12,12,True,False,False,False,F,F,0.9987806677818298,True,True,True
controller,validation-000071-f1cf37317232dd54-steps-13,13,13,13,True,False,False,False,X,X,0.9996083378791809,True,True,True
controller,validation-000071-f1cf37317232dd54-steps-14,14,12,12,False,True,False,False,F,J,0.8132633566856384,True,False,False
controller,validation-000071-f1cf37317232dd54-steps-15,15,12,12,False,True,False,False,F,K,0.9997496008872986,True,False,False
controller,validation-000071-f1cf37317232dd54-steps-16,16,12,12,False,True,False,False,F,H,0.9984110593795776,True,False,False
controller,validation-000731-4393f9c59664fe67-steps-1,1,1,1,True,False,False,False,U,U,0.9991863369941711,True,True,True
controller,validation-000731-4393f9c59664fe67-steps-2,2,2,2,True,False,False,False,W,W,0.9692344665527344,True,True,True
controller,validation-000731-4393f9c59664fe67-steps-3,3,3,3,True,False,False,False,K,K,0.9500616192817688,True,True,True
controller,validation-000731-4393f9c59664fe67-steps-4,4,4,4,True,False,False,False,T,T,0.8648747801780701,True,True,True
controller,validation-000731-4393f9c59664fe67-steps-5,5,5,5,True,False,False,False,S,S,0.7260295748710632,True,True,True
controller,validation-000731-4393f9c59664fe67-steps-6,6,7,7,False,False,True,False,V,X,0.9999395608901978,True,False,False
controller,validation-000731-4393f9c59664fe67-steps-7,7,8,8,False,False,True,False,H,V,0.9999321699142456,True,False,False
controller,validation-000731-4393f9c59664fe67-steps-8,8,9,9,False,False,True,False,E,H,0.9998794794082642,True,False,False
controller,validation-000731-4393f9c59664fe67-steps-9,9,8,8,False,True,False,False,H,E,0.8376340270042419,True,False,False
controller,validation-000731-4393f9c59664fe67-steps-10,10,11,11,False,False,True,False,Y,C,0.9998762607574463,True,False,False
controller,validation-000731-4393f9c59664fe67-steps-11,11,12,12,False,False,True,False,O,Y,0.992024302482605,True,False,False
controller,validation-000731-4393f9c59664fe67-steps-12,12,12,12,True,False,False,False,O,O,0.5589380860328674,True,True,True
controller,validation-000731-4393f9c59664fe67-steps-13,13,13,13,True,False,False,False,F,F,0.9696065187454224,True,True,True
controller,validation-000731-4393f9c59664fe67-steps-14,14,13,13,False,True,False,False,F,D,0.9995648264884949,True,False,False
controller,validation-000731-4393f9c59664fe67-steps-15,15,12,12,False,True,False,False,O,Z,0.9471664428710938,True,False,False
controller,validation-000731-4393f9c59664fe67-steps-16,16,12,12,False,True,False,False,O,P,0.6568266749382019,True,False,False
controller,validation-001451-0d9b3dab240a73d9-steps-1,1,1,1,True,False,False,False,G,G,0.9993601441383362,True,True,True
controller,validation-001451-0d9b3dab240a73d9-steps-2,2,2,2,True,False,False,False,M,M,0.9864147305488586,True,True,True
controller,validation-001451-0d9b3dab240a73d9-steps-3,3,3,3,True,False,False,False,Y,Y,0.9899175763130188,True,True,True
controller,validation-001451-0d9b3dab240a73d9-steps-4,4,4,4,True,False,False,False,L,L,0.9852502942085266,True,True,True
controller,validation-001451-0d9b3dab240a73d9-steps-5,5,5,5,True,False,False,False,K,K,0.9169468879699707,True,True,True
controller,validation-001451-0d9b3dab240a73d9-steps-6,6,6,6,True,False,False,False,U,U,0.6308519840240479,True,True,True
controller,validation-001451-0d9b3dab240a73d9-steps-7,7,7,7,True,False,False,False,V,V,0.8697676658630371,True,True,True
controller,validation-001451-0d9b3dab240a73d9-steps-8,8,8,8,True,False,False,False,D,D,0.9009201526641846,True,True,True
controller,validation-001451-0d9b3dab240a73d9-steps-9,9,8,8,False,True,False,False,D,X,0.9857200980186462,True,False,False
controller,validation-001451-0d9b3dab240a73d9-steps-10,10,10,10,True,False,False,False,E,E,0.6722761392593384,True,True,True
controller,validation-001451-0d9b3dab240a73d9-steps-11,11,12,12,False,False,True,False,M,B,0.9939415454864502,True,False,False
controller,validation-001451-0d9b3dab240a73d9-steps-12,12,12,12,True,False,False,False,M,M,0.6681199073791504,True,True,True
controller,validation-001451-0d9b3dab240a73d9-steps-13,13,13,13,True,False,False,False,Y,Y,0.896409273147583,True,True,True
controller,validation-001451-0d9b3dab240a73d9-steps-14,14,13,13,False,True,False,False,Y,L,0.9994864463806152,True,False,False
controller,validation-001451-0d9b3dab240a73d9-steps-15,15,12,12,False,True,False,False,M,K,0.9888395667076111,True,False,False
controller,validation-001451-0d9b3dab240a73d9-steps-16,16,12,12,False,True,False,False,M,U,0.758536159992218,True,False,False
controller,validation-000203-8d05d3eccae0a505-steps-1,1,1,1,True,False,False,False,J,J,0.999538779258728,True,True,True
controller,validation-000203-8d05d3eccae0a505-steps-2,2,2,2,True,False,False,False,J,J,0.9971664547920227,True,True,True
controller,validation-000203-8d05d3eccae0a505-steps-3,3,3,3,True,False,False,False,J,J,0.9992520213127136,True,True,True
controller,validation-000203-8d05d3eccae0a505-steps-4,4,4,4,True,False,False,False,J,J,0.9995143413543701,True,True,True
controller,validation-000203-8d05d3eccae0a505-steps-5,5,5,5,True,False,False,False,J,J,0.9991658926010132,True,True,True
controller,validation-000203-8d05d3eccae0a505-steps-6,6,6,6,True,False,False,False,J,J,0.9983248114585876,True,True,True
controller,validation-000203-8d05d3eccae0a505-steps-7,7,7,7,True,False,False,False,J,J,0.9993947744369507,True,True,True
controller,validation-000203-8d05d3eccae0a505-steps-8,8,8,8,True,False,False,False,J,J,0.999157190322876,True,True,True
controller,validation-000203-8d05d3eccae0a505-steps-9,9,8,8,False,True,False,False,J,J,0.9998916387557983,True,True,False
controller,validation-000203-8d05d3eccae0a505-steps-10,10,10,10,True,False,False,False,J,J,0.9966527819633484,True,True,True
controller,validation-000203-8d05d3eccae0a505-steps-11,11,12,12,False,False,True,False,J,J,0.9999164342880249,True,True,False
controller,validation-000203-8d05d3eccae0a505-steps-12,12,12,12,True,False,False,False,J,J,0.9989894032478333,True,True,True
controller,validation-000203-8d05d3eccae0a505-steps-13,13,13,13,True,False,False,False,J,J,0.9997032284736633,True,True,True
controller,validation-000203-8d05d3eccae0a505-steps-14,14,12,12,False,True,False,False,J,J,0.9092575311660767,True,True,False
controller,validation-000203-8d05d3eccae0a505-steps-15,15,12,12,False,True,False,False,J,J,0.9998441934585571,True,True,False
controller,validation-000203-8d05d3eccae0a505-steps-16,16,12,12,False,True,False,False,J,J,0.9993733763694763,True,True,False
controller,validation-000347-2eb9df801e1e63ec-steps-1,1,1,1,True,False,False,False,G,G,0.9997021555900574,True,True,True
controller,validation-000347-2eb9df801e1e63ec-steps-2,2,2,2,True,False,False,False,E,E,0.996896505355835,True,True,True
controller,validation-000347-2eb9df801e1e63ec-steps-3,3,3,3,True,False,False,False,D,D,0.9991176724433899,True,True,True
controller,validation-000347-2eb9df801e1e63ec-steps-4,4,4,4,True,False,False,False,C,C,0.9997449517250061,True,True,True
controller,validation-000347-2eb9df801e1e63ec-steps-5,5,5,5,True,False,False,False,E,E,0.9996669292449951,True,True,True
controller,validation-000347-2eb9df801e1e63ec-steps-6,6,6,6,True,False,False,False,D,D,0.9997251629829407,True,True,True
controller,validation-000347-2eb9df801e1e63ec-steps-7,7,7,7,True,False,False,False,C,C,0.9998892545700073,True,True,True
controller,validation-000347-2eb9df801e1e63ec-steps-8,8,8,8,True,False,False,False,E,E,0.9998987913131714,True,True,True
controller,validation-000347-2eb9df801e1e63ec-steps-9,9,8,8,False,True,False,False,E,D,0.9999527931213379,True,False,False
controller,validation-000347-2eb9df801e1e63ec-steps-10,10,10,10,True,False,False,False,C,C,0.9999172687530518,True,True,True
controller,validation-000347-2eb9df801e1e63ec-steps-11,11,11,11,True,False,False,False,E,E,0.9462488889694214,True,True,True
controller,validation-000347-2eb9df801e1e63ec-steps-12,12,12,12,True,False,False,False,D,D,0.9999219179153442,True,True,True
controller,validation-000347-2eb9df801e1e63ec-steps-13,13,12,12,False,True,False,False,D,C,0.730060875415802,True,False,False
controller,validation-000347-2eb9df801e1e63ec-steps-14,14,12,12,False,True,False,False,D,E,0.9988228678703308,True,False,False
controller,validation-000347-2eb9df801e1e63ec-steps-15,15,11,11,False,True,False,False,E,D,0.9493823647499084,True,False,False
controller,validation-000347-2eb9df801e1e63ec-steps-16,16,12,12,False,True,False,False,D,C,0.9999305009841919,True,False,False
controller,validation-001379-bc0ce66067e0cc0b-steps-1,1,1,1,True,False,False,False,C,C,0.999452531337738,True,True,True
controller,validation-001379-bc0ce66067e0cc0b-steps-2,2,2,2,True,False,False,False,A,A,0.9939001798629761,True,True,True
controller,validation-001379-bc0ce66067e0cc0b-steps-3,3,3,3,True,False,False,False,H,H,0.9965654015541077,True,True,True
controller,validation-001379-bc0ce66067e0cc0b-steps-4,4,4,4,True,False,False,False,L,L,0.998039186000824,True,True,True
controller,validation-001379-bc0ce66067e0cc0b-steps-5,5,5,5,True,False,False,False,I,I,0.9974744915962219,True,True,True
controller,validation-001379-bc0ce66067e0cc0b-steps-6,6,6,6,True,False,False,False,X,X,0.991293728351593,True,True,True
controller,validation-001379-bc0ce66067e0cc0b-steps-7,7,7,7,True,False,False,False,Q,Q,0.9961113333702087,True,True,True
controller,validation-001379-bc0ce66067e0cc0b-steps-8,8,8,8,True,False,False,False,S,S,0.9900162816047668,True,True,True
controller,validation-001379-bc0ce66067e0cc0b-steps-9,9,8,8,False,True,False,False,S,J,0.9993682503700256,True,False,False
controller,validation-001379-bc0ce66067e0cc0b-steps-10,10,10,10,True,False,False,False,G,G,0.9761279225349426,True,True,True
controller,validation-001379-bc0ce66067e0cc0b-steps-11,11,12,12,False,False,True,False,B,V,0.99982088804245,True,False,False
controller,validation-001379-bc0ce66067e0cc0b-steps-12,12,12,12,True,False,False,False,B,B,0.9988082647323608,True,True,True
controller,validation-001379-bc0ce66067e0cc0b-steps-13,13,13,13,True,False,False,False,C,C,0.9996738433837891,True,True,True
controller,validation-001379-bc0ce66067e0cc0b-steps-14,14,12,12,False,True,False,False,B,A,0.7994154095649719,True,False,False
controller,validation-001379-bc0ce66067e0cc0b-steps-15,15,12,12,False,True,False,False,B,H,0.9997294545173645,True,False,False
controller,validation-001379-bc0ce66067e0cc0b-steps-16,16,12,12,False,True,False,False,B,L,0.9983850717544556,True,False,False
controller,validation-000515-42e2480d7f6675c0-steps-1,1,1,1,True,False,False,False,B,B,0.9994903802871704,True,True,True
controller,validation-000515-42e2480d7f6675c0-steps-2,2,2,2,True,False,False,False,V,V,0.9957796335220337,True,True,True
controller,validation-000515-42e2480d7f6675c0-steps-3,3,3,3,True,False,False,False,K,K,0.9989972710609436,True,True,True
controller,validation-000515-42e2480d7f6675c0-steps-4,4,4,4,True,False,False,False,S,S,0.999090313911438,True,True,True
controller,validation-000515-42e2480d7f6675c0-steps-5,5,5,5,True,False,False,False,R,R,0.9980257749557495,True,True,True
controller,validation-000515-42e2480d7f6675c0-steps-6,6,6,6,True,False,False,False,M,M,0.9913882613182068,True,True,True
controller,validation-000515-42e2480d7f6675c0-steps-7,7,7,7,True,False,False,False,F,F,0.9983353018760681,True,True,True
controller,validation-000515-42e2480d7f6675c0-steps-8,8,8,8,True,False,False,False,H,H,0.9887996315956116,True,True,True
controller,validation-000515-42e2480d7f6675c0-steps-9,9,8,8,False,True,False,False,H,Z,0.9997225403785706,True,False,False
controller,validation-000515-42e2480d7f6675c0-steps-10,10,10,10,True,False,False,False,B,B,0.9767226576805115,True,True,True
controller,validation-000515-42e2480d7f6675c0-steps-11,11,12,12,False,False,True,False,K,V,0.9998235106468201,True,False,False
controller,validation-000515-42e2480d7f6675c0-steps-12,12,12,12,True,False,False,False,K,K,0.9967365860939026,True,True,True
controller,validation-000515-42e2480d7f6675c0-steps-13,13,13,13,True,False,False,False,S,S,0.9994603991508484,True,True,True
controller,validation-000515-42e2480d7f6675c0-steps-14,14,12,12,False,True,False,False,K,R,0.5714033246040344,True,False,False
controller,validation-000515-42e2480d7f6675c0-steps-15,15,12,12,False,True,False,False,K,M,0.9996131062507629,True,False,False
controller,validation-000515-42e2480d7f6675c0-steps-16,16,12,12,False,True,False,False,K,F,0.9954715967178345,True,False,False
controller,validation-001115-49ae36b759545f7f-steps-1,1,1,1,True,False,False,False,W,W,0.9991931319236755,True,True,True
controller,validation-001115-49ae36b759545f7f-steps-2,2,2,2,True,False,False,False,Y,Y,0.9783726334571838,True,True,True
controller,validation-001115-49ae36b759545f7f-steps-3,3,3,3,True,False,False,False,I,I,0.983349084854126,True,True,True
controller,validation-001115-49ae36b759545f7f-steps-4,4,4,4,True,False,False,False,R,R,0.8800159096717834,True,True,True
controller,validation-001115-49ae36b759545f7f-steps-5,5,5,5,True,False,False,False,Q,Q,0.5776732563972473,True,True,True
controller,validation-001115-49ae36b759545f7f-steps-6,6,7,7,False,False,True,False,U,M,0.9999421834945679,True,False,False
controller,validation-001115-49ae36b759545f7f-steps-7,7,8,8,False,False,True,False,A,U,0.9999468326568604,True,False,False
controller,validation-001115-49ae36b759545f7f-steps-8,8,9,9,False,False,True,False,P,A,0.9999133348464966,True,False,False
controller,validation-001115-49ae36b759545f7f-steps-9,9,8,8,False,True,False,False,A,P,0.8607344627380371,True,False,False
controller,validation-001115-49ae36b759545f7f-steps-10,10,11,11,False,False,True,False,X,F,0.9999133348464966,True,False,False
controller,validation-001115-49ae36b759545f7f-steps-11,11,12,12,False,False,True,False,C,X,0.9913713932037354,True,False,False
controller,validation-001115-49ae36b759545f7f-steps-12,12,12,12,True,False,False,False,C,C,0.5376898646354675,True,True,True
controller,validation-001115-49ae36b759545f7f-steps-13,13,13,13,True,False,False,False,S,S,0.9340150952339172,True,True,True
controller,validation-001115-49ae36b759545f7f-steps-14,14,13,13,False,True,False,False,S,J,0.999112069606781,True,False,False
controller,validation-001115-49ae36b759545f7f-steps-15,15,12,12,False,True,False,False,C,O,0.9520936012268066,True,False,False
controller,validation-001115-49ae36b759545f7f-steps-16,16,12,12,False,True,False,False,C,G,0.6114033460617065,True,False,False
controller,validation-000623-be05128a685137c7-steps-1,1,1,1,True,False,False,False,S,S,0.9993773102760315,True,True,True
controller,validation-000623-be05128a685137c7-steps-2,2,2,2,True,False,False,False,C,C,0.996826171875,True,True,True
controller,validation-000623-be05128a685137c7-steps-3,3,3,3,True,False,False,False,P,P,0.9992901086807251,True,True,True
controller,validation-000623-be05128a685137c7-steps-4,4,4,4,True,False,False,False,X,X,0.999401330947876,True,True,True
controller,validation-000623-be05128a685137c7-steps-5,5,5,5,True,False,False,False,U,U,0.9994009733200073,True,True,True
controller,validation-000623-be05128a685137c7-steps-6,6,6,6,True,False,False,False,Z,Z,0.9995338916778564,True,True,True
controller,validation-000623-be05128a685137c7-steps-7,7,7,7,True,False,False,False,M,M,0.9997548460960388,True,True,True
controller,validation-000623-be05128a685137c7-steps-8,8,8,8,True,False,False,False,D,D,0.9997122883796692,True,True,True
controller,validation-000623-be05128a685137c7-steps-9,9,8,8,False,True,False,False,D,Y,0.9999523162841797,True,False,False
controller,validation-000623-be05128a685137c7-steps-10,10,10,10,True,False,False,False,T,T,0.9997889399528503,True,True,True
controller,validation-000623-be05128a685137c7-steps-11,11,11,11,True,False,False,False,V,V,0.8912270069122314,True,True,True
controller,validation-000623-be05128a685137c7-steps-12,12,12,12,True,False,False,False,O,O,0.9998284578323364,True,True,True
controller,validation-000623-be05128a685137c7-steps-13,13,13,13,True,False,False,False,K,K,0.9999277591705322,True,True,True
controller,validation-000623-be05128a685137c7-steps-14,14,12,12,False,True,False,False,O,F,0.9950224161148071,True,False,False
controller,validation-000623-be05128a685137c7-steps-15,15,11,11,False,True,False,False,V,E,0.6274441480636597,True,False,False
controller,validation-000623-be05128a685137c7-steps-16,16,12,12,False,True,False,False,O,B,0.9998304843902588,True,False,False
controller,validation-000719-ca05a30da35e7e55-steps-1,1,1,1,True,False,False,False,C,C,0.9996287822723389,True,True,True
controller,validation-000719-ca05a30da35e7e55-steps-2,2,2,2,True,False,False,False,L,L,0.9977578520774841,True,True,True
controller,validation-000719-ca05a30da35e7e55-steps-3,3,3,3,True,False,False,False,V,V,0.9995439648628235,True,True,True
controller,validation-000719-ca05a30da35e7e55-steps-4,4,4,4,True,False,False,False,R,R,0.999627947807312,True,True,True
controller,validation-000719-ca05a30da35e7e55-steps-5,5,5,5,True,False,False,False,P,P,0.9995740056037903,True,True,True
controller,validation-000719-ca05a30da35e7e55-steps-6,6,6,6,True,False,False,False,Q,Q,0.9994263648986816,True,True,True
controller,validation-000719-ca05a30da35e7e55-steps-7,7,7,7,True,False,False,False,G,G,0.9998575448989868,True,True,True
controller,validation-000719-ca05a30da35e7e55-steps-8,8,8,8,True,False,False,False,J,J,0.9993879795074463,True,True,True
controller,validation-000719-ca05a30da35e7e55-steps-9,9,8,8,False,True,False,False,J,M,0.9999392032623291,True,False,False
controller,validation-000719-ca05a30da35e7e55-steps-10,10,10,10,True,False,False,False,F,F,0.999651312828064,True,True,True
controller,validation-000719-ca05a30da35e7e55-steps-11,11,11,11,True,False,False,False,D,D,0.913698136806488,True,True,True
controller,validation-000719-ca05a30da35e7e55-steps-12,12,12,12,True,False,False,False,A,A,0.9998689889907837,True,True,True
controller,validation-000719-ca05a30da35e7e55-steps-13,13,12,12,False,True,False,False,A,X,0.533913791179657,True,False,False
controller,validation-000719-ca05a30da35e7e55-steps-14,14,12,12,False,True,False,False,A,U,0.996988832950592,True,False,False
controller,validation-000719-ca05a30da35e7e55-steps-15,15,11,11,False,True,False,False,D,O,0.6176430583000183,True,False,False
controller,validation-000719-ca05a30da35e7e55-steps-16,16,12,12,False,True,False,False,A,E,0.9998749494552612,True,False,False
controller,validation-000815-c33316a41f401a96-steps-1,1,1,1,True,False,False,False,I,I,0.9995265007019043,True,True,True
controller,validation-000815-c33316a41f401a96-steps-2,2,2,2,True,False,False,False,Q,Q,0.9945335388183594,True,True,True
controller,validation-000815-c33316a41f401a96-steps-3,3,3,3,True,False,False,False,X,X,0.9972923398017883,True,True,True
controller,validation-000815-c33316a41f401a96-steps-4,4,4,4,True,False,False,False,U,U,0.9962002635002136,True,True,True
controller,validation-000815-c33316a41f401a96-steps-5,5,5,5,True,False,False,False,V,V,0.9956223368644714,True,True,True
controller,validation-000815-c33316a41f401a96-steps-6,6,6,6,True,False,False,False,O,O,0.9897326827049255,True,True,True
controller,validation-000815-c33316a41f401a96-steps-7,7,7,7,True,False,False,False,D,D,0.9919999837875366,True,True,True
controller,validation-000815-c33316a41f401a96-steps-8,8,8,8,True,False,False,False,M,M,0.9767246246337891,True,True,True
controller,validation-000815-c33316a41f401a96-steps-9,9,8,8,False,True,False,False,M,I,0.9990940093994141,True,False,False
controller,validation-000815-c33316a41f401a96-steps-10,10,10,10,True,False,False,False,Q,Q,0.947253406047821,True,True,True
controller,validation-000815-c33316a41f401a96-steps-11,11,12,12,False,False,True,False,U,X,0.9996756315231323,True,False,False
controller,validation-000815-c33316a41f401a96-steps-12,12,12,12,True,False,False,False,U,U,0.9810948371887207,True,True,True
controller,validation-000815-c33316a41f401a96-steps-13,13,13,13,True,False,False,False,V,V,0.9989756345748901,True,True,True
controller,validation-000815-c33316a41f401a96-steps-14,14,13,13,False,True,False,False,V,O,0.9999178647994995,True,False,False
controller,validation-000815-c33316a41f401a96-steps-15,15,12,12,False,True,False,False,U,D,0.9989514350891113,True,False,False
controller,validation-000815-c33316a41f401a96-steps-16,16,12,12,False,True,False,False,U,M,0.9813115000724792,True,False,False
controller,validation-000407-56ac03610bbff5a1-steps-1,1,1,1,True,False,False,False,B,B,0.9996991157531738,True,True,True
controller,validation-000407-56ac03610bbff5a1-steps-2,2,2,2,True,False,False,False,C,C,0.9988685846328735,True,True,True
controller,validation-000407-56ac03610bbff5a1-steps-3,3,3,3,True,False,False,False,X,X,0.9998273253440857,True,True,True
controller,validation-000407-56ac03610bbff5a1-steps-4,4,4,4,True,False,False,False,W,W,0.9999215602874756,True,True,True
controller,validation-000407-56ac03610bbff5a1-steps-5,5,5,5,True,False,False,False,L,L,0.9999232292175293,True,True,True
controller,validation-000407-56ac03610bbff5a1-steps-6,6,6,6,True,False,False,False,Z,Z,0.999900221824646,True,True,True
controller,validation-000407-56ac03610bbff5a1-steps-7,7,7,7,True,False,False,False,G,G,0.9999494552612305,True,True,True
controller,validation-000407-56ac03610bbff5a1-steps-8,8,8,8,True,False,False,False,V,V,0.999924898147583,True,True,True
controller,validation-000407-56ac03610bbff5a1-steps-9,9,7,7,False,True,False,False,G,U,0.8942744135856628,True,False,False
controller,validation-000407-56ac03610bbff5a1-steps-10,10,10,10,True,False,False,False,L,L,0.999843955039978,True,True,True
controller,validation-000407-56ac03610bbff5a1-steps-11,11,11,11,True,False,False,False,Z,Z,0.9296448230743408,True,True,True
controller,validation-000407-56ac03610bbff5a1-steps-12,12,12,12,True,False,False,False,G,G,0.9998914003372192,True,True,True
controller,validation-000407-56ac03610bbff5a1-steps-13,13,12,12,False,True,False,False,G,V,0.6846621632575989,True,False,False
controller,validation-000407-56ac03610bbff5a1-steps-14,14,12,12,False,True,False,False,G,U,0.9982460737228394,True,False,False
controller,validation-000407-56ac03610bbff5a1-steps-15,15,11,11,False,True,False,False,Z,L,0.850852370262146,True,False,False
controller,validation-000407-56ac03610bbff5a1-steps-16,16,12,12,False,True,False,False,G,Z,0.9998855590820312,True,False,False
controller,validation-001103-090f777e061c501f-steps-1,1,1,1,True,False,False,False,O,O,0.9996515512466431,True,True,True
controller,validation-001103-090f777e061c501f-steps-2,2,2,2,True,False,False,False,Y,Y,0.9964883327484131,True,True,True
controller,validation-001103-090f777e061c501f-steps-3,3,3,3,True,False,False,False,U,U,0.9989783763885498,True,True,True
controller,validation-001103-090f777e061c501f-steps-4,4,4,4,True,False,False,False,B,B,0.9995149374008179,True,True,True
controller,validation-001103-090f777e061c501f-steps-5,5,5,5,True,False,False,False,Q,Q,0.9997102618217468,True,True,True
controller,validation-001103-090f777e061c501f-steps-6,6,6,6,True,False,False,False,J,J,0.9997765421867371,True,True,True
controller,validation-001103-090f777e061c501f-steps-7,7,7,7,True,False,False,False,M,M,0.9999222755432129,True,True,True
controller,validation-001103-090f777e061c501f-steps-8,8,8,8,True,False,False,False,W,W,0.9999035596847534,True,True,True
controller,validation-001103-090f777e061c501f-steps-9,9,8,8,False,True,False,False,W,P,0.9999599456787109,True,False,False
controller,validation-001103-090f777e061c501f-steps-10,10,10,10,True,False,False,False,F,F,0.9998974800109863,True,True,True
controller,validation-001103-090f777e061c501f-steps-11,11,11,11,True,False,False,False,I,I,0.9891664385795593,True,True,True
controller,validation-001103-090f777e061c501f-steps-12,12,11,11,False,True,False,False,I,N,0.6278517246246338,True,False,False
controller,validation-001103-090f777e061c501f-steps-13,13,12,12,False,True,False,False,N,A,0.8211756944656372,True,False,False
controller,validation-001103-090f777e061c501f-steps-14,14,12,12,False,True,False,False,N,E,0.999297022819519,True,False,False
controller,validation-001103-090f777e061c501f-steps-15,15,11,11,False,True,False,False,I,L,0.9838840365409851,True,False,False
controller,validation-001103-090f777e061c501f-steps-16,16,12,12,False,True,False,False,N,H,0.9999088048934937,True,False,False
controller,validation-001355-399948b60e04683c-steps-1,1,1,1,True,False,False,False,B,B,0.9997833371162415,True,True,True
controller,validation-001355-399948b60e04683c-steps-2,2,2,2,True,False,False,False,D,D,0.9994732737541199,True,True,True
controller,validation-001355-399948b60e04683c-steps-3,3,3,3,True,False,False,False,C,C,0.9998989105224609,True,True,True
controller,validation-001355-399948b60e04683c-steps-4,4,4,4,True,False,False,False,Y,Y,0.9999314546585083,True,True,True
controller,validation-001355-399948b60e04683c-steps-5,5,5,5,True,False,False,False,L,L,0.999935507774353,True,True,True
controller,validation-001355-399948b60e04683c-steps-6,6,6,6,True,False,False,False,H,H,0.9999430179595947,True,True,True
controller,validation-001355-399948b60e04683c-steps-7,7,6,6,False,True,False,False,H,A,0.5787854194641113,True,False,False
controller,validation-001355-399948b60e04683c-steps-8,8,8,8,True,False,False,False,R,R,0.9999473094940186,True,True,True
controller,validation-001355-399948b60e04683c-steps-9,9,7,7,False,True,False,False,A,B,0.9731478095054626,True,False,False
controller,validation-001355-399948b60e04683c-steps-10,10,10,10,True,False,False,False,D,D,0.9998981952667236,True,True,True
controller,validation-001355-399948b60e04683c-steps-11,11,11,11,True,False,False,False,C,C,0.7453134059906006,True,True,True
controller,validation-001355-399948b60e04683c-steps-12,12,12,12,True,False,False,False,Y,Y,0.9997816681861877,True,True,True
controller,validation-001355-399948b60e04683c-steps-13,13,13,13,True,False,False,False,L,L,0.9998332262039185,True,True,True
controller,validation-001355-399948b60e04683c-steps-14,14,12,12,False,True,False,False,Y,H,0.9640970230102539,True,False,False
controller,validation-001355-399948b60e04683c-steps-15,15,12,12,False,True,False,False,Y,A,0.9999264478683472,True,False,False
controller,validation-001355-399948b60e04683c-steps-16,16,12,12,False,True,False,False,Y,R,0.9997827410697937,True,False,False
controller,validation-000839-0abb4e23a4ccfff3-steps-1,1,1,1,True,False,False,False,T,T,0.9997856020927429,True,True,True
controller,validation-000839-0abb4e23a4ccfff3-steps-2,2,2,2,True,False,False,False,T,T,0.9990299940109253,True,True,True
controller,validation-000839-0abb4e23a4ccfff3-steps-3,3,3,3,True,False,False,False,T,T,0.999675989151001,True,True,True
controller,validation-000839-0abb4e23a4ccfff3-steps-4,4,4,4,True,False,False,False,T,T,0.9995235204696655,True,True,True
controller,validation-000839-0abb4e23a4ccfff3-steps-5,5,5,5,True,False,False,False,T,T,0.9986224174499512,True,True,True
controller,validation-000839-0abb4e23a4ccfff3-steps-6,6,6,6,True,False,False,False,T,T,0.9877298474311829,True,True,True
controller,validation-000839-0abb4e23a4ccfff3-steps-7,7,7,7,True,False,False,False,T,T,0.9830341339111328,True,True,True
controller,validation-000839-0abb4e23a4ccfff3-steps-8,8,8,8,True,False,False,False,T,T,0.7571348547935486,True,True,True
controller,validation-000839-0abb4e23a4ccfff3-steps-9,9,8,8,False,True,False,False,T,T,0.9947305917739868,True,True,False
controller,validation-000839-0abb4e23a4ccfff3-steps-10,10,11,11,False,False,True,False,T,T,0.9999414682388306,True,True,False
controller,validation-000839-0abb4e23a4ccfff3-steps-11,11,12,12,False,False,True,False,T,T,0.8736901879310608,True,True,False
controller,validation-000839-0abb4e23a4ccfff3-steps-12,12,13,13,False,False,True,False,T,T,0.9999022483825684,True,True,False
controller,validation-000839-0abb4e23a4ccfff3-steps-13,13,14,14,False,False,True,False,T,T,0.9999163150787354,True,True,False
controller,validation-000839-0abb4e23a4ccfff3-steps-14,14,13,13,False,True,False,False,T,T,0.9923244714736938,True,True,False
controller,validation-000839-0abb4e23a4ccfff3-steps-15,15,12,12,False,True,False,False,T,T,0.6972655057907104,True,True,False
controller,validation-000839-0abb4e23a4ccfff3-steps-16,16,13,13,False,True,False,False,T,T,0.9998738765716553,True,True,False
controller,validation-000239-5754984db78c8259-steps-1,1,1,1,True,False,False,False,W,W,0.9992426633834839,True,True,True
controller,validation-000239-5754984db78c8259-steps-2,2,2,2,True,False,False,False,U,U,0.9894788861274719,True,True,True
controller,validation-000239-5754984db78c8259-steps-3,3,3,3,True,False,False,False,F,F,0.9979255199432373,True,True,True
controller,validation-000239-5754984db78c8259-steps-4,4,4,4,True,False,False,False,R,R,0.9992939233779907,True,True,True
controller,validation-000239-5754984db78c8259-steps-5,5,5,5,True,False,False,False,P,P,0.9990630745887756,True,True,True
controller,validation-000239-5754984db78c8259-steps-6,6,6,6,True,False,False,False,I,I,0.9988147020339966,True,True,True
controller,validation-000239-5754984db78c8259-steps-7,7,7,7,True,False,False,False,Y,Y,0.9993841648101807,True,True,True
controller,validation-000239-5754984db78c8259-steps-8,8,8,8,True,False,False,False,K,K,0.9989321827888489,True,True,True
controller,validation-000239-5754984db78c8259-steps-9,9,8,8,False,True,False,False,K,Z,0.999853253364563,True,False,False
controller,validation-000239-5754984db78c8259-steps-10,10,10,10,True,False,False,False,O,O,0.9997621178627014,True,True,True
controller,validation-000239-5754984db78c8259-steps-11,11,11,11,True,False,False,False,K,K,0.8331810235977173,True,True,True
controller,validation-000239-5754984db78c8259-steps-12,12,12,12,True,False,False,False,Z,Z,0.9998371601104736,True,True,True
controller,validation-000239-5754984db78c8259-steps-13,13,13,13,True,False,False,False,O,O,0.9998987913131714,True,True,True
controller,validation-000239-5754984db78c8259-steps-14,14,12,12,False,True,False,False,Z,K,0.9917478561401367,True,False,False
controller,validation-000239-5754984db78c8259-steps-15,15,11,11,False,True,False,False,K,Z,0.7382470369338989,True,False,False
controller,validation-000239-5754984db78c8259-steps-16,16,12,12,False,True,False,False,Z,O,0.9998438358306885,True,False,False
controller,validation-000935-fbcd1eff2f2b2f3d-steps-1,1,1,1,True,False,False,False,O,O,0.9993513226509094,True,True,True
controller,validation-000935-fbcd1eff2f2b2f3d-steps-2,2,2,2,True,False,False,False,H,H,0.9847198724746704,True,True,True
controller,validation-000935-fbcd1eff2f2b2f3d-steps-3,3,3,3,True,False,False,False,C,C,0.9907833337783813,True,True,True
controller,validation-000935-fbcd1eff2f2b2f3d-steps-4,4,4,4,True,False,False,False,Y,Y,0.9964801669120789,True,True,True
controller,validation-000935-fbcd1eff2f2b2f3d-steps-5,5,5,5,True,False,False,False,P,P,0.9950191974639893,True,True,True
controller,validation-000935-fbcd1eff2f2b2f3d-steps-6,6,6,6,True,False,False,False,M,M,0.9937294721603394,True,True,True
controller,validation-000935-fbcd1eff2f2b2f3d-steps-7,7,7,7,True,False,False,False,P,P,0.9968722462654114,True,True,True
controller,validation-000935-fbcd1eff2f2b2f3d-steps-8,8,8,8,True,False,False,False,M,M,0.9921408891677856,True,True,True
controller,validation-000935-fbcd1eff2f2b2f3d-steps-9,9,8,8,False,True,False,False,M,P,0.9995279312133789,True,False,False
controller,validation-000935-fbcd1eff2f2b2f3d-steps-10,10,10,10,True,False,False,False,M,M,0.9558721780776978,True,True,True
controller,validation-000935-fbcd1eff2f2b2f3d-steps-11,11,12,12,False,False,True,False,M,P,0.9994093179702759,True,False,False
controller,validation-000935-fbcd1eff2f2b2f3d-steps-12,12,12,12,True,False,False,False,M,M,0.9737046957015991,True,True,True
controller,validation-000935-fbcd1eff2f2b2f3d-steps-13,13,13,13,True,False,False,False,P,P,0.9944024682044983,True,True,True
controller,validation-000935-fbcd1eff2f2b2f3d-steps-14,14,13,13,False,True,False,False,P,M,0.9998923540115356,True,False,False
controller,validation-000935-fbcd1eff2f2b2f3d-steps-15,15,12,12,False,True,False,False,M,P,0.9976167678833008,True,False,False
controller,validation-000935-fbcd1eff2f2b2f3d-steps-16,16,12,12,False,True,False,False,M,M,0.982063889503479,True,True,False
controller,validation-000563-eb37580fbcb9fb0b-steps-1,1,1,1,True,False,False,False,W,W,0.9993820190429688,True,True,True
controller,validation-000563-eb37580fbcb9fb0b-steps-2,2,2,2,True,False,False,False,O,O,0.9963745474815369,True,True,True
controller,validation-000563-eb37580fbcb9fb0b-steps-3,3,3,3,True,False,False,False,B,B,0.9992493987083435,True,True,True
controller,validation-000563-eb37580fbcb9fb0b-steps-4,4,4,4,True,False,False,False,H,H,0.9996639490127563,True,True,True
controller,validation-000563-eb37580fbcb9fb0b-steps-5,5,5,5,True,False,False,False,N,N,0.9996261596679688,True,True,True
controller,validation-000563-eb37580fbcb9fb0b-steps-6,6,6,6,True,False,False,False,X,X,0.9998114705085754,True,True,True
controller,validation-000563-eb37580fbcb9fb0b-steps-7,7,7,7,True,False,False,False,V,V,0.9998867511749268,True,True,True
controller,validation-000563-eb37580fbcb9fb0b-steps-8,8,8,8,True,False,False,False,S,S,0.9997989535331726,True,True,True
controller,validation-000563-eb37580fbcb9fb0b-steps-9,9,8,8,False,True,False,False,S,E,0.9999420642852783,True,False,False
controller,validation-000563-eb37580fbcb9fb0b-steps-10,10,10,10,True,False,False,False,D,D,0.9994091987609863,True,True,True
controller,validation-000563-eb37580fbcb9fb0b-steps-11,11,12,12,False,False,True,False,A,R,0.9998898506164551,True,False,False
controller,validation-000563-eb37580fbcb9fb0b-steps-12,12,12,12,True,False,False,False,A,A,0.9994774460792542,True,True,True
controller,validation-000563-eb37580fbcb9fb0b-steps-13,13,13,13,True,False,False,False,J,J,0.9996984004974365,True,True,True
controller,validation-000563-eb37580fbcb9fb0b-steps-14,14,12,12,False,True,False,False,A,T,0.9170242547988892,True,False,False
controller,validation-000563-eb37580fbcb9fb0b-steps-15,15,12,12,False,True,False,False,A,P,0.999860405921936,True,False,False
controller,validation-000563-eb37580fbcb9fb0b-steps-16,16,12,12,False,True,False,False,A,F,0.9993510842323303,True,False,False
controller,validation-001139-12403ff598264454-steps-1,1,1,1,True,False,False,False,W,W,0.9993258714675903,True,True,True
controller,validation-001139-12403ff598264454-steps-2,2,2,2,True,False,False,False,T,T,0.9939849972724915,True,True,True
controller,validation-001139-12403ff598264454-steps-3,3,3,3,True,False,False,False,C,C,0.9983004927635193,True,True,True
controller,validation-001139-12403ff598264454-steps-4,4,4,4,True,False,False,False,B,B,0.9991220831871033,True,True,True
controller,validation-001139-12403ff598264454-steps-5,5,5,5,True,False,False,False,X,X,0.9994508624076843,True,True,True
controller,validation-001139-12403ff598264454-steps-6,6,6,6,True,False,False,False,V,V,0.9993109703063965,True,True,True
controller,validation-001139-12403ff598264454-steps-7,7,7,7,True,False,False,False,R,R,0.9996771812438965,True,True,True
controller,validation-001139-12403ff598264454-steps-8,8,8,8,True,False,False,False,H,H,0.9993056058883667,True,True,True
controller,validation-001139-12403ff598264454-steps-9,9,8,8,False,True,False,False,H,M,0.9998925924301147,False,False,False
controller,validation-001139-12403ff598264454-steps-10,10,10,10,True,False,False,False,P,G,0.9979779124259949,False,False,False
controller,validation-001139-12403ff598264454-steps-11,11,12,12,False,False,True,False,T,U,0.9999006986618042,False,False,False
controller,validation-001139-12403ff598264454-steps-12,12,12,12,True,False,False,False,T,N,0.9993616938591003,False,False,False
controller,validation-001139-12403ff598264454-steps-13,13,13,13,True,False,False,False,C,Z,0.9997439980506897,False,False,False
controller,validation-001139-12403ff598264454-steps-14,14,12,12,False,True,False,False,T,E,0.9210155010223389,False,False,False
controller,validation-001139-12403ff598264454-steps-15,15,12,12,False,True,False,False,T,K,0.9998365640640259,False,False,False
controller,validation-001139-12403ff598264454-steps-16,16,12,12,False,True,False,False,T,J,0.9993263483047485,False,False,False
controller,validation-001163-8c8e5b425050a7d0-steps-1,1,1,1,True,False,False,False,Z,Z,0.9996381998062134,True,True,True
controller,validation-001163-8c8e5b425050a7d0-steps-2,2,2,2,True,False,False,False,X,X,0.9984279870986938,True,True,True
controller,validation-001163-8c8e5b425050a7d0-steps-3,3,3,3,True,False,False,False,G,G,0.9996997117996216,True,True,True
controller,validation-001163-8c8e5b425050a7d0-steps-4,4,4,4,True,False,False,False,C,C,0.9998379945755005,True,True,True
controller,validation-001163-8c8e5b425050a7d0-steps-5,5,5,5,True,False,False,False,I,I,0.9997848868370056,True,True,True
controller,validation-001163-8c8e5b425050a7d0-steps-6,6,6,6,True,False,False,False,K,K,0.9997289776802063,True,True,True
controller,validation-001163-8c8e5b425050a7d0-steps-7,7,7,7,True,False,False,False,R,R,0.9998738765716553,True,True,True
controller,validation-001163-8c8e5b425050a7d0-steps-8,8,8,8,True,False,False,False,H,H,0.999849796295166,True,True,True
controller,validation-001163-8c8e5b425050a7d0-steps-9,9,8,8,False,True,False,False,H,V,0.9999481439590454,True,False,False
controller,validation-001163-8c8e5b425050a7d0-steps-10,10,10,10,True,False,False,False,J,J,0.9997552037239075,True,True,True
controller,validation-001163-8c8e5b425050a7d0-steps-11,11,11,11,True,False,False,False,U,U,0.9136796593666077,True,True,True
controller,validation-001163-8c8e5b425050a7d0-steps-12,12,12,12,True,False,False,False,O,O,0.9998154044151306,True,True,True
controller,validation-001163-8c8e5b425050a7d0-steps-13,13,13,13,True,False,False,False,Z,Z,0.9999072551727295,True,True,True
controller,validation-001163-8c8e5b425050a7d0-steps-14,14,12,12,False,True,False,False,O,X,0.9939529299736023,True,False,False
controller,validation-001163-8c8e5b425050a7d0-steps-15,15,11,11,False,True,False,False,U,G,0.5431869029998779,True,False,False
controller,validation-001163-8c8e5b425050a7d0-steps-16,16,12,12,False,True,False,False,O,C,0.999800980091095,True,False,False
controller,validation-000851-644635f662fa0124-steps-1,1,1,1,True,False,False,False,I,I,0.9996517896652222,True,True,True
controller,validation-000851-644635f662fa0124-steps-2,2,2,2,True,False,False,False,L,L,0.9985804557800293,True,True,True
controller,validation-000851-644635f662fa0124-steps-3,3,3,3,True,False,False,False,Q,Q,0.9996744394302368,True,True,True
controller,validation-000851-644635f662fa0124-steps-4,4,4,4,True,False,False,False,V,V,0.9998773336410522,True,True,True
controller,validation-000851-644635f662fa0124-steps-5,5,5,5,True,False,False,False,O,O,0.9998714923858643,True,True,True
controller,validation-000851-644635f662fa0124-steps-6,6,6,6,True,False,False,False,F,F,0.9998594522476196,True,True,True
controller,validation-000851-644635f662fa0124-steps-7,7,7,7,True,False,False,False,X,X,0.9999006986618042,True,True,True
controller,validation-000851-644635f662fa0124-steps-8,8,8,8,True,False,False,False,R,R,0.9997766613960266,True,True,True
controller,validation-000851-644635f662fa0124-steps-9,9,8,8,False,True,False,False,R,C,0.9999551773071289,True,False,False
controller,validation-000851-644635f662fa0124-steps-10,10,10,10,True,False,False,False,L,L,0.9997847676277161,True,True,True
controller,validation-000851-644635f662fa0124-steps-11,11,11,11,True,False,False,False,Q,Q,0.8737086653709412,True,True,True
controller,validation-000851-644635f662fa0124-steps-12,12,12,12,True,False,False,False,V,V,0.999832034111023,True,True,True
controller,validation-000851-644635f662fa0124-steps-13,13,12,12,False,True,False,False,V,O,0.5095688700675964,True,False,False
controller,validation-000851-644635f662fa0124-steps-14,14,12,12,False,True,False,False,V,F,0.9953820109367371,True,False,False
controller,validation-000851-644635f662fa0124-steps-15,15,11,11,False,True,False,False,Q,X,0.5832468867301941,True,False,False
controller,validation-000851-644635f662fa0124-steps-16,16,12,12,False,True,False,False,V,R,0.9998278617858887,True,False,False
controller,validation-001319-9eb25b0356a2a3af-steps-1,1,1,1,True,False,False,False,B,B,0.999319314956665,True,True,True
controller,validation-001319-9eb25b0356a2a3af-steps-2,2,2,2,True,False,False,False,R,R,0.9963311553001404,True,True,True
controller,validation-001319-9eb25b0356a2a3af-steps-3,3,3,3,True,False,False,False,J,J,0.999528169631958,True,True,True
controller,validation-001319-9eb25b0356a2a3af-steps-4,4,4,4,True,False,False,False,W,W,0.9998193383216858,True,True,True
controller,validation-001319-9eb25b0356a2a3af-steps-5,5,5,5,True,False,False,False,G,G,0.9998842477798462,True,True,True
controller,validation-001319-9eb25b0356a2a3af-steps-6,6,6,6,True,False,False,False,H,H,0.999874472618103,True,True,True
controller,validation-001319-9eb25b0356a2a3af-steps-7,7,7,7,True,False,False,False,U,U,0.9999462366104126,True,True,True
controller,validation-001319-9eb25b0356a2a3af-steps-8,8,8,8,True,False,False,False,O,O,0.9999508857727051,True,True,True
controller,validation-001319-9eb25b0356a2a3af-steps-9,9,7,7,False,True,False,False,U,Y,0.8603342175483704,True,False,False
controller,validation-001319-9eb25b0356a2a3af-steps-10,10,10,10,True,False,False,False,A,A,0.9999055862426758,True,True,True
controller,validation-001319-9eb25b0356a2a3af-steps-11,11,11,11,True,False,False,False,I,I,0.9270453453063965,True,True,True
controller,validation-001319-9eb25b0356a2a3af-steps-12,12,12,12,True,False,False,False,D,D,0.9998397827148438,True,True,True
controller,validation-001319-9eb25b0356a2a3af-steps-13,13,13,13,True,False,False,False,X,X,0.9998806715011597,True,True,True
controller,validation-001319-9eb25b0356a2a3af-steps-14,14,12,12,False,True,False,False,D,S,0.9913640022277832,True,False,False
controller,validation-001319-9eb25b0356a2a3af-steps-15,15,11,11,False,True,False,False,I,Q,0.7806121706962585,True,False,False
controller,validation-001319-9eb25b0356a2a3af-steps-16,16,12,12,False,True,False,False,D,E,0.9997922778129578,True,False,False
controller,validation-000767-6214b464787f36df-steps-1,1,1,1,True,False,False,False,B,B,0.9996857643127441,True,True,True
controller,validation-000767-6214b464787f36df-steps-2,2,2,2,True,False,False,False,Y,Y,0.9974774718284607,True,True,True
controller,validation-000767-6214b464787f36df-steps-3,3,3,3,True,False,False,False,J,J,0.9996080994606018,True,True,True
controller,validation-000767-6214b464787f36df-steps-4,4,4,4,True,False,False,False,Z,Z,0.9997712969779968,True,True,True
controller,validation-000767-6214b464787f36df-steps-5,5,5,5,True,False,False,False,R,R,0.9996932744979858,True,True,True
controller,validation-000767-6214b464787f36df-steps-6,6,6,6,True,False,False,False,T,T,0.9994872808456421,True,True,True
controller,validation-000767-6214b464787f36df-steps-7,7,7,7,True,False,False,False,F,F,0.9997230172157288,True,True,True
controller,validation-000767-6214b464787f36df-steps-8,8,8,8,True,False,False,False,I,I,0.999496340751648,True,True,True
controller,validation-000767-6214b464787f36df-steps-9,9,8,8,False,True,False,False,I,S,0.9999338388442993,True,False,False
controller,validation-000767-6214b464787f36df-steps-10,10,10,10,True,False,False,False,E,E,0.9994845390319824,True,True,True
controller,validation-000767-6214b464787f36df-steps-11,11,11,11,True,False,False,False,P,P,0.861020028591156,True,True,True
controller,validation-000767-6214b464787f36df-steps-12,12,12,12,True,False,False,False,D,D,0.9998010993003845,True,True,True
controller,validation-000767-6214b464787f36df-steps-13,13,13,13,True,False,False,False,M,M,0.9999243021011353,True,True,True
controller,validation-000767-6214b464787f36df-steps-14,14,12,12,False,True,False,False,D,X,0.9881373047828674,True,False,False
controller,validation-000767-6214b464787f36df-steps-15,15,12,12,False,True,False,False,D,B,0.9999253749847412,True,False,False
controller,validation-000767-6214b464787f36df-steps-16,16,12,12,False,True,False,False,D,Y,0.9998302459716797,True,False,False
controller,validation-000707-23169932d9fe3f5b-steps-1,1,1,1,True,False,False,False,M,M,0.9996453523635864,True,True,True
controller,validation-000707-23169932d9fe3f5b-steps-2,2,2,2,True,False,False,False,B,B,0.9984492063522339,True,True,True
controller,validation-000707-23169932d9fe3f5b-steps-3,3,3,3,True,False,False,False,Q,Q,0.9997939467430115,True,True,True
controller,validation-000707-23169932d9fe3f5b-steps-4,4,4,4,True,False,False,False,J,J,0.9999115467071533,True,True,True
controller,validation-000707-23169932d9fe3f5b-steps-5,5,5,5,True,False,False,False,H,H,0.9999288320541382,True,True,True
controller,validation-000707-23169932d9fe3f5b-steps-6,6,6,6,True,False,False,False,X,X,0.999911904335022,True,True,True
controller,validation-000707-23169932d9fe3f5b-steps-7,7,7,7,True,False,False,False,Y,Y,0.9999617338180542,True,True,True
controller,validation-000707-23169932d9fe3f5b-steps-8,8,8,8,True,False,False,False,G,G,0.9999459981918335,True,True,True
controller,validation-000707-23169932d9fe3f5b-steps-9,9,7,7,False,True,False,False,Y,T,0.959954023361206,True,False,False
controller,validation-000707-23169932d9fe3f5b-steps-10,10,10,10,True,False,False,False,K,K,0.9999285936355591,True,True,True
controller,validation-000707-23169932d9fe3f5b-steps-11,11,11,11,True,False,False,False,C,C,0.9924382567405701,True,True,True
controller,validation-000707-23169932d9fe3f5b-steps-12,12,11,11,False,True,False,False,C,U,0.6626983284950256,True,False,False
controller,validation-000707-23169932d9fe3f5b-steps-13,13,12,12,False,True,False,False,U,R,0.8733891844749451,True,False,False
controller,validation-000707-23169932d9fe3f5b-steps-14,14,12,12,False,True,False,False,U,F,0.9992013573646545,True,False,False
controller,validation-000707-23169932d9fe3f5b-steps-15,15,11,11,False,True,False,False,C,V,0.9705471396446228,True,False,False
controller,validation-000707-23169932d9fe3f5b-steps-16,16,11,11,False,True,False,False,C,A,0.5816395878791809,True,False,False
controller,validation-000311-d8c5b2900ecf8e95-steps-1,1,1,1,True,False,False,False,Q,Q,0.9995500445365906,True,True,True
controller,validation-000311-d8c5b2900ecf8e95-steps-2,2,2,2,True,False,False,False,D,D,0.9981195330619812,True,True,True
controller,validation-000311-d8c5b2900ecf8e95-steps-3,3,3,3,True,False,False,False,Y,Y,0.9997296929359436,True,True,True
controller,validation-000311-d8c5b2900ecf8e95-steps-4,4,4,4,True,False,False,False,Z,Z,0.9998940229415894,True,True,True
controller,validation-000311-d8c5b2900ecf8e95-steps-5,5,5,5,True,False,False,False,F,F,0.9999167919158936,True,True,True
controller,validation-000311-d8c5b2900ecf8e95-steps-6,6,6,6,True,False,False,False,V,V,0.9999037981033325,True,True,True
controller,validation-000311-d8c5b2900ecf8e95-steps-7,7,7,7,True,False,False,False,H,H,0.9999454021453857,True,True,True
controller,validation-000311-d8c5b2900ecf8e95-steps-8,8,8,8,True,False,False,False,L,L,0.9999421834945679,True,True,True
controller,validation-000311-d8c5b2900ecf8e95-steps-9,9,7,7,False,True,False,False,H,U,0.9569680690765381,True,False,False
controller,validation-000311-d8c5b2900ecf8e95-steps-10,10,10,10,True,False,False,False,J,J,0.9999006986618042,True,True,True
controller,validation-000311-d8c5b2900ecf8e95-steps-11,11,11,11,True,False,False,False,N,N,0.9722145199775696,True,True,True
controller,validation-000311-d8c5b2900ecf8e95-steps-12,12,12,12,True,False,False,False,E,E,0.9999394416809082,True,True,True
controller,validation-000311-d8c5b2900ecf8e95-steps-13,13,12,12,False,True,False,False,E,G,0.9101647734642029,True,False,False
controller,validation-000311-d8c5b2900ecf8e95-steps-14,14,12,12,False,True,False,False,E,B,0.9993804693222046,True,False,False
controller,validation-000311-d8c5b2900ecf8e95-steps-15,15,11,11,False,True,False,False,N,S,0.8946620225906372,True,False,False
controller,validation-000311-d8c5b2900ecf8e95-steps-16,16,12,12,False,True,False,False,E,R,0.9999339580535889,True,False,False
controller,validation-001283-819d178b5c86fb52-steps-1,1,1,1,True,False,False,False,I,I,0.999724805355072,True,True,True
controller,validation-001283-819d178b5c86fb52-steps-2,2,2,2,True,False,False,False,F,F,0.9973942041397095,True,True,True
controller,validation-001283-819d178b5c86fb52-steps-3,3,3,3,True,False,False,False,S,S,0.9995471835136414,True,True,True
controller,validation-001283-819d178b5c86fb52-steps-4,4,4,4,True,False,False,False,X,X,0.999398946762085,True,True,True
controller,validation-001283-819d178b5c86fb52-steps-5,5,5,5,True,False,False,False,I,I,0.9991632699966431,True,True,True
controller,validation-001283-819d178b5c86fb52-steps-6,6,6,6,True,False,False,False,F,F,0.9971399307250977,True,True,True
controller,validation-001283-819d178b5c86fb52-steps-7,7,7,7,True,False,False,False,S,S,0.999440610408783,True,True,True
controller,validation-001283-819d178b5c86fb52-steps-8,8,8,8,True,False,False,False,X,X,0.9967811107635498,True,True,True
controller,validation-001283-819d178b5c86fb52-steps-9,9,8,8,False,True,False,False,X,I,0.9998239874839783,True,False,False
controller,validation-001283-819d178b5c86fb52-steps-10,10,10,10,True,False,False,False,F,F,0.99951171875,True,True,True
controller,validation-001283-819d178b5c86fb52-steps-11,11,11,11,True,False,False,False,S,S,0.8316523432731628,True,True,True
controller,validation-001283-819d178b5c86fb52-steps-12,12,12,12,True,False,False,False,X,X,0.9997572302818298,True,True,True
controller,validation-001283-819d178b5c86fb52-steps-13,13,13,13,True,False,False,False,I,I,0.9999198913574219,True,True,True
controller,validation-001283-819d178b5c86fb52-steps-14,14,12,12,False,True,False,False,X,F,0.9899561405181885,True,False,False
controller,validation-001283-819d178b5c86fb52-steps-15,15,11,11,False,True,False,False,S,S,0.5208279490470886,True,True,False
controller,validation-001283-819d178b5c86fb52-steps-16,16,12,12,False,True,False,False,X,X,0.9997115731239319,True,True,False
controller,validation-000491-8b5d953bfd7abfef-steps-1,1,1,1,True,False,False,False,C,C,0.9997194409370422,True,True,True
controller,validation-000491-8b5d953bfd7abfef-steps-2,2,2,2,True,False,False,False,Y,Y,0.9981820583343506,True,True,True
controller,validation-000491-8b5d953bfd7abfef-steps-3,3,3,3,True,False,False,False,X,X,0.9995325803756714,True,True,True
controller,validation-000491-8b5d953bfd7abfef-steps-4,4,4,4,True,False,False,False,N,N,0.9995817542076111,True,True,True
controller,validation-000491-8b5d953bfd7abfef-steps-5,5,5,5,True,False,False,False,C,C,0.9997403025627136,True,True,True
controller,validation-000491-8b5d953bfd7abfef-steps-6,6,6,6,True,False,False,False,Y,Y,0.9997655749320984,True,True,True
controller,validation-000491-8b5d953bfd7abfef-steps-7,7,7,7,True,False,False,False,X,X,0.9998888969421387,True,True,True
controller,validation-000491-8b5d953bfd7abfef-steps-8,8,8,8,True,False,False,False,N,N,0.9997972846031189,True,True,True
controller,validation-000491-8b5d953bfd7abfef-steps-9,9,7,7,False,True,False,False,X,C,0.5592983365058899,True,False,False
controller,validation-000491-8b5d953bfd7abfef-steps-10,10,10,10,True,False,False,False,Y,Y,0.9998252987861633,True,True,True
controller,validation-000491-8b5d953bfd7abfef-steps-11,11,11,11,True,False,False,False,X,X,0.9452645182609558,True,True,True
controller,validation-000491-8b5d953bfd7abfef-steps-12,12,12,12,True,False,False,False,N,N,0.9998915195465088,True,True,True
controller,validation-000491-8b5d953bfd7abfef-steps-13,13,12,12,False,True,False,False,N,C,0.7372057437896729,True,False,False
controller,validation-000491-8b5d953bfd7abfef-steps-14,14,12,12,False,True,False,False,N,Y,0.9980649352073669,True,False,False
controller,validation-000491-8b5d953bfd7abfef-steps-15,15,11,11,False,True,False,False,X,X,0.7977643013000488,True,True,False
controller,validation-000491-8b5d953bfd7abfef-steps-16,16,12,12,False,True,False,False,N,N,0.9998856782913208,True,True,False
controller,validation-001019-b39ee6adadcb67a4-steps-1,1,1,1,True,False,False,False,F,F,0.999549925327301,True,True,True
controller,validation-001019-b39ee6adadcb67a4-steps-2,2,2,2,True,False,False,False,Z,Z,0.9986854195594788,True,True,True
controller,validation-001019-b39ee6adadcb67a4-steps-3,3,3,3,True,False,False,False,W,W,0.9998365640640259,True,True,True
controller,validation-001019-b39ee6adadcb67a4-steps-4,4,4,4,True,False,False,False,H,H,0.9999388456344604,True,True,True
controller,validation-001019-b39ee6adadcb67a4-steps-5,5,5,5,True,False,False,False,W,W,0.9999531507492065,True,True,True
controller,validation-001019-b39ee6adadcb67a4-steps-6,6,5,5,False,True,False,False,W,H,0.7043431997299194,True,False,False
controller,validation-001019-b39ee6adadcb67a4-steps-7,7,6,6,False,True,False,False,H,W,0.9458723664283752,True,False,False
controller,validation-001019-b39ee6adadcb67a4-steps-8,8,7,7,False,True,False,False,W,H,0.8923600912094116,True,False,False
controller,validation-001019-b39ee6adadcb67a4-steps-9,9,7,7,False,True,False,False,W,W,0.9969484210014343,True,True,False
controller,validation-001019-b39ee6adadcb67a4-steps-10,10,10,10,True,False,False,False,H,H,0.9999186992645264,True,True,True
controller,validation-001019-b39ee6adadcb67a4-steps-11,11,11,11,True,False,False,False,W,W,0.99467933177948,True,True,True
controller,validation-001019-b39ee6adadcb67a4-steps-12,12,11,11,False,True,False,False,W,H,0.5538245439529419,True,False,False
controller,validation-001019-b39ee6adadcb67a4-steps-13,13,12,12,False,True,False,False,H,W,0.9335901141166687,True,False,False
controller,validation-001019-b39ee6adadcb67a4-steps-14,14,12,12,False,True,False,False,H,H,0.9992756247520447,True,True,False
controller,validation-001019-b39ee6adadcb67a4-steps-15,15,11,11,False,True,False,False,W,W,0.956978440284729,True,True,False
controller,validation-001019-b39ee6adadcb67a4-steps-16,16,11,11,False,True,False,False,W,H,0.6934925317764282,True,False,False
controller,validation-000803-fb00c05a7398531f-steps-1,1,1,1,True,False,False,False,A,A,0.9997557997703552,True,True,True
controller,validation-000803-fb00c05a7398531f-steps-2,2,2,2,True,False,False,False,O,O,0.9974547028541565,True,True,True
controller,validation-000803-fb00c05a7398531f-steps-3,3,3,3,True,False,False,False,H,H,0.9992177486419678,True,True,True
controller,validation-000803-fb00c05a7398531f-steps-4,4,4,4,True,False,False,False,G,G,0.9986914992332458,True,True,True
controller,validation-000803-fb00c05a7398531f-steps-5,5,5,5,True,False,False,False,R,R,0.9965147376060486,True,True,True
controller,validation-000803-fb00c05a7398531f-steps-6,6,6,6,True,False,False,False,X,X,0.9737375974655151,True,True,True
controller,validation-000803-fb00c05a7398531f-steps-7,7,7,7,True,False,False,False,T,T,0.9831598401069641,True,True,True
controller,validation-000803-fb00c05a7398531f-steps-8,8,8,8,True,False,False,False,L,L,0.9086489677429199,True,True,True
controller,validation-000803-fb00c05a7398531f-steps-9,9,8,8,False,True,False,False,L,M,0.9964960217475891,True,False,False
controller,validation-000803-fb00c05a7398531f-steps-10,10,10,10,True,False,False,False,F,F,0.9970695376396179,True,True,True
controller,validation-000803-fb00c05a7398531f-steps-11,11,12,12,False,False,True,False,Q,N,0.9999102354049683,True,False,False
controller,validation-000803-fb00c05a7398531f-steps-12,12,12,12,True,False,False,False,Q,Q,0.9991551637649536,True,True,True
controller,validation-000803-fb00c05a7398531f-steps-13,13,13,13,True,False,False,False,W,W,0.9997488856315613,True,True,True
controller,validation-000803-fb00c05a7398531f-steps-14,14,12,12,False,True,False,False,Q,U,0.8674846887588501,True,False,False
controller,validation-000803-fb00c05a7398531f-steps-15,15,12,12,False,True,False,False,Q,E,0.9998364448547363,True,False,False
controller,validation-000803-fb00c05a7398531f-steps-16,16,12,12,False,True,False,False,Q,V,0.999086856842041,True,False,False
controller,validation-000011-35f4910e59898b9f-steps-1,1,1,1,True,False,False,False,Z,Z,0.999643087387085,True,True,True
controller,validation-000011-35f4910e59898b9f-steps-2,2,2,2,True,False,False,False,M,M,0.9972184896469116,True,True,True
controller,validation-000011-35f4910e59898b9f-steps-3,3,3,3,True,False,False,False,F,F,0.9984246492385864,True,True,True
controller,validation-000011-35f4910e59898b9f-steps-4,4,4,4,True,False,False,False,G,G,0.9985254406929016,True,True,True
controller,validation-000011-35f4910e59898b9f-steps-5,5,5,5,True,False,False,False,T,T,0.9962223768234253,True,True,True
controller,validation-000011-35f4910e59898b9f-steps-6,6,6,6,True,False,False,False,H,H,0.9971150159835815,True,True,True
controller,validation-000011-35f4910e59898b9f-steps-7,7,7,7,True,False,False,False,I,I,0.9983654618263245,True,True,True
controller,validation-000011-35f4910e59898b9f-steps-8,8,8,8,True,False,False,False,A,A,0.9832127690315247,True,True,True
controller,validation-000011-35f4910e59898b9f-steps-9,9,8,8,False,True,False,False,A,M,0.9995951056480408,True,False,False
controller,validation-000011-35f4910e59898b9f-steps-10,10,10,10,True,False,False,False,F,F,0.9959185719490051,True,True,True
controller,validation-000011-35f4910e59898b9f-steps-11,11,12,12,False,False,True,False,T,G,0.9997492432594299,True,False,False
controller,validation-000011-35f4910e59898b9f-steps-12,12,12,12,True,False,False,False,T,T,0.9969813227653503,True,True,True
controller,validation-000011-35f4910e59898b9f-steps-13,13,13,13,True,False,False,False,H,H,0.9992608428001404,True,True,True
controller,validation-000011-35f4910e59898b9f-steps-14,14,12,12,False,True,False,False,T,I,0.642930269241333,True,False,False
controller,validation-000011-35f4910e59898b9f-steps-15,15,12,12,False,True,False,False,T,A,0.9994437098503113,True,False,False
controller,validation-000011-35f4910e59898b9f-steps-16,16,12,12,False,True,False,False,T,M,0.997771680355072,True,False,False
controller,validation-000755-4754f22067ad7fbb-steps-1,1,1,1,True,False,False,False,X,X,0.998542070388794,True,True,True
controller,validation-000755-4754f22067ad7fbb-steps-2,2,2,2,True,False,False,False,O,O,0.9696663618087769,True,True,True
controller,validation-000755-4754f22067ad7fbb-steps-3,3,3,3,True,False,False,False,N,N,0.9513959288597107,True,True,True
controller,validation-000755-4754f22067ad7fbb-steps-4,4,4,4,True,False,False,False,R,R,0.9509358406066895,True,True,True
controller,validation-000755-4754f22067ad7fbb-steps-5,5,5,5,True,False,False,False,E,E,0.9285256266593933,True,True,True
controller,validation-000755-4754f22067ad7fbb-steps-6,6,6,6,True,False,False,False,U,U,0.8364723324775696,True,True,True
controller,validation-000755-4754f22067ad7fbb-steps-7,7,7,7,True,False,False,False,W,W,0.9850366711616516,True,True,True
controller,validation-000755-4754f22067ad7fbb-steps-8,8,8,8,True,False,False,False,S,S,0.9813404679298401,True,True,True
controller,validation-000755-4754f22067ad7fbb-steps-9,9,8,8,False,True,False,False,S,B,0.9991928935050964,True,False,False
controller,validation-000755-4754f22067ad7fbb-steps-10,10,10,10,True,False,False,False,I,I,0.9236677289009094,True,True,True
controller,validation-000755-4754f22067ad7fbb-steps-11,11,12,12,False,False,True,False,J,K,0.9994801878929138,True,False,False
controller,validation-000755-4754f22067ad7fbb-steps-12,12,12,12,True,False,False,False,J,J,0.9867658615112305,True,True,True
controller,validation-000755-4754f22067ad7fbb-steps-13,13,13,13,True,False,False,False,P,P,0.9984160661697388,True,True,True
controller,validation-000755-4754f22067ad7fbb-steps-14,14,13,13,False,True,False,False,P,C,0.9999120235443115,True,False,False
controller,validation-000755-4754f22067ad7fbb-steps-15,15,12,12,False,True,False,False,J,V,0.998150646686554,True,False,False
controller,validation-000755-4754f22067ad7fbb-steps-16,16,12,12,False,True,False,False,J,F,0.9816531538963318,True,False,False
controller,validation-000059-947c2e4edc95e6b9-steps-1,1,1,1,True,False,False,False,M,M,0.9994738698005676,True,True,True
controller,validation-000059-947c2e4edc95e6b9-steps-2,2,2,2,True,False,False,False,H,H,0.9964891672134399,True,True,True
controller,validation-000059-947c2e4edc95e6b9-steps-3,3,3,3,True,False,False,False,Y,Y,0.9994076490402222,True,True,True
controller,validation-000059-947c2e4edc95e6b9-steps-4,4,4,4,True,False,False,False,U,U,0.9997135996818542,True,True,True
controller,validation-000059-947c2e4edc95e6b9-steps-5,5,5,5,True,False,False,False,J,J,0.9998284578323364,True,True,True
controller,validation-000059-947c2e4edc95e6b9-steps-6,6,6,6,True,False,False,False,E,E,0.9997162222862244,True,True,True
controller,validation-000059-947c2e4edc95e6b9-steps-7,7,7,7,True,False,False,False,S,S,0.9999159574508667,True,True,True
controller,validation-000059-947c2e4edc95e6b9-steps-8,8,8,8,True,False,False,False,R,R,0.9997137188911438,True,True,True
controller,validation-000059-947c2e4edc95e6b9-steps-9,9,7,7,False,True,False,False,S,I,0.5267690420150757,True,False,False
controller,validation-000059-947c2e4edc95e6b9-steps-10,10,10,10,True,False,False,False,B,B,0.9998571872711182,True,True,True
controller,validation-000059-947c2e4edc95e6b9-steps-11,11,11,11,True,False,False,False,V,V,0.9691790342330933,True,True,True
controller,validation-000059-947c2e4edc95e6b9-steps-12,12,12,12,True,False,False,False,D,D,0.999893307685852,True,True,True
controller,validation-000059-947c2e4edc95e6b9-steps-13,13,12,12,False,True,False,False,D,T,0.7742530703544617,True,False,False
controller,validation-000059-947c2e4edc95e6b9-steps-14,14,12,12,False,True,False,False,D,Z,0.9980390667915344,True,False,False
controller,validation-000059-947c2e4edc95e6b9-steps-15,15,11,11,False,True,False,False,V,X,0.7768245339393616,True,False,False
controller,validation-000059-947c2e4edc95e6b9-steps-16,16,12,12,False,True,False,False,D,N,0.9998534917831421,True,False,False
controller,validation-001199-1331e3b222f63ed2-steps-1,1,1,1,True,False,False,False,G,G,0.9998325109481812,True,True,True
controller,validation-001199-1331e3b222f63ed2-steps-2,2,2,2,True,False,False,False,X,X,0.9994822144508362,True,True,True
controller,validation-001199-1331e3b222f63ed2-steps-3,3,3,3,True,False,False,False,R,R,0.9998947381973267,True,True,True
controller,validation-001199-1331e3b222f63ed2-steps-4,4,4,4,True,False,False,False,G,G,0.9999375343322754,True,True,True
controller,validation-001199-1331e3b222f63ed2-steps-5,5,5,5,True,False,False,False,X,X,0.9999194145202637,True,True,True
controller,validation-001199-1331e3b222f63ed2-steps-6,6,6,6,True,False,False,False,R,R,0.9999130964279175,True,True,True
controller,validation-001199-1331e3b222f63ed2-steps-7,7,7,7,True,False,False,False,G,G,0.999934196472168,True,True,True
controller,validation-001199-1331e3b222f63ed2-steps-8,8,8,8,True,False,False,False,X,X,0.9998464584350586,True,True,True
controller,validation-001199-1331e3b222f63ed2-steps-9,9,7,7,False,True,False,False,G,R,0.6445842385292053,True,False,False
controller,validation-001199-1331e3b222f63ed2-steps-10,10,10,10,True,False,False,False,G,G,0.9997075200080872,True,True,True
controller,validation-001199-1331e3b222f63ed2-steps-11,11,12,12,False,False,True,False,R,X,0.9999338388442993,True,False,False
controller,validation-001199-1331e3b222f63ed2-steps-12,12,12,12,True,False,False,False,R,R,0.9992738366127014,True,True,True
controller,validation-001199-1331e3b222f63ed2-steps-13,13,13,13,True,False,False,False,G,G,0.9997013211250305,True,True,True
controller,validation-001199-1331e3b222f63ed2-steps-14,14,12,12,False,True,False,False,R,X,0.8973522186279297,True,False,False
controller,validation-001199-1331e3b222f63ed2-steps-15,15,12,12,False,True,False,False,R,R,0.9998688697814941,True,True,False
controller,validation-001199-1331e3b222f63ed2-steps-16,16,12,12,False,True,False,False,R,G,0.9995096921920776,True,False,False
controller,validation-001403-e1ecd05e0a438517-steps-1,1,1,1,True,False,False,False,R,R,0.9968834519386292,True,True,True
controller,validation-001403-e1ecd05e0a438517-steps-2,2,2,2,True,False,False,False,Y,Y,0.8281729817390442,True,True,True
controller,validation-001403-e1ecd05e0a438517-steps-3,3,3,3,True,False,False,False,F,F,0.7577860951423645,True,True,True
controller,validation-001403-e1ecd05e0a438517-steps-4,4,4,4,True,False,False,False,M,M,0.8623132109642029,True,True,True
controller,validation-001403-e1ecd05e0a438517-steps-5,5,5,5,True,False,False,False,T,T,0.7267746925354004,True,True,True
controller,validation-001403-e1ecd05e0a438517-steps-6,6,6,6,True,False,False,False,E,E,0.6746817231178284,True,True,True
controller,validation-001403-e1ecd05e0a438517-steps-7,7,7,7,True,False,False,False,U,U,0.8618042469024658,True,True,True
controller,validation-001403-e1ecd05e0a438517-steps-8,8,8,8,True,False,False,False,R,R,0.7575318813323975,True,True,True
controller,validation-001403-e1ecd05e0a438517-steps-9,9,8,8,False,True,False,False,R,Y,0.9910287261009216,True,False,False
controller,validation-001403-e1ecd05e0a438517-steps-10,10,11,11,False,False,True,False,M,F,0.9999293088912964,True,False,False
controller,validation-001403-e1ecd05e0a438517-steps-11,11,12,12,False,False,True,False,T,M,0.9921481013298035,True,False,False
controller,validation-001403-e1ecd05e0a438517-steps-12,12,12,12,True,False,False,False,T,T,0.7058151960372925,True,True,True
controller,validation-001403-e1ecd05e0a438517-steps-13,13,13,13,True,False,False,False,E,E,0.9305955767631531,True,True,True
controller,validation-001403-e1ecd05e0a438517-steps-14,14,13,13,False,True,False,False,E,U,0.9994595646858215,True,False,False
controller,validation-001403-e1ecd05e0a438517-steps-15,15,12,12,False,True,False,False,T,R,0.9873170256614685,True,False,False
controller,validation-001403-e1ecd05e0a438517-steps-16,16,12,12,False,True,False,False,T,Y,0.7602341771125793,True,False,False
controller,validation-000875-bcc2172b2648ebb4-steps-1,1,1,1,True,False,False,False,I,I,0.9995150566101074,True,True,True
controller,validation-000875-bcc2172b2648ebb4-steps-2,2,2,2,True,False,False,False,K,K,0.9979314804077148,True,True,True
controller,validation-000875-bcc2172b2648ebb4-steps-3,3,3,3,True,False,False,False,B,B,0.9996649026870728,True,True,True
controller,validation-000875-bcc2172b2648ebb4-steps-4,4,4,4,True,False,False,False,Q,Q,0.9998804330825806,True,True,True
controller,validation-000875-bcc2172b2648ebb4-steps-5,5,5,5,True,False,False,False,A,A,0.9999369382858276,True,True,True
controller,validation-000875-bcc2172b2648ebb4-steps-6,6,6,6,True,False,False,False,W,W,0.9999305009841919,True,True,True
controller,validation-000875-bcc2172b2648ebb4-steps-7,7,7,7,True,False,False,False,O,O,0.999963641166687,True,True,True
controller,validation-000875-bcc2172b2648ebb4-steps-8,8,8,8,True,False,False,False,N,N,0.9999492168426514,True,True,True
controller,validation-000875-bcc2172b2648ebb4-steps-9,9,7,7,False,True,False,False,O,U,0.9463035464286804,True,False,False
controller,validation-000875-bcc2172b2648ebb4-steps-10,10,10,10,True,False,False,False,E,E,0.9999109506607056,True,True,True
controller,validation-000875-bcc2172b2648ebb4-steps-11,11,11,11,True,False,False,False,S,S,0.9589177966117859,True,True,True
controller,validation-000875-bcc2172b2648ebb4-steps-12,12,12,12,True,False,False,False,L,L,0.9998995065689087,True,True,True
controller,validation-000875-bcc2172b2648ebb4-steps-13,13,13,13,True,False,False,False,R,R,0.9998979568481445,True,True,True
controller,validation-000875-bcc2172b2648ebb4-steps-14,14,12,12,False,True,False,False,L,D,0.9932419657707214,True,False,False
controller,validation-000875-bcc2172b2648ebb4-steps-15,15,11,11,False,True,False,False,S,Z,0.7247020602226257,True,False,False
controller,validation-000875-bcc2172b2648ebb4-steps-16,16,12,12,False,True,False,False,L,F,0.9998804330825806,True,False,False
