condition,example_id,depth,first_stop,executed_loops,exact_stop,early_stop,late_stop,missing_stop,prediction,target,stop_probability,executor_nominal_correct,stopped_answer_correct,joint_success
controller,validation-000587-c59e46b5e046eac3-steps-1,1,1,1,True,False,False,False,A,A,0.5,True,True,True
controller,validation-000587-c59e46b5e046eac3-steps-2,2,1,1,False,True,False,False,A,O,0.5,True,False,False
controller,validation-000587-c59e46b5e046eac3-steps-3,3,1,1,False,True,False,False,A,M,0.5,True,False,False
controller,validation-000587-c59e46b5e046eac3-steps-4,4,1,1,False,True,False,False,A,G,0.5,True,False,False
controller,validation-000587-c59e46b5e046eac3-steps-5,5,1,1,False,True,False,False,A,H,0.5,True,False,False
controller,validation-000587-c59e46b5e046eac3-steps-6,6,1,1,False,True,False,False,A,O,0.5,True,False,False
controller,validation-000587-c59e46b5e046eac3-steps-7,7,1,1,False,True,False,False,A,M,0.5,True,False,False
controller,validation-000587-c59e46b5e046eac3-steps-8,8,1,1,False,True,False,False,A,G,0.5,True,False,False
controller,validation-000587-c59e46b5e046eac3-steps-9,9,1,1,False,True,False,False,A,H,0.5,True,False,False
controller,validation-000587-c59e46b5e046eac3-steps-10,10,1,1,False,True,False,False,A,O,0.5,True,False,False
controller,validation-000587-c59e46b5e046eac3-steps-11,11,1,1,False,True,False,False,A,M,0.5,True,False,False
controller,validation-000587-c59e46b5e046eac3-steps-12,12,1,1,False,True,False,False,A,G,0.5,True,False,False
controller,validation-000587-c59e46b5e046eac3-steps-13,13,1,1,False,True,False,False,A,H,0.5,True,False,False
controller,validation-000587-c59e46b5e046eac3-steps-14,14,1,1,False,True,False,False,A,O,0.5,True,False,False
controller,validation-000587-c59e46b5e046eac3-steps-15,15,1,1,False,True,False,False,A,M,0.5,True,False,False
controller,validation-000587-c59e46b5e046eac3-steps-16,16,1,1,False,True,False,False,A,G,0.5,True,False,False
controller,validation-000539-f76500341b94bd7d-steps-1,1,1,1,True,False,False,False,D,D,0.5,True,True,True
controller,validation-000539-f76500341b94bd7d-steps-2,2,1,1,False,True,False,False,D,E,0.5,True,False,False
controller,validation-000539-f76500341b94bd7d-steps-3,3,1,1,False,True,False,False,D,W,0.5,True,False,False
controller,validation-000539-f76500341b94bd7d-steps-4,4,1,1,False,True,False,False,D,G,0.5,True,False,False
controller,validation-000539-f76500341b94bd7d-steps-5,5,1,1,False,True,False,False,D,L,0.5,True,False,False
controller,validation-000539-f76500341b94bd7d-steps-6,6,1,1,False,True,False,False,D,A,0.5,True,False,False
controller,validation-000539-f76500341b94bd7d-steps-7,7,1,1,False,True,False,False,D,Z,0.5,True,False,False
controller,validation-000539-f76500341b94bd7d-steps-8,8,1,1,False,True,False,False,D,D,0.5,True,True,False
controller,validation-000539-f76500341b94bd7d-steps-9,9,1,1,False,True,False,False,D,E,0.5,True,False,False
controller,validation-000539-f76500341b94bd7d-steps-10,10,1,1,False,True,False,False,D,W,0.5,True,False,False
controller,validation-000539-f76500341b94bd7d-steps-11,11,1,1,False,True,False,False,D,G,0.5,True,False,False
controller,validation-000539-f76500341b94bd7d-steps-12,12,1,1,False,True,False,False,D,L,0.5,True,False,False
controller,validation-000539-f76500341b94bd7d-steps-13,13,1,1,False,True,False,False,D,A,0.5,True,False,False
controller,validation-000539-f76500341b94bd7d-steps-14,14,1,1,False,True,False,False,D,Z,0.5,True,False,False
controller,validation-000539-f76500341b94bd7d-steps-15,15,1,1,False,True,False,False,D,D,0.5,True,True,False
controller,validation-000539-f76500341b94bd7d-steps-16,16,1,1,False,True,False,False,D,E,0.5,True,False,False
controller,validation-001175-f8bc6d41031bea05-steps-1,1,1,1,True,False,False,False,Z,Z,0.5,True,True,True
controller,validation-001175-f8bc6d41031bea05-steps-2,2,1,1,False,True,False,False,Z,V,0.5,True,False,False
controller,validation-001175-f8bc6d41031bea05-steps-3,3,1,1,False,True,False,False,Z,K,0.5,True,False,False
controller,validation-001175-f8bc6d41031bea05-steps-4,4,1,1,False,True,False,False,Z,E,0.5,True,False,False
controller,validation-001175-f8bc6d41031bea05-steps-5,5,1,1,False,True,False,False,Z,Q,0.5,True,False,False
controller,validation-001175-f8bc6d41031bea05-steps-6,6,1,1,False,True,False,False,Z,L,0.5,True,False,False
controller,validation-001175-f8bc6d41031bea05-steps-7,7,1,1,False,True,False,False,Z,N,0.5,True,False,False
controller,validation-001175-f8bc6d41031bea05-steps-8,8,1,1,False,True,False,False,Z,H,0.5,True,False,False
controller,validation-001175-f8bc6d41031bea05-steps-9,9,1,1,False,True,False,False,Z,A,0.5,True,False,False
controller,validation-001175-f8bc6d41031bea05-steps-10,10,1,1,False,True,False,False,Z,F,0.5,True,False,False
controller,validation-001175-f8bc6d41031bea05-steps-11,11,1,1,False,True,False,False,Z,S,0.5,True,False,False
controller,validation-001175-f8bc6d41031bea05-steps-12,12,1,1,False,True,False,False,Z,W,0.5,True,False,False
controller,validation-001175-f8bc6d41031bea05-steps-13,13,1,1,False,True,False,False,Z,R,0.5,True,False,False
controller,validation-001175-f8bc6d41031bea05-steps-14,14,1,1,False,True,False,False,Z,X,0.5,True,False,False
controller,validation-001175-f8bc6d41031bea05-steps-15,15,1,1,False,True,False,False,Z,B,0.5,True,False,False
controller,validation-001175-f8bc6d41031bea05-steps-16,16,1,1,False,True,False,False,Z,O,0.5,True,False,False
controller,validation-000575-a49455d6ec936787-steps-1,1,1,1,True,False,False,False,S,S,0.5,True,True,True
controller,validation-000575-a49455d6ec936787-steps-2,2,1,1,False,True,False,False,S,R,0.5,True,False,False
controller,validation-000575-a49455d6ec936787-steps-3,3,1,1,False,True,False,False,S,S,0.5,True,True,False
controller,validation-000575-a49455d6ec936787-steps-4,4,1,1,False,True,False,False,S,R,0.5,True,False,False
controller,validation-000575-a49455d6ec936787-steps-5,5,1,1,False,True,False,False,S,S,0.5,True,True,False
controller,validation-000575-a49455d6ec936787-steps-6,6,1,1,False,True,False,False,S,R,0.5,True,False,False
controller,validation-000575-a49455d6ec936787-steps-7,7,1,1,False,True,False,False,S,S,0.5,True,True,False
controller,validation-000575-a49455d6ec936787-steps-8,8,1,1,False,True,False,False,S,R,0.5,True,False,False
controller,validation-000575-a49455d6ec936787-steps-9,9,1,1,False,True,False,False,S,S,0.5,True,True,False
controller,validation-000575-a49455d6ec936787-steps-10,10,1,1,False,True,False,False,S,R,0.5,True,False,False
controller,validation-000575-a49455d6ec936787-steps-11,11,1,1,False,True,False,False,S,S,0.5,True,True,False
controller,validation-000575-a49455d6ec936787-steps-12,12,1,1,False,True,False,False,S,R,0.5,True,False,False
controller,validation-000575-a49455d6ec936787-steps-13,13,1,1,False,True,False,False,S,S,0.5,True,True,False
controller,validation-000575-a49455d6ec936787-steps-14,14,1,1,False,True,False,False,S,R,0.5,True,False,False
controller,validation-000575-a49455d6ec936787-steps-15,15,1,1,False,True,False,False,S,S,0.5,True,True,False
controller,validation-000575-a49455d6ec936787-steps-16,16,1,1,False,True,False,False,S,R,0.5,True,False,False
controller,validation-000527-c77e9440688603e4-steps-1,1,1,1,True,False,False,False,T,T,0.5,True,True,True
controller,validation-000527-c77e9440688603e4-steps-2,2,1,1,False,True,False,False,T,J,0.5,True,False,False
controller,validation-000527-c77e9440688603e4-steps-3,3,1,1,False,True,False,False,T,T,0.5,True,True,False
controller,validation-000527-c77e9440688603e4-steps-4,4,1,1,False,True,False,False,T,J,0.5,True,False,False
controller,validation-000527-c77e9440688603e4-steps-5,5,1,1,False,True,False,False,T,T,0.5,True,True,False
controller,validation-000527-c77e9440688603e4-steps-6,6,1,1,False,True,False,False,T,J,0.5,True,False,False
controller,validation-000527-c77e9440688603e4-steps-7,7,1,1,False,True,False,False,T,T,0.5,True,True,False
controller,validation-000527-c77e9440688603e4-steps-8,8,1,1,False,True,False,False,T,J,0.5,True,False,False
controller,validation-000527-c77e9440688603e4-steps-9,9,1,1,False,True,False,False,T,T,0.5,True,True,False
controller,validation-000527-c77e9440688603e4-steps-10,10,1,1,False,True,False,False,T,J,0.5,True,False,False
controller,validation-000527-c77e9440688603e4-steps-11,11,1,1,False,True,False,False,T,T,0.5,True,True,False
controller,validation-000527-c77e9440688603e4-steps-12,12,1,1,False,True,False,False,T,J,0.5,True,False,False
controller,validation-000527-c77e9440688603e4-steps-13,13,1,1,False,True,False,False,T,T,0.5,True,True,False
controller,validation-000527-c77e9440688603e4-steps-14,14,1,1,False,True,False,False,T,J,0.5,True,False,False
controller,validation-000527-c77e9440688603e4-steps-15,15,1,1,False,True,False,False,T,T,0.5,True,True,False
controller,validation-000527-c77e9440688603e4-steps-16,16,1,1,False,True,False,False,T,J,0.5,True,False,False
controller,validation-001343-3eae56d6e9ed6519-steps-1,1,1,1,True,False,False,False,Q,Q,0.5,True,True,True
controller,validation-001343-3eae56d6e9ed6519-steps-2,2,1,1,False,True,False,False,Q,D,0.5,True,False,False
controller,validation-001343-3eae56d6e9ed6519-steps-3,3,1,1,False,True,False,False,Q,T,0.5,True,False,False
controller,validation-001343-3eae56d6e9ed6519-steps-4,4,1,1,False,True,False,False,Q,D,0.5,True,False,False
controller,validation-001343-3eae56d6e9ed6519-steps-5,5,1,1,False,True,False,False,Q,T,0.5,True,False,False
controller,validation-001343-3eae56d6e9ed6519-steps-6,6,1,1,False,True,False,False,Q,D,0.5,True,False,False
controller,validation-001343-3eae56d6e9ed6519-steps-7,7,1,1,False,True,False,False,Q,T,0.5,True,False,False
controller,validation-001343-3eae56d6e9ed6519-steps-8,8,1,1,False,True,False,False,Q,D,0.5,True,False,False
controller,validation-001343-3eae56d6e9ed6519-steps-9,9,1,1,False,True,False,False,Q,T,0.5,True,False,False
controller,validation-001343-3eae56d6e9ed6519-steps-10,10,1,1,False,True,False,False,Q,D,0.5,True,False,False
controller,validation-001343-3eae56d6e9ed6519-steps-11,11,1,1,False,True,False,False,Q,T,0.5,True,False,False
controller,validation-001343-3eae56d6e9ed6519-steps-12,12,1,1,False,True,False,False,Q,D,0.5,True,False,False
controller,validation-001343-3eae56d6e9ed6519-steps-13,13,1,1,False,True,False,False,Q,T,0.5,True,False,False
controller,validation-001343-3eae56d6e9ed6519-steps-14,14,1,1,False,True,False,False,Q,D,0.5,True,False,False
controller,validation-001343-3eae56d6e9ed6519-steps-15,15,1,1,False,True,False,False,Q,T,0.5,True,False,False
controller,validation-001343-3eae56d6e9ed6519-steps-16,16,1,1,False,True,False,False,Q,D,0.5,True,False,False
controller,validation-001523-3296e447ce252ee9-steps-1,1,1,1,True,False,False,False,Y,Y,0.5,True,True,True
controller,validation-001523-3296e447ce252ee9-steps-2,2,1,1,False,True,False,False,Y,C,0.5,True,False,False
controller,validation-001523-3296e447ce252ee9-steps-3,3,1,1,False,True,False,False,Y,S,0.5,True,False,False
controller,validation-001523-3296e447ce252ee9-steps-4,4,1,1,False,True,False,False,Y,P,0.5,True,False,False
controller,validation-001523-3296e447ce252ee9-steps-5,5,1,1,False,True,False,False,Y,X,0.5,True,False,False
controller,validation-001523-3296e447ce252ee9-steps-6,6,1,1,False,True,False,False,Y,D,0.5,True,False,False
controller,validation-001523-3296e447ce252ee9-steps-7,7,1,1,False,True,False,False,Y,B,0.5,True,False,False
controller,validation-001523-3296e447ce252ee9-steps-8,8,1,1,False,True,False,False,Y,H,0.5,True,False,False
controller,validation-001523-3296e447ce252ee9-steps-9,9,1,1,False,True,False,False,Y,I,0.5,True,False,False
controller,validation-001523-3296e447ce252ee9-steps-10,10,1,1,False,True,False,False,Y,Z,0.5,True,False,False
controller,validation-001523-3296e447ce252ee9-steps-11,11,1,1,False,True,False,False,Y,O,0.5,True,False,False
controller,validation-001523-3296e447ce252ee9-steps-12,12,1,1,False,True,False,False,Y,K,0.5,True,False,False
controller,validation-001523-3296e447ce252ee9-steps-13,13,1,1,False,True,False,False,Y,K,0.5,True,False,False
controller,validation-001523-3296e447ce252ee9-steps-14,14,1,1,False,True,False,False,Y,K,0.5,True,False,False
controller,validation-001523-3296e447ce252ee9-steps-15,15,1,1,False,True,False,False,Y,K,0.5,True,False,False
controller,validation-001523-3296e447ce252ee9-steps-16,16,1,1,False,True,False,False,Y,K,0.5,True,False,False
controller,validation-000611-46c166ebb1c244ff-steps-1,1,1,1,True,False,False,False,J,J,0.5,True,True,True
controller,validation-000611-46c166ebb1c244ff-steps-2,2,1,1,False,True,False,False,J,Y,0.5,True,False,False
controller,validation-000611-46c166ebb1c244ff-steps-3,3,1,1,False,True,False,False,J,K,0.5,True,False,False
controller,validation-000611-46c166ebb1c244ff-steps-4,4,1,1,False,True,False,False,J,S,0.5,True,False,False
controller,validation-000611-46c166ebb1c244ff-steps-5,5,1,1,False,True,False,False,J,O,0.5,True,False,False
controller,validation-000611-46c166ebb1c244ff-steps-6,6,1,1,False,True,False,False,J,E,0.5,True,False,False
controller,validation-000611-46c166ebb1c244ff-steps-7,7,1,1,False,True,False,False,J,G,0.5,True,False,False
controller,validation-000611-46c166ebb1c244ff-steps-8,8,1,1,False,True,False,False,J,U,0.5,True,False,False
controller,validation-000611-46c166ebb1c244ff-steps-9,9,1,1,False,True,False,False,J,N,0.5,True,False,False
controller,validation-000611-46c166ebb1c244ff-steps-10,10,1,1,False,True,False,False,J,H,0.5,True,False,False
controller,validation-000611-46c166ebb1c244ff-steps-11,11,1,1,False,True,False,False,J,T,0.5,True,False,False
controller,validation-000611-46c166ebb1c244ff-steps-12,12,1,1,False,True,False,False,J,F,0.5,True,False,False
controller,validation-000611-46c166ebb1c244ff-steps-13,13,1,1,False,True,False,False,J,Q,0.5,True,False,False
controller,validation-000611-46c166ebb1c244ff-steps-14,14,1,1,False,True,False,False,J,B,0.5,True,False,False
controller,validation-000611-46c166ebb1c244ff-steps-15,15,1,1,False,True,False,False,J,P,0.5,True,False,False
controller,validation-000611-46c166ebb1c244ff-steps-16,16,1,1,False,True,False,False,J,A,0.5,True,False,False
controller,validation-000083-1a1c162c8a716f0f-steps-1,1,1,1,True,False,False,False,L,L,0.5,True,True,True
controller,validation-000083-1a1c162c8a716f0f-steps-2,2,1,1,False,True,False,False,L,C,0.5,True,False,False
controller,validation-000083-1a1c162c8a716f0f-steps-3,3,1,1,False,True,False,False,L,D,0.5,True,False,False
controller,validation-000083-1a1c162c8a716f0f-steps-4,4,1,1,False,True,False,False,L,Q,0.5,True,False,False
controller,validation-000083-1a1c162c8a716f0f-steps-5,5,1,1,False,True,False,False,L,S,0.5,True,False,False
controller,validation-000083-1a1c162c8a716f0f-steps-6,6,1,1,False,True,False,False,L,N,0.5,True,False,False
controller,validation-000083-1a1c162c8a716f0f-steps-7,7,1,1,False,True,False,False,L,V,0.5,True,False,False
controller,validation-000083-1a1c162c8a716f0f-steps-8,8,1,1,False,True,False,False,L,B,0.5,True,False,False
controller,validation-000083-1a1c162c8a716f0f-steps-9,9,1,1,False,True,False,False,L,E,0.5,True,False,False
controller,validation-000083-1a1c162c8a716f0f-steps-10,10,1,1,False,True,False,False,L,Z,0.5,True,False,False
controller,validation-000083-1a1c162c8a716f0f-steps-11,11,1,1,False,True,False,False,L,M,0.5,True,False,False
controller,validation-000083-1a1c162c8a716f0f-steps-12,12,1,1,False,True,False,False,L,W,0.5,True,False,False
controller,validation-000083-1a1c162c8a716f0f-steps-13,13,1,1,False,True,False,False,L,R,0.5,True,False,False
controller,validation-000083-1a1c162c8a716f0f-steps-14,14,1,1,False,True,False,False,L,K,0.5,True,False,False
controller,validation-000083-1a1c162c8a716f0f-steps-15,15,1,1,False,True,False,False,L,A,0.5,True,False,False
controller,validation-000083-1a1c162c8a716f0f-steps-16,16,1,1,False,True,False,False,L,O,0.5,True,False,False
controller,validation-000359-b92f23fc5463bcf8-steps-1,1,1,1,True,False,False,False,O,O,0.5,True,True,True
controller,validation-000359-b92f23fc5463bcf8-steps-2,2,1,1,False,True,False,False,O,J,0.5,True,False,False
controller,validation-000359-b92f23fc5463bcf8-steps-3,3,1,1,False,True,False,False,O,E,0.5,True,False,False
controller,validation-000359-b92f23fc5463bcf8-steps-4,4,1,1,False,True,False,False,O,Y,0.5,True,False,False
controller,validation-000359-b92f23fc5463bcf8-steps-5,5,1,1,False,True,False,False,O,G,0.5,True,False,False
controller,validation-000359-b92f23fc5463bcf8-steps-6,6,1,1,False,True,False,False,O,X,0.5,True,False,False
controller,validation-000359-b92f23fc5463bcf8-steps-7,7,1,1,False,True,False,False,O,T,0.5,True,False,False
controller,validation-000359-b92f23fc5463bcf8-steps-8,8,1,1,False,True,False,False,O,N,0.5,True,False,False
controller,validation-000359-b92f23fc5463bcf8-steps-9,9,1,1,False,True,False,False,O,M,0.5,True,False,False
controller,validation-000359-b92f23fc5463bcf8-steps-10,10,1,1,False,True,False,False,O,C,0.5,True,False,False
controller,validation-000359-b92f23fc5463bcf8-steps-11,11,1,1,False,True,False,False,O,O,0.5,True,True,False
controller,validation-000359-b92f23fc5463bcf8-steps-12,12,1,1,False,True,False,False,O,J,0.5,True,False,False
controller,validation-000359-b92f23fc5463bcf8-steps-13,13,1,1,False,True,False,False,O,E,0.5,True,False,False
controller,validation-000359-b92f23fc5463bcf8-steps-14,14,1,1,False,True,False,False,O,Y,0.5,True,False,False
controller,validation-000359-b92f23fc5463bcf8-steps-15,15,1,1,False,True,False,False,O,G,0.5,True,False,False
controller,validation-000359-b92f23fc5463bcf8-steps-16,16,1,1,False,True,False,False,O,X,0.5,True,False,False
controller,validation-000323-bdc0809a8b0d79a5-steps-1,1,1,1,True,False,False,False,S,S,0.5,True,True,True
controller,validation-000323-bdc0809a8b0d79a5-steps-2,2,1,1,False,True,False,False,S,X,0.5,True,False,False
controller,validation-000323-bdc0809a8b0d79a5-steps-3,3,1,1,False,True,False,False,S,Q,0.5,True,False,False
controller,validation-000323-bdc0809a8b0d79a5-steps-4,4,1,1,False,True,False,False,S,D,0.5,True,False,False
controller,validation-000323-bdc0809a8b0d79a5-steps-5,5,1,1,False,True,False,False,S,P,0.5,True,False,False
controller,validation-000323-bdc0809a8b0d79a5-steps-6,6,1,1,False,True,False,False,S,E,0.5,True,False,False
controller,validation-000323-bdc0809a8b0d79a5-steps-7,7,1,1,False,True,False,False,S,Z,0.5,True,False,False
controller,validation-000323-bdc0809a8b0d79a5-steps-8,8,1,1,False,True,False,False,S,M,0.5,True,False,False
controller,validation-000323-bdc0809a8b0d79a5-steps-9,9,1,1,False,True,False,False,S,A,0.5,True,False,False
controller,validation-000323-bdc0809a8b0d79a5-steps-10,10,1,1,False,True,False,False,S,C,0.5,True,False,False
controller,validation-000323-bdc0809a8b0d79a5-steps-11,11,1,1,False,True,False,False,S,N,0.5,True,False,False
controller,validation-000323-bdc0809a8b0d79a5-steps-12,12,1,1,False,True,False,False,S,T,0.5,True,False,False
controller,validation-000323-bdc0809a8b0d79a5-steps-13,13,1,1,False,True,False,False,S,U,0.5,True,False,False
controller,validation-000323-bdc0809a8b0d79a5-steps-14,14,1,1,False,True,False,False,S,O,0.5,True,False,False
controller,validation-000323-bdc0809a8b0d79a5-steps-15,15,1,1,False,True,False,False,S,W,0.5,True,False,False
controller,validation-000323-bdc0809a8b0d79a5-steps-16,16,1,1,False,True,False,False,S,H,0.5,True,False,False
controller,validation-000899-75f60bb8180d1a83-steps-1,1,1,1,True,False,False,False,I,I,0.5,True,True,True
controller,validation-000899-75f60bb8180d1a83-steps-2,2,1,1,False,True,False,False,I,A,0.5,True,False,False
controller,validation-000899-75f60bb8180d1a83-steps-3,3,1,1,False,True,False,False,I,V,0.5,True,False,False
controller,validation-000899-75f60bb8180d1a83-steps-4,4,1,1,False,True,False,False,I,Y,0.5,True,False,False
controller,validation-000899-75f60bb8180d1a83-steps-5,5,1,1,False,True,False,False,I,G,0.5,True,False,False
controller,validation-000899-75f60bb8180d1a83-steps-6,6,1,1,False,True,False,False,I,P,0.5,True,False,False
controller,validation-000899-75f60bb8180d1a83-steps-7,7,1,1,False,True,False,False,I,N,0.5,True,False,False
controller,validation-000899-75f60bb8180d1a83-steps-8,8,1,1,False,True,False,False,I,F,0.5,True,False,False
controller,validation-000899-75f60bb8180d1a83-steps-9,9,1,1,False,True,False,False,I,T,0.5,True,False,False
controller,validation-000899-75f60bb8180d1a83-steps-10,10,1,1,False,True,False,False,I,O,0.5,True,False,False
controller,validation-000899-75f60bb8180d1a83-steps-11,11,1,1,False,True,False,False,I,Q,0.5,True,False,False
controller,validation-000899-75f60bb8180d1a83-steps-12,12,1,1,False,True,False,False,I,U,0.5,True,False,False
controller,validation-000899-75f60bb8180d1a83-steps-13,13,1,1,False,True,False,False,I,S,0.5,True,False,False
controller,validation-000899-75f60bb8180d1a83-steps-14,14,1,1,False,True,False,False,I,H,0.5,True,False,False
controller,validation-000899-75f60bb8180d1a83-steps-15,15,1,1,False,True,False,False,I,K,0.5,True,False,False
controller,validation-000899-75f60bb8180d1a83-steps-16,16,1,1,False,True,False,False,I,C,0.5,True,False,False
controller,validation-000599-2f78e7c2fe9b1ad3-steps-1,1,1,1,True,False,False,False,V,V,0.5,True,True,True
controller,validation-000599-2f78e7c2fe9b1ad3-steps-2,2,1,1,False,True,False,False,V,V,0.5,True,True,False
controller,validation-000599-2f78e7c2fe9b1ad3-steps-3,3,1,1,False,True,False,False,V,V,0.5,True,True,False
controller,validation-000599-2f78e7c2fe9b1ad3-steps-4,4,1,1,False,True,False,False,V,V,0.5,True,True,False
controller,validation-000599-2f78e7c2fe9b1ad3-steps-5,5,1,1,False,True,False,False,V,V,0.5,True,True,False
controller,validation-000599-2f78e7c2fe9b1ad3-steps-6,6,1,1,False,True,False,False,V,V,0.5,True,True,False
controller,validation-000599-2f78e7c2fe9b1ad3-steps-7,7,1,1,False,True,False,False,V,V,0.5,True,True,False
controller,validation-000599-2f78e7c2fe9b1ad3-steps-8,8,1,1,False,True,False,False,V,V,0.5,True,True,False
controller,validation-000599-2f78e7c2fe9b1ad3-steps-9,9,1,1,False,True,False,False,V,V,0.5,True,True,False
controller,validation-000599-2f78e7c2fe9b1ad3-steps-10,10,1,1,False,True,False,False,V,V,0.5,True,True,False
controller,validation-000599-2f78e7c2fe9b1ad3-steps-11,11,1,1,False,True,False,False,V,V,0.5,True,True,False
controller,validation-000599-2f78e7c2fe9b1ad3-steps-12,12,1,1,False,True,False,False,V,V,0.5,True,True,False
controller,validation-000599-2f78e7c2fe9b1ad3-steps-13,13,1,1,False,True,False,False,V,V,0.5,True,True,False
controller,validation-000599-2f78e7c2fe9b1ad3-steps-14,14,1,1,False,True,False,False,V,V,0.5,True,True,False
controller,validation-000599-2f78e7c2fe9b1ad3-steps-15,15,1,1,False,True,False,False,V,V,0.5,True,True,False
controller,validation-000599-2f78e7c2fe9b1ad3-steps-16,16,1,1,False,True,False,False,V,V,0.5,True,True,False
controller,validation-001331-08e35c3a1f358a68-steps-1,1,1,1,True,False,False,False,L,L,0.5,True,True,True
controller,validation-001331-08e35c3a1f358a68-steps-2,2,1,1,False,True,False,False,L,P,0.5,True,False,False
controller,validation-001331-08e35c3a1f358a68-steps-3,3,1,1,False,True,False,False,L,C,0.5,True,False,False
controller,validation-001331-08e35c3a1f358a68-steps-4,4,1,1,False,True,False,False,L,Z,0.5,True,False,False
controller,validation-001331-08e35c3a1f358a68-steps-5,5,1,1,False,True,False,False,L,U,0.5,True,False,False
controller,validation-001331-08e35c3a1f358a68-steps-6,6,1,1,False,True,False,False,L,N,0.5,True,False,False
controller,validation-001331-08e35c3a1f358a68-steps-7,7,1,1,False,True,False,False,L,L,0.5,True,True,False
controller,validation-001331-08e35c3a1f358a68-steps-8,8,1,1,False,True,False,False,L,P,0.5,True,False,False
controller,validation-001331-08e35c3a1f358a68-steps-9,9,1,1,False,True,False,False,L,C,0.5,True,False,False
controller,validation-001331-08e35c3a1f358a68-steps-10,10,1,1,False,True,False,False,L,Z,0.5,True,False,False
controller,validation-001331-08e35c3a1f358a68-steps-11,11,1,1,False,True,False,False,L,U,0.5,True,False,False
controller,validation-001331-08e35c3a1f358a68-steps-12,12,1,1,False,True,False,False,L,N,0.5,True,False,False
controller,validation-001331-08e35c3a1f358a68-steps-13,13,1,1,False,True,False,False,L,L,0.5,True,True,False
controller,validation-001331-08e35c3a1f358a68-steps-14,14,1,1,False,True,False,False,L,P,0.5,True,False,False
controller,validation-001331-08e35c3a1f358a68-steps-15,15,1,1,False,True,False,False,L,C,0.5,True,False,False
controller,validation-001331-08e35c3a1f358a68-steps-16,16,1,1,False,True,False,False,L,Z,0.5,True,False,False
controller,validation-000911-5281ea2ec2b634b7-steps-1,1,1,1,True,False,False,False,I,I,0.5,True,True,True
controller,validation-000911-5281ea2ec2b634b7-steps-2,2,1,1,False,True,False,False,I,F,0.5,True,False,False
controller,validation-000911-5281ea2ec2b634b7-steps-3,3,1,1,False,True,False,False,I,D,0.5,True,False,False
controller,validation-000911-5281ea2ec2b634b7-steps-4,4,1,1,False,True,False,False,I,N,0.5,True,False,False
controller,validation-000911-5281ea2ec2b634b7-steps-5,5,1,1,False,True,False,False,I,A,0.5,True,False,False
controller,validation-000911-5281ea2ec2b634b7-steps-6,6,1,1,False,True,False,False,I,B,0.5,True,False,False
controller,validation-000911-5281ea2ec2b634b7-steps-7,7,1,1,False,True,False,False,I,L,0.5,True,False,False
controller,validation-000911-5281ea2ec2b634b7-steps-8,8,1,1,False,True,False,False,I,W,0.5,True,False,False
controller,validation-000911-5281ea2ec2b634b7-steps-9,9,1,1,False,True,False,False,I,V,0.5,True,False,False
controller,validation-000911-5281ea2ec2b634b7-steps-10,10,1,1,False,True,False,False,I,U,0.5,True,False,False
controller,validation-000911-5281ea2ec2b634b7-steps-11,11,1,1,False,True,False,False,I,X,0.5,True,False,False
controller,validation-000911-5281ea2ec2b634b7-steps-12,12,1,1,False,True,False,False,I,R,0.5,True,False,False
controller,validation-000911-5281ea2ec2b634b7-steps-13,13,1,1,False,True,False,False,I,M,0.5,True,False,False
controller,validation-000911-5281ea2ec2b634b7-steps-14,14,1,1,False,True,False,False,I,Z,0.5,True,False,False
controller,validation-000911-5281ea2ec2b634b7-steps-15,15,1,1,False,True,False,False,I,J,0.5,True,False,False
controller,validation-000911-5281ea2ec2b634b7-steps-16,16,1,1,False,True,False,False,I,A,0.5,True,False,False
controller,validation-000131-f86ab9cea858725f-steps-1,1,1,1,True,False,False,False,F,F,0.5,True,True,True
controller,validation-000131-f86ab9cea858725f-steps-2,2,1,1,False,True,False,False,F,V,0.5,True,False,False
controller,validation-000131-f86ab9cea858725f-steps-3,3,1,1,False,True,False,False,F,T,0.5,True,False,False
controller,validation-000131-f86ab9cea858725f-steps-4,4,1,1,False,True,False,False,F,S,0.5,True,False,False
controller,validation-000131-f86ab9cea858725f-steps-5,5,1,1,False,True,False,False,F,E,0.5,True,False,False
controller,validation-000131-f86ab9cea858725f-steps-6,6,1,1,False,True,False,False,F,D,0.5,True,False,False
controller,validation-000131-f86ab9cea858725f-steps-7,7,1,1,False,True,False,False,F,B,0.5,True,False,False
controller,validation-000131-f86ab9cea858725f-steps-8,8,1,1,False,True,False,False,F,J,0.5,True,False,False
controller,validation-000131-f86ab9cea858725f-steps-9,9,1,1,False,True,False,False,F,O,0.5,True,False,False
controller,validation-000131-f86ab9cea858725f-steps-10,10,1,1,False,True,False,False,F,I,0.5,True,False,False
controller,validation-000131-f86ab9cea858725f-steps-11,11,1,1,False,True,False,False,F,R,0.5,True,False,False
controller,validation-000131-f86ab9cea858725f-steps-12,12,1,1,False,True,False,False,F,U,0.5,True,False,False
controller,validation-000131-f86ab9cea858725f-steps-13,13,1,1,False,True,False,False,F,W,0.5,True,False,False
controller,validation-000131-f86ab9cea858725f-steps-14,14,1,1,False,True,False,False,F,G,0.5,True,False,False
controller,validation-000131-f86ab9cea858725f-steps-15,15,1,1,False,True,False,False,F,F,0.5,True,True,False
controller,validation-000131-f86ab9cea858725f-steps-16,16,1,1,False,True,False,False,F,V,0.5,True,False,False
controller,validation-000107-f9696f08ed7f5e0c-steps-1,1,1,1,True,False,False,False,T,T,0.5,True,True,True
controller,validation-000107-f9696f08ed7f5e0c-steps-2,2,1,1,False,True,False,False,T,W,0.5,True,False,False
controller,validation-000107-f9696f08ed7f5e0c-steps-3,3,1,1,False,True,False,False,T,Z,0.5,True,False,False
controller,validation-000107-f9696f08ed7f5e0c-steps-4,4,1,1,False,True,False,False,T,H,0.5,True,False,False
controller,validation-000107-f9696f08ed7f5e0c-steps-5,5,1,1,False,True,False,False,T,V,0.5,True,False,False
controller,validation-000107-f9696f08ed7f5e0c-steps-6,6,1,1,False,True,False,False,T,E,0.5,True,False,False
controller,validation-000107-f9696f08ed7f5e0c-steps-7,7,1,1,False,True,False,False,T,B,0.5,True,False,False
controller,validation-000107-f9696f08ed7f5e0c-steps-8,8,1,1,False,True,False,False,T,O,0.5,True,False,False
controller,validation-000107-f9696f08ed7f5e0c-steps-9,9,1,1,False,True,False,False,T,X,0.5,True,False,False
controller,validation-000107-f9696f08ed7f5e0c-steps-10,10,1,1,False,True,False,False,T,J,0.5,True,False,False
controller,validation-000107-f9696f08ed7f5e0c-steps-11,11,1,1,False,True,False,False,T,I,0.5,True,False,False
controller,validation-000107-f9696f08ed7f5e0c-steps-12,12,1,1,False,True,False,False,T,K,0.5,True,False,False
controller,validation-000107-f9696f08ed7f5e0c-steps-13,13,1,1,False,True,False,False,T,Y,0.5,True,False,False
controller,validation-000107-f9696f08ed7f5e0c-steps-14,14,1,1,False,True,False,False,T,G,0.5,True,False,False
controller,validation-000107-f9696f08ed7f5e0c-steps-15,15,1,1,False,True,False,False,T,D,0.5,True,False,False
controller,validation-000107-f9696f08ed7f5e0c-steps-16,16,1,1,False,True,False,False,T,S,0.5,True,False,False
controller,validation-000155-c11524fc7103abc4-steps-1,1,1,1,True,False,False,False,T,T,0.5,True,True,True
controller,validation-000155-c11524fc7103abc4-steps-2,2,1,1,False,True,False,False,T,J,0.5,True,False,False
controller,validation-000155-c11524fc7103abc4-steps-3,3,1,1,False,True,False,False,T,G,0.5,True,False,False
controller,validation-000155-c11524fc7103abc4-steps-4,4,1,1,False,True,False,False,T,O,0.5,True,False,False
controller,validation-000155-c11524fc7103abc4-steps-5,5,1,1,False,True,False,False,T,W,0.5,True,False,False
controller,validation-000155-c11524fc7103abc4-steps-6,6,1,1,False,True,False,False,T,S,0.5,True,False,False
controller,validation-000155-c11524fc7103abc4-steps-7,7,1,1,False,True,False,False,T,M,0.5,True,False,False
controller,validation-000155-c11524fc7103abc4-steps-8,8,1,1,False,True,False,False,T,E,0.5,True,False,False
controller,validation-000155-c11524fc7103abc4-steps-9,9,1,1,False,True,False,False,T,H,0.5,True,False,False
controller,validation-000155-c11524fc7103abc4-steps-10,10,1,1,False,True,False,False,T,F,0.5,True,False,False
controller,validation-000155-c11524fc7103abc4-steps-11,11,1,1,False,True,False,False,T,Z,0.5,True,False,False
controller,validation-000155-c11524fc7103abc4-steps-12,12,1,1,False,True,False,False,T,D,0.5,True,False,False
controller,validation-000155-c11524fc7103abc4-steps-13,13,1,1,False,True,False,False,T,R,0.5,True,False,False
controller,validation-000155-c11524fc7103abc4-steps-14,14,1,1,False,True,False,False,T,A,0.5,True,False,False
controller,validation-000155-c11524fc7103abc4-steps-15,15,1,1,False,True,False,False,T,N,0.5,True,False,False
controller,validation-000155-c11524fc7103abc4-steps-16,16,1,1,False,True,False,False,T,V,0.5,True,False,False
controller,validation-000095-504840b469af04bd-steps-1,1,1,1,True,False,False,False,J,J,0.5,True,True,True
controller,validation-000095-504840b469af04bd-steps-2,2,1,1,False,True,False,False,J,L,0.5,True,False,False
controller,validation-000095-504840b469af04bd-steps-3,3,1,1,False,True,False,False,J,S,0.5,True,False,False
controller,validation-000095-504840b469af04bd-steps-4,4,1,1,False,True,False,False,J,B,0.5,True,False,False
controller,validation-000095-504840b469af04bd-steps-5,5,1,1,False,True,False,False,J,I,0.5,True,False,False
controller,validation-000095-504840b469af04bd-steps-6,6,1,1,False,True,False,False,J,P,0.5,True,False,False
controller,validation-000095-504840b469af04bd-steps-7,7,1,1,False,True,False,False,J,M,0.5,True,False,False
controller,validation-000095-504840b469af04bd-steps-8,8,1,1,False,True,False,False,J,N,0.5,True,False,False
controller,validation-000095-504840b469af04bd-steps-9,9,1,1,False,True,False,False,J,K,0.5,True,False,False
controller,validation-000095-504840b469af04bd-steps-10,10,1,1,False,True,False,False,J,X,0.5,True,False,False
controller,validation-000095-504840b469af04bd-steps-11,11,1,1,False,True,False,False,J,Q,0.5,True,False,False
controller,validation-000095-504840b469af04bd-steps-12,12,1,1,False,True,False,False,J,G,0.5,True,False,False
controller,validation-000095-504840b469af04bd-steps-13,13,1,1,False,True,False,False,J,U,0.5,True,False,False
controller,validation-000095-504840b469af04bd-steps-14,14,1,1,False,True,False,False,J,F,0.5,True,False,False
controller,validation-000095-504840b469af04bd-steps-15,15,1,1,False,True,False,False,J,W,0.5,True,False,False
controller,validation-000095-504840b469af04bd-steps-16,16,1,1,False,True,False,False,J,Z,0.5,True,False,False
controller,validation-000263-080cb59a5f62a448-steps-1,1,1,1,True,False,False,False,M,M,0.5,True,True,True
controller,validation-000263-080cb59a5f62a448-steps-2,2,1,1,False,True,False,False,M,V,0.5,True,False,False
controller,validation-000263-080cb59a5f62a448-steps-3,3,1,1,False,True,False,False,M,J,0.5,True,False,False
controller,validation-000263-080cb59a5f62a448-steps-4,4,1,1,False,True,False,False,M,R,0.5,True,False,False
controller,validation-000263-080cb59a5f62a448-steps-5,5,1,1,False,True,False,False,M,I,0.5,True,False,False
controller,validation-000263-080cb59a5f62a448-steps-6,6,1,1,False,True,False,False,M,K,0.5,True,False,False
controller,validation-000263-080cb59a5f62a448-steps-7,7,1,1,False,True,False,False,M,S,0.5,True,False,False
controller,validation-000263-080cb59a5f62a448-steps-8,8,1,1,False,True,False,False,M,M,0.5,True,True,False
controller,validation-000263-080cb59a5f62a448-steps-9,9,1,1,False,True,False,False,M,V,0.5,True,False,False
controller,validation-000263-080cb59a5f62a448-steps-10,10,1,1,False,True,False,False,M,J,0.5,True,False,False
controller,validation-000263-080cb59a5f62a448-steps-11,11,1,1,False,True,False,False,M,R,0.5,True,False,False
controller,validation-000263-080cb59a5f62a448-steps-12,12,1,1,False,True,False,False,M,I,0.5,True,False,False
controller,validation-000263-080cb59a5f62a448-steps-13,13,1,1,False,True,False,False,M,K,0.5,True,False,False
controller,validation-000263-080cb59a5f62a448-steps-14,14,1,1,False,True,False,False,M,S,0.5,True,False,False
controller,validation-000263-080cb59a5f62a448-steps-15,15,1,1,False,True,False,False,M,M,0.5,True,True,False
controller,validation-000263-080cb59a5f62a448-steps-16,16,1,1,False,True,False,False,M,V,0.5,True,False,False
controller,validation-000035-4556add4dc81041f-steps-1,1,1,1,True,False,False,False,Z,Z,0.5,True,True,True
controller,validation-000035-4556add4dc81041f-steps-2,2,1,1,False,True,False,False,Z,S,0.5,True,False,False
controller,validation-000035-4556add4dc81041f-steps-3,3,1,1,False,True,False,False,Z,G,0.5,True,False,False
controller,validation-000035-4556add4dc81041f-steps-4,4,1,1,False,True,False,False,Z,M,0.5,True,False,False
controller,validation-000035-4556add4dc81041f-steps-5,5,1,1,False,True,False,False,Z,L,0.5,True,False,False
controller,validation-000035-4556add4dc81041f-steps-6,6,1,1,False,True,False,False,Z,X,0.5,True,False,False
controller,validation-000035-4556add4dc81041f-steps-7,7,1,1,False,True,False,False,Z,F,0.5,True,False,False
controller,validation-000035-4556add4dc81041f-steps-8,8,1,1,False,True,False,False,Z,V,0.5,True,False,False
controller,validation-000035-4556add4dc81041f-steps-9,9,1,1,False,True,False,False,Z,C,0.5,True,False,False
controller,validation-000035-4556add4dc81041f-steps-10,10,1,1,False,True,False,False,Z,Y,0.5,True,False,False
controller,validation-000035-4556add4dc81041f-steps-11,11,1,1,False,True,False,False,Z,K,0.5,True,False,False
controller,validation-000035-4556add4dc81041f-steps-12,12,1,1,False,True,False,False,Z,W,0.5,True,False,False
controller,validation-000035-4556add4dc81041f-steps-13,13,1,1,False,True,False,False,Z,A,0.5,True,False,False
controller,validation-000035-4556add4dc81041f-steps-14,14,1,1,False,True,False,False,Z,H,0.5,True,False,False
controller,validation-000035-4556add4dc81041f-steps-15,15,1,1,False,True,False,False,Z,O,0.5,True,False,False
controller,validation-000035-4556add4dc81041f-steps-16,16,1,1,False,True,False,False,Z,N,0.5,True,False,False
controller,validation-001031-a5ebe1abb68903fd-steps-1,1,1,1,True,False,False,False,H,H,0.5,True,True,True
controller,validation-001031-a5ebe1abb68903fd-steps-2,2,1,1,False,True,False,False,H,H,0.5,True,True,False
controller,validation-001031-a5ebe1abb68903fd-steps-3,3,1,1,False,True,False,False,H,H,0.5,True,True,False
controller,validation-001031-a5ebe1abb68903fd-steps-4,4,1,1,False,True,False,False,H,H,0.5,True,True,False
controller,validation-001031-a5ebe1abb68903fd-steps-5,5,1,1,False,True,False,False,H,H,0.5,True,True,False
controller,validation-001031-a5ebe1abb68903fd-steps-6,6,1,1,False,True,False,False,H,H,0.5,True,True,False
controller,validation-001031-a5ebe1abb68903fd-steps-7,7,1,1,False,True,False,False,H,H,0.5,True,True,False
controller,validation-001031-a5ebe1abb68903fd-steps-8,8,1,1,False,True,False,False,H,H,0.5,True,True,False
controller,validation-001031-a5ebe1abb68903fd-steps-9,9,1,1,False,True,False,False,H,H,0.5,True,True,False
controller,validation-001031-a5ebe1abb68903fd-steps-10,10,1,1,False,True,False,False,H,H,0.5,True,True,False
controller,validation-001031-a5ebe1abb68903fd-steps-11,11,1,1,False,True,False,False,H,H,0.5,True,True,False
controller,validation-001031-a5ebe1abb68903fd-steps-12,12,1,1,False,True,False,False,H,H,0.5,True,True,False
controller,validation-001031-a5ebe1abb68903fd-steps-13,13,1,1,False,True,False,False,H,H,0.5,True,True,False
controller,validation-001031-a5ebe1abb68903fd-steps-14,14,1,1,False,True,False,False,H,H,0.5,True,True,False
controller,validation-001031-a5ebe1abb68903fd-steps-15,15,1,1,False,True,False,False,H,H,0.5,True,True,False
controller,validation-001031-a5ebe1abb68903fd-steps-16,16,1,1,False,True,False,False,H,H,0.5,True,True,False
controller,validation-001511-fb952adf90f30952-steps-1,1,1,1,True,False,False,False,N,N,0.5,True,True,True
controller,validation-001511-fb952adf90f30952-steps-2,2,1,1,False,True,False,False,N,O,0.5,True,False,False
controller,validation-001511-fb952adf90f30952-steps-3,3,1,1,False,True,False,False,N,Z,0.5,True,False,False
controller,validation-001511-fb952adf90f30952-steps-4,4,1,1,False,True,False,False,N,S,0.5,True,False,False
controller,validation-001511-fb952adf90f30952-steps-5,5,1,1,False,True,False,False,N,U,0.5,True,False,False
controller,validation-001511-fb952adf90f30952-steps-6,6,1,1,False,True,False,False,N,A,0.5,True,False,False
controller,validation-001511-fb952adf90f30952-steps-7,7,1,1,False,True,False,False,N,P,0.5,True,False,False
controller,validation-001511-fb952adf90f30952-steps-8,8,1,1,False,True,False,False,N,Y,0.5,True,False,False
controller,validation-001511-fb952adf90f30952-steps-9,9,1,1,False,True,False,False,N,J,0.5,True,False,False
controller,validation-001511-fb952adf90f30952-steps-10,10,1,1,False,True,False,False,N,X,0.5,True,False,False
controller,validation-001511-fb952adf90f30952-steps-11,11,1,1,False,True,False,False,N,N,0.5,True,True,False
controller,validation-001511-fb952adf90f30952-steps-12,12,1,1,False,True,False,False,N,O,0.5,True,False,False
controller,validation-001511-fb952adf90f30952-steps-13,13,1,1,False,True,False,False,N,Z,0.5,True,False,False
controller,validation-001511-fb952adf90f30952-steps-14,14,1,1,False,True,False,False,N,S,0.5,True,False,False
controller,validation-001511-fb952adf90f30952-steps-15,15,1,1,False,True,False,False,N,U,0.5,True,False,False
controller,validation-001511-fb952adf90f30952-steps-16,16,1,1,False,True,False,False,N,A,0.5,True,False,False
controller,validation-000647-86dde2b258128b01-steps-1,1,1,1,True,False,False,False,G,G,0.5,True,True,True
controller,validation-000647-86dde2b258128b01-steps-2,2,1,1,False,True,False,False,G,B,0.5,True,False,False
controller,validation-000647-86dde2b258128b01-steps-3,3,1,1,False,True,False,False,G,V,0.5,True,False,False
controller,validation-000647-86dde2b258128b01-steps-4,4,1,1,False,True,False,False,G,L,0.5,True,False,False
controller,validation-000647-86dde2b258128b01-steps-5,5,1,1,False,True,False,False,G,S,0.5,True,False,False
controller,validation-000647-86dde2b258128b01-steps-6,6,1,1,False,True,False,False,G,S,0.5,True,False,False
controller,validation-000647-86dde2b258128b01-steps-7,7,1,1,False,True,False,False,G,S,0.5,True,False,False
controller,validation-000647-86dde2b258128b01-steps-8,8,1,1,False,True,False,False,G,S,0.5,True,False,False
controller,validation-000647-86dde2b258128b01-steps-9,9,1,1,False,True,False,False,G,S,0.5,True,False,False
controller,validation-000647-86dde2b258128b01-steps-10,10,1,1,False,True,False,False,G,S,0.5,True,False,False
controller,validation-000647-86dde2b258128b01-steps-11,11,1,1,False,True,False,False,G,S,0.5,True,False,False
controller,validation-000647-86dde2b258128b01-steps-12,12,1,1,False,True,False,False,G,S,0.5,True,False,False
controller,validation-000647-86dde2b258128b01-steps-13,13,1,1,False,True,False,False,G,S,0.5,True,False,False
controller,validation-000647-86dde2b258128b01-steps-14,14,1,1,False,True,False,False,G,S,0.5,True,False,False
controller,validation-000647-86dde2b258128b01-steps-15,15,1,1,False,True,False,False,G,S,0.5,True,False,False
controller,validation-000647-86dde2b258128b01-steps-16,16,1,1,False,True,False,False,G,S,0.5,True,False,False
controller,validation-000395-d194a8d6d0f1f1d1-steps-1,1,1,1,True,False,False,False,S,S,0.5,True,True,True
controller,validation-000395-d194a8d6d0f1f1d1-steps-2,2,1,1,False,True,False,False,S,L,0.5,True,False,False
controller,validation-000395-d194a8d6d0f1f1d1-steps-3,3,1,1,False,True,False,False,S,U,0.5,True,False,False
controller,validation-000395-d194a8d6d0f1f1d1-steps-4,4,1,1,False,True,False,False,S,K,0.5,True,False,False
controller,validation-000395-d194a8d6d0f1f1d1-steps-5,5,1,1,False,True,False,False,S,J,0.5,True,False,False
controller,validation-000395-d194a8d6d0f1f1d1-steps-6,6,1,1,False,True,False,False,S,Z,0.5,True,False,False
controller,validation-000395-d194a8d6d0f1f1d1-steps-7,7,1,1,False,True,False,False,S,B,0.5,True,False,False
controller,validation-000395-d194a8d6d0f1f1d1-steps-8,8,1,1,False,True,False,False,S,C,0.5,True,False,False
controller,validation-000395-d194a8d6d0f1f1d1-steps-9,9,1,1,False,True,False,False,S,O,0.5,True,False,False
controller,validation-000395-d194a8d6d0f1f1d1-steps-10,10,1,1,False,True,False,False,S,H,0.5,True,False,False
controller,validation-000395-d194a8d6d0f1f1d1-steps-11,11,1,1,False,True,False,False,S,T,0.5,True,False,False
controller,validation-000395-d194a8d6d0f1f1d1-steps-12,12,1,1,False,True,False,False,S,V,0.5,True,False,False
controller,validation-000395-d194a8d6d0f1f1d1-steps-13,13,1,1,False,True,False,False,S,Q,0.5,True,False,False
controller,validation-000395-d194a8d6d0f1f1d1-steps-14,14,1,1,False,True,False,False,S,N,0.5,True,False,False
controller,validation-000395-d194a8d6d0f1f1d1-steps-15,15,1,1,False,True,False,False,S,R,0.5,True,False,False
controller,validation-000395-d194a8d6d0f1f1d1-steps-16,16,1,1,False,True,False,False,S,A,0.5,True,False,False
controller,validation-000971-d7bddfb099136465-steps-1,1,1,1,True,False,False,False,E,E,0.5,True,True,True
controller,validation-000971-d7bddfb099136465-steps-2,2,1,1,False,True,False,False,E,K,0.5,True,False,False
controller,validation-000971-d7bddfb099136465-steps-3,3,1,1,False,True,False,False,E,P,0.5,True,False,False
controller,validation-000971-d7bddfb099136465-steps-4,4,1,1,False,True,False,False,E,H,0.5,True,False,False
controller,validation-000971-d7bddfb099136465-steps-5,5,1,1,False,True,False,False,E,N,0.5,True,False,False
controller,validation-000971-d7bddfb099136465-steps-6,6,1,1,False,True,False,False,E,J,0.5,True,False,False
controller,validation-000971-d7bddfb099136465-steps-7,7,1,1,False,True,False,False,E,A,0.5,True,False,False
controller,validation-000971-d7bddfb099136465-steps-8,8,1,1,False,True,False,False,E,Y,0.5,True,False,False
controller,validation-000971-d7bddfb099136465-steps-9,9,1,1,False,True,False,False,E,V,0.5,True,False,False
controller,validation-000971-d7bddfb099136465-steps-10,10,1,1,False,True,False,False,E,L,0.5,True,False,False
controller,validation-000971-d7bddfb099136465-steps-11,11,1,1,False,True,False,False,E,B,0.5,True,False,False
controller,validation-000971-d7bddfb099136465-steps-12,12,1,1,False,True,False,False,E,T,0.5,True,False,False
controller,validation-000971-d7bddfb099136465-steps-13,13,1,1,False,True,False,False,E,X,0.5,True,False,False
controller,validation-000971-d7bddfb099136465-steps-14,14,1,1,False,True,False,False,E,Q,0.5,True,False,False
controller,validation-000971-d7bddfb099136465-steps-15,15,1,1,False,True,False,False,E,M,0.5,True,False,False
controller,validation-000971-d7bddfb099136465-steps-16,16,1,1,False,True,False,False,E,O,0.5,True,False,False
controller,validation-000863-946ff3c84ee89062-steps-1,1,1,1,True,False,False,False,G,G,0.5,True,True,True
controller,validation-000863-946ff3c84ee89062-steps-2,2,1,1,False,True,False,False,G,C,0.5,True,False,False
controller,validation-000863-946ff3c84ee89062-steps-3,3,1,1,False,True,False,False,G,N,0.5,True,False,False
controller,validation-000863-946ff3c84ee89062-steps-4,4,1,1,False,True,False,False,G,R,0.5,True,False,False
controller,validation-000863-946ff3c84ee89062-steps-5,5,1,1,False,True,False,False,G,M,0.5,True,False,False
controller,validation-000863-946ff3c84ee89062-steps-6,6,1,1,False,True,False,False,G,D,0.5,True,False,False
controller,validation-000863-946ff3c84ee89062-steps-7,7,1,1,False,True,False,False,G,F,0.5,True,False,False
controller,validation-000863-946ff3c84ee89062-steps-8,8,1,1,False,True,False,False,G,A,0.5,True,False,False
controller,validation-000863-946ff3c84ee89062-steps-9,9,1,1,False,True,False,False,G,P,0.5,True,False,False
controller,validation-000863-946ff3c84ee89062-steps-10,10,1,1,False,True,False,False,G,O,0.5,True,False,False
controller,validation-000863-946ff3c84ee89062-steps-11,11,1,1,False,True,False,False,G,V,0.5,True,False,False
controller,validation-000863-946ff3c84ee89062-steps-12,12,1,1,False,True,False,False,G,L,0.5,True,False,False
controller,validation-000863-946ff3c84ee89062-steps-13,13,1,1,False,True,False,False,G,J,0.5,True,False,False
controller,validation-000863-946ff3c84ee89062-steps-14,14,1,1,False,True,False,False,G,U,0.5,True,False,False
controller,validation-000863-946ff3c84ee89062-steps-15,15,1,1,False,True,False,False,G,B,0.5,True,False,False
controller,validation-000863-946ff3c84ee89062-steps-16,16,1,1,False,True,False,False,G,T,0.5,True,False,False
controller,validation-000479-ea829e2972ceb9f1-steps-1,1,1,1,True,False,False,False,E,E,0.5,True,True,True
controller,validation-000479-ea829e2972ceb9f1-steps-2,2,1,1,False,True,False,False,E,V,0.5,True,False,False
controller,validation-000479-ea829e2972ceb9f1-steps-3,3,1,1,False,True,False,False,E,D,0.5,True,False,False
controller,validation-000479-ea829e2972ceb9f1-steps-4,4,1,1,False,True,False,False,E,G,0.5,True,False,False
controller,validation-000479-ea829e2972ceb9f1-steps-5,5,1,1,False,True,False,False,E,D,0.5,True,False,False
controller,validation-000479-ea829e2972ceb9f1-steps-6,6,1,1,False,True,False,False,E,G,0.5,True,False,False
controller,validation-000479-ea829e2972ceb9f1-steps-7,7,1,1,False,True,False,False,E,D,0.5,True,False,False
controller,validation-000479-ea829e2972ceb9f1-steps-8,8,1,1,False,True,False,False,E,G,0.5,True,False,False
controller,validation-000479-ea829e2972ceb9f1-steps-9,9,1,1,False,True,False,False,E,D,0.5,True,False,False
controller,validation-000479-ea829e2972ceb9f1-steps-10,10,1,1,False,True,False,False,E,G,0.5,True,False,False
controller,validation-000479-ea829e2972ceb9f1-steps-11,11,1,1,False,True,False,False,E,D,0.5,True,False,False
controller,validation-000479-ea829e2972ceb9f1-steps-12,12,1,1,False,True,False,False,E,G,0.5,True,False,False
controller,validation-000479-ea829e2972ceb9f1-steps-13,13,1,1,False,True,False,False,E,D,0.5,True,False,False
controller,validation-000479-ea829e2972ceb9f1-steps-14,14,1,1,False,True,False,False,E,G,0.5,True,False,False
controller,validation-000479-ea829e2972ceb9f1-steps-15,15,1,1,False,True,False,False,E,D,0.5,True,False,False
controller,validation-000479-ea829e2972ceb9f1-steps-16,16,1,1,False,True,False,False,E,G,0.5,True,False,False
controller,validation-000983-00aae1d6b2f41986-steps-1,1,1,1,True,False,False,False,L,L,0.5,True,True,True
controller,validation-000983-00aae1d6b2f41986-steps-2,2,1,1,False,True,False,False,L,C,0.5,True,False,False
controller,validation-000983-00aae1d6b2f41986-steps-3,3,1,1,False,True,False,False,L,Q,0.5,True,False,False
controller,validation-000983-00aae1d6b2f41986-steps-4,4,1,1,False,True,False,False,L,A,0.5,True,False,False
controller,validation-000983-00aae1d6b2f41986-steps-5,5,1,1,False,True,False,False,L,K,0.5,True,False,False
controller,validation-000983-00aae1d6b2f41986-steps-6,6,1,1,False,True,False,False,L,T,0.5,True,False,False
controller,validation-000983-00aae1d6b2f41986-steps-7,7,1,1,False,True,False,False,L,Z,0.5,True,False,False
controller,validation-000983-00aae1d6b2f41986-steps-8,8,1,1,False,True,False,False,L,J,0.5,True,False,False
controller,validation-000983-00aae1d6b2f41986-steps-9,9,1,1,False,True,False,False,L,G,0.5,True,False,False
controller,validation-000983-00aae1d6b2f41986-steps-10,10,1,1,False,True,False,False,L,Y,0.5,True,False,False
controller,validation-000983-00aae1d6b2f41986-steps-11,11,1,1,False,True,False,False,L,U,0.5,True,False,False
controller,validation-000983-00aae1d6b2f41986-steps-12,12,1,1,False,True,False,False,L,B,0.5,True,False,False
controller,validation-000983-00aae1d6b2f41986-steps-13,13,1,1,False,True,False,False,L,N,0.5,True,False,False
controller,validation-000983-00aae1d6b2f41986-steps-14,14,1,1,False,True,False,False,L,V,0.5,True,False,False
controller,validation-000983-00aae1d6b2f41986-steps-15,15,1,1,False,True,False,False,L,I,0.5,True,False,False
controller,validation-000983-00aae1d6b2f41986-steps-16,16,1,1,False,True,False,False,L,S,0.5,True,False,False
controller,validation-000551-17c1268a7c68e5ba-steps-1,1,1,1,True,False,False,False,Z,Z,0.5,True,True,True
controller,validation-000551-17c1268a7c68e5ba-steps-2,2,1,1,False,True,False,False,Z,P,0.5,True,False,False
controller,validation-000551-17c1268a7c68e5ba-steps-3,3,1,1,False,True,False,False,Z,M,0.5,True,False,False
controller,validation-000551-17c1268a7c68e5ba-steps-4,4,1,1,False,True,False,False,Z,S,0.5,True,False,False
controller,validation-000551-17c1268a7c68e5ba-steps-5,5,1,1,False,True,False,False,Z,B,0.5,True,False,False
controller,validation-000551-17c1268a7c68e5ba-steps-6,6,1,1,False,True,False,False,Z,D,0.5,True,False,False
controller,validation-000551-17c1268a7c68e5ba-steps-7,7,1,1,False,True,False,False,Z,C,0.5,True,False,False
controller,validation-000551-17c1268a7c68e5ba-steps-8,8,1,1,False,True,False,False,Z,E,0.5,True,False,False
controller,validation-000551-17c1268a7c68e5ba-steps-9,9,1,1,False,True,False,False,Z,O,0.5,True,False,False
controller,validation-000551-17c1268a7c68e5ba-steps-10,10,1,1,False,True,False,False,Z,Y,0.5,True,False,False
controller,validation-000551-17c1268a7c68e5ba-steps-11,11,1,1,False,True,False,False,Z,D,0.5,True,False,False
controller,validation-000551-17c1268a7c68e5ba-steps-12,12,1,1,False,True,False,False,Z,C,0.5,True,False,False
controller,validation-000551-17c1268a7c68e5ba-steps-13,13,1,1,False,True,False,False,Z,E,0.5,True,False,False
controller,validation-000551-17c1268a7c68e5ba-steps-14,14,1,1,False,True,False,False,Z,O,0.5,True,False,False
controller,validation-000551-17c1268a7c68e5ba-steps-15,15,1,1,False,True,False,False,Z,Y,0.5,True,False,False
controller,validation-000551-17c1268a7c68e5ba-steps-16,16,1,1,False,True,False,False,Z,D,0.5,True,False,False
controller,validation-001463-f304471fa5af482f-steps-1,1,1,1,True,False,False,False,S,S,0.5,True,True,True
controller,validation-001463-f304471fa5af482f-steps-2,2,1,1,False,True,False,False,S,P,0.5,True,False,False
controller,validation-001463-f304471fa5af482f-steps-3,3,1,1,False,True,False,False,S,W,0.5,True,False,False
controller,validation-001463-f304471fa5af482f-steps-4,4,1,1,False,True,False,False,S,D,0.5,True,False,False
controller,validation-001463-f304471fa5af482f-steps-5,5,1,1,False,True,False,False,S,H,0.5,True,False,False
controller,validation-001463-f304471fa5af482f-steps-6,6,1,1,False,True,False,False,S,T,0.5,True,False,False
controller,validation-001463-f304471fa5af482f-steps-7,7,1,1,False,True,False,False,S,X,0.5,True,False,False
controller,validation-001463-f304471fa5af482f-steps-8,8,1,1,False,True,False,False,S,U,0.5,True,False,False
controller,validation-001463-f304471fa5af482f-steps-9,9,1,1,False,True,False,False,S,F,0.5,True,False,False
controller,validation-001463-f304471fa5af482f-steps-10,10,1,1,False,True,False,False,S,V,0.5,True,False,False
controller,validation-001463-f304471fa5af482f-steps-11,11,1,1,False,True,False,False,S,R,0.5,True,False,False
controller,validation-001463-f304471fa5af482f-steps-12,12,1,1,False,True,False,False,S,Z,0.5,True,False,False
controller,validation-001463-f304471fa5af482f-steps-13,13,1,1,False,True,False,False,S,G,0.5,True,False,False
controller,validation-001463-f304471fa5af482f-steps-14,14,1,1,False,True,False,False,S,M,0.5,True,False,False
controller,validation-001463-f304471fa5af482f-steps-15,15,1,1,False,True,False,False,S,L,0.5,True,False,False
controller,validation-001463-f304471fa5af482f-steps-16,16,1,1,False,True,False,False,S,N,0.5,True,False,False
controller,validation-000695-45b5e88a90397fc7-steps-1,1,1,1,True,False,False,False,S,S,0.5,True,True,True
controller,validation-000695-45b5e88a90397fc7-steps-2,2,1,1,False,True,False,False,S,D,0.5,True,False,False
controller,validation-000695-45b5e88a90397fc7-steps-3,3,1,1,False,True,False,False,S,L,0.5,True,False,False
controller,validation-000695-45b5e88a90397fc7-steps-4,4,1,1,False,True,False,False,S,F,0.5,True,False,False
controller,validation-000695-45b5e88a90397fc7-steps-5,5,1,1,False,True,False,False,S,V,0.5,True,False,False
controller,validation-000695-45b5e88a90397fc7-steps-6,6,1,1,False,True,False,False,S,B,0.5,True,False,False
controller,validation-000695-45b5e88a90397fc7-steps-7,7,1,1,False,True,False,False,S,C,0.5,True,False,False
controller,validation-000695-45b5e88a90397fc7-steps-8,8,1,1,False,True,False,False,S,E,0.5,True,False,False
controller,validation-000695-45b5e88a90397fc7-steps-9,9,1,1,False,True,False,False,S,T,0.5,True,False,False
controller,validation-000695-45b5e88a90397fc7-steps-10,10,1,1,False,True,False,False,S,Y,0.5,True,False,False
controller,validation-000695-45b5e88a90397fc7-steps-11,11,1,1,False,True,False,False,S,O,0.5,True,False,False
controller,validation-000695-45b5e88a90397fc7-steps-12,12,1,1,False,True,False,False,S,K,0.5,True,False,False
controller,validation-000695-45b5e88a90397fc7-steps-13,13,1,1,False,True,False,False,S,Q,0.5,True,False,False
controller,validation-000695-45b5e88a90397fc7-steps-14,14,1,1,False,True,False,False,S,I,0.5,True,False,False
controller,validation-000695-45b5e88a90397fc7-steps-15,15,1,1,False,True,False,False,S,R,0.5,True,False,False
controller,validation-000695-45b5e88a90397fc7-steps-16,16,1,1,False,True,False,False,S,A,0.5,True,False,False
controller,validation-000947-bb4a6b3344df2538-steps-1,1,1,1,True,False,False,False,T,T,0.5,True,True,True
controller,validation-000947-bb4a6b3344df2538-steps-2,2,1,1,False,True,False,False,T,E,0.5,True,False,False
controller,validation-000947-bb4a6b3344df2538-steps-3,3,1,1,False,True,False,False,T,T,0.5,True,True,False
controller,validation-000947-bb4a6b3344df2538-steps-4,4,1,1,False,True,False,False,T,E,0.5,True,False,False
controller,validation-000947-bb4a6b3344df2538-steps-5,5,1,1,False,True,False,False,T,T,0.5,True,True,False
controller,validation-000947-bb4a6b3344df2538-steps-6,6,1,1,False,True,False,False,T,E,0.5,True,False,False
controller,validation-000947-bb4a6b3344df2538-steps-7,7,1,1,False,True,False,False,T,T,0.5,True,True,False
controller,validation-000947-bb4a6b3344df2538-steps-8,8,1,1,False,True,False,False,T,E,0.5,True,False,False
controller,validation-000947-bb4a6b3344df2538-steps-9,9,1,1,False,True,False,False,T,T,0.5,True,True,False
controller,validation-000947-bb4a6b3344df2538-steps-10,10,1,1,False,True,False,False,T,E,0.5,True,False,False
controller,validation-000947-bb4a6b3344df2538-steps-11,11,1,1,False,True,False,False,T,T,0.5,True,True,False
controller,validation-000947-bb4a6b3344df2538-steps-12,12,1,1,False,True,False,False,T,E,0.5,True,False,False
controller,validation-000947-bb4a6b3344df2538-steps-13,13,1,1,False,True,False,False,T,T,0.5,True,True,False
controller,validation-000947-bb4a6b3344df2538-steps-14,14,1,1,False,True,False,False,T,E,0.5,True,False,False
controller,validation-000947-bb4a6b3344df2538-steps-15,15,1,1,False,True,False,False,T,T,0.5,True,True,False
controller,validation-000947-bb4a6b3344df2538-steps-16,16,1,1,False,True,False,False,T,E,0.5,True,False,False
controller,validation-000275-092ef6288db8df19-steps-1,1,1,1,True,False,False,False,R,R,0.5,True,True,True
controller,validation-000275-092ef6288db8df19-steps-2,2,1,1,False,True,False,False,R,Y,0.5,True,False,False
controller,validation-000275-092ef6288db8df19-steps-3,3,1,1,False,True,False,False,R,N,0.5,True,False,False
controller,validation-000275-092ef6288db8df19-steps-4,4,1,1,False,True,False,False,R,Z,0.5,True,False,False
controller,validation-000275-092ef6288db8df19-steps-5,5,1,1,False,True,False,False,R,Z,0.5,True,False,False
controller,validation-000275-092ef6288db8df19-steps-6,6,1,1,False,True,False,False,R,Z,0.5,True,False,False
controller,validation-000275-092ef6288db8df19-steps-7,7,1,1,False,True,False,False,R,Z,0.5,True,False,False
controller,validation-000275-092ef6288db8df19-steps-8,8,1,1,False,True,False,False,R,Z,0.5,True,False,False
controller,validation-000275-092ef6288db8df19-steps-9,9,1,1,False,True,False,False,R,Z,0.5,True,False,False
controller,validation-000275-092ef6288db8df19-steps-10,10,1,1,False,True,False,False,R,Z,0.5,True,False,False
controller,validation-000275-092ef6288db8df19-steps-11,11,1,1,False,True,False,False,R,Z,0.5,True,False,False
controller,validation-000275-092ef6288db8df19-steps-12,12,1,1,False,True,False,False,R,Z,0.5,True,False,False
controller,validation-000275-092ef6288db8df19-steps-13,13,1,1,False,True,False,False,R,Z,0.5,True,False,False
controller,validation-000275-092ef6288db8df19-steps-14,14,1,1,False,True,False,False,R,Z,0.5,True,False,False
controller,validation-000275-092ef6288db8df19-steps-15,15,1,1,False,True,False,False,R,Z,0.5,True,False,False
controller,validation-000275-092ef6288db8df19-steps-16,16,1,1,False,True,False,False,R,Z,0.5,True,False,False
controller,validation-001211-c01a574e1cc7b56e-steps-1,1,1,1,True,False,False,False,W,W,0.5,True,True,True
controller,validation-001211-c01a574e1cc7b56e-steps-2,2,1,1,False,True,False,False,W,W,0.5,True,True,False
controller,validation-001211-c01a574e1cc7b56e-steps-3,3,1,1,False,True,False,False,W,W,0.5,True,True,False
controller,validation-001211-c01a574e1cc7b56e-steps-4,4,1,1,False,True,False,False,W,W,0.5,True,True,False
controller,validation-001211-c01a574e1cc7b56e-steps-5,5,1,1,False,True,False,False,W,W,0.5,True,True,False
controller,validation-001211-c01a574e1cc7b56e-steps-6,6,1,1,False,True,False,False,W,W,0.5,True,True,False
controller,validation-001211-c01a574e1cc7b56e-steps-7,7,1,1,False,True,False,False,W,W,0.5,True,True,False
controller,validation-001211-c01a574e1cc7b56e-steps-8,8,1,1,False,True,False,False,W,W,0.5,True,True,False
controller,validation-001211-c01a574e1cc7b56e-steps-9,9,1,1,False,True,False,False,W,W,0.5,True,True,False
controller,validation-001211-c01a574e1cc7b56e-steps-10,10,1,1,False,True,False,False,W,W,0.5,True,True,False
controller,validation-001211-c01a574e1cc7b56e-steps-11,11,1,1,False,True,False,False,W,W,0.5,True,True,False
controller,validation-001211-c01a574e1cc7b56e-steps-12,12,1,1,False,True,False,False,W,W,0.5,True,True,False
controller,validation-001211-c01a574e1cc7b56e-steps-13,13,1,1,False,True,False,False,W,W,0.5,True,True,False
controller,validation-001211-c01a574e1cc7b56e-steps-14,14,1,1,False,True,False,False,W,W,0.5,True,True,False
controller,validation-001211-c01a574e1cc7b56e-steps-15,15,1,1,False,True,False,False,W,W,0.5,True,True,False
controller,validation-001211-c01a574e1cc7b56e-steps-16,16,1,1,False,True,False,False,W,W,0.5,True,True,False
controller,validation-000443-bc622b263743e776-steps-1,1,1,1,True,False,False,False,H,H,0.5,True,True,True
controller,validation-000443-bc622b263743e776-steps-2,2,1,1,False,True,False,False,H,X,0.5,True,False,False
controller,validation-000443-bc622b263743e776-steps-3,3,1,1,False,True,False,False,H,C,0.5,True,False,False
controller,validation-000443-bc622b263743e776-steps-4,4,1,1,False,True,False,False,H,J,0.5,True,False,False
controller,validation-000443-bc622b263743e776-steps-5,5,1,1,False,True,False,False,H,W,0.5,True,False,False
controller,validation-000443-bc622b263743e776-steps-6,6,1,1,False,True,False,False,H,U,0.5,True,False,False
controller,validation-000443-bc622b263743e776-steps-7,7,1,1,False,True,False,False,H,O,0.5,True,False,False
controller,validation-000443-bc622b263743e776-steps-8,8,1,1,False,True,False,False,H,D,0.5,True,False,False
controller,validation-000443-bc622b263743e776-steps-9,9,1,1,False,True,False,False,H,S,0.5,True,False,False
controller,validation-000443-bc622b263743e776-steps-10,10,1,1,False,True,False,False,H,Y,0.5,True,False,False
controller,validation-000443-bc622b263743e776-steps-11,11,1,1,False,True,False,False,H,I,0.5,True,False,False
controller,validation-000443-bc622b263743e776-steps-12,12,1,1,False,True,False,False,H,P,0.5,True,False,False
controller,validation-000443-bc622b263743e776-steps-13,13,1,1,False,True,False,False,H,F,0.5,True,False,False
controller,validation-000443-bc622b263743e776-steps-14,14,1,1,False,True,False,False,H,K,0.5,True,False,False
controller,validation-000443-bc622b263743e776-steps-15,15,1,1,False,True,False,False,H,M,0.5,True,False,False
controller,validation-000443-bc622b263743e776-steps-16,16,1,1,False,True,False,False,H,E,0.5,True,False,False
controller,validation-000779-1c49a8f8856b15f1-steps-1,1,1,1,True,False,False,False,G,G,0.5,True,True,True
controller,validation-000779-1c49a8f8856b15f1-steps-2,2,1,1,False,True,False,False,G,H,0.5,True,False,False
controller,validation-000779-1c49a8f8856b15f1-steps-3,3,1,1,False,True,False,False,G,X,0.5,True,False,False
controller,validation-000779-1c49a8f8856b15f1-steps-4,4,1,1,False,True,False,False,G,Y,0.5,True,False,False
controller,validation-000779-1c49a8f8856b15f1-steps-5,5,1,1,False,True,False,False,G,B,0.5,True,False,False
controller,validation-000779-1c49a8f8856b15f1-steps-6,6,1,1,False,True,False,False,G,C,0.5,True,False,False
controller,validation-000779-1c49a8f8856b15f1-steps-7,7,1,1,False,True,False,False,G,Q,0.5,True,False,False
controller,validation-000779-1c49a8f8856b15f1-steps-8,8,1,1,False,True,False,False,G,R,0.5,True,False,False
controller,validation-000779-1c49a8f8856b15f1-steps-9,9,1,1,False,True,False,False,G,V,0.5,True,False,False
controller,validation-000779-1c49a8f8856b15f1-steps-10,10,1,1,False,True,False,False,G,S,0.5,True,False,False
controller,validation-000779-1c49a8f8856b15f1-steps-11,11,1,1,False,True,False,False,G,M,0.5,True,False,False
controller,validation-000779-1c49a8f8856b15f1-steps-12,12,1,1,False,True,False,False,G,U,0.5,True,False,False
controller,validation-000779-1c49a8f8856b15f1-steps-13,13,1,1,False,True,False,False,G,K,0.5,True,False,False
controller,validation-000779-1c49a8f8856b15f1-steps-14,14,1,1,False,True,False,False,G,T,0.5,True,False,False
controller,validation-000779-1c49a8f8856b15f1-steps-15,15,1,1,False,True,False,False,G,N,0.5,True,False,False
controller,validation-000779-1c49a8f8856b15f1-steps-16,16,1,1,False,True,False,False,G,Z,0.5,True,False,False
controller,validation-001259-861c6869f8f63361-steps-1,1,1,1,True,False,False,False,N,N,0.5,True,True,True
controller,validation-001259-861c6869f8f63361-steps-2,2,1,1,False,True,False,False,N,V,0.5,True,False,False
controller,validation-001259-861c6869f8f63361-steps-3,3,1,1,False,True,False,False,N,F,0.5,True,False,False
controller,validation-001259-861c6869f8f63361-steps-4,4,1,1,False,True,False,False,N,G,0.5,True,False,False
controller,validation-001259-861c6869f8f63361-steps-5,5,1,1,False,True,False,False,N,Q,0.5,True,False,False
controller,validation-001259-861c6869f8f63361-steps-6,6,1,1,False,True,False,False,N,M,0.5,True,False,False
controller,validation-001259-861c6869f8f63361-steps-7,7,1,1,False,True,False,False,N,K,0.5,True,False,False
controller,validation-001259-861c6869f8f63361-steps-8,8,1,1,False,True,False,False,N,O,0.5,True,False,False
controller,validation-001259-861c6869f8f63361-steps-9,9,1,1,False,True,False,False,N,D,0.5,True,False,False
controller,validation-001259-861c6869f8f63361-steps-10,10,1,1,False,True,False,False,N,W,0.5,True,False,False
controller,validation-001259-861c6869f8f63361-steps-11,11,1,1,False,True,False,False,N,R,0.5,True,False,False
controller,validation-001259-861c6869f8f63361-steps-12,12,1,1,False,True,False,False,N,S,0.5,True,False,False
controller,validation-001259-861c6869f8f63361-steps-13,13,1,1,False,True,False,False,N,C,0.5,True,False,False
controller,validation-001259-861c6869f8f63361-steps-14,14,1,1,False,True,False,False,N,U,0.5,True,False,False
controller,validation-001259-861c6869f8f63361-steps-15,15,1,1,False,True,False,False,N,P,0.5,True,False,False
controller,validation-001259-861c6869f8f63361-steps-16,16,1,1,False,True,False,False,N,Z,0.5,True,False,False
controller,validation-000635-19a1af8b634c577b-steps-1,1,1,1,True,False,False,False,A,A,0.5,True,True,True
controller,validation-000635-19a1af8b634c577b-steps-2,2,1,1,False,True,False,False,A,Q,0.5,True,False,False
controller,validation-000635-19a1af8b634c577b-steps-3,3,1,1,False,True,False,False,A,G,0.5,True,False,False
controller,validation-000635-19a1af8b634c577b-steps-4,4,1,1,False,True,False,False,A,D,0.5,True,False,False
controller,validation-000635-19a1af8b634c577b-steps-5,5,1,1,False,True,False,False,A,U,0.5,True,False,False
controller,validation-000635-19a1af8b634c577b-steps-6,6,1,1,False,True,False,False,A,K,0.5,True,False,False
controller,validation-000635-19a1af8b634c577b-steps-7,7,1,1,False,True,False,False,A,R,0.5,True,False,False
controller,validation-000635-19a1af8b634c577b-steps-8,8,1,1,False,True,False,False,A,M,0.5,True,False,False
controller,validation-000635-19a1af8b634c577b-steps-9,9,1,1,False,True,False,False,A,C,0.5,True,False,False
controller,validation-000635-19a1af8b634c577b-steps-10,10,1,1,False,True,False,False,A,S,0.5,True,False,False
controller,validation-000635-19a1af8b634c577b-steps-11,11,1,1,False,True,False,False,A,Z,0.5,True,False,False
controller,validation-000635-19a1af8b634c577b-steps-12,12,1,1,False,True,False,False,A,W,0.5,True,False,False
controller,validation-000635-19a1af8b634c577b-steps-13,13,1,1,False,True,False,False,A,E,0.5,True,False,False
controller,validation-000635-19a1af8b634c577b-steps-14,14,1,1,False,True,False,False,A,X,0.5,True,False,False
controller,validation-000635-19a1af8b634c577b-steps-15,15,1,1,False,True,False,False,A,H,0.5,True,False,False
controller,validation-000635-19a1af8b634c577b-steps-16,16,1,1,False,True,False,False,A,J,0.5,True,False,False
controller,validation-000671-5d18246f193a235b-steps-1,1,1,1,True,False,False,False,J,J,0.5,True,True,True
controller,validation-000671-5d18246f193a235b-steps-2,2,1,1,False,True,False,False,J,K,0.5,True,False,False
controller,validation-000671-5d18246f193a235b-steps-3,3,1,1,False,True,False,False,J,K,0.5,True,False,False
controller,validation-000671-5d18246f193a235b-steps-4,4,1,1,False,True,False,False,J,K,0.5,True,False,False
controller,validation-000671-5d18246f193a235b-steps-5,5,1,1,False,True,False,False,J,K,0.5,True,False,False
controller,validation-000671-5d18246f193a235b-steps-6,6,1,1,False,True,False,False,J,K,0.5,True,False,False
controller,validation-000671-5d18246f193a235b-steps-7,7,1,1,False,True,False,False,J,K,0.5,True,False,False
controller,validation-000671-5d18246f193a235b-steps-8,8,1,1,False,True,False,False,J,K,0.5,True,False,False
controller,validation-000671-5d18246f193a235b-steps-9,9,1,1,False,True,False,False,J,K,0.5,True,False,False
controller,validation-000671-5d18246f193a235b-steps-10,10,1,1,False,True,False,False,J,K,0.5,True,False,False
controller,validation-000671-5d18246f193a235b-steps-11,11,1,1,False,True,False,False,J,K,0.5,True,False,False
controller,validation-000671-5d18246f193a235b-steps-12,12,1,1,False,True,False,False,J,K,0.5,True,False,False
controller,validation-000671-5d18246f193a235b-steps-13,13,1,1,False,True,False,False,J,K,0.5,True,False,False
controller,validation-000671-5d18246f193a235b-steps-14,14,1,1,False,True,False,False,J,K,0.5,True,False,False
controller,validation-000671-5d18246f193a235b-steps-15,15,1,1,False,True,False,False,J,K,0.5,True,False,False
controller,validation-000671-5d18246f193a235b-steps-16,16,1,1,False,True,False,False,J,K,0.5,True,False,False
controller,validation-001079-f74c1180f41b1fc7-steps-1,1,1,1,True,False,False,False,K,K,0.5,True,True,True
controller,validation-001079-f74c1180f41b1fc7-steps-2,2,1,1,False,True,False,False,K,M,0.5,True,False,False
controller,validation-001079-f74c1180f41b1fc7-steps-3,3,1,1,False,True,False,False,K,Q,0.5,True,False,False
controller,validation-001079-f74c1180f41b1fc7-steps-4,4,1,1,False,True,False,False,K,F,0.5,True,False,False
controller,validation-001079-f74c1180f41b1fc7-steps-5,5,1,1,False,True,False,False,K,H,0.5,True,False,False
controller,validation-001079-f74c1180f41b1fc7-steps-6,6,1,1,False,True,False,False,K,C,0.5,True,False,False
controller,validation-001079-f74c1180f41b1fc7-steps-7,7,1,1,False,True,False,False,K,A,0.5,True,False,False
controller,validation-001079-f74c1180f41b1fc7-steps-8,8,1,1,False,True,False,False,K,L,0.5,True,False,False
controller,validation-001079-f74c1180f41b1fc7-steps-9,9,1,1,False,True,False,False,K,X,0.5,True,False,False
controller,validation-001079-f74c1180f41b1fc7-steps-10,10,1,1,False,True,False,False,K,P,0.5,True,False,False
controller,validation-001079-f74c1180f41b1fc7-steps-11,11,1,1,False,True,False,False,K,T,0.5,True,False,False
controller,validation-001079-f74c1180f41b1fc7-steps-12,12,1,1,False,True,False,False,K,V,0.5,True,False,False
controller,validation-001079-f74c1180f41b1fc7-steps-13,13,1,1,False,True,False,False,K,I,0.5,True,False,False
controller,validation-001079-f74c1180f41b1fc7-steps-14,14,1,1,False,True,False,False,K,E,0.5,True,False,False
controller,validation-001079-f74c1180f41b1fc7-steps-15,15,1,1,False,True,False,False,K,N,0.5,True,False,False
controller,validation-001079-f74c1180f41b1fc7-steps-16,16,1,1,False,True,False,False,K,O,0.5,True,False,False
controller,validation-001487-caf8b98aff7f6ebd-steps-1,1,1,1,True,False,False,False,H,H,0.5,True,True,True
controller,validation-001487-caf8b98aff7f6ebd-steps-2,2,1,1,False,True,False,False,H,P,0.5,True,False,False
controller,validation-001487-caf8b98aff7f6ebd-steps-3,3,1,1,False,True,False,False,H,P,0.5,True,False,False
controller,validation-001487-caf8b98aff7f6ebd-steps-4,4,1,1,False,True,False,False,H,P,0.5,True,False,False
controller,validation-001487-caf8b98aff7f6ebd-steps-5,5,1,1,False,True,False,False,H,P,0.5,True,False,False
controller,validation-001487-caf8b98aff7f6ebd-steps-6,6,1,1,False,True,False,False,H,P,0.5,True,False,False
controller,validation-001487-caf8b98aff7f6ebd-steps-7,7,1,1,False,True,False,False,H,P,0.5,True,False,False
controller,validation-001487-caf8b98aff7f6ebd-steps-8,8,1,1,False,True,False,False,H,P,0.5,True,False,False
controller,validation-001487-caf8b98aff7f6ebd-steps-9,9,1,1,False,True,False,False,H,P,0.5,True,False,False
controller,validation-001487-caf8b98aff7f6ebd-steps-10,10,1,1,False,True,False,False,H,P,0.5,True,False,False
controller,validation-001487-caf8b98aff7f6ebd-steps-11,11,1,1,False,True,False,False,H,P,0.5,True,False,False
controller,validation-001487-caf8b98aff7f6ebd-steps-12,12,1,1,False,True,False,False,H,P,0.5,True,False,False
controller,validation-001487-caf8b98aff7f6ebd-steps-13,13,1,1,False,True,False,False,H,P,0.5,True,False,False
controller,validation-001487-caf8b98aff7f6ebd-steps-14,14,1,1,False,True,False,False,H,P,0.5,True,False,False
controller,validation-001487-caf8b98aff7f6ebd-steps-15,15,1,1,False,True,False,False,H,P,0.5,True,False,False
controller,validation-001487-caf8b98aff7f6ebd-steps-16,16,1,1,False,True,False,False,H,P,0.5,True,False,False
controller,validation-000467-d43cd4933b687dc2-steps-1,1,1,1,True,False,False,False,P,P,0.5,True,True,True
controller,validation-000467-d43cd4933b687dc2-steps-2,2,1,1,False,True,False,False,P,X,0.5,True,False,False
controller,validation-000467-d43cd4933b687dc2-steps-3,3,1,1,False,True,False,False,P,E,0.5,True,False,False
controller,validation-000467-d43cd4933b687dc2-steps-4,4,1,1,False,True,False,False,P,H,0.5,True,False,False
controller,validation-000467-d43cd4933b687dc2-steps-5,5,1,1,False,True,False,False,P,H,0.5,True,False,False
controller,validation-000467-d43cd4933b687dc2-steps-6,6,1,1,False,True,False,False,P,H,0.5,True,False,False
controller,validation-000467-d43cd4933b687dc2-steps-7,7,1,1,False,True,False,False,P,H,0.5,True,False,False
controller,validation-000467-d43cd4933b687dc2-steps-8,8,1,1,False,True,False,False,P,H,0.5,True,False,False
controller,validation-000467-d43cd4933b687dc2-steps-9,9,1,1,False,True,False,False,P,H,0.5,True,False,False
controller,validation-000467-d43cd4933b687dc2-steps-10,10,1,1,False,True,False,False,P,H,0.5,True,False,False
controller,validation-000467-d43cd4933b687dc2-steps-11,11,1,1,False,True,False,False,P,H,0.5,True,False,False
controller,validation-000467-d43cd4933b687dc2-steps-12,12,1,1,False,True,False,False,P,H,0.5,True,False,False
controller,validation-000467-d43cd4933b687dc2-steps-13,13,1,1,False,True,False,False,P,H,0.5,True,False,False
controller,validation-000467-d43cd4933b687dc2-steps-14,14,1,1,False,True,False,False,P,H,0.5,True,False,False
controller,validation-000467-d43cd4933b687dc2-steps-15,15,1,1,False,True,False,False,P,H,0.5,True,False,False
controller,validation-000467-d43cd4933b687dc2-steps-16,16,1,1,False,True,False,False,P,H,0.5,True,False,False
controller,validation-001187-54b952e50cd9fea8-steps-1,1,1,1,True,False,False,False,V,V,0.5,True,True,True
controller,validation-001187-54b952e50cd9fea8-steps-2,2,1,1,False,True,False,False,V,V,0.5,True,True,False
controller,validation-001187-54b952e50cd9fea8-steps-3,3,1,1,False,True,False,False,V,V,0.5,True,True,False
controller,validation-001187-54b952e50cd9fea8-steps-4,4,1,1,False,True,False,False,V,V,0.5,True,True,False
controller,validation-001187-54b952e50cd9fea8-steps-5,5,1,1,False,True,False,False,V,V,0.5,True,True,False
controller,validation-001187-54b952e50cd9fea8-steps-6,6,1,1,False,True,False,False,V,V,0.5,True,True,False
controller,validation-001187-54b952e50cd9fea8-steps-7,7,1,1,False,True,False,False,V,V,0.5,True,True,False
controller,validation-001187-54b952e50cd9fea8-steps-8,8,1,1,False,True,False,False,V,V,0.5,True,True,False
controller,validation-001187-54b952e50cd9fea8-steps-9,9,1,1,False,True,False,False,V,V,0.5,True,True,False
controller,validation-001187-54b952e50cd9fea8-steps-10,10,1,1,False,True,False,False,V,V,0.5,True,True,False
controller,validation-001187-54b952e50cd9fea8-steps-11,11,1,1,False,True,False,False,V,V,0.5,True,True,False
controller,validation-001187-54b952e50cd9fea8-steps-12,12,1,1,False,True,False,False,V,V,0.5,True,True,False
controller,validation-001187-54b952e50cd9fea8-steps-13,13,1,1,False,True,False,False,V,V,0.5,True,True,False
controller,validation-001187-54b952e50cd9fea8-steps-14,14,1,1,False,True,False,False,V,V,0.5,True,True,False
controller,validation-001187-54b952e50cd9fea8-steps-15,15,1,1,False,True,False,False,V,V,0.5,True,True,False
controller,validation-001187-54b952e50cd9fea8-steps-16,16,1,1,False,True,False,False,V,V,0.5,True,True,False
controller,validation-000995-bbc5be80ecf21887-steps-1,1,1,1,True,False,False,False,F,F,0.5,True,True,True
controller,validation-000995-bbc5be80ecf21887-steps-2,2,1,1,False,True,False,False,F,K,0.5,True,False,False
controller,validation-000995-bbc5be80ecf21887-steps-3,3,1,1,False,True,False,False,F,J,0.5,True,False,False
controller,validation-000995-bbc5be80ecf21887-steps-4,4,1,1,False,True,False,False,F,Y,0.5,True,False,False
controller,validation-000995-bbc5be80ecf21887-steps-5,5,1,1,False,True,False,False,F,R,0.5,True,False,False
controller,validation-000995-bbc5be80ecf21887-steps-6,6,1,1,False,True,False,False,F,F,0.5,True,True,False
controller,validation-000995-bbc5be80ecf21887-steps-7,7,1,1,False,True,False,False,F,K,0.5,True,False,False
controller,validation-000995-bbc5be80ecf21887-steps-8,8,1,1,False,True,False,False,F,J,0.5,True,False,False
controller,validation-000995-bbc5be80ecf21887-steps-9,9,1,1,False,True,False,False,F,Y,0.5,True,False,False
controller,validation-000995-bbc5be80ecf21887-steps-10,10,1,1,False,True,False,False,F,R,0.5,True,False,False
controller,validation-000995-bbc5be80ecf21887-steps-11,11,1,1,False,True,False,False,F,F,0.5,True,True,False
controller,validation-000995-bbc5be80ecf21887-steps-12,12,1,1,False,True,False,False,F,K,0.5,True,False,False
controller,validation-000995-bbc5be80ecf21887-steps-13,13,1,1,False,True,False,False,F,J,0.5,True,False,False
controller,validation-000995-bbc5be80ecf21887-steps-14,14,1,1,False,True,False,False,F,Y,0.5,True,False,False
controller,validation-000995-bbc5be80ecf21887-steps-15,15,1,1,False,True,False,False,F,R,0.5,True,False,False
controller,validation-000995-bbc5be80ecf21887-steps-16,16,1,1,False,True,False,False,F,F,0.5,True,True,False
controller,validation-001475-86ff66f777d064fd-steps-1,1,1,1,True,False,False,False,K,K,0.5,True,True,True
controller,validation-001475-86ff66f777d064fd-steps-2,2,1,1,False,True,False,False,K,C,0.5,True,False,False
controller,validation-001475-86ff66f777d064fd-steps-3,3,1,1,False,True,False,False,K,X,0.5,True,False,False
controller,validation-001475-86ff66f777d064fd-steps-4,4,1,1,False,True,False,False,K,I,0.5,True,False,False
controller,validation-001475-86ff66f777d064fd-steps-5,5,1,1,False,True,False,False,K,L,0.5,True,False,False
controller,validation-001475-86ff66f777d064fd-steps-6,6,1,1,False,True,False,False,K,R,0.5,True,False,False
controller,validation-001475-86ff66f777d064fd-steps-7,7,1,1,False,True,False,False,K,W,0.5,True,False,False
controller,validation-001475-86ff66f777d064fd-steps-8,8,1,1,False,True,False,False,K,F,0.5,True,False,False
controller,validation-001475-86ff66f777d064fd-steps-9,9,1,1,False,True,False,False,K,B,0.5,True,False,False
controller,validation-001475-86ff66f777d064fd-steps-10,10,1,1,False,True,False,False,K,G,0.5,True,False,False
controller,validation-001475-86ff66f777d064fd-steps-11,11,1,1,False,True,False,False,K,O,0.5,True,False,False
controller,validation-001475-86ff66f777d064fd-steps-12,12,1,1,False,True,False,False,K,H,0.5,True,False,False
controller,validation-001475-86ff66f777d064fd-steps-13,13,1,1,False,True,False,False,K,Q,0.5,True,False,False
controller,validation-001475-86ff66f777d064fd-steps-14,14,1,1,False,True,False,False,K,A,0.5,True,False,False
controller,validation-001475-86ff66f777d064fd-steps-15,15,1,1,False,True,False,False,K,P,0.5,True,False,False
controller,validation-001475-86ff66f777d064fd-steps-16,16,1,1,False,True,False,False,K,V,0.5,True,False,False
controller,validation-001499-0106e87b0480663d-steps-1,1,1,1,True,False,False,False,N,N,0.5,True,True,True
controller,validation-001499-0106e87b0480663d-steps-2,2,1,1,False,True,False,False,N,Z,0.5,True,False,False
controller,validation-001499-0106e87b0480663d-steps-3,3,1,1,False,True,False,False,N,J,0.5,True,False,False
controller,validation-001499-0106e87b0480663d-steps-4,4,1,1,False,True,False,False,N,M,0.5,True,False,False
controller,validation-001499-0106e87b0480663d-steps-5,5,1,1,False,True,False,False,N,L,0.5,True,False,False
controller,validation-001499-0106e87b0480663d-steps-6,6,1,1,False,True,False,False,N,S,0.5,True,False,False
controller,validation-001499-0106e87b0480663d-steps-7,7,1,1,False,True,False,False,N,H,0.5,True,False,False
controller,validation-001499-0106e87b0480663d-steps-8,8,1,1,False,True,False,False,N,W,0.5,True,False,False
controller,validation-001499-0106e87b0480663d-steps-9,9,1,1,False,True,False,False,N,K,0.5,True,False,False
controller,validation-001499-0106e87b0480663d-steps-10,10,1,1,False,True,False,False,N,Z,0.5,True,False,False
controller,validation-001499-0106e87b0480663d-steps-11,11,1,1,False,True,False,False,N,J,0.5,True,False,False
controller,validation-001499-0106e87b0480663d-steps-12,12,1,1,False,True,False,False,N,M,0.5,True,False,False
controller,validation-001499-0106e87b0480663d-steps-13,13,1,1,False,True,False,False,N,L,0.5,True,False,False
controller,validation-001499-0106e87b0480663d-steps-14,14,1,1,False,True,False,False,N,S,0.5,True,False,False
controller,validation-001499-0106e87b0480663d-steps-15,15,1,1,False,True,False,False,N,H,0.5,True,False,False
controller,validation-001499-0106e87b0480663d-steps-16,16,1,1,False,True,False,False,N,W,0.5,True,False,False
controller,validation-001007-8e55fe30f00318e8-steps-1,1,1,1,True,False,False,False,W,W,0.5,True,True,True
controller,validation-001007-8e55fe30f00318e8-steps-2,2,1,1,False,True,False,False,W,C,0.5,True,False,False
controller,validation-001007-8e55fe30f00318e8-steps-3,3,1,1,False,True,False,False,W,Z,0.5,True,False,False
controller,validation-001007-8e55fe30f00318e8-steps-4,4,1,1,False,True,False,False,W,Q,0.5,True,False,False
controller,validation-001007-8e55fe30f00318e8-steps-5,5,1,1,False,True,False,False,W,E,0.5,True,False,False
controller,validation-001007-8e55fe30f00318e8-steps-6,6,1,1,False,True,False,False,W,R,0.5,True,False,False
controller,validation-001007-8e55fe30f00318e8-steps-7,7,1,1,False,True,False,False,W,N,0.5,True,False,False
controller,validation-001007-8e55fe30f00318e8-steps-8,8,1,1,False,True,False,False,W,A,0.5,True,False,False
controller,validation-001007-8e55fe30f00318e8-steps-9,9,1,1,False,True,False,False,W,U,0.5,True,False,False
controller,validation-001007-8e55fe30f00318e8-steps-10,10,1,1,False,True,False,False,W,L,0.5,True,False,False
controller,validation-001007-8e55fe30f00318e8-steps-11,11,1,1,False,True,False,False,W,K,0.5,True,False,False
controller,validation-001007-8e55fe30f00318e8-steps-12,12,1,1,False,True,False,False,W,M,0.5,True,False,False
controller,validation-001007-8e55fe30f00318e8-steps-13,13,1,1,False,True,False,False,W,Y,0.5,True,False,False
controller,validation-001007-8e55fe30f00318e8-steps-14,14,1,1,False,True,False,False,W,X,0.5,True,False,False
controller,validation-001007-8e55fe30f00318e8-steps-15,15,1,1,False,True,False,False,W,D,0.5,True,False,False
controller,validation-001007-8e55fe30f00318e8-steps-16,16,1,1,False,True,False,False,W,V,0.5,True,False,False
controller,validation-001439-47776492d9fe48c3-steps-1,1,1,1,True,False,False,False,H,H,0.5,True,True,True
controller,validation-001439-47776492d9fe48c3-steps-2,2,1,1,False,True,False,False,H,O,0.5,True,False,False
controller,validation-001439-47776492d9fe48c3-steps-3,3,1,1,False,True,False,False,H,S,0.5,True,False,False
controller,validation-001439-47776492d9fe48c3-steps-4,4,1,1,False,True,False,False,H,Q,0.5,True,False,False
controller,validation-001439-47776492d9fe48c3-steps-5,5,1,1,False,True,False,False,H,U,0.5,True,False,False
controller,validation-001439-47776492d9fe48c3-steps-6,6,1,1,False,True,False,False,H,R,0.5,True,False,False
controller,validation-001439-47776492d9fe48c3-steps-7,7,1,1,False,True,False,False,H,N,0.5,True,False,False
controller,validation-001439-47776492d9fe48c3-steps-8,8,1,1,False,True,False,False,H,X,0.5,True,False,False
controller,validation-001439-47776492d9fe48c3-steps-9,9,1,1,False,True,False,False,H,F,0.5,True,False,False
controller,validation-001439-47776492d9fe48c3-steps-10,10,1,1,False,True,False,False,H,W,0.5,True,False,False
controller,validation-001439-47776492d9fe48c3-steps-11,11,1,1,False,True,False,False,H,Y,0.5,True,False,False
controller,validation-001439-47776492d9fe48c3-steps-12,12,1,1,False,True,False,False,H,E,0.5,True,False,False
controller,validation-001439-47776492d9fe48c3-steps-13,13,1,1,False,True,False,False,H,T,0.5,True,False,False
controller,validation-001439-47776492d9fe48c3-steps-14,14,1,1,False,True,False,False,H,B,0.5,True,False,False
controller,validation-001439-47776492d9fe48c3-steps-15,15,1,1,False,True,False,False,H,D,0.5,True,False,False
controller,validation-001439-47776492d9fe48c3-steps-16,16,1,1,False,True,False,False,H,K,0.5,True,False,False
controller,validation-000503-f6821c31afbef11e-steps-1,1,1,1,True,False,False,False,R,R,0.5,True,True,True
controller,validation-000503-f6821c31afbef11e-steps-2,2,1,1,False,True,False,False,R,C,0.5,True,False,False
controller,validation-000503-f6821c31afbef11e-steps-3,3,1,1,False,True,False,False,R,U,0.5,True,False,False
controller,validation-000503-f6821c31afbef11e-steps-4,4,1,1,False,True,False,False,R,M,0.5,True,False,False
controller,validation-000503-f6821c31afbef11e-steps-5,5,1,1,False,True,False,False,R,W,0.5,True,False,False
controller,validation-000503-f6821c31afbef11e-steps-6,6,1,1,False,True,False,False,R,H,0.5,True,False,False
controller,validation-000503-f6821c31afbef11e-steps-7,7,1,1,False,True,False,False,R,A,0.5,True,False,False
controller,validation-000503-f6821c31afbef11e-steps-8,8,1,1,False,True,False,False,R,T,0.5,True,False,False
controller,validation-000503-f6821c31afbef11e-steps-9,9,1,1,False,True,False,False,R,Y,0.5,True,False,False
controller,validation-000503-f6821c31afbef11e-steps-10,10,1,1,False,True,False,False,R,G,0.5,True,False,False
controller,validation-000503-f6821c31afbef11e-steps-11,11,1,1,False,True,False,False,R,N,0.5,True,False,False
controller,validation-000503-f6821c31afbef11e-steps-12,12,1,1,False,True,False,False,R,N,0.5,True,False,False
controller,validation-000503-f6821c31afbef11e-steps-13,13,1,1,False,True,False,False,R,N,0.5,True,False,False
controller,validation-000503-f6821c31afbef11e-steps-14,14,1,1,False,True,False,False,R,N,0.5,True,False,False
controller,validation-000503-f6821c31afbef11e-steps-15,15,1,1,False,True,False,False,R,N,0.5,True,False,False
controller,validation-000503-f6821c31afbef11e-steps-16,16,1,1,False,True,False,False,R,N,0.5,True,False,False
controller,validation-000431-12c2148d7ec54c23-steps-1,1,1,1,True,False,False,False,W,W,0.5,True,True,True
controller,validation-000431-12c2148d7ec54c23-steps-2,2,1,1,False,True,False,False,W,D,0.5,True,False,False
controller,validation-000431-12c2148d7ec54c23-steps-3,3,1,1,False,True,False,False,W,R,0.5,True,False,False
controller,validation-000431-12c2148d7ec54c23-steps-4,4,1,1,False,True,False,False,W,B,0.5,True,False,False
controller,validation-000431-12c2148d7ec54c23-steps-5,5,1,1,False,True,False,False,W,S,0.5,True,False,False
controller,validation-000431-12c2148d7ec54c23-steps-6,6,1,1,False,True,False,False,W,R,0.5,True,False,False
controller,validation-000431-12c2148d7ec54c23-steps-7,7,1,1,False,True,False,False,W,B,0.5,True,False,False
controller,validation-000431-12c2148d7ec54c23-steps-8,8,1,1,False,True,False,False,W,S,0.5,True,False,False
controller,validation-000431-12c2148d7ec54c23-steps-9,9,1,1,False,True,False,False,W,R,0.5,True,False,False
controller,validation-000431-12c2148d7ec54c23-steps-10,10,1,1,False,True,False,False,W,B,0.5,True,False,False
controller,validation-000431-12c2148d7ec54c23-steps-11,11,1,1,False,True,False,False,W,S,0.5,True,False,False
controller,validation-000431-12c2148d7ec54c23-steps-12,12,1,1,False,True,False,False,W,R,0.5,True,False,False
controller,validation-000431-12c2148d7ec54c23-steps-13,13,1,1,False,True,False,False,W,B,0.5,True,False,False
controller,validation-000431-12c2148d7ec54c23-steps-14,14,1,1,False,True,False,False,W,S,0.5,True,False,False
controller,validation-000431-12c2148d7ec54c23-steps-15,15,1,1,False,True,False,False,W,R,0.5,True,False,False
controller,validation-000431-12c2148d7ec54c23-steps-16,16,1,1,False,True,False,False,W,B,0.5,True,False,False
controller,validation-001055-9fbdbb4ee26e7f99-steps-1,1,1,1,True,False,False,False,Z,Z,0.5,True,True,True
controller,validation-001055-9fbdbb4ee26e7f99-steps-2,2,1,1,False,True,False,False,Z,B,0.5,True,False,False
controller,validation-001055-9fbdbb4ee26e7f99-steps-3,3,1,1,False,True,False,False,Z,G,0.5,True,False,False
controller,validation-001055-9fbdbb4ee26e7f99-steps-4,4,1,1,False,True,False,False,Z,N,0.5,True,False,False
controller,validation-001055-9fbdbb4ee26e7f99-steps-5,5,1,1,False,True,False,False,Z,D,0.5,True,False,False
controller,validation-001055-9fbdbb4ee26e7f99-steps-6,6,1,1,False,True,False,False,Z,H,0.5,True,False,False
controller,validation-001055-9fbdbb4ee26e7f99-steps-7,7,1,1,False,True,False,False,Z,M,0.5,True,False,False
controller,validation-001055-9fbdbb4ee26e7f99-steps-8,8,1,1,False,True,False,False,Z,P,0.5,True,False,False
controller,validation-001055-9fbdbb4ee26e7f99-steps-9,9,1,1,False,True,False,False,Z,E,0.5,True,False,False
controller,validation-001055-9fbdbb4ee26e7f99-steps-10,10,1,1,False,True,False,False,Z,V,0.5,True,False,False
controller,validation-001055-9fbdbb4ee26e7f99-steps-11,11,1,1,False,True,False,False,Z,R,0.5,True,False,False
controller,validation-001055-9fbdbb4ee26e7f99-steps-12,12,1,1,False,True,False,False,Z,L,0.5,True,False,False
controller,validation-001055-9fbdbb4ee26e7f99-steps-13,13,1,1,False,True,False,False,Z,C,0.5,True,False,False
controller,validation-001055-9fbdbb4ee26e7f99-steps-14,14,1,1,False,True,False,False,Z,W,0.5,True,False,False
controller,validation-001055-9fbdbb4ee26e7f99-steps-15,15,1,1,False,True,False,False,Z,Q,0.5,True,False,False
controller,validation-001055-9fbdbb4ee26e7f99-steps-16,16,1,1,False,True,False,False,Z,F,0.5,True,False,False
controller,validation-000335-d90b114ba957e83a-steps-1,1,1,1,True,False,False,False,E,E,0.5,True,True,True
controller,validation-000335-d90b114ba957e83a-steps-2,2,1,1,False,True,False,False,E,O,0.5,True,False,False
controller,validation-000335-d90b114ba957e83a-steps-3,3,1,1,False,True,False,False,E,G,0.5,True,False,False
controller,validation-000335-d90b114ba957e83a-steps-4,4,1,1,False,True,False,False,E,L,0.5,True,False,False
controller,validation-000335-d90b114ba957e83a-steps-5,5,1,1,False,True,False,False,E,Q,0.5,True,False,False
controller,validation-000335-d90b114ba957e83a-steps-6,6,1,1,False,True,False,False,E,T,0.5,True,False,False
controller,validation-000335-d90b114ba957e83a-steps-7,7,1,1,False,True,False,False,E,M,0.5,True,False,False
controller,validation-000335-d90b114ba957e83a-steps-8,8,1,1,False,True,False,False,E,Y,0.5,True,False,False
controller,validation-000335-d90b114ba957e83a-steps-9,9,1,1,False,True,False,False,E,R,0.5,True,False,False
controller,validation-000335-d90b114ba957e83a-steps-10,10,1,1,False,True,False,False,E,E,0.5,True,True,False
controller,validation-000335-d90b114ba957e83a-steps-11,11,1,1,False,True,False,False,E,O,0.5,True,False,False
controller,validation-000335-d90b114ba957e83a-steps-12,12,1,1,False,True,False,False,E,G,0.5,True,False,False
controller,validation-000335-d90b114ba957e83a-steps-13,13,1,1,False,True,False,False,E,L,0.5,True,False,False
controller,validation-000335-d90b114ba957e83a-steps-14,14,1,1,False,True,False,False,E,Q,0.5,True,False,False
controller,validation-000335-d90b114ba957e83a-steps-15,15,1,1,False,True,False,False,E,T,0.5,True,False,False
controller,validation-000335-d90b114ba957e83a-steps-16,16,1,1,False,True,False,False,E,M,0.5,True,False,False
controller,validation-000383-f0afb736156f28b0-steps-1,1,1,1,True,False,False,False,C,C,0.5,True,True,True
controller,validation-000383-f0afb736156f28b0-steps-2,2,1,1,False,True,False,False,C,H,0.5,True,False,False
controller,validation-000383-f0afb736156f28b0-steps-3,3,1,1,False,True,False,False,C,A,0.5,True,False,False
controller,validation-000383-f0afb736156f28b0-steps-4,4,1,1,False,True,False,False,C,M,0.5,True,False,False
controller,validation-000383-f0afb736156f28b0-steps-5,5,1,1,False,True,False,False,C,F,0.5,True,False,False
controller,validation-000383-f0afb736156f28b0-steps-6,6,1,1,False,True,False,False,C,V,0.5,True,False,False
controller,validation-000383-f0afb736156f28b0-steps-7,7,1,1,False,True,False,False,C,C,0.5,True,True,False
controller,validation-000383-f0afb736156f28b0-steps-8,8,1,1,False,True,False,False,C,H,0.5,True,False,False
controller,validation-000383-f0afb736156f28b0-steps-9,9,1,1,False,True,False,False,C,A,0.5,True,False,False
controller,validation-000383-f0afb736156f28b0-steps-10,10,1,1,False,True,False,False,C,M,0.5,True,False,False
controller,validation-000383-f0afb736156f28b0-steps-11,11,1,1,False,True,False,False,C,F,0.5,True,False,False
controller,validation-000383-f0afb736156f28b0-steps-12,12,1,1,False,True,False,False,C,V,0.5,True,False,False
controller,validation-000383-f0afb736156f28b0-steps-13,13,1,1,False,True,False,False,C,C,0.5,True,True,False
controller,validation-000383-f0afb736156f28b0-steps-14,14,1,1,False,True,False,False,C,H,0.5,True,False,False
controller,validation-000383-f0afb736156f28b0-steps-15,15,1,1,False,True,False,False,C,A,0.5,True,False,False
controller,validation-000383-f0afb736156f28b0-steps-16,16,1,1,False,True,False,False,C,M,0.5,True,False,False
controller,validation-001223-f78dabefc858d2cf-steps-1,1,1,1,True,False,False,False,R,R,0.5,True,True,True
controller,validation-001223-f78dabefc858d2cf-steps-2,2,1,1,False,True,False,False,R,W,0.5,True,False,False
controller,validation-001223-f78dabefc858d2cf-steps-3,3,1,1,False,True,False,False,R,B,0.5,True,False,False
controller,validation-001223-f78dabefc858d2cf-steps-4,4,1,1,False,True,False,False,R,Y,0.5,True,False,False
controller,validation-001223-f78dabefc858d2cf-steps-5,5,1,1,False,True,False,False,R,X,0.5,True,False,False
controller,validation-001223-f78dabefc858d2cf-steps-6,6,1,1,False,True,False,False,R,Z,0.5,True,False,False
controller,validation-001223-f78dabefc858d2cf-steps-7,7,1,1,False,True,False,False,R,G,0.5,True,False,False
controller,validation-001223-f78dabefc858d2cf-steps-8,8,1,1,False,True,False,False,R,O,0.5,True,False,False
controller,validation-001223-f78dabefc858d2cf-steps-9,9,1,1,False,True,False,False,R,E,0.5,True,False,False
controller,validation-001223-f78dabefc858d2cf-steps-10,10,1,1,False,True,False,False,R,D,0.5,True,False,False
controller,validation-001223-f78dabefc858d2cf-steps-11,11,1,1,False,True,False,False,R,Q,0.5,True,False,False
controller,validation-001223-f78dabefc858d2cf-steps-12,12,1,1,False,True,False,False,R,L,0.5,True,False,False
controller,validation-001223-f78dabefc858d2cf-steps-13,13,1,1,False,True,False,False,R,A,0.5,True,False,False
controller,validation-001223-f78dabefc858d2cf-steps-14,14,1,1,False,True,False,False,R,C,0.5,True,False,False
controller,validation-001223-f78dabefc858d2cf-steps-15,15,1,1,False,True,False,False,R,P,0.5,True,False,False
controller,validation-001223-f78dabefc858d2cf-steps-16,16,1,1,False,True,False,False,R,F,0.5,True,False,False
controller,validation-001535-41ba19cdf8bf8986-steps-1,1,1,1,True,False,False,False,X,X,0.5,True,True,True
controller,validation-001535-41ba19cdf8bf8986-steps-2,2,1,1,False,True,False,False,X,I,0.5,True,False,False
controller,validation-001535-41ba19cdf8bf8986-steps-3,3,1,1,False,True,False,False,X,Y,0.5,True,False,False
controller,validation-001535-41ba19cdf8bf8986-steps-4,4,1,1,False,True,False,False,X,K,0.5,True,False,False
controller,validation-001535-41ba19cdf8bf8986-steps-5,5,1,1,False,True,False,False,X,U,0.5,True,False,False
controller,validation-001535-41ba19cdf8bf8986-steps-6,6,1,1,False,True,False,False,X,B,0.5,True,False,False
controller,validation-001535-41ba19cdf8bf8986-steps-7,7,1,1,False,True,False,False,X,M,0.5,True,False,False
controller,validation-001535-41ba19cdf8bf8986-steps-8,8,1,1,False,True,False,False,X,E,0.5,True,False,False
controller,validation-001535-41ba19cdf8bf8986-steps-9,9,1,1,False,True,False,False,X,A,0.5,True,False,False
controller,validation-001535-41ba19cdf8bf8986-steps-10,10,1,1,False,True,False,False,X,S,0.5,True,False,False
controller,validation-001535-41ba19cdf8bf8986-steps-11,11,1,1,False,True,False,False,X,T,0.5,True,False,False
controller,validation-001535-41ba19cdf8bf8986-steps-12,12,1,1,False,True,False,False,X,R,0.5,True,False,False
controller,validation-001535-41ba19cdf8bf8986-steps-13,13,1,1,False,True,False,False,X,J,0.5,True,False,False
controller,validation-001535-41ba19cdf8bf8986-steps-14,14,1,1,False,True,False,False,X,N,0.5,True,False,False
controller,validation-001535-41ba19cdf8bf8986-steps-15,15,1,1,False,True,False,False,X,H,0.5,True,False,False
controller,validation-001535-41ba19cdf8bf8986-steps-16,16,1,1,False,True,False,False,X,Z,0.5,True,False,False
controller,validation-001091-91feaffb856cca6c-steps-1,1,1,1,True,False,False,False,P,P,0.5,True,True,True
controller,validation-001091-91feaffb856cca6c-steps-2,2,1,1,False,True,False,False,P,Q,0.5,True,False,False
controller,validation-001091-91feaffb856cca6c-steps-3,3,1,1,False,True,False,False,P,W,0.5,True,False,False
controller,validation-001091-91feaffb856cca6c-steps-4,4,1,1,False,True,False,False,P,H,0.5,True,False,False
controller,validation-001091-91feaffb856cca6c-steps-5,5,1,1,False,True,False,False,P,X,0.5,True,False,False
controller,validation-001091-91feaffb856cca6c-steps-6,6,1,1,False,True,False,False,P,N,0.5,True,False,False
controller,validation-001091-91feaffb856cca6c-steps-7,7,1,1,False,True,False,False,P,E,0.5,True,False,False
controller,validation-001091-91feaffb856cca6c-steps-8,8,1,1,False,True,False,False,P,D,0.5,True,False,False
controller,validation-001091-91feaffb856cca6c-steps-9,9,1,1,False,True,False,False,P,F,0.5,True,False,False
controller,validation-001091-91feaffb856cca6c-steps-10,10,1,1,False,True,False,False,P,Z,0.5,True,False,False
controller,validation-001091-91feaffb856cca6c-steps-11,11,1,1,False,True,False,False,P,J,0.5,True,False,False
controller,validation-001091-91feaffb856cca6c-steps-12,12,1,1,False,True,False,False,P,A,0.5,True,False,False
controller,validation-001091-91feaffb856cca6c-steps-13,13,1,1,False,True,False,False,P,C,0.5,True,False,False
controller,validation-001091-91feaffb856cca6c-steps-14,14,1,1,False,True,False,False,P,I,0.5,True,False,False
controller,validation-001091-91feaffb856cca6c-steps-15,15,1,1,False,True,False,False,P,T,0.5,True,False,False
controller,validation-001091-91feaffb856cca6c-steps-16,16,1,1,False,True,False,False,P,S,0.5,True,False,False
controller,validation-000923-3da6e61b2a558eff-steps-1,1,1,1,True,False,False,False,I,I,0.5,True,True,True
controller,validation-000923-3da6e61b2a558eff-steps-2,2,1,1,False,True,False,False,I,I,0.5,True,True,False
controller,validation-000923-3da6e61b2a558eff-steps-3,3,1,1,False,True,False,False,I,I,0.5,True,True,False
controller,validation-000923-3da6e61b2a558eff-steps-4,4,1,1,False,True,False,False,I,I,0.5,True,True,False
controller,validation-000923-3da6e61b2a558eff-steps-5,5,1,1,False,True,False,False,I,I,0.5,True,True,False
controller,validation-000923-3da6e61b2a558eff-steps-6,6,1,1,False,True,False,False,I,I,0.5,True,True,False
controller,validation-000923-3da6e61b2a558eff-steps-7,7,1,1,False,True,False,False,I,I,0.5,True,True,False
controller,validation-000923-3da6e61b2a558eff-steps-8,8,1,1,False,True,False,False,I,I,0.5,True,True,False
controller,validation-000923-3da6e61b2a558eff-steps-9,9,1,1,False,True,False,False,I,I,0.5,True,True,False
controller,validation-000923-3da6e61b2a558eff-steps-10,10,1,1,False,True,False,False,I,I,0.5,True,True,False
controller,validation-000923-3da6e61b2a558eff-steps-11,11,1,1,False,True,False,False,I,I,0.5,True,True,False
controller,validation-000923-3da6e61b2a558eff-steps-12,12,1,1,False,True,False,False,I,I,0.5,True,True,False
controller,validation-000923-3da6e61b2a558eff-steps-13,13,1,1,False,True,False,False,I,I,0.5,True,True,False
controller,validation-000923-3da6e61b2a558eff-steps-14,14,1,1,False,True,False,False,I,I,0.5,True,True,False
controller,validation-000923-3da6e61b2a558eff-steps-15,15,1,1,False,True,False,False,I,I,0.5,True,True,False
controller,validation-000923-3da6e61b2a558eff-steps-16,16,1,1,False,True,False,False,I,I,0.5,True,True,False
controller,validation-000287-f15bc8539395ddeb-steps-1,1,1,1,True,False,False,False,T,T,0.5,True,True,True
controller,validation-000287-f15bc8539395ddeb-steps-2,2,1,1,False,True,False,False,T,H,0.5,True,False,False
controller,validation-000287-f15bc8539395ddeb-steps-3,3,1,1,False,True,False,False,T,J,0.5,True,False,False
controller,validation-000287-f15bc8539395ddeb-steps-4,4,1,1,False,True,False,False,T,Q,0.5,True,False,False
controller,validation-000287-f15bc8539395ddeb-steps-5,5,1,1,False,True,False,False,T,W,0.5,True,False,False
controller,validation-000287-f15bc8539395ddeb-steps-6,6,1,1,False,True,False,False,T,B,0.5,True,False,False
controller,validation-000287-f15bc8539395ddeb-steps-7,7,1,1,False,True,False,False,T,E,0.5,True,False,False
controller,validation-000287-f15bc8539395ddeb-steps-8,8,1,1,False,True,False,False,T,S,0.5,True,False,False
controller,validation-000287-f15bc8539395ddeb-steps-9,9,1,1,False,True,False,False,T,C,0.5,True,False,False
controller,validation-000287-f15bc8539395ddeb-steps-10,10,1,1,False,True,False,False,T,P,0.5,True,False,False
controller,validation-000287-f15bc8539395ddeb-steps-11,11,1,1,False,True,False,False,T,O,0.5,True,False,False
controller,validation-000287-f15bc8539395ddeb-steps-12,12,1,1,False,True,False,False,T,Y,0.5,True,False,False
controller,validation-000287-f15bc8539395ddeb-steps-13,13,1,1,False,True,False,False,T,I,0.5,True,False,False
controller,validation-000287-f15bc8539395ddeb-steps-14,14,1,1,False,True,False,False,T,V,0.5,True,False,False
controller,validation-000287-f15bc8539395ddeb-steps-15,15,1,1,False,True,False,False,T,T,0.5,True,True,False
controller,validation-000287-f15bc8539395ddeb-steps-16,16,1,1,False,True,False,False,T,H,0.5,True,False,False
controller,validation-000683-c9c2938aa3bd1cdc-steps-1,1,1,1,True,False,False,False,L,L,0.5,True,True,True
controller,validation-000683-c9c2938aa3bd1cdc-steps-2,2,1,1,False,True,False,False,L,E,0.5,True,False,False
controller,validation-000683-c9c2938aa3bd1cdc-steps-3,3,1,1,False,True,False,False,L,G,0.5,True,False,False
controller,validation-000683-c9c2938aa3bd1cdc-steps-4,4,1,1,False,True,False,False,L,N,0.5,True,False,False
controller,validation-000683-c9c2938aa3bd1cdc-steps-5,5,1,1,False,True,False,False,L,Y,0.5,True,False,False
controller,validation-000683-c9c2938aa3bd1cdc-steps-6,6,1,1,False,True,False,False,L,P,0.5,True,False,False
controller,validation-000683-c9c2938aa3bd1cdc-steps-7,7,1,1,False,True,False,False,L,I,0.5,True,False,False
controller,validation-000683-c9c2938aa3bd1cdc-steps-8,8,1,1,False,True,False,False,L,X,0.5,True,False,False
controller,validation-000683-c9c2938aa3bd1cdc-steps-9,9,1,1,False,True,False,False,L,S,0.5,True,False,False
controller,validation-000683-c9c2938aa3bd1cdc-steps-10,10,1,1,False,True,False,False,L,Z,0.5,True,False,False
controller,validation-000683-c9c2938aa3bd1cdc-steps-11,11,1,1,False,True,False,False,L,R,0.5,True,False,False
controller,validation-000683-c9c2938aa3bd1cdc-steps-12,12,1,1,False,True,False,False,L,O,0.5,True,False,False
controller,validation-000683-c9c2938aa3bd1cdc-steps-13,13,1,1,False,True,False,False,L,U,0.5,True,False,False
controller,validation-000683-c9c2938aa3bd1cdc-steps-14,14,1,1,False,True,False,False,L,T,0.5,True,False,False
controller,validation-000683-c9c2938aa3bd1cdc-steps-15,15,1,1,False,True,False,False,L,F,0.5,True,False,False
controller,validation-000683-c9c2938aa3bd1cdc-steps-16,16,1,1,False,True,False,False,L,W,0.5,True,False,False
controller,validation-001067-527abe078c805ef7-steps-1,1,1,1,True,False,False,False,B,B,0.5,True,True,True
controller,validation-001067-527abe078c805ef7-steps-2,2,1,1,False,True,False,False,B,B,0.5,True,True,False
controller,validation-001067-527abe078c805ef7-steps-3,3,1,1,False,True,False,False,B,B,0.5,True,True,False
controller,validation-001067-527abe078c805ef7-steps-4,4,1,1,False,True,False,False,B,B,0.5,True,True,False
controller,validation-001067-527abe078c805ef7-steps-5,5,1,1,False,True,False,False,B,B,0.5,True,True,False
controller,validation-001067-527abe078c805ef7-steps-6,6,1,1,False,True,False,False,B,B,0.5,True,True,False
controller,validation-001067-527abe078c805ef7-steps-7,7,1,1,False,True,False,False,B,B,0.5,True,True,False
controller,validation-001067-527abe078c805ef7-steps-8,8,1,1,False,True,False,False,B,B,0.5,True,True,False
controller,validation-001067-527abe078c805ef7-steps-9,9,1,1,False,True,False,False,B,B,0.5,True,True,False
controller,validation-001067-527abe078c805ef7-steps-10,10,1,1,False,True,False,False,B,B,0.5,True,True,False
controller,validation-001067-527abe078c805ef7-steps-11,11,1,1,False,True,False,False,B,B,0.5,True,True,False
controller,validation-001067-527abe078c805ef7-steps-12,12,1,1,False,True,False,False,B,B,0.5,True,True,False
controller,validation-001067-527abe078c805ef7-steps-13,13,1,1,False,True,False,False,B,B,0.5,True,True,False
controller,validation-001067-527abe078c805ef7-steps-14,14,1,1,False,True,False,False,B,B,0.5,True,True,False
controller,validation-001067-527abe078c805ef7-steps-15,15,1,1,False,True,False,False,B,B,0.5,True,True,False
controller,validation-001067-527abe078c805ef7-steps-16,16,1,1,False,True,False,False,B,B,0.5,True,True,False
controller,validation-000143-55a022f5099feb4c-steps-1,1,1,1,True,False,False,False,P,P,0.5,True,True,True
controller,validation-000143-55a022f5099feb4c-steps-2,2,1,1,False,True,False,False,P,F,0.5,True,False,False
controller,validation-000143-55a022f5099feb4c-steps-3,3,1,1,False,True,False,False,P,A,0.5,True,False,False
controller,validation-000143-55a022f5099feb4c-steps-4,4,1,1,False,True,False,False,P,U,0.5,True,False,False
controller,validation-000143-55a022f5099feb4c-steps-5,5,1,1,False,True,False,False,P,C,0.5,True,False,False
controller,validation-000143-55a022f5099feb4c-steps-6,6,1,1,False,True,False,False,P,S,0.5,True,False,False
controller,validation-000143-55a022f5099feb4c-steps-7,7,1,1,False,True,False,False,P,H,0.5,True,False,False
controller,validation-000143-55a022f5099feb4c-steps-8,8,1,1,False,True,False,False,P,R,0.5,True,False,False
controller,validation-000143-55a022f5099feb4c-steps-9,9,1,1,False,True,False,False,P,P,0.5,True,True,False
controller,validation-000143-55a022f5099feb4c-steps-10,10,1,1,False,True,False,False,P,F,0.5,True,False,False
controller,validation-000143-55a022f5099feb4c-steps-11,11,1,1,False,True,False,False,P,A,0.5,True,False,False
controller,validation-000143-55a022f5099feb4c-steps-12,12,1,1,False,True,False,False,P,U,0.5,True,False,False
controller,validation-000143-55a022f5099feb4c-steps-13,13,1,1,False,True,False,False,P,C,0.5,True,False,False
controller,validation-000143-55a022f5099feb4c-steps-14,14,1,1,False,True,False,False,P,S,0.5,True,False,False
controller,validation-000143-55a022f5099feb4c-steps-15,15,1,1,False,True,False,False,P,H,0.5,True,False,False
controller,validation-000143-55a022f5099feb4c-steps-16,16,1,1,False,True,False,False,P,R,0.5,True,False,False
controller,validation-001427-4ecc46346a69d9fe-steps-1,1,1,1,True,False,False,False,B,B,0.5,True,True,True
controller,validation-001427-4ecc46346a69d9fe-steps-2,2,1,1,False,True,False,False,B,N,0.5,True,False,False
controller,validation-001427-4ecc46346a69d9fe-steps-3,3,1,1,False,True,False,False,B,Z,0.5,True,False,False
controller,validation-001427-4ecc46346a69d9fe-steps-4,4,1,1,False,True,False,False,B,B,0.5,True,True,False
controller,validation-001427-4ecc46346a69d9fe-steps-5,5,1,1,False,True,False,False,B,N,0.5,True,False,False
controller,validation-001427-4ecc46346a69d9fe-steps-6,6,1,1,False,True,False,False,B,Z,0.5,True,False,False
controller,validation-001427-4ecc46346a69d9fe-steps-7,7,1,1,False,True,False,False,B,B,0.5,True,True,False
controller,validation-001427-4ecc46346a69d9fe-steps-8,8,1,1,False,True,False,False,B,N,0.5,True,False,False
controller,validation-001427-4ecc46346a69d9fe-steps-9,9,1,1,False,True,False,False,B,Z,0.5,True,False,False
controller,validation-001427-4ecc46346a69d9fe-steps-10,10,1,1,False,True,False,False,B,B,0.5,True,True,False
controller,validation-001427-4ecc46346a69d9fe-steps-11,11,1,1,False,True,False,False,B,N,0.5,True,False,False
controller,validation-001427-4ecc46346a69d9fe-steps-12,12,1,1,False,True,False,False,B,Z,0.5,True,False,False
controller,validation-001427-4ecc46346a69d9fe-steps-13,13,1,1,False,True,False,False,B,B,0.5,True,True,False
controller,validation-001427-4ecc46346a69d9fe-steps-14,14,1,1,False,True,False,False,B,N,0.5,True,False,False
controller,validation-001427-4ecc46346a69d9fe-steps-15,15,1,1,False,True,False,False,B,Z,0.5,True,False,False
controller,validation-001427-4ecc46346a69d9fe-steps-16,16,1,1,False,True,False,False,B,B,0.5,True,True,False
controller,validation-000251-4d2868d58614a55e-steps-1,1,1,1,True,False,False,False,W,W,0.5,True,True,True
controller,validation-000251-4d2868d58614a55e-steps-2,2,1,1,False,True,False,False,W,B,0.5,True,False,False
controller,validation-000251-4d2868d58614a55e-steps-3,3,1,1,False,True,False,False,W,Z,0.5,True,False,False
controller,validation-000251-4d2868d58614a55e-steps-4,4,1,1,False,True,False,False,W,V,0.5,True,False,False
controller,validation-000251-4d2868d58614a55e-steps-5,5,1,1,False,True,False,False,W,W,0.5,True,True,False
controller,validation-000251-4d2868d58614a55e-steps-6,6,1,1,False,True,False,False,W,B,0.5,True,False,False
controller,validation-000251-4d2868d58614a55e-steps-7,7,1,1,False,True,False,False,W,Z,0.5,True,False,False
controller,validation-000251-4d2868d58614a55e-steps-8,8,1,1,False,True,False,False,W,V,0.5,True,False,False
controller,validation-000251-4d2868d58614a55e-steps-9,9,1,1,False,True,False,False,W,W,0.5,True,True,False
controller,validation-000251-4d2868d58614a55e-steps-10,10,1,1,False,True,False,False,W,B,0.5,True,False,False
controller,validation-000251-4d2868d58614a55e-steps-11,11,1,1,False,True,False,False,W,Z,0.5,True,False,False
controller,validation-000251-4d2868d58614a55e-steps-12,12,1,1,False,True,False,False,W,V,0.5,True,False,False
controller,validation-000251-4d2868d58614a55e-steps-13,13,1,1,False,True,False,False,W,W,0.5,True,True,False
controller,validation-000251-4d2868d58614a55e-steps-14,14,1,1,False,True,False,False,W,B,0.5,True,False,False
controller,validation-000251-4d2868d58614a55e-steps-15,15,1,1,False,True,False,False,W,Z,0.5,True,False,False
controller,validation-000251-4d2868d58614a55e-steps-16,16,1,1,False,True,False,False,W,V,0.5,True,False,False
controller,validation-000299-a6cb6a71e814471a-steps-1,1,1,1,True,False,False,False,Y,Y,0.5,True,True,True
controller,validation-000299-a6cb6a71e814471a-steps-2,2,1,1,False,True,False,False,Y,L,0.5,True,False,False
controller,validation-000299-a6cb6a71e814471a-steps-3,3,1,1,False,True,False,False,Y,T,0.5,True,False,False
controller,validation-000299-a6cb6a71e814471a-steps-4,4,1,1,False,True,False,False,Y,D,0.5,True,False,False
controller,validation-000299-a6cb6a71e814471a-steps-5,5,1,1,False,True,False,False,Y,E,0.5,True,False,False
controller,validation-000299-a6cb6a71e814471a-steps-6,6,1,1,False,True,False,False,Y,U,0.5,True,False,False
controller,validation-000299-a6cb6a71e814471a-steps-7,7,1,1,False,True,False,False,Y,S,0.5,True,False,False
controller,validation-000299-a6cb6a71e814471a-steps-8,8,1,1,False,True,False,False,Y,K,0.5,True,False,False
controller,validation-000299-a6cb6a71e814471a-steps-9,9,1,1,False,True,False,False,Y,N,0.5,True,False,False
controller,validation-000299-a6cb6a71e814471a-steps-10,10,1,1,False,True,False,False,Y,J,0.5,True,False,False
controller,validation-000299-a6cb6a71e814471a-steps-11,11,1,1,False,True,False,False,Y,O,0.5,True,False,False
controller,validation-000299-a6cb6a71e814471a-steps-12,12,1,1,False,True,False,False,Y,Z,0.5,True,False,False
controller,validation-000299-a6cb6a71e814471a-steps-13,13,1,1,False,True,False,False,Y,X,0.5,True,False,False
controller,validation-000299-a6cb6a71e814471a-steps-14,14,1,1,False,True,False,False,Y,Y,0.5,True,True,False
controller,validation-000299-a6cb6a71e814471a-steps-15,15,1,1,False,True,False,False,Y,L,0.5,True,False,False
controller,validation-000299-a6cb6a71e814471a-steps-16,16,1,1,False,True,False,False,Y,T,0.5,True,False,False
controller,validation-000959-a8d52e3ae31b6109-steps-1,1,1,1,True,False,False,False,S,S,0.5,True,True,True
controller,validation-000959-a8d52e3ae31b6109-steps-2,2,1,1,False,True,False,False,S,V,0.5,True,False,False
controller,validation-000959-a8d52e3ae31b6109-steps-3,3,1,1,False,True,False,False,S,F,0.5,True,False,False
controller,validation-000959-a8d52e3ae31b6109-steps-4,4,1,1,False,True,False,False,S,N,0.5,True,False,False
controller,validation-000959-a8d52e3ae31b6109-steps-5,5,1,1,False,True,False,False,S,Q,0.5,True,False,False
controller,validation-000959-a8d52e3ae31b6109-steps-6,6,1,1,False,True,False,False,S,T,0.5,True,False,False
controller,validation-000959-a8d52e3ae31b6109-steps-7,7,1,1,False,True,False,False,S,A,0.5,True,False,False
controller,validation-000959-a8d52e3ae31b6109-steps-8,8,1,1,False,True,False,False,S,Z,0.5,True,False,False
controller,validation-000959-a8d52e3ae31b6109-steps-9,9,1,1,False,True,False,False,S,L,0.5,True,False,False
controller,validation-000959-a8d52e3ae31b6109-steps-10,10,1,1,False,True,False,False,S,O,0.5,True,False,False
controller,validation-000959-a8d52e3ae31b6109-steps-11,11,1,1,False,True,False,False,S,D,0.5,True,False,False
controller,validation-000959-a8d52e3ae31b6109-steps-12,12,1,1,False,True,False,False,S,E,0.5,True,False,False
controller,validation-000959-a8d52e3ae31b6109-steps-13,13,1,1,False,True,False,False,S,C,0.5,True,False,False
controller,validation-000959-a8d52e3ae31b6109-steps-14,14,1,1,False,True,False,False,S,K,0.5,True,False,False
controller,validation-000959-a8d52e3ae31b6109-steps-15,15,1,1,False,True,False,False,S,X,0.5,True,False,False
controller,validation-000959-a8d52e3ae31b6109-steps-16,16,1,1,False,True,False,False,S,I,0.5,True,False,False
controller,validation-000887-704039b5f97f78a3-steps-1,1,1,1,True,False,False,False,B,B,0.5,True,True,True
controller,validation-000887-704039b5f97f78a3-steps-2,2,1,1,False,True,False,False,B,S,0.5,True,False,False
controller,validation-000887-704039b5f97f78a3-steps-3,3,1,1,False,True,False,False,B,G,0.5,True,False,False
controller,validation-000887-704039b5f97f78a3-steps-4,4,1,1,False,True,False,False,B,F,0.5,True,False,False
controller,validation-000887-704039b5f97f78a3-steps-5,5,1,1,False,True,False,False,B,U,0.5,True,False,False
controller,validation-000887-704039b5f97f78a3-steps-6,6,1,1,False,True,False,False,B,W,0.5,True,False,False
controller,validation-000887-704039b5f97f78a3-steps-7,7,1,1,False,True,False,False,B,A,0.5,True,False,False
controller,validation-000887-704039b5f97f78a3-steps-8,8,1,1,False,True,False,False,B,K,0.5,True,False,False
controller,validation-000887-704039b5f97f78a3-steps-9,9,1,1,False,True,False,False,B,D,0.5,True,False,False
controller,validation-000887-704039b5f97f78a3-steps-10,10,1,1,False,True,False,False,B,H,0.5,True,False,False
controller,validation-000887-704039b5f97f78a3-steps-11,11,1,1,False,True,False,False,B,X,0.5,True,False,False
controller,validation-000887-704039b5f97f78a3-steps-12,12,1,1,False,True,False,False,B,J,0.5,True,False,False
controller,validation-000887-704039b5f97f78a3-steps-13,13,1,1,False,True,False,False,B,O,0.5,True,False,False
controller,validation-000887-704039b5f97f78a3-steps-14,14,1,1,False,True,False,False,B,L,0.5,True,False,False
controller,validation-000887-704039b5f97f78a3-steps-15,15,1,1,False,True,False,False,B,B,0.5,True,True,False
controller,validation-000887-704039b5f97f78a3-steps-16,16,1,1,False,True,False,False,B,S,0.5,True,False,False
controller,validation-000743-edf85aff35719d37-steps-1,1,1,1,True,False,False,False,W,W,0.5,True,True,True
controller,validation-000743-edf85aff35719d37-steps-2,2,1,1,False,True,False,False,W,W,0.5,True,True,False
controller,validation-000743-edf85aff35719d37-steps-3,3,1,1,False,True,False,False,W,W,0.5,True,True,False
controller,validation-000743-edf85aff35719d37-steps-4,4,1,1,False,True,False,False,W,W,0.5,True,True,False
controller,validation-000743-edf85aff35719d37-steps-5,5,1,1,False,True,False,False,W,W,0.5,True,True,False
controller,validation-000743-edf85aff35719d37-steps-6,6,1,1,False,True,False,False,W,W,0.5,True,True,False
controller,validation-000743-edf85aff35719d37-steps-7,7,1,1,False,True,False,False,W,W,0.5,True,True,False
controller,validation-000743-edf85aff35719d37-steps-8,8,1,1,False,True,False,False,W,W,0.5,True,True,False
controller,validation-000743-edf85aff35719d37-steps-9,9,1,1,False,True,False,False,W,W,0.5,True,True,False
controller,validation-000743-edf85aff35719d37-steps-10,10,1,1,False,True,False,False,W,W,0.5,True,True,False
controller,validation-000743-edf85aff35719d37-steps-11,11,1,1,False,True,False,False,W,W,0.5,True,True,False
controller,validation-000743-edf85aff35719d37-steps-12,12,1,1,False,True,False,False,W,W,0.5,True,True,False
controller,validation-000743-edf85aff35719d37-steps-13,13,1,1,False,True,False,False,W,W,0.5,True,True,False
controller,validation-000743-edf85aff35719d37-steps-14,14,1,1,False,True,False,False,W,W,0.5,True,True,False
controller,validation-000743-edf85aff35719d37-steps-15,15,1,1,False,True,False,False,W,W,0.5,True,True,False
controller,validation-000743-edf85aff35719d37-steps-16,16,1,1,False,True,False,False,W,W,0.5,True,True,False
controller,validation-000227-c91cc7b79cb069b7-steps-1,1,1,1,True,False,False,False,M,M,0.5,True,True,True
controller,validation-000227-c91cc7b79cb069b7-steps-2,2,1,1,False,True,False,False,M,P,0.5,True,False,False
controller,validation-000227-c91cc7b79cb069b7-steps-3,3,1,1,False,True,False,False,M,E,0.5,True,False,False
controller,validation-000227-c91cc7b79cb069b7-steps-4,4,1,1,False,True,False,False,M,W,0.5,True,False,False
controller,validation-000227-c91cc7b79cb069b7-steps-5,5,1,1,False,True,False,False,M,T,0.5,True,False,False
controller,validation-000227-c91cc7b79cb069b7-steps-6,6,1,1,False,True,False,False,M,A,0.5,True,False,False
controller,validation-000227-c91cc7b79cb069b7-steps-7,7,1,1,False,True,False,False,M,S,0.5,True,False,False
controller,validation-000227-c91cc7b79cb069b7-steps-8,8,1,1,False,True,False,False,M,J,0.5,True,False,False
controller,validation-000227-c91cc7b79cb069b7-steps-9,9,1,1,False,True,False,False,M,Z,0.5,True,False,False
controller,validation-000227-c91cc7b79cb069b7-steps-10,10,1,1,False,True,False,False,M,X,0.5,True,False,False
controller,validation-000227-c91cc7b79cb069b7-steps-11,11,1,1,False,True,False,False,M,Q,0.5,True,False,False
controller,validation-000227-c91cc7b79cb069b7-steps-12,12,1,1,False,True,False,False,M,D,0.5,True,False,False
controller,validation-000227-c91cc7b79cb069b7-steps-13,13,1,1,False,True,False,False,M,V,0.5,True,False,False
controller,validation-000227-c91cc7b79cb069b7-steps-14,14,1,1,False,True,False,False,M,C,0.5,True,False,False
controller,validation-000227-c91cc7b79cb069b7-steps-15,15,1,1,False,True,False,False,M,H,0.5,True,False,False
controller,validation-000227-c91cc7b79cb069b7-steps-16,16,1,1,False,True,False,False,M,O,0.5,True,False,False
controller,validation-000047-a3e70e733eed44c8-steps-1,1,1,1,True,False,False,False,I,I,0.5,True,True,True
controller,validation-000047-a3e70e733eed44c8-steps-2,2,1,1,False,True,False,False,I,R,0.5,True,False,False
controller,validation-000047-a3e70e733eed44c8-steps-3,3,1,1,False,True,False,False,I,M,0.5,True,False,False
controller,validation-000047-a3e70e733eed44c8-steps-4,4,1,1,False,True,False,False,I,B,0.5,True,False,False
controller,validation-000047-a3e70e733eed44c8-steps-5,5,1,1,False,True,False,False,I,H,0.5,True,False,False
controller,validation-000047-a3e70e733eed44c8-steps-6,6,1,1,False,True,False,False,I,T,0.5,True,False,False
controller,validation-000047-a3e70e733eed44c8-steps-7,7,1,1,False,True,False,False,I,Z,0.5,True,False,False
controller,validation-000047-a3e70e733eed44c8-steps-8,8,1,1,False,True,False,False,I,W,0.5,True,False,False
controller,validation-000047-a3e70e733eed44c8-steps-9,9,1,1,False,True,False,False,I,W,0.5,True,False,False
controller,validation-000047-a3e70e733eed44c8-steps-10,10,1,1,False,True,False,False,I,W,0.5,True,False,False
controller,validation-000047-a3e70e733eed44c8-steps-11,11,1,1,False,True,False,False,I,W,0.5,True,False,False
controller,validation-000047-a3e70e733eed44c8-steps-12,12,1,1,False,True,False,False,I,W,0.5,True,False,False
controller,validation-000047-a3e70e733eed44c8-steps-13,13,1,1,False,True,False,False,I,W,0.5,True,False,False
controller,validation-000047-a3e70e733eed44c8-steps-14,14,1,1,False,True,False,False,I,W,0.5,True,False,False
controller,validation-000047-a3e70e733eed44c8-steps-15,15,1,1,False,True,False,False,I,W,0.5,True,False,False
controller,validation-000047-a3e70e733eed44c8-steps-16,16,1,1,False,True,False,False,I,W,0.5,True,False,False
controller,validation-001367-2fc6b45a91a9ded3-steps-1,1,1,1,True,False,False,False,B,B,0.5,True,True,True
controller,validation-001367-2fc6b45a91a9ded3-steps-2,2,1,1,False,True,False,False,B,U,0.5,True,False,False
controller,validation-001367-2fc6b45a91a9ded3-steps-3,3,1,1,False,True,False,False,B,P,0.5,True,False,False
controller,validation-001367-2fc6b45a91a9ded3-steps-4,4,1,1,False,True,False,False,B,X,0.5,True,False,False
controller,validation-001367-2fc6b45a91a9ded3-steps-5,5,1,1,False,True,False,False,B,W,0.5,True,False,False
controller,validation-001367-2fc6b45a91a9ded3-steps-6,6,1,1,False,True,False,False,B,Y,0.5,True,False,False
controller,validation-001367-2fc6b45a91a9ded3-steps-7,7,1,1,False,True,False,False,B,F,0.5,True,False,False
controller,validation-001367-2fc6b45a91a9ded3-steps-8,8,1,1,False,True,False,False,B,C,0.5,True,False,False
controller,validation-001367-2fc6b45a91a9ded3-steps-9,9,1,1,False,True,False,False,B,Z,0.5,True,False,False
controller,validation-001367-2fc6b45a91a9ded3-steps-10,10,1,1,False,True,False,False,B,H,0.5,True,False,False
controller,validation-001367-2fc6b45a91a9ded3-steps-11,11,1,1,False,True,False,False,B,Q,0.5,True,False,False
controller,validation-001367-2fc6b45a91a9ded3-steps-12,12,1,1,False,True,False,False,B,S,0.5,True,False,False
controller,validation-001367-2fc6b45a91a9ded3-steps-13,13,1,1,False,True,False,False,B,D,0.5,True,False,False
controller,validation-001367-2fc6b45a91a9ded3-steps-14,14,1,1,False,True,False,False,B,V,0.5,True,False,False
controller,validation-001367-2fc6b45a91a9ded3-steps-15,15,1,1,False,True,False,False,B,G,0.5,True,False,False
controller,validation-001367-2fc6b45a91a9ded3-steps-16,16,1,1,False,True,False,False,B,E,0.5,True,False,False
controller,validation-001235-43bf7bd2507b6d2b-steps-1,1,1,1,True,False,False,False,O,O,0.5,True,True,True
controller,validation-001235-43bf7bd2507b6d2b-steps-2,2,1,1,False,True,False,False,O,U,0.5,True,False,False
controller,validation-001235-43bf7bd2507b6d2b-steps-3,3,1,1,False,True,False,False,O,R,0.5,True,False,False
controller,validation-001235-43bf7bd2507b6d2b-steps-4,4,1,1,False,True,False,False,O,J,0.5,True,False,False
controller,validation-001235-43bf7bd2507b6d2b-steps-5,5,1,1,False,True,False,False,O,S,0.5,True,False,False
controller,validation-001235-43bf7bd2507b6d2b-steps-6,6,1,1,False,True,False,False,O,J,0.5,True,False,False
controller,validation-001235-43bf7bd2507b6d2b-steps-7,7,1,1,False,True,False,False,O,S,0.5,True,False,False
controller,validation-001235-43bf7bd2507b6d2b-steps-8,8,1,1,False,True,False,False,O,J,0.5,True,False,False
controller,validation-001235-43bf7bd2507b6d2b-steps-9,9,1,1,False,True,False,False,O,S,0.5,True,False,False
controller,validation-001235-43bf7bd2507b6d2b-steps-10,10,1,1,False,True,False,False,O,J,0.5,True,False,False
controller,validation-001235-43bf7bd2507b6d2b-steps-11,11,1,1,False,True,False,False,O,S,0.5,True,False,False
controller,validation-001235-43bf7bd2507b6d2b-steps-12,12,1,1,False,True,False,False,O,J,0.5,True,False,False
controller,validation-001235-43bf7bd2507b6d2b-steps-13,13,1,1,False,True,False,False,O,S,0.5,True,False,False
controller,validation-001235-43bf7bd2507b6d2b-steps-14,14,1,1,False,True,False,False,O,J,0.5,True,False,False
controller,validation-001235-43bf7bd2507b6d2b-steps-15,15,1,1,False,True,False,False,O,S,0.5,True,False,False
controller,validation-001235-43bf7bd2507b6d2b-steps-16,16,1,1,False,True,False,False,O,J,0.5,True,False,False
controller,validation-000119-1a235a674d16061e-steps-1,1,1,1,True,False,False,False,V,V,0.5,True,True,True
controller,validation-000119-1a235a674d16061e-steps-2,2,1,1,False,True,False,False,V,Q,0.5,True,False,False
controller,validation-000119-1a235a674d16061e-steps-3,3,1,1,False,True,False,False,V,X,0.5,True,False,False
controller,validation-000119-1a235a674d16061e-steps-4,4,1,1,False,True,False,False,V,F,0.5,True,False,False
controller,validation-000119-1a235a674d16061e-steps-5,5,1,1,False,True,False,False,V,A,0.5,True,False,False
controller,validation-000119-1a235a674d16061e-steps-6,6,1,1,False,True,False,False,V,X,0.5,True,False,False
controller,validation-000119-1a235a674d16061e-steps-7,7,1,1,False,True,False,False,V,F,0.5,True,False,False
controller,validation-000119-1a235a674d16061e-steps-8,8,1,1,False,True,False,False,V,A,0.5,True,False,False
controller,validation-000119-1a235a674d16061e-steps-9,9,1,1,False,True,False,False,V,X,0.5,True,False,False
controller,validation-000119-1a235a674d16061e-steps-10,10,1,1,False,True,False,False,V,F,0.5,True,False,False
controller,validation-000119-1a235a674d16061e-steps-11,11,1,1,False,True,False,False,V,A,0.5,True,False,False
controller,validation-000119-1a235a674d16061e-steps-12,12,1,1,False,True,False,False,V,X,0.5,True,False,False
controller,validation-000119-1a235a674d16061e-steps-13,13,1,1,False,True,False,False,V,F,0.5,True,False,False
controller,validation-000119-1a235a674d16061e-steps-14,14,1,1,False,True,False,False,V,A,0.5,True,False,False
controller,validation-000119-1a235a674d16061e-steps-15,15,1,1,False,True,False,False,V,X,0.5,True,False,False
controller,validation-000119-1a235a674d16061e-steps-16,16,1,1,False,True,False,False,V,F,0.5,True,False,False
controller,validation-001295-1558180b10268705-steps-1,1,1,1,True,False,False,False,Q,Q,0.5,True,True,True
controller,validation-001295-1558180b10268705-steps-2,2,1,1,False,True,False,False,Q,W,0.5,True,False,False
controller,validation-001295-1558180b10268705-steps-3,3,1,1,False,True,False,False,Q,L,0.5,True,False,False
controller,validation-001295-1558180b10268705-steps-4,4,1,1,False,True,False,False,Q,D,0.5,True,False,False
controller,validation-001295-1558180b10268705-steps-5,5,1,1,False,True,False,False,Q,F,0.5,True,False,False
controller,validation-001295-1558180b10268705-steps-6,6,1,1,False,True,False,False,Q,X,0.5,True,False,False
controller,validation-001295-1558180b10268705-steps-7,7,1,1,False,True,False,False,Q,H,0.5,True,False,False
controller,validation-001295-1558180b10268705-steps-8,8,1,1,False,True,False,False,Q,S,0.5,True,False,False
controller,validation-001295-1558180b10268705-steps-9,9,1,1,False,True,False,False,Q,U,0.5,True,False,False
controller,validation-001295-1558180b10268705-steps-10,10,1,1,False,True,False,False,Q,Z,0.5,True,False,False
controller,validation-001295-1558180b10268705-steps-11,11,1,1,False,True,False,False,Q,G,0.5,True,False,False
controller,validation-001295-1558180b10268705-steps-12,12,1,1,False,True,False,False,Q,N,0.5,True,False,False
controller,validation-001295-1558180b10268705-steps-13,13,1,1,False,True,False,False,Q,V,0.5,True,False,False
controller,validation-001295-1558180b10268705-steps-14,14,1,1,False,True,False,False,Q,Q,0.5,True,True,False
controller,validation-001295-1558180b10268705-steps-15,15,1,1,False,True,False,False,Q,W,0.5,True,False,False
controller,validation-001295-1558180b10268705-steps-16,16,1,1,False,True,False,False,Q,L,0.5,True,False,False
controller,validation-001151-1a4033de178df177-steps-1,1,1,1,True,False,False,False,S,S,0.5,True,True,True
controller,validation-001151-1a4033de178df177-steps-2,2,1,1,False,True,False,False,S,M,0.5,True,False,False
controller,validation-001151-1a4033de178df177-steps-3,3,1,1,False,True,False,False,S,A,0.5,True,False,False
controller,validation-001151-1a4033de178df177-steps-4,4,1,1,False,True,False,False,S,N,0.5,True,False,False
controller,validation-001151-1a4033de178df177-steps-5,5,1,1,False,True,False,False,S,L,0.5,True,False,False
controller,validation-001151-1a4033de178df177-steps-6,6,1,1,False,True,False,False,S,F,0.5,True,False,False
controller,validation-001151-1a4033de178df177-steps-7,7,1,1,False,True,False,False,S,C,0.5,True,False,False
controller,validation-001151-1a4033de178df177-steps-8,8,1,1,False,True,False,False,S,U,0.5,True,False,False
controller,validation-001151-1a4033de178df177-steps-9,9,1,1,False,True,False,False,S,M,0.5,True,False,False
controller,validation-001151-1a4033de178df177-steps-10,10,1,1,False,True,False,False,S,A,0.5,True,False,False
controller,validation-001151-1a4033de178df177-steps-11,11,1,1,False,True,False,False,S,N,0.5,True,False,False
controller,validation-001151-1a4033de178df177-steps-12,12,1,1,False,True,False,False,S,L,0.5,True,False,False
controller,validation-001151-1a4033de178df177-steps-13,13,1,1,False,True,False,False,S,F,0.5,True,False,False
controller,validation-001151-1a4033de178df177-steps-14,14,1,1,False,True,False,False,S,C,0.5,True,False,False
controller,validation-001151-1a4033de178df177-steps-15,15,1,1,False,True,False,False,S,U,0.5,True,False,False
controller,validation-001151-1a4033de178df177-steps-16,16,1,1,False,True,False,False,S,M,0.5,True,False,False
controller,validation-000191-9121ac97bf48885c-steps-1,1,1,1,True,False,False,False,T,T,0.5,True,True,True
controller,validation-000191-9121ac97bf48885c-steps-2,2,1,1,False,True,False,False,T,H,0.5,True,False,False
controller,validation-000191-9121ac97bf48885c-steps-3,3,1,1,False,True,False,False,T,X,0.5,True,False,False
controller,validation-000191-9121ac97bf48885c-steps-4,4,1,1,False,True,False,False,T,B,0.5,True,False,False
controller,validation-000191-9121ac97bf48885c-steps-5,5,1,1,False,True,False,False,T,N,0.5,True,False,False
controller,validation-000191-9121ac97bf48885c-steps-6,6,1,1,False,True,False,False,T,O,0.5,True,False,False
controller,validation-000191-9121ac97bf48885c-steps-7,7,1,1,False,True,False,False,T,T,0.5,True,True,False
controller,validation-000191-9121ac97bf48885c-steps-8,8,1,1,False,True,False,False,T,H,0.5,True,False,False
controller,validation-000191-9121ac97bf48885c-steps-9,9,1,1,False,True,False,False,T,X,0.5,True,False,False
controller,validation-000191-9121ac97bf48885c-steps-10,10,1,1,False,True,False,False,T,B,0.5,True,False,False
controller,validation-000191-9121ac97bf48885c-steps-11,11,1,1,False,True,False,False,T,N,0.5,True,False,False
controller,validation-000191-9121ac97bf48885c-steps-12,12,1,1,False,True,False,False,T,O,0.5,True,False,False
controller,validation-000191-9121ac97bf48885c-steps-13,13,1,1,False,True,False,False,T,T,0.5,True,True,False
controller,validation-000191-9121ac97bf48885c-steps-14,14,1,1,False,True,False,False,T,H,0.5,True,False,False
controller,validation-000191-9121ac97bf48885c-steps-15,15,1,1,False,True,False,False,T,X,0.5,True,False,False
controller,validation-000191-9121ac97bf48885c-steps-16,16,1,1,False,True,False,False,T,B,0.5,True,False,False
controller,validation-000419-6b241c92a4a02f79-steps-1,1,1,1,True,False,False,False,S,S,0.5,True,True,True
controller,validation-000419-6b241c92a4a02f79-steps-2,2,1,1,False,True,False,False,S,O,0.5,True,False,False
controller,validation-000419-6b241c92a4a02f79-steps-3,3,1,1,False,True,False,False,S,V,0.5,True,False,False
controller,validation-000419-6b241c92a4a02f79-steps-4,4,1,1,False,True,False,False,S,G,0.5,True,False,False
controller,validation-000419-6b241c92a4a02f79-steps-5,5,1,1,False,True,False,False,S,D,0.5,True,False,False
controller,validation-000419-6b241c92a4a02f79-steps-6,6,1,1,False,True,False,False,S,Q,0.5,True,False,False
controller,validation-000419-6b241c92a4a02f79-steps-7,7,1,1,False,True,False,False,S,N,0.5,True,False,False
controller,validation-000419-6b241c92a4a02f79-steps-8,8,1,1,False,True,False,False,S,J,0.5,True,False,False
controller,validation-000419-6b241c92a4a02f79-steps-9,9,1,1,False,True,False,False,S,P,0.5,True,False,False
controller,validation-000419-6b241c92a4a02f79-steps-10,10,1,1,False,True,False,False,S,I,0.5,True,False,False
controller,validation-000419-6b241c92a4a02f79-steps-11,11,1,1,False,True,False,False,S,U,0.5,True,False,False
controller,validation-000419-6b241c92a4a02f79-steps-12,12,1,1,False,True,False,False,S,K,0.5,True,False,False
controller,validation-000419-6b241c92a4a02f79-steps-13,13,1,1,False,True,False,False,S,M,0.5,True,False,False
controller,validation-000419-6b241c92a4a02f79-steps-14,14,1,1,False,True,False,False,S,X,0.5,True,False,False
controller,validation-000419-6b241c92a4a02f79-steps-15,15,1,1,False,True,False,False,S,A,0.5,True,False,False
controller,validation-000419-6b241c92a4a02f79-steps-16,16,1,1,False,True,False,False,S,T,0.5,True,False,False
controller,validation-000179-92596fae71366ccd-steps-1,1,1,1,True,False,False,False,R,R,0.5,True,True,True
controller,validation-000179-92596fae71366ccd-steps-2,2,1,1,False,True,False,False,R,S,0.5,True,False,False
controller,validation-000179-92596fae71366ccd-steps-3,3,1,1,False,True,False,False,R,C,0.5,True,False,False
controller,validation-000179-92596fae71366ccd-steps-4,4,1,1,False,True,False,False,R,D,0.5,True,False,False
controller,validation-000179-92596fae71366ccd-steps-5,5,1,1,False,True,False,False,R,X,0.5,True,False,False
controller,validation-000179-92596fae71366ccd-steps-6,6,1,1,False,True,False,False,R,H,0.5,True,False,False
controller,validation-000179-92596fae71366ccd-steps-7,7,1,1,False,True,False,False,R,J,0.5,True,False,False
controller,validation-000179-92596fae71366ccd-steps-8,8,1,1,False,True,False,False,R,F,0.5,True,False,False
controller,validation-000179-92596fae71366ccd-steps-9,9,1,1,False,True,False,False,R,Y,0.5,True,False,False
controller,validation-000179-92596fae71366ccd-steps-10,10,1,1,False,True,False,False,R,U,0.5,True,False,False
controller,validation-000179-92596fae71366ccd-steps-11,11,1,1,False,True,False,False,R,I,0.5,True,False,False
controller,validation-000179-92596fae71366ccd-steps-12,12,1,1,False,True,False,False,R,W,0.5,True,False,False
controller,validation-000179-92596fae71366ccd-steps-13,13,1,1,False,True,False,False,R,B,0.5,False,False,False
controller,validation-000179-92596fae71366ccd-steps-14,14,1,1,False,True,False,False,R,E,0.5,False,False,False
controller,validation-000179-92596fae71366ccd-steps-15,15,1,1,False,True,False,False,R,A,0.5,False,False,False
controller,validation-000179-92596fae71366ccd-steps-16,16,1,1,False,True,False,False,R,M,0.5,False,False,False
controller,validation-001043-5a45d7d3eeb848ef-steps-1,1,1,1,True,False,False,False,Y,Y,0.5,True,True,True
controller,validation-001043-5a45d7d3eeb848ef-steps-2,2,1,1,False,True,False,False,Y,W,0.5,True,False,False
controller,validation-001043-5a45d7d3eeb848ef-steps-3,3,1,1,False,True,False,False,Y,V,0.5,True,False,False
controller,validation-001043-5a45d7d3eeb848ef-steps-4,4,1,1,False,True,False,False,Y,F,0.5,True,False,False
controller,validation-001043-5a45d7d3eeb848ef-steps-5,5,1,1,False,True,False,False,Y,D,0.5,True,False,False
controller,validation-001043-5a45d7d3eeb848ef-steps-6,6,1,1,False,True,False,False,Y,P,0.5,True,False,False
controller,validation-001043-5a45d7d3eeb848ef-steps-7,7,1,1,False,True,False,False,Y,B,0.5,True,False,False
controller,validation-001043-5a45d7d3eeb848ef-steps-8,8,1,1,False,True,False,False,Y,Y,0.5,True,True,False
controller,validation-001043-5a45d7d3eeb848ef-steps-9,9,1,1,False,True,False,False,Y,W,0.5,True,False,False
controller,validation-001043-5a45d7d3eeb848ef-steps-10,10,1,1,False,True,False,False,Y,V,0.5,True,False,False
controller,validation-001043-5a45d7d3eeb848ef-steps-11,11,1,1,False,True,False,False,Y,F,0.5,True,False,False
controller,validation-001043-5a45d7d3eeb848ef-steps-12,12,1,1,False,True,False,False,Y,D,0.5,True,False,False
controller,validation-001043-5a45d7d3eeb848ef-steps-13,13,1,1,False,True,False,False,Y,P,0.5,True,False,False
controller,validation-001043-5a45d7d3eeb848ef-steps-14,14,1,1,False,True,False,False,Y,B,0.5,True,False,False
controller,validation-001043-5a45d7d3eeb848ef-steps-15,15,1,1,False,True,False,False,Y,Y,0.5,True,True,False
controller,validation-001043-5a45d7d3eeb848ef-steps-16,16,1,1,False,True,False,False,Y,W,0.5,True,False,False
controller,validation-000215-53d18d4c23c7031e-steps-1,1,1,1,True,False,False,False,G,G,0.5,True,True,True
controller,validation-000215-53d18d4c23c7031e-steps-2,2,1,1,False,True,False,False,G,M,0.5,True,False,False
controller,validation-000215-53d18d4c23c7031e-steps-3,3,1,1,False,True,False,False,G,S,0.5,True,False,False
controller,validation-000215-53d18d4c23c7031e-steps-4,4,1,1,False,True,False,False,G,P,0.5,True,False,False
controller,validation-000215-53d18d4c23c7031e-steps-5,5,1,1,False,True,False,False,G,N,0.5,True,False,False
controller,validation-000215-53d18d4c23c7031e-steps-6,6,1,1,False,True,False,False,G,Q,0.5,True,False,False
controller,validation-000215-53d18d4c23c7031e-steps-7,7,1,1,False,True,False,False,G,L,0.5,True,False,False
controller,validation-000215-53d18d4c23c7031e-steps-8,8,1,1,False,True,False,False,G,V,0.5,True,False,False
controller,validation-000215-53d18d4c23c7031e-steps-9,9,1,1,False,True,False,False,G,O,0.5,True,False,False
controller,validation-000215-53d18d4c23c7031e-steps-10,10,1,1,False,True,False,False,G,J,0.5,True,False,False
controller,validation-000215-53d18d4c23c7031e-steps-11,11,1,1,False,True,False,False,G,A,0.5,True,False,False
controller,validation-000215-53d18d4c23c7031e-steps-12,12,1,1,False,True,False,False,G,D,0.5,True,False,False
controller,validation-000215-53d18d4c23c7031e-steps-13,13,1,1,False,True,False,False,G,F,0.5,True,False,False
controller,validation-000215-53d18d4c23c7031e-steps-14,14,1,1,False,True,False,False,G,C,0.5,True,False,False
controller,validation-000215-53d18d4c23c7031e-steps-15,15,1,1,False,True,False,False,G,U,0.5,True,False,False
controller,validation-000215-53d18d4c23c7031e-steps-16,16,1,1,False,True,False,False,G,B,0.5,True,False,False
controller,validation-000659-1fa30f16753baa83-steps-1,1,1,1,True,False,False,False,S,S,0.5,True,True,True
controller,validation-000659-1fa30f16753baa83-steps-2,2,1,1,False,True,False,False,S,R,0.5,True,False,False
controller,validation-000659-1fa30f16753baa83-steps-3,3,1,1,False,True,False,False,S,A,0.5,True,False,False
controller,validation-000659-1fa30f16753baa83-steps-4,4,1,1,False,True,False,False,S,O,0.5,True,False,False
controller,validation-000659-1fa30f16753baa83-steps-5,5,1,1,False,True,False,False,S,M,0.5,True,False,False
controller,validation-000659-1fa30f16753baa83-steps-6,6,1,1,False,True,False,False,S,E,0.5,True,False,False
controller,validation-000659-1fa30f16753baa83-steps-7,7,1,1,False,True,False,False,S,F,0.5,True,False,False
controller,validation-000659-1fa30f16753baa83-steps-8,8,1,1,False,True,False,False,S,J,0.5,True,False,False
controller,validation-000659-1fa30f16753baa83-steps-9,9,1,1,False,True,False,False,S,Q,0.5,True,False,False
controller,validation-000659-1fa30f16753baa83-steps-10,10,1,1,False,True,False,False,S,L,0.5,True,False,False
controller,validation-000659-1fa30f16753baa83-steps-11,11,1,1,False,True,False,False,S,Y,0.5,True,False,False
controller,validation-000659-1fa30f16753baa83-steps-12,12,1,1,False,True,False,False,S,W,0.5,True,False,False
controller,validation-000659-1fa30f16753baa83-steps-13,13,1,1,False,True,False,False,S,U,0.5,True,False,False
controller,validation-000659-1fa30f16753baa83-steps-14,14,1,1,False,True,False,False,S,T,0.5,True,False,False
controller,validation-000659-1fa30f16753baa83-steps-15,15,1,1,False,True,False,False,S,B,0.5,True,False,False
controller,validation-000659-1fa30f16753baa83-steps-16,16,1,1,False,True,False,False,S,I,0.5,True,False,False
controller,validation-001415-665d4f354367d421-steps-1,1,1,1,True,False,False,False,C,C,0.5,True,True,True
controller,validation-001415-665d4f354367d421-steps-2,2,1,1,False,True,False,False,C,Y,0.5,True,False,False
controller,validation-001415-665d4f354367d421-steps-3,3,1,1,False,True,False,False,C,S,0.5,True,False,False
controller,validation-001415-665d4f354367d421-steps-4,4,1,1,False,True,False,False,C,X,0.5,True,False,False
controller,validation-001415-665d4f354367d421-steps-5,5,1,1,False,True,False,False,C,K,0.5,True,False,False
controller,validation-001415-665d4f354367d421-steps-6,6,1,1,False,True,False,False,C,L,0.5,True,False,False
controller,validation-001415-665d4f354367d421-steps-7,7,1,1,False,True,False,False,C,O,0.5,True,False,False
controller,validation-001415-665d4f354367d421-steps-8,8,1,1,False,True,False,False,C,J,0.5,True,False,False
controller,validation-001415-665d4f354367d421-steps-9,9,1,1,False,True,False,False,C,P,0.5,True,False,False
controller,validation-001415-665d4f354367d421-steps-10,10,1,1,False,True,False,False,C,I,0.5,True,False,False
controller,validation-001415-665d4f354367d421-steps-11,11,1,1,False,True,False,False,C,M,0.5,True,False,False
controller,validation-001415-665d4f354367d421-steps-12,12,1,1,False,True,False,False,C,R,0.5,True,False,False
controller,validation-001415-665d4f354367d421-steps-13,13,1,1,False,True,False,False,C,A,0.5,True,False,False
controller,validation-001415-665d4f354367d421-steps-14,14,1,1,False,True,False,False,C,Q,0.5,True,False,False
controller,validation-001415-665d4f354367d421-steps-15,15,1,1,False,True,False,False,C,H,0.5,True,False,False
controller,validation-001415-665d4f354367d421-steps-16,16,1,1,False,True,False,False,C,T,0.5,True,False,False
controller,validation-000371-78d890c948b32a0c-steps-1,1,1,1,True,False,False,False,J,J,0.5,True,True,True
controller,validation-000371-78d890c948b32a0c-steps-2,2,1,1,False,True,False,False,J,B,0.5,True,False,False
controller,validation-000371-78d890c948b32a0c-steps-3,3,1,1,False,True,False,False,J,O,0.5,True,False,False
controller,validation-000371-78d890c948b32a0c-steps-4,4,1,1,False,True,False,False,J,U,0.5,True,False,False
controller,validation-000371-78d890c948b32a0c-steps-5,5,1,1,False,True,False,False,J,Q,0.5,True,False,False
controller,validation-000371-78d890c948b32a0c-steps-6,6,1,1,False,True,False,False,J,H,0.5,True,False,False
controller,validation-000371-78d890c948b32a0c-steps-7,7,1,1,False,True,False,False,J,V,0.5,True,False,False
controller,validation-000371-78d890c948b32a0c-steps-8,8,1,1,False,True,False,False,J,G,0.5,True,False,False
controller,validation-000371-78d890c948b32a0c-steps-9,9,1,1,False,True,False,False,J,T,0.5,True,False,False
controller,validation-000371-78d890c948b32a0c-steps-10,10,1,1,False,True,False,False,J,K,0.5,True,False,False
controller,validation-000371-78d890c948b32a0c-steps-11,11,1,1,False,True,False,False,J,L,0.5,True,False,False
controller,validation-000371-78d890c948b32a0c-steps-12,12,1,1,False,True,False,False,J,E,0.5,True,False,False
controller,validation-000371-78d890c948b32a0c-steps-13,13,1,1,False,True,False,False,J,I,0.5,True,False,False
controller,validation-000371-78d890c948b32a0c-steps-14,14,1,1,False,True,False,False,J,D,0.5,True,False,False
controller,validation-000371-78d890c948b32a0c-steps-15,15,1,1,False,True,False,False,J,A,0.5,True,False,False
controller,validation-000371-78d890c948b32a0c-steps-16,16,1,1,False,True,False,False,J,F,0.5,True,False,False
controller,validation-000023-2abfe560bdf28a3c-steps-1,1,1,1,True,False,False,False,C,C,0.5,True,True,True
controller,validation-000023-2abfe560bdf28a3c-steps-2,2,1,1,False,True,False,False,C,W,0.5,True,False,False
controller,validation-000023-2abfe560bdf28a3c-steps-3,3,1,1,False,True,False,False,C,R,0.5,True,False,False
controller,validation-000023-2abfe560bdf28a3c-steps-4,4,1,1,False,True,False,False,C,N,0.5,True,False,False
controller,validation-000023-2abfe560bdf28a3c-steps-5,5,1,1,False,True,False,False,C,J,0.5,True,False,False
controller,validation-000023-2abfe560bdf28a3c-steps-6,6,1,1,False,True,False,False,C,H,0.5,True,False,False
controller,validation-000023-2abfe560bdf28a3c-steps-7,7,1,1,False,True,False,False,C,Q,0.5,True,False,False
controller,validation-000023-2abfe560bdf28a3c-steps-8,8,1,1,False,True,False,False,C,T,0.5,True,False,False
controller,validation-000023-2abfe560bdf28a3c-steps-9,9,1,1,False,True,False,False,C,P,0.5,True,False,False
controller,validation-000023-2abfe560bdf28a3c-steps-10,10,1,1,False,True,False,False,C,X,0.5,True,False,False
controller,validation-000023-2abfe560bdf28a3c-steps-11,11,1,1,False,True,False,False,C,D,0.5,True,False,False
controller,validation-000023-2abfe560bdf28a3c-steps-12,12,1,1,False,True,False,False,C,O,0.5,True,False,False
controller,validation-000023-2abfe560bdf28a3c-steps-13,13,1,1,False,True,False,False,C,M,0.5,True,False,False
controller,validation-000023-2abfe560bdf28a3c-steps-14,14,1,1,False,True,False,False,C,U,0.5,True,False,False
controller,validation-000023-2abfe560bdf28a3c-steps-15,15,1,1,False,True,False,False,C,A,0.5,True,False,False
controller,validation-000023-2abfe560bdf28a3c-steps-16,16,1,1,False,True,False,False,C,F,0.5,True,False,False
controller,validation-000167-ef04a8a383c2c7cd-steps-1,1,1,1,True,False,False,False,W,W,0.5,True,True,True
controller,validation-000167-ef04a8a383c2c7cd-steps-2,2,1,1,False,True,False,False,W,N,0.5,True,False,False
controller,validation-000167-ef04a8a383c2c7cd-steps-3,3,1,1,False,True,False,False,W,R,0.5,True,False,False
controller,validation-000167-ef04a8a383c2c7cd-steps-4,4,1,1,False,True,False,False,W,T,0.5,True,False,False
controller,validation-000167-ef04a8a383c2c7cd-steps-5,5,1,1,False,True,False,False,W,Y,0.5,True,False,False
controller,validation-000167-ef04a8a383c2c7cd-steps-6,6,1,1,False,True,False,False,W,L,0.5,True,False,False
controller,validation-000167-ef04a8a383c2c7cd-steps-7,7,1,1,False,True,False,False,W,U,0.5,True,False,False
controller,validation-000167-ef04a8a383c2c7cd-steps-8,8,1,1,False,True,False,False,W,S,0.5,True,False,False
controller,validation-000167-ef04a8a383c2c7cd-steps-9,9,1,1,False,True,False,False,W,G,0.5,True,False,False
controller,validation-000167-ef04a8a383c2c7cd-steps-10,10,1,1,False,True,False,False,W,Z,0.5,True,False,False
controller,validation-000167-ef04a8a383c2c7cd-steps-11,11,1,1,False,True,False,False,W,C,0.5,True,False,False
controller,validation-000167-ef04a8a383c2c7cd-steps-12,12,1,1,False,True,False,False,W,X,0.5,True,False,False
controller,validation-000167-ef04a8a383c2c7cd-steps-13,13,1,1,False,True,False,False,W,M,0.5,True,False,False
controller,validation-000167-ef04a8a383c2c7cd-steps-14,14,1,1,False,True,False,False,W,F,0.5,True,False,False
controller,validation-000167-ef04a8a383c2c7cd-steps-15,15,1,1,False,True,False,False,W,J,0.5,True,False,False
controller,validation-000167-ef04a8a383c2c7cd-steps-16,16,1,1,False,True,False,False,W,K,0.5,True,False,False
controller,validation-000827-f2013414cdd97363-steps-1,1,1,1,True,False,False,False,N,N,0.5,True,True,True
controller,validation-000827-f2013414cdd97363-steps-2,2,1,1,False,True,False,False,N,O,0.5,True,False,False
controller,validation-000827-f2013414cdd97363-steps-3,3,1,1,False,True,False,False,N,N,0.5,True,True,False
controller,validation-000827-f2013414cdd97363-steps-4,4,1,1,False,True,False,False,N,O,0.5,True,False,False
controller,validation-000827-f2013414cdd97363-steps-5,5,1,1,False,True,False,False,N,N,0.5,True,True,False
controller,validation-000827-f2013414cdd97363-steps-6,6,1,1,False,True,False,False,N,O,0.5,True,False,False
controller,validation-000827-f2013414cdd97363-steps-7,7,1,1,False,True,False,False,N,N,0.5,True,True,False
controller,validation-000827-f2013414cdd97363-steps-8,8,1,1,False,True,False,False,N,O,0.5,True,False,False
controller,validation-000827-f2013414cdd97363-steps-9,9,1,1,False,True,False,False,N,N,0.5,True,True,False
controller,validation-000827-f2013414cdd97363-steps-10,10,1,1,False,True,False,False,N,O,0.5,True,False,False
controller,validation-000827-f2013414cdd97363-steps-11,11,1,1,False,True,False,False,N,N,0.5,True,True,False
controller,validation-000827-f2013414cdd97363-steps-12,12,1,1,False,True,False,False,N,O,0.5,True,False,False
controller,validation-000827-f2013414cdd97363-steps-13,13,1,1,False,True,False,False,N,N,0.5,True,True,False
controller,validation-000827-f2013414cdd97363-steps-14,14,1,1,False,True,False,False,N,O,0.5,True,False,False
controller,validation-000827-f2013414cdd97363-steps-15,15,1,1,False,True,False,False,N,N,0.5,True,True,False
controller,validation-000827-f2013414cdd97363-steps-16,16,1,1,False,True,False,False,N,O,0.5,True,False,False
controller,validation-000455-2b2632918e2ab0a2-steps-1,1,1,1,True,False,False,False,E,E,0.5,True,True,True
controller,validation-000455-2b2632918e2ab0a2-steps-2,2,1,1,False,True,False,False,E,T,0.5,True,False,False
controller,validation-000455-2b2632918e2ab0a2-steps-3,3,1,1,False,True,False,False,E,O,0.5,True,False,False
controller,validation-000455-2b2632918e2ab0a2-steps-4,4,1,1,False,True,False,False,E,H,0.5,True,False,False
controller,validation-000455-2b2632918e2ab0a2-steps-5,5,1,1,False,True,False,False,E,E,0.5,True,True,False
controller,validation-000455-2b2632918e2ab0a2-steps-6,6,1,1,False,True,False,False,E,T,0.5,True,False,False
controller,validation-000455-2b2632918e2ab0a2-steps-7,7,1,1,False,True,False,False,E,O,0.5,True,False,False
controller,validation-000455-2b2632918e2ab0a2-steps-8,8,1,1,False,True,False,False,E,H,0.5,True,False,False
controller,validation-000455-2b2632918e2ab0a2-steps-9,9,1,1,False,True,False,False,E,E,0.5,True,True,False
controller,validation-000455-2b2632918e2ab0a2-steps-10,10,1,1,False,True,False,False,E,T,0.5,True,False,False
controller,validation-000455-2b2632918e2ab0a2-steps-11,11,1,1,False,True,False,False,E,O,0.5,True,False,False
controller,validation-000455-2b2632918e2ab0a2-steps-12,12,1,1,False,True,False,False,E,H,0.5,True,False,False
controller,validation-000455-2b2632918e2ab0a2-steps-13,13,1,1,False,True,False,False,E,E,0.5,True,True,False
controller,validation-000455-2b2632918e2ab0a2-steps-14,14,1,1,False,True,False,False,E,T,0.5,True,False,False
controller,validation-000455-2b2632918e2ab0a2-steps-15,15,1,1,False,True,False,False,E,O,0.5,True,False,False
controller,validation-000455-2b2632918e2ab0a2-steps-16,16,1,1,False,True,False,False,E,H,0.5,True,False,False
controller,validation-001247-444ddb6218ddf1ab-steps-1,1,1,1,True,False,False,False,O,O,0.5,True,True,True
controller,validation-001247-444ddb6218ddf1ab-steps-2,2,1,1,False,True,False,False,O,L,0.5,True,False,False
controller,validation-001247-444ddb6218ddf1ab-steps-3,3,1,1,False,True,False,False,O,R,0.5,True,False,False
controller,validation-001247-444ddb6218ddf1ab-steps-4,4,1,1,False,True,False,False,O,E,0.5,True,False,False
controller,validation-001247-444ddb6218ddf1ab-steps-5,5,1,1,False,True,False,False,O,C,0.5,True,False,False
controller,validation-001247-444ddb6218ddf1ab-steps-6,6,1,1,False,True,False,False,O,F,0.5,True,False,False
controller,validation-001247-444ddb6218ddf1ab-steps-7,7,1,1,False,True,False,False,O,Y,0.5,True,False,False
controller,validation-001247-444ddb6218ddf1ab-steps-8,8,1,1,False,True,False,False,O,J,0.5,True,False,False
controller,validation-001247-444ddb6218ddf1ab-steps-9,9,1,1,False,True,False,False,O,T,0.5,True,False,False
controller,validation-001247-444ddb6218ddf1ab-steps-10,10,1,1,False,True,False,False,O,W,0.5,True,False,False
controller,validation-001247-444ddb6218ddf1ab-steps-11,11,1,1,False,True,False,False,O,K,0.5,True,False,False
controller,validation-001247-444ddb6218ddf1ab-steps-12,12,1,1,False,True,False,False,O,X,0.5,True,False,False
controller,validation-001247-444ddb6218ddf1ab-steps-13,13,1,1,False,True,False,False,O,D,0.5,True,False,False
controller,validation-001247-444ddb6218ddf1ab-steps-14,14,1,1,False,True,False,False,O,B,0.5,True,False,False
controller,validation-001247-444ddb6218ddf1ab-steps-15,15,1,1,False,True,False,False,O,H,0.5,True,False,False
controller,validation-001247-444ddb6218ddf1ab-steps-16,16,1,1,False,True,False,False,O,A,0.5,True,False,False
controller,validation-001391-56eee894f7650d8e-steps-1,1,1,1,True,False,False,False,N,N,0.5,True,True,True
controller,validation-001391-56eee894f7650d8e-steps-2,2,1,1,False,True,False,False,N,T,0.5,True,False,False
controller,validation-001391-56eee894f7650d8e-steps-3,3,1,1,False,True,False,False,N,C,0.5,True,False,False
controller,validation-001391-56eee894f7650d8e-steps-4,4,1,1,False,True,False,False,N,L,0.5,True,False,False
controller,validation-001391-56eee894f7650d8e-steps-5,5,1,1,False,True,False,False,N,C,0.5,True,False,False
controller,validation-001391-56eee894f7650d8e-steps-6,6,1,1,False,True,False,False,N,L,0.5,True,False,False
controller,validation-001391-56eee894f7650d8e-steps-7,7,1,1,False,True,False,False,N,C,0.5,True,False,False
controller,validation-001391-56eee894f7650d8e-steps-8,8,1,1,False,True,False,False,N,L,0.5,True,False,False
controller,validation-001391-56eee894f7650d8e-steps-9,9,1,1,False,True,False,False,N,C,0.5,True,False,False
controller,validation-001391-56eee894f7650d8e-steps-10,10,1,1,False,True,False,False,N,L,0.5,True,False,False
controller,validation-001391-56eee894f7650d8e-steps-11,11,1,1,False,True,False,False,N,C,0.5,True,False,False
controller,validation-001391-56eee894f7650d8e-steps-12,12,1,1,False,True,False,False,N,L,0.5,True,False,False
controller,validation-001391-56eee894f7650d8e-steps-13,13,1,1,False,True,False,False,N,C,0.5,True,False,False
controller,validation-001391-56eee894f7650d8e-steps-14,14,1,1,False,True,False,False,N,L,0.5,True,False,False
controller,validation-001391-56eee894f7650d8e-steps-15,15,1,1,False,True,False,False,N,C,0.5,True,False,False
controller,validation-001391-56eee894f7650d8e-steps-16,16,1,1,False,True,False,False,N,L,0.5,True,False,False
controller,validation-001271-34d7356fcaaddacd-steps-1,1,1,1,True,False,False,False,T,T,0.5,True,True,True
controller,validation-001271-34d7356fcaaddacd-steps-2,2,1,1,False,True,False,False,T,K,0.5,True,False,False
controller,validation-001271-34d7356fcaaddacd-steps-3,3,1,1,False,True,False,False,T,O,0.5,True,False,False
controller,validation-001271-34d7356fcaaddacd-steps-4,4,1,1,False,True,False,False,T,C,0.5,True,False,False
controller,validation-001271-34d7356fcaaddacd-steps-5,5,1,1,False,True,False,False,T,P,0.5,True,False,False
controller,validation-001271-34d7356fcaaddacd-steps-6,6,1,1,False,True,False,False,T,W,0.5,True,False,False
controller,validation-001271-34d7356fcaaddacd-steps-7,7,1,1,False,True,False,False,T,F,0.5,True,False,False
controller,validation-001271-34d7356fcaaddacd-steps-8,8,1,1,False,True,False,False,T,M,0.5,True,False,False
controller,validation-001271-34d7356fcaaddacd-steps-9,9,1,1,False,True,False,False,T,Q,0.5,True,False,False
controller,validation-001271-34d7356fcaaddacd-steps-10,10,1,1,False,True,False,False,T,V,0.5,True,False,False
controller,validation-001271-34d7356fcaaddacd-steps-11,11,1,1,False,True,False,False,T,A,0.5,True,False,False
controller,validation-001271-34d7356fcaaddacd-steps-12,12,1,1,False,True,False,False,T,U,0.5,True,False,False
controller,validation-001271-34d7356fcaaddacd-steps-13,13,1,1,False,True,False,False,T,E,0.5,True,False,False
controller,validation-001271-34d7356fcaaddacd-steps-14,14,1,1,False,True,False,False,T,H,0.5,True,False,False
controller,validation-001271-34d7356fcaaddacd-steps-15,15,1,1,False,True,False,False,T,L,0.5,True,False,False
controller,validation-001271-34d7356fcaaddacd-steps-16,16,1,1,False,True,False,False,T,N,0.5,True,False,False
controller,validation-001307-977a545007683457-steps-1,1,1,1,True,False,False,False,K,K,0.5,True,True,True
controller,validation-001307-977a545007683457-steps-2,2,1,1,False,True,False,False,K,L,0.5,True,False,False
controller,validation-001307-977a545007683457-steps-3,3,1,1,False,True,False,False,K,C,0.5,True,False,False
controller,validation-001307-977a545007683457-steps-4,4,1,1,False,True,False,False,K,W,0.5,True,False,False
controller,validation-001307-977a545007683457-steps-5,5,1,1,False,True,False,False,K,E,0.5,True,False,False
controller,validation-001307-977a545007683457-steps-6,6,1,1,False,True,False,False,K,K,0.5,True,True,False
controller,validation-001307-977a545007683457-steps-7,7,1,1,False,True,False,False,K,L,0.5,True,False,False
controller,validation-001307-977a545007683457-steps-8,8,1,1,False,True,False,False,K,C,0.5,True,False,False
controller,validation-001307-977a545007683457-steps-9,9,1,1,False,True,False,False,K,W,0.5,True,False,False
controller,validation-001307-977a545007683457-steps-10,10,1,1,False,True,False,False,K,E,0.5,True,False,False
controller,validation-001307-977a545007683457-steps-11,11,1,1,False,True,False,False,K,K,0.5,True,True,False
controller,validation-001307-977a545007683457-steps-12,12,1,1,False,True,False,False,K,L,0.5,True,False,False
controller,validation-001307-977a545007683457-steps-13,13,1,1,False,True,False,False,K,C,0.5,True,False,False
controller,validation-001307-977a545007683457-steps-14,14,1,1,False,True,False,False,K,W,0.5,True,False,False
controller,validation-001307-977a545007683457-steps-15,15,1,1,False,True,False,False,K,E,0.5,True,False,False
controller,validation-001307-977a545007683457-steps-16,16,1,1,False,True,False,False,K,K,0.5,True,True,False
controller,validation-001127-5f3007a2a286c457-steps-1,1,1,1,True,False,False,False,J,J,0.5,True,True,True
controller,validation-001127-5f3007a2a286c457-steps-2,2,1,1,False,True,False,False,J,C,0.5,True,False,False
controller,validation-001127-5f3007a2a286c457-steps-3,3,1,1,False,True,False,False,J,Y,0.5,True,False,False
controller,validation-001127-5f3007a2a286c457-steps-4,4,1,1,False,True,False,False,J,P,0.5,True,False,False
controller,validation-001127-5f3007a2a286c457-steps-5,5,1,1,False,True,False,False,J,F,0.5,True,False,False
controller,validation-001127-5f3007a2a286c457-steps-6,6,1,1,False,True,False,False,J,U,0.5,True,False,False
controller,validation-001127-5f3007a2a286c457-steps-7,7,1,1,False,True,False,False,J,V,0.5,True,False,False
controller,validation-001127-5f3007a2a286c457-steps-8,8,1,1,False,True,False,False,J,Q,0.5,True,False,False
controller,validation-001127-5f3007a2a286c457-steps-9,9,1,1,False,True,False,False,J,N,0.5,True,False,False
controller,validation-001127-5f3007a2a286c457-steps-10,10,1,1,False,True,False,False,J,I,0.5,True,False,False
controller,validation-001127-5f3007a2a286c457-steps-11,11,1,1,False,True,False,False,J,L,0.5,True,False,False
controller,validation-001127-5f3007a2a286c457-steps-12,12,1,1,False,True,False,False,J,E,0.5,True,False,False
controller,validation-001127-5f3007a2a286c457-steps-13,13,1,1,False,True,False,False,J,B,0.5,True,False,False
controller,validation-001127-5f3007a2a286c457-steps-14,14,1,1,False,True,False,False,J,R,0.5,True,False,False
controller,validation-001127-5f3007a2a286c457-steps-15,15,1,1,False,True,False,False,J,T,0.5,True,False,False
controller,validation-001127-5f3007a2a286c457-steps-16,16,1,1,False,True,False,False,J,K,0.5,True,False,False
controller,validation-000791-25a8107b06322ff2-steps-1,1,1,1,True,False,False,False,X,X,0.5,True,True,True
controller,validation-000791-25a8107b06322ff2-steps-2,2,1,1,False,True,False,False,X,D,0.5,True,False,False
controller,validation-000791-25a8107b06322ff2-steps-3,3,1,1,False,True,False,False,X,G,0.5,False,False,False
controller,validation-000791-25a8107b06322ff2-steps-4,4,1,1,False,True,False,False,X,N,0.5,False,False,False
controller,validation-000791-25a8107b06322ff2-steps-5,5,1,1,False,True,False,False,X,H,0.5,False,False,False
controller,validation-000791-25a8107b06322ff2-steps-6,6,1,1,False,True,False,False,X,L,0.5,False,False,False
controller,validation-000791-25a8107b06322ff2-steps-7,7,1,1,False,True,False,False,X,O,0.5,False,False,False
controller,validation-000791-25a8107b06322ff2-steps-8,8,1,1,False,True,False,False,X,U,0.5,False,False,False
controller,validation-000791-25a8107b06322ff2-steps-9,9,1,1,False,True,False,False,X,P,0.5,False,False,False
controller,validation-000791-25a8107b06322ff2-steps-10,10,1,1,False,True,False,False,X,C,0.5,False,False,False
controller,validation-000791-25a8107b06322ff2-steps-11,11,1,1,False,True,False,False,X,R,0.5,False,False,False
controller,validation-000791-25a8107b06322ff2-steps-12,12,1,1,False,True,False,False,X,S,0.5,False,False,False
controller,validation-000791-25a8107b06322ff2-steps-13,13,1,1,False,True,False,False,X,V,0.5,False,False,False
controller,validation-000791-25a8107b06322ff2-steps-14,14,1,1,False,True,False,False,X,I,0.5,False,False,False
controller,validation-000791-25a8107b06322ff2-steps-15,15,1,1,False,True,False,False,X,F,0.5,False,False,False
controller,validation-000791-25a8107b06322ff2-steps-16,16,1,1,False,True,False,False,X,W,0.5,False,False,False
controller,validation-000071-f1cf37317232dd54-steps-1,1,1,1,True,False,False,False,V,V,0.5,True,True,True
controller,validation-000071-f1cf37317232dd54-steps-2,2,1,1,False,True,False,False,V,D,0.5,True,False,False
controller,validation-000071-f1cf37317232dd54-steps-3,3,1,1,False,True,False,False,V,Y,0.5,True,False,False
controller,validation-000071-f1cf37317232dd54-steps-4,4,1,1,False,True,False,False,V,S,0.5,True,False,False
controller,validation-000071-f1cf37317232dd54-steps-5,5,1,1,False,True,False,False,V,K,0.5,True,False,False
controller,validation-000071-f1cf37317232dd54-steps-6,6,1,1,False,True,False,False,V,H,0.5,True,False,False
controller,validation-000071-f1cf37317232dd54-steps-7,7,1,1,False,True,False,False,V,F,0.5,True,False,False
controller,validation-000071-f1cf37317232dd54-steps-8,8,1,1,False,True,False,False,V,X,0.5,True,False,False
controller,validation-000071-f1cf37317232dd54-steps-9,9,1,1,False,True,False,False,V,J,0.5,True,False,False
controller,validation-000071-f1cf37317232dd54-steps-10,10,1,1,False,True,False,False,V,K,0.5,True,False,False
controller,validation-000071-f1cf37317232dd54-steps-11,11,1,1,False,True,False,False,V,H,0.5,True,False,False
controller,validation-000071-f1cf37317232dd54-steps-12,12,1,1,False,True,False,False,V,F,0.5,True,False,False
controller,validation-000071-f1cf37317232dd54-steps-13,13,1,1,False,True,False,False,V,X,0.5,True,False,False
controller,validation-000071-f1cf37317232dd54-steps-14,14,1,1,False,True,False,False,V,J,0.5,True,False,False
controller,validation-000071-f1cf37317232dd54-steps-15,15,1,1,False,True,False,False,V,K,0.5,True,False,False
controller,validation-000071-f1cf37317232dd54-steps-16,16,1,1,False,True,False,False,V,H,0.5,True,False,False
controller,validation-000731-4393f9c59664fe67-steps-1,1,1,1,True,False,False,False,U,U,0.5,True,True,True
controller,validation-000731-4393f9c59664fe67-steps-2,2,1,1,False,True,False,False,U,W,0.5,True,False,False
controller,validation-000731-4393f9c59664fe67-steps-3,3,1,1,False,True,False,False,U,K,0.5,True,False,False
controller,validation-000731-4393f9c59664fe67-steps-4,4,1,1,False,True,False,False,U,T,0.5,True,False,False
controller,validation-000731-4393f9c59664fe67-steps-5,5,1,1,False,True,False,False,U,S,0.5,True,False,False
controller,validation-000731-4393f9c59664fe67-steps-6,6,1,1,False,True,False,False,U,X,0.5,True,False,False
controller,validation-000731-4393f9c59664fe67-steps-7,7,1,1,False,True,False,False,U,V,0.5,True,False,False
controller,validation-000731-4393f9c59664fe67-steps-8,8,1,1,False,True,False,False,U,H,0.5,True,False,False
controller,validation-000731-4393f9c59664fe67-steps-9,9,1,1,False,True,False,False,U,E,0.5,True,False,False
controller,validation-000731-4393f9c59664fe67-steps-10,10,1,1,False,True,False,False,U,C,0.5,True,False,False
controller,validation-000731-4393f9c59664fe67-steps-11,11,1,1,False,True,False,False,U,Y,0.5,True,False,False
controller,validation-000731-4393f9c59664fe67-steps-12,12,1,1,False,True,False,False,U,O,0.5,True,False,False
controller,validation-000731-4393f9c59664fe67-steps-13,13,1,1,False,True,False,False,U,F,0.5,True,False,False
controller,validation-000731-4393f9c59664fe67-steps-14,14,1,1,False,True,False,False,U,D,0.5,True,False,False
controller,validation-000731-4393f9c59664fe67-steps-15,15,1,1,False,True,False,False,U,Z,0.5,True,False,False
controller,validation-000731-4393f9c59664fe67-steps-16,16,1,1,False,True,False,False,U,P,0.5,True,False,False
controller,validation-001451-0d9b3dab240a73d9-steps-1,1,1,1,True,False,False,False,G,G,0.5,True,True,True
controller,validation-001451-0d9b3dab240a73d9-steps-2,2,1,1,False,True,False,False,G,M,0.5,True,False,False
controller,validation-001451-0d9b3dab240a73d9-steps-3,3,1,1,False,True,False,False,G,Y,0.5,True,False,False
controller,validation-001451-0d9b3dab240a73d9-steps-4,4,1,1,False,True,False,False,G,L,0.5,True,False,False
controller,validation-001451-0d9b3dab240a73d9-steps-5,5,1,1,False,True,False,False,G,K,0.5,True,False,False
controller,validation-001451-0d9b3dab240a73d9-steps-6,6,1,1,False,True,False,False,G,U,0.5,True,False,False
controller,validation-001451-0d9b3dab240a73d9-steps-7,7,1,1,False,True,False,False,G,V,0.5,True,False,False
controller,validation-001451-0d9b3dab240a73d9-steps-8,8,1,1,False,True,False,False,G,D,0.5,True,False,False
controller,validation-001451-0d9b3dab240a73d9-steps-9,9,1,1,False,True,False,False,G,X,0.5,True,False,False
controller,validation-001451-0d9b3dab240a73d9-steps-10,10,1,1,False,True,False,False,G,E,0.5,True,False,False
controller,validation-001451-0d9b3dab240a73d9-steps-11,11,1,1,False,True,False,False,G,B,0.5,True,False,False
controller,validation-001451-0d9b3dab240a73d9-steps-12,12,1,1,False,True,False,False,G,M,0.5,True,False,False
controller,validation-001451-0d9b3dab240a73d9-steps-13,13,1,1,False,True,False,False,G,Y,0.5,True,False,False
controller,validation-001451-0d9b3dab240a73d9-steps-14,14,1,1,False,True,False,False,G,L,0.5,True,False,False
controller,validation-001451-0d9b3dab240a73d9-steps-15,15,1,1,False,True,False,False,G,K,0.5,True,False,False
controller,validation-001451-0d9b3dab240a73d9-steps-16,16,1,1,False,True,False,False,G,U,0.5,True,False,False
controller,validation-000203-8d05d3eccae0a505-steps-1,1,1,1,True,False,False,False,J,J,0.5,True,True,True
controller,validation-000203-8d05d3eccae0a505-steps-2,2,1,1,False,True,False,False,J,J,0.5,True,True,False
controller,validation-000203-8d05d3eccae0a505-steps-3,3,1,1,False,True,False,False,J,J,0.5,True,True,False
controller,validation-000203-8d05d3eccae0a505-steps-4,4,1,1,False,True,False,False,J,J,0.5,True,True,False
controller,validation-000203-8d05d3eccae0a505-steps-5,5,1,1,False,True,False,False,J,J,0.5,True,True,False
controller,validation-000203-8d05d3eccae0a505-steps-6,6,1,1,False,True,False,False,J,J,0.5,True,True,False
controller,validation-000203-8d05d3eccae0a505-steps-7,7,1,1,False,True,False,False,J,J,0.5,True,True,False
controller,validation-000203-8d05d3eccae0a505-steps-8,8,1,1,False,True,False,False,J,J,0.5,True,True,False
controller,validation-000203-8d05d3eccae0a505-steps-9,9,1,1,False,True,False,False,J,J,0.5,True,True,False
controller,validation-000203-8d05d3eccae0a505-steps-10,10,1,1,False,True,False,False,J,J,0.5,True,True,False
controller,validation-000203-8d05d3eccae0a505-steps-11,11,1,1,False,True,False,False,J,J,0.5,True,True,False
controller,validation-000203-8d05d3eccae0a505-steps-12,12,1,1,False,True,False,False,J,J,0.5,True,True,False
controller,validation-000203-8d05d3eccae0a505-steps-13,13,1,1,False,True,False,False,J,J,0.5,True,True,False
controller,validation-000203-8d05d3eccae0a505-steps-14,14,1,1,False,True,False,False,J,J,0.5,True,True,False
controller,validation-000203-8d05d3eccae0a505-steps-15,15,1,1,False,True,False,False,J,J,0.5,True,True,False
controller,validation-000203-8d05d3eccae0a505-steps-16,16,1,1,False,True,False,False,J,J,0.5,True,True,False
controller,validation-000347-2eb9df801e1e63ec-steps-1,1,1,1,True,False,False,False,G,G,0.5,True,True,True
controller,validation-000347-2eb9df801e1e63ec-steps-2,2,1,1,False,True,False,False,G,E,0.5,True,False,False
controller,validation-000347-2eb9df801e1e63ec-steps-3,3,1,1,False,True,False,False,G,D,0.5,True,False,False
controller,validation-000347-2eb9df801e1e63ec-steps-4,4,1,1,False,True,False,False,G,C,0.5,True,False,False
controller,validation-000347-2eb9df801e1e63ec-steps-5,5,1,1,False,True,False,False,G,E,0.5,True,False,False
controller,validation-000347-2eb9df801e1e63ec-steps-6,6,1,1,False,True,False,False,G,D,0.5,True,False,False
controller,validation-000347-2eb9df801e1e63ec-steps-7,7,1,1,False,True,False,False,G,C,0.5,True,False,False
controller,validation-000347-2eb9df801e1e63ec-steps-8,8,1,1,False,True,False,False,G,E,0.5,True,False,False
controller,validation-000347-2eb9df801e1e63ec-steps-9,9,1,1,False,True,False,False,G,D,0.5,True,False,False
controller,validation-000347-2eb9df801e1e63ec-steps-10,10,1,1,False,True,False,False,G,C,0.5,True,False,False
controller,validation-000347-2eb9df801e1e63ec-steps-11,11,1,1,False,True,False,False,G,E,0.5,True,False,False
controller,validation-000347-2eb9df801e1e63ec-steps-12,12,1,1,False,True,False,False,G,D,0.5,True,False,False
controller,validation-000347-2eb9df801e1e63ec-steps-13,13,1,1,False,True,False,False,G,C,0.5,True,False,False
controller,validation-000347-2eb9df801e1e63ec-steps-14,14,1,1,False,True,False,False,G,E,0.5,True,False,False
controller,validation-000347-2eb9df801e1e63ec-steps-15,15,1,1,False,True,False,False,G,D,0.5,True,False,False
controller,validation-000347-2eb9df801e1e63ec-steps-16,16,1,1,False,True,False,False,G,C,0.5,True,False,False
controller,validation-001379-bc0ce66067e0cc0b-steps-1,1,1,1,True,False,False,False,C,C,0.5,True,True,True
controller,validation-001379-bc0ce66067e0cc0b-steps-2,2,1,1,False,True,False,False,C,A,0.5,True,False,False
controller,validation-001379-bc0ce66067e0cc0b-steps-3,3,1,1,False,True,False,False,C,H,0.5,True,False,False
controller,validation-001379-bc0ce66067e0cc0b-steps-4,4,1,1,False,True,False,False,C,L,0.5,True,False,False
controller,validation-001379-bc0ce66067e0cc0b-steps-5,5,1,1,False,True,False,False,C,I,0.5,True,False,False
controller,validation-001379-bc0ce66067e0cc0b-steps-6,6,1,1,False,True,False,False,C,X,0.5,True,False,False
controller,validation-001379-bc0ce66067e0cc0b-steps-7,7,1,1,False,True,False,False,C,Q,0.5,True,False,False
controller,validation-001379-bc0ce66067e0cc0b-steps-8,8,1,1,False,True,False,False,C,S,0.5,True,False,False
controller,validation-001379-bc0ce66067e0cc0b-steps-9,9,1,1,False,True,False,False,C,J,0.5,True,False,False
controller,validation-001379-bc0ce66067e0cc0b-steps-10,10,1,1,False,True,False,False,C,G,0.5,True,False,False
controller,validation-001379-bc0ce66067e0cc0b-steps-11,11,1,1,False,True,False,False,C,V,0.5,True,False,False
controller,validation-001379-bc0ce66067e0cc0b-steps-12,12,1,1,False,True,False,False,C,B,0.5,True,False,False
controller,validation-001379-bc0ce66067e0cc0b-steps-13,13,1,1,False,True,False,False,C,C,0.5,True,True,False
controller,validation-001379-bc0ce66067e0cc0b-steps-14,14,1,1,False,True,False,False,C,A,0.5,True,False,False
controller,validation-001379-bc0ce66067e0cc0b-steps-15,15,1,1,False,True,False,False,C,H,0.5,True,False,False
controller,validation-001379-bc0ce66067e0cc0b-steps-16,16,1,1,False,True,False,False,C,L,0.5,True,False,False
controller,validation-000515-42e2480d7f6675c0-steps-1,1,1,1,True,False,False,False,B,B,0.5,True,True,True
controller,validation-000515-42e2480d7f6675c0-steps-2,2,1,1,False,True,False,False,B,V,0.5,True,False,False
controller,validation-000515-42e2480d7f6675c0-steps-3,3,1,1,False,True,False,False,B,K,0.5,True,False,False
controller,validation-000515-42e2480d7f6675c0-steps-4,4,1,1,False,True,False,False,B,S,0.5,True,False,False
controller,validation-000515-42e2480d7f6675c0-steps-5,5,1,1,False,True,False,False,B,R,0.5,True,False,False
controller,validation-000515-42e2480d7f6675c0-steps-6,6,1,1,False,True,False,False,B,M,0.5,True,False,False
controller,validation-000515-42e2480d7f6675c0-steps-7,7,1,1,False,True,False,False,B,F,0.5,True,False,False
controller,validation-000515-42e2480d7f6675c0-steps-8,8,1,1,False,True,False,False,B,H,0.5,True,False,False
controller,validation-000515-42e2480d7f6675c0-steps-9,9,1,1,False,True,False,False,B,Z,0.5,True,False,False
controller,validation-000515-42e2480d7f6675c0-steps-10,10,1,1,False,True,False,False,B,B,0.5,True,True,False
controller,validation-000515-42e2480d7f6675c0-steps-11,11,1,1,False,True,False,False,B,V,0.5,True,False,False
controller,validation-000515-42e2480d7f6675c0-steps-12,12,1,1,False,True,False,False,B,K,0.5,True,False,False
controller,validation-000515-42e2480d7f6675c0-steps-13,13,1,1,False,True,False,False,B,S,0.5,True,False,False
controller,validation-000515-42e2480d7f6675c0-steps-14,14,1,1,False,True,False,False,B,R,0.5,True,False,False
controller,validation-000515-42e2480d7f6675c0-steps-15,15,1,1,False,True,False,False,B,M,0.5,True,False,False
controller,validation-000515-42e2480d7f6675c0-steps-16,16,1,1,False,True,False,False,B,F,0.5,True,False,False
controller,validation-001115-49ae36b759545f7f-steps-1,1,1,1,True,False,False,False,W,W,0.5,True,True,True
controller,validation-001115-49ae36b759545f7f-steps-2,2,1,1,False,True,False,False,W,Y,0.5,True,False,False
controller,validation-001115-49ae36b759545f7f-steps-3,3,1,1,False,True,False,False,W,I,0.5,True,False,False
controller,validation-001115-49ae36b759545f7f-steps-4,4,1,1,False,True,False,False,W,R,0.5,True,False,False
controller,validation-001115-49ae36b759545f7f-steps-5,5,1,1,False,True,False,False,W,Q,0.5,True,False,False
controller,validation-001115-49ae36b759545f7f-steps-6,6,1,1,False,True,False,False,W,M,0.5,True,False,False
controller,validation-001115-49ae36b759545f7f-steps-7,7,1,1,False,True,False,False,W,U,0.5,True,False,False
controller,validation-001115-49ae36b759545f7f-steps-8,8,1,1,False,True,False,False,W,A,0.5,True,False,False
controller,validation-001115-49ae36b759545f7f-steps-9,9,1,1,False,True,False,False,W,P,0.5,True,False,False
controller,validation-001115-49ae36b759545f7f-steps-10,10,1,1,False,True,False,False,W,F,0.5,True,False,False
controller,validation-001115-49ae36b759545f7f-steps-11,11,1,1,False,True,False,False,W,X,0.5,True,False,False
controller,validation-001115-49ae36b759545f7f-steps-12,12,1,1,False,True,False,False,W,C,0.5,True,False,False
controller,validation-001115-49ae36b759545f7f-steps-13,13,1,1,False,True,False,False,W,S,0.5,True,False,False
controller,validation-001115-49ae36b759545f7f-steps-14,14,1,1,False,True,False,False,W,J,0.5,True,False,False
controller,validation-001115-49ae36b759545f7f-steps-15,15,1,1,False,True,False,False,W,O,0.5,True,False,False
controller,validation-001115-49ae36b759545f7f-steps-16,16,1,1,False,True,False,False,W,G,0.5,True,False,False
controller,validation-000623-be05128a685137c7-steps-1,1,1,1,True,False,False,False,S,S,0.5,True,True,True
controller,validation-000623-be05128a685137c7-steps-2,2,1,1,False,True,False,False,S,C,0.5,True,False,False
controller,validation-000623-be05128a685137c7-steps-3,3,1,1,False,True,False,False,S,P,0.5,True,False,False
controller,validation-000623-be05128a685137c7-steps-4,4,1,1,False,True,False,False,S,X,0.5,True,False,False
controller,validation-000623-be05128a685137c7-steps-5,5,1,1,False,True,False,False,S,U,0.5,True,False,False
controller,validation-000623-be05128a685137c7-steps-6,6,1,1,False,True,False,False,S,Z,0.5,True,False,False
controller,validation-000623-be05128a685137c7-steps-7,7,1,1,False,True,False,False,S,M,0.5,True,False,False
controller,validation-000623-be05128a685137c7-steps-8,8,1,1,False,True,False,False,S,D,0.5,True,False,False
controller,validation-000623-be05128a685137c7-steps-9,9,1,1,False,True,False,False,S,Y,0.5,True,False,False
controller,validation-000623-be05128a685137c7-steps-10,10,1,1,False,True,False,False,S,T,0.5,True,False,False
controller,validation-000623-be05128a685137c7-steps-11,11,1,1,False,True,False,False,S,V,0.5,True,False,False
controller,validation-000623-be05128a685137c7-steps-12,12,1,1,False,True,False,False,S,O,0.5,True,False,False
controller,validation-000623-be05128a685137c7-steps-13,13,1,1,False,True,False,False,S,K,0.5,True,False,False
controller,validation-000623-be05128a685137c7-steps-14,14,1,1,False,True,False,False,S,F,0.5,True,False,False
controller,validation-000623-be05128a685137c7-steps-15,15,1,1,False,True,False,False,S,E,0.5,True,False,False
controller,validation-000623-be05128a685137c7-steps-16,16,1,1,False,True,False,False,S,B,0.5,True,False,False
controller,validation-000719-ca05a30da35e7e55-steps-1,1,1,1,True,False,False,False,C,C,0.5,True,True,True
controller,validation-000719-ca05a30da35e7e55-steps-2,2,1,1,False,True,False,False,C,L,0.5,True,False,False
controller,validation-000719-ca05a30da35e7e55-steps-3,3,1,1,False,True,False,False,C,V,0.5,True,False,False
controller,validation-000719-ca05a30da35e7e55-steps-4,4,1,1,False,True,False,False,C,R,0.5,True,False,False
controller,validation-000719-ca05a30da35e7e55-steps-5,5,1,1,False,True,False,False,C,P,0.5,True,False,False
controller,validation-000719-ca05a30da35e7e55-steps-6,6,1,1,False,True,False,False,C,Q,0.5,True,False,False
controller,validation-000719-ca05a30da35e7e55-steps-7,7,1,1,False,True,False,False,C,G,0.5,True,False,False
controller,validation-000719-ca05a30da35e7e55-steps-8,8,1,1,False,True,False,False,C,J,0.5,True,False,False
controller,validation-000719-ca05a30da35e7e55-steps-9,9,1,1,False,True,False,False,C,M,0.5,True,False,False
controller,validation-000719-ca05a30da35e7e55-steps-10,10,1,1,False,True,False,False,C,F,0.5,True,False,False
controller,validation-000719-ca05a30da35e7e55-steps-11,11,1,1,False,True,False,False,C,D,0.5,True,False,False
controller,validation-000719-ca05a30da35e7e55-steps-12,12,1,1,False,True,False,False,C,A,0.5,True,False,False
controller,validation-000719-ca05a30da35e7e55-steps-13,13,1,1,False,True,False,False,C,X,0.5,True,False,False
controller,validation-000719-ca05a30da35e7e55-steps-14,14,1,1,False,True,False,False,C,U,0.5,True,False,False
controller,validation-000719-ca05a30da35e7e55-steps-15,15,1,1,False,True,False,False,C,O,0.5,True,False,False
controller,validation-000719-ca05a30da35e7e55-steps-16,16,1,1,False,True,False,False,C,E,0.5,True,False,False
controller,validation-000815-c33316a41f401a96-steps-1,1,1,1,True,False,False,False,I,I,0.5,True,True,True
controller,validation-000815-c33316a41f401a96-steps-2,2,1,1,False,True,False,False,I,Q,0.5,True,False,False
controller,validation-000815-c33316a41f401a96-steps-3,3,1,1,False,True,False,False,I,X,0.5,True,False,False
controller,validation-000815-c33316a41f401a96-steps-4,4,1,1,False,True,False,False,I,U,0.5,True,False,False
controller,validation-000815-c33316a41f401a96-steps-5,5,1,1,False,True,False,False,I,V,0.5,True,False,False
controller,validation-000815-c33316a41f401a96-steps-6,6,1,1,False,True,False,False,I,O,0.5,True,False,False
controller,validation-000815-c33316a41f401a96-steps-7,7,1,1,False,True,False,False,I,D,0.5,True,False,False
controller,validation-000815-c33316a41f401a96-steps-8,8,1,1,False,True,False,False,I,M,0.5,True,False,False
controller,validation-000815-c33316a41f401a96-steps-9,9,1,1,False,True,False,False,I,I,0.5,True,True,False
controller,validation-000815-c33316a41f401a96-steps-10,10,1,1,False,True,False,False,I,Q,0.5,True,False,False
controller,validation-000815-c33316a41f401a96-steps-11,11,1,1,False,True,False,False,I,X,0.5,True,False,False
controller,validation-000815-c33316a41f401a96-steps-12,12,1,1,False,True,False,False,I,U,0.5,True,False,False
controller,validation-000815-c33316a41f401a96-steps-13,13,1,1,False,True,False,False,I,V,0.5,True,False,False
controller,validation-000815-c33316a41f401a96-steps-14,14,1,1,False,True,False,False,I,O,0.5,True,False,False
controller,validation-000815-c33316a41f401a96-steps-15,15,1,1,False,True,False,False,I,D,0.5,True,False,False
controller,validation-000815-c33316a41f401a96-steps-16,16,1,1,False,True,False,False,I,M,0.5,True,False,False
controller,validation-000407-56ac03610bbff5a1-steps-1,1,1,1,True,False,False,False,B,B,0.5,True,True,True
controller,validation-000407-56ac03610bbff5a1-steps-2,2,1,1,False,True,False,False,B,C,0.5,True,False,False
controller,validation-000407-56ac03610bbff5a1-steps-3,3,1,1,False,True,False,False,B,X,0.5,True,False,False
controller,validation-000407-56ac03610bbff5a1-steps-4,4,1,1,False,True,False,False,B,W,0.5,True,False,False
controller,validation-000407-56ac03610bbff5a1-steps-5,5,1,1,False,True,False,False,B,L,0.5,True,False,False
controller,validation-000407-56ac03610bbff5a1-steps-6,6,1,1,False,True,False,False,B,Z,0.5,True,False,False
controller,validation-000407-56ac03610bbff5a1-steps-7,7,1,1,False,True,False,False,B,G,0.5,True,False,False
controller,validation-000407-56ac03610bbff5a1-steps-8,8,1,1,False,True,False,False,B,V,0.5,True,False,False
controller,validation-000407-56ac03610bbff5a1-steps-9,9,1,1,False,True,False,False,B,U,0.5,True,False,False
controller,validation-000407-56ac03610bbff5a1-steps-10,10,1,1,False,True,False,False,B,L,0.5,True,False,False
controller,validation-000407-56ac03610bbff5a1-steps-11,11,1,1,False,True,False,False,B,Z,0.5,True,False,False
controller,validation-000407-56ac03610bbff5a1-steps-12,12,1,1,False,True,False,False,B,G,0.5,True,False,False
controller,validation-000407-56ac03610bbff5a1-steps-13,13,1,1,False,True,False,False,B,V,0.5,True,False,False
controller,validation-000407-56ac03610bbff5a1-steps-14,14,1,1,False,True,False,False,B,U,0.5,True,False,False
controller,validation-000407-56ac03610bbff5a1-steps-15,15,1,1,False,True,False,False,B,L,0.5,True,False,False
controller,validation-000407-56ac03610bbff5a1-steps-16,16,1,1,False,True,False,False,B,Z,0.5,True,False,False
controller,validation-001103-090f777e061c501f-steps-1,1,1,1,True,False,False,False,O,O,0.5,True,True,True
controller,validation-001103-090f777e061c501f-steps-2,2,1,1,False,True,False,False,O,Y,0.5,True,False,False
controller,validation-001103-090f777e061c501f-steps-3,3,1,1,False,True,False,False,O,U,0.5,True,False,False
controller,validation-001103-090f777e061c501f-steps-4,4,1,1,False,True,False,False,O,B,0.5,True,False,False
controller,validation-001103-090f777e061c501f-steps-5,5,1,1,False,True,False,False,O,Q,0.5,True,False,False
controller,validation-001103-090f777e061c501f-steps-6,6,1,1,False,True,False,False,O,J,0.5,True,False,False
controller,validation-001103-090f777e061c501f-steps-7,7,1,1,False,True,False,False,O,M,0.5,True,False,False
controller,validation-001103-090f777e061c501f-steps-8,8,1,1,False,True,False,False,O,W,0.5,True,False,False
controller,validation-001103-090f777e061c501f-steps-9,9,1,1,False,True,False,False,O,P,0.5,True,False,False
controller,validation-001103-090f777e061c501f-steps-10,10,1,1,False,True,False,False,O,F,0.5,True,False,False
controller,validation-001103-090f777e061c501f-steps-11,11,1,1,False,True,False,False,O,I,0.5,True,False,False
controller,validation-001103-090f777e061c501f-steps-12,12,1,1,False,True,False,False,O,N,0.5,True,False,False
controller,validation-001103-090f777e061c501f-steps-13,13,1,1,False,True,False,False,O,A,0.5,True,False,False
controller,validation-001103-090f777e061c501f-steps-14,14,1,1,False,True,False,False,O,E,0.5,True,False,False
controller,validation-001103-090f777e061c501f-steps-15,15,1,1,False,True,False,False,O,L,0.5,True,False,False
controller,validation-001103-090f777e061c501f-steps-16,16,1,1,False,True,False,False,O,H,0.5,True,False,False
controller,validation-001355-399948b60e04683c-steps-1,1,1,1,True,False,False,False,B,B,0.5,True,True,True
controller,validation-001355-399948b60e04683c-steps-2,2,1,1,False,True,False,False,B,D,0.5,True,False,False
controller,validation-001355-399948b60e04683c-steps-3,3,1,1,False,True,False,False,B,C,0.5,True,False,False
controller,validation-001355-399948b60e04683c-steps-4,4,1,1,False,True,False,False,B,Y,0.5,True,False,False
controller,validation-001355-399948b60e04683c-steps-5,5,1,1,False,True,False,False,B,L,0.5,True,False,False
controller,validation-001355-399948b60e04683c-steps-6,6,1,1,False,True,False,False,B,H,0.5,True,False,False
controller,validation-001355-399948b60e04683c-steps-7,7,1,1,False,True,False,False,B,A,0.5,True,False,False
controller,validation-001355-399948b60e04683c-steps-8,8,1,1,False,True,False,False,B,R,0.5,True,False,False
controller,validation-001355-399948b60e04683c-steps-9,9,1,1,False,True,False,False,B,B,0.5,True,True,False
controller,validation-001355-399948b60e04683c-steps-10,10,1,1,False,True,False,False,B,D,0.5,True,False,False
controller,validation-001355-399948b60e04683c-steps-11,11,1,1,False,True,False,False,B,C,0.5,True,False,False
controller,validation-001355-399948b60e04683c-steps-12,12,1,1,False,True,False,False,B,Y,0.5,True,False,False
controller,validation-001355-399948b60e04683c-steps-13,13,1,1,False,True,False,False,B,L,0.5,True,False,False
controller,validation-001355-399948b60e04683c-steps-14,14,1,1,False,True,False,False,B,H,0.5,True,False,False
controller,validation-001355-399948b60e04683c-steps-15,15,1,1,False,True,False,False,B,A,0.5,True,False,False
controller,validation-001355-399948b60e04683c-steps-16,16,1,1,False,True,False,False,B,R,0.5,True,False,False
controller,validation-000839-0abb4e23a4ccfff3-steps-1,1,1,1,True,False,False,False,T,T,0.5,True,True,True
controller,validation-000839-0abb4e23a4ccfff3-steps-2,2,1,1,False,True,False,False,T,T,0.5,True,True,False
controller,validation-000839-0abb4e23a4ccfff3-steps-3,3,1,1,False,True,False,False,T,T,0.5,True,True,False
controller,validation-000839-0abb4e23a4ccfff3-steps-4,4,1,1,False,True,False,False,T,T,0.5,True,True,False
controller,validation-000839-0abb4e23a4ccfff3-steps-5,5,1,1,False,True,False,False,T,T,0.5,True,True,False
controller,validation-000839-0abb4e23a4ccfff3-steps-6,6,1,1,False,True,False,False,T,T,0.5,True,True,False
controller,validation-000839-0abb4e23a4ccfff3-steps-7,7,1,1,False,True,False,False,T,T,0.5,True,True,False
controller,validation-000839-0abb4e23a4ccfff3-steps-8,8,1,1,False,True,False,False,T,T,0.5,True,True,False
controller,validation-000839-0abb4e23a4ccfff3-steps-9,9,1,1,False,True,False,False,T,T,0.5,True,True,False
controller,validation-000839-0abb4e23a4ccfff3-steps-10,10,1,1,False,True,False,False,T,T,0.5,True,True,False
controller,validation-000839-0abb4e23a4ccfff3-steps-11,11,1,1,False,True,False,False,T,T,0.5,True,True,False
controller,validation-000839-0abb4e23a4ccfff3-steps-12,12,1,1,False,True,False,False,T,T,0.5,True,True,False
controller,validation-000839-0abb4e23a4ccfff3-steps-13,13,1,1,False,True,False,False,T,T,0.5,True,True,False
controller,validation-000839-0abb4e23a4ccfff3-steps-14,14,1,1,False,True,False,False,T,T,0.5,True,True,False
controller,validation-000839-0abb4e23a4ccfff3-steps-15,15,1,1,False,True,False,False,T,T,0.5,True,True,False
controller,validation-000839-0abb4e23a4ccfff3-steps-16,16,1,1,False,True,False,False,T,T,0.5,True,True,False
controller,validation-000239-5754984db78c8259-steps-1,1,1,1,True,False,False,False,W,W,0.5,True,True,True
controller,validation-000239-5754984db78c8259-steps-2,2,1,1,False,True,False,False,W,U,0.5,True,False,False
controller,validation-000239-5754984db78c8259-steps-3,3,1,1,False,True,False,False,W,F,0.5,True,False,False
controller,validation-000239-5754984db78c8259-steps-4,4,1,1,False,True,False,False,W,R,0.5,True,False,False
controller,validation-000239-5754984db78c8259-steps-5,5,1,1,False,True,False,False,W,P,0.5,True,False,False
controller,validation-000239-5754984db78c8259-steps-6,6,1,1,False,True,False,False,W,I,0.5,True,False,False
controller,validation-000239-5754984db78c8259-steps-7,7,1,1,False,True,False,False,W,Y,0.5,True,False,False
controller,validation-000239-5754984db78c8259-steps-8,8,1,1,False,True,False,False,W,K,0.5,True,False,False
controller,validation-000239-5754984db78c8259-steps-9,9,1,1,False,True,False,False,W,Z,0.5,True,False,False
controller,validation-000239-5754984db78c8259-steps-10,10,1,1,False,True,False,False,W,O,0.5,True,False,False
controller,validation-000239-5754984db78c8259-steps-11,11,1,1,False,True,False,False,W,K,0.5,True,False,False
controller,validation-000239-5754984db78c8259-steps-12,12,1,1,False,True,False,False,W,Z,0.5,True,False,False
controller,validation-000239-5754984db78c8259-steps-13,13,1,1,False,True,False,False,W,O,0.5,True,False,False
controller,validation-000239-5754984db78c8259-steps-14,14,1,1,False,True,False,False,W,K,0.5,True,False,False
controller,validation-000239-5754984db78c8259-steps-15,15,1,1,False,True,False,False,W,Z,0.5,True,False,False
controller,validation-000239-5754984db78c8259-steps-16,16,1,1,False,True,False,False,W,O,0.5,True,False,False
controller,validation-000935-fbcd1eff2f2b2f3d-steps-1,1,1,1,True,False,False,False,O,O,0.5,True,True,True
controller,validation-000935-fbcd1eff2f2b2f3d-steps-2,2,1,1,False,True,False,False,O,H,0.5,True,False,False
controller,validation-000935-fbcd1eff2f2b2f3d-steps-3,3,1,1,False,True,False,False,O,C,0.5,True,False,False
controller,validation-000935-fbcd1eff2f2b2f3d-steps-4,4,1,1,False,True,False,False,O,Y,0.5,True,False,False
controller,validation-000935-fbcd1eff2f2b2f3d-steps-5,5,1,1,False,True,False,False,O,P,0.5,True,False,False
controller,validation-000935-fbcd1eff2f2b2f3d-steps-6,6,1,1,False,True,False,False,O,M,0.5,True,False,False
controller,validation-000935-fbcd1eff2f2b2f3d-steps-7,7,1,1,False,True,False,False,O,P,0.5,True,False,False
controller,validation-000935-fbcd1eff2f2b2f3d-steps-8,8,1,1,False,True,False,False,O,M,0.5,True,False,False
controller,validation-000935-fbcd1eff2f2b2f3d-steps-9,9,1,1,False,True,False,False,O,P,0.5,True,False,False
controller,validation-000935-fbcd1eff2f2b2f3d-steps-10,10,1,1,False,True,False,False,O,M,0.5,True,False,False
controller,validation-000935-fbcd1eff2f2b2f3d-steps-11,11,1,1,False,True,False,False,O,P,0.5,True,False,False
controller,validation-000935-fbcd1eff2f2b2f3d-steps-12,12,1,1,False,True,False,False,O,M,0.5,True,False,False
controller,validation-000935-fbcd1eff2f2b2f3d-steps-13,13,1,1,False,True,False,False,O,P,0.5,True,False,False
controller,validation-000935-fbcd1eff2f2b2f3d-steps-14,14,1,1,False,True,False,False,O,M,0.5,True,False,False
controller,validation-000935-fbcd1eff2f2b2f3d-steps-15,15,1,1,False,True,False,False,O,P,0.5,True,False,False
controller,validation-000935-fbcd1eff2f2b2f3d-steps-16,16,1,1,False,True,False,False,O,M,0.5,True,False,False
controller,validation-000563-eb37580fbcb9fb0b-steps-1,1,1,1,True,False,False,False,W,W,0.5,True,True,True
controller,validation-000563-eb37580fbcb9fb0b-steps-2,2,1,1,False,True,False,False,W,O,0.5,True,False,False
controller,validation-000563-eb37580fbcb9fb0b-steps-3,3,1,1,False,True,False,False,W,B,0.5,True,False,False
controller,validation-000563-eb37580fbcb9fb0b-steps-4,4,1,1,False,True,False,False,W,H,0.5,True,False,False
controller,validation-000563-eb37580fbcb9fb0b-steps-5,5,1,1,False,True,False,False,W,N,0.5,True,False,False
controller,validation-000563-eb37580fbcb9fb0b-steps-6,6,1,1,False,True,False,False,W,X,0.5,True,False,False
controller,validation-000563-eb37580fbcb9fb0b-steps-7,7,1,1,False,True,False,False,W,V,0.5,True,False,False
controller,validation-000563-eb37580fbcb9fb0b-steps-8,8,1,1,False,True,False,False,W,S,0.5,True,False,False
controller,validation-000563-eb37580fbcb9fb0b-steps-9,9,1,1,False,True,False,False,W,E,0.5,True,False,False
controller,validation-000563-eb37580fbcb9fb0b-steps-10,10,1,1,False,True,False,False,W,D,0.5,True,False,False
controller,validation-000563-eb37580fbcb9fb0b-steps-11,11,1,1,False,True,False,False,W,R,0.5,True,False,False
controller,validation-000563-eb37580fbcb9fb0b-steps-12,12,1,1,False,True,False,False,W,A,0.5,True,False,False
controller,validation-000563-eb37580fbcb9fb0b-steps-13,13,1,1,False,True,False,False,W,J,0.5,True,False,False
controller,validation-000563-eb37580fbcb9fb0b-steps-14,14,1,1,False,True,False,False,W,T,0.5,True,False,False
controller,validation-000563-eb37580fbcb9fb0b-steps-15,15,1,1,False,True,False,False,W,P,0.5,True,False,False
controller,validation-000563-eb37580fbcb9fb0b-steps-16,16,1,1,False,True,False,False,W,F,0.5,True,False,False
controller,validation-001139-12403ff598264454-steps-1,1,1,1,True,False,False,False,W,W,0.5,True,True,True
controller,validation-001139-12403ff598264454-steps-2,2,1,1,False,True,False,False,W,T,0.5,True,False,False
controller,validation-001139-12403ff598264454-steps-3,3,1,1,False,True,False,False,W,C,0.5,True,False,False
controller,validation-001139-12403ff598264454-steps-4,4,1,1,False,True,False,False,W,B,0.5,True,False,False
controller,validation-001139-12403ff598264454-steps-5,5,1,1,False,True,False,False,W,X,0.5,True,False,False
controller,validation-001139-12403ff598264454-steps-6,6,1,1,False,True,False,False,W,V,0.5,True,False,False
controller,validation-001139-12403ff598264454-steps-7,7,1,1,False,True,False,False,W,R,0.5,True,False,False
controller,validation-001139-12403ff598264454-steps-8,8,1,1,False,True,False,False,W,H,0.5,True,False,False
controller,validation-001139-12403ff598264454-steps-9,9,1,1,False,True,False,False,W,M,0.5,False,False,False
controller,validation-001139-12403ff598264454-steps-10,10,1,1,False,True,False,False,W,G,0.5,False,False,False
controller,validation-001139-12403ff598264454-steps-11,11,1,1,False,True,False,False,W,U,0.5,False,False,False
controller,validation-001139-12403ff598264454-steps-12,12,1,1,False,True,False,False,W,N,0.5,False,False,False
controller,validation-001139-12403ff598264454-steps-13,13,1,1,False,True,False,False,W,Z,0.5,False,False,False
controller,validation-001139-12403ff598264454-steps-14,14,1,1,False,True,False,False,W,E,0.5,False,False,False
controller,validation-001139-12403ff598264454-steps-15,15,1,1,False,True,False,False,W,K,0.5,False,False,False
controller,validation-001139-12403ff598264454-steps-16,16,1,1,False,True,False,False,W,J,0.5,False,False,False
controller,validation-001163-8c8e5b425050a7d0-steps-1,1,1,1,True,False,False,False,Z,Z,0.5,True,True,True
controller,validation-001163-8c8e5b425050a7d0-steps-2,2,1,1,False,True,False,False,Z,X,0.5,True,False,False
controller,validation-001163-8c8e5b425050a7d0-steps-3,3,1,1,False,True,False,False,Z,G,0.5,True,False,False
controller,validation-001163-8c8e5b425050a7d0-steps-4,4,1,1,False,True,False,False,Z,C,0.5,True,False,False
controller,validation-001163-8c8e5b425050a7d0-steps-5,5,1,1,False,True,False,False,Z,I,0.5,True,False,False
controller,validation-001163-8c8e5b425050a7d0-steps-6,6,1,1,False,True,False,False,Z,K,0.5,True,False,False
controller,validation-001163-8c8e5b425050a7d0-steps-7,7,1,1,False,True,False,False,Z,R,0.5,True,False,False
controller,validation-001163-8c8e5b425050a7d0-steps-8,8,1,1,False,True,False,False,Z,H,0.5,True,False,False
controller,validation-001163-8c8e5b425050a7d0-steps-9,9,1,1,False,True,False,False,Z,V,0.5,True,False,False
controller,validation-001163-8c8e5b425050a7d0-steps-10,10,1,1,False,True,False,False,Z,J,0.5,True,False,False
controller,validation-001163-8c8e5b425050a7d0-steps-11,11,1,1,False,True,False,False,Z,U,0.5,True,False,False
controller,validation-001163-8c8e5b425050a7d0-steps-12,12,1,1,False,True,False,False,Z,O,0.5,True,False,False
controller,validation-001163-8c8e5b425050a7d0-steps-13,13,1,1,False,True,False,False,Z,Z,0.5,True,True,False
controller,validation-001163-8c8e5b425050a7d0-steps-14,14,1,1,False,True,False,False,Z,X,0.5,True,False,False
controller,validation-001163-8c8e5b425050a7d0-steps-15,15,1,1,False,True,False,False,Z,G,0.5,True,False,False
controller,validation-001163-8c8e5b425050a7d0-steps-16,16,1,1,False,True,False,False,Z,C,0.5,True,False,False
controller,validation-000851-644635f662fa0124-steps-1,1,1,1,True,False,False,False,I,I,0.5,True,True,True
controller,validation-000851-644635f662fa0124-steps-2,2,1,1,False,True,False,False,I,L,0.5,True,False,False
controller,validation-000851-644635f662fa0124-steps-3,3,1,1,False,True,False,False,I,Q,0.5,True,False,False
controller,validation-000851-644635f662fa0124-steps-4,4,1,1,False,True,False,False,I,V,0.5,True,False,False
controller,validation-000851-644635f662fa0124-steps-5,5,1,1,False,True,False,False,I,O,0.5,True,False,False
controller,validation-000851-644635f662fa0124-steps-6,6,1,1,False,True,False,False,I,F,0.5,True,False,False
controller,validation-000851-644635f662fa0124-steps-7,7,1,1,False,True,False,False,I,X,0.5,True,False,False
controller,validation-000851-644635f662fa0124-steps-8,8,1,1,False,True,False,False,I,R,0.5,True,False,False
controller,validation-000851-644635f662fa0124-steps-9,9,1,1,False,True,False,False,I,C,0.5,True,False,False
controller,validation-000851-644635f662fa0124-steps-10,10,1,1,False,True,False,False,I,L,0.5,True,False,False
controller,validation-000851-644635f662fa0124-steps-11,11,1,1,False,True,False,False,I,Q,0.5,True,False,False
controller,validation-000851-644635f662fa0124-steps-12,12,1,1,False,True,False,False,I,V,0.5,True,False,False
controller,validation-000851-644635f662fa0124-steps-13,13,1,1,False,True,False,False,I,O,0.5,True,False,False
controller,validation-000851-644635f662fa0124-steps-14,14,1,1,False,True,False,False,I,F,0.5,True,False,False
controller,validation-000851-644635f662fa0124-steps-15,15,1,1,False,True,False,False,I,X,0.5,True,False,False
controller,validation-000851-644635f662fa0124-steps-16,16,1,1,False,True,False,False,I,R,0.5,True,False,False
controller,validation-001319-9eb25b0356a2a3af-steps-1,1,1,1,True,False,False,False,B,B,0.5,True,True,True
controller,validation-001319-9eb25b0356a2a3af-steps-2,2,1,1,False,True,False,False,B,R,0.5,True,False,False
controller,validation-001319-9eb25b0356a2a3af-steps-3,3,1,1,False,True,False,False,B,J,0.5,True,False,False
controller,validation-001319-9eb25b0356a2a3af-steps-4,4,1,1,False,True,False,False,B,W,0.5,True,False,False
controller,validation-001319-9eb25b0356a2a3af-steps-5,5,1,1,False,True,False,False,B,G,0.5,True,False,False
controller,validation-001319-9eb25b0356a2a3af-steps-6,6,1,1,False,True,False,False,B,H,0.5,True,False,False
controller,validation-001319-9eb25b0356a2a3af-steps-7,7,1,1,False,True,False,False,B,U,0.5,True,False,False
controller,validation-001319-9eb25b0356a2a3af-steps-8,8,1,1,False,True,False,False,B,O,0.5,True,False,False
controller,validation-001319-9eb25b0356a2a3af-steps-9,9,1,1,False,True,False,False,B,Y,0.5,True,False,False
controller,validation-001319-9eb25b0356a2a3af-steps-10,10,1,1,False,True,False,False,B,A,0.5,True,False,False
controller,validation-001319-9eb25b0356a2a3af-steps-11,11,1,1,False,True,False,False,B,I,0.5,True,False,False
controller,validation-001319-9eb25b0356a2a3af-steps-12,12,1,1,False,True,False,False,B,D,0.5,True,False,False
controller,validation-001319-9eb25b0356a2a3af-steps-13,13,1,1,False,True,False,False,B,X,0.5,True,False,False
controller,validation-001319-9eb25b0356a2a3af-steps-14,14,1,1,False,True,False,False,B,S,0.5,True,False,False
controller,validation-001319-9eb25b0356a2a3af-steps-15,15,1,1,False,True,False,False,B,Q,0.5,True,False,False
controller,validation-001319-9eb25b0356a2a3af-steps-16,16,1,1,False,True,False,False,B,E,0.5,True,False,False
controller,validation-000767-6214b464787f36df-steps-1,1,1,1,True,False,False,False,B,B,0.5,True,True,True
controller,validation-000767-6214b464787f36df-steps-2,2,1,1,False,True,False,False,B,Y,0.5,True,False,False
controller,validation-000767-6214b464787f36df-steps-3,3,1,1,False,True,False,False,B,J,0.5,True,False,False
controller,validation-000767-6214b464787f36df-steps-4,4,1,1,False,True,False,False,B,Z,0.5,True,False,False
controller,validation-000767-6214b464787f36df-steps-5,5,1,1,False,True,False,False,B,R,0.5,True,False,False
controller,validation-000767-6214b464787f36df-steps-6,6,1,1,False,True,False,False,B,T,0.5,True,False,False
controller,validation-000767-6214b464787f36df-steps-7,7,1,1,False,True,False,False,B,F,0.5,True,False,False
controller,validation-000767-6214b464787f36df-steps-8,8,1,1,False,True,False,False,B,I,0.5,True,False,False
controller,validation-000767-6214b464787f36df-steps-9,9,1,1,False,True,False,False,B,S,0.5,True,False,False
controller,validation-000767-6214b464787f36df-steps-10,10,1,1,False,True,False,False,B,E,0.5,True,False,False
controller,validation-000767-6214b464787f36df-steps-11,11,1,1,False,True,False,False,B,P,0.5,True,False,False
controller,validation-000767-6214b464787f36df-steps-12,12,1,1,False,True,False,False,B,D,0.5,True,False,False
controller,validation-000767-6214b464787f36df-steps-13,13,1,1,False,True,False,False,B,M,0.5,True,False,False
controller,validation-000767-6214b464787f36df-steps-14,14,1,1,False,True,False,False,B,X,0.5,True,False,False
controller,validation-000767-6214b464787f36df-steps-15,15,1,1,False,True,False,False,B,B,0.5,True,True,False
controller,validation-000767-6214b464787f36df-steps-16,16,1,1,False,True,False,False,B,Y,0.5,True,False,False
controller,validation-000707-23169932d9fe3f5b-steps-1,1,1,1,True,False,False,False,M,M,0.5,True,True,True
controller,validation-000707-23169932d9fe3f5b-steps-2,2,1,1,False,True,False,False,M,B,0.5,True,False,False
controller,validation-000707-23169932d9fe3f5b-steps-3,3,1,1,False,True,False,False,M,Q,0.5,True,False,False
controller,validation-000707-23169932d9fe3f5b-steps-4,4,1,1,False,True,False,False,M,J,0.5,True,False,False
controller,validation-000707-23169932d9fe3f5b-steps-5,5,1,1,False,True,False,False,M,H,0.5,True,False,False
controller,validation-000707-23169932d9fe3f5b-steps-6,6,1,1,False,True,False,False,M,X,0.5,True,False,False
controller,validation-000707-23169932d9fe3f5b-steps-7,7,1,1,False,True,False,False,M,Y,0.5,True,False,False
controller,validation-000707-23169932d9fe3f5b-steps-8,8,1,1,False,True,False,False,M,G,0.5,True,False,False
controller,validation-000707-23169932d9fe3f5b-steps-9,9,1,1,False,True,False,False,M,T,0.5,True,False,False
controller,validation-000707-23169932d9fe3f5b-steps-10,10,1,1,False,True,False,False,M,K,0.5,True,False,False
controller,validation-000707-23169932d9fe3f5b-steps-11,11,1,1,False,True,False,False,M,C,0.5,True,False,False
controller,validation-000707-23169932d9fe3f5b-steps-12,12,1,1,False,True,False,False,M,U,0.5,True,False,False
controller,validation-000707-23169932d9fe3f5b-steps-13,13,1,1,False,True,False,False,M,R,0.5,True,False,False
controller,validation-000707-23169932d9fe3f5b-steps-14,14,1,1,False,True,False,False,M,F,0.5,True,False,False
controller,validation-000707-23169932d9fe3f5b-steps-15,15,1,1,False,True,False,False,M,V,0.5,True,False,False
controller,validation-000707-23169932d9fe3f5b-steps-16,16,1,1,False,True,False,False,M,A,0.5,True,False,False
controller,validation-000311-d8c5b2900ecf8e95-steps-1,1,1,1,True,False,False,False,Q,Q,0.5,True,True,True
controller,validation-000311-d8c5b2900ecf8e95-steps-2,2,1,1,False,True,False,False,Q,D,0.5,True,False,False
controller,validation-000311-d8c5b2900ecf8e95-steps-3,3,1,1,False,True,False,False,Q,Y,0.5,True,False,False
controller,validation-000311-d8c5b2900ecf8e95-steps-4,4,1,1,False,True,False,False,Q,Z,0.5,True,False,False
controller,validation-000311-d8c5b2900ecf8e95-steps-5,5,1,1,False,True,False,False,Q,F,0.5,True,False,False
controller,validation-000311-d8c5b2900ecf8e95-steps-6,6,1,1,False,True,False,False,Q,V,0.5,True,False,False
controller,validation-000311-d8c5b2900ecf8e95-steps-7,7,1,1,False,True,False,False,Q,H,0.5,True,False,False
controller,validation-000311-d8c5b2900ecf8e95-steps-8,8,1,1,False,True,False,False,Q,L,0.5,True,False,False
controller,validation-000311-d8c5b2900ecf8e95-steps-9,9,1,1,False,True,False,False,Q,U,0.5,True,False,False
controller,validation-000311-d8c5b2900ecf8e95-steps-10,10,1,1,False,True,False,False,Q,J,0.5,True,False,False
controller,validation-000311-d8c5b2900ecf8e95-steps-11,11,1,1,False,True,False,False,Q,N,0.5,True,False,False
controller,validation-000311-d8c5b2900ecf8e95-steps-12,12,1,1,False,True,False,False,Q,E,0.5,True,False,False
controller,validation-000311-d8c5b2900ecf8e95-steps-13,13,1,1,False,True,False,False,Q,G,0.5,True,False,False
controller,validation-000311-d8c5b2900ecf8e95-steps-14,14,1,1,False,True,False,False,Q,B,0.5,True,False,False
controller,validation-000311-d8c5b2900ecf8e95-steps-15,15,1,1,False,True,False,False,Q,S,0.5,True,False,False
controller,validation-000311-d8c5b2900ecf8e95-steps-16,16,1,1,False,True,False,False,Q,R,0.5,True,False,False
controller,validation-001283-819d178b5c86fb52-steps-1,1,1,1,True,False,False,False,I,I,0.5,True,True,True
controller,validation-001283-819d178b5c86fb52-steps-2,2,1,1,False,True,False,False,I,F,0.5,True,False,False
controller,validation-001283-819d178b5c86fb52-steps-3,3,1,1,False,True,False,False,I,S,0.5,True,False,False
controller,validation-001283-819d178b5c86fb52-steps-4,4,1,1,False,True,False,False,I,X,0.5,True,False,False
controller,validation-001283-819d178b5c86fb52-steps-5,5,1,1,False,True,False,False,I,I,0.5,True,True,False
controller,validation-001283-819d178b5c86fb52-steps-6,6,1,1,False,True,False,False,I,F,0.5,True,False,False
controller,validation-001283-819d178b5c86fb52-steps-7,7,1,1,False,True,False,False,I,S,0.5,True,False,False
controller,validation-001283-819d178b5c86fb52-steps-8,8,1,1,False,True,False,False,I,X,0.5,True,False,False
controller,validation-001283-819d178b5c86fb52-steps-9,9,1,1,False,True,False,False,I,I,0.5,True,True,False
controller,validation-001283-819d178b5c86fb52-steps-10,10,1,1,False,True,False,False,I,F,0.5,True,False,False
controller,validation-001283-819d178b5c86fb52-steps-11,11,1,1,False,True,False,False,I,S,0.5,True,False,False
controller,validation-001283-819d178b5c86fb52-steps-12,12,1,1,False,True,False,False,I,X,0.5,True,False,False
controller,validation-001283-819d178b5c86fb52-steps-13,13,1,1,False,True,False,False,I,I,0.5,True,True,False
controller,validation-001283-819d178b5c86fb52-steps-14,14,1,1,False,True,False,False,I,F,0.5,True,False,False
controller,validation-001283-819d178b5c86fb52-steps-15,15,1,1,False,True,False,False,I,S,0.5,True,False,False
controller,validation-001283-819d178b5c86fb52-steps-16,16,1,1,False,True,False,False,I,X,0.5,True,False,False
controller,validation-000491-8b5d953bfd7abfef-steps-1,1,1,1,True,False,False,False,C,C,0.5,True,True,True
controller,validation-000491-8b5d953bfd7abfef-steps-2,2,1,1,False,True,False,False,C,Y,0.5,True,False,False
controller,validation-000491-8b5d953bfd7abfef-steps-3,3,1,1,False,True,False,False,C,X,0.5,True,False,False
controller,validation-000491-8b5d953bfd7abfef-steps-4,4,1,1,False,True,False,False,C,N,0.5,True,False,False
controller,validation-000491-8b5d953bfd7abfef-steps-5,5,1,1,False,True,False,False,C,C,0.5,True,True,False
controller,validation-000491-8b5d953bfd7abfef-steps-6,6,1,1,False,True,False,False,C,Y,0.5,True,False,False
controller,validation-000491-8b5d953bfd7abfef-steps-7,7,1,1,False,True,False,False,C,X,0.5,True,False,False
controller,validation-000491-8b5d953bfd7abfef-steps-8,8,1,1,False,True,False,False,C,N,0.5,True,False,False
controller,validation-000491-8b5d953bfd7abfef-steps-9,9,1,1,False,True,False,False,C,C,0.5,True,True,False
controller,validation-000491-8b5d953bfd7abfef-steps-10,10,1,1,False,True,False,False,C,Y,0.5,True,False,False
controller,validation-000491-8b5d953bfd7abfef-steps-11,11,1,1,False,True,False,False,C,X,0.5,True,False,False
controller,validation-000491-8b5d953bfd7abfef-steps-12,12,1,1,False,True,False,False,C,N,0.5,True,False,False
controller,validation-000491-8b5d953bfd7abfef-steps-13,13,1,1,False,True,False,False,C,C,0.5,True,True,False
controller,validation-000491-8b5d953bfd7abfef-steps-14,14,1,1,False,True,False,False,C,Y,0.5,True,False,False
controller,validation-000491-8b5d953bfd7abfef-steps-15,15,1,1,False,True,False,False,C,X,0.5,True,False,False
controller,validation-000491-8b5d953bfd7abfef-steps-16,16,1,1,False,True,False,False,C,N,0.5,True,False,False
controller,validation-001019-b39ee6adadcb67a4-steps-1,1,1,1,True,False,False,False,F,F,0.5,True,True,True
controller,validation-001019-b39ee6adadcb67a4-steps-2,2,1,1,False,True,False,False,F,Z,0.5,True,False,False
controller,validation-001019-b39ee6adadcb67a4-steps-3,3,1,1,False,True,False,False,F,W,0.5,True,False,False
controller,validation-001019-b39ee6adadcb67a4-steps-4,4,1,1,False,True,False,False,F,H,0.5,True,False,False
controller,validation-001019-b39ee6adadcb67a4-steps-5,5,1,1,False,True,False,False,F,W,0.5,True,False,False
controller,validation-001019-b39ee6adadcb67a4-steps-6,6,1,1,False,True,False,False,F,H,0.5,True,False,False
controller,validation-001019-b39ee6adadcb67a4-steps-7,7,1,1,False,True,False,False,F,W,0.5,True,False,False
controller,validation-001019-b39ee6adadcb67a4-steps-8,8,1,1,False,True,False,False,F,H,0.5,True,False,False
controller,validation-001019-b39ee6adadcb67a4-steps-9,9,1,1,False,True,False,False,F,W,0.5,True,False,False
controller,validation-001019-b39ee6adadcb67a4-steps-10,10,1,1,False,True,False,False,F,H,0.5,True,False,False
controller,validation-001019-b39ee6adadcb67a4-steps-11,11,1,1,False,True,False,False,F,W,0.5,True,False,False
controller,validation-001019-b39ee6adadcb67a4-steps-12,12,1,1,False,True,False,False,F,H,0.5,True,False,False
controller,validation-001019-b39ee6adadcb67a4-steps-13,13,1,1,False,True,False,False,F,W,0.5,True,False,False
controller,validation-001019-b39ee6adadcb67a4-steps-14,14,1,1,False,True,False,False,F,H,0.5,True,False,False
controller,validation-001019-b39ee6adadcb67a4-steps-15,15,1,1,False,True,False,False,F,W,0.5,True,False,False
controller,validation-001019-b39ee6adadcb67a4-steps-16,16,1,1,False,True,False,False,F,H,0.5,True,False,False
controller,validation-000803-fb00c05a7398531f-steps-1,1,1,1,True,False,False,False,A,A,0.5,True,True,True
controller,validation-000803-fb00c05a7398531f-steps-2,2,1,1,False,True,False,False,A,O,0.5,True,False,False
controller,validation-000803-fb00c05a7398531f-steps-3,3,1,1,False,True,False,False,A,H,0.5,True,False,False
controller,validation-000803-fb00c05a7398531f-steps-4,4,1,1,False,True,False,False,A,G,0.5,True,False,False
controller,validation-000803-fb00c05a7398531f-steps-5,5,1,1,False,True,False,False,A,R,0.5,True,False,False
controller,validation-000803-fb00c05a7398531f-steps-6,6,1,1,False,True,False,False,A,X,0.5,True,False,False
controller,validation-000803-fb00c05a7398531f-steps-7,7,1,1,False,True,False,False,A,T,0.5,True,False,False
controller,validation-000803-fb00c05a7398531f-steps-8,8,1,1,False,True,False,False,A,L,0.5,True,False,False
controller,validation-000803-fb00c05a7398531f-steps-9,9,1,1,False,True,False,False,A,M,0.5,True,False,False
controller,validation-000803-fb00c05a7398531f-steps-10,10,1,1,False,True,False,False,A,F,0.5,True,False,False
controller,validation-000803-fb00c05a7398531f-steps-11,11,1,1,False,True,False,False,A,N,0.5,True,False,False
controller,validation-000803-fb00c05a7398531f-steps-12,12,1,1,False,True,False,False,A,Q,0.5,True,False,False
controller,validation-000803-fb00c05a7398531f-steps-13,13,1,1,False,True,False,False,A,W,0.5,True,False,False
controller,validation-000803-fb00c05a7398531f-steps-14,14,1,1,False,True,False,False,A,U,0.5,True,False,False
controller,validation-000803-fb00c05a7398531f-steps-15,15,1,1,False,True,False,False,A,E,0.5,True,False,False
controller,validation-000803-fb00c05a7398531f-steps-16,16,1,1,False,True,False,False,A,V,0.5,True,False,False
controller,validation-000011-35f4910e59898b9f-steps-1,1,1,1,True,False,False,False,Z,Z,0.5,True,True,True
controller,validation-000011-35f4910e59898b9f-steps-2,2,1,1,False,True,False,False,Z,M,0.5,True,False,False
controller,validation-000011-35f4910e59898b9f-steps-3,3,1,1,False,True,False,False,Z,F,0.5,True,False,False
controller,validation-000011-35f4910e59898b9f-steps-4,4,1,1,False,True,False,False,Z,G,0.5,True,False,False
controller,validation-000011-35f4910e59898b9f-steps-5,5,1,1,False,True,False,False,Z,T,0.5,True,False,False
controller,validation-000011-35f4910e59898b9f-steps-6,6,1,1,False,True,False,False,Z,H,0.5,True,False,False
controller,validation-000011-35f4910e59898b9f-steps-7,7,1,1,False,True,False,False,Z,I,0.5,True,False,False
controller,validation-000011-35f4910e59898b9f-steps-8,8,1,1,False,True,False,False,Z,A,0.5,True,False,False
controller,validation-000011-35f4910e59898b9f-steps-9,9,1,1,False,True,False,False,Z,M,0.5,True,False,False
controller,validation-000011-35f4910e59898b9f-steps-10,10,1,1,False,True,False,False,Z,F,0.5,True,False,False
controller,validation-000011-35f4910e59898b9f-steps-11,11,1,1,False,True,False,False,Z,G,0.5,True,False,False
controller,validation-000011-35f4910e59898b9f-steps-12,12,1,1,False,True,False,False,Z,T,0.5,True,False,False
controller,validation-000011-35f4910e59898b9f-steps-13,13,1,1,False,True,False,False,Z,H,0.5,True,False,False
controller,validation-000011-35f4910e59898b9f-steps-14,14,1,1,False,True,False,False,Z,I,0.5,True,False,False
controller,validation-000011-35f4910e59898b9f-steps-15,15,1,1,False,True,False,False,Z,A,0.5,True,False,False
controller,validation-000011-35f4910e59898b9f-steps-16,16,1,1,False,True,False,False,Z,M,0.5,True,False,False
controller,validation-000755-4754f22067ad7fbb-steps-1,1,1,1,True,False,False,False,X,X,0.5,True,True,True
controller,validation-000755-4754f22067ad7fbb-steps-2,2,1,1,False,True,False,False,X,O,0.5,True,False,False
controller,validation-000755-4754f22067ad7fbb-steps-3,3,1,1,False,True,False,False,X,N,0.5,True,False,False
controller,validation-000755-4754f22067ad7fbb-steps-4,4,1,1,False,True,False,False,X,R,0.5,True,False,False
controller,validation-000755-4754f22067ad7fbb-steps-5,5,1,1,False,True,False,False,X,E,0.5,True,False,False
controller,validation-000755-4754f22067ad7fbb-steps-6,6,1,1,False,True,False,False,X,U,0.5,True,False,False
controller,validation-000755-4754f22067ad7fbb-steps-7,7,1,1,False,True,False,False,X,W,0.5,True,False,False
controller,validation-000755-4754f22067ad7fbb-steps-8,8,1,1,False,True,False,False,X,S,0.5,True,False,False
controller,validation-000755-4754f22067ad7fbb-steps-9,9,1,1,False,True,False,False,X,B,0.5,True,False,False
controller,validation-000755-4754f22067ad7fbb-steps-10,10,1,1,False,True,False,False,X,I,0.5,True,False,False
controller,validation-000755-4754f22067ad7fbb-steps-11,11,1,1,False,True,False,False,X,K,0.5,True,False,False
controller,validation-000755-4754f22067ad7fbb-steps-12,12,1,1,False,True,False,False,X,J,0.5,True,False,False
controller,validation-000755-4754f22067ad7fbb-steps-13,13,1,1,False,True,False,False,X,P,0.5,True,False,False
controller,validation-000755-4754f22067ad7fbb-steps-14,14,1,1,False,True,False,False,X,C,0.5,True,False,False
controller,validation-000755-4754f22067ad7fbb-steps-15,15,1,1,False,True,False,False,X,V,0.5,True,False,False
controller,validation-000755-4754f22067ad7fbb-steps-16,16,1,1,False,True,False,False,X,F,0.5,True,False,False
controller,validation-000059-947c2e4edc95e6b9-steps-1,1,1,1,True,False,False,False,M,M,0.5,True,True,True
controller,validation-000059-947c2e4edc95e6b9-steps-2,2,1,1,False,True,False,False,M,H,0.5,True,False,False
controller,validation-000059-947c2e4edc95e6b9-steps-3,3,1,1,False,True,False,False,M,Y,0.5,True,False,False
controller,validation-000059-947c2e4edc95e6b9-steps-4,4,1,1,False,True,False,False,M,U,0.5,True,False,False
controller,validation-000059-947c2e4edc95e6b9-steps-5,5,1,1,False,True,False,False,M,J,0.5,True,False,False
controller,validation-000059-947c2e4edc95e6b9-steps-6,6,1,1,False,True,False,False,M,E,0.5,True,False,False
controller,validation-000059-947c2e4edc95e6b9-steps-7,7,1,1,False,True,False,False,M,S,0.5,True,False,False
controller,validation-000059-947c2e4edc95e6b9-steps-8,8,1,1,False,True,False,False,M,R,0.5,True,False,False
controller,validation-000059-947c2e4edc95e6b9-steps-9,9,1,1,False,True,False,False,M,I,0.5,True,False,False
controller,validation-000059-947c2e4edc95e6b9-steps-10,10,1,1,False,True,False,False,M,B,0.5,True,False,False
controller,validation-000059-947c2e4edc95e6b9-steps-11,11,1,1,False,True,False,False,M,V,0.5,True,False,False
controller,validation-000059-947c2e4edc95e6b9-steps-12,12,1,1,False,True,False,False,M,D,0.5,True,False,False
controller,validation-000059-947c2e4edc95e6b9-steps-13,13,1,1,False,True,False,False,M,T,0.5,True,False,False
controller,validation-000059-947c2e4edc95e6b9-steps-14,14,1,1,False,True,False,False,M,Z,0.5,True,False,False
controller,validation-000059-947c2e4edc95e6b9-steps-15,15,1,1,False,True,False,False,M,X,0.5,True,False,False
controller,validation-000059-947c2e4edc95e6b9-steps-16,16,1,1,False,True,False,False,M,N,0.5,True,False,False
controller,validation-001199-1331e3b222f63ed2-steps-1,1,1,1,True,False,False,False,G,G,0.5,True,True,True
controller,validation-001199-1331e3b222f63ed2-steps-2,2,1,1,False,True,False,False,G,X,0.5,True,False,False
controller,validation-001199-1331e3b222f63ed2-steps-3,3,1,1,False,True,False,False,G,R,0.5,True,False,False
controller,validation-001199-1331e3b222f63ed2-steps-4,4,1,1,False,True,False,False,G,G,0.5,True,True,False
controller,validation-001199-1331e3b222f63ed2-steps-5,5,1,1,False,True,False,False,G,X,0.5,True,False,False
controller,validation-001199-1331e3b222f63ed2-steps-6,6,1,1,False,True,False,False,G,R,0.5,True,False,False
controller,validation-001199-1331e3b222f63ed2-steps-7,7,1,1,False,True,False,False,G,G,0.5,True,True,False
controller,validation-001199-1331e3b222f63ed2-steps-8,8,1,1,False,True,False,False,G,X,0.5,True,False,False
controller,validation-001199-1331e3b222f63ed2-steps-9,9,1,1,False,True,False,False,G,R,0.5,True,False,False
controller,validation-001199-1331e3b222f63ed2-steps-10,10,1,1,False,True,False,False,G,G,0.5,True,True,False
controller,validation-001199-1331e3b222f63ed2-steps-11,11,1,1,False,True,False,False,G,X,0.5,True,False,False
controller,validation-001199-1331e3b222f63ed2-steps-12,12,1,1,False,True,False,False,G,R,0.5,True,False,False
controller,validation-001199-1331e3b222f63ed2-steps-13,13,1,1,False,True,False,False,G,G,0.5,True,True,False
controller,validation-001199-1331e3b222f63ed2-steps-14,14,1,1,False,True,False,False,G,X,0.5,True,False,False
controller,validation-001199-1331e3b222f63ed2-steps-15,15,1,1,False,True,False,False,G,R,0.5,True,False,False
controller,validation-001199-1331e3b222f63ed2-steps-16,16,1,1,False,True,False,False,G,G,0.5,True,True,False
controller,validation-001403-e1ecd05e0a438517-steps-1,1,1,1,True,False,False,False,R,R,0.5,True,True,True
controller,validation-001403-e1ecd05e0a438517-steps-2,2,1,1,False,True,False,False,R,Y,0.5,True,False,False
controller,validation-001403-e1ecd05e0a438517-steps-3,3,1,1,False,True,False,False,R,F,0.5,True,False,False
controller,validation-001403-e1ecd05e0a438517-steps-4,4,1,1,False,True,False,False,R,M,0.5,True,False,False
controller,validation-001403-e1ecd05e0a438517-steps-5,5,1,1,False,True,False,False,R,T,0.5,True,False,False
controller,validation-001403-e1ecd05e0a438517-steps-6,6,1,1,False,True,False,False,R,E,0.5,True,False,False
controller,validation-001403-e1ecd05e0a438517-steps-7,7,1,1,False,True,False,False,R,U,0.5,True,False,False
controller,validation-001403-e1ecd05e0a438517-steps-8,8,1,1,False,True,False,False,R,R,0.5,True,True,False
controller,validation-001403-e1ecd05e0a438517-steps-9,9,1,1,False,True,False,False,R,Y,0.5,True,False,False
controller,validation-001403-e1ecd05e0a438517-steps-10,10,1,1,False,True,False,False,R,F,0.5,True,False,False
controller,validation-001403-e1ecd05e0a438517-steps-11,11,1,1,False,True,False,False,R,M,0.5,True,False,False
controller,validation-001403-e1ecd05e0a438517-steps-12,12,1,1,False,True,False,False,R,T,0.5,True,False,False
controller,validation-001403-e1ecd05e0a438517-steps-13,13,1,1,False,True,False,False,R,E,0.5,True,False,False
controller,validation-001403-e1ecd05e0a438517-steps-14,14,1,1,False,True,False,False,R,U,0.5,True,False,False
controller,validation-001403-e1ecd05e0a438517-steps-15,15,1,1,False,True,False,False,R,R,0.5,True,True,False
controller,validation-001403-e1ecd05e0a438517-steps-16,16,1,1,False,True,False,False,R,Y,0.5,True,False,False
controller,validation-000875-bcc2172b2648ebb4-steps-1,1,1,1,True,False,False,False,I,I,0.5,True,True,True
controller,validation-000875-bcc2172b2648ebb4-steps-2,2,1,1,False,True,False,False,I,K,0.5,True,False,False
controller,validation-000875-bcc2172b2648ebb4-steps-3,3,1,1,False,True,False,False,I,B,0.5,True,False,False
controller,validation-000875-bcc2172b2648ebb4-steps-4,4,1,1,False,True,False,False,I,Q,0.5,True,False,False
controller,validation-000875-bcc2172b2648ebb4-steps-5,5,1,1,False,True,False,False,I,A,0.5,True,False,False
controller,validation-000875-bcc2172b2648ebb4-steps-6,6,1,1,False,True,False,False,I,W,0.5,True,False,False
controller,validation-000875-bcc2172b2648ebb4-steps-7,7,1,1,False,True,False,False,I,O,0.5,True,False,False
controller,validation-000875-bcc2172b2648ebb4-steps-8,8,1,1,False,True,False,False,I,N,0.5,True,False,False
controller,validation-000875-bcc2172b2648ebb4-steps-9,9,1,1,False,True,False,False,I,U,0.5,True,False,False
controller,validation-000875-bcc2172b2648ebb4-steps-10,10,1,1,False,True,False,False,I,E,0.5,True,False,False
controller,validation-000875-bcc2172b2648ebb4-steps-11,11,1,1,False,True,False,False,I,S,0.5,True,False,False
controller,validation-000875-bcc2172b2648ebb4-steps-12,12,1,1,False,True,False,False,I,L,0.5,True,False,False
controller,validation-000875-bcc2172b2648ebb4-steps-13,13,1,1,False,True,False,False,I,R,0.5,True,False,False
controller,validation-000875-bcc2172b2648ebb4-steps-14,14,1,1,False,True,False,False,I,D,0.5,True,False,False
controller,validation-000875-bcc2172b2648ebb4-steps-15,15,1,1,False,True,False,False,I,Z,0.5,True,False,False
controller,validation-000875-bcc2172b2648ebb4-steps-16,16,1,1,False,True,False,False,I,F,0.5,True,False,False
