condition,example_id,depth,first_stop,executed_loops,exact_stop,early_stop,late_stop,missing_stop,prediction,target,stop_probability,executor_nominal_correct,stopped_answer_correct,joint_success
controller,validation-000587-c59e46b5e046eac3-steps-1,1,1,1,True,False,False,False,A,A,0.9995287656784058,True,True,True
controller,validation-000587-c59e46b5e046eac3-steps-2,2,2,2,True,False,False,False,O,O,0.9976429343223572,True,True,True
controller,validation-000587-c59e46b5e046eac3-steps-3,3,3,3,True,False,False,False,M,M,0.9994207620620728,True,True,True
controller,validation-000587-c59e46b5e046eac3-steps-4,4,4,4,True,False,False,False,G,G,0.9996418952941895,True,True,True
controller,validation-000587-c59e46b5e046eac3-steps-5,5,5,5,True,False,False,False,H,H,0.9997492432594299,True,True,True
controller,validation-000587-c59e46b5e046eac3-steps-6,6,6,6,True,False,False,False,O,O,0.9997615218162537,True,True,True
controller,validation-000587-c59e46b5e046eac3-steps-7,7,7,7,True,False,False,False,M,M,0.9998862743377686,True,True,True
controller,validation-000587-c59e46b5e046eac3-steps-8,8,8,8,True,False,False,False,G,G,0.9998410940170288,True,True,True
controller,validation-000587-c59e46b5e046eac3-steps-9,9,7,7,False,True,False,False,M,H,0.6932240724563599,True,False,False
controller,validation-000587-c59e46b5e046eac3-steps-10,10,10,10,True,False,False,False,O,O,0.9999223947525024,True,True,True
controller,validation-000587-c59e46b5e046eac3-steps-11,11,11,11,True,False,False,False,M,M,0.9684116244316101,True,True,True
controller,validation-000587-c59e46b5e046eac3-steps-12,12,12,12,True,False,False,False,G,G,0.9999133348464966,True,True,True
controller,validation-000587-c59e46b5e046eac3-steps-13,13,12,12,False,True,False,False,G,H,0.8209757804870605,True,False,False
controller,validation-000587-c59e46b5e046eac3-steps-14,14,12,12,False,True,False,False,G,O,0.9980362057685852,True,False,False
controller,validation-000587-c59e46b5e046eac3-steps-15,15,11,11,False,True,False,False,M,M,0.9504861831665039,True,True,False
controller,validation-000587-c59e46b5e046eac3-steps-16,16,12,12,False,True,False,False,G,G,0.9999053478240967,True,True,False
controller,validation-000539-f76500341b94bd7d-steps-1,1,1,1,True,False,False,False,D,D,0.9985696077346802,True,True,True
controller,validation-000539-f76500341b94bd7d-steps-2,2,2,2,True,False,False,False,E,E,0.9688299298286438,True,True,True
controller,validation-000539-f76500341b94bd7d-steps-3,3,3,3,True,False,False,False,W,W,0.9603466987609863,True,True,True
controller,validation-000539-f76500341b94bd7d-steps-4,4,4,4,True,False,False,False,G,G,0.9657115340232849,True,True,True
controller,validation-000539-f76500341b94bd7d-steps-5,5,5,5,True,False,False,False,L,L,0.9477642178535461,True,True,True
controller,validation-000539-f76500341b94bd7d-steps-6,6,6,6,True,False,False,False,A,A,0.8980737924575806,True,True,True
controller,validation-000539-f76500341b94bd7d-steps-7,7,7,7,True,False,False,False,Z,Z,0.9287724494934082,True,True,True
controller,validation-000539-f76500341b94bd7d-steps-8,8,8,8,True,False,False,False,D,D,0.9259760975837708,True,True,True
controller,validation-000539-f76500341b94bd7d-steps-9,9,8,8,False,True,False,False,D,E,0.9972645044326782,True,False,False
controller,validation-000539-f76500341b94bd7d-steps-10,10,10,10,True,False,False,False,W,W,0.9084938764572144,True,True,True
controller,validation-000539-f76500341b94bd7d-steps-11,11,12,12,False,False,True,False,L,G,0.9995013475418091,True,False,False
controller,validation-000539-f76500341b94bd7d-steps-12,12,12,12,True,False,False,False,L,L,0.9904887676239014,True,True,True
controller,validation-000539-f76500341b94bd7d-steps-13,13,13,13,True,False,False,False,A,A,0.9991482496261597,True,True,True
controller,validation-000539-f76500341b94bd7d-steps-14,14,13,13,False,True,False,False,A,Z,0.9999192953109741,True,False,False
controller,validation-000539-f76500341b94bd7d-steps-15,15,12,12,False,True,False,False,L,D,0.999308705329895,True,False,False
controller,validation-000539-f76500341b94bd7d-steps-16,16,12,12,False,True,False,False,L,E,0.9928147792816162,True,False,False
controller,validation-001175-f8bc6d41031bea05-steps-1,1,1,1,True,False,False,False,Z,Z,0.9990216493606567,True,True,True
controller,validation-001175-f8bc6d41031bea05-steps-2,2,2,2,True,False,False,False,V,V,0.981525182723999,True,True,True
controller,validation-001175-f8bc6d41031bea05-steps-3,3,3,3,True,False,False,False,K,K,0.9755610823631287,True,True,True
controller,validation-001175-f8bc6d41031bea05-steps-4,4,4,4,True,False,False,False,E,E,0.9623503684997559,True,True,True
controller,validation-001175-f8bc6d41031bea05-steps-5,5,5,5,True,False,False,False,Q,Q,0.8464738130569458,True,True,True
controller,validation-001175-f8bc6d41031bea05-steps-6,6,6,6,True,False,False,False,L,L,0.7617055177688599,True,True,True
controller,validation-001175-f8bc6d41031bea05-steps-7,7,7,7,True,False,False,False,N,N,0.7948293089866638,True,True,True
controller,validation-001175-f8bc6d41031bea05-steps-8,8,8,8,True,False,False,False,H,H,0.7632917165756226,True,True,True
controller,validation-001175-f8bc6d41031bea05-steps-9,9,8,8,False,True,False,False,H,A,0.9881691932678223,True,False,False
controller,validation-001175-f8bc6d41031bea05-steps-10,10,10,10,True,False,False,False,F,F,0.8245814442634583,True,True,True
controller,validation-001175-f8bc6d41031bea05-steps-11,11,12,12,False,False,True,False,W,S,0.9978446960449219,True,False,False
controller,validation-001175-f8bc6d41031bea05-steps-12,12,12,12,True,False,False,False,W,W,0.9286615252494812,True,True,True
controller,validation-001175-f8bc6d41031bea05-steps-13,13,13,13,True,False,False,False,R,R,0.9946578145027161,True,True,True
controller,validation-001175-f8bc6d41031bea05-steps-14,14,13,13,False,True,False,False,R,X,0.9998691082000732,True,False,False
controller,validation-001175-f8bc6d41031bea05-steps-15,15,12,12,False,True,False,False,W,B,0.9989425539970398,True,False,False
controller,validation-001175-f8bc6d41031bea05-steps-16,16,12,12,False,True,False,False,W,O,0.9464378356933594,True,False,False
controller,validation-000575-a49455d6ec936787-steps-1,1,1,1,True,False,False,False,S,S,0.9990863800048828,True,True,True
controller,validation-000575-a49455d6ec936787-steps-2,2,2,2,True,False,False,False,R,R,0.9780575633049011,True,True,True
controller,validation-000575-a49455d6ec936787-steps-3,3,3,3,True,False,False,False,S,S,0.9699710011482239,True,True,True
controller,validation-000575-a49455d6ec936787-steps-4,4,4,4,True,False,False,False,R,R,0.9446402788162231,True,True,True
controller,validation-000575-a49455d6ec936787-steps-5,5,5,5,True,False,False,False,S,S,0.8767027258872986,True,True,True
controller,validation-000575-a49455d6ec936787-steps-6,6,6,6,True,False,False,False,R,R,0.759064257144928,True,True,True
controller,validation-000575-a49455d6ec936787-steps-7,7,7,7,True,False,False,False,S,S,0.8539431691169739,True,True,True
controller,validation-000575-a49455d6ec936787-steps-8,8,8,8,True,False,False,False,R,R,0.8428639769554138,True,True,True
controller,validation-000575-a49455d6ec936787-steps-9,9,8,8,False,True,False,False,R,S,0.9948050379753113,True,False,False
controller,validation-000575-a49455d6ec936787-steps-10,10,10,10,True,False,False,False,R,R,0.8267104625701904,True,True,True
controller,validation-000575-a49455d6ec936787-steps-11,11,12,12,False,False,True,False,R,S,0.9978640675544739,True,False,False
controller,validation-000575-a49455d6ec936787-steps-12,12,12,12,True,False,False,False,R,R,0.9426364898681641,True,True,True
controller,validation-000575-a49455d6ec936787-steps-13,13,13,13,True,False,False,False,S,S,0.994877815246582,True,True,True
controller,validation-000575-a49455d6ec936787-steps-14,14,13,13,False,True,False,False,S,R,0.9998669624328613,True,False,False
controller,validation-000575-a49455d6ec936787-steps-15,15,12,12,False,True,False,False,R,S,0.998445451259613,True,False,False
controller,validation-000575-a49455d6ec936787-steps-16,16,12,12,False,True,False,False,R,R,0.9737979173660278,True,True,False
controller,validation-000527-c77e9440688603e4-steps-1,1,1,1,True,False,False,False,T,T,0.9996325969696045,True,True,True
controller,validation-000527-c77e9440688603e4-steps-2,2,2,2,True,False,False,False,J,J,0.9984807372093201,True,True,True
controller,validation-000527-c77e9440688603e4-steps-3,3,3,3,True,False,False,False,T,T,0.9997524619102478,True,True,True
controller,validation-000527-c77e9440688603e4-steps-4,4,4,4,True,False,False,False,J,J,0.9998881816864014,True,True,True
controller,validation-000527-c77e9440688603e4-steps-5,5,5,5,True,False,False,False,T,T,0.9999182224273682,True,True,True
controller,validation-000527-c77e9440688603e4-steps-6,6,6,6,True,False,False,False,J,J,0.9999314546585083,True,True,True
controller,validation-000527-c77e9440688603e4-steps-7,7,6,6,False,True,False,False,J,T,0.713715136051178,True,False,False
controller,validation-000527-c77e9440688603e4-steps-8,8,7,7,False,True,False,False,T,J,0.7766119241714478,True,False,False
controller,validation-000527-c77e9440688603e4-steps-9,9,7,7,False,True,False,False,T,T,0.9905468225479126,True,True,False
controller,validation-000527-c77e9440688603e4-steps-10,10,10,10,True,False,False,False,J,J,0.999916672706604,True,True,True
controller,validation-000527-c77e9440688603e4-steps-11,11,11,11,True,False,False,False,T,T,0.980115532875061,True,True,True
controller,validation-000527-c77e9440688603e4-steps-12,12,12,12,True,False,False,False,J,J,0.999913215637207,True,True,True
controller,validation-000527-c77e9440688603e4-steps-13,13,12,12,False,True,False,False,J,T,0.854251503944397,True,False,False
controller,validation-000527-c77e9440688603e4-steps-14,14,12,12,False,True,False,False,J,J,0.998779833316803,True,True,False
controller,validation-000527-c77e9440688603e4-steps-15,15,11,11,False,True,False,False,T,T,0.977288544178009,True,True,False
controller,validation-000527-c77e9440688603e4-steps-16,16,11,11,False,True,False,False,T,J,0.5283544659614563,True,False,False
controller,validation-001343-3eae56d6e9ed6519-steps-1,1,1,1,True,False,False,False,Q,Q,0.9988883137702942,True,True,True
controller,validation-001343-3eae56d6e9ed6519-steps-2,2,2,2,True,False,False,False,D,D,0.9868295788764954,True,True,True
controller,validation-001343-3eae56d6e9ed6519-steps-3,3,3,3,True,False,False,False,T,T,0.9924476146697998,True,True,True
controller,validation-001343-3eae56d6e9ed6519-steps-4,4,4,4,True,False,False,False,D,D,0.9917612075805664,True,True,True
controller,validation-001343-3eae56d6e9ed6519-steps-5,5,5,5,True,False,False,False,T,T,0.9847128391265869,True,True,True
controller,validation-001343-3eae56d6e9ed6519-steps-6,6,6,6,True,False,False,False,D,D,0.9714599251747131,True,True,True
controller,validation-001343-3eae56d6e9ed6519-steps-7,7,7,7,True,False,False,False,T,T,0.9388630390167236,True,True,True
controller,validation-001343-3eae56d6e9ed6519-steps-8,8,8,8,True,False,False,False,D,D,0.9622520208358765,True,True,True
controller,validation-001343-3eae56d6e9ed6519-steps-9,9,8,8,False,True,False,False,D,T,0.998530387878418,True,False,False
controller,validation-001343-3eae56d6e9ed6519-steps-10,10,10,10,True,False,False,False,D,D,0.8551937341690063,True,True,True
controller,validation-001343-3eae56d6e9ed6519-steps-11,11,12,12,False,False,True,False,D,T,0.998894989490509,True,False,False
controller,validation-001343-3eae56d6e9ed6519-steps-12,12,12,12,True,False,False,False,D,D,0.9281725287437439,True,True,True
controller,validation-001343-3eae56d6e9ed6519-steps-13,13,13,13,True,False,False,False,T,T,0.9976751208305359,True,True,True
controller,validation-001343-3eae56d6e9ed6519-steps-14,14,13,13,False,True,False,False,T,D,0.9998559951782227,True,False,False
controller,validation-001343-3eae56d6e9ed6519-steps-15,15,12,12,False,True,False,False,D,T,0.9980931878089905,True,False,False
controller,validation-001343-3eae56d6e9ed6519-steps-16,16,12,12,False,True,False,False,D,D,0.9652873873710632,True,True,False
controller,validation-001523-3296e447ce252ee9-steps-1,1,1,1,True,False,False,False,Y,Y,0.9985533356666565,True,True,True
controller,validation-001523-3296e447ce252ee9-steps-2,2,2,2,True,False,False,False,C,C,0.9754696488380432,True,True,True
controller,validation-001523-3296e447ce252ee9-steps-3,3,3,3,True,False,False,False,S,S,0.9737786054611206,True,True,True
controller,validation-001523-3296e447ce252ee9-steps-4,4,4,4,True,False,False,False,P,P,0.9762253761291504,True,True,True
controller,validation-001523-3296e447ce252ee9-steps-5,5,5,5,True,False,False,False,X,X,0.940759539604187,True,True,True
controller,validation-001523-3296e447ce252ee9-steps-6,6,6,6,True,False,False,False,D,D,0.9388024210929871,True,True,True
controller,validation-001523-3296e447ce252ee9-steps-7,7,7,7,True,False,False,False,B,B,0.9341036081314087,True,True,True
controller,validation-001523-3296e447ce252ee9-steps-8,8,8,8,True,False,False,False,H,H,0.9142563939094543,True,True,True
controller,validation-001523-3296e447ce252ee9-steps-9,9,8,8,False,True,False,False,H,I,0.9970118999481201,True,False,False
controller,validation-001523-3296e447ce252ee9-steps-10,10,10,10,True,False,False,False,Z,Z,0.7810101509094238,True,True,True
controller,validation-001523-3296e447ce252ee9-steps-11,11,12,12,False,False,True,False,K,O,0.9988130331039429,True,False,False
controller,validation-001523-3296e447ce252ee9-steps-12,12,12,12,True,False,False,False,K,K,0.9529719352722168,True,True,True
controller,validation-001523-3296e447ce252ee9-steps-13,13,13,13,True,False,False,False,K,K,0.9959491491317749,True,True,True
controller,validation-001523-3296e447ce252ee9-steps-14,14,13,13,False,True,False,False,K,K,0.9998571872711182,True,True,False
controller,validation-001523-3296e447ce252ee9-steps-15,15,12,12,False,True,False,False,K,K,0.9986826777458191,True,True,False
controller,validation-001523-3296e447ce252ee9-steps-16,16,12,12,False,True,False,False,K,K,0.9659141302108765,True,True,False
controller,validation-000611-46c166ebb1c244ff-steps-1,1,1,1,True,False,False,False,J,J,0.9992559552192688,True,True,True
controller,validation-000611-46c166ebb1c244ff-steps-2,2,2,2,True,False,False,False,Y,Y,0.9938696622848511,True,True,True
controller,validation-000611-46c166ebb1c244ff-steps-3,3,3,3,True,False,False,False,K,K,0.9974748492240906,True,True,True
controller,validation-000611-46c166ebb1c244ff-steps-4,4,4,4,True,False,False,False,S,S,0.9983294606208801,True,True,True
controller,validation-000611-46c166ebb1c244ff-steps-5,5,5,5,True,False,False,False,O,O,0.998451828956604,True,True,True
controller,validation-000611-46c166ebb1c244ff-steps-6,6,6,6,True,False,False,False,E,E,0.9984766840934753,True,True,True
controller,validation-000611-46c166ebb1c244ff-steps-7,7,7,7,True,False,False,False,G,G,0.9994804263114929,True,True,True
controller,validation-000611-46c166ebb1c244ff-steps-8,8,8,8,True,False,False,False,U,U,0.9996198415756226,True,True,True
controller,validation-000611-46c166ebb1c244ff-steps-9,9,8,8,False,True,False,False,U,N,0.9999181032180786,True,False,False
controller,validation-000611-46c166ebb1c244ff-steps-10,10,10,10,True,False,False,False,H,H,0.9997007846832275,True,True,True
controller,validation-000611-46c166ebb1c244ff-steps-11,11,11,11,True,False,False,False,T,T,0.8042336106300354,True,True,True
controller,validation-000611-46c166ebb1c244ff-steps-12,12,12,12,True,False,False,False,F,F,0.9998424053192139,True,True,True
controller,validation-000611-46c166ebb1c244ff-steps-13,13,13,13,True,False,False,False,Q,Q,0.9999285936355591,True,True,True
controller,validation-000611-46c166ebb1c244ff-steps-14,14,12,12,False,True,False,False,F,B,0.9944559931755066,True,False,False
controller,validation-000611-46c166ebb1c244ff-steps-15,15,11,11,False,True,False,False,T,P,0.7908203601837158,True,False,False
controller,validation-000611-46c166ebb1c244ff-steps-16,16,12,12,False,True,False,False,F,A,0.9998829364776611,True,False,False
controller,validation-000083-1a1c162c8a716f0f-steps-1,1,1,1,True,False,False,False,L,L,0.9985209107398987,True,True,True
controller,validation-000083-1a1c162c8a716f0f-steps-2,2,2,2,True,False,False,False,C,C,0.9784949421882629,True,True,True
controller,validation-000083-1a1c162c8a716f0f-steps-3,3,3,3,True,False,False,False,D,D,0.990351140499115,True,True,True
controller,validation-000083-1a1c162c8a716f0f-steps-4,4,4,4,True,False,False,False,Q,Q,0.996151864528656,True,True,True
controller,validation-000083-1a1c162c8a716f0f-steps-5,5,5,5,True,False,False,False,S,S,0.9986901879310608,True,True,True
controller,validation-000083-1a1c162c8a716f0f-steps-6,6,6,6,True,False,False,False,N,N,0.9981829524040222,True,True,True
controller,validation-000083-1a1c162c8a716f0f-steps-7,7,7,7,True,False,False,False,V,V,0.9996991157531738,True,True,True
controller,validation-000083-1a1c162c8a716f0f-steps-8,8,8,8,True,False,False,False,B,B,0.9998021721839905,True,True,True
controller,validation-000083-1a1c162c8a716f0f-steps-9,9,8,8,False,True,False,False,B,E,0.999942421913147,True,False,False
controller,validation-000083-1a1c162c8a716f0f-steps-10,10,10,10,True,False,False,False,Z,Z,0.9996966123580933,True,True,True
controller,validation-000083-1a1c162c8a716f0f-steps-11,11,11,11,True,False,False,False,M,M,0.8241778016090393,True,True,True
controller,validation-000083-1a1c162c8a716f0f-steps-12,12,12,12,True,False,False,False,W,W,0.9998750686645508,True,True,True
controller,validation-000083-1a1c162c8a716f0f-steps-13,13,12,12,False,True,False,False,W,R,0.658954918384552,True,False,False
controller,validation-000083-1a1c162c8a716f0f-steps-14,14,12,12,False,True,False,False,W,K,0.9954336285591125,True,False,False
controller,validation-000083-1a1c162c8a716f0f-steps-15,15,11,11,False,True,False,False,M,A,0.7826135754585266,True,False,False
controller,validation-000083-1a1c162c8a716f0f-steps-16,16,12,12,False,True,False,False,W,O,0.9998866319656372,True,False,False
controller,validation-000359-b92f23fc5463bcf8-steps-1,1,1,1,True,False,False,False,O,O,0.999680757522583,True,True,True
controller,validation-000359-b92f23fc5463bcf8-steps-2,2,2,2,True,False,False,False,J,J,0.9983013868331909,True,True,True
controller,validation-000359-b92f23fc5463bcf8-steps-3,3,3,3,True,False,False,False,E,E,0.9996384382247925,True,True,True
controller,validation-000359-b92f23fc5463bcf8-steps-4,4,4,4,True,False,False,False,Y,Y,0.9998289346694946,True,True,True
controller,validation-000359-b92f23fc5463bcf8-steps-5,5,5,5,True,False,False,False,G,G,0.9998425245285034,True,True,True
controller,validation-000359-b92f23fc5463bcf8-steps-6,6,6,6,True,False,False,False,X,X,0.9998923540115356,True,True,True
controller,validation-000359-b92f23fc5463bcf8-steps-7,7,7,7,True,False,False,False,T,T,0.9999206066131592,True,True,True
controller,validation-000359-b92f23fc5463bcf8-steps-8,8,8,8,True,False,False,False,N,N,0.9998921155929565,True,True,True
controller,validation-000359-b92f23fc5463bcf8-steps-9,9,7,7,False,True,False,False,T,M,0.8408495783805847,True,False,False
controller,validation-000359-b92f23fc5463bcf8-steps-10,10,10,10,True,False,False,False,C,C,0.9999138116836548,True,True,True
controller,validation-000359-b92f23fc5463bcf8-steps-11,11,11,11,True,False,False,False,O,O,0.8480467796325684,True,True,True
controller,validation-000359-b92f23fc5463bcf8-steps-12,12,12,12,True,False,False,False,J,J,0.9998639822006226,True,True,True
controller,validation-000359-b92f23fc5463bcf8-steps-13,13,13,13,True,False,False,False,E,E,0.9999256134033203,True,True,True
controller,validation-000359-b92f23fc5463bcf8-steps-14,14,12,12,False,True,False,False,J,Y,0.9939951300621033,True,False,False
controller,validation-000359-b92f23fc5463bcf8-steps-15,15,11,11,False,True,False,False,O,G,0.8987434506416321,True,False,False
controller,validation-000359-b92f23fc5463bcf8-steps-16,16,12,12,False,True,False,False,J,X,0.9999103546142578,True,False,False
controller,validation-000323-bdc0809a8b0d79a5-steps-1,1,1,1,True,False,False,False,S,S,0.9988242983818054,True,True,True
controller,validation-000323-bdc0809a8b0d79a5-steps-2,2,2,2,True,False,False,False,X,X,0.957692563533783,True,True,True
controller,validation-000323-bdc0809a8b0d79a5-steps-3,3,3,3,True,False,False,False,Q,Q,0.9475542902946472,True,True,True
controller,validation-000323-bdc0809a8b0d79a5-steps-4,4,4,4,True,False,False,False,D,D,0.9292731285095215,True,True,True
controller,validation-000323-bdc0809a8b0d79a5-steps-5,5,5,5,True,False,False,False,P,P,0.8969078660011292,True,True,True
controller,validation-000323-bdc0809a8b0d79a5-steps-6,6,6,6,True,False,False,False,E,E,0.8321012854576111,True,True,True
controller,validation-000323-bdc0809a8b0d79a5-steps-7,7,7,7,True,False,False,False,Z,Z,0.9468660354614258,True,True,True
controller,validation-000323-bdc0809a8b0d79a5-steps-8,8,8,8,True,False,False,False,M,M,0.9728331565856934,True,True,True
controller,validation-000323-bdc0809a8b0d79a5-steps-9,9,8,8,False,True,False,False,M,A,0.9973650574684143,True,False,False
controller,validation-000323-bdc0809a8b0d79a5-steps-10,10,10,10,True,False,False,False,C,C,0.9526085257530212,True,True,True
controller,validation-000323-bdc0809a8b0d79a5-steps-11,11,12,12,False,False,True,False,T,N,0.9995261430740356,True,False,False
controller,validation-000323-bdc0809a8b0d79a5-steps-12,12,12,12,True,False,False,False,T,T,0.9859505295753479,True,True,True
controller,validation-000323-bdc0809a8b0d79a5-steps-13,13,13,13,True,False,False,False,U,U,0.9983008503913879,True,True,True
controller,validation-000323-bdc0809a8b0d79a5-steps-14,14,13,13,False,True,False,False,U,O,0.9999096393585205,True,False,False
controller,validation-000323-bdc0809a8b0d79a5-steps-15,15,12,12,False,True,False,False,T,W,0.9994681477546692,True,False,False
controller,validation-000323-bdc0809a8b0d79a5-steps-16,16,12,12,False,True,False,False,T,H,0.9890669584274292,True,False,False
controller,validation-000899-75f60bb8180d1a83-steps-1,1,1,1,True,False,False,False,I,I,0.9992448091506958,True,True,True
controller,validation-000899-75f60bb8180d1a83-steps-2,2,2,2,True,False,False,False,A,A,0.9877463579177856,True,True,True
controller,validation-000899-75f60bb8180d1a83-steps-3,3,3,3,True,False,False,False,V,V,0.9940493106842041,True,True,True
controller,validation-000899-75f60bb8180d1a83-steps-4,4,4,4,True,False,False,False,Y,Y,0.9954221844673157,True,True,True
controller,validation-000899-75f60bb8180d1a83-steps-5,5,5,5,True,False,False,False,G,G,0.997017502784729,True,True,True
controller,validation-000899-75f60bb8180d1a83-steps-6,6,6,6,True,False,False,False,P,P,0.9961628913879395,True,True,True
controller,validation-000899-75f60bb8180d1a83-steps-7,7,7,7,True,False,False,False,N,N,0.9973564147949219,True,True,True
controller,validation-000899-75f60bb8180d1a83-steps-8,8,8,8,True,False,False,False,F,F,0.9987671375274658,True,True,True
controller,validation-000899-75f60bb8180d1a83-steps-9,9,8,8,False,True,False,False,F,T,0.99986732006073,True,False,False
controller,validation-000899-75f60bb8180d1a83-steps-10,10,10,10,True,False,False,False,O,O,0.999890923500061,True,True,True
controller,validation-000899-75f60bb8180d1a83-steps-11,11,11,11,True,False,False,False,Q,Q,0.9374872446060181,True,True,True
controller,validation-000899-75f60bb8180d1a83-steps-12,12,12,12,True,False,False,False,U,U,0.9998421669006348,True,True,True
controller,validation-000899-75f60bb8180d1a83-steps-13,13,12,12,False,True,False,False,U,S,0.5027362704277039,True,False,False
controller,validation-000899-75f60bb8180d1a83-steps-14,14,12,12,False,True,False,False,U,H,0.9933472871780396,True,False,False
controller,validation-000899-75f60bb8180d1a83-steps-15,15,11,11,False,True,False,False,Q,K,0.8762500286102295,True,False,False
controller,validation-000899-75f60bb8180d1a83-steps-16,16,12,12,False,True,False,False,U,C,0.9998838901519775,True,False,False
controller,validation-000599-2f78e7c2fe9b1ad3-steps-1,1,1,1,True,False,False,False,V,V,0.9997250437736511,True,True,True
controller,validation-000599-2f78e7c2fe9b1ad3-steps-2,2,2,2,True,False,False,False,V,V,0.9993675351142883,True,True,True
controller,validation-000599-2f78e7c2fe9b1ad3-steps-3,3,3,3,True,False,False,False,V,V,0.9999080896377563,True,True,True
controller,validation-000599-2f78e7c2fe9b1ad3-steps-4,4,4,4,True,False,False,False,V,V,0.9999470710754395,True,True,True
controller,validation-000599-2f78e7c2fe9b1ad3-steps-5,5,5,5,True,False,False,False,V,V,0.9999462366104126,True,True,True
controller,validation-000599-2f78e7c2fe9b1ad3-steps-6,6,5,5,False,True,False,False,V,V,0.829097330570221,True,True,False
controller,validation-000599-2f78e7c2fe9b1ad3-steps-7,7,6,6,False,True,False,False,V,V,0.970550537109375,True,True,False
controller,validation-000599-2f78e7c2fe9b1ad3-steps-8,8,7,7,False,True,False,False,V,V,0.9596495628356934,True,True,False
controller,validation-000599-2f78e7c2fe9b1ad3-steps-9,9,7,7,False,True,False,False,V,V,0.9989123344421387,True,True,False
controller,validation-000599-2f78e7c2fe9b1ad3-steps-10,10,9,9,False,True,False,False,V,V,0.9975122213363647,True,True,False
controller,validation-000599-2f78e7c2fe9b1ad3-steps-11,11,11,11,True,False,False,False,V,V,0.9997950196266174,True,True,True
controller,validation-000599-2f78e7c2fe9b1ad3-steps-12,12,11,11,False,True,False,False,V,V,0.9950903654098511,True,True,False
controller,validation-000599-2f78e7c2fe9b1ad3-steps-13,13,12,12,False,True,False,False,V,V,0.9991683959960938,True,True,False
controller,validation-000599-2f78e7c2fe9b1ad3-steps-14,14,11,11,False,True,False,False,V,V,0.65501469373703,True,True,False
controller,validation-000599-2f78e7c2fe9b1ad3-steps-15,15,11,11,False,True,False,False,V,V,0.9997580647468567,True,True,False
controller,validation-000599-2f78e7c2fe9b1ad3-steps-16,16,11,11,False,True,False,False,V,V,0.9963787198066711,True,True,False
controller,validation-001331-08e35c3a1f358a68-steps-1,1,1,1,True,False,False,False,L,L,0.9993268251419067,True,True,True
controller,validation-001331-08e35c3a1f358a68-steps-2,2,2,2,True,False,False,False,P,P,0.9963144659996033,True,True,True
controller,validation-001331-08e35c3a1f358a68-steps-3,3,3,3,True,False,False,False,C,C,0.998892605304718,True,True,True
controller,validation-001331-08e35c3a1f358a68-steps-4,4,4,4,True,False,False,False,Z,Z,0.9993458390235901,True,True,True
controller,validation-001331-08e35c3a1f358a68-steps-5,5,5,5,True,False,False,False,U,U,0.9993100166320801,True,True,True
controller,validation-001331-08e35c3a1f358a68-steps-6,6,6,6,True,False,False,False,N,N,0.9995582699775696,True,True,True
controller,validation-001331-08e35c3a1f358a68-steps-7,7,7,7,True,False,False,False,L,L,0.9995579123497009,True,True,True
controller,validation-001331-08e35c3a1f358a68-steps-8,8,8,8,True,False,False,False,P,P,0.9996354579925537,True,True,True
controller,validation-001331-08e35c3a1f358a68-steps-9,9,8,8,False,True,False,False,P,C,0.9999376535415649,True,False,False
controller,validation-001331-08e35c3a1f358a68-steps-10,10,10,10,True,False,False,False,Z,Z,0.9996790885925293,True,True,True
controller,validation-001331-08e35c3a1f358a68-steps-11,11,11,11,True,False,False,False,U,U,0.8912171125411987,True,True,True
controller,validation-001331-08e35c3a1f358a68-steps-12,12,12,12,True,False,False,False,N,N,0.9997859597206116,True,True,True
controller,validation-001331-08e35c3a1f358a68-steps-13,13,13,13,True,False,False,False,L,L,0.9999336004257202,True,True,True
controller,validation-001331-08e35c3a1f358a68-steps-14,14,12,12,False,True,False,False,N,P,0.9930087327957153,True,False,False
controller,validation-001331-08e35c3a1f358a68-steps-15,15,11,11,False,True,False,False,U,C,0.7500742077827454,True,False,False
controller,validation-001331-08e35c3a1f358a68-steps-16,16,12,12,False,True,False,False,N,Z,0.9998635053634644,True,False,False
controller,validation-000911-5281ea2ec2b634b7-steps-1,1,1,1,True,False,False,False,I,I,0.9995478987693787,True,True,True
controller,validation-000911-5281ea2ec2b634b7-steps-2,2,2,2,True,False,False,False,F,F,0.9974240064620972,True,True,True
controller,validation-000911-5281ea2ec2b634b7-steps-3,3,3,3,True,False,False,False,D,D,0.9994578957557678,True,True,True
controller,validation-000911-5281ea2ec2b634b7-steps-4,4,4,4,True,False,False,False,N,N,0.9997557997703552,True,True,True
controller,validation-000911-5281ea2ec2b634b7-steps-5,5,5,5,True,False,False,False,A,A,0.9998326301574707,True,True,True
controller,validation-000911-5281ea2ec2b634b7-steps-6,6,6,6,True,False,False,False,B,B,0.9998944997787476,True,True,True
controller,validation-000911-5281ea2ec2b634b7-steps-7,7,7,7,True,False,False,False,L,L,0.9999439716339111,True,True,True
controller,validation-000911-5281ea2ec2b634b7-steps-8,8,8,8,True,False,False,False,W,W,0.999944806098938,True,True,True
controller,validation-000911-5281ea2ec2b634b7-steps-9,9,7,7,False,True,False,False,L,V,0.955744206905365,True,False,False
controller,validation-000911-5281ea2ec2b634b7-steps-10,10,10,10,True,False,False,False,U,U,0.9999184608459473,True,True,True
controller,validation-000911-5281ea2ec2b634b7-steps-11,11,11,11,True,False,False,False,X,X,0.9807416796684265,True,True,True
controller,validation-000911-5281ea2ec2b634b7-steps-12,12,11,11,False,True,False,False,X,R,0.5238706469535828,True,False,False
controller,validation-000911-5281ea2ec2b634b7-steps-13,13,12,12,False,True,False,False,R,M,0.8846225142478943,True,False,False
controller,validation-000911-5281ea2ec2b634b7-steps-14,14,12,12,False,True,False,False,R,Z,0.9992554783821106,True,False,False
controller,validation-000911-5281ea2ec2b634b7-steps-15,15,11,11,False,True,False,False,X,J,0.981685221195221,True,False,False
controller,validation-000911-5281ea2ec2b634b7-steps-16,16,11,11,False,True,False,False,X,A,0.5904127359390259,True,False,False
controller,validation-000131-f86ab9cea858725f-steps-1,1,1,1,True,False,False,False,F,F,0.9991894364356995,True,True,True
controller,validation-000131-f86ab9cea858725f-steps-2,2,2,2,True,False,False,False,V,V,0.9941131472587585,True,True,True
controller,validation-000131-f86ab9cea858725f-steps-3,3,3,3,True,False,False,False,T,T,0.9979913234710693,True,True,True
controller,validation-000131-f86ab9cea858725f-steps-4,4,4,4,True,False,False,False,S,S,0.9984109401702881,True,True,True
controller,validation-000131-f86ab9cea858725f-steps-5,5,5,5,True,False,False,False,E,E,0.9978092312812805,True,True,True
controller,validation-000131-f86ab9cea858725f-steps-6,6,6,6,True,False,False,False,D,D,0.9971490502357483,True,True,True
controller,validation-000131-f86ab9cea858725f-steps-7,7,7,7,True,False,False,False,B,B,0.997844934463501,True,True,True
controller,validation-000131-f86ab9cea858725f-steps-8,8,8,8,True,False,False,False,J,J,0.9980533123016357,True,True,True
controller,validation-000131-f86ab9cea858725f-steps-9,9,8,8,False,True,False,False,J,O,0.9997727274894714,True,False,False
controller,validation-000131-f86ab9cea858725f-steps-10,10,10,10,True,False,False,False,I,I,0.9993785619735718,True,True,True
controller,validation-000131-f86ab9cea858725f-steps-11,11,12,12,False,False,True,False,U,R,0.9999045133590698,True,False,False
controller,validation-000131-f86ab9cea858725f-steps-12,12,12,12,True,False,False,False,U,U,0.9991965889930725,True,True,True
controller,validation-000131-f86ab9cea858725f-steps-13,13,13,13,True,False,False,False,W,W,0.9997410178184509,True,True,True
controller,validation-000131-f86ab9cea858725f-steps-14,14,12,12,False,True,False,False,U,G,0.9033601880073547,True,False,False
controller,validation-000131-f86ab9cea858725f-steps-15,15,12,12,False,True,False,False,U,F,0.9999051094055176,True,False,False
controller,validation-000131-f86ab9cea858725f-steps-16,16,12,12,False,True,False,False,U,V,0.9994070529937744,True,False,False
controller,validation-000107-f9696f08ed7f5e0c-steps-1,1,1,1,True,False,False,False,T,T,0.9986422657966614,True,True,True
controller,validation-000107-f9696f08ed7f5e0c-steps-2,2,2,2,True,False,False,False,W,W,0.9568650126457214,True,True,True
controller,validation-000107-f9696f08ed7f5e0c-steps-3,3,3,3,True,False,False,False,Z,Z,0.9632994532585144,True,True,True
controller,validation-000107-f9696f08ed7f5e0c-steps-4,4,4,4,True,False,False,False,H,H,0.9822288751602173,True,True,True
controller,validation-000107-f9696f08ed7f5e0c-steps-5,5,5,5,True,False,False,False,V,V,0.9887223243713379,True,True,True
controller,validation-000107-f9696f08ed7f5e0c-steps-6,6,6,6,True,False,False,False,E,E,0.9886932969093323,True,True,True
controller,validation-000107-f9696f08ed7f5e0c-steps-7,7,7,7,True,False,False,False,B,B,0.9961636066436768,True,True,True
controller,validation-000107-f9696f08ed7f5e0c-steps-8,8,8,8,True,False,False,False,O,O,0.9969137907028198,True,True,True
controller,validation-000107-f9696f08ed7f5e0c-steps-9,9,8,8,False,True,False,False,O,X,0.9997571110725403,True,False,False
controller,validation-000107-f9696f08ed7f5e0c-steps-10,10,10,10,True,False,False,False,J,J,0.9921594858169556,True,True,True
controller,validation-000107-f9696f08ed7f5e0c-steps-11,11,12,12,False,False,True,False,K,I,0.9998621940612793,True,False,False
controller,validation-000107-f9696f08ed7f5e0c-steps-12,12,12,12,True,False,False,False,K,K,0.9984738230705261,True,True,True
controller,validation-000107-f9696f08ed7f5e0c-steps-13,13,13,13,True,False,False,False,Y,Y,0.9997958540916443,True,True,True
controller,validation-000107-f9696f08ed7f5e0c-steps-14,14,12,12,False,True,False,False,K,G,0.8669852018356323,True,False,False
controller,validation-000107-f9696f08ed7f5e0c-steps-15,15,12,12,False,True,False,False,K,D,0.9998799562454224,True,False,False
controller,validation-000107-f9696f08ed7f5e0c-steps-16,16,12,12,False,True,False,False,K,S,0.9990959167480469,True,False,False
controller,validation-000155-c11524fc7103abc4-steps-1,1,1,1,True,False,False,False,T,T,0.9997807145118713,True,True,True
controller,validation-000155-c11524fc7103abc4-steps-2,2,2,2,True,False,False,False,J,J,0.9987862706184387,True,True,True
controller,validation-000155-c11524fc7103abc4-steps-3,3,3,3,True,False,False,False,G,G,0.9997631907463074,True,True,True
controller,validation-000155-c11524fc7103abc4-steps-4,4,4,4,True,False,False,False,O,O,0.9998470544815063,True,True,True
controller,validation-000155-c11524fc7103abc4-steps-5,5,5,5,True,False,False,False,W,W,0.9998784065246582,True,True,True
controller,validation-000155-c11524fc7103abc4-steps-6,6,6,6,True,False,False,False,S,S,0.9998877048492432,True,True,True
controller,validation-000155-c11524fc7103abc4-steps-7,7,7,7,True,False,False,False,M,M,0.9998960494995117,True,True,True
controller,validation-000155-c11524fc7103abc4-steps-8,8,8,8,True,False,False,False,E,E,0.9999105930328369,True,True,True
controller,validation-000155-c11524fc7103abc4-steps-9,9,7,7,False,True,False,False,M,H,0.792259931564331,True,False,False
controller,validation-000155-c11524fc7103abc4-steps-10,10,10,10,True,False,False,False,F,F,0.9997648596763611,True,True,True
controller,validation-000155-c11524fc7103abc4-steps-11,11,11,11,True,False,False,False,Z,Z,0.7972473502159119,True,True,True
controller,validation-000155-c11524fc7103abc4-steps-12,12,12,12,True,False,False,False,D,D,0.9997220635414124,True,True,True
controller,validation-000155-c11524fc7103abc4-steps-13,13,13,13,True,False,False,False,R,R,0.9999074935913086,True,True,True
controller,validation-000155-c11524fc7103abc4-steps-14,14,12,12,False,True,False,False,D,A,0.9814126491546631,True,False,False
controller,validation-000155-c11524fc7103abc4-steps-15,15,11,11,False,True,False,False,Z,N,0.6371493339538574,True,False,False
controller,validation-000155-c11524fc7103abc4-steps-16,16,12,12,False,True,False,False,D,V,0.9997904896736145,True,False,False
controller,validation-000095-504840b469af04bd-steps-1,1,1,1,True,False,False,False,J,J,0.9995564818382263,True,True,True
controller,validation-000095-504840b469af04bd-steps-2,2,2,2,True,False,False,False,L,L,0.9989432692527771,True,True,True
controller,validation-000095-504840b469af04bd-steps-3,3,3,3,True,False,False,False,S,S,0.9998189806938171,True,True,True
controller,validation-000095-504840b469af04bd-steps-4,4,4,4,True,False,False,False,B,B,0.9999082088470459,True,True,True
controller,validation-000095-504840b469af04bd-steps-5,5,5,5,True,False,False,False,I,I,0.9999167919158936,True,True,True
controller,validation-000095-504840b469af04bd-steps-6,6,6,6,True,False,False,False,P,P,0.9999301433563232,True,True,True
controller,validation-000095-504840b469af04bd-steps-7,7,6,6,False,True,False,False,P,M,0.5859664082527161,True,False,False
controller,validation-000095-504840b469af04bd-steps-8,8,7,7,False,True,False,False,M,N,0.5086678266525269,True,False,False
controller,validation-000095-504840b469af04bd-steps-9,9,7,7,False,True,False,False,M,K,0.9346022009849548,True,False,False
controller,validation-000095-504840b469af04bd-steps-10,10,9,9,False,True,False,False,K,X,0.5980216264724731,True,False,False
controller,validation-000095-504840b469af04bd-steps-11,11,11,11,True,False,False,False,Q,Q,0.9880232810974121,True,True,True
controller,validation-000095-504840b469af04bd-steps-12,12,11,11,False,True,False,False,Q,G,0.614485502243042,True,False,False
controller,validation-000095-504840b469af04bd-steps-13,13,12,12,False,True,False,False,G,U,0.9395145773887634,True,False,False
controller,validation-000095-504840b469af04bd-steps-14,14,12,12,False,True,False,False,G,F,0.9995176792144775,True,False,False
controller,validation-000095-504840b469af04bd-steps-15,15,11,11,False,True,False,False,Q,W,0.9828763604164124,True,False,False
controller,validation-000095-504840b469af04bd-steps-16,16,11,11,False,True,False,False,Q,Z,0.5573062300682068,True,False,False
controller,validation-000263-080cb59a5f62a448-steps-1,1,1,1,True,False,False,False,M,M,0.9994034767150879,True,True,True
controller,validation-000263-080cb59a5f62a448-steps-2,2,2,2,True,False,False,False,V,V,0.992792010307312,True,True,True
controller,validation-000263-080cb59a5f62a448-steps-3,3,3,3,True,False,False,False,J,J,0.9962131977081299,True,True,True
controller,validation-000263-080cb59a5f62a448-steps-4,4,4,4,True,False,False,False,R,R,0.9977450966835022,True,True,True
controller,validation-000263-080cb59a5f62a448-steps-5,5,5,5,True,False,False,False,I,I,0.9970558881759644,True,True,True
controller,validation-000263-080cb59a5f62a448-steps-6,6,6,6,True,False,False,False,K,K,0.9956300258636475,True,True,True
controller,validation-000263-080cb59a5f62a448-steps-7,7,7,7,True,False,False,False,S,S,0.9964056015014648,True,True,True
controller,validation-000263-080cb59a5f62a448-steps-8,8,8,8,True,False,False,False,M,M,0.995598316192627,True,True,True
controller,validation-000263-080cb59a5f62a448-steps-9,9,8,8,False,True,False,False,M,V,0.9996448755264282,True,False,False
controller,validation-000263-080cb59a5f62a448-steps-10,10,10,10,True,False,False,False,J,J,0.9978219270706177,True,True,True
controller,validation-000263-080cb59a5f62a448-steps-11,11,12,12,False,False,True,False,I,R,0.9998810291290283,True,False,False
controller,validation-000263-080cb59a5f62a448-steps-12,12,12,12,True,False,False,False,I,I,0.9987874627113342,True,True,True
controller,validation-000263-080cb59a5f62a448-steps-13,13,13,13,True,False,False,False,K,K,0.9994764924049377,True,True,True
controller,validation-000263-080cb59a5f62a448-steps-14,14,12,12,False,True,False,False,I,S,0.825666069984436,True,False,False
controller,validation-000263-080cb59a5f62a448-steps-15,15,12,12,False,True,False,False,I,M,0.999858021736145,True,False,False
controller,validation-000263-080cb59a5f62a448-steps-16,16,12,12,False,True,False,False,I,V,0.9991781115531921,True,False,False
controller,validation-000035-4556add4dc81041f-steps-1,1,1,1,True,False,False,False,Z,Z,0.9991438388824463,True,True,True
controller,validation-000035-4556add4dc81041f-steps-2,2,2,2,True,False,False,False,S,S,0.9803736209869385,True,True,True
controller,validation-000035-4556add4dc81041f-steps-3,3,3,3,True,False,False,False,G,G,0.9843800067901611,True,True,True
controller,validation-000035-4556add4dc81041f-steps-4,4,4,4,True,False,False,False,M,M,0.9694952368736267,True,True,True
controller,validation-000035-4556add4dc81041f-steps-5,5,5,5,True,False,False,False,L,L,0.9702445268630981,True,True,True
controller,validation-000035-4556add4dc81041f-steps-6,6,6,6,True,False,False,False,X,X,0.9516902565956116,True,True,True
controller,validation-000035-4556add4dc81041f-steps-7,7,7,7,True,False,False,False,F,F,0.9791254997253418,True,True,True
controller,validation-000035-4556add4dc81041f-steps-8,8,8,8,True,False,False,False,V,V,0.9846504330635071,True,True,True
controller,validation-000035-4556add4dc81041f-steps-9,9,8,8,False,True,False,False,V,C,0.9992247819900513,True,False,False
controller,validation-000035-4556add4dc81041f-steps-10,10,10,10,True,False,False,False,Y,Y,0.9992954730987549,True,True,True
controller,validation-000035-4556add4dc81041f-steps-11,11,11,11,True,False,False,False,K,K,0.6200229525566101,True,True,True
controller,validation-000035-4556add4dc81041f-steps-12,12,12,12,True,False,False,False,W,W,0.9995923638343811,True,True,True
controller,validation-000035-4556add4dc81041f-steps-13,13,13,13,True,False,False,False,A,A,0.9999070167541504,True,True,True
controller,validation-000035-4556add4dc81041f-steps-14,14,12,12,False,True,False,False,W,H,0.975440502166748,True,False,False
controller,validation-000035-4556add4dc81041f-steps-15,15,11,11,False,True,False,False,K,O,0.5597337484359741,True,False,False
controller,validation-000035-4556add4dc81041f-steps-16,16,12,12,False,True,False,False,W,N,0.9997252821922302,True,False,False
controller,validation-001031-a5ebe1abb68903fd-steps-1,1,1,1,True,False,False,False,H,H,0.9994710087776184,True,True,True
controller,validation-001031-a5ebe1abb68903fd-steps-2,2,2,2,True,False,False,False,H,H,0.9985917210578918,True,True,True
controller,validation-001031-a5ebe1abb68903fd-steps-3,3,3,3,True,False,False,False,H,H,0.9997785687446594,True,True,True
controller,validation-001031-a5ebe1abb68903fd-steps-4,4,4,4,True,False,False,False,H,H,0.9998677968978882,True,True,True
controller,validation-001031-a5ebe1abb68903fd-steps-5,5,5,5,True,False,False,False,H,H,0.9998611211776733,True,True,True
controller,validation-001031-a5ebe1abb68903fd-steps-6,6,6,6,True,False,False,False,H,H,0.9998049139976501,True,True,True
controller,validation-001031-a5ebe1abb68903fd-steps-7,7,7,7,True,False,False,False,H,H,0.9998828172683716,True,True,True
controller,validation-001031-a5ebe1abb68903fd-steps-8,8,8,8,True,False,False,False,H,H,0.9997269511222839,True,True,True
controller,validation-001031-a5ebe1abb68903fd-steps-9,9,7,7,False,True,False,False,H,H,0.5971741080284119,True,True,False
controller,validation-001031-a5ebe1abb68903fd-steps-10,10,10,10,True,False,False,False,H,H,0.9993189573287964,True,True,True
controller,validation-001031-a5ebe1abb68903fd-steps-11,11,12,12,False,False,True,False,H,H,0.9998939037322998,True,True,False
controller,validation-001031-a5ebe1abb68903fd-steps-12,12,12,12,True,False,False,False,H,H,0.9986175298690796,True,True,True
controller,validation-001031-a5ebe1abb68903fd-steps-13,13,13,13,True,False,False,False,H,H,0.9995162487030029,True,True,True
controller,validation-001031-a5ebe1abb68903fd-steps-14,14,12,12,False,True,False,False,H,H,0.8155573606491089,True,True,False
controller,validation-001031-a5ebe1abb68903fd-steps-15,15,12,12,False,True,False,False,H,H,0.9998565912246704,True,True,False
controller,validation-001031-a5ebe1abb68903fd-steps-16,16,12,12,False,True,False,False,H,H,0.998848557472229,True,True,False
controller,validation-001511-fb952adf90f30952-steps-1,1,1,1,True,False,False,False,N,N,0.9993239641189575,True,True,True
controller,validation-001511-fb952adf90f30952-steps-2,2,2,2,True,False,False,False,O,O,0.9959964752197266,True,True,True
controller,validation-001511-fb952adf90f30952-steps-3,3,3,3,True,False,False,False,Z,Z,0.9989739656448364,True,True,True
controller,validation-001511-fb952adf90f30952-steps-4,4,4,4,True,False,False,False,S,S,0.9991525411605835,True,True,True
controller,validation-001511-fb952adf90f30952-steps-5,5,5,5,True,False,False,False,U,U,0.9990231990814209,True,True,True
controller,validation-001511-fb952adf90f30952-steps-6,6,6,6,True,False,False,False,A,A,0.9981265664100647,True,True,True
controller,validation-001511-fb952adf90f30952-steps-7,7,7,7,True,False,False,False,P,P,0.9993956089019775,True,True,True
controller,validation-001511-fb952adf90f30952-steps-8,8,8,8,True,False,False,False,Y,Y,0.999203622341156,True,True,True
controller,validation-001511-fb952adf90f30952-steps-9,9,8,8,False,True,False,False,Y,J,0.9998987913131714,True,False,False
controller,validation-001511-fb952adf90f30952-steps-10,10,10,10,True,False,False,False,X,X,0.9997739195823669,True,True,True
controller,validation-001511-fb952adf90f30952-steps-11,11,11,11,True,False,False,False,N,N,0.5014194846153259,True,True,True
controller,validation-001511-fb952adf90f30952-steps-12,12,12,12,True,False,False,False,O,O,0.9994694590568542,True,True,True
controller,validation-001511-fb952adf90f30952-steps-13,13,13,13,True,False,False,False,Z,Z,0.9998844861984253,True,True,True
controller,validation-001511-fb952adf90f30952-steps-14,14,12,12,False,True,False,False,O,S,0.968462347984314,True,False,False
controller,validation-001511-fb952adf90f30952-steps-15,15,12,12,False,True,False,False,O,U,0.9999364614486694,True,False,False
controller,validation-001511-fb952adf90f30952-steps-16,16,12,12,False,True,False,False,O,A,0.9995731711387634,True,False,False
controller,validation-000647-86dde2b258128b01-steps-1,1,1,1,True,False,False,False,G,G,0.9990227222442627,True,True,True
controller,validation-000647-86dde2b258128b01-steps-2,2,2,2,True,False,False,False,B,B,0.9720436930656433,True,True,True
controller,validation-000647-86dde2b258128b01-steps-3,3,3,3,True,False,False,False,V,V,0.9915274977684021,True,True,True
controller,validation-000647-86dde2b258128b01-steps-4,4,4,4,True,False,False,False,L,L,0.9959706664085388,True,True,True
controller,validation-000647-86dde2b258128b01-steps-5,5,5,5,True,False,False,False,S,S,0.9963071346282959,True,True,True
controller,validation-000647-86dde2b258128b01-steps-6,6,6,6,True,False,False,False,S,S,0.9974989295005798,True,True,True
controller,validation-000647-86dde2b258128b01-steps-7,7,7,7,True,False,False,False,S,S,0.998859167098999,True,True,True
controller,validation-000647-86dde2b258128b01-steps-8,8,8,8,True,False,False,False,S,S,0.9990283250808716,True,True,True
controller,validation-000647-86dde2b258128b01-steps-9,9,8,8,False,True,False,False,S,S,0.9998478889465332,True,True,False
controller,validation-000647-86dde2b258128b01-steps-10,10,10,10,True,False,False,False,S,S,0.9978979825973511,True,True,True
controller,validation-000647-86dde2b258128b01-steps-11,11,12,12,False,False,True,False,S,S,0.9999282360076904,True,True,False
controller,validation-000647-86dde2b258128b01-steps-12,12,12,12,True,False,False,False,S,S,0.9988904595375061,True,True,True
controller,validation-000647-86dde2b258128b01-steps-13,13,13,13,True,False,False,False,S,S,0.9998170733451843,True,True,True
controller,validation-000647-86dde2b258128b01-steps-14,14,12,12,False,True,False,False,S,S,0.9245325326919556,True,True,False
controller,validation-000647-86dde2b258128b01-steps-15,15,12,12,False,True,False,False,S,S,0.9999134540557861,True,True,False
controller,validation-000647-86dde2b258128b01-steps-16,16,12,12,False,True,False,False,S,S,0.9994785189628601,True,True,False
controller,validation-000395-d194a8d6d0f1f1d1-steps-1,1,1,1,True,False,False,False,S,S,0.9991294741630554,True,True,True
controller,validation-000395-d194a8d6d0f1f1d1-steps-2,2,2,2,True,False,False,False,L,L,0.9785423278808594,True,True,True
controller,validation-000395-d194a8d6d0f1f1d1-steps-3,3,3,3,True,False,False,False,U,U,0.9612588286399841,True,True,True
controller,validation-000395-d194a8d6d0f1f1d1-steps-4,4,4,4,True,False,False,False,K,K,0.9803351163864136,True,True,True
controller,validation-000395-d194a8d6d0f1f1d1-steps-5,5,5,5,True,False,False,False,J,J,0.9813504219055176,True,True,True
controller,validation-000395-d194a8d6d0f1f1d1-steps-6,6,6,6,True,False,False,False,Z,Z,0.9819636344909668,True,True,True
controller,validation-000395-d194a8d6d0f1f1d1-steps-7,7,7,7,True,False,False,False,B,B,0.9935600757598877,True,True,True
controller,validation-000395-d194a8d6d0f1f1d1-steps-8,8,8,8,True,False,False,False,C,C,0.9968059062957764,True,True,True
controller,validation-000395-d194a8d6d0f1f1d1-steps-9,9,8,8,False,True,False,False,C,O,0.9997294545173645,True,False,False
controller,validation-000395-d194a8d6d0f1f1d1-steps-10,10,10,10,True,False,False,False,H,H,0.9992017149925232,True,True,True
controller,validation-000395-d194a8d6d0f1f1d1-steps-11,11,12,12,False,False,True,False,V,T,0.9999251365661621,True,False,False
controller,validation-000395-d194a8d6d0f1f1d1-steps-12,12,12,12,True,False,False,False,V,V,0.9995563626289368,True,True,True
controller,validation-000395-d194a8d6d0f1f1d1-steps-13,13,13,13,True,False,False,False,Q,Q,0.9998533725738525,True,True,True
controller,validation-000395-d194a8d6d0f1f1d1-steps-14,14,12,12,False,True,False,False,V,N,0.9713459610939026,True,False,False
controller,validation-000395-d194a8d6d0f1f1d1-steps-15,15,12,12,False,True,False,False,V,R,0.9999291896820068,True,False,False
controller,validation-000395-d194a8d6d0f1f1d1-steps-16,16,12,12,False,True,False,False,V,A,0.9997569918632507,True,False,False
controller,validation-000971-d7bddfb099136465-steps-1,1,1,1,True,False,False,False,E,E,0.9990800619125366,True,True,True
controller,validation-000971-d7bddfb099136465-steps-2,2,2,2,True,False,False,False,K,K,0.9931321740150452,True,True,True
controller,validation-000971-d7bddfb099136465-steps-3,3,3,3,True,False,False,False,P,P,0.99852055311203,True,True,True
controller,validation-000971-d7bddfb099136465-steps-4,4,4,4,True,False,False,False,H,H,0.9994930028915405,True,True,True
controller,validation-000971-d7bddfb099136465-steps-5,5,5,5,True,False,False,False,N,N,0.9996097683906555,True,True,True
controller,validation-000971-d7bddfb099136465-steps-6,6,6,6,True,False,False,False,J,J,0.9996393918991089,True,True,True
controller,validation-000971-d7bddfb099136465-steps-7,7,7,7,True,False,False,False,A,A,0.9998258948326111,True,True,True
controller,validation-000971-d7bddfb099136465-steps-8,8,8,8,True,False,False,False,Y,Y,0.9998470544815063,True,True,True
controller,validation-000971-d7bddfb099136465-steps-9,9,8,8,False,True,False,False,Y,V,0.999947190284729,True,False,False
controller,validation-000971-d7bddfb099136465-steps-10,10,10,10,True,False,False,False,L,L,0.9998036026954651,True,True,True
controller,validation-000971-d7bddfb099136465-steps-11,11,11,11,True,False,False,False,B,B,0.8115505576133728,True,True,True
controller,validation-000971-d7bddfb099136465-steps-12,12,12,12,True,False,False,False,T,T,0.999806821346283,True,True,True
controller,validation-000971-d7bddfb099136465-steps-13,13,13,13,True,False,False,False,X,X,0.9999051094055176,True,True,True
controller,validation-000971-d7bddfb099136465-steps-14,14,12,12,False,True,False,False,T,Q,0.9869278073310852,True,False,False
controller,validation-000971-d7bddfb099136465-steps-15,15,11,11,False,True,False,False,B,M,0.7489179372787476,True,False,False
controller,validation-000971-d7bddfb099136465-steps-16,16,12,12,False,True,False,False,T,O,0.9997921586036682,True,False,False
controller,validation-000863-946ff3c84ee89062-steps-1,1,1,1,True,False,False,False,G,G,0.9997087121009827,True,True,True
controller,validation-000863-946ff3c84ee89062-steps-2,2,2,2,True,False,False,False,C,C,0.9988540410995483,True,True,True
controller,validation-000863-946ff3c84ee89062-steps-3,3,3,3,True,False,False,False,N,N,0.9997574687004089,True,True,True
controller,validation-000863-946ff3c84ee89062-steps-4,4,4,4,True,False,False,False,R,R,0.9998677968978882,True,True,True
controller,validation-000863-946ff3c84ee89062-steps-5,5,5,5,True,False,False,False,M,M,0.9998451471328735,True,True,True
controller,validation-000863-946ff3c84ee89062-steps-6,6,6,6,True,False,False,False,D,D,0.9998438358306885,True,True,True
controller,validation-000863-946ff3c84ee89062-steps-7,7,7,7,True,False,False,False,F,F,0.9999043941497803,True,True,True
controller,validation-000863-946ff3c84ee89062-steps-8,8,8,8,True,False,False,False,A,A,0.9998107552528381,True,True,True
controller,validation-000863-946ff3c84ee89062-steps-9,9,7,7,False,True,False,False,F,P,0.6108136177062988,True,False,False
controller,validation-000863-946ff3c84ee89062-steps-10,10,10,10,True,False,False,False,O,O,0.9998237490653992,True,True,True
controller,validation-000863-946ff3c84ee89062-steps-11,11,11,11,True,False,False,False,V,V,0.8530529737472534,True,True,True
controller,validation-000863-946ff3c84ee89062-steps-12,12,12,12,True,False,False,False,L,L,0.9998458623886108,True,True,True
controller,validation-000863-946ff3c84ee89062-steps-13,13,12,12,False,True,False,False,L,J,0.6312159895896912,True,False,False
controller,validation-000863-946ff3c84ee89062-steps-14,14,12,12,False,True,False,False,L,U,0.9950396418571472,True,False,False
controller,validation-000863-946ff3c84ee89062-steps-15,15,11,11,False,True,False,False,V,B,0.8404278755187988,True,False,False
controller,validation-000863-946ff3c84ee89062-steps-16,16,12,12,False,True,False,False,L,T,0.9998441934585571,True,False,False
controller,validation-000479-ea829e2972ceb9f1-steps-1,1,1,1,True,False,False,False,E,E,0.9974223375320435,True,True,True
controller,validation-000479-ea829e2972ceb9f1-steps-2,2,2,2,True,False,False,False,V,V,0.8584802746772766,True,True,True
controller,validation-000479-ea829e2972ceb9f1-steps-3,3,3,3,True,False,False,False,D,D,0.5960915088653564,True,True,True
controller,validation-000479-ea829e2972ceb9f1-steps-4,4,4,4,True,False,False,False,G,G,0.6765630841255188,True,True,True
controller,validation-000479-ea829e2972ceb9f1-steps-5,5,6,6,False,False,True,False,G,D,0.999943733215332,True,False,False
controller,validation-000479-ea829e2972ceb9f1-steps-6,6,7,7,False,False,True,False,D,G,0.9999157190322876,True,False,False
controller,validation-000479-ea829e2972ceb9f1-steps-7,7,8,8,False,False,True,False,G,D,0.9999251365661621,True,False,False
controller,validation-000479-ea829e2972ceb9f1-steps-8,8,9,9,False,False,True,False,D,G,0.9999336004257202,True,False,False
controller,validation-000479-ea829e2972ceb9f1-steps-9,9,8,8,False,True,False,False,G,D,0.9435635209083557,True,False,False
controller,validation-000479-ea829e2972ceb9f1-steps-10,10,11,11,False,False,True,False,D,G,0.9999113082885742,True,False,False
controller,validation-000479-ea829e2972ceb9f1-steps-11,11,12,12,False,False,True,False,G,D,0.9963739514350891,True,False,False
controller,validation-000479-ea829e2972ceb9f1-steps-12,12,12,12,True,False,False,False,G,G,0.9013373851776123,True,True,True
controller,validation-000479-ea829e2972ceb9f1-steps-13,13,13,13,True,False,False,False,D,D,0.9913272261619568,True,True,True
controller,validation-000479-ea829e2972ceb9f1-steps-14,14,13,13,False,True,False,False,D,G,0.9997319579124451,True,False,False
controller,validation-000479-ea829e2972ceb9f1-steps-15,15,12,12,False,True,False,False,G,D,0.9968993663787842,True,False,False
controller,validation-000479-ea829e2972ceb9f1-steps-16,16,12,12,False,True,False,False,G,G,0.9512509107589722,True,True,False
controller,validation-000983-00aae1d6b2f41986-steps-1,1,1,1,True,False,False,False,L,L,0.9993890523910522,True,True,True
controller,validation-000983-00aae1d6b2f41986-steps-2,2,2,2,True,False,False,False,C,C,0.9974013566970825,True,True,True
controller,validation-000983-00aae1d6b2f41986-steps-3,3,3,3,True,False,False,False,Q,Q,0.9994640946388245,True,True,True
controller,validation-000983-00aae1d6b2f41986-steps-4,4,4,4,True,False,False,False,A,A,0.9996466636657715,True,True,True
controller,validation-000983-00aae1d6b2f41986-steps-5,5,5,5,True,False,False,False,K,K,0.9995266199111938,True,True,True
controller,validation-000983-00aae1d6b2f41986-steps-6,6,6,6,True,False,False,False,T,T,0.9993632435798645,True,True,True
controller,validation-000983-00aae1d6b2f41986-steps-7,7,7,7,True,False,False,False,Z,Z,0.9996943473815918,True,True,True
controller,validation-000983-00aae1d6b2f41986-steps-8,8,8,8,True,False,False,False,J,J,0.9993815422058105,True,True,True
controller,validation-000983-00aae1d6b2f41986-steps-9,9,8,8,False,True,False,False,J,G,0.9999009370803833,True,False,False
controller,validation-000983-00aae1d6b2f41986-steps-10,10,10,10,True,False,False,False,Y,Y,0.9992613196372986,True,True,True
controller,validation-000983-00aae1d6b2f41986-steps-11,11,11,11,True,False,False,False,U,U,0.686893880367279,True,True,True
controller,validation-000983-00aae1d6b2f41986-steps-12,12,12,12,True,False,False,False,B,B,0.9997292160987854,True,True,True
controller,validation-000983-00aae1d6b2f41986-steps-13,13,13,13,True,False,False,False,N,N,0.9999215602874756,True,True,True
controller,validation-000983-00aae1d6b2f41986-steps-14,14,12,12,False,True,False,False,B,V,0.9917755126953125,True,False,False
controller,validation-000983-00aae1d6b2f41986-steps-15,15,11,11,False,True,False,False,U,I,0.5099055767059326,True,False,False
controller,validation-000983-00aae1d6b2f41986-steps-16,16,12,12,False,True,False,False,B,S,0.9997766613960266,True,False,False
controller,validation-000551-17c1268a7c68e5ba-steps-1,1,1,1,True,False,False,False,Z,Z,0.9995211362838745,True,True,True
controller,validation-000551-17c1268a7c68e5ba-steps-2,2,2,2,True,False,False,False,P,P,0.9967155456542969,True,True,True
controller,validation-000551-17c1268a7c68e5ba-steps-3,3,3,3,True,False,False,False,M,M,0.9990456700325012,True,True,True
controller,validation-000551-17c1268a7c68e5ba-steps-4,4,4,4,True,False,False,False,S,S,0.9990992546081543,True,True,True
controller,validation-000551-17c1268a7c68e5ba-steps-5,5,5,5,True,False,False,False,B,B,0.9978722333908081,True,True,True
controller,validation-000551-17c1268a7c68e5ba-steps-6,6,6,6,True,False,False,False,D,D,0.9941754937171936,True,True,True
controller,validation-000551-17c1268a7c68e5ba-steps-7,7,7,7,True,False,False,False,C,C,0.9975610971450806,True,True,True
controller,validation-000551-17c1268a7c68e5ba-steps-8,8,8,8,True,False,False,False,E,E,0.9945703148841858,True,True,True
controller,validation-000551-17c1268a7c68e5ba-steps-9,9,8,8,False,True,False,False,E,O,0.9996768236160278,True,False,False
controller,validation-000551-17c1268a7c68e5ba-steps-10,10,10,10,True,False,False,False,Y,Y,0.9976024031639099,True,True,True
controller,validation-000551-17c1268a7c68e5ba-steps-11,11,12,12,False,False,True,False,C,D,0.9998804330825806,True,False,False
controller,validation-000551-17c1268a7c68e5ba-steps-12,12,12,12,True,False,False,False,C,C,0.9984809756278992,True,True,True
controller,validation-000551-17c1268a7c68e5ba-steps-13,13,13,13,True,False,False,False,E,E,0.9996863603591919,True,True,True
controller,validation-000551-17c1268a7c68e5ba-steps-14,14,12,12,False,True,False,False,C,O,0.7670295834541321,True,False,False
controller,validation-000551-17c1268a7c68e5ba-steps-15,15,12,12,False,True,False,False,C,Y,0.9998483657836914,True,False,False
controller,validation-000551-17c1268a7c68e5ba-steps-16,16,12,12,False,True,False,False,C,D,0.9988635778427124,True,False,False
controller,validation-001463-f304471fa5af482f-steps-1,1,1,1,True,False,False,False,S,S,0.9997262358665466,True,True,True
controller,validation-001463-f304471fa5af482f-steps-2,2,2,2,True,False,False,False,P,P,0.9975124597549438,True,True,True
controller,validation-001463-f304471fa5af482f-steps-3,3,3,3,True,False,False,False,W,W,0.9993576407432556,True,True,True
controller,validation-001463-f304471fa5af482f-steps-4,4,4,4,True,False,False,False,D,D,0.9995645880699158,True,True,True
controller,validation-001463-f304471fa5af482f-steps-5,5,5,5,True,False,False,False,H,H,0.9995706677436829,True,True,True
controller,validation-001463-f304471fa5af482f-steps-6,6,6,6,True,False,False,False,T,T,0.999546468257904,True,True,True
controller,validation-001463-f304471fa5af482f-steps-7,7,7,7,True,False,False,False,X,X,0.9997158646583557,True,True,True
controller,validation-001463-f304471fa5af482f-steps-8,8,8,8,True,False,False,False,U,U,0.9996567964553833,True,True,True
controller,validation-001463-f304471fa5af482f-steps-9,9,8,8,False,True,False,False,U,F,0.9999173879623413,True,False,False
controller,validation-001463-f304471fa5af482f-steps-10,10,10,10,True,False,False,False,V,V,0.9996577501296997,True,True,True
controller,validation-001463-f304471fa5af482f-steps-11,11,11,11,True,False,False,False,R,R,0.6989895105361938,True,True,True
controller,validation-001463-f304471fa5af482f-steps-12,12,12,12,True,False,False,False,Z,Z,0.9995972514152527,True,True,True
controller,validation-001463-f304471fa5af482f-steps-13,13,13,13,True,False,False,False,G,G,0.9998929500579834,True,True,True
controller,validation-001463-f304471fa5af482f-steps-14,14,12,12,False,True,False,False,Z,M,0.9795714616775513,True,False,False
controller,validation-001463-f304471fa5af482f-steps-15,15,12,12,False,True,False,False,Z,L,0.9999281167984009,True,False,False
controller,validation-001463-f304471fa5af482f-steps-16,16,12,12,False,True,False,False,Z,N,0.9996612071990967,True,False,False
controller,validation-000695-45b5e88a90397fc7-steps-1,1,1,1,True,False,False,False,S,S,0.9996469020843506,True,True,True
controller,validation-000695-45b5e88a90397fc7-steps-2,2,2,2,True,False,False,False,D,D,0.9987963438034058,True,True,True
controller,validation-000695-45b5e88a90397fc7-steps-3,3,3,3,True,False,False,False,L,L,0.9997807145118713,True,True,True
controller,validation-000695-45b5e88a90397fc7-steps-4,4,4,4,True,False,False,False,F,F,0.9998676776885986,True,True,True
controller,validation-000695-45b5e88a90397fc7-steps-5,5,5,5,True,False,False,False,V,V,0.9998383522033691,True,True,True
controller,validation-000695-45b5e88a90397fc7-steps-6,6,6,6,True,False,False,False,B,B,0.9998062252998352,True,True,True
controller,validation-000695-45b5e88a90397fc7-steps-7,7,7,7,True,False,False,False,C,C,0.9998903274536133,True,True,True
controller,validation-000695-45b5e88a90397fc7-steps-8,8,8,8,True,False,False,False,E,E,0.9998728036880493,True,True,True
controller,validation-000695-45b5e88a90397fc7-steps-9,9,7,7,False,True,False,False,C,T,0.7876394987106323,True,False,False
controller,validation-000695-45b5e88a90397fc7-steps-10,10,10,10,True,False,False,False,Y,Y,0.9995920062065125,True,True,True
controller,validation-000695-45b5e88a90397fc7-steps-11,11,11,11,True,False,False,False,O,O,0.7459815740585327,True,True,True
controller,validation-000695-45b5e88a90397fc7-steps-12,12,12,12,True,False,False,False,K,K,0.9997606873512268,True,True,True
controller,validation-000695-45b5e88a90397fc7-steps-13,13,13,13,True,False,False,False,Q,Q,0.9999217987060547,True,True,True
controller,validation-000695-45b5e88a90397fc7-steps-14,14,12,12,False,True,False,False,K,I,0.9901752471923828,True,False,False
controller,validation-000695-45b5e88a90397fc7-steps-15,15,11,11,False,True,False,False,O,R,0.6639130711555481,True,False,False
controller,validation-000695-45b5e88a90397fc7-steps-16,16,12,12,False,True,False,False,K,A,0.9998040795326233,True,False,False
controller,validation-000947-bb4a6b3344df2538-steps-1,1,1,1,True,False,False,False,T,T,0.9994305968284607,True,True,True
controller,validation-000947-bb4a6b3344df2538-steps-2,2,2,2,True,False,False,False,E,E,0.9936275482177734,True,True,True
controller,validation-000947-bb4a6b3344df2538-steps-3,3,3,3,True,False,False,False,T,T,0.9958119988441467,True,True,True
controller,validation-000947-bb4a6b3344df2538-steps-4,4,4,4,True,False,False,False,E,E,0.9968562126159668,True,True,True
controller,validation-000947-bb4a6b3344df2538-steps-5,5,5,5,True,False,False,False,T,T,0.9965605139732361,True,True,True
controller,validation-000947-bb4a6b3344df2538-steps-6,6,6,6,True,False,False,False,E,E,0.9966866374015808,True,True,True
controller,validation-000947-bb4a6b3344df2538-steps-7,7,7,7,True,False,False,False,T,T,0.9983445405960083,True,True,True
controller,validation-000947-bb4a6b3344df2538-steps-8,8,8,8,True,False,False,False,E,E,0.998728334903717,True,True,True
controller,validation-000947-bb4a6b3344df2538-steps-9,9,8,8,False,True,False,False,E,T,0.9997895359992981,True,False,False
controller,validation-000947-bb4a6b3344df2538-steps-10,10,10,10,True,False,False,False,E,E,0.9990211725234985,True,True,True
controller,validation-000947-bb4a6b3344df2538-steps-11,11,12,12,False,False,True,False,E,T,0.9999191761016846,True,False,False
controller,validation-000947-bb4a6b3344df2538-steps-12,12,12,12,True,False,False,False,E,E,0.9993681311607361,True,True,True
controller,validation-000947-bb4a6b3344df2538-steps-13,13,13,13,True,False,False,False,T,T,0.9998505115509033,True,True,True
controller,validation-000947-bb4a6b3344df2538-steps-14,14,12,12,False,True,False,False,E,E,0.9635170698165894,True,True,False
controller,validation-000947-bb4a6b3344df2538-steps-15,15,12,12,False,True,False,False,E,T,0.9999189376831055,True,False,False
controller,validation-000947-bb4a6b3344df2538-steps-16,16,12,12,False,True,False,False,E,E,0.9996658563613892,True,True,False
controller,validation-000275-092ef6288db8df19-steps-1,1,1,1,True,False,False,False,R,R,0.9991045594215393,True,True,True
controller,validation-000275-092ef6288db8df19-steps-2,2,2,2,True,False,False,False,Y,Y,0.9944785833358765,True,True,True
controller,validation-000275-092ef6288db8df19-steps-3,3,3,3,True,False,False,False,N,N,0.9969856142997742,True,True,True
controller,validation-000275-092ef6288db8df19-steps-4,4,4,4,True,False,False,False,Z,Z,0.9986101388931274,True,True,True
controller,validation-000275-092ef6288db8df19-steps-5,5,5,5,True,False,False,False,Z,Z,0.9979700446128845,True,True,True
controller,validation-000275-092ef6288db8df19-steps-6,6,6,6,True,False,False,False,Z,Z,0.9958908557891846,True,True,True
controller,validation-000275-092ef6288db8df19-steps-7,7,7,7,True,False,False,False,Z,Z,0.9967911839485168,True,True,True
controller,validation-000275-092ef6288db8df19-steps-8,8,8,8,True,False,False,False,Z,Z,0.9986836314201355,True,True,True
controller,validation-000275-092ef6288db8df19-steps-9,9,8,8,False,True,False,False,Z,Z,0.9997579455375671,True,True,False
controller,validation-000275-092ef6288db8df19-steps-10,10,10,10,True,False,False,False,Z,Z,0.9963176250457764,True,True,True
controller,validation-000275-092ef6288db8df19-steps-11,11,12,12,False,False,True,False,Z,Z,0.9998846054077148,True,True,False
controller,validation-000275-092ef6288db8df19-steps-12,12,12,12,True,False,False,False,Z,Z,0.9993653893470764,True,True,True
controller,validation-000275-092ef6288db8df19-steps-13,13,13,13,True,False,False,False,Z,Z,0.9998388290405273,True,True,True
controller,validation-000275-092ef6288db8df19-steps-14,14,12,12,False,True,False,False,Z,Z,0.9543349742889404,True,True,False
controller,validation-000275-092ef6288db8df19-steps-15,15,12,12,False,True,False,False,Z,Z,0.9999163150787354,True,True,False
controller,validation-000275-092ef6288db8df19-steps-16,16,12,12,False,True,False,False,Z,Z,0.9992702603340149,True,True,False
controller,validation-001211-c01a574e1cc7b56e-steps-1,1,1,1,True,False,False,False,W,W,0.9993342757225037,True,True,True
controller,validation-001211-c01a574e1cc7b56e-steps-2,2,2,2,True,False,False,False,W,W,0.9968113303184509,True,True,True
controller,validation-001211-c01a574e1cc7b56e-steps-3,3,3,3,True,False,False,False,W,W,0.9989978671073914,True,True,True
controller,validation-001211-c01a574e1cc7b56e-steps-4,4,4,4,True,False,False,False,W,W,0.9991471767425537,True,True,True
controller,validation-001211-c01a574e1cc7b56e-steps-5,5,5,5,True,False,False,False,W,W,0.9987415671348572,True,True,True
controller,validation-001211-c01a574e1cc7b56e-steps-6,6,6,6,True,False,False,False,W,W,0.9968340992927551,True,True,True
controller,validation-001211-c01a574e1cc7b56e-steps-7,7,7,7,True,False,False,False,W,W,0.9984481334686279,True,True,True
controller,validation-001211-c01a574e1cc7b56e-steps-8,8,8,8,True,False,False,False,W,W,0.9948059916496277,True,True,True
controller,validation-001211-c01a574e1cc7b56e-steps-9,9,8,8,False,True,False,False,W,W,0.9996206760406494,True,True,False
controller,validation-001211-c01a574e1cc7b56e-steps-10,10,10,10,True,False,False,False,W,W,0.9893614649772644,True,True,True
controller,validation-001211-c01a574e1cc7b56e-steps-11,11,12,12,False,False,True,False,W,W,0.9993798732757568,True,True,False
controller,validation-001211-c01a574e1cc7b56e-steps-12,12,12,12,True,False,False,False,W,W,0.9829113483428955,True,True,True
controller,validation-001211-c01a574e1cc7b56e-steps-13,13,13,13,True,False,False,False,W,W,0.9967526793479919,True,True,True
controller,validation-001211-c01a574e1cc7b56e-steps-14,14,13,13,False,True,False,False,W,W,0.9998797178268433,True,True,False
controller,validation-001211-c01a574e1cc7b56e-steps-15,15,12,12,False,True,False,False,W,W,0.9994100332260132,True,True,False
controller,validation-001211-c01a574e1cc7b56e-steps-16,16,12,12,False,True,False,False,W,W,0.9809117317199707,True,True,False
controller,validation-000443-bc622b263743e776-steps-1,1,1,1,True,False,False,False,H,H,0.9995372295379639,True,True,True
controller,validation-000443-bc622b263743e776-steps-2,2,2,2,True,False,False,False,X,X,0.998593270778656,True,True,True
controller,validation-000443-bc622b263743e776-steps-3,3,3,3,True,False,False,False,C,C,0.9996551275253296,True,True,True
controller,validation-000443-bc622b263743e776-steps-4,4,4,4,True,False,False,False,J,J,0.9996774196624756,True,True,True
controller,validation-000443-bc622b263743e776-steps-5,5,5,5,True,False,False,False,W,W,0.9996473789215088,True,True,True
controller,validation-000443-bc622b263743e776-steps-6,6,6,6,True,False,False,False,U,U,0.9994007349014282,True,True,True
controller,validation-000443-bc622b263743e776-steps-7,7,7,7,True,False,False,False,O,O,0.9995972514152527,True,True,True
controller,validation-000443-bc622b263743e776-steps-8,8,8,8,True,False,False,False,D,D,0.9994370341300964,True,True,True
controller,validation-000443-bc622b263743e776-steps-9,9,8,8,False,True,False,False,D,S,0.9998873472213745,True,False,False
controller,validation-000443-bc622b263743e776-steps-10,10,10,10,True,False,False,False,Y,Y,0.9992783665657043,True,True,True
controller,validation-000443-bc622b263743e776-steps-11,11,12,12,False,False,True,False,P,I,0.9999234676361084,True,False,False
controller,validation-000443-bc622b263743e776-steps-12,12,12,12,True,False,False,False,P,P,0.9994490742683411,True,True,True
controller,validation-000443-bc622b263743e776-steps-13,13,13,13,True,False,False,False,F,F,0.9998599290847778,True,True,True
controller,validation-000443-bc622b263743e776-steps-14,14,12,12,False,True,False,False,P,K,0.9597174525260925,True,False,False
controller,validation-000443-bc622b263743e776-steps-15,15,12,12,False,True,False,False,P,M,0.9999241828918457,True,False,False
controller,validation-000443-bc622b263743e776-steps-16,16,12,12,False,True,False,False,P,E,0.9995822310447693,True,False,False
controller,validation-000779-1c49a8f8856b15f1-steps-1,1,1,1,True,False,False,False,G,G,0.9991349577903748,True,True,True
controller,validation-000779-1c49a8f8856b15f1-steps-2,2,2,2,True,False,False,False,H,H,0.9918387532234192,True,True,True
controller,validation-000779-1c49a8f8856b15f1-steps-3,3,3,3,True,False,False,False,X,X,0.9975070357322693,True,True,True
controller,validation-000779-1c49a8f8856b15f1-steps-4,4,4,4,True,False,False,False,Y,Y,0.9992864727973938,True,True,True
controller,validation-000779-1c49a8f8856b15f1-steps-5,5,5,5,True,False,False,False,B,B,0.9996640682220459,True,True,True
controller,validation-000779-1c49a8f8856b15f1-steps-6,6,6,6,True,False,False,False,C,C,0.9997926354408264,True,True,True
controller,validation-000779-1c49a8f8856b15f1-steps-7,7,7,7,True,False,False,False,Q,Q,0.999870777130127,True,True,True
controller,validation-000779-1c49a8f8856b15f1-steps-8,8,8,8,True,False,False,False,R,R,0.9999363422393799,True,True,True
controller,validation-000779-1c49a8f8856b15f1-steps-9,9,7,7,False,True,False,False,Q,V,0.7168676853179932,True,False,False
controller,validation-000779-1c49a8f8856b15f1-steps-10,10,9,9,False,True,False,False,V,S,0.6670424938201904,True,False,False
controller,validation-000779-1c49a8f8856b15f1-steps-11,11,11,11,True,False,False,False,M,M,0.9957375526428223,True,True,True
controller,validation-000779-1c49a8f8856b15f1-steps-12,12,11,11,False,True,False,False,M,U,0.6924455165863037,True,False,False
controller,validation-000779-1c49a8f8856b15f1-steps-13,13,12,12,False,True,False,False,U,K,0.934251606464386,True,False,False
controller,validation-000779-1c49a8f8856b15f1-steps-14,14,12,12,False,True,False,False,U,T,0.9995282888412476,True,False,False
controller,validation-000779-1c49a8f8856b15f1-steps-15,15,11,11,False,True,False,False,M,N,0.9940084218978882,True,False,False
controller,validation-000779-1c49a8f8856b15f1-steps-16,16,11,11,False,True,False,False,M,Z,0.8440359234809875,True,False,False
controller,validation-001259-861c6869f8f63361-steps-1,1,1,1,True,False,False,False,N,N,0.9985191226005554,True,True,True
controller,validation-001259-861c6869f8f63361-steps-2,2,2,2,True,False,False,False,V,V,0.9442132711410522,True,True,True
controller,validation-001259-861c6869f8f63361-steps-3,3,3,3,True,False,False,False,F,F,0.9556304216384888,True,True,True
controller,validation-001259-861c6869f8f63361-steps-4,4,4,4,True,False,False,False,G,G,0.9645411968231201,True,True,True
controller,validation-001259-861c6869f8f63361-steps-5,5,5,5,True,False,False,False,Q,Q,0.9794034361839294,True,True,True
controller,validation-001259-861c6869f8f63361-steps-6,6,6,6,True,False,False,False,M,M,0.9861736297607422,True,True,True
controller,validation-001259-861c6869f8f63361-steps-7,7,7,7,True,False,False,False,K,K,0.9969208240509033,True,True,True
controller,validation-001259-861c6869f8f63361-steps-8,8,8,8,True,False,False,False,O,O,0.9989961981773376,True,True,True
controller,validation-001259-861c6869f8f63361-steps-9,9,8,8,False,True,False,False,O,D,0.9998437166213989,True,False,False
controller,validation-001259-861c6869f8f63361-steps-10,10,10,10,True,False,False,False,W,W,0.9995297193527222,True,True,True
controller,validation-001259-861c6869f8f63361-steps-11,11,12,12,False,False,True,False,S,R,0.999910831451416,True,False,False
controller,validation-001259-861c6869f8f63361-steps-12,12,12,12,True,False,False,False,S,S,0.9991768002510071,True,True,True
controller,validation-001259-861c6869f8f63361-steps-13,13,13,13,True,False,False,False,C,C,0.9997524619102478,True,True,True
controller,validation-001259-861c6869f8f63361-steps-14,14,12,12,False,True,False,False,S,U,0.9065229296684265,True,False,False
controller,validation-001259-861c6869f8f63361-steps-15,15,12,12,False,True,False,False,S,P,0.9999241828918457,True,False,False
controller,validation-001259-861c6869f8f63361-steps-16,16,12,12,False,True,False,False,S,Z,0.9995419979095459,True,False,False
controller,validation-000635-19a1af8b634c577b-steps-1,1,1,1,True,False,False,False,A,A,0.9994528889656067,True,True,True
controller,validation-000635-19a1af8b634c577b-steps-2,2,2,2,True,False,False,False,Q,Q,0.998633086681366,True,True,True
controller,validation-000635-19a1af8b634c577b-steps-3,3,3,3,True,False,False,False,G,G,0.9998377561569214,True,True,True
controller,validation-000635-19a1af8b634c577b-steps-4,4,4,4,True,False,False,False,D,D,0.9999401569366455,True,True,True
controller,validation-000635-19a1af8b634c577b-steps-5,5,4,4,False,True,False,False,D,U,0.5368832945823669,True,False,False
controller,validation-000635-19a1af8b634c577b-steps-6,6,5,5,False,True,False,False,U,K,0.7834226489067078,True,False,False
controller,validation-000635-19a1af8b634c577b-steps-7,7,6,6,False,True,False,False,K,R,0.9506385922431946,True,False,False
controller,validation-000635-19a1af8b634c577b-steps-8,8,7,7,False,True,False,False,R,M,0.9234890341758728,True,False,False
controller,validation-000635-19a1af8b634c577b-steps-9,9,7,7,False,True,False,False,R,C,0.9959771037101746,True,False,False
controller,validation-000635-19a1af8b634c577b-steps-10,10,9,9,False,True,False,False,C,S,0.7894783020019531,True,False,False
controller,validation-000635-19a1af8b634c577b-steps-11,11,11,11,True,False,False,False,Z,Z,0.9973492622375488,True,True,True
controller,validation-000635-19a1af8b634c577b-steps-12,12,11,11,False,True,False,False,Z,W,0.8516780138015747,True,False,False
controller,validation-000635-19a1af8b634c577b-steps-13,13,12,12,False,True,False,False,W,E,0.9880353808403015,True,False,False
controller,validation-000635-19a1af8b634c577b-steps-14,14,12,12,False,True,False,False,W,X,0.9997733235359192,True,False,False
controller,validation-000635-19a1af8b634c577b-steps-15,15,11,11,False,True,False,False,Z,H,0.9953091740608215,True,False,False
controller,validation-000635-19a1af8b634c577b-steps-16,16,11,11,False,True,False,False,Z,J,0.8888649940490723,True,False,False
controller,validation-000671-5d18246f193a235b-steps-1,1,1,1,True,False,False,False,J,J,0.9976182579994202,True,True,True
controller,validation-000671-5d18246f193a235b-steps-2,2,2,2,True,False,False,False,K,K,0.9111135601997375,True,True,True
controller,validation-000671-5d18246f193a235b-steps-3,3,3,3,True,False,False,False,K,K,0.9222002029418945,True,True,True
controller,validation-000671-5d18246f193a235b-steps-4,4,4,4,True,False,False,False,K,K,0.9353602528572083,True,True,True
controller,validation-000671-5d18246f193a235b-steps-5,5,5,5,True,False,False,False,K,K,0.9107828736305237,True,True,True
controller,validation-000671-5d18246f193a235b-steps-6,6,6,6,True,False,False,False,K,K,0.8543841242790222,True,True,True
controller,validation-000671-5d18246f193a235b-steps-7,7,7,7,True,False,False,False,K,K,0.8816301822662354,True,True,True
controller,validation-000671-5d18246f193a235b-steps-8,8,8,8,True,False,False,False,K,K,0.9646856188774109,True,True,True
controller,validation-000671-5d18246f193a235b-steps-9,9,8,8,False,True,False,False,K,K,0.9977353811264038,True,True,False
controller,validation-000671-5d18246f193a235b-steps-10,10,10,10,True,False,False,False,K,K,0.9938440322875977,True,True,True
controller,validation-000671-5d18246f193a235b-steps-11,11,12,12,False,False,True,False,K,K,0.9998225569725037,True,True,False
controller,validation-000671-5d18246f193a235b-steps-12,12,12,12,True,False,False,False,K,K,0.9952425956726074,True,True,True
controller,validation-000671-5d18246f193a235b-steps-13,13,13,13,True,False,False,False,K,K,0.9994414448738098,True,True,True
controller,validation-000671-5d18246f193a235b-steps-14,14,12,12,False,True,False,False,K,K,0.7028549909591675,True,True,False
controller,validation-000671-5d18246f193a235b-steps-15,15,12,12,False,True,False,False,K,K,0.9997772574424744,True,True,False
controller,validation-000671-5d18246f193a235b-steps-16,16,12,12,False,True,False,False,K,K,0.998285710811615,True,True,False
controller,validation-001079-f74c1180f41b1fc7-steps-1,1,1,1,True,False,False,False,K,K,0.9991565942764282,True,True,True
controller,validation-001079-f74c1180f41b1fc7-steps-2,2,2,2,True,False,False,False,M,M,0.9967679977416992,True,True,True
controller,validation-001079-f74c1180f41b1fc7-steps-3,3,3,3,True,False,False,False,Q,Q,0.999473512172699,True,True,True
controller,validation-001079-f74c1180f41b1fc7-steps-4,4,4,4,True,False,False,False,F,F,0.9997876286506653,True,True,True
controller,validation-001079-f74c1180f41b1fc7-steps-5,5,5,5,True,False,False,False,H,H,0.9998989105224609,True,True,True
controller,validation-001079-f74c1180f41b1fc7-steps-6,6,6,6,True,False,False,False,C,C,0.9998973608016968,True,True,True
controller,validation-001079-f74c1180f41b1fc7-steps-7,7,6,6,False,True,False,False,C,A,0.5650011897087097,True,False,False
controller,validation-001079-f74c1180f41b1fc7-steps-8,8,8,8,True,False,False,False,L,L,0.9999278783798218,True,True,True
controller,validation-001079-f74c1180f41b1fc7-steps-9,9,7,7,False,True,False,False,A,X,0.9363889694213867,True,False,False
controller,validation-001079-f74c1180f41b1fc7-steps-10,10,10,10,True,False,False,False,P,P,0.9999034404754639,True,True,True
controller,validation-001079-f74c1180f41b1fc7-steps-11,11,11,11,True,False,False,False,T,T,0.9577170014381409,True,True,True
controller,validation-001079-f74c1180f41b1fc7-steps-12,12,12,12,True,False,False,False,V,V,0.9999046325683594,True,True,True
controller,validation-001079-f74c1180f41b1fc7-steps-13,13,12,12,False,True,False,False,V,I,0.7540601491928101,True,False,False
controller,validation-001079-f74c1180f41b1fc7-steps-14,14,12,12,False,True,False,False,V,E,0.9981659054756165,True,False,False
controller,validation-001079-f74c1180f41b1fc7-steps-15,15,11,11,False,True,False,False,T,N,0.9582194089889526,True,False,False
controller,validation-001079-f74c1180f41b1fc7-steps-16,16,12,12,False,True,False,False,V,O,0.9999179840087891,True,False,False
controller,validation-001487-caf8b98aff7f6ebd-steps-1,1,1,1,True,False,False,False,H,H,0.9994933605194092,True,True,True
controller,validation-001487-caf8b98aff7f6ebd-steps-2,2,2,2,True,False,False,False,P,P,0.9984941482543945,True,True,True
controller,validation-001487-caf8b98aff7f6ebd-steps-3,3,3,3,True,False,False,False,P,P,0.9995902180671692,True,True,True
controller,validation-001487-caf8b98aff7f6ebd-steps-4,4,4,4,True,False,False,False,P,P,0.9996856451034546,True,True,True
controller,validation-001487-caf8b98aff7f6ebd-steps-5,5,5,5,True,False,False,False,P,P,0.9995369911193848,True,True,True
controller,validation-001487-caf8b98aff7f6ebd-steps-6,6,6,6,True,False,False,False,P,P,0.9995386600494385,True,True,True
controller,validation-001487-caf8b98aff7f6ebd-steps-7,7,7,7,True,False,False,False,P,P,0.9997867941856384,True,True,True
controller,validation-001487-caf8b98aff7f6ebd-steps-8,8,8,8,True,False,False,False,P,P,0.9997113347053528,True,True,True
controller,validation-001487-caf8b98aff7f6ebd-steps-9,9,8,8,False,True,False,False,P,P,0.9999163150787354,True,True,False
controller,validation-001487-caf8b98aff7f6ebd-steps-10,10,10,10,True,False,False,False,P,P,0.9997203946113586,True,True,True
controller,validation-001487-caf8b98aff7f6ebd-steps-11,11,11,11,True,False,False,False,P,P,0.5937339663505554,True,True,True
controller,validation-001487-caf8b98aff7f6ebd-steps-12,12,12,12,True,False,False,False,P,P,0.9996381998062134,True,True,True
controller,validation-001487-caf8b98aff7f6ebd-steps-13,13,13,13,True,False,False,False,P,P,0.9998695850372314,True,True,True
controller,validation-001487-caf8b98aff7f6ebd-steps-14,14,12,12,False,True,False,False,P,P,0.9784301519393921,True,True,False
controller,validation-001487-caf8b98aff7f6ebd-steps-15,15,11,11,False,True,False,False,P,P,0.5534095764160156,True,True,False
controller,validation-001487-caf8b98aff7f6ebd-steps-16,16,12,12,False,True,False,False,P,P,0.9997332692146301,True,True,False
controller,validation-000467-d43cd4933b687dc2-steps-1,1,1,1,True,False,False,False,P,P,0.9997393488883972,True,True,True
controller,validation-000467-d43cd4933b687dc2-steps-2,2,2,2,True,False,False,False,X,X,0.9987409710884094,True,True,True
controller,validation-000467-d43cd4933b687dc2-steps-3,3,3,3,True,False,False,False,E,E,0.9997473359107971,True,True,True
controller,validation-000467-d43cd4933b687dc2-steps-4,4,4,4,True,False,False,False,H,H,0.999808132648468,True,True,True
controller,validation-000467-d43cd4933b687dc2-steps-5,5,5,5,True,False,False,False,H,H,0.9997560381889343,True,True,True
controller,validation-000467-d43cd4933b687dc2-steps-6,6,6,6,True,False,False,False,H,H,0.9995453953742981,True,True,True
controller,validation-000467-d43cd4933b687dc2-steps-7,7,7,7,True,False,False,False,H,H,0.9996497631072998,True,True,True
controller,validation-000467-d43cd4933b687dc2-steps-8,8,8,8,True,False,False,False,H,H,0.9995608925819397,True,True,True
controller,validation-000467-d43cd4933b687dc2-steps-9,9,8,8,False,True,False,False,H,H,0.9998922348022461,True,True,False
controller,validation-000467-d43cd4933b687dc2-steps-10,10,10,10,True,False,False,False,H,H,0.9997959733009338,True,True,True
controller,validation-000467-d43cd4933b687dc2-steps-11,11,11,11,True,False,False,False,H,H,0.7378591895103455,True,True,True
controller,validation-000467-d43cd4933b687dc2-steps-12,12,12,12,True,False,False,False,H,H,0.9996874332427979,True,True,True
controller,validation-000467-d43cd4933b687dc2-steps-13,13,13,13,True,False,False,False,H,H,0.9998739957809448,True,True,True
controller,validation-000467-d43cd4933b687dc2-steps-14,14,12,12,False,True,False,False,H,H,0.982383131980896,True,True,False
controller,validation-000467-d43cd4933b687dc2-steps-15,15,11,11,False,True,False,False,H,H,0.6595417261123657,True,True,False
controller,validation-000467-d43cd4933b687dc2-steps-16,16,12,12,False,True,False,False,H,H,0.999667763710022,True,True,False
controller,validation-001187-54b952e50cd9fea8-steps-1,1,1,1,True,False,False,False,V,V,0.9993101358413696,True,True,True
controller,validation-001187-54b952e50cd9fea8-steps-2,2,2,2,True,False,False,False,V,V,0.9962096214294434,True,True,True
controller,validation-001187-54b952e50cd9fea8-steps-3,3,3,3,True,False,False,False,V,V,0.9989547729492188,True,True,True
controller,validation-001187-54b952e50cd9fea8-steps-4,4,4,4,True,False,False,False,V,V,0.9994008541107178,True,True,True
controller,validation-001187-54b952e50cd9fea8-steps-5,5,5,5,True,False,False,False,V,V,0.9995367527008057,True,True,True
controller,validation-001187-54b952e50cd9fea8-steps-6,6,6,6,True,False,False,False,V,V,0.9996243715286255,True,True,True
controller,validation-001187-54b952e50cd9fea8-steps-7,7,7,7,True,False,False,False,V,V,0.9998515844345093,True,True,True
controller,validation-001187-54b952e50cd9fea8-steps-8,8,8,8,True,False,False,False,V,V,0.9998664855957031,True,True,True
controller,validation-001187-54b952e50cd9fea8-steps-9,9,7,7,False,True,False,False,V,V,0.682809054851532,True,True,False
controller,validation-001187-54b952e50cd9fea8-steps-10,10,10,10,True,False,False,False,V,V,0.9998948574066162,True,True,True
controller,validation-001187-54b952e50cd9fea8-steps-11,11,11,11,True,False,False,False,V,V,0.976601779460907,True,True,True
controller,validation-001187-54b952e50cd9fea8-steps-12,12,12,12,True,False,False,False,V,V,0.9998950958251953,True,True,True
controller,validation-001187-54b952e50cd9fea8-steps-13,13,12,12,False,True,False,False,V,V,0.8077905178070068,True,True,False
controller,validation-001187-54b952e50cd9fea8-steps-14,14,12,12,False,True,False,False,V,V,0.9984571933746338,True,True,False
controller,validation-001187-54b952e50cd9fea8-steps-15,15,11,11,False,True,False,False,V,V,0.9595761299133301,True,True,False
controller,validation-001187-54b952e50cd9fea8-steps-16,16,12,12,False,True,False,False,V,V,0.9998877048492432,True,True,False
controller,validation-000995-bbc5be80ecf21887-steps-1,1,1,1,True,False,False,False,F,F,0.999292254447937,True,True,True
controller,validation-000995-bbc5be80ecf21887-steps-2,2,2,2,True,False,False,False,K,K,0.9963253140449524,True,True,True
controller,validation-000995-bbc5be80ecf21887-steps-3,3,3,3,True,False,False,False,J,J,0.9991888403892517,True,True,True
controller,validation-000995-bbc5be80ecf21887-steps-4,4,4,4,True,False,False,False,Y,Y,0.9992289543151855,True,True,True
controller,validation-000995-bbc5be80ecf21887-steps-5,5,5,5,True,False,False,False,R,R,0.999160885810852,True,True,True
controller,validation-000995-bbc5be80ecf21887-steps-6,6,6,6,True,False,False,False,F,F,0.9977790713310242,True,True,True
controller,validation-000995-bbc5be80ecf21887-steps-7,7,7,7,True,False,False,False,K,K,0.9987868666648865,True,True,True
controller,validation-000995-bbc5be80ecf21887-steps-8,8,8,8,True,False,False,False,J,J,0.997989296913147,True,True,True
controller,validation-000995-bbc5be80ecf21887-steps-9,9,8,8,False,True,False,False,J,Y,0.999797523021698,True,False,False
controller,validation-000995-bbc5be80ecf21887-steps-10,10,10,10,True,False,False,False,R,R,0.9963794350624084,True,True,True
controller,validation-000995-bbc5be80ecf21887-steps-11,11,12,12,False,False,True,False,K,F,0.9998183846473694,True,False,False
controller,validation-000995-bbc5be80ecf21887-steps-12,12,12,12,True,False,False,False,K,K,0.9978078007698059,True,True,True
controller,validation-000995-bbc5be80ecf21887-steps-13,13,13,13,True,False,False,False,J,J,0.9995742440223694,True,True,True
controller,validation-000995-bbc5be80ecf21887-steps-14,14,12,12,False,True,False,False,K,Y,0.6890278458595276,True,False,False
controller,validation-000995-bbc5be80ecf21887-steps-15,15,12,12,False,True,False,False,K,R,0.9998006224632263,True,False,False
controller,validation-000995-bbc5be80ecf21887-steps-16,16,12,12,False,True,False,False,K,F,0.9978378415107727,True,False,False
controller,validation-001475-86ff66f777d064fd-steps-1,1,1,1,True,False,False,False,K,K,0.9990023970603943,True,True,True
controller,validation-001475-86ff66f777d064fd-steps-2,2,2,2,True,False,False,False,C,C,0.9881371855735779,True,True,True
controller,validation-001475-86ff66f777d064fd-steps-3,3,3,3,True,False,False,False,X,X,0.9859969615936279,True,True,True
controller,validation-001475-86ff66f777d064fd-steps-4,4,4,4,True,False,False,False,I,I,0.9566129446029663,True,True,True
controller,validation-001475-86ff66f777d064fd-steps-5,5,5,5,True,False,False,False,L,L,0.8407624363899231,True,True,True
controller,validation-001475-86ff66f777d064fd-steps-6,6,6,6,True,False,False,False,R,R,0.6034208536148071,True,True,True
controller,validation-001475-86ff66f777d064fd-steps-7,7,7,7,True,False,False,False,W,W,0.6397318243980408,True,True,True
controller,validation-001475-86ff66f777d064fd-steps-8,8,9,9,False,False,True,False,B,F,0.9999392032623291,True,False,False
controller,validation-001475-86ff66f777d064fd-steps-9,9,8,8,False,True,False,False,F,B,0.9626141786575317,True,False,False
controller,validation-001475-86ff66f777d064fd-steps-10,10,10,10,True,False,False,False,G,G,0.8911676406860352,True,True,True
controller,validation-001475-86ff66f777d064fd-steps-11,11,12,12,False,False,True,False,H,O,0.9963693618774414,True,False,False
controller,validation-001475-86ff66f777d064fd-steps-12,12,12,12,True,False,False,False,H,H,0.8181544542312622,True,True,True
controller,validation-001475-86ff66f777d064fd-steps-13,13,13,13,True,False,False,False,Q,Q,0.972520649433136,True,True,True
controller,validation-001475-86ff66f777d064fd-steps-14,14,13,13,False,True,False,False,Q,A,0.9996582269668579,True,False,False
controller,validation-001475-86ff66f777d064fd-steps-15,15,12,12,False,True,False,False,H,P,0.9959698915481567,True,False,False
controller,validation-001475-86ff66f777d064fd-steps-16,16,12,12,False,True,False,False,H,V,0.883205235004425,True,False,False
controller,validation-001499-0106e87b0480663d-steps-1,1,1,1,True,False,False,False,N,N,0.999464213848114,True,True,True
controller,validation-001499-0106e87b0480663d-steps-2,2,2,2,True,False,False,False,Z,Z,0.9986819624900818,True,True,True
controller,validation-001499-0106e87b0480663d-steps-3,3,3,3,True,False,False,False,J,J,0.9997590184211731,True,True,True
controller,validation-001499-0106e87b0480663d-steps-4,4,4,4,True,False,False,False,M,M,0.999894380569458,True,True,True
controller,validation-001499-0106e87b0480663d-steps-5,5,5,5,True,False,False,False,L,L,0.9999120235443115,True,True,True
controller,validation-001499-0106e87b0480663d-steps-6,6,6,6,True,False,False,False,S,S,0.9999221563339233,True,True,True
controller,validation-001499-0106e87b0480663d-steps-7,7,7,7,True,False,False,False,H,H,0.9999237060546875,True,True,True
controller,validation-001499-0106e87b0480663d-steps-8,8,8,8,True,False,False,False,W,W,0.9999117851257324,True,True,True
controller,validation-001499-0106e87b0480663d-steps-9,9,7,7,False,True,False,False,H,K,0.8917193412780762,True,False,False
controller,validation-001499-0106e87b0480663d-steps-10,10,10,10,True,False,False,False,Z,Z,0.9999279975891113,True,True,True
controller,validation-001499-0106e87b0480663d-steps-11,11,11,11,True,False,False,False,J,J,0.9835079908370972,True,True,True
controller,validation-001499-0106e87b0480663d-steps-12,12,12,12,True,False,False,False,M,M,0.9999370574951172,True,True,True
controller,validation-001499-0106e87b0480663d-steps-13,13,12,12,False,True,False,False,M,L,0.883385181427002,True,False,False
controller,validation-001499-0106e87b0480663d-steps-14,14,12,12,False,True,False,False,M,S,0.999178946018219,True,False,False
controller,validation-001499-0106e87b0480663d-steps-15,15,11,11,False,True,False,False,J,H,0.9731157422065735,True,False,False
controller,validation-001499-0106e87b0480663d-steps-16,16,11,11,False,True,False,False,J,W,0.6359909772872925,True,False,False
controller,validation-001007-8e55fe30f00318e8-steps-1,1,1,1,True,False,False,False,W,W,0.9996296167373657,True,True,True
controller,validation-001007-8e55fe30f00318e8-steps-2,2,2,2,True,False,False,False,C,C,0.9967980980873108,True,True,True
controller,validation-001007-8e55fe30f00318e8-steps-3,3,3,3,True,False,False,False,Z,Z,0.9991158843040466,True,True,True
controller,validation-001007-8e55fe30f00318e8-steps-4,4,4,4,True,False,False,False,Q,Q,0.9991744160652161,True,True,True
controller,validation-001007-8e55fe30f00318e8-steps-5,5,5,5,True,False,False,False,E,E,0.9986112117767334,True,True,True
controller,validation-001007-8e55fe30f00318e8-steps-6,6,6,6,True,False,False,False,R,R,0.9970296621322632,True,True,True
controller,validation-001007-8e55fe30f00318e8-steps-7,7,7,7,True,False,False,False,N,N,0.9980661273002625,True,True,True
controller,validation-001007-8e55fe30f00318e8-steps-8,8,8,8,True,False,False,False,A,A,0.9984425902366638,True,True,True
controller,validation-001007-8e55fe30f00318e8-steps-9,9,8,8,False,True,False,False,A,U,0.9998161196708679,True,False,False
controller,validation-001007-8e55fe30f00318e8-steps-10,10,10,10,True,False,False,False,L,L,0.9992886781692505,True,True,True
controller,validation-001007-8e55fe30f00318e8-steps-11,11,12,12,False,False,True,False,M,K,0.9999276399612427,True,False,False
controller,validation-001007-8e55fe30f00318e8-steps-12,12,12,12,True,False,False,False,M,M,0.999354898929596,True,True,True
controller,validation-001007-8e55fe30f00318e8-steps-13,13,13,13,True,False,False,False,Y,Y,0.9998693466186523,True,True,True
controller,validation-001007-8e55fe30f00318e8-steps-14,14,12,12,False,True,False,False,M,X,0.9456389546394348,True,False,False
controller,validation-001007-8e55fe30f00318e8-steps-15,15,12,12,False,True,False,False,M,D,0.9999181032180786,True,False,False
controller,validation-001007-8e55fe30f00318e8-steps-16,16,12,12,False,True,False,False,M,V,0.9994875192642212,True,False,False
controller,validation-001439-47776492d9fe48c3-steps-1,1,1,1,True,False,False,False,H,H,0.9994507431983948,True,True,True
controller,validation-001439-47776492d9fe48c3-steps-2,2,2,2,True,False,False,False,O,O,0.9983158111572266,True,True,True
controller,validation-001439-47776492d9fe48c3-steps-3,3,3,3,True,False,False,False,S,S,0.9996340274810791,True,True,True
controller,validation-001439-47776492d9fe48c3-steps-4,4,4,4,True,False,False,False,Q,Q,0.9998055100440979,True,True,True
controller,validation-001439-47776492d9fe48c3-steps-5,5,5,5,True,False,False,False,U,U,0.999823272228241,True,True,True
controller,validation-001439-47776492d9fe48c3-steps-6,6,6,6,True,False,False,False,R,R,0.99988853931427,True,True,True
controller,validation-001439-47776492d9fe48c3-steps-7,7,7,7,True,False,False,False,N,N,0.999870777130127,True,True,True
controller,validation-001439-47776492d9fe48c3-steps-8,8,8,8,True,False,False,False,X,X,0.9998214840888977,True,True,True
controller,validation-001439-47776492d9fe48c3-steps-9,9,7,7,False,True,False,False,N,F,0.5280891060829163,True,False,False
controller,validation-001439-47776492d9fe48c3-steps-10,10,10,10,True,False,False,False,W,W,0.9998801946640015,True,True,True
controller,validation-001439-47776492d9fe48c3-steps-11,11,11,11,True,False,False,False,Y,Y,0.7742518186569214,True,True,True
controller,validation-001439-47776492d9fe48c3-steps-12,12,12,12,True,False,False,False,E,E,0.9998793601989746,True,True,True
controller,validation-001439-47776492d9fe48c3-steps-13,13,13,13,True,False,False,False,T,T,0.9999340772628784,True,True,True
controller,validation-001439-47776492d9fe48c3-steps-14,14,12,12,False,True,False,False,E,B,0.9928152561187744,True,False,False
controller,validation-001439-47776492d9fe48c3-steps-15,15,11,11,False,True,False,False,Y,D,0.8576402068138123,True,False,False
controller,validation-001439-47776492d9fe48c3-steps-16,16,12,12,False,True,False,False,E,K,0.9998685121536255,True,False,False
controller,validation-000503-f6821c31afbef11e-steps-1,1,1,1,True,False,False,False,R,R,0.9994602799415588,True,True,True
controller,validation-000503-f6821c31afbef11e-steps-2,2,2,2,True,False,False,False,C,C,0.9976224303245544,True,True,True
controller,validation-000503-f6821c31afbef11e-steps-3,3,3,3,True,False,False,False,U,U,0.9996224641799927,True,True,True
controller,validation-000503-f6821c31afbef11e-steps-4,4,4,4,True,False,False,False,M,M,0.9998064637184143,True,True,True
controller,validation-000503-f6821c31afbef11e-steps-5,5,5,5,True,False,False,False,W,W,0.9998192191123962,True,True,True
controller,validation-000503-f6821c31afbef11e-steps-6,6,6,6,True,False,False,False,H,H,0.9998204112052917,True,True,True
controller,validation-000503-f6821c31afbef11e-steps-7,7,7,7,True,False,False,False,A,A,0.9998928308486938,True,True,True
controller,validation-000503-f6821c31afbef11e-steps-8,8,8,8,True,False,False,False,T,T,0.9998939037322998,True,True,True
controller,validation-000503-f6821c31afbef11e-steps-9,9,7,7,False,True,False,False,A,Y,0.8672044277191162,True,False,False
controller,validation-000503-f6821c31afbef11e-steps-10,10,10,10,True,False,False,False,G,G,0.999873161315918,True,True,True
controller,validation-000503-f6821c31afbef11e-steps-11,11,11,11,True,False,False,False,N,N,0.9266229271888733,True,True,True
controller,validation-000503-f6821c31afbef11e-steps-12,12,12,12,True,False,False,False,N,N,0.9998515844345093,True,True,True
controller,validation-000503-f6821c31afbef11e-steps-13,13,12,12,False,True,False,False,N,N,0.6393247246742249,True,True,False
controller,validation-000503-f6821c31afbef11e-steps-14,14,12,12,False,True,False,False,N,N,0.9963887929916382,True,True,False
controller,validation-000503-f6821c31afbef11e-steps-15,15,11,11,False,True,False,False,N,N,0.9246600866317749,True,True,False
controller,validation-000503-f6821c31afbef11e-steps-16,16,12,12,False,True,False,False,N,N,0.9998956918716431,True,True,False
controller,validation-000431-12c2148d7ec54c23-steps-1,1,1,1,True,False,False,False,W,W,0.9995521903038025,True,True,True
controller,validation-000431-12c2148d7ec54c23-steps-2,2,2,2,True,False,False,False,D,D,0.9982686042785645,True,True,True
controller,validation-000431-12c2148d7ec54c23-steps-3,3,3,3,True,False,False,False,R,R,0.9996392726898193,True,True,True
controller,validation-000431-12c2148d7ec54c23-steps-4,4,4,4,True,False,False,False,B,B,0.9998464584350586,True,True,True
controller,validation-000431-12c2148d7ec54c23-steps-5,5,5,5,True,False,False,False,S,S,0.9998146891593933,True,True,True
controller,validation-000431-12c2148d7ec54c23-steps-6,6,6,6,True,False,False,False,R,R,0.9997472167015076,True,True,True
controller,validation-000431-12c2148d7ec54c23-steps-7,7,7,7,True,False,False,False,B,B,0.9997976422309875,True,True,True
controller,validation-000431-12c2148d7ec54c23-steps-8,8,8,8,True,False,False,False,S,S,0.9997738003730774,True,True,True
controller,validation-000431-12c2148d7ec54c23-steps-9,9,8,8,False,True,False,False,S,R,0.9999325275421143,True,False,False
controller,validation-000431-12c2148d7ec54c23-steps-10,10,10,10,True,False,False,False,B,B,0.9995481371879578,True,True,True
controller,validation-000431-12c2148d7ec54c23-steps-11,11,12,12,False,False,True,False,R,S,0.9999281167984009,True,False,False
controller,validation-000431-12c2148d7ec54c23-steps-12,12,12,12,True,False,False,False,R,R,0.99960857629776,True,True,True
controller,validation-000431-12c2148d7ec54c23-steps-13,13,13,13,True,False,False,False,B,B,0.9998629093170166,True,True,True
controller,validation-000431-12c2148d7ec54c23-steps-14,14,12,12,False,True,False,False,R,S,0.9569147229194641,True,False,False
controller,validation-000431-12c2148d7ec54c23-steps-15,15,12,12,False,True,False,False,R,R,0.9999250173568726,True,True,False
controller,validation-000431-12c2148d7ec54c23-steps-16,16,12,12,False,True,False,False,R,B,0.9996747970581055,True,False,False
controller,validation-001055-9fbdbb4ee26e7f99-steps-1,1,1,1,True,False,False,False,Z,Z,0.9991382360458374,True,True,True
controller,validation-001055-9fbdbb4ee26e7f99-steps-2,2,2,2,True,False,False,False,B,B,0.9845958352088928,True,True,True
controller,validation-001055-9fbdbb4ee26e7f99-steps-3,3,3,3,True,False,False,False,G,G,0.9961742758750916,True,True,True
controller,validation-001055-9fbdbb4ee26e7f99-steps-4,4,4,4,True,False,False,False,N,N,0.9981203675270081,True,True,True
controller,validation-001055-9fbdbb4ee26e7f99-steps-5,5,5,5,True,False,False,False,D,D,0.9989203214645386,True,True,True
controller,validation-001055-9fbdbb4ee26e7f99-steps-6,6,6,6,True,False,False,False,H,H,0.9992509484291077,True,True,True
controller,validation-001055-9fbdbb4ee26e7f99-steps-7,7,7,7,True,False,False,False,M,M,0.999702513217926,True,True,True
controller,validation-001055-9fbdbb4ee26e7f99-steps-8,8,8,8,True,False,False,False,P,P,0.9998087286949158,True,True,True
controller,validation-001055-9fbdbb4ee26e7f99-steps-9,9,8,8,False,True,False,False,P,E,0.9999465942382812,True,False,False
controller,validation-001055-9fbdbb4ee26e7f99-steps-10,10,10,10,True,False,False,False,V,V,0.9998212456703186,True,True,True
controller,validation-001055-9fbdbb4ee26e7f99-steps-11,11,11,11,True,False,False,False,R,R,0.9668105244636536,True,True,True
controller,validation-001055-9fbdbb4ee26e7f99-steps-12,12,12,12,True,False,False,False,L,L,0.9999096393585205,True,True,True
controller,validation-001055-9fbdbb4ee26e7f99-steps-13,13,12,12,False,True,False,False,L,C,0.8665372133255005,True,False,False
controller,validation-001055-9fbdbb4ee26e7f99-steps-14,14,12,12,False,True,False,False,L,W,0.9988104104995728,True,False,False
controller,validation-001055-9fbdbb4ee26e7f99-steps-15,15,11,11,False,True,False,False,R,Q,0.9587801098823547,True,False,False
controller,validation-001055-9fbdbb4ee26e7f99-steps-16,16,12,12,False,True,False,False,L,F,0.999931812286377,True,False,False
controller,validation-000335-d90b114ba957e83a-steps-1,1,1,1,True,False,False,False,E,E,0.9988849759101868,True,True,True
controller,validation-000335-d90b114ba957e83a-steps-2,2,2,2,True,False,False,False,O,O,0.9750255346298218,True,True,True
controller,validation-000335-d90b114ba957e83a-steps-3,3,3,3,True,False,False,False,G,G,0.9708721041679382,True,True,True
controller,validation-000335-d90b114ba957e83a-steps-4,4,4,4,True,False,False,False,L,L,0.9627183675765991,True,True,True
controller,validation-000335-d90b114ba957e83a-steps-5,5,5,5,True,False,False,False,Q,Q,0.979749321937561,True,True,True
controller,validation-000335-d90b114ba957e83a-steps-6,6,6,6,True,False,False,False,T,T,0.9658874869346619,True,True,True
controller,validation-000335-d90b114ba957e83a-steps-7,7,7,7,True,False,False,False,M,M,0.9894950985908508,True,True,True
controller,validation-000335-d90b114ba957e83a-steps-8,8,8,8,True,False,False,False,Y,Y,0.9863237738609314,True,True,True
controller,validation-000335-d90b114ba957e83a-steps-9,9,8,8,False,True,False,False,Y,R,0.999214768409729,True,False,False
controller,validation-000335-d90b114ba957e83a-steps-10,10,10,10,True,False,False,False,E,E,0.9954575300216675,True,True,True
controller,validation-000335-d90b114ba957e83a-steps-11,11,12,12,False,False,True,False,G,O,0.9995653033256531,True,False,False
controller,validation-000335-d90b114ba957e83a-steps-12,12,12,12,True,False,False,False,G,G,0.9942223429679871,True,True,True
controller,validation-000335-d90b114ba957e83a-steps-13,13,13,13,True,False,False,False,L,L,0.9992282390594482,True,True,True
controller,validation-000335-d90b114ba957e83a-steps-14,14,13,13,False,True,False,False,L,Q,0.9999324083328247,True,False,False
controller,validation-000335-d90b114ba957e83a-steps-15,15,12,12,False,True,False,False,G,T,0.9996615648269653,True,False,False
controller,validation-000335-d90b114ba957e83a-steps-16,16,12,12,False,True,False,False,G,M,0.9957861304283142,True,False,False
controller,validation-000383-f0afb736156f28b0-steps-1,1,1,1,True,False,False,False,C,C,0.9995046854019165,True,True,True
controller,validation-000383-f0afb736156f28b0-steps-2,2,2,2,True,False,False,False,H,H,0.9982559084892273,True,True,True
controller,validation-000383-f0afb736156f28b0-steps-3,3,3,3,True,False,False,False,A,A,0.9996664524078369,True,True,True
controller,validation-000383-f0afb736156f28b0-steps-4,4,4,4,True,False,False,False,M,M,0.9998094439506531,True,True,True
controller,validation-000383-f0afb736156f28b0-steps-5,5,5,5,True,False,False,False,F,F,0.9998294115066528,True,True,True
controller,validation-000383-f0afb736156f28b0-steps-6,6,6,6,True,False,False,False,V,V,0.9998020529747009,True,True,True
controller,validation-000383-f0afb736156f28b0-steps-7,7,7,7,True,False,False,False,C,C,0.9998804330825806,True,True,True
controller,validation-000383-f0afb736156f28b0-steps-8,8,8,8,True,False,False,False,H,H,0.9998539686203003,True,True,True
controller,validation-000383-f0afb736156f28b0-steps-9,9,7,7,False,True,False,False,C,A,0.583255410194397,True,False,False
controller,validation-000383-f0afb736156f28b0-steps-10,10,10,10,True,False,False,False,M,M,0.9997748732566833,True,True,True
controller,validation-000383-f0afb736156f28b0-steps-11,11,11,11,True,False,False,False,F,F,0.8608359694480896,True,True,True
controller,validation-000383-f0afb736156f28b0-steps-12,12,12,12,True,False,False,False,V,V,0.9998366832733154,True,True,True
controller,validation-000383-f0afb736156f28b0-steps-13,13,13,13,True,False,False,False,C,C,0.999921441078186,True,True,True
controller,validation-000383-f0afb736156f28b0-steps-14,14,12,12,False,True,False,False,V,H,0.9935765862464905,True,False,False
controller,validation-000383-f0afb736156f28b0-steps-15,15,11,11,False,True,False,False,F,A,0.6830410957336426,True,False,False
controller,validation-000383-f0afb736156f28b0-steps-16,16,12,12,False,True,False,False,V,M,0.9997904896736145,True,False,False
controller,validation-001223-f78dabefc858d2cf-steps-1,1,1,1,True,False,False,False,R,R,0.9996218681335449,True,True,True
controller,validation-001223-f78dabefc858d2cf-steps-2,2,2,2,True,False,False,False,W,W,0.996727705001831,True,True,True
controller,validation-001223-f78dabefc858d2cf-steps-3,3,3,3,True,False,False,False,B,B,0.9993034601211548,True,True,True
controller,validation-001223-f78dabefc858d2cf-steps-4,4,4,4,True,False,False,False,Y,Y,0.9995778203010559,True,True,True
controller,validation-001223-f78dabefc858d2cf-steps-5,5,5,5,True,False,False,False,X,X,0.9996757507324219,True,True,True
controller,validation-001223-f78dabefc858d2cf-steps-6,6,6,6,True,False,False,False,Z,Z,0.9997566342353821,True,True,True
controller,validation-001223-f78dabefc858d2cf-steps-7,7,7,7,True,False,False,False,G,G,0.9998880624771118,True,True,True
controller,validation-001223-f78dabefc858d2cf-steps-8,8,8,8,True,False,False,False,O,O,0.9998934268951416,True,True,True
controller,validation-001223-f78dabefc858d2cf-steps-9,9,7,7,False,True,False,False,G,E,0.7646228075027466,True,False,False
controller,validation-001223-f78dabefc858d2cf-steps-10,10,10,10,True,False,False,False,D,D,0.9999325275421143,True,True,True
controller,validation-001223-f78dabefc858d2cf-steps-11,11,11,11,True,False,False,False,Q,Q,0.9801393747329712,True,True,True
controller,validation-001223-f78dabefc858d2cf-steps-12,12,12,12,True,False,False,False,L,L,0.9999213218688965,True,True,True
controller,validation-001223-f78dabefc858d2cf-steps-13,13,12,12,False,True,False,False,L,A,0.885728120803833,True,False,False
controller,validation-001223-f78dabefc858d2cf-steps-14,14,12,12,False,True,False,False,L,C,0.9984692931175232,True,False,False
controller,validation-001223-f78dabefc858d2cf-steps-15,15,11,11,False,True,False,False,Q,P,0.9534804821014404,True,False,False
controller,validation-001223-f78dabefc858d2cf-steps-16,16,12,12,False,True,False,False,L,F,0.9999350309371948,True,False,False
controller,validation-001535-41ba19cdf8bf8986-steps-1,1,1,1,True,False,False,False,X,X,0.999313473701477,True,True,True
controller,validation-001535-41ba19cdf8bf8986-steps-2,2,2,2,True,False,False,False,I,I,0.9966840147972107,True,True,True
controller,validation-001535-41ba19cdf8bf8986-steps-3,3,3,3,True,False,False,False,Y,Y,0.9989294409751892,True,True,True
controller,validation-001535-41ba19cdf8bf8986-steps-4,4,4,4,True,False,False,False,K,K,0.9993910789489746,True,True,True
controller,validation-001535-41ba19cdf8bf8986-steps-5,5,5,5,True,False,False,False,U,U,0.999170184135437,True,True,True
controller,validation-001535-41ba19cdf8bf8986-steps-6,6,6,6,True,False,False,False,B,B,0.9991714954376221,True,True,True
controller,validation-001535-41ba19cdf8bf8986-steps-7,7,7,7,True,False,False,False,M,M,0.9996132254600525,True,True,True
controller,validation-001535-41ba19cdf8bf8986-steps-8,8,8,8,True,False,False,False,E,E,0.999528169631958,True,True,True
controller,validation-001535-41ba19cdf8bf8986-steps-9,9,8,8,False,True,False,False,E,A,0.9999001026153564,True,False,False
controller,validation-001535-41ba19cdf8bf8986-steps-10,10,10,10,True,False,False,False,S,S,0.9991758465766907,True,True,True
controller,validation-001535-41ba19cdf8bf8986-steps-11,11,12,12,False,False,True,False,R,T,0.999880313873291,True,False,False
controller,validation-001535-41ba19cdf8bf8986-steps-12,12,12,12,True,False,False,False,R,R,0.998640239238739,True,True,True
controller,validation-001535-41ba19cdf8bf8986-steps-13,13,13,13,True,False,False,False,J,J,0.9994615912437439,True,True,True
controller,validation-001535-41ba19cdf8bf8986-steps-14,14,12,12,False,True,False,False,R,N,0.8091651797294617,True,False,False
controller,validation-001535-41ba19cdf8bf8986-steps-15,15,12,12,False,True,False,False,R,H,0.9998903274536133,True,False,False
controller,validation-001535-41ba19cdf8bf8986-steps-16,16,12,12,False,True,False,False,R,Z,0.998799204826355,True,False,False
controller,validation-001091-91feaffb856cca6c-steps-1,1,1,1,True,False,False,False,P,P,0.9995524287223816,True,True,True
controller,validation-001091-91feaffb856cca6c-steps-2,2,2,2,True,False,False,False,Q,Q,0.9955969452857971,True,True,True
controller,validation-001091-91feaffb856cca6c-steps-3,3,3,3,True,False,False,False,W,W,0.9968822002410889,True,True,True
controller,validation-001091-91feaffb856cca6c-steps-4,4,4,4,True,False,False,False,H,H,0.9979109168052673,True,True,True
controller,validation-001091-91feaffb856cca6c-steps-5,5,5,5,True,False,False,False,X,X,0.996890127658844,True,True,True
controller,validation-001091-91feaffb856cca6c-steps-6,6,6,6,True,False,False,False,N,N,0.9959936141967773,True,True,True
controller,validation-001091-91feaffb856cca6c-steps-7,7,7,7,True,False,False,False,E,E,0.998624324798584,True,True,True
controller,validation-001091-91feaffb856cca6c-steps-8,8,8,8,True,False,False,False,D,D,0.9988318085670471,True,True,True
controller,validation-001091-91feaffb856cca6c-steps-9,9,8,8,False,True,False,False,D,F,0.9998594522476196,True,False,False
controller,validation-001091-91feaffb856cca6c-steps-10,10,10,10,True,False,False,False,Z,Z,0.998710036277771,True,True,True
controller,validation-001091-91feaffb856cca6c-steps-11,11,12,12,False,False,True,False,A,J,0.999880313873291,True,False,False
controller,validation-001091-91feaffb856cca6c-steps-12,12,12,12,True,False,False,False,A,A,0.9989713430404663,True,True,True
controller,validation-001091-91feaffb856cca6c-steps-13,13,13,13,True,False,False,False,C,C,0.9998124241828918,True,True,True
controller,validation-001091-91feaffb856cca6c-steps-14,14,12,12,False,True,False,False,A,I,0.896259605884552,True,False,False
controller,validation-001091-91feaffb856cca6c-steps-15,15,12,12,False,True,False,False,A,T,0.9998916387557983,True,False,False
controller,validation-001091-91feaffb856cca6c-steps-16,16,12,12,False,True,False,False,A,S,0.9993442893028259,True,False,False
controller,validation-000923-3da6e61b2a558eff-steps-1,1,1,1,True,False,False,False,I,I,0.9997567534446716,True,True,True
controller,validation-000923-3da6e61b2a558eff-steps-2,2,2,2,True,False,False,False,I,I,0.9980829954147339,True,True,True
controller,validation-000923-3da6e61b2a558eff-steps-3,3,3,3,True,False,False,False,I,I,0.9995079040527344,True,True,True
controller,validation-000923-3da6e61b2a558eff-steps-4,4,4,4,True,False,False,False,I,I,0.9996156692504883,True,True,True
controller,validation-000923-3da6e61b2a558eff-steps-5,5,5,5,True,False,False,False,I,I,0.9995611310005188,True,True,True
controller,validation-000923-3da6e61b2a558eff-steps-6,6,6,6,True,False,False,False,I,I,0.9994625449180603,True,True,True
controller,validation-000923-3da6e61b2a558eff-steps-7,7,7,7,True,False,False,False,I,I,0.9997536540031433,True,True,True
controller,validation-000923-3da6e61b2a558eff-steps-8,8,8,8,True,False,False,False,I,I,0.9998103976249695,True,True,True
controller,validation-000923-3da6e61b2a558eff-steps-9,9,8,8,False,True,False,False,I,I,0.9999425411224365,True,True,False
controller,validation-000923-3da6e61b2a558eff-steps-10,10,10,10,True,False,False,False,I,I,0.9999293088912964,True,True,True
controller,validation-000923-3da6e61b2a558eff-steps-11,11,11,11,True,False,False,False,I,I,0.9730072617530823,True,True,True
controller,validation-000923-3da6e61b2a558eff-steps-12,12,12,12,True,False,False,False,I,I,0.9999006986618042,True,True,True
controller,validation-000923-3da6e61b2a558eff-steps-13,13,12,12,False,True,False,False,I,I,0.648219645023346,True,True,False
controller,validation-000923-3da6e61b2a558eff-steps-14,14,12,12,False,True,False,False,I,I,0.9972342848777771,True,True,False
controller,validation-000923-3da6e61b2a558eff-steps-15,15,11,11,False,True,False,False,I,I,0.9607119560241699,True,True,False
controller,validation-000923-3da6e61b2a558eff-steps-16,16,12,12,False,True,False,False,I,I,0.9999204874038696,True,True,False
controller,validation-000287-f15bc8539395ddeb-steps-1,1,1,1,True,False,False,False,T,T,0.9988895058631897,True,True,True
controller,validation-000287-f15bc8539395ddeb-steps-2,2,2,2,True,False,False,False,H,H,0.9905837774276733,True,True,True
controller,validation-000287-f15bc8539395ddeb-steps-3,3,3,3,True,False,False,False,J,J,0.9974308609962463,True,True,True
controller,validation-000287-f15bc8539395ddeb-steps-4,4,4,4,True,False,False,False,Q,Q,0.9987610578536987,True,True,True
controller,validation-000287-f15bc8539395ddeb-steps-5,5,5,5,True,False,False,False,W,W,0.9990869760513306,True,True,True
controller,validation-000287-f15bc8539395ddeb-steps-6,6,6,6,True,False,False,False,B,B,0.9989663362503052,True,True,True
controller,validation-000287-f15bc8539395ddeb-steps-7,7,7,7,True,False,False,False,E,E,0.9997263550758362,True,True,True
controller,validation-000287-f15bc8539395ddeb-steps-8,8,8,8,True,False,False,False,S,S,0.9995703101158142,True,True,True
controller,validation-000287-f15bc8539395ddeb-steps-9,9,8,8,False,True,False,False,S,C,0.9999234676361084,True,False,False
controller,validation-000287-f15bc8539395ddeb-steps-10,10,10,10,True,False,False,False,P,P,0.9990326166152954,True,True,True
controller,validation-000287-f15bc8539395ddeb-steps-11,11,12,12,False,False,True,False,Y,O,0.9999144077301025,True,False,False
controller,validation-000287-f15bc8539395ddeb-steps-12,12,12,12,True,False,False,False,Y,Y,0.9993245601654053,True,True,True
controller,validation-000287-f15bc8539395ddeb-steps-13,13,13,13,True,False,False,False,I,I,0.9997685551643372,True,True,True
controller,validation-000287-f15bc8539395ddeb-steps-14,14,12,12,False,True,False,False,Y,V,0.898005485534668,True,False,False
controller,validation-000287-f15bc8539395ddeb-steps-15,15,12,12,False,True,False,False,Y,T,0.9999138116836548,True,False,False
controller,validation-000287-f15bc8539395ddeb-steps-16,16,12,12,False,True,False,False,Y,H,0.9991872906684875,True,False,False
controller,validation-000683-c9c2938aa3bd1cdc-steps-1,1,1,1,True,False,False,False,L,L,0.9995139837265015,True,True,True
controller,validation-000683-c9c2938aa3bd1cdc-steps-2,2,2,2,True,False,False,False,E,E,0.9983906745910645,True,True,True
controller,validation-000683-c9c2938aa3bd1cdc-steps-3,3,3,3,True,False,False,False,G,G,0.9996975660324097,True,True,True
controller,validation-000683-c9c2938aa3bd1cdc-steps-4,4,4,4,True,False,False,False,N,N,0.9998167157173157,True,True,True
controller,validation-000683-c9c2938aa3bd1cdc-steps-5,5,5,5,True,False,False,False,Y,Y,0.9998600482940674,True,True,True
controller,validation-000683-c9c2938aa3bd1cdc-steps-6,6,6,6,True,False,False,False,P,P,0.9998780488967896,True,True,True
controller,validation-000683-c9c2938aa3bd1cdc-steps-7,7,7,7,True,False,False,False,I,I,0.999914288520813,True,True,True
controller,validation-000683-c9c2938aa3bd1cdc-steps-8,8,8,8,True,False,False,False,X,X,0.9999072551727295,True,True,True
controller,validation-000683-c9c2938aa3bd1cdc-steps-9,9,7,7,False,True,False,False,I,S,0.7259520292282104,True,False,False
controller,validation-000683-c9c2938aa3bd1cdc-steps-10,10,10,10,True,False,False,False,Z,Z,0.9999048709869385,True,True,True
controller,validation-000683-c9c2938aa3bd1cdc-steps-11,11,11,11,True,False,False,False,R,R,0.9175935387611389,True,True,True
controller,validation-000683-c9c2938aa3bd1cdc-steps-12,12,12,12,True,False,False,False,O,O,0.999919056892395,True,True,True
controller,validation-000683-c9c2938aa3bd1cdc-steps-13,13,12,12,False,True,False,False,O,U,0.7795810103416443,True,False,False
controller,validation-000683-c9c2938aa3bd1cdc-steps-14,14,12,12,False,True,False,False,O,T,0.9983456134796143,True,False,False
controller,validation-000683-c9c2938aa3bd1cdc-steps-15,15,11,11,False,True,False,False,R,F,0.9312507510185242,True,False,False
controller,validation-000683-c9c2938aa3bd1cdc-steps-16,16,12,12,False,True,False,False,O,W,0.99989914894104,True,False,False
controller,validation-001067-527abe078c805ef7-steps-1,1,1,1,True,False,False,False,B,B,0.9990315437316895,True,True,True
controller,validation-001067-527abe078c805ef7-steps-2,2,2,2,True,False,False,False,B,B,0.9915299415588379,True,True,True
controller,validation-001067-527abe078c805ef7-steps-3,3,3,3,True,False,False,False,B,B,0.9977381229400635,True,True,True
controller,validation-001067-527abe078c805ef7-steps-4,4,4,4,True,False,False,False,B,B,0.9993083477020264,True,True,True
controller,validation-001067-527abe078c805ef7-steps-5,5,5,5,True,False,False,False,B,B,0.9991714954376221,True,True,True
controller,validation-001067-527abe078c805ef7-steps-6,6,6,6,True,False,False,False,B,B,0.9994055032730103,True,True,True
controller,validation-001067-527abe078c805ef7-steps-7,7,7,7,True,False,False,False,B,B,0.999603807926178,True,True,True
controller,validation-001067-527abe078c805ef7-steps-8,8,8,8,True,False,False,False,B,B,0.9997977614402771,True,True,True
controller,validation-001067-527abe078c805ef7-steps-9,9,8,8,False,True,False,False,B,B,0.9999284744262695,True,True,False
controller,validation-001067-527abe078c805ef7-steps-10,10,10,10,True,False,False,False,B,B,0.9997618794441223,True,True,True
controller,validation-001067-527abe078c805ef7-steps-11,11,11,11,True,False,False,False,B,B,0.7669581174850464,True,True,True
controller,validation-001067-527abe078c805ef7-steps-12,12,12,12,True,False,False,False,B,B,0.9998897314071655,True,True,True
controller,validation-001067-527abe078c805ef7-steps-13,13,13,13,True,False,False,False,B,B,0.9999327659606934,True,True,True
controller,validation-001067-527abe078c805ef7-steps-14,14,12,12,False,True,False,False,B,B,0.9940004348754883,True,True,False
controller,validation-001067-527abe078c805ef7-steps-15,15,11,11,False,True,False,False,B,B,0.8514291048049927,True,True,False
controller,validation-001067-527abe078c805ef7-steps-16,16,12,12,False,True,False,False,B,B,0.9998900890350342,True,True,False
controller,validation-000143-55a022f5099feb4c-steps-1,1,1,1,True,False,False,False,P,P,0.9992515444755554,True,True,True
controller,validation-000143-55a022f5099feb4c-steps-2,2,2,2,True,False,False,False,F,F,0.9916914701461792,True,True,True
controller,validation-000143-55a022f5099feb4c-steps-3,3,3,3,True,False,False,False,A,A,0.9948124885559082,True,True,True
controller,validation-000143-55a022f5099feb4c-steps-4,4,4,4,True,False,False,False,U,U,0.9908191561698914,True,True,True
controller,validation-000143-55a022f5099feb4c-steps-5,5,5,5,True,False,False,False,C,C,0.9914597272872925,True,True,True
controller,validation-000143-55a022f5099feb4c-steps-6,6,6,6,True,False,False,False,S,S,0.9833526611328125,True,True,True
controller,validation-000143-55a022f5099feb4c-steps-7,7,7,7,True,False,False,False,H,H,0.9902940988540649,True,True,True
controller,validation-000143-55a022f5099feb4c-steps-8,8,8,8,True,False,False,False,R,R,0.9694794416427612,True,True,True
controller,validation-000143-55a022f5099feb4c-steps-9,9,8,8,False,True,False,False,R,P,0.9990721940994263,True,False,False
controller,validation-000143-55a022f5099feb4c-steps-10,10,10,10,True,False,False,False,F,F,0.9442031979560852,True,True,True
controller,validation-000143-55a022f5099feb4c-steps-11,11,12,12,False,False,True,False,U,A,0.9989651441574097,True,False,False
controller,validation-000143-55a022f5099feb4c-steps-12,12,12,12,True,False,False,False,U,U,0.9810112714767456,True,True,True
controller,validation-000143-55a022f5099feb4c-steps-13,13,13,13,True,False,False,False,C,C,0.9990466237068176,True,True,True
controller,validation-000143-55a022f5099feb4c-steps-14,14,13,13,False,True,False,False,C,S,0.9999334812164307,True,False,False
controller,validation-000143-55a022f5099feb4c-steps-15,15,12,12,False,True,False,False,U,H,0.9993175268173218,True,False,False
controller,validation-000143-55a022f5099feb4c-steps-16,16,12,12,False,True,False,False,U,R,0.9829431772232056,True,False,False
controller,validation-001427-4ecc46346a69d9fe-steps-1,1,1,1,True,False,False,False,B,B,0.9993427395820618,True,True,True
controller,validation-001427-4ecc46346a69d9fe-steps-2,2,2,2,True,False,False,False,N,N,0.9963961243629456,True,True,True
controller,validation-001427-4ecc46346a69d9fe-steps-3,3,3,3,True,False,False,False,Z,Z,0.9993565678596497,True,True,True
controller,validation-001427-4ecc46346a69d9fe-steps-4,4,4,4,True,False,False,False,B,B,0.9996883869171143,True,True,True
controller,validation-001427-4ecc46346a69d9fe-steps-5,5,5,5,True,False,False,False,N,N,0.9996432065963745,True,True,True
controller,validation-001427-4ecc46346a69d9fe-steps-6,6,6,6,True,False,False,False,Z,Z,0.9997040629386902,True,True,True
controller,validation-001427-4ecc46346a69d9fe-steps-7,7,7,7,True,False,False,False,B,B,0.999849796295166,True,True,True
controller,validation-001427-4ecc46346a69d9fe-steps-8,8,8,8,True,False,False,False,N,N,0.999767005443573,True,True,True
controller,validation-001427-4ecc46346a69d9fe-steps-9,9,7,7,False,True,False,False,B,Z,0.5618457794189453,True,False,False
controller,validation-001427-4ecc46346a69d9fe-steps-10,10,10,10,True,False,False,False,B,B,0.999911904335022,True,True,True
controller,validation-001427-4ecc46346a69d9fe-steps-11,11,11,11,True,False,False,False,N,N,0.9614494442939758,True,True,True
controller,validation-001427-4ecc46346a69d9fe-steps-12,12,12,12,True,False,False,False,Z,Z,0.999921441078186,True,True,True
controller,validation-001427-4ecc46346a69d9fe-steps-13,13,12,12,False,True,False,False,Z,B,0.7511177062988281,True,False,False
controller,validation-001427-4ecc46346a69d9fe-steps-14,14,12,12,False,True,False,False,Z,N,0.9981427192687988,True,False,False
controller,validation-001427-4ecc46346a69d9fe-steps-15,15,11,11,False,True,False,False,N,Z,0.9115104675292969,True,False,False
controller,validation-001427-4ecc46346a69d9fe-steps-16,16,12,12,False,True,False,False,Z,B,0.9999234676361084,True,False,False
controller,validation-000251-4d2868d58614a55e-steps-1,1,1,1,True,False,False,False,W,W,0.9993354678153992,True,True,True
controller,validation-000251-4d2868d58614a55e-steps-2,2,2,2,True,False,False,False,B,B,0.9954301118850708,True,True,True
controller,validation-000251-4d2868d58614a55e-steps-3,3,3,3,True,False,False,False,Z,Z,0.9989998936653137,True,True,True
controller,validation-000251-4d2868d58614a55e-steps-4,4,4,4,True,False,False,False,V,V,0.9996111989021301,True,True,True
controller,validation-000251-4d2868d58614a55e-steps-5,5,5,5,True,False,False,False,W,W,0.9995191097259521,True,True,True
controller,validation-000251-4d2868d58614a55e-steps-6,6,6,6,True,False,False,False,B,B,0.9996849298477173,True,True,True
controller,validation-000251-4d2868d58614a55e-steps-7,7,7,7,True,False,False,False,Z,Z,0.9998226761817932,True,True,True
controller,validation-000251-4d2868d58614a55e-steps-8,8,8,8,True,False,False,False,V,V,0.9998101592063904,True,True,True
controller,validation-000251-4d2868d58614a55e-steps-9,9,8,8,False,True,False,False,V,W,0.9999444484710693,True,False,False
controller,validation-000251-4d2868d58614a55e-steps-10,10,10,10,True,False,False,False,B,B,0.9996769428253174,True,True,True
controller,validation-000251-4d2868d58614a55e-steps-11,11,11,11,True,False,False,False,Z,Z,0.746308445930481,True,True,True
controller,validation-000251-4d2868d58614a55e-steps-12,12,12,12,True,False,False,False,V,V,0.9997206330299377,True,True,True
controller,validation-000251-4d2868d58614a55e-steps-13,13,13,13,True,False,False,False,W,W,0.9998939037322998,True,True,True
controller,validation-000251-4d2868d58614a55e-steps-14,14,12,12,False,True,False,False,V,B,0.9852762818336487,True,False,False
controller,validation-000251-4d2868d58614a55e-steps-15,15,12,12,False,True,False,False,V,Z,0.9999324083328247,True,False,False
controller,validation-000251-4d2868d58614a55e-steps-16,16,12,12,False,True,False,False,V,V,0.9997356534004211,True,True,False
controller,validation-000299-a6cb6a71e814471a-steps-1,1,1,1,True,False,False,False,Y,Y,0.9988597631454468,True,True,True
controller,validation-000299-a6cb6a71e814471a-steps-2,2,2,2,True,False,False,False,L,L,0.980309009552002,True,True,True
controller,validation-000299-a6cb6a71e814471a-steps-3,3,3,3,True,False,False,False,T,T,0.9802486300468445,True,True,True
controller,validation-000299-a6cb6a71e814471a-steps-4,4,4,4,True,False,False,False,D,D,0.9875811338424683,True,True,True
controller,validation-000299-a6cb6a71e814471a-steps-5,5,5,5,True,False,False,False,E,E,0.9708961844444275,True,True,True
controller,validation-000299-a6cb6a71e814471a-steps-6,6,6,6,True,False,False,False,U,U,0.9181334376335144,True,True,True
controller,validation-000299-a6cb6a71e814471a-steps-7,7,7,7,True,False,False,False,S,S,0.9419551491737366,True,True,True
controller,validation-000299-a6cb6a71e814471a-steps-8,8,8,8,True,False,False,False,K,K,0.9597603678703308,True,True,True
controller,validation-000299-a6cb6a71e814471a-steps-9,9,8,8,False,True,False,False,K,N,0.9982671737670898,True,False,False
controller,validation-000299-a6cb6a71e814471a-steps-10,10,10,10,True,False,False,False,J,J,0.6279882788658142,True,True,True
controller,validation-000299-a6cb6a71e814471a-steps-11,11,12,12,False,False,True,False,Z,O,0.9987336993217468,True,False,False
controller,validation-000299-a6cb6a71e814471a-steps-12,12,12,12,True,False,False,False,Z,Z,0.9558612704277039,True,True,True
controller,validation-000299-a6cb6a71e814471a-steps-13,13,13,13,True,False,False,False,X,X,0.9969039559364319,True,True,True
controller,validation-000299-a6cb6a71e814471a-steps-14,14,13,13,False,True,False,False,X,Y,0.9998772144317627,True,False,False
controller,validation-000299-a6cb6a71e814471a-steps-15,15,12,12,False,True,False,False,Z,L,0.9984306693077087,True,False,False
controller,validation-000299-a6cb6a71e814471a-steps-16,16,12,12,False,True,False,False,Z,T,0.9712721109390259,True,False,False
controller,validation-000959-a8d52e3ae31b6109-steps-1,1,1,1,True,False,False,False,S,S,0.9984034895896912,True,True,True
controller,validation-000959-a8d52e3ae31b6109-steps-2,2,2,2,True,False,False,False,V,V,0.9692404866218567,True,True,True
controller,validation-000959-a8d52e3ae31b6109-steps-3,3,3,3,True,False,False,False,F,F,0.9907404184341431,True,True,True
controller,validation-000959-a8d52e3ae31b6109-steps-4,4,4,4,True,False,False,False,N,N,0.9952090382575989,True,True,True
controller,validation-000959-a8d52e3ae31b6109-steps-5,5,5,5,True,False,False,False,Q,Q,0.9975759387016296,True,True,True
controller,validation-000959-a8d52e3ae31b6109-steps-6,6,6,6,True,False,False,False,T,T,0.997575581073761,True,True,True
controller,validation-000959-a8d52e3ae31b6109-steps-7,7,7,7,True,False,False,False,A,A,0.999496340751648,True,True,True
controller,validation-000959-a8d52e3ae31b6109-steps-8,8,8,8,True,False,False,False,Z,Z,0.999640703201294,True,True,True
controller,validation-000959-a8d52e3ae31b6109-steps-9,9,8,8,False,True,False,False,Z,L,0.999934196472168,True,False,False
controller,validation-000959-a8d52e3ae31b6109-steps-10,10,10,10,True,False,False,False,O,O,0.9995434880256653,True,True,True
controller,validation-000959-a8d52e3ae31b6109-steps-11,11,11,11,True,False,False,False,D,D,0.736860454082489,True,True,True
controller,validation-000959-a8d52e3ae31b6109-steps-12,12,12,12,True,False,False,False,E,E,0.9997683167457581,True,True,True
controller,validation-000959-a8d52e3ae31b6109-steps-13,13,13,13,True,False,False,False,C,C,0.9999362230300903,True,True,True
controller,validation-000959-a8d52e3ae31b6109-steps-14,14,12,12,False,True,False,False,E,K,0.9937582015991211,True,False,False
controller,validation-000959-a8d52e3ae31b6109-steps-15,15,11,11,False,True,False,False,D,X,0.8244890570640564,True,False,False
controller,validation-000959-a8d52e3ae31b6109-steps-16,16,12,12,False,True,False,False,E,I,0.9998340606689453,True,False,False
controller,validation-000887-704039b5f97f78a3-steps-1,1,1,1,True,False,False,False,B,B,0.9994491934776306,True,True,True
controller,validation-000887-704039b5f97f78a3-steps-2,2,2,2,True,False,False,False,S,S,0.9974944591522217,True,True,True
controller,validation-000887-704039b5f97f78a3-steps-3,3,3,3,True,False,False,False,G,G,0.9995606541633606,True,True,True
controller,validation-000887-704039b5f97f78a3-steps-4,4,4,4,True,False,False,False,F,F,0.9997581839561462,True,True,True
controller,validation-000887-704039b5f97f78a3-steps-5,5,5,5,True,False,False,False,U,U,0.9998452663421631,True,True,True
controller,validation-000887-704039b5f97f78a3-steps-6,6,6,6,True,False,False,False,W,W,0.9998973608016968,True,True,True
controller,validation-000887-704039b5f97f78a3-steps-7,7,7,7,True,False,False,False,A,A,0.9999245405197144,True,True,True
controller,validation-000887-704039b5f97f78a3-steps-8,8,8,8,True,False,False,False,K,K,0.999919056892395,True,True,True
controller,validation-000887-704039b5f97f78a3-steps-9,9,7,7,False,True,False,False,A,D,0.9415706992149353,True,False,False
controller,validation-000887-704039b5f97f78a3-steps-10,10,9,9,False,True,False,False,D,H,0.8412330746650696,True,False,False
controller,validation-000887-704039b5f97f78a3-steps-11,11,11,11,True,False,False,False,X,X,0.9906594753265381,True,True,True
controller,validation-000887-704039b5f97f78a3-steps-12,12,11,11,False,True,False,False,X,J,0.5434028506278992,True,False,False
controller,validation-000887-704039b5f97f78a3-steps-13,13,12,12,False,True,False,False,J,O,0.865933358669281,True,False,False
controller,validation-000887-704039b5f97f78a3-steps-14,14,12,12,False,True,False,False,J,L,0.9992340803146362,True,False,False
controller,validation-000887-704039b5f97f78a3-steps-15,15,11,11,False,True,False,False,X,B,0.9890535473823547,True,False,False
controller,validation-000887-704039b5f97f78a3-steps-16,16,11,11,False,True,False,False,X,S,0.750259518623352,True,False,False
controller,validation-000743-edf85aff35719d37-steps-1,1,1,1,True,False,False,False,W,W,0.9989224672317505,True,True,True
controller,validation-000743-edf85aff35719d37-steps-2,2,2,2,True,False,False,False,W,W,0.9760468006134033,True,True,True
controller,validation-000743-edf85aff35719d37-steps-3,3,3,3,True,False,False,False,W,W,0.9802308678627014,True,True,True
controller,validation-000743-edf85aff35719d37-steps-4,4,4,4,True,False,False,False,W,W,0.9782276153564453,True,True,True
controller,validation-000743-edf85aff35719d37-steps-5,5,5,5,True,False,False,False,W,W,0.9696219563484192,True,True,True
controller,validation-000743-edf85aff35719d37-steps-6,6,6,6,True,False,False,False,W,W,0.946698784828186,True,True,True
controller,validation-000743-edf85aff35719d37-steps-7,7,7,7,True,False,False,False,W,W,0.9884345531463623,True,True,True
controller,validation-000743-edf85aff35719d37-steps-8,8,8,8,True,False,False,False,W,W,0.9768896698951721,True,True,True
controller,validation-000743-edf85aff35719d37-steps-9,9,8,8,False,True,False,False,W,W,0.9989523887634277,True,True,False
controller,validation-000743-edf85aff35719d37-steps-10,10,10,10,True,False,False,False,W,W,0.9585408568382263,True,True,True
controller,validation-000743-edf85aff35719d37-steps-11,11,12,12,False,False,True,False,W,W,0.9996426105499268,True,True,False
controller,validation-000743-edf85aff35719d37-steps-12,12,12,12,True,False,False,False,W,W,0.9919146299362183,True,True,True
controller,validation-000743-edf85aff35719d37-steps-13,13,13,13,True,False,False,False,W,W,0.9993128776550293,True,True,True
controller,validation-000743-edf85aff35719d37-steps-14,14,12,12,False,True,False,False,W,W,0.563897430896759,True,True,False
controller,validation-000743-edf85aff35719d37-steps-15,15,12,12,False,True,False,False,W,W,0.9995924830436707,True,True,False
controller,validation-000743-edf85aff35719d37-steps-16,16,12,12,False,True,False,False,W,W,0.9942173957824707,True,True,False
controller,validation-000227-c91cc7b79cb069b7-steps-1,1,1,1,True,False,False,False,M,M,0.9989429116249084,True,True,True
controller,validation-000227-c91cc7b79cb069b7-steps-2,2,2,2,True,False,False,False,P,P,0.9873980283737183,True,True,True
controller,validation-000227-c91cc7b79cb069b7-steps-3,3,3,3,True,False,False,False,E,E,0.9954137206077576,True,True,True
controller,validation-000227-c91cc7b79cb069b7-steps-4,4,4,4,True,False,False,False,W,W,0.9980175495147705,True,True,True
controller,validation-000227-c91cc7b79cb069b7-steps-5,5,5,5,True,False,False,False,T,T,0.9993942975997925,True,True,True
controller,validation-000227-c91cc7b79cb069b7-steps-6,6,6,6,True,False,False,False,A,A,0.9997598528862,True,True,True
controller,validation-000227-c91cc7b79cb069b7-steps-7,7,7,7,True,False,False,False,S,S,0.9998730421066284,True,True,True
controller,validation-000227-c91cc7b79cb069b7-steps-8,8,8,8,True,False,False,False,J,J,0.9999316930770874,True,True,True
controller,validation-000227-c91cc7b79cb069b7-steps-9,9,7,7,False,True,False,False,S,Z,0.8951305747032166,True,False,False
controller,validation-000227-c91cc7b79cb069b7-steps-10,10,10,10,True,False,False,False,X,X,0.9998893737792969,True,True,True
controller,validation-000227-c91cc7b79cb069b7-steps-11,11,11,11,True,False,False,False,Q,Q,0.9811825156211853,True,True,True
controller,validation-000227-c91cc7b79cb069b7-steps-12,12,12,12,True,False,False,False,D,D,0.9999241828918457,True,True,True
controller,validation-000227-c91cc7b79cb069b7-steps-13,13,12,12,False,True,False,False,D,V,0.8939467072486877,True,False,False
controller,validation-000227-c91cc7b79cb069b7-steps-14,14,12,12,False,True,False,False,D,C,0.9991725087165833,True,False,False
controller,validation-000227-c91cc7b79cb069b7-steps-15,15,11,11,False,True,False,False,Q,H,0.9729564785957336,True,False,False
controller,validation-000227-c91cc7b79cb069b7-steps-16,16,11,11,False,True,False,False,Q,O,0.5153692960739136,True,False,False
controller,validation-000047-a3e70e733eed44c8-steps-1,1,1,1,True,False,False,False,I,I,0.9988588094711304,True,True,True
controller,validation-000047-a3e70e733eed44c8-steps-2,2,2,2,True,False,False,False,R,R,0.9588523507118225,True,True,True
controller,validation-000047-a3e70e733eed44c8-steps-3,3,3,3,True,False,False,False,M,M,0.9738895297050476,True,True,True
controller,validation-000047-a3e70e733eed44c8-steps-4,4,4,4,True,False,False,False,B,B,0.9827053546905518,True,True,True
controller,validation-000047-a3e70e733eed44c8-steps-5,5,5,5,True,False,False,False,H,H,0.9895848631858826,True,True,True
controller,validation-000047-a3e70e733eed44c8-steps-6,6,6,6,True,False,False,False,T,T,0.9936716556549072,True,True,True
controller,validation-000047-a3e70e733eed44c8-steps-7,7,7,7,True,False,False,False,Z,Z,0.9988127946853638,True,True,True
controller,validation-000047-a3e70e733eed44c8-steps-8,8,8,8,True,False,False,False,W,W,0.9996305704116821,True,True,True
controller,validation-000047-a3e70e733eed44c8-steps-9,9,8,8,False,True,False,False,W,W,0.9999076128005981,True,True,False
controller,validation-000047-a3e70e733eed44c8-steps-10,10,10,10,True,False,False,False,W,W,0.9990381002426147,True,True,True
controller,validation-000047-a3e70e733eed44c8-steps-11,11,12,12,False,False,True,False,W,W,0.9999023675918579,True,True,False
controller,validation-000047-a3e70e733eed44c8-steps-12,12,12,12,True,False,False,False,W,W,0.9991936087608337,True,True,True
controller,validation-000047-a3e70e733eed44c8-steps-13,13,13,13,True,False,False,False,W,W,0.9997715353965759,True,True,True
controller,validation-000047-a3e70e733eed44c8-steps-14,14,12,12,False,True,False,False,W,W,0.9156771302223206,True,True,False
controller,validation-000047-a3e70e733eed44c8-steps-15,15,12,12,False,True,False,False,W,W,0.9999045133590698,True,True,False
controller,validation-000047-a3e70e733eed44c8-steps-16,16,12,12,False,True,False,False,W,W,0.999619722366333,True,True,False
controller,validation-001367-2fc6b45a91a9ded3-steps-1,1,1,1,True,False,False,False,B,B,0.9997319579124451,True,True,True
controller,validation-001367-2fc6b45a91a9ded3-steps-2,2,2,2,True,False,False,False,U,U,0.9982398748397827,True,True,True
controller,validation-001367-2fc6b45a91a9ded3-steps-3,3,3,3,True,False,False,False,P,P,0.999640703201294,True,True,True
controller,validation-001367-2fc6b45a91a9ded3-steps-4,4,4,4,True,False,False,False,X,X,0.9997000694274902,True,True,True
controller,validation-001367-2fc6b45a91a9ded3-steps-5,5,5,5,True,False,False,False,W,W,0.9996212720870972,True,True,True
controller,validation-001367-2fc6b45a91a9ded3-steps-6,6,6,6,True,False,False,False,Y,Y,0.9993335604667664,True,True,True
controller,validation-001367-2fc6b45a91a9ded3-steps-7,7,7,7,True,False,False,False,F,F,0.9995856881141663,True,True,True
controller,validation-001367-2fc6b45a91a9ded3-steps-8,8,8,8,True,False,False,False,C,C,0.9995442032814026,True,True,True
controller,validation-001367-2fc6b45a91a9ded3-steps-9,9,8,8,False,True,False,False,C,Z,0.9999154806137085,True,False,False
controller,validation-001367-2fc6b45a91a9ded3-steps-10,10,10,10,True,False,False,False,H,H,0.9993234872817993,True,True,True
controller,validation-001367-2fc6b45a91a9ded3-steps-11,11,12,12,False,False,True,False,S,Q,0.9998987913131714,True,False,False
controller,validation-001367-2fc6b45a91a9ded3-steps-12,12,12,12,True,False,False,False,S,S,0.9983639121055603,True,True,True
controller,validation-001367-2fc6b45a91a9ded3-steps-13,13,13,13,True,False,False,False,D,D,0.999517560005188,True,True,True
controller,validation-001367-2fc6b45a91a9ded3-steps-14,14,12,12,False,True,False,False,S,V,0.7861736416816711,True,False,False
controller,validation-001367-2fc6b45a91a9ded3-steps-15,15,12,12,False,True,False,False,S,G,0.9998918771743774,True,False,False
controller,validation-001367-2fc6b45a91a9ded3-steps-16,16,12,12,False,True,False,False,S,E,0.9988481998443604,True,False,False
controller,validation-001235-43bf7bd2507b6d2b-steps-1,1,1,1,True,False,False,False,O,O,0.9977893829345703,True,True,True
controller,validation-001235-43bf7bd2507b6d2b-steps-2,2,2,2,True,False,False,False,U,U,0.9525527358055115,True,True,True
controller,validation-001235-43bf7bd2507b6d2b-steps-3,3,3,3,True,False,False,False,R,R,0.9695786237716675,True,True,True
controller,validation-001235-43bf7bd2507b6d2b-steps-4,4,4,4,True,False,False,False,J,J,0.988576352596283,True,True,True
controller,validation-001235-43bf7bd2507b6d2b-steps-5,5,5,5,True,False,False,False,S,S,0.9861025810241699,True,True,True
controller,validation-001235-43bf7bd2507b6d2b-steps-6,6,6,6,True,False,False,False,J,J,0.9859198331832886,True,True,True
controller,validation-001235-43bf7bd2507b6d2b-steps-7,7,7,7,True,False,False,False,S,S,0.9937103986740112,True,True,True
controller,validation-001235-43bf7bd2507b6d2b-steps-8,8,8,8,True,False,False,False,J,J,0.9971081614494324,True,True,True
controller,validation-001235-43bf7bd2507b6d2b-steps-9,9,8,8,False,True,False,False,J,S,0.9995105266571045,True,False,False
controller,validation-001235-43bf7bd2507b6d2b-steps-10,10,10,10,True,False,False,False,J,J,0.9916947484016418,True,True,True
controller,validation-001235-43bf7bd2507b6d2b-steps-11,11,12,12,False,False,True,False,J,S,0.9998512268066406,True,False,False
controller,validation-001235-43bf7bd2507b6d2b-steps-12,12,12,12,True,False,False,False,J,J,0.9981502294540405,True,True,True
controller,validation-001235-43bf7bd2507b6d2b-steps-13,13,13,13,True,False,False,False,S,S,0.9996547698974609,True,True,True
controller,validation-001235-43bf7bd2507b6d2b-steps-14,14,12,12,False,True,False,False,J,J,0.7378795742988586,True,True,False
controller,validation-001235-43bf7bd2507b6d2b-steps-15,15,12,12,False,True,False,False,J,S,0.9997860789299011,True,False,False
controller,validation-001235-43bf7bd2507b6d2b-steps-16,16,12,12,False,True,False,False,J,J,0.9988553524017334,True,True,False
controller,validation-000119-1a235a674d16061e-steps-1,1,1,1,True,False,False,False,V,V,0.9996868371963501,True,True,True
controller,validation-000119-1a235a674d16061e-steps-2,2,2,2,True,False,False,False,Q,Q,0.9993871450424194,True,True,True
controller,validation-000119-1a235a674d16061e-steps-3,3,3,3,True,False,False,False,X,X,0.9998558759689331,True,True,True
controller,validation-000119-1a235a674d16061e-steps-4,4,4,4,True,False,False,False,F,F,0.9999161958694458,True,True,True
controller,validation-000119-1a235a674d16061e-steps-5,5,5,5,True,False,False,False,A,A,0.9999264478683472,True,True,True
controller,validation-000119-1a235a674d16061e-steps-6,6,6,6,True,False,False,False,X,X,0.9999203681945801,True,True,True
controller,validation-000119-1a235a674d16061e-steps-7,7,7,7,True,False,False,False,F,F,0.9999263286590576,True,True,True
controller,validation-000119-1a235a674d16061e-steps-8,8,8,8,True,False,False,False,A,A,0.999882698059082,True,True,True
controller,validation-000119-1a235a674d16061e-steps-9,9,7,7,False,True,False,False,F,X,0.7615358829498291,True,False,False
controller,validation-000119-1a235a674d16061e-steps-10,10,10,10,True,False,False,False,F,F,0.9997321963310242,True,True,True
controller,validation-000119-1a235a674d16061e-steps-11,11,11,11,True,False,False,False,A,A,0.5698122382164001,True,True,True
controller,validation-000119-1a235a674d16061e-steps-12,12,12,12,True,False,False,False,X,X,0.9995328187942505,True,True,True
controller,validation-000119-1a235a674d16061e-steps-13,13,13,13,True,False,False,False,F,F,0.9997974038124084,True,True,True
controller,validation-000119-1a235a674d16061e-steps-14,14,12,12,False,True,False,False,X,A,0.9499894380569458,True,False,False
controller,validation-000119-1a235a674d16061e-steps-15,15,12,12,False,True,False,False,X,X,0.9999222755432129,True,True,False
controller,validation-000119-1a235a674d16061e-steps-16,16,12,12,False,True,False,False,X,F,0.9997367262840271,True,False,False
controller,validation-001295-1558180b10268705-steps-1,1,1,1,True,False,False,False,Q,Q,0.9994094371795654,True,True,True
controller,validation-001295-1558180b10268705-steps-2,2,2,2,True,False,False,False,W,W,0.9926308393478394,True,True,True
controller,validation-001295-1558180b10268705-steps-3,3,3,3,True,False,False,False,L,L,0.9950323104858398,True,True,True
controller,validation-001295-1558180b10268705-steps-4,4,4,4,True,False,False,False,D,D,0.9906114935874939,True,True,True
controller,validation-001295-1558180b10268705-steps-5,5,5,5,True,False,False,False,F,F,0.9618562459945679,True,True,True
controller,validation-001295-1558180b10268705-steps-6,6,6,6,True,False,False,False,X,X,0.890158474445343,True,True,True
controller,validation-001295-1558180b10268705-steps-7,7,7,7,True,False,False,False,H,H,0.9502776265144348,True,True,True
controller,validation-001295-1558180b10268705-steps-8,8,8,8,True,False,False,False,S,S,0.7927713990211487,True,True,True
controller,validation-001295-1558180b10268705-steps-9,9,8,8,False,True,False,False,S,U,0.9933856129646301,True,False,False
controller,validation-001295-1558180b10268705-steps-10,10,10,10,True,False,False,False,Z,Z,0.8215849995613098,True,True,True
controller,validation-001295-1558180b10268705-steps-11,11,12,12,False,False,True,False,N,G,0.9983991980552673,True,False,False
controller,validation-001295-1558180b10268705-steps-12,12,12,12,True,False,False,False,N,N,0.9243140816688538,True,True,True
controller,validation-001295-1558180b10268705-steps-13,13,13,13,True,False,False,False,V,V,0.9946717619895935,True,True,True
controller,validation-001295-1558180b10268705-steps-14,14,13,13,False,True,False,False,V,Q,0.9998445510864258,True,False,False
controller,validation-001295-1558180b10268705-steps-15,15,12,12,False,True,False,False,N,W,0.9983221888542175,True,False,False
controller,validation-001295-1558180b10268705-steps-16,16,12,12,False,True,False,False,N,L,0.9116337895393372,True,False,False
controller,validation-001151-1a4033de178df177-steps-1,1,1,1,True,False,False,False,S,S,0.9985764026641846,True,True,True
controller,validation-001151-1a4033de178df177-steps-2,2,2,2,True,False,False,False,M,M,0.9579335451126099,True,True,True
controller,validation-001151-1a4033de178df177-steps-3,3,3,3,True,False,False,False,A,A,0.9361898899078369,True,True,True
controller,validation-001151-1a4033de178df177-steps-4,4,4,4,True,False,False,False,N,N,0.9071097373962402,True,True,True
controller,validation-001151-1a4033de178df177-steps-5,5,5,5,True,False,False,False,L,L,0.9298272728919983,True,True,True
controller,validation-001151-1a4033de178df177-steps-6,6,6,6,True,False,False,False,F,F,0.8699604272842407,True,True,True
controller,validation-001151-1a4033de178df177-steps-7,7,7,7,True,False,False,False,C,C,0.9395586848258972,True,True,True
controller,validation-001151-1a4033de178df177-steps-8,8,8,8,True,False,False,False,U,U,0.9681600332260132,True,True,True
controller,validation-001151-1a4033de178df177-steps-9,9,8,8,False,True,False,False,U,M,0.9982023239135742,True,False,False
controller,validation-001151-1a4033de178df177-steps-10,10,10,10,True,False,False,False,A,A,0.808709979057312,True,True,True
controller,validation-001151-1a4033de178df177-steps-11,11,12,12,False,False,True,False,L,N,0.9988459348678589,True,False,False
controller,validation-001151-1a4033de178df177-steps-12,12,12,12,True,False,False,False,L,L,0.968715488910675,True,True,True
controller,validation-001151-1a4033de178df177-steps-13,13,13,13,True,False,False,False,F,F,0.997238278388977,True,True,True
controller,validation-001151-1a4033de178df177-steps-14,14,13,13,False,True,False,False,F,C,0.9998801946640015,True,False,False
controller,validation-001151-1a4033de178df177-steps-15,15,12,12,False,True,False,False,L,U,0.9986920952796936,True,False,False
controller,validation-001151-1a4033de178df177-steps-16,16,12,12,False,True,False,False,L,M,0.9768614172935486,True,False,False
controller,validation-000191-9121ac97bf48885c-steps-1,1,1,1,True,False,False,False,T,T,0.9989138841629028,True,True,True
controller,validation-000191-9121ac97bf48885c-steps-2,2,2,2,True,False,False,False,H,H,0.9893056154251099,True,True,True
controller,validation-000191-9121ac97bf48885c-steps-3,3,3,3,True,False,False,False,X,X,0.9965860843658447,True,True,True
controller,validation-000191-9121ac97bf48885c-steps-4,4,4,4,True,False,False,False,B,B,0.9993258714675903,True,True,True
controller,validation-000191-9121ac97bf48885c-steps-5,5,5,5,True,False,False,False,N,N,0.9995730519294739,True,True,True
controller,validation-000191-9121ac97bf48885c-steps-6,6,6,6,True,False,False,False,O,O,0.9997277855873108,True,True,True
controller,validation-000191-9121ac97bf48885c-steps-7,7,7,7,True,False,False,False,T,T,0.9998680353164673,True,True,True
controller,validation-000191-9121ac97bf48885c-steps-8,8,8,8,True,False,False,False,H,H,0.9998655319213867,True,True,True
controller,validation-000191-9121ac97bf48885c-steps-9,9,8,8,False,True,False,False,H,X,0.9999485015869141,True,False,False
controller,validation-000191-9121ac97bf48885c-steps-10,10,10,10,True,False,False,False,B,B,0.9998968839645386,True,True,True
controller,validation-000191-9121ac97bf48885c-steps-11,11,11,11,True,False,False,False,N,N,0.9906901121139526,True,True,True
controller,validation-000191-9121ac97bf48885c-steps-12,12,11,11,False,True,False,False,N,O,0.5219756960868835,True,False,False
controller,validation-000191-9121ac97bf48885c-steps-13,13,12,12,False,True,False,False,O,T,0.9302150011062622,True,False,False
controller,validation-000191-9121ac97bf48885c-steps-14,14,12,12,False,True,False,False,O,H,0.9993962049484253,True,False,False
controller,validation-000191-9121ac97bf48885c-steps-15,15,11,11,False,True,False,False,N,X,0.9805516004562378,True,False,False
controller,validation-000191-9121ac97bf48885c-steps-16,16,11,11,False,True,False,False,N,B,0.5641012787818909,True,False,False
controller,validation-000419-6b241c92a4a02f79-steps-1,1,1,1,True,False,False,False,S,S,0.9995971322059631,True,True,True
controller,validation-000419-6b241c92a4a02f79-steps-2,2,2,2,True,False,False,False,O,O,0.9975353479385376,True,True,True
controller,validation-000419-6b241c92a4a02f79-steps-3,3,3,3,True,False,False,False,V,V,0.9994352459907532,True,True,True
controller,validation-000419-6b241c92a4a02f79-steps-4,4,4,4,True,False,False,False,G,G,0.9995962977409363,True,True,True
controller,validation-000419-6b241c92a4a02f79-steps-5,5,5,5,True,False,False,False,D,D,0.9996609687805176,True,True,True
controller,validation-000419-6b241c92a4a02f79-steps-6,6,6,6,True,False,False,False,Q,Q,0.9995498061180115,True,True,True
controller,validation-000419-6b241c92a4a02f79-steps-7,7,7,7,True,False,False,False,N,N,0.9997181296348572,True,True,True
controller,validation-000419-6b241c92a4a02f79-steps-8,8,8,8,True,False,False,False,J,J,0.9995115995407104,True,True,True
controller,validation-000419-6b241c92a4a02f79-steps-9,9,8,8,False,True,False,False,J,P,0.9999223947525024,True,False,False
controller,validation-000419-6b241c92a4a02f79-steps-10,10,10,10,True,False,False,False,I,I,0.9994489550590515,True,True,True
controller,validation-000419-6b241c92a4a02f79-steps-11,11,11,11,True,False,False,False,U,U,0.637106716632843,True,True,True
controller,validation-000419-6b241c92a4a02f79-steps-12,12,12,12,True,False,False,False,K,K,0.999743640422821,True,True,True
controller,validation-000419-6b241c92a4a02f79-steps-13,13,13,13,True,False,False,False,M,M,0.999934196472168,True,True,True
controller,validation-000419-6b241c92a4a02f79-steps-14,14,12,12,False,True,False,False,K,X,0.9905974268913269,True,False,False
controller,validation-000419-6b241c92a4a02f79-steps-15,15,11,11,False,True,False,False,U,A,0.6099017858505249,True,False,False
controller,validation-000419-6b241c92a4a02f79-steps-16,16,12,12,False,True,False,False,K,T,0.999785840511322,True,False,False
controller,validation-000179-92596fae71366ccd-steps-1,1,1,1,True,False,False,False,R,R,0.9991004467010498,True,True,True
controller,validation-000179-92596fae71366ccd-steps-2,2,2,2,True,False,False,False,S,S,0.9874104857444763,True,True,True
controller,validation-000179-92596fae71366ccd-steps-3,3,3,3,True,False,False,False,C,C,0.9955624341964722,True,True,True
controller,validation-000179-92596fae71366ccd-steps-4,4,4,4,True,False,False,False,D,D,0.997425377368927,True,True,True
controller,validation-000179-92596fae71366ccd-steps-5,5,5,5,True,False,False,False,X,X,0.9962382316589355,True,True,True
controller,validation-000179-92596fae71366ccd-steps-6,6,6,6,True,False,False,False,H,H,0.9978899359703064,True,True,True
controller,validation-000179-92596fae71366ccd-steps-7,7,7,7,True,False,False,False,J,J,0.9990115165710449,True,True,True
controller,validation-000179-92596fae71366ccd-steps-8,8,8,8,True,False,False,False,F,F,0.9994189739227295,True,True,True
controller,validation-000179-92596fae71366ccd-steps-9,9,8,8,False,True,False,False,F,Y,0.9998451471328735,True,False,False
controller,validation-000179-92596fae71366ccd-steps-10,10,10,10,True,False,False,False,U,U,0.9885982275009155,True,True,True
controller,validation-000179-92596fae71366ccd-steps-11,11,12,12,False,False,True,False,W,I,0.9998455047607422,True,False,False
controller,validation-000179-92596fae71366ccd-steps-12,12,12,12,True,False,False,False,W,W,0.9977967739105225,True,True,True
controller,validation-000179-92596fae71366ccd-steps-13,13,13,13,True,False,False,False,H,B,0.9997230172157288,False,False,False
controller,validation-000179-92596fae71366ccd-steps-14,14,12,12,False,True,False,False,W,E,0.8071490526199341,False,False,False
controller,validation-000179-92596fae71366ccd-steps-15,15,12,12,False,True,False,False,W,A,0.9998611211776733,False,False,False
controller,validation-000179-92596fae71366ccd-steps-16,16,12,12,False,True,False,False,W,M,0.9982884526252747,False,False,False
controller,validation-001043-5a45d7d3eeb848ef-steps-1,1,1,1,True,False,False,False,Y,Y,0.999089241027832,True,True,True
controller,validation-001043-5a45d7d3eeb848ef-steps-2,2,2,2,True,False,False,False,W,W,0.9929574728012085,True,True,True
controller,validation-001043-5a45d7d3eeb848ef-steps-3,3,3,3,True,False,False,False,V,V,0.9989286065101624,True,True,True
controller,validation-001043-5a45d7d3eeb848ef-steps-4,4,4,4,True,False,False,False,F,F,0.9997218251228333,True,True,True
controller,validation-001043-5a45d7d3eeb848ef-steps-5,5,5,5,True,False,False,False,D,D,0.9998621940612793,True,True,True
controller,validation-001043-5a45d7d3eeb848ef-steps-6,6,6,6,True,False,False,False,P,P,0.9999123811721802,True,True,True
controller,validation-001043-5a45d7d3eeb848ef-steps-7,7,6,6,False,True,False,False,P,B,0.5161799192428589,True,False,False
controller,validation-001043-5a45d7d3eeb848ef-steps-8,8,7,7,False,True,False,False,B,Y,0.6147223711013794,True,False,False
controller,validation-001043-5a45d7d3eeb848ef-steps-9,9,7,7,False,True,False,False,B,W,0.9629808664321899,True,False,False
controller,validation-001043-5a45d7d3eeb848ef-steps-10,10,10,10,True,False,False,False,V,V,0.9999121427536011,True,True,True
controller,validation-001043-5a45d7d3eeb848ef-steps-11,11,11,11,True,False,False,False,F,F,0.9777587652206421,True,True,True
controller,validation-001043-5a45d7d3eeb848ef-steps-12,12,11,11,False,True,False,False,F,D,0.5858545899391174,True,False,False
controller,validation-001043-5a45d7d3eeb848ef-steps-13,13,12,12,False,True,False,False,D,P,0.8641451001167297,True,False,False
controller,validation-001043-5a45d7d3eeb848ef-steps-14,14,12,12,False,True,False,False,D,B,0.999005138874054,True,False,False
controller,validation-001043-5a45d7d3eeb848ef-steps-15,15,11,11,False,True,False,False,F,Y,0.9873499274253845,True,False,False
controller,validation-001043-5a45d7d3eeb848ef-steps-16,16,11,11,False,True,False,False,F,W,0.6451392769813538,True,False,False
controller,validation-000215-53d18d4c23c7031e-steps-1,1,1,1,True,False,False,False,G,G,0.9994387030601501,True,True,True
controller,validation-000215-53d18d4c23c7031e-steps-2,2,2,2,True,False,False,False,M,M,0.9962407350540161,True,True,True
controller,validation-000215-53d18d4c23c7031e-steps-3,3,3,3,True,False,False,False,S,S,0.9989375472068787,True,True,True
controller,validation-000215-53d18d4c23c7031e-steps-4,4,4,4,True,False,False,False,P,P,0.9988023042678833,True,True,True
controller,validation-000215-53d18d4c23c7031e-steps-5,5,5,5,True,False,False,False,N,N,0.9969552755355835,True,True,True
controller,validation-000215-53d18d4c23c7031e-steps-6,6,6,6,True,False,False,False,Q,Q,0.9913488030433655,True,True,True
controller,validation-000215-53d18d4c23c7031e-steps-7,7,7,7,True,False,False,False,L,L,0.9966312050819397,True,True,True
controller,validation-000215-53d18d4c23c7031e-steps-8,8,8,8,True,False,False,False,V,V,0.9898796081542969,True,True,True
controller,validation-000215-53d18d4c23c7031e-steps-9,9,8,8,False,True,False,False,V,O,0.9995412826538086,True,False,False
controller,validation-000215-53d18d4c23c7031e-steps-10,10,10,10,True,False,False,False,J,J,0.9968607425689697,True,True,True
controller,validation-000215-53d18d4c23c7031e-steps-11,11,12,12,False,False,True,False,D,A,0.9998090863227844,True,False,False
controller,validation-000215-53d18d4c23c7031e-steps-12,12,12,12,True,False,False,False,D,D,0.9975674152374268,True,True,True
controller,validation-000215-53d18d4c23c7031e-steps-13,13,13,13,True,False,False,False,F,F,0.9995651841163635,True,True,True
controller,validation-000215-53d18d4c23c7031e-steps-14,14,12,12,False,True,False,False,D,C,0.7417798638343811,True,False,False
controller,validation-000215-53d18d4c23c7031e-steps-15,15,12,12,False,True,False,False,D,U,0.9998550415039062,True,False,False
controller,validation-000215-53d18d4c23c7031e-steps-16,16,12,12,False,True,False,False,D,B,0.9984530210494995,True,False,False
controller,validation-000659-1fa30f16753baa83-steps-1,1,1,1,True,False,False,False,S,S,0.9993261098861694,True,True,True
controller,validation-000659-1fa30f16753baa83-steps-2,2,2,2,True,False,False,False,R,R,0.9954967498779297,True,True,True
controller,validation-000659-1fa30f16753baa83-steps-3,3,3,3,True,False,False,False,A,A,0.9992371797561646,True,True,True
controller,validation-000659-1fa30f16753baa83-steps-4,4,4,4,True,False,False,False,O,O,0.999481737613678,True,True,True
controller,validation-000659-1fa30f16753baa83-steps-5,5,5,5,True,False,False,False,M,M,0.9995335340499878,True,True,True
controller,validation-000659-1fa30f16753baa83-steps-6,6,6,6,True,False,False,False,E,E,0.9994745850563049,True,True,True
controller,validation-000659-1fa30f16753baa83-steps-7,7,7,7,True,False,False,False,F,F,0.999754011631012,True,True,True
controller,validation-000659-1fa30f16753baa83-steps-8,8,8,8,True,False,False,False,J,J,0.999595582485199,True,True,True
controller,validation-000659-1fa30f16753baa83-steps-9,9,8,8,False,True,False,False,J,Q,0.9999274015426636,True,False,False
controller,validation-000659-1fa30f16753baa83-steps-10,10,10,10,True,False,False,False,L,L,0.9995748400688171,True,True,True
controller,validation-000659-1fa30f16753baa83-steps-11,11,11,11,True,False,False,False,Y,Y,0.6167151927947998,True,True,True
controller,validation-000659-1fa30f16753baa83-steps-12,12,12,12,True,False,False,False,W,W,0.9997140765190125,True,True,True
controller,validation-000659-1fa30f16753baa83-steps-13,13,13,13,True,False,False,False,U,U,0.9999032020568848,True,True,True
controller,validation-000659-1fa30f16753baa83-steps-14,14,12,12,False,True,False,False,W,T,0.9828017354011536,True,False,False
controller,validation-000659-1fa30f16753baa83-steps-15,15,11,11,False,True,False,False,Y,B,0.5782552361488342,True,False,False
controller,validation-000659-1fa30f16753baa83-steps-16,16,12,12,False,True,False,False,W,I,0.9996548891067505,True,False,False
controller,validation-001415-665d4f354367d421-steps-1,1,1,1,True,False,False,False,C,C,0.9987167119979858,True,True,True
controller,validation-001415-665d4f354367d421-steps-2,2,2,2,True,False,False,False,Y,Y,0.9627251029014587,True,True,True
controller,validation-001415-665d4f354367d421-steps-3,3,3,3,True,False,False,False,S,S,0.9537630081176758,True,True,True
controller,validation-001415-665d4f354367d421-steps-4,4,4,4,True,False,False,False,X,X,0.9268350601196289,True,True,True
controller,validation-001415-665d4f354367d421-steps-5,5,5,5,True,False,False,False,K,K,0.9361171722412109,True,True,True
controller,validation-001415-665d4f354367d421-steps-6,6,6,6,True,False,False,False,L,L,0.9103133678436279,True,True,True
controller,validation-001415-665d4f354367d421-steps-7,7,7,7,True,False,False,False,O,O,0.9822216629981995,True,True,True
controller,validation-001415-665d4f354367d421-steps-8,8,8,8,True,False,False,False,J,J,0.9936070442199707,True,True,True
controller,validation-001415-665d4f354367d421-steps-9,9,8,8,False,True,False,False,J,P,0.9993100166320801,True,False,False
controller,validation-001415-665d4f354367d421-steps-10,10,10,10,True,False,False,False,I,I,0.9648441672325134,True,True,True
controller,validation-001415-665d4f354367d421-steps-11,11,12,12,False,False,True,False,R,M,0.999739944934845,True,False,False
controller,validation-001415-665d4f354367d421-steps-12,12,12,12,True,False,False,False,R,R,0.9961681962013245,True,True,True
controller,validation-001415-665d4f354367d421-steps-13,13,13,13,True,False,False,False,A,A,0.9994743466377258,True,True,True
controller,validation-001415-665d4f354367d421-steps-14,14,12,12,False,True,False,False,R,Q,0.5638826489448547,True,False,False
controller,validation-001415-665d4f354367d421-steps-15,15,12,12,False,True,False,False,R,H,0.9997078776359558,True,False,False
controller,validation-001415-665d4f354367d421-steps-16,16,12,12,False,True,False,False,R,T,0.9973015189170837,True,False,False
controller,validation-000371-78d890c948b32a0c-steps-1,1,1,1,True,False,False,False,J,J,0.9993964433670044,True,True,True
controller,validation-000371-78d890c948b32a0c-steps-2,2,2,2,True,False,False,False,B,B,0.9934616088867188,True,True,True
controller,validation-000371-78d890c948b32a0c-steps-3,3,3,3,True,False,False,False,O,O,0.9959837198257446,True,True,True
controller,validation-000371-78d890c948b32a0c-steps-4,4,4,4,True,False,False,False,U,U,0.9896373748779297,True,True,True
controller,validation-000371-78d890c948b32a0c-steps-5,5,5,5,True,False,False,False,Q,Q,0.9437026977539062,True,True,True
controller,validation-000371-78d890c948b32a0c-steps-6,6,6,6,True,False,False,False,H,H,0.7508699297904968,True,True,True
controller,validation-000371-78d890c948b32a0c-steps-7,7,7,7,True,False,False,False,V,V,0.6626312136650085,True,True,True
controller,validation-000371-78d890c948b32a0c-steps-8,8,8,8,True,False,False,False,G,G,0.6542606353759766,True,True,True
controller,validation-000371-78d890c948b32a0c-steps-9,9,8,8,False,True,False,False,G,T,0.987111508846283,True,False,False
controller,validation-000371-78d890c948b32a0c-steps-10,10,10,10,True,False,False,False,K,K,0.6904399394989014,True,True,True
controller,validation-000371-78d890c948b32a0c-steps-11,11,12,12,False,False,True,False,E,L,0.9986336827278137,True,False,False
controller,validation-000371-78d890c948b32a0c-steps-12,12,12,12,True,False,False,False,E,E,0.9525383710861206,True,True,True
controller,validation-000371-78d890c948b32a0c-steps-13,13,13,13,True,False,False,False,I,I,0.9961131811141968,True,True,True
controller,validation-000371-78d890c948b32a0c-steps-14,14,13,13,False,True,False,False,I,D,0.9997969269752502,True,False,False
controller,validation-000371-78d890c948b32a0c-steps-15,15,12,12,False,True,False,False,E,A,0.9975852966308594,True,False,False
controller,validation-000371-78d890c948b32a0c-steps-16,16,12,12,False,True,False,False,E,F,0.970391571521759,True,False,False
controller,validation-000023-2abfe560bdf28a3c-steps-1,1,1,1,True,False,False,False,C,C,0.9994933605194092,True,True,True
controller,validation-000023-2abfe560bdf28a3c-steps-2,2,2,2,True,False,False,False,W,W,0.9964889287948608,True,True,True
controller,validation-000023-2abfe560bdf28a3c-steps-3,3,3,3,True,False,False,False,R,R,0.9988002777099609,True,True,True
controller,validation-000023-2abfe560bdf28a3c-steps-4,4,4,4,True,False,False,False,N,N,0.9984501600265503,True,True,True
controller,validation-000023-2abfe560bdf28a3c-steps-5,5,5,5,True,False,False,False,J,J,0.9972921013832092,True,True,True
controller,validation-000023-2abfe560bdf28a3c-steps-6,6,6,6,True,False,False,False,H,H,0.9956375956535339,True,True,True
controller,validation-000023-2abfe560bdf28a3c-steps-7,7,7,7,True,False,False,False,Q,Q,0.9977877140045166,True,True,True
controller,validation-000023-2abfe560bdf28a3c-steps-8,8,8,8,True,False,False,False,T,T,0.9919792413711548,True,True,True
controller,validation-000023-2abfe560bdf28a3c-steps-9,9,8,8,False,True,False,False,T,P,0.999489426612854,True,False,False
controller,validation-000023-2abfe560bdf28a3c-steps-10,10,10,10,True,False,False,False,X,X,0.9952666759490967,True,True,True
controller,validation-000023-2abfe560bdf28a3c-steps-11,11,12,12,False,False,True,False,O,D,0.9998917579650879,True,False,False
controller,validation-000023-2abfe560bdf28a3c-steps-12,12,12,12,True,False,False,False,O,O,0.9990461468696594,True,True,True
controller,validation-000023-2abfe560bdf28a3c-steps-13,13,13,13,True,False,False,False,M,M,0.9997624754905701,True,True,True
controller,validation-000023-2abfe560bdf28a3c-steps-14,14,12,12,False,True,False,False,O,U,0.9079756140708923,True,False,False
controller,validation-000023-2abfe560bdf28a3c-steps-15,15,12,12,False,True,False,False,O,A,0.9998862743377686,True,False,False
controller,validation-000023-2abfe560bdf28a3c-steps-16,16,12,12,False,True,False,False,O,F,0.9989652633666992,True,False,False
controller,validation-000167-ef04a8a383c2c7cd-steps-1,1,1,1,True,False,False,False,W,W,0.9997252821922302,True,True,True
controller,validation-000167-ef04a8a383c2c7cd-steps-2,2,2,2,True,False,False,False,N,N,0.9987061023712158,True,True,True
controller,validation-000167-ef04a8a383c2c7cd-steps-3,3,3,3,True,False,False,False,R,R,0.9998167157173157,True,True,True
controller,validation-000167-ef04a8a383c2c7cd-steps-4,4,4,4,True,False,False,False,T,T,0.999891996383667,True,True,True
controller,validation-000167-ef04a8a383c2c7cd-steps-5,5,5,5,True,False,False,False,Y,Y,0.9998968839645386,True,True,True
controller,validation-000167-ef04a8a383c2c7cd-steps-6,6,6,6,True,False,False,False,L,L,0.999874472618103,True,True,True
controller,validation-000167-ef04a8a383c2c7cd-steps-7,7,7,7,True,False,False,False,U,U,0.999901533126831,True,True,True
controller,validation-000167-ef04a8a383c2c7cd-steps-8,8,8,8,True,False,False,False,S,S,0.9999202489852905,True,True,True
controller,validation-000167-ef04a8a383c2c7cd-steps-9,9,7,7,False,True,False,False,U,G,0.8173395991325378,True,False,False
controller,validation-000167-ef04a8a383c2c7cd-steps-10,10,10,10,True,False,False,False,Z,Z,0.9998718500137329,True,True,True
controller,validation-000167-ef04a8a383c2c7cd-steps-11,11,11,11,True,False,False,False,C,C,0.9598362445831299,True,True,True
controller,validation-000167-ef04a8a383c2c7cd-steps-12,12,12,12,True,False,False,False,X,X,0.9998925924301147,True,True,True
controller,validation-000167-ef04a8a383c2c7cd-steps-13,13,12,12,False,True,False,False,X,M,0.8211135268211365,True,False,False
controller,validation-000167-ef04a8a383c2c7cd-steps-14,14,12,12,False,True,False,False,X,F,0.9979228377342224,True,False,False
controller,validation-000167-ef04a8a383c2c7cd-steps-15,15,11,11,False,True,False,False,C,J,0.9178116917610168,True,False,False
controller,validation-000167-ef04a8a383c2c7cd-steps-16,16,12,12,False,True,False,False,X,K,0.9999150037765503,True,False,False
controller,validation-000827-f2013414cdd97363-steps-1,1,1,1,True,False,False,False,N,N,0.9991301894187927,True,True,True
controller,validation-000827-f2013414cdd97363-steps-2,2,2,2,True,False,False,False,O,O,0.996658205986023,True,True,True
controller,validation-000827-f2013414cdd97363-steps-3,3,3,3,True,False,False,False,N,N,0.9992881417274475,True,True,True
controller,validation-000827-f2013414cdd97363-steps-4,4,4,4,True,False,False,False,O,O,0.9997947812080383,True,True,True
controller,validation-000827-f2013414cdd97363-steps-5,5,5,5,True,False,False,False,N,N,0.9997979998588562,True,True,True
controller,validation-000827-f2013414cdd97363-steps-6,6,6,6,True,False,False,False,O,O,0.9998824596405029,True,True,True
controller,validation-000827-f2013414cdd97363-steps-7,7,7,7,True,False,False,False,N,N,0.9999257326126099,True,True,True
controller,validation-000827-f2013414cdd97363-steps-8,8,7,7,False,True,False,False,N,O,0.5184252858161926,True,False,False
controller,validation-000827-f2013414cdd97363-steps-9,9,7,7,False,True,False,False,N,N,0.9236850142478943,True,True,False
controller,validation-000827-f2013414cdd97363-steps-10,10,10,10,True,False,False,False,O,O,0.9998506307601929,True,True,True
controller,validation-000827-f2013414cdd97363-steps-11,11,11,11,True,False,False,False,N,N,0.9837896227836609,True,True,True
controller,validation-000827-f2013414cdd97363-steps-12,12,12,12,True,False,False,False,O,O,0.9999396800994873,True,True,True
controller,validation-000827-f2013414cdd97363-steps-13,13,12,12,False,True,False,False,O,N,0.9390580058097839,True,False,False
controller,validation-000827-f2013414cdd97363-steps-14,14,12,12,False,True,False,False,O,O,0.9994632601737976,True,True,False
controller,validation-000827-f2013414cdd97363-steps-15,15,11,11,False,True,False,False,N,N,0.9737811088562012,True,True,False
controller,validation-000827-f2013414cdd97363-steps-16,16,11,11,False,True,False,False,N,O,0.5731058120727539,True,False,False
controller,validation-000455-2b2632918e2ab0a2-steps-1,1,1,1,True,False,False,False,E,E,0.9988539218902588,True,True,True
controller,validation-000455-2b2632918e2ab0a2-steps-2,2,2,2,True,False,False,False,T,T,0.9842295050621033,True,True,True
controller,validation-000455-2b2632918e2ab0a2-steps-3,3,3,3,True,False,False,False,O,O,0.9897183179855347,True,True,True
controller,validation-000455-2b2632918e2ab0a2-steps-4,4,4,4,True,False,False,False,H,H,0.9914022088050842,True,True,True
controller,validation-000455-2b2632918e2ab0a2-steps-5,5,5,5,True,False,False,False,E,E,0.9865736961364746,True,True,True
controller,validation-000455-2b2632918e2ab0a2-steps-6,6,6,6,True,False,False,False,T,T,0.9569282531738281,True,True,True
controller,validation-000455-2b2632918e2ab0a2-steps-7,7,7,7,True,False,False,False,O,O,0.9785797595977783,True,True,True
controller,validation-000455-2b2632918e2ab0a2-steps-8,8,8,8,True,False,False,False,H,H,0.9778940677642822,True,True,True
controller,validation-000455-2b2632918e2ab0a2-steps-9,9,8,8,False,True,False,False,H,E,0.998580813407898,True,False,False
controller,validation-000455-2b2632918e2ab0a2-steps-10,10,10,10,True,False,False,False,T,T,0.9853851199150085,True,True,True
controller,validation-000455-2b2632918e2ab0a2-steps-11,11,12,12,False,False,True,False,H,O,0.9996930360794067,True,False,False
controller,validation-000455-2b2632918e2ab0a2-steps-12,12,12,12,True,False,False,False,H,H,0.995937705039978,True,True,True
controller,validation-000455-2b2632918e2ab0a2-steps-13,13,13,13,True,False,False,False,E,E,0.9992853999137878,True,True,True
controller,validation-000455-2b2632918e2ab0a2-steps-14,14,12,12,False,True,False,False,H,T,0.5421012043952942,True,False,False
controller,validation-000455-2b2632918e2ab0a2-steps-15,15,12,12,False,True,False,False,H,O,0.9995778203010559,True,False,False
controller,validation-000455-2b2632918e2ab0a2-steps-16,16,12,12,False,True,False,False,H,H,0.9953523874282837,True,True,False
controller,validation-001247-444ddb6218ddf1ab-steps-1,1,1,1,True,False,False,False,O,O,0.9970420002937317,True,True,True
controller,validation-001247-444ddb6218ddf1ab-steps-2,2,2,2,True,False,False,False,L,L,0.8821039795875549,True,True,True
controller,validation-001247-444ddb6218ddf1ab-steps-3,3,3,3,True,False,False,False,R,R,0.7644667625427246,True,True,True
controller,validation-001247-444ddb6218ddf1ab-steps-4,4,4,4,True,False,False,False,E,E,0.768852949142456,True,True,True
controller,validation-001247-444ddb6218ddf1ab-steps-5,5,5,5,True,False,False,False,C,C,0.6458770036697388,True,True,True
controller,validation-001247-444ddb6218ddf1ab-steps-6,6,6,6,True,False,False,False,F,F,0.5749076008796692,True,True,True
controller,validation-001247-444ddb6218ddf1ab-steps-7,7,7,7,True,False,False,False,Y,Y,0.6927827000617981,True,True,True
controller,validation-001247-444ddb6218ddf1ab-steps-8,8,8,8,True,False,False,False,J,J,0.843369722366333,True,True,True
controller,validation-001247-444ddb6218ddf1ab-steps-9,9,8,8,False,True,False,False,J,T,0.9918642044067383,True,False,False
controller,validation-001247-444ddb6218ddf1ab-steps-10,10,10,10,True,False,False,False,W,W,0.7715436816215515,True,True,True
controller,validation-001247-444ddb6218ddf1ab-steps-11,11,12,12,False,False,True,False,X,K,0.9984989166259766,True,False,False
controller,validation-001247-444ddb6218ddf1ab-steps-12,12,12,12,True,False,False,False,X,X,0.9607117176055908,True,True,True
controller,validation-001247-444ddb6218ddf1ab-steps-13,13,13,13,True,False,False,False,D,D,0.9972583055496216,True,True,True
controller,validation-001247-444ddb6218ddf1ab-steps-14,14,13,13,False,True,False,False,D,B,0.9998669624328613,True,False,False
controller,validation-001247-444ddb6218ddf1ab-steps-15,15,12,12,False,True,False,False,X,H,0.9985461235046387,True,False,False
controller,validation-001247-444ddb6218ddf1ab-steps-16,16,12,12,False,True,False,False,X,A,0.9682934284210205,True,False,False
controller,validation-001391-56eee894f7650d8e-steps-1,1,1,1,True,False,False,False,N,N,0.9993677735328674,True,True,True
controller,validation-001391-56eee894f7650d8e-steps-2,2,2,2,True,False,False,False,T,T,0.9955068826675415,True,True,True
controller,validation-001391-56eee894f7650d8e-steps-3,3,3,3,True,False,False,False,C,C,0.9991563558578491,True,True,True
controller,validation-001391-56eee894f7650d8e-steps-4,4,4,4,True,False,False,False,L,L,0.9993829727172852,True,True,True
controller,validation-001391-56eee894f7650d8e-steps-5,5,5,5,True,False,False,False,C,C,0.9993391633033752,True,True,True
controller,validation-001391-56eee894f7650d8e-steps-6,6,6,6,True,False,False,False,L,L,0.9991869330406189,True,True,True
controller,validation-001391-56eee894f7650d8e-steps-7,7,7,7,True,False,False,False,C,C,0.9996265172958374,True,True,True
controller,validation-001391-56eee894f7650d8e-steps-8,8,8,8,True,False,False,False,L,L,0.999535083770752,True,True,True
controller,validation-001391-56eee894f7650d8e-steps-9,9,8,8,False,True,False,False,L,C,0.999925971031189,True,False,False
controller,validation-001391-56eee894f7650d8e-steps-10,10,10,10,True,False,False,False,L,L,0.9996635913848877,True,True,True
controller,validation-001391-56eee894f7650d8e-steps-11,11,11,11,True,False,False,False,C,C,0.7852129340171814,True,True,True
controller,validation-001391-56eee894f7650d8e-steps-12,12,12,12,True,False,False,False,L,L,0.9998037219047546,True,True,True
controller,validation-001391-56eee894f7650d8e-steps-13,13,13,13,True,False,False,False,C,C,0.999934196472168,True,True,True
controller,validation-001391-56eee894f7650d8e-steps-14,14,12,12,False,True,False,False,L,L,0.9904272556304932,True,True,False
controller,validation-001391-56eee894f7650d8e-steps-15,15,11,11,False,True,False,False,C,C,0.6969568133354187,True,True,False
controller,validation-001391-56eee894f7650d8e-steps-16,16,12,12,False,True,False,False,L,L,0.9998549222946167,True,True,False
controller,validation-001271-34d7356fcaaddacd-steps-1,1,1,1,True,False,False,False,T,T,0.9995414018630981,True,True,True
controller,validation-001271-34d7356fcaaddacd-steps-2,2,2,2,True,False,False,False,K,K,0.9985204339027405,True,True,True
controller,validation-001271-34d7356fcaaddacd-steps-3,3,3,3,True,False,False,False,O,O,0.9998149275779724,True,True,True
controller,validation-001271-34d7356fcaaddacd-steps-4,4,4,4,True,False,False,False,C,C,0.9999281167984009,True,True,True
controller,validation-001271-34d7356fcaaddacd-steps-5,5,5,5,True,False,False,False,P,P,0.9999481439590454,True,True,True
controller,validation-001271-34d7356fcaaddacd-steps-6,6,5,5,False,True,False,False,P,W,0.5633270740509033,True,False,False
controller,validation-001271-34d7356fcaaddacd-steps-7,7,6,6,False,True,False,False,W,F,0.8751832842826843,True,False,False
controller,validation-001271-34d7356fcaaddacd-steps-8,8,7,7,False,True,False,False,F,M,0.9264308214187622,True,False,False
controller,validation-001271-34d7356fcaaddacd-steps-9,9,7,7,False,True,False,False,F,Q,0.9954493641853333,True,False,False
controller,validation-001271-34d7356fcaaddacd-steps-10,10,9,9,False,True,False,False,Q,V,0.9136099219322205,True,False,False
controller,validation-001271-34d7356fcaaddacd-steps-11,11,11,11,True,False,False,False,A,A,0.9946752786636353,True,True,True
controller,validation-001271-34d7356fcaaddacd-steps-12,12,11,11,False,True,False,False,A,U,0.6952608823776245,True,False,False
controller,validation-001271-34d7356fcaaddacd-steps-13,13,12,12,False,True,False,False,U,E,0.8502490520477295,True,False,False
controller,validation-001271-34d7356fcaaddacd-steps-14,14,12,12,False,True,False,False,U,H,0.9992484450340271,True,False,False
controller,validation-001271-34d7356fcaaddacd-steps-15,15,11,11,False,True,False,False,A,L,0.9924271702766418,True,False,False
controller,validation-001271-34d7356fcaaddacd-steps-16,16,11,11,False,True,False,False,A,N,0.6472336053848267,True,False,False
controller,validation-001307-977a545007683457-steps-1,1,1,1,True,False,False,False,K,K,0.9980267882347107,True,True,True
controller,validation-001307-977a545007683457-steps-2,2,2,2,True,False,False,False,L,L,0.9002993106842041,True,True,True
controller,validation-001307-977a545007683457-steps-3,3,3,3,True,False,False,False,C,C,0.8884879946708679,True,True,True
controller,validation-001307-977a545007683457-steps-4,4,4,4,True,False,False,False,W,W,0.9107849597930908,True,True,True
controller,validation-001307-977a545007683457-steps-5,5,5,5,True,False,False,False,E,E,0.9433007836341858,True,True,True
controller,validation-001307-977a545007683457-steps-6,6,6,6,True,False,False,False,K,K,0.905758798122406,True,True,True
controller,validation-001307-977a545007683457-steps-7,7,7,7,True,False,False,False,L,L,0.98362135887146,True,True,True
controller,validation-001307-977a545007683457-steps-8,8,8,8,True,False,False,False,C,C,0.9912541508674622,True,True,True
controller,validation-001307-977a545007683457-steps-9,9,8,8,False,True,False,False,C,W,0.999157190322876,True,False,False
controller,validation-001307-977a545007683457-steps-10,10,10,10,True,False,False,False,E,E,0.9671046733856201,True,True,True
controller,validation-001307-977a545007683457-steps-11,11,12,12,False,False,True,False,L,K,0.9995774626731873,True,False,False
controller,validation-001307-977a545007683457-steps-12,12,12,12,True,False,False,False,L,L,0.9918043613433838,True,True,True
controller,validation-001307-977a545007683457-steps-13,13,13,13,True,False,False,False,C,C,0.9992734789848328,True,True,True
controller,validation-001307-977a545007683457-steps-14,14,12,12,False,True,False,False,L,W,0.5818169713020325,True,False,False
controller,validation-001307-977a545007683457-steps-15,15,12,12,False,True,False,False,L,E,0.9997256398200989,True,False,False
controller,validation-001307-977a545007683457-steps-16,16,12,12,False,True,False,False,L,K,0.9921443462371826,True,False,False
controller,validation-001127-5f3007a2a286c457-steps-1,1,1,1,True,False,False,False,J,J,0.9994171857833862,True,True,True
controller,validation-001127-5f3007a2a286c457-steps-2,2,2,2,True,False,False,False,C,C,0.9959214925765991,True,True,True
controller,validation-001127-5f3007a2a286c457-steps-3,3,3,3,True,False,False,False,Y,Y,0.9984021782875061,True,True,True
controller,validation-001127-5f3007a2a286c457-steps-4,4,4,4,True,False,False,False,P,P,0.9981316924095154,True,True,True
controller,validation-001127-5f3007a2a286c457-steps-5,5,5,5,True,False,False,False,F,F,0.9943418502807617,True,True,True
controller,validation-001127-5f3007a2a286c457-steps-6,6,6,6,True,False,False,False,U,U,0.9802603125572205,True,True,True
controller,validation-001127-5f3007a2a286c457-steps-7,7,7,7,True,False,False,False,V,V,0.9907616972923279,True,True,True
controller,validation-001127-5f3007a2a286c457-steps-8,8,8,8,True,False,False,False,Q,Q,0.9920563101768494,True,True,True
controller,validation-001127-5f3007a2a286c457-steps-9,9,8,8,False,True,False,False,Q,N,0.9995885491371155,True,False,False
controller,validation-001127-5f3007a2a286c457-steps-10,10,10,10,True,False,False,False,I,I,0.993660032749176,True,True,True
controller,validation-001127-5f3007a2a286c457-steps-11,11,12,12,False,False,True,False,E,L,0.9998995065689087,True,False,False
controller,validation-001127-5f3007a2a286c457-steps-12,12,12,12,True,False,False,False,E,E,0.9990304708480835,True,True,True
controller,validation-001127-5f3007a2a286c457-steps-13,13,13,13,True,False,False,False,B,B,0.9998101592063904,True,True,True
controller,validation-001127-5f3007a2a286c457-steps-14,14,12,12,False,True,False,False,E,R,0.8617951273918152,True,False,False
controller,validation-001127-5f3007a2a286c457-steps-15,15,12,12,False,True,False,False,E,T,0.9998705387115479,True,False,False
controller,validation-001127-5f3007a2a286c457-steps-16,16,12,12,False,True,False,False,E,K,0.999138593673706,True,False,False
controller,validation-000791-25a8107b06322ff2-steps-1,1,1,1,True,False,False,False,X,X,0.9987855553627014,True,True,True
controller,validation-000791-25a8107b06322ff2-steps-2,2,2,2,True,False,False,False,D,D,0.936259925365448,True,True,True
controller,validation-000791-25a8107b06322ff2-steps-3,3,3,3,True,False,False,False,K,G,0.9354537725448608,False,False,False
controller,validation-000791-25a8107b06322ff2-steps-4,4,4,4,True,False,False,False,Q,N,0.9763813614845276,False,False,False
controller,validation-000791-25a8107b06322ff2-steps-5,5,5,5,True,False,False,False,Y,H,0.9659636616706848,False,False,False
controller,validation-000791-25a8107b06322ff2-steps-6,6,6,6,True,False,False,False,B,L,0.97356116771698,False,False,False
controller,validation-000791-25a8107b06322ff2-steps-7,7,7,7,True,False,False,False,X,O,0.9853636622428894,False,False,False
controller,validation-000791-25a8107b06322ff2-steps-8,8,8,8,True,False,False,False,D,U,0.9941675662994385,False,False,False
controller,validation-000791-25a8107b06322ff2-steps-9,9,8,8,False,True,False,False,D,P,0.9992940425872803,False,False,False
controller,validation-000791-25a8107b06322ff2-steps-10,10,10,10,True,False,False,False,N,C,0.996266782283783,False,False,False
controller,validation-000791-25a8107b06322ff2-steps-11,11,12,12,False,False,True,False,L,R,0.9998947381973267,False,False,False
controller,validation-000791-25a8107b06322ff2-steps-12,12,12,12,True,False,False,False,L,S,0.999423623085022,False,False,False
controller,validation-000791-25a8107b06322ff2-steps-13,13,13,13,True,False,False,False,O,V,0.999836802482605,False,False,False
controller,validation-000791-25a8107b06322ff2-steps-14,14,12,12,False,True,False,False,L,I,0.9500716328620911,False,False,False
controller,validation-000791-25a8107b06322ff2-steps-15,15,12,12,False,True,False,False,L,F,0.9999265670776367,False,False,False
controller,validation-000791-25a8107b06322ff2-steps-16,16,12,12,False,True,False,False,L,W,0.9995461106300354,False,False,False
controller,validation-000071-f1cf37317232dd54-steps-1,1,1,1,True,False,False,False,V,V,0.9993095397949219,True,True,True
controller,validation-000071-f1cf37317232dd54-steps-2,2,2,2,True,False,False,False,D,D,0.993802011013031,True,True,True
controller,validation-000071-f1cf37317232dd54-steps-3,3,3,3,True,False,False,False,Y,Y,0.9979088306427002,True,True,True
controller,validation-000071-f1cf37317232dd54-steps-4,4,4,4,True,False,False,False,S,S,0.9978638291358948,True,True,True
controller,validation-000071-f1cf37317232dd54-steps-5,5,5,5,True,False,False,False,K,K,0.9917892217636108,True,True,True
controller,validation-000071-f1cf37317232dd54-steps-6,6,6,6,True,False,False,False,H,H,0.9828819036483765,True,True,True
controller,validation-000071-f1cf37317232dd54-steps-7,7,7,7,True,False,False,False,F,F,0.9917221665382385,True,True,True
controller,validation-000071-f1cf37317232dd54-steps-8,8,8,8,True,False,False,False,X,X,0.9873145818710327,True,True,True
controller,validation-000071-f1cf37317232dd54-steps-9,9,8,8,False,True,False,False,X,J,0.9996127486228943,True,False,False
controller,validation-000071-f1cf37317232dd54-steps-10,10,10,10,True,False,False,False,K,K,0.9960404634475708,True,True,True
controller,validation-000071-f1cf37317232dd54-steps-11,11,12,12,False,False,True,False,F,H,0.9998756647109985,True,False,False
controller,validation-000071-f1cf37317232dd54-steps-12,12,12,12,True,False,False,False,F,F,0.998761773109436,True,True,True
controller,validation-000071-f1cf37317232dd54-steps-13,13,13,13,True,False,False,False,X,X,0.9997469782829285,True,True,True
controller,validation-000071-f1cf37317232dd54-steps-14,14,12,12,False,True,False,False,F,J,0.8321669101715088,True,False,False
controller,validation-000071-f1cf37317232dd54-steps-15,15,12,12,False,True,False,False,F,K,0.9998539686203003,True,False,False
controller,validation-000071-f1cf37317232dd54-steps-16,16,12,12,False,True,False,False,F,H,0.9988083839416504,True,False,False
controller,validation-000731-4393f9c59664fe67-steps-1,1,1,1,True,False,False,False,U,U,0.9987817406654358,True,True,True
controller,validation-000731-4393f9c59664fe67-steps-2,2,2,2,True,False,False,False,W,W,0.9623181223869324,True,True,True
controller,validation-000731-4393f9c59664fe67-steps-3,3,3,3,True,False,False,False,K,K,0.9326850771903992,True,True,True
controller,validation-000731-4393f9c59664fe67-steps-4,4,4,4,True,False,False,False,T,T,0.816257655620575,True,True,True
controller,validation-000731-4393f9c59664fe67-steps-5,5,5,5,True,False,False,False,S,S,0.6442320942878723,True,True,True
controller,validation-000731-4393f9c59664fe67-steps-6,6,7,7,False,False,True,False,V,X,0.9999303817749023,True,False,False
controller,validation-000731-4393f9c59664fe67-steps-7,7,8,8,False,False,True,False,H,V,0.9999165534973145,True,False,False
controller,validation-000731-4393f9c59664fe67-steps-8,8,9,9,False,False,True,False,E,H,0.9999252557754517,True,False,False
controller,validation-000731-4393f9c59664fe67-steps-9,9,8,8,False,True,False,False,H,E,0.9401788115501404,True,False,False
controller,validation-000731-4393f9c59664fe67-steps-10,10,11,11,False,False,True,False,Y,C,0.9999287128448486,True,False,False
controller,validation-000731-4393f9c59664fe67-steps-11,11,12,12,False,False,True,False,O,Y,0.997733473777771,True,False,False
controller,validation-000731-4393f9c59664fe67-steps-12,12,12,12,True,False,False,False,O,O,0.8649916648864746,True,True,True
controller,validation-000731-4393f9c59664fe67-steps-13,13,13,13,True,False,False,False,F,F,0.9958592057228088,True,True,True
controller,validation-000731-4393f9c59664fe67-steps-14,14,13,13,False,True,False,False,F,D,0.9998292922973633,True,False,False
controller,validation-000731-4393f9c59664fe67-steps-15,15,12,12,False,True,False,False,O,Z,0.9961674809455872,True,False,False
controller,validation-000731-4393f9c59664fe67-steps-16,16,12,12,False,True,False,False,O,P,0.9397669434547424,True,False,False
controller,validation-001451-0d9b3dab240a73d9-steps-1,1,1,1,True,False,False,False,G,G,0.9990606904029846,True,True,True
controller,validation-001451-0d9b3dab240a73d9-steps-2,2,2,2,True,False,False,False,M,M,0.9798081517219543,True,True,True
controller,validation-001451-0d9b3dab240a73d9-steps-3,3,3,3,True,False,False,False,Y,Y,0.9797021150588989,True,True,True
controller,validation-001451-0d9b3dab240a73d9-steps-4,4,4,4,True,False,False,False,L,L,0.9699260592460632,True,True,True
controller,validation-001451-0d9b3dab240a73d9-steps-5,5,5,5,True,False,False,False,K,K,0.8413144946098328,True,True,True
controller,validation-001451-0d9b3dab240a73d9-steps-6,6,6,6,True,False,False,False,U,U,0.5134549736976624,True,True,True
controller,validation-001451-0d9b3dab240a73d9-steps-7,7,7,7,True,False,False,False,V,V,0.6130682229995728,True,True,True
controller,validation-001451-0d9b3dab240a73d9-steps-8,8,8,8,True,False,False,False,D,D,0.8372073769569397,True,True,True
controller,validation-001451-0d9b3dab240a73d9-steps-9,9,8,8,False,True,False,False,D,X,0.9674985408782959,True,False,False
controller,validation-001451-0d9b3dab240a73d9-steps-10,10,10,10,True,False,False,False,E,E,0.7395116090774536,True,True,True
controller,validation-001451-0d9b3dab240a73d9-steps-11,11,12,12,False,False,True,False,M,B,0.9981465339660645,True,False,False
controller,validation-001451-0d9b3dab240a73d9-steps-12,12,12,12,True,False,False,False,M,M,0.9175041317939758,True,True,True
controller,validation-001451-0d9b3dab240a73d9-steps-13,13,13,13,True,False,False,False,Y,Y,0.9927300810813904,True,True,True
controller,validation-001451-0d9b3dab240a73d9-steps-14,14,13,13,False,True,False,False,Y,L,0.9998456239700317,True,False,False
controller,validation-001451-0d9b3dab240a73d9-steps-15,15,12,12,False,True,False,False,M,K,0.9989733695983887,True,False,False
controller,validation-001451-0d9b3dab240a73d9-steps-16,16,12,12,False,True,False,False,M,U,0.9650270938873291,True,False,False
controller,validation-000203-8d05d3eccae0a505-steps-1,1,1,1,True,False,False,False,J,J,0.9993830919265747,True,True,True
controller,validation-000203-8d05d3eccae0a505-steps-2,2,2,2,True,False,False,False,J,J,0.994990885257721,True,True,True
controller,validation-000203-8d05d3eccae0a505-steps-3,3,3,3,True,False,False,False,J,J,0.9978925585746765,True,True,True
controller,validation-000203-8d05d3eccae0a505-steps-4,4,4,4,True,False,False,False,J,J,0.9982654452323914,True,True,True
controller,validation-000203-8d05d3eccae0a505-steps-5,5,5,5,True,False,False,False,J,J,0.9975239634513855,True,True,True
controller,validation-000203-8d05d3eccae0a505-steps-6,6,6,6,True,False,False,False,J,J,0.9964972138404846,True,True,True
controller,validation-000203-8d05d3eccae0a505-steps-7,7,7,7,True,False,False,False,J,J,0.9982327222824097,True,True,True
controller,validation-000203-8d05d3eccae0a505-steps-8,8,8,8,True,False,False,False,J,J,0.9988486766815186,True,True,True
controller,validation-000203-8d05d3eccae0a505-steps-9,9,8,8,False,True,False,False,J,J,0.9998206496238708,True,True,False
controller,validation-000203-8d05d3eccae0a505-steps-10,10,10,10,True,False,False,False,J,J,0.9953364729881287,True,True,True
controller,validation-000203-8d05d3eccae0a505-steps-11,11,12,12,False,False,True,False,J,J,0.9998887777328491,True,True,False
controller,validation-000203-8d05d3eccae0a505-steps-12,12,12,12,True,False,False,False,J,J,0.9984982013702393,True,True,True
controller,validation-000203-8d05d3eccae0a505-steps-13,13,13,13,True,False,False,False,J,J,0.9997414946556091,True,True,True
controller,validation-000203-8d05d3eccae0a505-steps-14,14,12,12,False,True,False,False,J,J,0.880657434463501,True,True,False
controller,validation-000203-8d05d3eccae0a505-steps-15,15,12,12,False,True,False,False,J,J,0.9998815059661865,True,True,False
controller,validation-000203-8d05d3eccae0a505-steps-16,16,12,12,False,True,False,False,J,J,0.9993137121200562,True,True,False
controller,validation-000347-2eb9df801e1e63ec-steps-1,1,1,1,True,False,False,False,G,G,0.9995676875114441,True,True,True
controller,validation-000347-2eb9df801e1e63ec-steps-2,2,2,2,True,False,False,False,E,E,0.9950010180473328,True,True,True
controller,validation-000347-2eb9df801e1e63ec-steps-3,3,3,3,True,False,False,False,D,D,0.9983246922492981,True,True,True
controller,validation-000347-2eb9df801e1e63ec-steps-4,4,4,4,True,False,False,False,C,C,0.9994680285453796,True,True,True
controller,validation-000347-2eb9df801e1e63ec-steps-5,5,5,5,True,False,False,False,E,E,0.9994571805000305,True,True,True
controller,validation-000347-2eb9df801e1e63ec-steps-6,6,6,6,True,False,False,False,D,D,0.9995583891868591,True,True,True
controller,validation-000347-2eb9df801e1e63ec-steps-7,7,7,7,True,False,False,False,C,C,0.9997610449790955,True,True,True
controller,validation-000347-2eb9df801e1e63ec-steps-8,8,8,8,True,False,False,False,E,E,0.9998836517333984,True,True,True
controller,validation-000347-2eb9df801e1e63ec-steps-9,9,8,8,False,True,False,False,E,D,0.9999439716339111,True,False,False
controller,validation-000347-2eb9df801e1e63ec-steps-10,10,10,10,True,False,False,False,C,C,0.9998924732208252,True,True,True
controller,validation-000347-2eb9df801e1e63ec-steps-11,11,11,11,True,False,False,False,E,E,0.9236743450164795,True,True,True
controller,validation-000347-2eb9df801e1e63ec-steps-12,12,12,12,True,False,False,False,D,D,0.9999096393585205,True,True,True
controller,validation-000347-2eb9df801e1e63ec-steps-13,13,12,12,False,True,False,False,D,C,0.6835058927536011,True,False,False
controller,validation-000347-2eb9df801e1e63ec-steps-14,14,12,12,False,True,False,False,D,E,0.9983128309249878,True,False,False
controller,validation-000347-2eb9df801e1e63ec-steps-15,15,11,11,False,True,False,False,E,D,0.9783753752708435,True,False,False
controller,validation-000347-2eb9df801e1e63ec-steps-16,16,12,12,False,True,False,False,D,C,0.9999291896820068,True,False,False
controller,validation-001379-bc0ce66067e0cc0b-steps-1,1,1,1,True,False,False,False,C,C,0.9992254972457886,True,True,True
controller,validation-001379-bc0ce66067e0cc0b-steps-2,2,2,2,True,False,False,False,A,A,0.9900287985801697,True,True,True
controller,validation-001379-bc0ce66067e0cc0b-steps-3,3,3,3,True,False,False,False,H,H,0.9932742118835449,True,True,True
controller,validation-001379-bc0ce66067e0cc0b-steps-4,4,4,4,True,False,False,False,L,L,0.996377170085907,True,True,True
controller,validation-001379-bc0ce66067e0cc0b-steps-5,5,5,5,True,False,False,False,I,I,0.9946780204772949,True,True,True
controller,validation-001379-bc0ce66067e0cc0b-steps-6,6,6,6,True,False,False,False,X,X,0.9882446527481079,True,True,True
controller,validation-001379-bc0ce66067e0cc0b-steps-7,7,7,7,True,False,False,False,Q,Q,0.9936686158180237,True,True,True
controller,validation-001379-bc0ce66067e0cc0b-steps-8,8,8,8,True,False,False,False,S,S,0.9944869875907898,True,True,True
controller,validation-001379-bc0ce66067e0cc0b-steps-9,9,8,8,False,True,False,False,S,J,0.9994358420372009,True,False,False
controller,validation-001379-bc0ce66067e0cc0b-steps-10,10,10,10,True,False,False,False,G,G,0.9840468764305115,True,True,True
controller,validation-001379-bc0ce66067e0cc0b-steps-11,11,12,12,False,False,True,False,B,V,0.9997417330741882,True,False,False
controller,validation-001379-bc0ce66067e0cc0b-steps-12,12,12,12,True,False,False,False,B,B,0.9978825449943542,True,True,True
controller,validation-001379-bc0ce66067e0cc0b-steps-13,13,13,13,True,False,False,False,C,C,0.999666690826416,True,True,True
controller,validation-001379-bc0ce66067e0cc0b-steps-14,14,12,12,False,True,False,False,B,A,0.7017635703086853,True,False,False
controller,validation-001379-bc0ce66067e0cc0b-steps-15,15,12,12,False,True,False,False,B,H,0.9997900128364563,True,False,False
controller,validation-001379-bc0ce66067e0cc0b-steps-16,16,12,12,False,True,False,False,B,L,0.9979094862937927,True,False,False
controller,validation-000515-42e2480d7f6675c0-steps-1,1,1,1,True,False,False,False,B,B,0.9991914629936218,True,True,True
controller,validation-000515-42e2480d7f6675c0-steps-2,2,2,2,True,False,False,False,V,V,0.9932645559310913,True,True,True
controller,validation-000515-42e2480d7f6675c0-steps-3,3,3,3,True,False,False,False,K,K,0.9974752068519592,True,True,True
controller,validation-000515-42e2480d7f6675c0-steps-4,4,4,4,True,False,False,False,S,S,0.9975670576095581,True,True,True
controller,validation-000515-42e2480d7f6675c0-steps-5,5,5,5,True,False,False,False,R,R,0.9959896206855774,True,True,True
controller,validation-000515-42e2480d7f6675c0-steps-6,6,6,6,True,False,False,False,M,M,0.9887756109237671,True,True,True
controller,validation-000515-42e2480d7f6675c0-steps-7,7,7,7,True,False,False,False,F,F,0.9968180656433105,True,True,True
controller,validation-000515-42e2480d7f6675c0-steps-8,8,8,8,True,False,False,False,H,H,0.9940359592437744,True,True,True
controller,validation-000515-42e2480d7f6675c0-steps-9,9,8,8,False,True,False,False,H,Z,0.9997058510780334,True,False,False
controller,validation-000515-42e2480d7f6675c0-steps-10,10,10,10,True,False,False,False,B,B,0.9863894581794739,True,True,True
controller,validation-000515-42e2480d7f6675c0-steps-11,11,12,12,False,False,True,False,K,V,0.9998369216918945,True,False,False
controller,validation-000515-42e2480d7f6675c0-steps-12,12,12,12,True,False,False,False,K,K,0.997963547706604,True,True,True
controller,validation-000515-42e2480d7f6675c0-steps-13,13,13,13,True,False,False,False,S,S,0.9997747540473938,True,True,True
controller,validation-000515-42e2480d7f6675c0-steps-14,14,12,12,False,True,False,False,K,R,0.7955566048622131,True,False,False
controller,validation-000515-42e2480d7f6675c0-steps-15,15,12,12,False,True,False,False,K,M,0.9998331069946289,True,False,False
controller,validation-000515-42e2480d7f6675c0-steps-16,16,12,12,False,True,False,False,K,F,0.9981516003608704,True,False,False
controller,validation-001115-49ae36b759545f7f-steps-1,1,1,1,True,False,False,False,W,W,0.9989655017852783,True,True,True
controller,validation-001115-49ae36b759545f7f-steps-2,2,2,2,True,False,False,False,Y,Y,0.9781901836395264,True,True,True
controller,validation-001115-49ae36b759545f7f-steps-3,3,3,3,True,False,False,False,I,I,0.9805920720100403,True,True,True
controller,validation-001115-49ae36b759545f7f-steps-4,4,4,4,True,False,False,False,R,R,0.9039480686187744,True,True,True
controller,validation-001115-49ae36b759545f7f-steps-5,5,5,5,True,False,False,False,Q,Q,0.7092080116271973,True,True,True
controller,validation-001115-49ae36b759545f7f-steps-6,6,7,7,False,False,True,False,U,M,0.9999337196350098,True,False,False
controller,validation-001115-49ae36b759545f7f-steps-7,7,8,8,False,False,True,False,A,U,0.9999191761016846,True,False,False
controller,validation-001115-49ae36b759545f7f-steps-8,8,9,9,False,False,True,False,P,A,0.9999253749847412,True,False,False
controller,validation-001115-49ae36b759545f7f-steps-9,9,8,8,False,True,False,False,A,P,0.9150903820991516,True,False,False
controller,validation-001115-49ae36b759545f7f-steps-10,10,11,11,False,False,True,False,X,F,0.9999195337295532,True,False,False
controller,validation-001115-49ae36b759545f7f-steps-11,11,12,12,False,False,True,False,C,X,0.9897365570068359,True,False,False
controller,validation-001115-49ae36b759545f7f-steps-12,12,12,12,True,False,False,False,C,C,0.5628366470336914,True,True,True
controller,validation-001115-49ae36b759545f7f-steps-13,13,13,13,True,False,False,False,S,S,0.9729359745979309,True,True,True
controller,validation-001115-49ae36b759545f7f-steps-14,14,13,13,False,True,False,False,S,J,0.9993977546691895,True,False,False
controller,validation-001115-49ae36b759545f7f-steps-15,15,12,12,False,True,False,False,C,O,0.9852783679962158,True,False,False
controller,validation-001115-49ae36b759545f7f-steps-16,16,12,12,False,True,False,False,C,G,0.7334131598472595,True,False,False
controller,validation-000623-be05128a685137c7-steps-1,1,1,1,True,False,False,False,S,S,0.9992345571517944,True,True,True
controller,validation-000623-be05128a685137c7-steps-2,2,2,2,True,False,False,False,C,C,0.9942499399185181,True,True,True
controller,validation-000623-be05128a685137c7-steps-3,3,3,3,True,False,False,False,P,P,0.9983916878700256,True,True,True
controller,validation-000623-be05128a685137c7-steps-4,4,4,4,True,False,False,False,X,X,0.9985194802284241,True,True,True
controller,validation-000623-be05128a685137c7-steps-5,5,5,5,True,False,False,False,U,U,0.9987133741378784,True,True,True
controller,validation-000623-be05128a685137c7-steps-6,6,6,6,True,False,False,False,Z,Z,0.9992474317550659,True,True,True
controller,validation-000623-be05128a685137c7-steps-7,7,7,7,True,False,False,False,M,M,0.9994787573814392,True,True,True
controller,validation-000623-be05128a685137c7-steps-8,8,8,8,True,False,False,False,D,D,0.9996925592422485,True,True,True
controller,validation-000623-be05128a685137c7-steps-9,9,8,8,False,True,False,False,D,Y,0.9999421834945679,True,False,False
controller,validation-000623-be05128a685137c7-steps-10,10,10,10,True,False,False,False,T,T,0.9997801184654236,True,True,True
controller,validation-000623-be05128a685137c7-steps-11,11,11,11,True,False,False,False,V,V,0.8718456029891968,True,True,True
controller,validation-000623-be05128a685137c7-steps-12,12,12,12,True,False,False,False,O,O,0.9998341798782349,True,True,True
controller,validation-000623-be05128a685137c7-steps-13,13,12,12,False,True,False,False,O,K,0.6462464928627014,True,False,False
controller,validation-000623-be05128a685137c7-steps-14,14,12,12,False,True,False,False,O,F,0.9963927865028381,True,False,False
controller,validation-000623-be05128a685137c7-steps-15,15,11,11,False,True,False,False,V,E,0.8328359723091125,True,False,False
controller,validation-000623-be05128a685137c7-steps-16,16,12,12,False,True,False,False,O,B,0.9998637437820435,True,False,False
controller,validation-000719-ca05a30da35e7e55-steps-1,1,1,1,True,False,False,False,C,C,0.9994540810585022,True,True,True
controller,validation-000719-ca05a30da35e7e55-steps-2,2,2,2,True,False,False,False,L,L,0.996307373046875,True,True,True
controller,validation-000719-ca05a30da35e7e55-steps-3,3,3,3,True,False,False,False,V,V,0.9992337226867676,True,True,True
controller,validation-000719-ca05a30da35e7e55-steps-4,4,4,4,True,False,False,False,R,R,0.9993709921836853,True,True,True
controller,validation-000719-ca05a30da35e7e55-steps-5,5,5,5,True,False,False,False,P,P,0.9992985725402832,True,True,True
controller,validation-000719-ca05a30da35e7e55-steps-6,6,6,6,True,False,False,False,Q,Q,0.999138593673706,True,True,True
controller,validation-000719-ca05a30da35e7e55-steps-7,7,7,7,True,False,False,False,G,G,0.9996843338012695,True,True,True
controller,validation-000719-ca05a30da35e7e55-steps-8,8,8,8,True,False,False,False,J,J,0.9992192983627319,True,True,True
controller,validation-000719-ca05a30da35e7e55-steps-9,9,8,8,False,True,False,False,J,M,0.9999120235443115,True,False,False
controller,validation-000719-ca05a30da35e7e55-steps-10,10,10,10,True,False,False,False,F,F,0.9993971586227417,True,True,True
controller,validation-000719-ca05a30da35e7e55-steps-11,11,11,11,True,False,False,False,D,D,0.73780357837677,True,True,True
controller,validation-000719-ca05a30da35e7e55-steps-12,12,12,12,True,False,False,False,A,A,0.9996992349624634,True,True,True
controller,validation-000719-ca05a30da35e7e55-steps-13,13,13,13,True,False,False,False,X,X,0.9999064207077026,True,True,True
controller,validation-000719-ca05a30da35e7e55-steps-14,14,12,12,False,True,False,False,A,U,0.9890627264976501,True,False,False
controller,validation-000719-ca05a30da35e7e55-steps-15,15,11,11,False,True,False,False,D,O,0.6135982871055603,True,False,False
controller,validation-000719-ca05a30da35e7e55-steps-16,16,12,12,False,True,False,False,A,E,0.9997716546058655,True,False,False
controller,validation-000815-c33316a41f401a96-steps-1,1,1,1,True,False,False,False,I,I,0.9992076754570007,True,True,True
controller,validation-000815-c33316a41f401a96-steps-2,2,2,2,True,False,False,False,Q,Q,0.9923560619354248,True,True,True
controller,validation-000815-c33316a41f401a96-steps-3,3,3,3,True,False,False,False,X,X,0.995693027973175,True,True,True
controller,validation-000815-c33316a41f401a96-steps-4,4,4,4,True,False,False,False,U,U,0.993018388748169,True,True,True
controller,validation-000815-c33316a41f401a96-steps-5,5,5,5,True,False,False,False,V,V,0.9924582839012146,True,True,True
controller,validation-000815-c33316a41f401a96-steps-6,6,6,6,True,False,False,False,O,O,0.9851070046424866,True,True,True
controller,validation-000815-c33316a41f401a96-steps-7,7,7,7,True,False,False,False,D,D,0.9827524423599243,True,True,True
controller,validation-000815-c33316a41f401a96-steps-8,8,8,8,True,False,False,False,M,M,0.978308379650116,True,True,True
controller,validation-000815-c33316a41f401a96-steps-9,9,8,8,False,True,False,False,M,I,0.998885452747345,True,False,False
controller,validation-000815-c33316a41f401a96-steps-10,10,10,10,True,False,False,False,Q,Q,0.9666314125061035,True,True,True
controller,validation-000815-c33316a41f401a96-steps-11,11,12,12,False,False,True,False,U,X,0.9995266199111938,True,False,False
controller,validation-000815-c33316a41f401a96-steps-12,12,12,12,True,False,False,False,U,U,0.9764419794082642,True,True,True
controller,validation-000815-c33316a41f401a96-steps-13,13,13,13,True,False,False,False,V,V,0.99919193983078,True,True,True
controller,validation-000815-c33316a41f401a96-steps-14,14,13,13,False,True,False,False,V,O,0.9999181032180786,True,False,False
controller,validation-000815-c33316a41f401a96-steps-15,15,12,12,False,True,False,False,U,D,0.9994600415229797,True,False,False
controller,validation-000815-c33316a41f401a96-steps-16,16,12,12,False,True,False,False,U,M,0.9861220717430115,True,False,False
controller,validation-000407-56ac03610bbff5a1-steps-1,1,1,1,True,False,False,False,B,B,0.9995507597923279,True,True,True
controller,validation-000407-56ac03610bbff5a1-steps-2,2,2,2,True,False,False,False,C,C,0.9981277585029602,True,True,True
controller,validation-000407-56ac03610bbff5a1-steps-3,3,3,3,True,False,False,False,X,X,0.9996458292007446,True,True,True
controller,validation-000407-56ac03610bbff5a1-steps-4,4,4,4,True,False,False,False,W,W,0.9998493194580078,True,True,True
controller,validation-000407-56ac03610bbff5a1-steps-5,5,5,5,True,False,False,False,L,L,0.9998875856399536,True,True,True
controller,validation-000407-56ac03610bbff5a1-steps-6,6,6,6,True,False,False,False,Z,Z,0.9998993873596191,True,True,True
controller,validation-000407-56ac03610bbff5a1-steps-7,7,7,7,True,False,False,False,G,G,0.9999364614486694,True,True,True
controller,validation-000407-56ac03610bbff5a1-steps-8,8,8,8,True,False,False,False,V,V,0.9999340772628784,True,True,True
controller,validation-000407-56ac03610bbff5a1-steps-9,9,7,7,False,True,False,False,G,U,0.9424477815628052,True,False,False
controller,validation-000407-56ac03610bbff5a1-steps-10,10,10,10,True,False,False,False,L,L,0.9998810291290283,True,True,True
controller,validation-000407-56ac03610bbff5a1-steps-11,11,11,11,True,False,False,False,Z,Z,0.9336925745010376,True,True,True
controller,validation-000407-56ac03610bbff5a1-steps-12,12,12,12,True,False,False,False,G,G,0.9998960494995117,True,True,True
controller,validation-000407-56ac03610bbff5a1-steps-13,13,12,12,False,True,False,False,G,V,0.7822843790054321,True,False,False
controller,validation-000407-56ac03610bbff5a1-steps-14,14,12,12,False,True,False,False,G,U,0.9985118508338928,True,False,False
controller,validation-000407-56ac03610bbff5a1-steps-15,15,11,11,False,True,False,False,Z,L,0.95490962266922,True,False,False
controller,validation-000407-56ac03610bbff5a1-steps-16,16,12,12,False,True,False,False,G,Z,0.9999064207077026,True,False,False
controller,validation-001103-090f777e061c501f-steps-1,1,1,1,True,False,False,False,O,O,0.999405026435852,True,True,True
controller,validation-001103-090f777e061c501f-steps-2,2,2,2,True,False,False,False,Y,Y,0.9938473105430603,True,True,True
controller,validation-001103-090f777e061c501f-steps-3,3,3,3,True,False,False,False,U,U,0.9982352256774902,True,True,True
controller,validation-001103-090f777e061c501f-steps-4,4,4,4,True,False,False,False,B,B,0.9992581009864807,True,True,True
controller,validation-001103-090f777e061c501f-steps-5,5,5,5,True,False,False,False,Q,Q,0.9996398687362671,True,True,True
controller,validation-001103-090f777e061c501f-steps-6,6,6,6,True,False,False,False,J,J,0.9997667670249939,True,True,True
controller,validation-001103-090f777e061c501f-steps-7,7,7,7,True,False,False,False,M,M,0.9999074935913086,True,True,True
controller,validation-001103-090f777e061c501f-steps-8,8,8,8,True,False,False,False,W,W,0.9999196529388428,True,True,True
controller,validation-001103-090f777e061c501f-steps-9,9,7,7,False,True,False,False,M,P,0.699923574924469,True,False,False
controller,validation-001103-090f777e061c501f-steps-10,10,10,10,True,False,False,False,F,F,0.9999096393585205,True,True,True
controller,validation-001103-090f777e061c501f-steps-11,11,11,11,True,False,False,False,I,I,0.979744553565979,True,True,True
controller,validation-001103-090f777e061c501f-steps-12,12,12,12,True,False,False,False,N,N,0.9999068975448608,True,True,True
controller,validation-001103-090f777e061c501f-steps-13,13,12,12,False,True,False,False,N,A,0.7743531465530396,True,False,False
controller,validation-001103-090f777e061c501f-steps-14,14,12,12,False,True,False,False,N,E,0.9988951086997986,True,False,False
controller,validation-001103-090f777e061c501f-steps-15,15,11,11,False,True,False,False,I,L,0.99098140001297,True,False,False
controller,validation-001103-090f777e061c501f-steps-16,16,12,12,False,True,False,False,N,H,0.9999045133590698,True,False,False
controller,validation-001355-399948b60e04683c-steps-1,1,1,1,True,False,False,False,B,B,0.9996687173843384,True,True,True
controller,validation-001355-399948b60e04683c-steps-2,2,2,2,True,False,False,False,D,D,0.9990981817245483,True,True,True
controller,validation-001355-399948b60e04683c-steps-3,3,3,3,True,False,False,False,C,C,0.9998005032539368,True,True,True
controller,validation-001355-399948b60e04683c-steps-4,4,4,4,True,False,False,False,Y,Y,0.9998745918273926,True,True,True
controller,validation-001355-399948b60e04683c-steps-5,5,5,5,True,False,False,False,L,L,0.9998962879180908,True,True,True
controller,validation-001355-399948b60e04683c-steps-6,6,6,6,True,False,False,False,H,H,0.9999154806137085,True,True,True
controller,validation-001355-399948b60e04683c-steps-7,7,6,6,False,True,False,False,H,A,0.5033836960792542,True,False,False
controller,validation-001355-399948b60e04683c-steps-8,8,8,8,True,False,False,False,R,R,0.9999375343322754,True,True,True
controller,validation-001355-399948b60e04683c-steps-9,9,7,7,False,True,False,False,A,B,0.9643624424934387,True,False,False
controller,validation-001355-399948b60e04683c-steps-10,10,10,10,True,False,False,False,D,D,0.9998914003372192,True,True,True
controller,validation-001355-399948b60e04683c-steps-11,11,11,11,True,False,False,False,C,C,0.6571058630943298,True,True,True
controller,validation-001355-399948b60e04683c-steps-12,12,12,12,True,False,False,False,Y,Y,0.9997784495353699,True,True,True
controller,validation-001355-399948b60e04683c-steps-13,13,13,13,True,False,False,False,L,L,0.9998898506164551,True,True,True
controller,validation-001355-399948b60e04683c-steps-14,14,12,12,False,True,False,False,Y,H,0.9741499423980713,True,False,False
controller,validation-001355-399948b60e04683c-steps-15,15,11,11,False,True,False,False,C,A,0.6776135563850403,True,False,False
controller,validation-001355-399948b60e04683c-steps-16,16,12,12,False,True,False,False,Y,R,0.9998183846473694,True,False,False
controller,validation-000839-0abb4e23a4ccfff3-steps-1,1,1,1,True,False,False,False,T,T,0.9996875524520874,True,True,True
controller,validation-000839-0abb4e23a4ccfff3-steps-2,2,2,2,True,False,False,False,T,T,0.9984146356582642,True,True,True
controller,validation-000839-0abb4e23a4ccfff3-steps-3,3,3,3,True,False,False,False,T,T,0.9994500279426575,True,True,True
controller,validation-000839-0abb4e23a4ccfff3-steps-4,4,4,4,True,False,False,False,T,T,0.9992689490318298,True,True,True
controller,validation-000839-0abb4e23a4ccfff3-steps-5,5,5,5,True,False,False,False,T,T,0.9986898303031921,True,True,True
controller,validation-000839-0abb4e23a4ccfff3-steps-6,6,6,6,True,False,False,False,T,T,0.9957762360572815,True,True,True
controller,validation-000839-0abb4e23a4ccfff3-steps-7,7,7,7,True,False,False,False,T,T,0.9942392110824585,True,True,True
controller,validation-000839-0abb4e23a4ccfff3-steps-8,8,8,8,True,False,False,False,T,T,0.9787044525146484,True,True,True
controller,validation-000839-0abb4e23a4ccfff3-steps-9,9,8,8,False,True,False,False,T,T,0.99912029504776,True,True,False
controller,validation-000839-0abb4e23a4ccfff3-steps-10,10,10,10,True,False,False,False,T,T,0.9385975003242493,True,True,True
controller,validation-000839-0abb4e23a4ccfff3-steps-11,11,12,12,False,False,True,False,T,T,0.9899418950080872,True,True,False
controller,validation-000839-0abb4e23a4ccfff3-steps-12,12,12,12,True,False,False,False,T,T,0.7629227042198181,True,True,True
controller,validation-000839-0abb4e23a4ccfff3-steps-13,13,13,13,True,False,False,False,T,T,0.9017534255981445,True,True,True
controller,validation-000839-0abb4e23a4ccfff3-steps-14,14,13,13,False,True,False,False,T,T,0.9993559718132019,True,True,False
controller,validation-000839-0abb4e23a4ccfff3-steps-15,15,12,12,False,True,False,False,T,T,0.9930388331413269,True,True,False
controller,validation-000839-0abb4e23a4ccfff3-steps-16,16,12,12,False,True,False,False,T,T,0.7577640414237976,True,True,False
controller,validation-000239-5754984db78c8259-steps-1,1,1,1,True,False,False,False,W,W,0.9989160299301147,True,True,True
controller,validation-000239-5754984db78c8259-steps-2,2,2,2,True,False,False,False,U,U,0.9823620915412903,True,True,True
controller,validation-000239-5754984db78c8259-steps-3,3,3,3,True,False,False,False,F,F,0.9952942728996277,True,True,True
controller,validation-000239-5754984db78c8259-steps-4,4,4,4,True,False,False,False,R,R,0.9984427094459534,True,True,True
controller,validation-000239-5754984db78c8259-steps-5,5,5,5,True,False,False,False,P,P,0.998063862323761,True,True,True
controller,validation-000239-5754984db78c8259-steps-6,6,6,6,True,False,False,False,I,I,0.9981550574302673,True,True,True
controller,validation-000239-5754984db78c8259-steps-7,7,7,7,True,False,False,False,Y,Y,0.9988855719566345,True,True,True
controller,validation-000239-5754984db78c8259-steps-8,8,8,8,True,False,False,False,K,K,0.9992157220840454,True,True,True
controller,validation-000239-5754984db78c8259-steps-9,9,8,8,False,True,False,False,K,Z,0.9998416900634766,True,False,False
controller,validation-000239-5754984db78c8259-steps-10,10,10,10,True,False,False,False,O,O,0.9996637105941772,True,True,True
controller,validation-000239-5754984db78c8259-steps-11,11,12,12,False,False,True,False,Z,K,0.9999150037765503,True,False,False
controller,validation-000239-5754984db78c8259-steps-12,12,12,12,True,False,False,False,Z,Z,0.999497652053833,True,True,True
controller,validation-000239-5754984db78c8259-steps-13,13,13,13,True,False,False,False,O,O,0.9997656941413879,True,True,True
controller,validation-000239-5754984db78c8259-steps-14,14,12,12,False,True,False,False,Z,K,0.936084508895874,True,False,False
controller,validation-000239-5754984db78c8259-steps-15,15,11,11,False,True,False,False,K,Z,0.5656795501708984,True,False,False
controller,validation-000239-5754984db78c8259-steps-16,16,12,12,False,True,False,False,Z,O,0.9996414184570312,True,False,False
controller,validation-000935-fbcd1eff2f2b2f3d-steps-1,1,1,1,True,False,False,False,O,O,0.998982846736908,True,True,True
controller,validation-000935-fbcd1eff2f2b2f3d-steps-2,2,2,2,True,False,False,False,H,H,0.9756515622138977,True,True,True
controller,validation-000935-fbcd1eff2f2b2f3d-steps-3,3,3,3,True,False,False,False,C,C,0.9836333394050598,True,True,True
controller,validation-000935-fbcd1eff2f2b2f3d-steps-4,4,4,4,True,False,False,False,Y,Y,0.9949033260345459,True,True,True
controller,validation-000935-fbcd1eff2f2b2f3d-steps-5,5,5,5,True,False,False,False,P,P,0.9954738020896912,True,True,True
controller,validation-000935-fbcd1eff2f2b2f3d-steps-6,6,6,6,True,False,False,False,M,M,0.996624231338501,True,True,True
controller,validation-000935-fbcd1eff2f2b2f3d-steps-7,7,7,7,True,False,False,False,P,P,0.9973815083503723,True,True,True
controller,validation-000935-fbcd1eff2f2b2f3d-steps-8,8,8,8,True,False,False,False,M,M,0.997126042842865,True,True,True
controller,validation-000935-fbcd1eff2f2b2f3d-steps-9,9,8,8,False,True,False,False,M,P,0.9996917247772217,True,False,False
controller,validation-000935-fbcd1eff2f2b2f3d-steps-10,10,10,10,True,False,False,False,M,M,0.986706554889679,True,True,True
controller,validation-000935-fbcd1eff2f2b2f3d-steps-11,11,12,12,False,False,True,False,M,P,0.9996466636657715,True,False,False
controller,validation-000935-fbcd1eff2f2b2f3d-steps-12,12,12,12,True,False,False,False,M,M,0.9903162121772766,True,True,True
controller,validation-000935-fbcd1eff2f2b2f3d-steps-13,13,13,13,True,False,False,False,P,P,0.9986472725868225,True,True,True
controller,validation-000935-fbcd1eff2f2b2f3d-steps-14,14,13,13,False,True,False,False,P,M,0.999931812286377,True,False,False
controller,validation-000935-fbcd1eff2f2b2f3d-steps-15,15,12,12,False,True,False,False,M,P,0.9995371103286743,True,False,False
controller,validation-000935-fbcd1eff2f2b2f3d-steps-16,16,12,12,False,True,False,False,M,M,0.9954622387886047,True,True,False
controller,validation-000563-eb37580fbcb9fb0b-steps-1,1,1,1,True,False,False,False,W,W,0.999150276184082,True,True,True
controller,validation-000563-eb37580fbcb9fb0b-steps-2,2,2,2,True,False,False,False,O,O,0.9934293627738953,True,True,True
controller,validation-000563-eb37580fbcb9fb0b-steps-3,3,3,3,True,False,False,False,B,B,0.9982056617736816,True,True,True
controller,validation-000563-eb37580fbcb9fb0b-steps-4,4,4,4,True,False,False,False,H,H,0.9993263483047485,True,True,True
controller,validation-000563-eb37580fbcb9fb0b-steps-5,5,5,5,True,False,False,False,N,N,0.9993785619735718,True,True,True
controller,validation-000563-eb37580fbcb9fb0b-steps-6,6,6,6,True,False,False,False,X,X,0.9996732473373413,True,True,True
controller,validation-000563-eb37580fbcb9fb0b-steps-7,7,7,7,True,False,False,False,V,V,0.9997386336326599,True,True,True
controller,validation-000563-eb37580fbcb9fb0b-steps-8,8,8,8,True,False,False,False,S,S,0.9997114539146423,True,True,True
controller,validation-000563-eb37580fbcb9fb0b-steps-9,9,8,8,False,True,False,False,S,E,0.9999173879623413,True,False,False
controller,validation-000563-eb37580fbcb9fb0b-steps-10,10,10,10,True,False,False,False,D,D,0.9992520213127136,True,True,True
controller,validation-000563-eb37580fbcb9fb0b-steps-11,11,12,12,False,False,True,False,A,R,0.9998816251754761,True,False,False
controller,validation-000563-eb37580fbcb9fb0b-steps-12,12,12,12,True,False,False,False,A,A,0.999419093132019,True,True,True
controller,validation-000563-eb37580fbcb9fb0b-steps-13,13,13,13,True,False,False,False,J,J,0.9997932314872742,True,True,True
controller,validation-000563-eb37580fbcb9fb0b-steps-14,14,12,12,False,True,False,False,A,T,0.9188716411590576,True,False,False
controller,validation-000563-eb37580fbcb9fb0b-steps-15,15,12,12,False,True,False,False,A,P,0.9999045133590698,True,False,False
controller,validation-000563-eb37580fbcb9fb0b-steps-16,16,12,12,False,True,False,False,A,F,0.9994722008705139,True,False,False
controller,validation-001139-12403ff598264454-steps-1,1,1,1,True,False,False,False,W,W,0.9990646243095398,True,True,True
controller,validation-001139-12403ff598264454-steps-2,2,2,2,True,False,False,False,T,T,0.9901856184005737,True,True,True
controller,validation-001139-12403ff598264454-steps-3,3,3,3,True,False,False,False,C,C,0.9970857501029968,True,True,True
controller,validation-001139-12403ff598264454-steps-4,4,4,4,True,False,False,False,B,B,0.9985811710357666,True,True,True
controller,validation-001139-12403ff598264454-steps-5,5,5,5,True,False,False,False,X,X,0.9988788962364197,True,True,True
controller,validation-001139-12403ff598264454-steps-6,6,6,6,True,False,False,False,V,V,0.998577356338501,True,True,True
controller,validation-001139-12403ff598264454-steps-7,7,7,7,True,False,False,False,R,R,0.9988868832588196,True,True,True
controller,validation-001139-12403ff598264454-steps-8,8,8,8,True,False,False,False,H,H,0.9984673857688904,True,True,True
controller,validation-001139-12403ff598264454-steps-9,9,8,8,False,True,False,False,H,M,0.9997826218605042,False,False,False
controller,validation-001139-12403ff598264454-steps-10,10,10,10,True,False,False,False,P,G,0.9907279014587402,False,False,False
controller,validation-001139-12403ff598264454-steps-11,11,12,12,False,False,True,False,T,U,0.9997579455375671,False,False,False
controller,validation-001139-12403ff598264454-steps-12,12,12,12,True,False,False,False,T,N,0.9968855977058411,False,False,False
controller,validation-001139-12403ff598264454-steps-13,13,13,13,True,False,False,False,C,Z,0.9993962049484253,False,False,False
controller,validation-001139-12403ff598264454-steps-14,14,12,12,False,True,False,False,T,E,0.6167115569114685,False,False,False
controller,validation-001139-12403ff598264454-steps-15,15,12,12,False,True,False,False,T,K,0.9997583031654358,False,False,False
controller,validation-001139-12403ff598264454-steps-16,16,12,12,False,True,False,False,T,J,0.9976959824562073,False,False,False
controller,validation-001163-8c8e5b425050a7d0-steps-1,1,1,1,True,False,False,False,Z,Z,0.9994893074035645,True,True,True
controller,validation-001163-8c8e5b425050a7d0-steps-2,2,2,2,True,False,False,False,X,X,0.9973856806755066,True,True,True
controller,validation-001163-8c8e5b425050a7d0-steps-3,3,3,3,True,False,False,False,G,G,0.9993531107902527,True,True,True
controller,validation-001163-8c8e5b425050a7d0-steps-4,4,4,4,True,False,False,False,C,C,0.9997003078460693,True,True,True
controller,validation-001163-8c8e5b425050a7d0-steps-5,5,5,5,True,False,False,False,I,I,0.999669075012207,True,True,True
controller,validation-001163-8c8e5b425050a7d0-steps-6,6,6,6,True,False,False,False,K,K,0.9995984435081482,True,True,True
controller,validation-001163-8c8e5b425050a7d0-steps-7,7,7,7,True,False,False,False,R,R,0.9997774958610535,True,True,True
controller,validation-001163-8c8e5b425050a7d0-steps-8,8,8,8,True,False,False,False,H,H,0.9998388290405273,True,True,True
controller,validation-001163-8c8e5b425050a7d0-steps-9,9,8,8,False,True,False,False,H,V,0.9999357461929321,True,False,False
controller,validation-001163-8c8e5b425050a7d0-steps-10,10,10,10,True,False,False,False,J,J,0.999823272228241,True,True,True
controller,validation-001163-8c8e5b425050a7d0-steps-11,11,11,11,True,False,False,False,U,U,0.9580932855606079,True,True,True
controller,validation-001163-8c8e5b425050a7d0-steps-12,12,12,12,True,False,False,False,O,O,0.9998795986175537,True,True,True
controller,validation-001163-8c8e5b425050a7d0-steps-13,13,12,12,False,True,False,False,O,Z,0.7078861594200134,True,False,False
controller,validation-001163-8c8e5b425050a7d0-steps-14,14,12,12,False,True,False,False,O,X,0.9977409839630127,True,False,False
controller,validation-001163-8c8e5b425050a7d0-steps-15,15,11,11,False,True,False,False,U,G,0.922247588634491,True,False,False
controller,validation-001163-8c8e5b425050a7d0-steps-16,16,12,12,False,True,False,False,O,C,0.9998936653137207,True,False,False
controller,validation-000851-644635f662fa0124-steps-1,1,1,1,True,False,False,False,I,I,0.9994146823883057,True,True,True
controller,validation-000851-644635f662fa0124-steps-2,2,2,2,True,False,False,False,L,L,0.9973965883255005,True,True,True
controller,validation-000851-644635f662fa0124-steps-3,3,3,3,True,False,False,False,Q,Q,0.9992964267730713,True,True,True
controller,validation-000851-644635f662fa0124-steps-4,4,4,4,True,False,False,False,V,V,0.9997386336326599,True,True,True
controller,validation-000851-644635f662fa0124-steps-5,5,5,5,True,False,False,False,O,O,0.9997209906578064,True,True,True
controller,validation-000851-644635f662fa0124-steps-6,6,6,6,True,False,False,False,F,F,0.9997761845588684,True,True,True
controller,validation-000851-644635f662fa0124-steps-7,7,7,7,True,False,False,False,X,X,0.9998412132263184,True,True,True
controller,validation-000851-644635f662fa0124-steps-8,8,8,8,True,False,False,False,R,R,0.9997958540916443,True,True,True
controller,validation-000851-644635f662fa0124-steps-9,9,7,7,False,True,False,False,X,C,0.5177582502365112,True,False,False
controller,validation-000851-644635f662fa0124-steps-10,10,10,10,True,False,False,False,L,L,0.9998514652252197,True,True,True
controller,validation-000851-644635f662fa0124-steps-11,11,11,11,True,False,False,False,Q,Q,0.8390230536460876,True,True,True
controller,validation-000851-644635f662fa0124-steps-12,12,12,12,True,False,False,False,V,V,0.9998254179954529,True,True,True
controller,validation-000851-644635f662fa0124-steps-13,13,12,12,False,True,False,False,V,O,0.5104626417160034,True,False,False
controller,validation-000851-644635f662fa0124-steps-14,14,12,12,False,True,False,False,V,F,0.9945839047431946,True,False,False
controller,validation-000851-644635f662fa0124-steps-15,15,11,11,False,True,False,False,Q,X,0.7835590243339539,True,False,False
controller,validation-000851-644635f662fa0124-steps-16,16,12,12,False,True,False,False,V,R,0.999854326248169,True,False,False
controller,validation-001319-9eb25b0356a2a3af-steps-1,1,1,1,True,False,False,False,B,B,0.9990583062171936,True,True,True
controller,validation-001319-9eb25b0356a2a3af-steps-2,2,2,2,True,False,False,False,R,R,0.9939289093017578,True,True,True
controller,validation-001319-9eb25b0356a2a3af-steps-3,3,3,3,True,False,False,False,J,J,0.9988824725151062,True,True,True
controller,validation-001319-9eb25b0356a2a3af-steps-4,4,4,4,True,False,False,False,W,W,0.9996065497398376,True,True,True
controller,validation-001319-9eb25b0356a2a3af-steps-5,5,5,5,True,False,False,False,G,G,0.9997662901878357,True,True,True
controller,validation-001319-9eb25b0356a2a3af-steps-6,6,6,6,True,False,False,False,H,H,0.9997853636741638,True,True,True
controller,validation-001319-9eb25b0356a2a3af-steps-7,7,7,7,True,False,False,False,U,U,0.9999003410339355,True,True,True
controller,validation-001319-9eb25b0356a2a3af-steps-8,8,8,8,True,False,False,False,O,O,0.9999184608459473,True,True,True
controller,validation-001319-9eb25b0356a2a3af-steps-9,9,7,7,False,True,False,False,U,Y,0.8103975057601929,True,False,False
controller,validation-001319-9eb25b0356a2a3af-steps-10,10,10,10,True,False,False,False,A,A,0.9998406171798706,True,True,True
controller,validation-001319-9eb25b0356a2a3af-steps-11,11,11,11,True,False,False,False,I,I,0.7689027190208435,True,True,True
controller,validation-001319-9eb25b0356a2a3af-steps-12,12,12,12,True,False,False,False,D,D,0.9997368454933167,True,True,True
controller,validation-001319-9eb25b0356a2a3af-steps-13,13,13,13,True,False,False,False,X,X,0.9998712539672852,True,True,True
controller,validation-001319-9eb25b0356a2a3af-steps-14,14,12,12,False,True,False,False,D,S,0.9810450077056885,True,False,False
controller,validation-001319-9eb25b0356a2a3af-steps-15,15,11,11,False,True,False,False,I,Q,0.7850522994995117,True,False,False
controller,validation-001319-9eb25b0356a2a3af-steps-16,16,12,12,False,True,False,False,D,E,0.9997348189353943,True,False,False
controller,validation-000767-6214b464787f36df-steps-1,1,1,1,True,False,False,False,B,B,0.9995343685150146,True,True,True
controller,validation-000767-6214b464787f36df-steps-2,2,2,2,True,False,False,False,Y,Y,0.9961448907852173,True,True,True
controller,validation-000767-6214b464787f36df-steps-3,3,3,3,True,False,False,False,J,J,0.9991106390953064,True,True,True
controller,validation-000767-6214b464787f36df-steps-4,4,4,4,True,False,False,False,Z,Z,0.9994950294494629,True,True,True
controller,validation-000767-6214b464787f36df-steps-5,5,5,5,True,False,False,False,R,R,0.9994358420372009,True,True,True
controller,validation-000767-6214b464787f36df-steps-6,6,6,6,True,False,False,False,T,T,0.9992986917495728,True,True,True
controller,validation-000767-6214b464787f36df-steps-7,7,7,7,True,False,False,False,F,F,0.9995019435882568,True,True,True
controller,validation-000767-6214b464787f36df-steps-8,8,8,8,True,False,False,False,I,I,0.9995248317718506,True,True,True
controller,validation-000767-6214b464787f36df-steps-9,9,8,8,False,True,False,False,I,S,0.9999178647994995,True,False,False
controller,validation-000767-6214b464787f36df-steps-10,10,10,10,True,False,False,False,E,E,0.9996273517608643,True,True,True
controller,validation-000767-6214b464787f36df-steps-11,11,11,11,True,False,False,False,P,P,0.8341755867004395,True,True,True
controller,validation-000767-6214b464787f36df-steps-12,12,12,12,True,False,False,False,D,D,0.9998170733451843,True,True,True
controller,validation-000767-6214b464787f36df-steps-13,13,12,12,False,True,False,False,D,M,0.5803846716880798,True,False,False
controller,validation-000767-6214b464787f36df-steps-14,14,12,12,False,True,False,False,D,X,0.991818904876709,True,False,False
controller,validation-000767-6214b464787f36df-steps-15,15,11,11,False,True,False,False,P,B,0.7092597484588623,True,False,False
controller,validation-000767-6214b464787f36df-steps-16,16,12,12,False,True,False,False,D,Y,0.9998706579208374,True,False,False
controller,validation-000707-23169932d9fe3f5b-steps-1,1,1,1,True,False,False,False,M,M,0.9995002746582031,True,True,True
controller,validation-000707-23169932d9fe3f5b-steps-2,2,2,2,True,False,False,False,B,B,0.9970531463623047,True,True,True
controller,validation-000707-23169932d9fe3f5b-steps-3,3,3,3,True,False,False,False,Q,Q,0.9995716214179993,True,True,True
controller,validation-000707-23169932d9fe3f5b-steps-4,4,4,4,True,False,False,False,J,J,0.9998183846473694,True,True,True
controller,validation-000707-23169932d9fe3f5b-steps-5,5,5,5,True,False,False,False,H,H,0.9998672008514404,True,True,True
controller,validation-000707-23169932d9fe3f5b-steps-6,6,6,6,True,False,False,False,X,X,0.9998782873153687,True,True,True
controller,validation-000707-23169932d9fe3f5b-steps-7,7,7,7,True,False,False,False,Y,Y,0.9999427795410156,True,True,True
controller,validation-000707-23169932d9fe3f5b-steps-8,8,8,8,True,False,False,False,G,G,0.9999401569366455,True,True,True
controller,validation-000707-23169932d9fe3f5b-steps-9,9,7,7,False,True,False,False,Y,T,0.9570239782333374,True,False,False
controller,validation-000707-23169932d9fe3f5b-steps-10,10,10,10,True,False,False,False,K,K,0.9999192953109741,True,True,True
controller,validation-000707-23169932d9fe3f5b-steps-11,11,11,11,True,False,False,False,C,C,0.9688147902488708,True,True,True
controller,validation-000707-23169932d9fe3f5b-steps-12,12,12,12,True,False,False,False,U,U,0.9999133348464966,True,True,True
controller,validation-000707-23169932d9fe3f5b-steps-13,13,12,12,False,True,False,False,U,R,0.7652913928031921,True,False,False
controller,validation-000707-23169932d9fe3f5b-steps-14,14,12,12,False,True,False,False,U,F,0.998166024684906,True,False,False
controller,validation-000707-23169932d9fe3f5b-steps-15,15,11,11,False,True,False,False,C,V,0.9633417129516602,True,False,False
controller,validation-000707-23169932d9fe3f5b-steps-16,16,12,12,False,True,False,False,U,A,0.9999151229858398,True,False,False
controller,validation-000311-d8c5b2900ecf8e95-steps-1,1,1,1,True,False,False,False,Q,Q,0.9993295669555664,True,True,True
controller,validation-000311-d8c5b2900ecf8e95-steps-2,2,2,2,True,False,False,False,D,D,0.9958213567733765,True,True,True
controller,validation-000311-d8c5b2900ecf8e95-steps-3,3,3,3,True,False,False,False,Y,Y,0.9992007613182068,True,True,True
controller,validation-000311-d8c5b2900ecf8e95-steps-4,4,4,4,True,False,False,False,Z,Z,0.9997546076774597,True,True,True
controller,validation-000311-d8c5b2900ecf8e95-steps-5,5,5,5,True,False,False,False,F,F,0.999828577041626,True,True,True
controller,validation-000311-d8c5b2900ecf8e95-steps-6,6,6,6,True,False,False,False,V,V,0.9998559951782227,True,True,True
controller,validation-000311-d8c5b2900ecf8e95-steps-7,7,7,7,True,False,False,False,H,H,0.9999125003814697,True,True,True
controller,validation-000311-d8c5b2900ecf8e95-steps-8,8,8,8,True,False,False,False,L,L,0.9999371767044067,True,True,True
controller,validation-000311-d8c5b2900ecf8e95-steps-9,9,7,7,False,True,False,False,H,U,0.9367904663085938,True,False,False
controller,validation-000311-d8c5b2900ecf8e95-steps-10,10,10,10,True,False,False,False,J,J,0.9998906850814819,True,True,True
controller,validation-000311-d8c5b2900ecf8e95-steps-11,11,11,11,True,False,False,False,N,N,0.9701171517372131,True,True,True
controller,validation-000311-d8c5b2900ecf8e95-steps-12,12,12,12,True,False,False,False,E,E,0.9999372959136963,True,True,True
controller,validation-000311-d8c5b2900ecf8e95-steps-13,13,12,12,False,True,False,False,E,G,0.9289994835853577,True,False,False
controller,validation-000311-d8c5b2900ecf8e95-steps-14,14,12,12,False,True,False,False,E,B,0.9994038343429565,True,False,False
controller,validation-000311-d8c5b2900ecf8e95-steps-15,15,11,11,False,True,False,False,N,S,0.9684943556785583,True,False,False
controller,validation-000311-d8c5b2900ecf8e95-steps-16,16,12,12,False,True,False,False,E,R,0.999940037727356,True,False,False
controller,validation-001283-819d178b5c86fb52-steps-1,1,1,1,True,False,False,False,I,I,0.9995508790016174,True,True,True
controller,validation-001283-819d178b5c86fb52-steps-2,2,2,2,True,False,False,False,F,F,0.9951812624931335,True,True,True
controller,validation-001283-819d178b5c86fb52-steps-3,3,3,3,True,False,False,False,S,S,0.9990450739860535,True,True,True
controller,validation-001283-819d178b5c86fb52-steps-4,4,4,4,True,False,False,False,X,X,0.9986252784729004,True,True,True
controller,validation-001283-819d178b5c86fb52-steps-5,5,5,5,True,False,False,False,I,I,0.9982325434684753,True,True,True
controller,validation-001283-819d178b5c86fb52-steps-6,6,6,6,True,False,False,False,F,F,0.9968070983886719,True,True,True
controller,validation-001283-819d178b5c86fb52-steps-7,7,7,7,True,False,False,False,S,S,0.9990746974945068,True,True,True
controller,validation-001283-819d178b5c86fb52-steps-8,8,8,8,True,False,False,False,X,X,0.9975650310516357,True,True,True
controller,validation-001283-819d178b5c86fb52-steps-9,9,8,8,False,True,False,False,X,I,0.9998136162757874,True,False,False
controller,validation-001283-819d178b5c86fb52-steps-10,10,10,10,True,False,False,False,F,F,0.9996150732040405,True,True,True
controller,validation-001283-819d178b5c86fb52-steps-11,11,11,11,True,False,False,False,S,S,0.771087110042572,True,True,True
controller,validation-001283-819d178b5c86fb52-steps-12,12,12,12,True,False,False,False,X,X,0.9997468590736389,True,True,True
controller,validation-001283-819d178b5c86fb52-steps-13,13,13,13,True,False,False,False,I,I,0.9999289512634277,True,True,True
controller,validation-001283-819d178b5c86fb52-steps-14,14,12,12,False,True,False,False,X,F,0.9889983534812927,True,False,False
controller,validation-001283-819d178b5c86fb52-steps-15,15,11,11,False,True,False,False,S,S,0.7250806093215942,True,True,False
controller,validation-001283-819d178b5c86fb52-steps-16,16,12,12,False,True,False,False,X,X,0.9997768998146057,True,True,False
controller,validation-000491-8b5d953bfd7abfef-steps-1,1,1,1,True,False,False,False,C,C,0.9995529055595398,True,True,True
controller,validation-000491-8b5d953bfd7abfef-steps-2,2,2,2,True,False,False,False,Y,Y,0.9969845414161682,True,True,True
controller,validation-000491-8b5d953bfd7abfef-steps-3,3,3,3,True,False,False,False,X,X,0.9991254210472107,True,True,True
controller,validation-000491-8b5d953bfd7abfef-steps-4,4,4,4,True,False,False,False,N,N,0.9993041753768921,True,True,True
controller,validation-000491-8b5d953bfd7abfef-steps-5,5,5,5,True,False,False,False,C,C,0.9996539354324341,True,True,True
controller,validation-000491-8b5d953bfd7abfef-steps-6,6,6,6,True,False,False,False,Y,Y,0.9997714161872864,True,True,True
controller,validation-000491-8b5d953bfd7abfef-steps-7,7,7,7,True,False,False,False,X,X,0.9998520612716675,True,True,True
controller,validation-000491-8b5d953bfd7abfef-steps-8,8,8,8,True,False,False,False,N,N,0.9998160004615784,True,True,True
controller,validation-000491-8b5d953bfd7abfef-steps-9,9,7,7,False,True,False,False,X,C,0.6596647500991821,True,False,False
controller,validation-000491-8b5d953bfd7abfef-steps-10,10,10,10,True,False,False,False,Y,Y,0.9998583793640137,True,True,True
controller,validation-000491-8b5d953bfd7abfef-steps-11,11,11,11,True,False,False,False,X,X,0.9293527007102966,True,True,True
controller,validation-000491-8b5d953bfd7abfef-steps-12,12,12,12,True,False,False,False,N,N,0.9998819828033447,True,True,True
controller,validation-000491-8b5d953bfd7abfef-steps-13,13,12,12,False,True,False,False,N,C,0.7989212274551392,True,False,False
controller,validation-000491-8b5d953bfd7abfef-steps-14,14,12,12,False,True,False,False,N,Y,0.99793541431427,True,False,False
controller,validation-000491-8b5d953bfd7abfef-steps-15,15,11,11,False,True,False,False,X,X,0.9185112714767456,True,True,False
controller,validation-000491-8b5d953bfd7abfef-steps-16,16,12,12,False,True,False,False,N,N,0.9998958110809326,True,True,False
controller,validation-001019-b39ee6adadcb67a4-steps-1,1,1,1,True,False,False,False,F,F,0.9993927478790283,True,True,True
controller,validation-001019-b39ee6adadcb67a4-steps-2,2,2,2,True,False,False,False,Z,Z,0.997559666633606,True,True,True
controller,validation-001019-b39ee6adadcb67a4-steps-3,3,3,3,True,False,False,False,W,W,0.9996594190597534,True,True,True
controller,validation-001019-b39ee6adadcb67a4-steps-4,4,4,4,True,False,False,False,H,H,0.9998898506164551,True,True,True
controller,validation-001019-b39ee6adadcb67a4-steps-5,5,5,5,True,False,False,False,W,W,0.9999333620071411,True,True,True
controller,validation-001019-b39ee6adadcb67a4-steps-6,6,5,5,False,True,False,False,W,H,0.6848524808883667,True,False,False
controller,validation-001019-b39ee6adadcb67a4-steps-7,7,6,6,False,True,False,False,H,W,0.9132010340690613,True,False,False
controller,validation-001019-b39ee6adadcb67a4-steps-8,8,7,7,False,True,False,False,W,H,0.9557396173477173,True,False,False
controller,validation-001019-b39ee6adadcb67a4-steps-9,9,7,7,False,True,False,False,W,W,0.9979105591773987,True,True,False
controller,validation-001019-b39ee6adadcb67a4-steps-10,10,9,9,False,True,False,False,W,H,0.8218201994895935,True,False,False
controller,validation-001019-b39ee6adadcb67a4-steps-11,11,11,11,True,False,False,False,W,W,0.9988184571266174,True,True,True
controller,validation-001019-b39ee6adadcb67a4-steps-12,12,11,11,False,True,False,False,W,H,0.8839350342750549,True,False,False
controller,validation-001019-b39ee6adadcb67a4-steps-13,13,12,12,False,True,False,False,H,W,0.9924227595329285,True,False,False
controller,validation-001019-b39ee6adadcb67a4-steps-14,14,12,12,False,True,False,False,H,H,0.9997900128364563,True,True,False
controller,validation-001019-b39ee6adadcb67a4-steps-15,15,11,11,False,True,False,False,W,W,0.997277557849884,True,True,False
controller,validation-001019-b39ee6adadcb67a4-steps-16,16,11,11,False,True,False,False,W,H,0.9546982645988464,True,False,False
controller,validation-000803-fb00c05a7398531f-steps-1,1,1,1,True,False,False,False,A,A,0.9995823502540588,True,True,True
controller,validation-000803-fb00c05a7398531f-steps-2,2,2,2,True,False,False,False,O,O,0.9954686164855957,True,True,True
controller,validation-000803-fb00c05a7398531f-steps-3,3,3,3,True,False,False,False,H,H,0.9985284805297852,True,True,True
controller,validation-000803-fb00c05a7398531f-steps-4,4,4,4,True,False,False,False,G,G,0.9982168078422546,True,True,True
controller,validation-000803-fb00c05a7398531f-steps-5,5,5,5,True,False,False,False,R,R,0.9960991144180298,True,True,True
controller,validation-000803-fb00c05a7398531f-steps-6,6,6,6,True,False,False,False,X,X,0.9787920713424683,True,True,True
controller,validation-000803-fb00c05a7398531f-steps-7,7,7,7,True,False,False,False,T,T,0.9811584949493408,True,True,True
controller,validation-000803-fb00c05a7398531f-steps-8,8,8,8,True,False,False,False,L,L,0.9628257751464844,True,True,True
controller,validation-000803-fb00c05a7398531f-steps-9,9,8,8,False,True,False,False,L,M,0.9979987740516663,True,False,False
controller,validation-000803-fb00c05a7398531f-steps-10,10,10,10,True,False,False,False,F,F,0.9984856247901917,True,True,True
controller,validation-000803-fb00c05a7398531f-steps-11,11,12,12,False,False,True,False,Q,N,0.9999234676361084,True,False,False
controller,validation-000803-fb00c05a7398531f-steps-12,12,12,12,True,False,False,False,Q,Q,0.9994493126869202,True,True,True
controller,validation-000803-fb00c05a7398531f-steps-13,13,13,13,True,False,False,False,W,W,0.9998865127563477,True,True,True
controller,validation-000803-fb00c05a7398531f-steps-14,14,12,12,False,True,False,False,Q,U,0.9479153156280518,True,False,False
controller,validation-000803-fb00c05a7398531f-steps-15,15,12,12,False,True,False,False,Q,E,0.9999167919158936,True,False,False
controller,validation-000803-fb00c05a7398531f-steps-16,16,12,12,False,True,False,False,Q,V,0.9995855689048767,True,False,False
controller,validation-000011-35f4910e59898b9f-steps-1,1,1,1,True,False,False,False,Z,Z,0.9994514584541321,True,True,True
controller,validation-000011-35f4910e59898b9f-steps-2,2,2,2,True,False,False,False,M,M,0.9958564639091492,True,True,True
controller,validation-000011-35f4910e59898b9f-steps-3,3,3,3,True,False,False,False,F,F,0.997073769569397,True,True,True
controller,validation-000011-35f4910e59898b9f-steps-4,4,4,4,True,False,False,False,G,G,0.9971215128898621,True,True,True
controller,validation-000011-35f4910e59898b9f-steps-5,5,5,5,True,False,False,False,T,T,0.9920876622200012,True,True,True
controller,validation-000011-35f4910e59898b9f-steps-6,6,6,6,True,False,False,False,H,H,0.9951190948486328,True,True,True
controller,validation-000011-35f4910e59898b9f-steps-7,7,7,7,True,False,False,False,I,I,0.9949457049369812,True,True,True
controller,validation-000011-35f4910e59898b9f-steps-8,8,8,8,True,False,False,False,A,A,0.9827296733856201,True,True,True
controller,validation-000011-35f4910e59898b9f-steps-9,9,8,8,False,True,False,False,A,M,0.9993188381195068,True,False,False
controller,validation-000011-35f4910e59898b9f-steps-10,10,10,10,True,False,False,False,F,F,0.9974289536476135,True,True,True
controller,validation-000011-35f4910e59898b9f-steps-11,11,12,12,False,False,True,False,T,G,0.9997929930686951,True,False,False
controller,validation-000011-35f4910e59898b9f-steps-12,12,12,12,True,False,False,False,T,T,0.9981385469436646,True,True,True
controller,validation-000011-35f4910e59898b9f-steps-13,13,13,13,True,False,False,False,H,H,0.9996763467788696,True,True,True
controller,validation-000011-35f4910e59898b9f-steps-14,14,12,12,False,True,False,False,T,I,0.7862752079963684,True,False,False
controller,validation-000011-35f4910e59898b9f-steps-15,15,12,12,False,True,False,False,T,A,0.9998039603233337,True,False,False
controller,validation-000011-35f4910e59898b9f-steps-16,16,12,12,False,True,False,False,T,M,0.9989880919456482,True,False,False
controller,validation-000755-4754f22067ad7fbb-steps-1,1,1,1,True,False,False,False,X,X,0.9979878664016724,True,True,True
controller,validation-000755-4754f22067ad7fbb-steps-2,2,2,2,True,False,False,False,O,O,0.9523398876190186,True,True,True
controller,validation-000755-4754f22067ad7fbb-steps-3,3,3,3,True,False,False,False,N,N,0.9208269119262695,True,True,True
controller,validation-000755-4754f22067ad7fbb-steps-4,4,4,4,True,False,False,False,R,R,0.9296146035194397,True,True,True
controller,validation-000755-4754f22067ad7fbb-steps-5,5,5,5,True,False,False,False,E,E,0.9537995457649231,True,True,True
controller,validation-000755-4754f22067ad7fbb-steps-6,6,6,6,True,False,False,False,U,U,0.930401623249054,True,True,True
controller,validation-000755-4754f22067ad7fbb-steps-7,7,7,7,True,False,False,False,W,W,0.9908297061920166,True,True,True
controller,validation-000755-4754f22067ad7fbb-steps-8,8,8,8,True,False,False,False,S,S,0.9939450621604919,True,True,True
controller,validation-000755-4754f22067ad7fbb-steps-9,9,8,8,False,True,False,False,S,B,0.9995360374450684,True,False,False
controller,validation-000755-4754f22067ad7fbb-steps-10,10,10,10,True,False,False,False,I,I,0.9783304333686829,True,True,True
controller,validation-000755-4754f22067ad7fbb-steps-11,11,12,12,False,False,True,False,J,K,0.9997753500938416,True,False,False
controller,validation-000755-4754f22067ad7fbb-steps-12,12,12,12,True,False,False,False,J,J,0.9970689415931702,True,True,True
controller,validation-000755-4754f22067ad7fbb-steps-13,13,13,13,True,False,False,False,P,P,0.9996609687805176,True,True,True
controller,validation-000755-4754f22067ad7fbb-steps-14,14,12,12,False,True,False,False,J,C,0.674609899520874,True,False,False
controller,validation-000755-4754f22067ad7fbb-steps-15,15,12,12,False,True,False,False,J,V,0.9997319579124451,True,False,False
controller,validation-000755-4754f22067ad7fbb-steps-16,16,12,12,False,True,False,False,J,F,0.9974915981292725,True,False,False
controller,validation-000059-947c2e4edc95e6b9-steps-1,1,1,1,True,False,False,False,M,M,0.9993001222610474,True,True,True
controller,validation-000059-947c2e4edc95e6b9-steps-2,2,2,2,True,False,False,False,H,H,0.9930631518363953,True,True,True
controller,validation-000059-947c2e4edc95e6b9-steps-3,3,3,3,True,False,False,False,Y,Y,0.9983793497085571,True,True,True
controller,validation-000059-947c2e4edc95e6b9-steps-4,4,4,4,True,False,False,False,U,U,0.9991318583488464,True,True,True
controller,validation-000059-947c2e4edc95e6b9-steps-5,5,5,5,True,False,False,False,J,J,0.9996035695075989,True,True,True
controller,validation-000059-947c2e4edc95e6b9-steps-6,6,6,6,True,False,False,False,E,E,0.99955815076828,True,True,True
controller,validation-000059-947c2e4edc95e6b9-steps-7,7,7,7,True,False,False,False,S,S,0.9998387098312378,True,True,True
controller,validation-000059-947c2e4edc95e6b9-steps-8,8,8,8,True,False,False,False,R,R,0.9996947050094604,True,True,True
controller,validation-000059-947c2e4edc95e6b9-steps-9,9,8,8,False,True,False,False,R,I,0.9999449253082275,True,False,False
controller,validation-000059-947c2e4edc95e6b9-steps-10,10,10,10,True,False,False,False,B,B,0.9998396635055542,True,True,True
controller,validation-000059-947c2e4edc95e6b9-steps-11,11,11,11,True,False,False,False,V,V,0.9257218241691589,True,True,True
controller,validation-000059-947c2e4edc95e6b9-steps-12,12,12,12,True,False,False,False,D,D,0.9998643398284912,True,True,True
controller,validation-000059-947c2e4edc95e6b9-steps-13,13,12,12,False,True,False,False,D,T,0.6074002385139465,True,False,False
controller,validation-000059-947c2e4edc95e6b9-steps-14,14,12,12,False,True,False,False,D,Z,0.9957807064056396,True,False,False
controller,validation-000059-947c2e4edc95e6b9-steps-15,15,11,11,False,True,False,False,V,X,0.8361223340034485,True,False,False
controller,validation-000059-947c2e4edc95e6b9-steps-16,16,12,12,False,True,False,False,D,N,0.9998356103897095,True,False,False
controller,validation-001199-1331e3b222f63ed2-steps-1,1,1,1,True,False,False,False,G,G,0.9997346997261047,True,True,True
controller,validation-001199-1331e3b222f63ed2-steps-2,2,2,2,True,False,False,False,X,X,0.9991163611412048,True,True,True
controller,validation-001199-1331e3b222f63ed2-steps-3,3,3,3,True,False,False,False,R,R,0.9998014569282532,True,True,True
controller,validation-001199-1331e3b222f63ed2-steps-4,4,4,4,True,False,False,False,G,G,0.9998736381530762,True,True,True
controller,validation-001199-1331e3b222f63ed2-steps-5,5,5,5,True,False,False,False,X,X,0.999826967716217,True,True,True
controller,validation-001199-1331e3b222f63ed2-steps-6,6,6,6,True,False,False,False,R,R,0.9998304843902588,True,True,True
controller,validation-001199-1331e3b222f63ed2-steps-7,7,7,7,True,False,False,False,G,G,0.9998551607131958,True,True,True
controller,validation-001199-1331e3b222f63ed2-steps-8,8,8,8,True,False,False,False,X,X,0.999789297580719,True,True,True
controller,validation-001199-1331e3b222f63ed2-steps-9,9,7,7,False,True,False,False,G,R,0.5710723996162415,True,False,False
controller,validation-001199-1331e3b222f63ed2-steps-10,10,10,10,True,False,False,False,G,G,0.9994864463806152,True,True,True
controller,validation-001199-1331e3b222f63ed2-steps-11,11,12,12,False,False,True,False,R,X,0.999902606010437,True,False,False
controller,validation-001199-1331e3b222f63ed2-steps-12,12,12,12,True,False,False,False,R,R,0.998637855052948,True,True,True
controller,validation-001199-1331e3b222f63ed2-steps-13,13,13,13,True,False,False,False,G,G,0.9996912479400635,True,True,True
controller,validation-001199-1331e3b222f63ed2-steps-14,14,12,12,False,True,False,False,R,X,0.8185417056083679,True,False,False
controller,validation-001199-1331e3b222f63ed2-steps-15,15,12,12,False,True,False,False,R,R,0.9998855590820312,True,True,False
controller,validation-001199-1331e3b222f63ed2-steps-16,16,12,12,False,True,False,False,R,G,0.9993457198143005,True,False,False
controller,validation-001403-e1ecd05e0a438517-steps-1,1,1,1,True,False,False,False,R,R,0.9962248802185059,True,True,True
controller,validation-001403-e1ecd05e0a438517-steps-2,2,2,2,True,False,False,False,Y,Y,0.7935751080513,True,True,True
controller,validation-001403-e1ecd05e0a438517-steps-3,3,3,3,True,False,False,False,F,F,0.7306879162788391,True,True,True
controller,validation-001403-e1ecd05e0a438517-steps-4,4,4,4,True,False,False,False,M,M,0.8524025678634644,True,True,True
controller,validation-001403-e1ecd05e0a438517-steps-5,5,5,5,True,False,False,False,T,T,0.7620066404342651,True,True,True
controller,validation-001403-e1ecd05e0a438517-steps-6,6,6,6,True,False,False,False,E,E,0.7331759929656982,True,True,True
controller,validation-001403-e1ecd05e0a438517-steps-7,7,7,7,True,False,False,False,U,U,0.8398842215538025,True,True,True
controller,validation-001403-e1ecd05e0a438517-steps-8,8,8,8,True,False,False,False,R,R,0.9151310324668884,True,True,True
controller,validation-001403-e1ecd05e0a438517-steps-9,9,8,8,False,True,False,False,R,Y,0.9958456158638,True,False,False
controller,validation-001403-e1ecd05e0a438517-steps-10,10,10,10,True,False,False,False,F,F,0.7670135498046875,True,True,True
controller,validation-001403-e1ecd05e0a438517-steps-11,11,12,12,False,False,True,False,T,M,0.9961806535720825,True,False,False
controller,validation-001403-e1ecd05e0a438517-steps-12,12,12,12,True,False,False,False,T,T,0.8434596657752991,True,True,True
controller,validation-001403-e1ecd05e0a438517-steps-13,13,13,13,True,False,False,False,E,E,0.9808505773544312,True,True,True
controller,validation-001403-e1ecd05e0a438517-steps-14,14,13,13,False,True,False,False,E,U,0.9997268319129944,True,False,False
controller,validation-001403-e1ecd05e0a438517-steps-15,15,12,12,False,True,False,False,T,R,0.9981117248535156,True,False,False
controller,validation-001403-e1ecd05e0a438517-steps-16,16,12,12,False,True,False,False,T,Y,0.9224702715873718,True,False,False
controller,validation-000875-bcc2172b2648ebb4-steps-1,1,1,1,True,False,False,False,I,I,0.9992569088935852,True,True,True
controller,validation-000875-bcc2172b2648ebb4-steps-2,2,2,2,True,False,False,False,K,K,0.9963819980621338,True,True,True
controller,validation-000875-bcc2172b2648ebb4-steps-3,3,3,3,True,False,False,False,B,B,0.9993677735328674,True,True,True
controller,validation-000875-bcc2172b2648ebb4-steps-4,4,4,4,True,False,False,False,Q,Q,0.9997815489768982,True,True,True
controller,validation-000875-bcc2172b2648ebb4-steps-5,5,5,5,True,False,False,False,A,A,0.9998866319656372,True,True,True
controller,validation-000875-bcc2172b2648ebb4-steps-6,6,6,6,True,False,False,False,W,W,0.9998981952667236,True,True,True
controller,validation-000875-bcc2172b2648ebb4-steps-7,7,7,7,True,False,False,False,O,O,0.9999397993087769,True,True,True
controller,validation-000875-bcc2172b2648ebb4-steps-8,8,8,8,True,False,False,False,N,N,0.9999357461929321,True,True,True
controller,validation-000875-bcc2172b2648ebb4-steps-9,9,7,7,False,True,False,False,O,U,0.9302995800971985,True,False,False
controller,validation-000875-bcc2172b2648ebb4-steps-10,10,10,10,True,False,False,False,E,E,0.9999064207077026,True,True,True
controller,validation-000875-bcc2172b2648ebb4-steps-11,11,11,11,True,False,False,False,S,S,0.944667398929596,True,True,True
controller,validation-000875-bcc2172b2648ebb4-steps-12,12,12,12,True,False,False,False,L,L,0.9999096393585205,True,True,True
controller,validation-000875-bcc2172b2648ebb4-steps-13,13,12,12,False,True,False,False,L,R,0.6187490224838257,True,False,False
controller,validation-000875-bcc2172b2648ebb4-steps-14,14,12,12,False,True,False,False,L,D,0.9960512518882751,True,False,False
controller,validation-000875-bcc2172b2648ebb4-steps-15,15,11,11,False,True,False,False,S,Z,0.8804125785827637,True,False,False
controller,validation-000875-bcc2172b2648ebb4-steps-16,16,12,12,False,True,False,False,L,F,0.9999110698699951,True,False,False
